Time,Driver,DriverNumber,LapTime,LapNumber,Stint,PitOutTime,PitInTime,Sector1Time,Sector2Time,Sector3Time,Sector1SessionTime,Sector2SessionTime,Sector3SessionTime,SpeedI1,SpeedI2,SpeedFL,SpeedST,IsPersonalBest,Compound,TyreLife,FreshTyre,Team,LapStartTime,LapStartDate,TrackStatus,Position,Deleted,DeletedReason,FastF1Generated,IsAccurate
8903.34,NOR,1,161.802,1.0,1.0,,,,48.64,60.652,,8862.232,8922.966,200.0,95.0,238.0,213.0,False,MEDIUM,1.0,True,McLaren,8760.7,2026-10-04 08:33:00.115,1,4.0,False,,False,False
9135.212,NOR,1,,2.0,1.0,,,38.158,52.129,,8961.166,9013.225,,207.0,97.0,60.0,233.0,False,MEDIUM,2.0,True,McLaren,8903.34,2026-10-04 08:35:22.755,12,10.0,False,,False,False
9275.261,NOR,1,140.049,3.0,1.0,,,36.515,48.885,54.649,9191.271,9240.156,9294.805,240.0,103.0,249.0,243.0,True,MEDIUM,3.0,True,McLaren,9135.212,2026-10-04 08:39:14.627,1,16.0,False,,False,True
9402.033,NOR,1,126.772,4.0,1.0,,,31.456,44.259,51.057,9326.261,9370.52,9421.577,244.0,106.0,250.0,277.0,False,MEDIUM,4.0,True,McLaren,9275.261,2026-10-04 08:41:34.676,1,15.0,True,TRACK LIMITS AT TURN 12 LAP 4 ,False,True
9524.009,NOR,1,121.976,5.0,1.0,,,30.442,42.599,48.935,9452.019,9494.618,9543.553,259.0,108.0,254.0,276.0,True,MEDIUM,5.0,True,McLaren,9402.033,2026-10-04 08:43:41.448,1,15.0,False,,False,True
9642.171,NOR,1,118.162,6.0,1.0,,,29.695,41.019,47.448,9573.248,9614.267,9661.715,267.0,118.0,256.0,273.0,True,MEDIUM,6.0,True,McLaren,9524.009,2026-10-04 08:45:43.424,12,15.0,False,,False,True
9757.426,NOR,1,115.255,7.0,1.0,,,29.497,39.644,46.114,9691.212,9730.856,9776.97,269.0,120.0,258.0,279.0,True,MEDIUM,7.0,True,McLaren,9642.171,2026-10-04 08:47:41.586,12,15.0,False,,False,True
9869.482,NOR,1,112.056,8.0,1.0,,,28.655,38.106,45.295,9805.625,9843.731,9889.026,269.0,123.0,259.0,277.0,True,MEDIUM,8.0,True,McLaren,9757.426,2026-10-04 08:49:36.841,21,15.0,False,,False,True
10011.746,NOR,1,142.264,9.0,1.0,,10024.722,28.156,48.581,65.527,9917.182,9965.763,10031.29,265.0,71.0,,255.0,False,MEDIUM,9.0,True,McLaren,9869.482,2026-10-04 08:51:28.897,124,15.0,False,,False,False
10176.008,NOR,1,,10.0,2.0,10055.669,,58.487,47.858,57.891,10089.928,10137.853,10195.718,139.0,93.0,227.0,244.0,False,HARD,1.0,True,McLaren,10011.746,2026-10-04 08:53:51.161,4,16.0,False,,False,False
10292.762,NOR,1,116.754,11.0,2.0,,,30.448,38.695,47.611,10226.0,10264.695,10312.306,243.0,125.0,232.0,247.0,False,HARD,2.0,True,McLaren,10176.008,2026-10-04 08:56:35.423,4,16.0,False,,False,False
10409.625,NOR,1,116.863,12.0,2.0,,,29.368,35.222,52.273,10341.674,10376.896,10429.169,226.0,130.0,264.0,186.0,False,HARD,3.0,True,McLaren,10292.762,2026-10-04 08:58:32.177,41,16.0,False,,False,False
10520.45,NOR,1,110.825,13.0,2.0,,,28.42,38.137,44.268,10457.589,10495.726,10539.994,265.0,130.0,269.0,292.0,True,HARD,4.0,True,McLaren,10409.625,2026-10-04 09:00:29.040,12,14.0,False,,False,True
10627.321,NOR,1,106.871,14.0,2.0,,,27.222,36.826,42.823,10567.216,10604.042,10646.865,265.0,136.0,268.0,284.0,True,HARD,5.0,True,McLaren,10520.45,2026-10-04 09:02:19.865,1,13.0,False,,False,True
10731.408,NOR,1,104.087,15.0,2.0,,,27.205,35.228,41.654,10674.07,10709.298,10750.952,278.0,134.0,284.0,300.0,True,HARD,6.0,True,McLaren,10627.321,2026-10-04 09:04:06.736,12,11.0,False,,False,True
10834.073,NOR,1,102.665,16.0,2.0,,,26.141,35.088,41.436,10777.093,10812.181,10853.617,292.0,138.0,287.0,303.0,True,HARD,7.0,True,McLaren,10731.408,2026-10-04 09:05:50.823,21,11.0,False,,False,True
10936.428,NOR,1,102.355,17.0,2.0,,,25.901,35.01,41.444,10879.518,10914.528,10955.972,288.0,135.0,288.0,309.0,True,HARD,8.0,True,McLaren,10834.073,2026-10-04 09:07:33.488,1,11.0,False,,False,True
11039.398,NOR,1,102.97,18.0,2.0,,,25.828,35.149,41.993,10981.8,11016.949,11058.942,292.0,135.0,287.0,316.0,False,HARD,9.0,True,McLaren,10936.428,2026-10-04 09:09:15.843,1,11.0,False,,False,True
11142.044,NOR,1,102.646,19.0,2.0,,,25.807,35.327,41.512,11084.749,11120.076,11161.588,302.0,134.0,288.0,315.0,False,HARD,10.0,True,McLaren,11039.398,2026-10-04 09:10:58.813,1,11.0,False,,False,True
11245.581,NOR,1,103.537,20.0,2.0,,,25.86,35.658,42.019,11187.448,11223.106,11265.125,288.0,135.0,290.0,319.0,False,HARD,11.0,True,McLaren,11142.044,2026-10-04 09:12:41.459,1,11.0,False,,False,True
11350.033,NOR,1,104.452,21.0,2.0,,,26.211,36.29,41.951,11291.336,11327.626,11369.577,290.0,134.0,289.0,318.0,False,HARD,12.0,True,McLaren,11245.581,2026-10-04 09:14:24.996,1,11.0,False,,False,True
11453.717,NOR,1,103.684,22.0,2.0,,,25.873,35.719,42.092,11395.45,11431.169,11473.261,282.0,130.0,290.0,326.0,False,HARD,13.0,True,McLaren,11350.033,2026-10-04 09:16:09.448,1,11.0,False,,False,True
11557.296,NOR,1,103.579,23.0,2.0,,,26.096,35.625,41.858,11499.357,11534.982,11576.84,295.0,132.0,288.0,312.0,False,HARD,14.0,True,McLaren,11453.717,2026-10-04 09:17:53.132,1,10.0,False,,False,True
11661.34,NOR,1,104.044,24.0,2.0,,,25.851,35.947,42.246,11602.691,11638.638,11680.884,291.0,131.0,285.0,317.0,False,HARD,15.0,True,McLaren,11557.296,2026-10-04 09:19:36.711,1,10.0,False,,False,True
11764.059,NOR,1,102.719,25.0,2.0,,,25.898,35.083,41.738,11706.782,11741.865,11783.603,284.0,131.0,286.0,309.0,False,HARD,16.0,True,McLaren,11661.34,2026-10-04 09:21:20.755,1,9.0,False,,False,True
11866.905,NOR,1,102.846,26.0,2.0,,,25.922,35.266,41.658,11809.525,11844.791,11886.449,285.0,133.0,286.0,311.0,False,HARD,17.0,True,McLaren,11764.059,2026-10-04 09:23:03.474,1,9.0,False,,False,True
11970.272,NOR,1,103.367,27.0,2.0,,,25.909,35.528,41.93,11912.358,11947.886,11989.816,288.0,132.0,288.0,318.0,False,HARD,18.0,True,McLaren,11866.905,2026-10-04 09:24:46.320,1,9.0,False,,False,True
12074.315,NOR,1,104.043,28.0,2.0,,,26.001,36.152,41.89,12015.817,12051.969,12093.859,283.0,132.0,285.0,333.0,False,HARD,19.0,True,McLaren,11970.272,2026-10-04 09:26:29.687,1,8.0,False,,False,True
12177.394,NOR,1,103.079,29.0,2.0,,,26.129,35.145,41.805,12119.988,12155.133,12196.938,281.0,132.0,285.0,308.0,False,HARD,20.0,True,McLaren,12074.315,2026-10-04 09:28:13.730,1,8.0,False,,False,True
12281.019,NOR,1,103.625,30.0,2.0,,,26.137,35.537,41.951,12223.075,12258.612,12300.563,284.0,131.0,284.0,313.0,False,HARD,21.0,True,McLaren,12177.394,2026-10-04 09:29:56.809,1,7.0,False,,False,True
12384.095,NOR,1,103.076,31.0,2.0,,,26.038,35.168,41.87,12326.601,12361.769,12403.639,286.0,131.0,285.0,306.0,False,HARD,22.0,True,McLaren,12281.019,2026-10-04 09:31:40.434,1,7.0,False,,False,True
12487.408,NOR,1,103.313,32.0,2.0,,,25.988,35.409,41.916,12429.627,12465.036,12506.952,281.0,128.0,285.0,306.0,False,HARD,23.0,True,McLaren,12384.095,2026-10-04 09:33:23.510,1,5.0,False,,False,True
12590.63,NOR,1,103.222,33.0,2.0,,,26.289,35.222,41.711,12533.241,12568.463,12610.174,278.0,131.0,283.0,305.0,False,HARD,24.0,True,McLaren,12487.408,2026-10-04 09:35:06.823,1,4.0,False,,False,True
12700.178,NOR,1,109.548,34.0,2.0,,12713.247,26.341,35.059,48.148,12636.515,12671.574,12719.722,275.0,131.0,,320.0,False,HARD,25.0,True,McLaren,12590.63,2026-10-04 09:36:50.045,1,6.0,False,,False,False
12821.969,NOR,1,121.791,35.0,3.0,12741.467,,46.217,34.659,40.915,12765.939,12800.598,12841.513,281.0,135.0,285.0,300.0,False,SOFT,4.0,False,McLaren,12700.178,2026-10-04 09:38:39.593,1,8.0,False,,False,False
12922.665,NOR,1,100.696,36.0,3.0,,,25.518,34.291,40.887,12867.031,12901.322,12942.209,279.0,137.0,286.0,303.0,True,SOFT,5.0,False,McLaren,12821.969,2026-10-04 09:40:41.384,1,8.0,False,,False,True
13023.324,NOR,1,100.659,37.0,3.0,,,25.482,34.271,40.906,12967.691,13001.962,13042.868,282.0,137.0,287.0,306.0,True,SOFT,6.0,False,McLaren,12922.665,2026-10-04 09:42:22.080,1,8.0,False,,False,True
13124.086,NOR,1,100.762,38.0,3.0,,,25.577,34.275,40.91,13068.445,13102.72,13143.63,281.0,137.0,290.0,322.0,False,SOFT,7.0,False,McLaren,13023.324,2026-10-04 09:44:02.739,1,8.0,False,,False,True
13224.827,NOR,1,100.741,39.0,3.0,,,25.55,34.15,41.041,13169.18,13203.33,13244.371,280.0,136.0,286.0,302.0,False,SOFT,8.0,False,McLaren,13124.086,2026-10-04 09:45:43.501,1,7.0,False,,False,True
13325.719,NOR,1,100.892,40.0,3.0,,,25.687,34.169,41.036,13270.058,13304.227,13345.263,278.0,135.0,286.0,303.0,False,SOFT,9.0,False,McLaren,13224.827,2026-10-04 09:47:24.242,1,7.0,False,,False,True
13426.732,NOR,1,101.013,41.0,3.0,,,25.575,34.154,41.284,13370.838,13404.992,13446.276,279.0,135.0,285.0,303.0,False,SOFT,10.0,False,McLaren,13325.719,2026-10-04 09:49:05.134,1,7.0,False,,False,True
13528.225,NOR,1,101.493,42.0,3.0,,,25.799,34.506,41.188,13472.075,13506.581,13547.769,278.0,134.0,287.0,303.0,False,SOFT,11.0,False,McLaren,13426.732,2026-10-04 09:50:46.147,1,7.0,False,,False,True
13657.887,NOR,1,129.662,43.0,3.0,,,30.231,44.271,55.16,13578.0,13622.271,13677.431,253.0,79.0,232.0,259.0,False,SOFT,12.0,False,McLaren,13528.225,2026-10-04 09:52:27.640,126,7.0,False,,False,False
13793.07,NOR,1,135.183,44.0,3.0,,,35.732,42.75,56.701,13713.163,13755.913,13812.614,250.0,79.0,189.0,255.0,False,SOFT,13.0,False,McLaren,13657.887,2026-10-04 09:54:37.302,6,7.0,False,,False,False
13931.2,NOR,1,138.13,45.0,3.0,,13944.31,36.378,41.283,60.469,13848.992,13890.275,13950.744,236.0,84.0,,254.0,False,SOFT,14.0,False,McLaren,13793.07,2026-10-04 09:56:52.485,64,7.0,False,,False,False
14081.435,NOR,1,,46.0,4.0,13972.106,,53.579,43.634,52.976,14004.528,14048.053,14101.151,213.0,88.0,245.0,246.0,False,SOFT,4.0,False,McLaren,13931.2,2026-10-04 09:59:10.615,4,7.0,False,,False,False
14193.212,NOR,1,111.777,47.0,4.0,,,28.628,37.796,45.353,14129.607,14167.403,14212.756,257.0,128.0,242.0,257.0,False,SOFT,5.0,False,McLaren,14081.435,2026-10-04 10:01:40.850,4,7.0,False,,False,False
14337.801,NOR,1,144.589,48.0,4.0,,,32.156,49.186,63.247,14244.912,14294.098,14357.345,166.0,110.0,160.0,206.0,False,SOFT,6.0,False,McLaren,14193.212,2026-10-04 10:03:32.627,4,7.0,False,,False,False
14486.457,NOR,1,148.656,49.0,4.0,,,39.92,49.085,59.651,14397.265,14446.35,14506.001,202.0,97.0,205.0,247.0,False,SOFT,7.0,False,McLaren,14337.801,2026-10-04 10:05:57.216,4,7.0,False,,False,False
14635.311,NOR,1,148.854,50.0,4.0,,,39.125,50.323,59.406,14545.126,14595.449,14654.855,260.0,130.0,155.0,223.0,False,SOFT,8.0,False,McLaren,14486.457,2026-10-04 10:08:25.872,4,10.0,True,TRACK LIMITS AT TURN 1 LAP 50 ,False,False
14787.509,NOR,1,,51.0,4.0,,,38.743,52.893,60.546,14693.692,14746.512,14807.152,156.0,124.0,297.0,289.0,False,SOFT,9.0,False,McLaren,14635.311,2026-10-04 10:10:54.726,41,10.0,False,,False,False
14888.946,NOR,1,101.437,52.0,4.0,,,25.39,35.302,40.745,14832.443,14867.745,14908.49,306.0,140.0,295.0,326.0,False,SOFT,10.0,False,McLaren,14787.509,2026-10-04 10:13:26.924,1,9.0,False,,False,True
14989.63,NOR,1,100.684,53.0,4.0,,,25.216,34.822,40.646,14933.706,14968.528,15009.174,299.0,139.0,292.0,313.0,False,SOFT,11.0,False,McLaren,14888.946,2026-10-04 10:15:08.361,1,8.0,False,,False,True
15089.6,NOR,1,99.97,54.0,4.0,,,25.296,34.29,40.384,15034.47,15068.76,15109.144,291.0,138.0,294.0,336.0,True,SOFT,12.0,False,McLaren,14989.63,2026-10-04 10:16:49.045,1,8.0,False,,False,True
15190.318,NOR,1,100.718,55.0,4.0,,,25.691,34.327,40.7,15134.835,15169.162,15209.862,286.0,137.0,288.0,345.0,False,SOFT,13.0,False,McLaren,15089.6,2026-10-04 10:18:29.015,1,8.0,False,,False,True
8932.998,GAS,10,191.486,1.0,1.0,,,,67.527,58.713,,8893.872,8952.644,186.0,86.0,234.0,256.0,False,SOFT,1.0,True,Alpine,8760.7,2026-10-04 08:33:00.115,1,13.0,False,,False,False
9136.828,GAS,10,,2.0,1.0,,,34.306,49.658,,8986.851,9036.601,,187.0,91.0,99.0,255.0,False,SOFT,2.0,True,Alpine,8932.998,2026-10-04 08:35:52.413,12,15.0,False,,False,False
9278.661,GAS,10,141.833,3.0,1.0,,,36.089,49.574,56.17,9192.504,9242.078,9298.248,220.0,95.0,223.0,280.0,False,SOFT,3.0,True,Alpine,9136.828,2026-10-04 08:39:16.243,1,18.0,True,TRACK LIMITS AT TURN 12 LAP 3 ,False,True
9411.117,GAS,10,132.456,4.0,1.0,,,32.437,47.752,52.267,9330.685,9378.437,9430.704,213.0,103.0,251.0,279.0,True,SOFT,4.0,True,Alpine,9278.661,2026-10-04 08:41:38.076,1,18.0,False,,False,True
9536.929,GAS,10,125.812,5.0,1.0,,,30.648,45.163,50.001,9461.352,9506.515,9556.516,225.0,110.0,255.0,278.0,True,SOFT,5.0,True,Alpine,9411.117,2026-10-04 08:43:50.532,1,18.0,False,,False,True
9660.781,GAS,10,123.852,6.0,1.0,,,30.082,44.515,49.255,9586.598,9631.113,9680.368,240.0,109.0,255.0,273.0,True,SOFT,6.0,True,Alpine,9536.929,2026-10-04 08:45:56.344,12,18.0,False,,False,True
9778.961,GAS,10,118.18,7.0,1.0,,,29.328,41.572,47.28,9709.696,9751.268,9798.548,251.0,117.0,260.0,273.0,True,SOFT,7.0,True,Alpine,9660.781,2026-10-04 08:48:00.196,12,18.0,False,,False,True
9893.587,GAS,10,114.626,8.0,1.0,,,28.801,39.931,45.894,9827.349,9867.28,9913.174,262.0,122.0,262.0,274.0,True,SOFT,8.0,True,Alpine,9778.961,2026-10-04 08:49:58.376,1,19.0,False,,False,True
10042.221,GAS,10,148.634,9.0,1.0,,10055.478,36.794,48.489,63.351,9949.968,9998.457,10061.808,224.0,49.0,,169.0,False,SOFT,9.0,True,Alpine,9893.587,2026-10-04 08:51:53.002,124,20.0,False,,False,False
10202.524,GAS,10,,10.0,2.0,10083.45,,55.019,48.65,56.644,10116.893,10165.509,10222.285,234.0,64.0,258.0,247.0,False,MEDIUM,1.0,True,Alpine,10042.221,2026-10-04 08:54:21.636,4,20.0,False,,False,False
10319.807,GAS,10,117.283,11.0,2.0,,,29.568,40.967,46.748,10251.679,10292.646,10339.394,241.0,123.0,259.0,279.0,False,MEDIUM,2.0,True,Alpine,10202.524,2026-10-04 08:57:01.939,4,19.0,False,,False,False
10429.031,GAS,10,109.224,12.0,2.0,,,28.206,37.542,43.476,10367.6,10405.142,10448.618,275.0,129.0,267.0,291.0,True,MEDIUM,3.0,True,Alpine,10319.807,2026-10-04 08:58:59.222,41,18.0,False,,False,False
10535.642,GAS,10,106.611,13.0,2.0,,,27.237,36.479,42.895,10475.855,10512.334,10555.229,275.0,127.0,267.0,279.0,True,MEDIUM,4.0,True,Alpine,10429.031,2026-10-04 09:00:48.446,12,18.0,False,,False,True
10641.199,GAS,10,105.557,14.0,2.0,,,27.066,35.811,42.68,10582.295,10618.106,10660.786,269.0,129.0,267.0,281.0,True,MEDIUM,5.0,True,Alpine,10535.642,2026-10-04 09:02:35.057,1,18.0,False,,False,True
10745.596,GAS,10,104.397,15.0,2.0,,,26.586,35.776,42.035,10687.372,10723.148,10765.183,282.0,133.0,281.0,296.0,True,MEDIUM,6.0,True,Alpine,10641.199,2026-10-04 09:04:20.614,12,18.0,False,,False,True
10848.898,GAS,10,103.302,16.0,2.0,,,26.146,35.304,41.852,10791.329,10826.633,10868.485,287.0,133.0,287.0,299.0,True,MEDIUM,7.0,True,Alpine,10745.596,2026-10-04 09:06:05.011,21,17.0,False,,False,True
10951.878,GAS,10,102.98,17.0,2.0,,,25.971,35.38,41.629,10894.456,10929.836,10971.465,288.0,133.0,286.0,299.0,True,MEDIUM,8.0,True,Alpine,10848.898,2026-10-04 09:07:48.313,1,16.0,False,,False,True
11055.516,GAS,10,103.638,18.0,2.0,,,25.986,35.634,42.018,10997.451,11033.085,11075.103,290.0,131.0,286.0,305.0,False,MEDIUM,9.0,True,Alpine,10951.878,2026-10-04 09:09:31.293,1,15.0,False,,False,True
11158.498,GAS,10,102.982,19.0,2.0,,,25.921,35.2,41.861,11101.024,11136.224,11178.085,287.0,135.0,287.0,304.0,False,MEDIUM,10.0,True,Alpine,11055.516,2026-10-04 09:11:14.931,1,15.0,False,,False,True
11261.401,GAS,10,102.903,20.0,2.0,,,25.823,35.429,41.651,11203.908,11239.337,11280.988,286.0,133.0,286.0,305.0,True,MEDIUM,11.0,True,Alpine,11158.498,2026-10-04 09:12:57.913,1,15.0,False,,False,True
11364.699,GAS,10,103.298,21.0,2.0,,,25.856,35.36,42.082,11306.844,11342.204,11384.286,287.0,132.0,285.0,304.0,False,MEDIUM,12.0,True,Alpine,11261.401,2026-10-04 09:14:40.816,1,15.0,False,,False,True
11468.502,GAS,10,103.803,22.0,2.0,,,26.072,35.611,42.12,11410.358,11445.969,11488.089,292.0,129.0,285.0,304.0,False,MEDIUM,13.0,True,Alpine,11364.699,2026-10-04 09:16:24.114,1,15.0,False,,False,True
11572.355,GAS,10,103.853,23.0,2.0,,,26.006,35.794,42.053,11514.095,11549.889,11591.942,286.0,130.0,284.0,304.0,False,MEDIUM,14.0,True,Alpine,11468.502,2026-10-04 09:18:07.917,1,15.0,False,,False,True
11676.392,GAS,10,104.037,24.0,2.0,,,26.163,35.736,42.138,11618.105,11653.841,11695.979,288.0,132.0,285.0,305.0,False,MEDIUM,15.0,True,Alpine,11572.355,2026-10-04 09:19:51.770,1,15.0,False,,False,True
11787.104,GAS,10,110.712,25.0,2.0,,11800.207,26.306,35.748,48.658,11722.285,11758.033,11806.691,287.0,133.0,,326.0,False,MEDIUM,16.0,True,Alpine,11676.392,2026-10-04 09:21:35.807,1,17.0,False,,False,False
11909.213,GAS,10,122.109,26.0,3.0,11828.056,,45.713,35.553,40.843,11852.404,11887.957,11928.8,272.0,137.0,291.0,308.0,False,HARD,1.0,True,Alpine,11787.104,2026-10-04 09:23:26.519,1,20.0,False,,False,False
12011.94,GAS,10,102.727,27.0,3.0,,,26.292,35.135,41.3,11955.092,11990.227,12031.527,278.0,138.0,286.0,309.0,False,HARD,2.0,True,Alpine,11909.213,2026-10-04 09:25:28.628,1,19.0,True,TRACK LIMITS AT TURN 1 LAP 27 ,False,True
12113.775,GAS,10,101.835,28.0,3.0,,,25.534,34.99,41.311,12057.061,12092.051,12133.362,293.0,134.0,293.0,315.0,True,HARD,3.0,True,Alpine,12011.94,2026-10-04 09:27:11.355,1,19.0,False,,False,True
12218.466,GAS,10,104.691,29.0,3.0,,,26.299,35.959,42.433,12159.661,12195.62,12238.053,292.0,131.0,286.0,321.0,False,HARD,4.0,True,Alpine,12113.775,2026-10-04 09:28:53.190,1,16.0,False,,False,True
12320.902,GAS,10,102.436,30.0,3.0,,,25.898,35.111,41.427,12263.951,12299.062,12340.489,292.0,132.0,289.0,309.0,False,HARD,5.0,True,Alpine,12218.466,2026-10-04 09:30:37.881,1,16.0,False,,False,True
12423.576,GAS,10,102.674,31.0,3.0,,,25.703,35.205,41.766,12366.192,12401.397,12443.163,287.0,133.0,289.0,307.0,False,HARD,6.0,True,Alpine,12320.902,2026-10-04 09:32:20.317,1,17.0,False,,False,True
12526.814,GAS,10,103.238,32.0,3.0,,,25.831,35.486,41.921,12468.994,12504.48,12546.401,291.0,133.0,289.0,310.0,False,HARD,7.0,True,Alpine,12423.576,2026-10-04 09:34:02.991,1,16.0,False,,False,True
12630.012,GAS,10,103.198,33.0,3.0,,,25.763,35.523,41.912,12572.164,12607.687,12649.599,290.0,131.0,289.0,309.0,False,HARD,8.0,True,Alpine,12526.814,2026-10-04 09:35:46.229,1,16.0,False,,False,True
12733.317,GAS,10,103.305,34.0,3.0,,,25.929,35.35,42.026,12675.528,12710.878,12752.904,284.0,129.0,286.0,310.0,False,HARD,9.0,True,Alpine,12630.012,2026-10-04 09:37:29.427,1,16.0,False,,False,True
12836.623,GAS,10,103.306,35.0,3.0,,,26.003,35.329,41.974,12778.907,12814.236,12856.21,285.0,132.0,289.0,304.0,False,HARD,10.0,True,Alpine,12733.317,2026-10-04 09:39:12.732,1,16.0,False,,False,True
12940.061,GAS,10,103.438,36.0,3.0,,,25.994,35.39,42.054,12882.204,12917.594,12959.648,290.0,130.0,288.0,306.0,False,HARD,11.0,True,Alpine,12836.623,2026-10-04 09:40:56.038,1,16.0,False,,False,True
13049.566,GAS,10,109.505,37.0,3.0,,13062.787,25.893,35.377,48.235,12985.541,13020.918,13069.153,290.0,129.0,,327.0,False,HARD,12.0,True,Alpine,12940.061,2026-10-04 09:42:39.476,1,18.0,False,,False,False
13173.818,GAS,10,124.252,38.0,4.0,13090.503,,45.941,35.418,42.893,13115.094,13150.512,13193.405,281.0,132.0,283.0,296.0,False,SOFT,7.0,False,Alpine,13049.566,2026-10-04 09:44:28.981,1,18.0,False,,False,False
13275.609,GAS,10,101.791,39.0,4.0,,,25.725,34.892,41.174,13219.13,13254.022,13295.196,284.0,131.0,291.0,310.0,True,SOFT,8.0,False,Alpine,13173.818,2026-10-04 09:46:33.233,1,18.0,False,,False,True
13377.123,GAS,10,101.514,40.0,4.0,,,25.539,34.599,41.376,13320.735,13355.334,13396.71,289.0,133.0,286.0,307.0,True,SOFT,9.0,False,Alpine,13275.609,2026-10-04 09:48:15.024,1,18.0,False,,False,True
13478.831,GAS,10,101.708,41.0,4.0,,,25.827,34.474,41.407,13422.537,13457.011,13498.418,291.0,135.0,288.0,304.0,False,SOFT,10.0,False,Alpine,13377.123,2026-10-04 09:49:56.538,1,18.0,False,,False,True
13593.746,GAS,10,114.915,42.0,4.0,,,25.701,34.913,54.301,13524.119,13559.032,13613.333,294.0,135.0,217.0,191.0,False,SOFT,11.0,False,Alpine,13478.831,2026-10-04 09:51:38.246,126,18.0,False,,False,False
13728.125,GAS,10,134.379,43.0,4.0,,,36.461,41.996,55.922,13649.794,13691.79,13747.712,222.0,92.0,178.0,220.0,False,SOFT,12.0,False,Alpine,13593.746,2026-10-04 09:53:33.161,6,17.0,False,,False,False
13861.844,GAS,10,133.719,44.0,4.0,,,35.929,42.425,55.365,13783.641,13826.066,13881.431,216.0,79.0,226.0,205.0,False,SOFT,13.0,False,Alpine,13728.125,2026-10-04 09:55:47.540,6,17.0,False,,False,False
13998.827,GAS,10,136.983,45.0,4.0,,14011.881,34.201,44.474,58.308,13915.632,13960.106,14018.414,255.0,72.0,,200.0,False,SOFT,14.0,False,Alpine,13861.844,2026-10-04 09:58:01.259,64,17.0,False,,False,False
14148.962,GAS,10,,46.0,5.0,14040.303,,53.114,44.182,52.807,14071.757,14115.807,14168.621,245.0,79.0,276.0,201.0,False,SOFT,7.0,False,Alpine,13998.827,2026-10-04 10:00:18.242,4,17.0,False,,False,False
14250.655,GAS,10,101.693,47.0,5.0,,,26.017,34.668,41.008,14194.566,14229.234,14270.242,289.0,132.0,287.0,303.0,False,SOFT,8.0,False,Alpine,14148.962,2026-10-04 10:02:48.377,4,17.0,False,,False,False
14355.285,GAS,10,104.63,48.0,5.0,,,25.595,35.047,43.988,14295.837,14330.884,14374.872,286.0,128.0,232.0,282.0,False,SOFT,9.0,False,Alpine,14250.655,2026-10-04 10:04:30.070,4,17.0,False,,False,False
14497.36,GAS,10,142.075,49.0,5.0,,,33.415,48.754,59.906,14408.287,14457.041,14516.947,174.0,92.0,209.0,215.0,False,SOFT,10.0,False,Alpine,14355.285,2026-10-04 10:06:14.700,4,16.0,False,,False,False
14640.886,GAS,10,143.526,50.0,5.0,,,34.199,52.23,57.097,14551.146,14603.376,14660.473,237.0,107.0,138.0,227.0,False,SOFT,11.0,False,Alpine,14497.36,2026-10-04 10:08:36.775,4,15.0,False,,False,False
14789.411,GAS,10,148.525,51.0,5.0,,,39.304,51.388,57.833,14699.777,14751.165,14808.998,231.0,124.0,297.0,281.0,False,SOFT,12.0,False,Alpine,14640.886,2026-10-04 10:11:00.301,41,15.0,False,,False,False
14892.644,GAS,10,103.233,52.0,5.0,,,25.887,36.1,41.246,14834.885,14870.985,14912.231,322.0,134.0,295.0,319.0,False,SOFT,13.0,False,Alpine,14789.411,2026-10-04 10:13:28.826,1,15.0,False,,False,True
14994.718,GAS,10,102.074,53.0,5.0,,,25.539,35.458,41.077,14937.77,14973.228,15014.305,282.0,134.0,294.0,323.0,False,SOFT,14.0,False,Alpine,14892.644,2026-10-04 10:15:12.059,1,15.0,False,,False,True
15097.204,GAS,10,102.486,54.0,5.0,,,25.422,35.486,41.578,15039.727,15075.213,15116.791,314.0,133.0,295.0,319.0,False,SOFT,15.0,False,Alpine,14994.718,2026-10-04 10:16:54.133,1,15.0,False,,False,True
15199.574,GAS,10,102.37,55.0,5.0,,,25.763,35.03,41.577,15142.554,15177.584,15219.161,286.0,132.0,288.0,346.0,False,SOFT,16.0,False,Alpine,15097.204,2026-10-04 10:18:36.619,1,15.0,False,,False,True
8959.337,PER,11,217.87,1.0,1.0,,8972.403,,51.1,66.985,,8911.982,8979.012,178.0,91.0,,193.0,False,SOFT,1.0,True,Cadillac,8760.7,2026-10-04 08:33:00.115,1,22.0,False,,False,False
9115.056,PER,11,,2.0,2.0,9010.589,9128.2,60.908,40.96,53.843,9039.883,9080.879,9134.716,230.0,123.0,,251.0,False,INTERMEDIATE,1.0,True,Cadillac,8959.337,2026-10-04 08:36:18.752,12,5.0,False,,False,False
9267.226,PER,11,,3.0,3.0,9169.855,,62.304,42.794,47.118,9196.947,9239.76,9286.919,222.0,128.0,262.0,282.0,False,INTERMEDIATE,1.0,True,Cadillac,9115.056,2026-10-04 08:38:54.471,1,14.0,False,,False,False
9380.843,PER,11,113.617,4.0,3.0,,,28.163,39.497,45.957,9315.019,9354.516,9400.473,257.0,122.0,261.0,286.0,True,INTERMEDIATE,2.0,True,Cadillac,9267.226,2026-10-04 08:41:26.641,1,14.0,False,,False,True
9494.315,PER,11,113.472,5.0,3.0,,,28.241,39.499,45.732,9428.714,9468.213,9513.945,256.0,121.0,261.0,284.0,True,INTERMEDIATE,3.0,True,Cadillac,9380.843,2026-10-04 08:43:20.258,1,14.0,False,,False,True
9608.107,PER,11,113.792,6.0,3.0,,,28.399,39.365,46.028,9542.344,9581.709,9627.737,252.0,121.0,258.0,276.0,False,INTERMEDIATE,4.0,True,Cadillac,9494.315,2026-10-04 08:45:13.730,12,14.0,False,,False,True
9722.292,PER,11,114.185,7.0,3.0,,,28.442,39.52,46.223,9656.179,9695.699,9741.922,249.0,119.0,258.0,274.0,False,INTERMEDIATE,5.0,True,Cadillac,9608.107,2026-10-04 08:47:07.522,1,14.0,False,,False,True
9837.487,PER,11,115.195,8.0,3.0,,,28.783,39.843,46.569,9770.705,9810.548,9857.117,252.0,118.0,258.0,282.0,False,INTERMEDIATE,6.0,True,Cadillac,9722.292,2026-10-04 08:49:01.707,12,14.0,False,,False,True
9972.328,PER,11,134.841,9.0,3.0,,9985.55,28.829,40.819,65.193,9885.946,9926.765,9991.958,260.0,78.0,,243.0,False,INTERMEDIATE,7.0,True,Cadillac,9837.487,2026-10-04 08:50:56.902,124,13.0,False,,False,False
10132.242,PER,11,,10.0,4.0,10015.285,,55.065,48.595,56.226,10047.051,10095.686,10151.9,214.0,64.0,254.0,241.0,False,MEDIUM,1.0,True,Cadillac,9972.328,2026-10-04 08:53:11.743,4,14.0,False,,False,False
10257.722,PER,11,125.48,11.0,4.0,,,29.144,39.232,57.104,10181.016,10220.248,10277.352,251.0,115.0,251.0,229.0,False,MEDIUM,2.0,True,Cadillac,10132.242,2026-10-04 08:55:51.657,4,14.0,False,,False,False
10408.644,PER,11,,12.0,4.0,,,33.454,51.013,66.511,10310.827,10361.893,10428.47,140.0,125.0,258.0,178.0,False,MEDIUM,3.0,True,Cadillac,10257.722,2026-10-04 08:57:57.137,41,14.0,False,,False,False
10521.778,PER,11,113.134,13.0,4.0,,,29.268,38.71,45.156,10457.542,10496.252,10541.408,245.0,128.0,263.0,290.0,True,MEDIUM,4.0,True,Cadillac,10408.644,2026-10-04 09:00:28.059,12,15.0,False,,False,True
10630.418,PER,11,108.64,14.0,4.0,,,28.066,36.846,43.728,10569.474,10606.32,10650.048,248.0,128.0,265.0,282.0,True,MEDIUM,5.0,True,Cadillac,10521.778,2026-10-04 09:02:21.193,1,16.0,False,,False,True
10737.67,PER,11,107.252,15.0,4.0,,,27.458,36.994,42.8,10677.506,10714.5,10757.3,264.0,130.0,284.0,314.0,True,MEDIUM,6.0,True,Cadillac,10630.418,2026-10-04 09:04:09.833,12,16.0,False,,False,True
10842.896,PER,11,105.226,16.0,4.0,,,26.699,36.174,42.353,10783.999,10820.173,10862.526,276.0,129.0,282.0,314.0,True,MEDIUM,7.0,True,Cadillac,10737.67,2026-10-04 09:05:57.085,21,14.0,False,,False,True
10947.933,PER,11,105.037,17.0,4.0,,,26.717,35.993,42.327,10889.243,10925.236,10967.563,269.0,127.0,281.0,308.0,True,MEDIUM,8.0,True,Cadillac,10842.896,2026-10-04 09:07:42.311,1,14.0,False,,False,True
11061.375,PER,11,113.442,18.0,4.0,,11074.61,26.828,37.259,49.355,10994.391,11031.65,11081.005,243.0,124.0,,303.0,False,MEDIUM,9.0,True,Cadillac,10947.933,2026-10-04 09:09:27.348,1,18.0,False,,False,False
11186.25,PER,11,124.875,19.0,5.0,11103.344,,47.559,35.717,41.599,11128.564,11164.281,11205.88,271.0,127.0,281.0,313.0,False,HARD,1.0,True,Cadillac,11061.375,2026-10-04 09:11:20.790,1,21.0,False,,False,False
11288.938,PER,11,102.688,20.0,5.0,,,26.033,35.14,41.515,11231.913,11267.053,11308.568,270.0,131.0,283.0,305.0,True,HARD,2.0,True,Cadillac,11186.25,2026-10-04 09:13:25.665,1,21.0,False,,False,True
11399.998,PER,11,111.06,21.0,5.0,,11413.148,26.136,35.212,49.712,11334.704,11369.916,11419.628,270.0,130.0,,307.0,False,HARD,3.0,True,Cadillac,11288.938,2026-10-04 09:15:08.353,1,21.0,False,,False,False
11525.522,PER,11,125.524,22.0,6.0,11442.508,,48.447,35.577,41.5,11468.075,11503.652,11545.152,279.0,130.0,283.0,314.0,False,HARD,1.0,True,Cadillac,11399.998,2026-10-04 09:16:59.413,1,21.0,False,,False,False
11628.248,PER,11,102.726,23.0,6.0,,,25.953,35.067,41.706,11571.105,11606.172,11647.878,272.0,130.0,282.0,308.0,False,HARD,2.0,True,Cadillac,11525.522,2026-10-04 09:19:04.937,1,21.0,False,,False,True
11731.294,PER,11,103.046,24.0,6.0,,,26.224,35.202,41.62,11674.102,11709.304,11750.924,271.0,130.0,282.0,309.0,False,HARD,3.0,True,Cadillac,11628.248,2026-10-04 09:20:47.663,1,21.0,False,,False,True
11838.89,PER,11,107.596,25.0,6.0,,,26.383,36.35,44.863,11777.307,11813.657,11858.52,269.0,86.0,285.0,317.0,False,HARD,4.0,True,Cadillac,11731.294,2026-10-04 09:22:30.709,1,21.0,False,,False,True
11943.032,PER,11,104.142,26.0,6.0,,,26.226,35.757,42.159,11884.746,11920.503,11962.662,278.0,129.0,282.0,320.0,False,HARD,5.0,True,Cadillac,11838.89,2026-10-04 09:24:18.305,1,21.0,False,,False,True
12047.372,PER,11,104.34,27.0,6.0,,,26.394,35.787,42.159,11989.056,12024.843,12067.002,273.0,129.0,282.0,310.0,False,HARD,6.0,True,Cadillac,11943.032,2026-10-04 09:26:02.447,1,21.0,False,,False,True
12151.892,PER,11,104.52,28.0,6.0,,,26.443,35.725,42.352,12093.445,12129.17,12171.522,271.0,132.0,281.0,311.0,False,HARD,7.0,True,Cadillac,12047.372,2026-10-04 09:27:46.787,1,21.0,False,,False,True
12256.699,PER,11,104.807,29.0,6.0,,,26.572,35.701,42.534,12198.094,12233.795,12276.329,271.0,131.0,280.0,310.0,False,HARD,8.0,True,Cadillac,12151.892,2026-10-04 09:29:31.307,1,21.0,False,,False,True
12361.51,PER,11,104.811,30.0,6.0,,,26.575,35.752,42.484,12302.904,12338.656,12381.14,271.0,130.0,280.0,308.0,False,HARD,9.0,True,Cadillac,12256.699,2026-10-04 09:31:16.114,1,21.0,False,,False,True
12466.302,PER,11,104.792,31.0,6.0,,,26.6,35.69,42.502,12407.74,12443.43,12485.932,270.0,128.0,280.0,307.0,False,HARD,10.0,True,Cadillac,12361.51,2026-10-04 09:33:00.925,1,21.0,False,,False,True
12571.529,PER,11,105.227,32.0,6.0,,,26.672,35.793,42.762,12512.604,12548.397,12591.159,268.0,131.0,281.0,310.0,False,HARD,11.0,True,Cadillac,12466.302,2026-10-04 09:34:45.717,1,21.0,False,,False,True
12676.649,PER,11,105.12,33.0,6.0,,,26.775,35.765,42.58,12617.934,12653.699,12696.279,268.0,130.0,282.0,307.0,False,HARD,12.0,True,Cadillac,12571.529,2026-10-04 09:36:30.944,1,21.0,False,,False,True
12783.776,PER,11,107.127,34.0,6.0,,,26.771,37.102,43.254,12723.05,12760.152,12803.406,268.0,127.0,279.0,313.0,False,HARD,13.0,True,Cadillac,12676.649,2026-10-04 09:38:16.064,1,21.0,False,,False,True
12890.275,PER,11,106.499,35.0,6.0,,,27.519,36.156,42.824,12830.925,12867.081,12909.905,275.0,130.0,281.0,308.0,False,HARD,14.0,True,Cadillac,12783.776,2026-10-04 09:40:03.191,1,20.0,False,,False,True
12995.868,PER,11,105.593,36.0,6.0,,,27.031,35.969,42.593,12936.936,12972.905,13015.498,269.0,130.0,281.0,308.0,False,HARD,15.0,True,Cadillac,12890.275,2026-10-04 09:41:49.690,1,20.0,False,,False,True
13105.581,PER,11,109.713,37.0,6.0,,,28.764,36.988,43.961,13044.262,13081.25,13125.211,271.0,106.0,283.0,320.0,False,HARD,16.0,True,Cadillac,12995.868,2026-10-04 09:43:35.283,1,21.0,False,,False,True
13211.579,PER,11,105.998,38.0,6.0,,,26.769,36.398,42.831,13151.98,13188.378,13231.209,272.0,129.0,281.0,316.0,False,HARD,17.0,True,Cadillac,13105.581,2026-10-04 09:45:24.996,1,21.0,False,,False,True
13326.553,PER,11,114.974,39.0,6.0,,13339.632,26.768,36.43,51.776,13257.977,13294.407,13346.183,272.0,106.0,,226.0,False,HARD,18.0,True,Cadillac,13211.579,2026-10-04 09:47:10.994,1,21.0,False,,False,False
13452.056,PER,11,125.503,40.0,7.0,13371.007,,49.638,34.812,41.053,13395.821,13430.633,13471.686,294.0,136.0,286.0,318.0,False,MEDIUM,1.0,True,Cadillac,13326.553,2026-10-04 09:49:05.968,1,21.0,False,,False,False
13559.563,PER,11,107.507,41.0,7.0,,,25.721,34.465,47.321,13497.407,13531.872,13579.193,278.0,134.0,157.0,318.0,False,MEDIUM,2.0,True,Cadillac,13452.056,2026-10-04 09:51:11.471,12,21.0,False,,False,True
13693.156,PER,11,133.593,42.0,7.0,,,36.789,40.92,55.884,13615.982,13656.902,13712.786,241.0,84.0,182.0,258.0,False,MEDIUM,3.0,True,Cadillac,13559.563,2026-10-04 09:52:58.978,26,20.0,False,,False,False
13826.274,PER,11,133.118,43.0,7.0,,,37.705,39.739,55.674,13750.491,13790.23,13845.904,213.0,115.0,191.0,222.0,False,MEDIUM,4.0,True,Cadillac,13693.156,2026-10-04 09:55:12.571,6,20.0,False,,False,False
13965.33,PER,11,139.056,44.0,7.0,,13978.513,36.218,42.689,60.149,13882.122,13924.811,13984.96,239.0,105.0,,198.0,False,MEDIUM,5.0,True,Cadillac,13826.274,2026-10-04 09:57:25.689,64,20.0,False,,False,False
14118.433,PER,11,,45.0,8.0,14007.357,,56.245,42.661,54.227,14041.256,14083.87,14138.174,247.0,124.0,269.0,180.0,False,SOFT,2.0,False,Cadillac,13965.33,2026-10-04 09:59:44.745,4,20.0,False,,False,False
14224.927,PER,11,106.494,46.0,8.0,,,26.626,36.161,43.707,14164.689,14200.85,14244.557,275.0,126.0,284.0,310.0,False,SOFT,3.0,False,Cadillac,14118.433,2026-10-04 10:02:17.848,4,20.0,False,,False,False
14333.031,PER,11,108.104,47.0,8.0,,,26.267,37.314,44.523,14270.824,14308.138,14352.661,268.0,132.0,250.0,255.0,False,SOFT,4.0,False,Cadillac,14224.927,2026-10-04 10:04:04.342,4,20.0,False,,False,False
14437.114,PER,11,104.083,48.0,8.0,,,27.206,35.102,41.775,14379.867,14414.969,14456.744,271.0,134.0,283.0,309.0,False,SOFT,5.0,False,Cadillac,14333.031,2026-10-04 10:05:52.446,4,20.0,False,,False,False
14540.602,PER,11,103.488,49.0,8.0,,,26.187,34.915,42.386,14482.931,14517.846,14560.232,270.0,132.0,284.0,306.0,False,SOFT,6.0,False,Cadillac,14437.114,2026-10-04 10:07:36.529,4,20.0,False,,False,False
14650.047,PER,11,109.445,50.0,8.0,,,28.021,37.675,43.749,14588.253,14625.928,14669.677,249.0,134.0,197.0,283.0,False,SOFT,7.0,False,Cadillac,14540.602,2026-10-04 10:09:20.017,4,19.0,False,,False,False
14790.656,PER,11,140.609,51.0,8.0,,,32.905,51.397,56.307,14702.582,14753.979,14810.286,169.0,128.0,290.0,284.0,False,SOFT,8.0,False,Cadillac,14650.047,2026-10-04 10:11:09.462,41,18.0,False,,False,False
14895.187,PER,11,104.531,52.0,8.0,,,26.25,36.132,42.149,14836.536,14872.668,14914.817,288.0,133.0,288.0,328.0,False,SOFT,9.0,False,Cadillac,14790.656,2026-10-04 10:13:30.071,1,18.0,False,,False,True
14998.459,PER,11,103.272,53.0,8.0,,,26.16,35.346,41.766,14940.977,14976.323,15018.089,279.0,134.0,287.0,325.0,False,SOFT,10.0,False,Cadillac,14895.187,2026-10-04 10:15:14.602,1,18.0,False,,False,True
15102.072,PER,11,103.613,54.0,8.0,,,26.258,35.347,42.008,15044.347,15079.694,15121.702,278.0,131.0,288.0,314.0,False,SOFT,11.0,False,Cadillac,14998.459,2026-10-04 10:16:57.874,1,18.0,False,,False,True
15205.489,PER,11,103.417,55.0,8.0,,,26.165,35.371,41.881,15147.867,15183.238,15225.119,287.0,130.0,285.0,318.0,False,SOFT,12.0,False,Cadillac,15102.072,2026-10-04 10:18:41.487,1,19.0,False,,False,True
8899.312,ANT,12,157.876,1.0,1.0,,,,52.046,62.752,,8856.212,8919.059,216.0,100.0,220.0,251.0,False,INTERMEDIATE,1.0,True,Mercedes,8760.7,2026-10-04 08:33:00.115,1,3.0,False,,False,False
9133.936,ANT,12,,2.0,1.0,,,37.901,52.462,,8956.935,9009.448,,224.0,119.0,1.0,227.0,False,INTERMEDIATE,2.0,True,Mercedes,8899.312,2026-10-04 08:35:18.727,12,8.0,False,,False,False
9245.394,ANT,12,111.458,3.0,1.0,,,30.422,36.887,44.149,9184.01,9220.897,9265.046,272.0,126.0,264.0,285.0,True,INTERMEDIATE,3.0,True,Mercedes,9133.936,2026-10-04 08:39:13.351,1,1.0,False,,False,True
9354.096,ANT,12,108.702,4.0,1.0,,,28.113,36.845,43.744,9293.159,9330.004,9373.748,247.0,131.0,263.0,279.0,True,INTERMEDIATE,4.0,True,Mercedes,9245.394,2026-10-04 08:41:04.809,1,1.0,False,,False,True
9463.852,ANT,12,109.756,5.0,1.0,,,28.355,37.251,44.15,9402.103,9439.354,9483.504,237.0,126.0,262.0,278.0,False,INTERMEDIATE,5.0,True,Mercedes,9354.096,2026-10-04 08:42:53.511,1,1.0,False,,False,True
9574.593,ANT,12,110.741,6.0,1.0,,,28.239,37.74,44.762,9511.743,9549.483,9594.245,249.0,122.0,262.0,268.0,False,INTERMEDIATE,6.0,True,Mercedes,9463.852,2026-10-04 08:44:43.267,12,1.0,False,,False,True
9687.477,ANT,12,112.884,7.0,1.0,,,28.126,38.923,45.835,9622.371,9661.294,9707.129,258.0,113.0,262.0,263.0,False,INTERMEDIATE,7.0,True,Mercedes,9574.593,2026-10-04 08:46:34.008,1,1.0,False,,False,True
9800.1,ANT,12,112.623,8.0,1.0,,,28.418,38.368,45.837,9735.547,9773.915,9819.752,270.0,117.0,260.0,269.0,False,INTERMEDIATE,8.0,True,Mercedes,9687.477,2026-10-04 08:48:26.892,12,1.0,False,,False,True
9922.795,ANT,12,122.695,9.0,1.0,,9935.976,28.692,38.554,55.449,9848.444,9886.998,9942.447,253.0,117.0,,275.0,False,INTERMEDIATE,9.0,True,Mercedes,9800.1,2026-10-04 08:50:19.515,124,1.0,False,,False,False
10093.765,ANT,12,,10.0,2.0,9963.626,,53.862,53.116,64.008,9996.394,10049.504,10113.564,188.0,108.0,187.0,216.0,False,MEDIUM,1.0,True,Mercedes,9922.795,2026-10-04 08:52:22.210,4,1.0,False,,False,False
10241.214,ANT,12,147.449,11.0,2.0,,,35.999,52.171,59.279,10149.416,10201.587,10260.866,196.0,113.0,166.0,221.0,False,MEDIUM,2.0,True,Mercedes,10093.765,2026-10-04 08:55:13.180,4,1.0,False,,False,False
10402.355,ANT,12,,12.0,2.0,,,35.793,51.008,74.384,10296.655,10347.702,10422.183,215.0,116.0,259.0,174.0,False,MEDIUM,3.0,True,Mercedes,10241.214,2026-10-04 08:57:40.629,41,1.0,False,,False,False
10508.738,ANT,12,106.383,13.0,2.0,,,27.975,36.372,42.036,10449.982,10486.354,10528.39,286.0,136.0,267.0,281.0,True,MEDIUM,4.0,True,Mercedes,10402.355,2026-10-04 09:00:21.770,12,3.0,False,,False,True
10613.045,ANT,12,104.307,14.0,2.0,,,27.171,35.466,41.67,10555.561,10591.027,10632.697,257.0,137.0,267.0,278.0,True,MEDIUM,5.0,True,Mercedes,10508.738,2026-10-04 09:02:08.153,1,3.0,False,,False,True
10715.946,ANT,12,102.901,15.0,2.0,,,26.91,35.016,40.975,10659.607,10694.623,10735.598,267.0,136.0,288.0,303.0,True,MEDIUM,6.0,True,Mercedes,10613.045,2026-10-04 09:03:52.460,1,3.0,False,,False,True
10817.876,ANT,12,101.93,16.0,2.0,,,26.284,34.787,40.859,10761.882,10796.669,10837.528,275.0,138.0,287.0,303.0,True,MEDIUM,7.0,True,Mercedes,10715.946,2026-10-04 09:05:35.361,12,3.0,False,,False,True
10919.213,ANT,12,101.337,17.0,2.0,,,25.78,34.65,40.907,10863.308,10897.958,10938.865,279.0,137.0,284.0,304.0,True,MEDIUM,8.0,True,Mercedes,10817.876,2026-10-04 09:07:17.291,1,3.0,False,,False,True
11020.601,ANT,12,101.388,18.0,2.0,,,25.625,34.781,40.982,10964.49,10999.271,11040.253,281.0,136.0,285.0,306.0,False,MEDIUM,9.0,True,Mercedes,10919.213,2026-10-04 09:08:58.628,1,3.0,False,,False,True
11122.016,ANT,12,101.415,19.0,2.0,,,25.592,34.718,41.105,11065.845,11100.563,11141.668,282.0,139.0,288.0,309.0,False,MEDIUM,10.0,True,Mercedes,11020.601,2026-10-04 09:10:40.016,1,3.0,False,,False,True
11223.592,ANT,12,101.576,20.0,2.0,,,25.548,34.722,41.306,11167.216,11201.938,11243.244,286.0,136.0,288.0,312.0,False,MEDIUM,11.0,True,Mercedes,11122.016,2026-10-04 09:12:21.431,1,3.0,False,,False,True
11325.033,ANT,12,101.441,21.0,2.0,,,25.253,34.652,41.536,11268.497,11303.149,11344.685,311.0,132.0,285.0,297.0,False,MEDIUM,12.0,True,Mercedes,11223.592,2026-10-04 09:14:03.007,1,2.0,False,,False,True
11426.575,ANT,12,101.542,22.0,2.0,,,25.632,34.443,41.467,11370.317,11404.76,11446.227,278.0,131.0,284.0,297.0,False,MEDIUM,13.0,True,Mercedes,11325.033,2026-10-04 09:15:44.448,1,2.0,False,,False,True
11528.182,ANT,12,101.607,23.0,2.0,,,25.561,34.572,41.474,11471.788,11506.36,11547.834,283.0,130.0,284.0,300.0,False,MEDIUM,14.0,True,Mercedes,11426.575,2026-10-04 09:17:25.990,1,2.0,False,,False,True
11631.536,ANT,12,103.354,24.0,2.0,,,25.684,34.604,43.066,11573.518,11608.122,11651.188,279.0,136.0,284.0,301.0,False,MEDIUM,15.0,True,Mercedes,11528.182,2026-10-04 09:19:07.597,1,2.0,True,TRACK LIMITS AT TURN 15 LAP 24 ,False,True
11733.567,ANT,12,102.031,25.0,2.0,,,25.647,34.721,41.663,11676.835,11711.556,11753.219,283.0,129.0,284.0,301.0,False,MEDIUM,16.0,True,Mercedes,11631.536,2026-10-04 09:20:50.951,1,2.0,False,,False,True
11835.559,ANT,12,101.992,26.0,2.0,,,25.595,34.741,41.656,11778.814,11813.555,11855.211,284.0,131.0,284.0,299.0,False,MEDIUM,17.0,True,Mercedes,11733.567,2026-10-04 09:22:32.982,1,2.0,False,,False,True
11937.44,ANT,12,101.881,27.0,2.0,,,25.698,34.504,41.679,11880.909,11915.413,11957.092,282.0,130.0,283.0,298.0,False,MEDIUM,18.0,True,Mercedes,11835.559,2026-10-04 09:24:14.974,1,2.0,False,,False,True
12039.63,ANT,12,102.19,28.0,2.0,,,25.787,34.535,41.868,11982.879,12017.414,12059.282,282.0,132.0,284.0,297.0,False,MEDIUM,19.0,True,Mercedes,11937.44,2026-10-04 09:25:56.855,1,2.0,False,,False,True
12141.805,ANT,12,102.175,29.0,2.0,,,25.766,34.519,41.89,12085.048,12119.567,12161.457,282.0,132.0,283.0,298.0,False,MEDIUM,20.0,True,Mercedes,12039.63,2026-10-04 09:27:39.045,1,2.0,False,,False,True
12244.189,ANT,12,102.384,30.0,2.0,,,25.849,34.655,41.88,12187.306,12221.961,12263.841,282.0,132.0,285.0,297.0,False,MEDIUM,21.0,True,Mercedes,12141.805,2026-10-04 09:29:21.220,1,2.0,False,,False,True
12346.618,ANT,12,102.429,31.0,2.0,,,25.876,34.663,41.89,12289.717,12324.38,12366.27,282.0,133.0,285.0,298.0,False,MEDIUM,22.0,True,Mercedes,12244.189,2026-10-04 09:31:03.604,1,2.0,False,,False,True
12449.017,ANT,12,102.399,32.0,2.0,,,25.875,34.572,41.952,12392.145,12426.717,12468.669,281.0,133.0,286.0,298.0,False,MEDIUM,23.0,True,Mercedes,12346.618,2026-10-04 09:32:46.033,1,2.0,False,,False,True
12558.095,ANT,12,109.078,33.0,2.0,,12571.408,25.835,34.585,48.658,12494.504,12529.089,12577.747,281.0,131.0,,297.0,False,MEDIUM,24.0,True,Mercedes,12449.017,2026-10-04 09:34:28.432,1,2.0,False,,False,False
12680.012,ANT,12,121.917,34.0,3.0,12598.846,,46.343,34.541,41.033,12624.09,12658.631,12699.664,286.0,135.0,287.0,302.0,False,SOFT,4.0,False,Mercedes,12558.095,2026-10-04 09:36:17.510,1,2.0,False,,False,False
12780.35,ANT,12,100.338,35.0,3.0,,,25.308,34.063,40.967,12724.972,12759.035,12800.002,284.0,136.0,286.0,298.0,False,SOFT,5.0,False,Mercedes,12680.012,2026-10-04 09:38:19.427,1,2.0,True,TRACK LIMITS AT TURN 14 LAP 35 ,False,True
12881.111,ANT,12,100.761,36.0,3.0,,,25.391,34.219,41.151,12825.393,12859.612,12900.763,281.0,137.0,286.0,298.0,True,SOFT,6.0,False,Mercedes,12780.35,2026-10-04 09:39:59.765,1,2.0,False,,False,True
12981.721,ANT,12,100.61,37.0,3.0,,,25.358,34.138,41.114,12926.121,12960.259,13001.373,283.0,135.0,288.0,297.0,True,SOFT,7.0,False,Mercedes,12881.111,2026-10-04 09:41:40.526,1,2.0,False,,False,True
13082.375,ANT,12,100.654,38.0,3.0,,,25.363,34.202,41.089,13026.736,13060.938,13102.027,283.0,137.0,287.0,299.0,False,SOFT,8.0,False,Mercedes,12981.721,2026-10-04 09:43:21.136,1,2.0,False,,False,True
13183.204,ANT,12,100.829,39.0,3.0,,,25.404,34.173,41.252,13127.431,13161.604,13202.856,281.0,135.0,288.0,299.0,False,SOFT,9.0,False,Mercedes,13082.375,2026-10-04 09:45:01.790,1,2.0,False,,False,True
13284.613,ANT,12,101.409,40.0,3.0,,,25.568,34.482,41.359,13228.424,13262.906,13304.265,282.0,136.0,288.0,300.0,False,SOFT,10.0,False,Mercedes,13183.204,2026-10-04 09:46:42.619,1,2.0,False,,False,True
13385.843,ANT,12,101.23,41.0,3.0,,,25.511,34.321,41.398,13329.776,13364.097,13405.495,283.0,133.0,288.0,301.0,False,SOFT,11.0,False,Mercedes,13284.613,2026-10-04 09:48:24.028,1,2.0,False,,False,True
13487.534,ANT,12,101.691,42.0,3.0,,,25.63,34.579,41.482,13431.125,13465.704,13507.186,282.0,134.0,291.0,307.0,False,SOFT,12.0,False,Mercedes,13385.843,2026-10-04 09:50:05.258,1,2.0,False,,False,True
13605.132,ANT,12,117.598,43.0,3.0,,,25.573,35.411,56.614,13532.759,13568.17,13624.784,283.0,80.0,165.0,217.0,False,SOFT,13.0,False,Mercedes,13487.534,2026-10-04 09:51:46.949,126,2.0,False,,False,False
13741.597,ANT,12,136.465,44.0,3.0,,13754.871,35.96,41.606,58.899,13660.744,13702.35,13761.249,238.0,98.0,,245.0,False,SOFT,14.0,False,Mercedes,13605.132,2026-10-04 09:53:44.547,6,1.0,False,,False,False
13892.906,ANT,12,,45.0,4.0,13782.012,,51.698,44.136,55.4,13813.122,13857.169,13912.559,241.0,122.0,209.0,203.0,False,SOFT,4.0,False,Mercedes,13741.597,2026-10-04 09:56:01.012,64,2.0,False,,False,False
14033.05,ANT,12,140.144,46.0,4.0,,,35.688,45.692,58.764,13948.246,13993.938,14052.702,234.0,115.0,227.0,240.0,False,SOFT,5.0,False,Mercedes,13892.906,2026-10-04 09:58:32.321,4,2.0,False,,False,False
14178.361,ANT,12,145.311,47.0,4.0,,,34.908,50.876,59.527,14087.61,14138.486,14198.013,230.0,106.0,209.0,244.0,False,SOFT,6.0,False,Mercedes,14033.05,2026-10-04 10:00:52.465,4,2.0,False,,False,False
14328.536,ANT,12,,48.0,4.0,,,39.121,50.54,60.537,14237.223,14287.723,14348.41,226.0,99.0,180.0,238.0,False,SOFT,7.0,False,Mercedes,14178.361,2026-10-04 10:03:17.776,4,2.0,False,,False,False
14478.262,ANT,12,149.726,49.0,4.0,,,41.141,49.748,58.837,14389.329,14439.077,14497.914,221.0,125.0,210.0,242.0,False,SOFT,8.0,False,Mercedes,14328.536,2026-10-04 10:05:47.951,4,2.0,False,,False,False
14623.804,ANT,12,145.542,50.0,4.0,,,35.1,50.96,59.482,14533.014,14583.974,14643.456,227.0,100.0,154.0,249.0,False,SOFT,9.0,False,Mercedes,14478.262,2026-10-04 10:08:17.677,4,2.0,False,,False,False
14783.219,ANT,12,,51.0,4.0,,,39.343,50.35,69.75,14682.849,14733.268,14802.981,223.0,117.0,292.0,271.0,False,SOFT,10.0,False,Mercedes,14623.804,2026-10-04 10:10:43.219,41,2.0,False,,False,False
14881.808,ANT,12,98.589,52.0,4.0,,,25.032,33.399,40.158,14827.903,14861.302,14901.46,293.0,141.0,292.0,308.0,True,SOFT,11.0,False,Mercedes,14783.219,2026-10-04 10:13:22.634,1,2.0,False,,False,True
14980.674,ANT,12,98.866,53.0,4.0,,,25.258,33.442,40.166,14926.718,14960.16,15000.326,285.0,141.0,290.0,303.0,False,SOFT,12.0,False,Mercedes,14881.808,2026-10-04 10:15:01.223,1,2.0,False,,False,True
15079.578,ANT,12,98.904,54.0,4.0,,,25.307,33.316,40.281,15025.633,15058.949,15099.23,284.0,141.0,291.0,303.0,False,SOFT,13.0,False,Mercedes,14980.674,2026-10-04 10:16:40.089,1,2.0,False,,False,True
15178.508,ANT,12,98.93,55.0,4.0,,,25.33,33.299,40.301,15124.56,15157.859,15198.16,282.0,139.0,285.0,313.0,False,SOFT,14.0,False,Mercedes,15079.578,2026-10-04 10:18:18.993,1,2.0,False,,False,True
8924.856,ALO,14,183.476,1.0,1.0,,,,49.49,59.619,,8884.945,8944.502,203.0,98.0,236.0,217.0,False,MEDIUM,1.0,True,Aston Martin,8760.7,2026-10-04 08:33:00.115,1,11.0,False,,False,False
9136.779,ALO,14,,2.0,1.0,,,33.622,51.157,,8978.282,9029.357,,226.0,104.0,125.0,219.0,False,MEDIUM,2.0,True,Aston Martin,8924.856,2026-10-04 08:35:44.271,12,14.0,False,,False,False
9275.765,ALO,14,138.986,3.0,1.0,,,34.9,48.257,55.829,9191.325,9239.582,9295.411,238.0,100.0,243.0,255.0,True,MEDIUM,3.0,True,Aston Martin,9136.779,2026-10-04 08:39:16.194,1,17.0,False,,False,True
9405.856,ALO,14,130.091,4.0,1.0,,,32.276,46.166,51.649,9327.687,9373.853,9425.502,257.0,108.0,245.0,278.0,True,MEDIUM,4.0,True,Aston Martin,9275.765,2026-10-04 08:41:35.180,1,16.0,False,,False,True
9528.979,ALO,14,123.123,5.0,1.0,,,30.723,43.285,49.115,9456.225,9499.51,9548.625,263.0,113.0,247.0,281.0,True,MEDIUM,5.0,True,Aston Martin,9405.856,2026-10-04 08:43:45.271,1,16.0,False,,False,True
9647.985,ALO,14,119.006,6.0,1.0,,,29.699,41.743,47.564,9578.324,9620.067,9667.631,267.0,121.0,250.0,271.0,True,MEDIUM,6.0,True,Aston Martin,9528.979,2026-10-04 08:45:48.394,12,16.0,False,,False,True
9764.831,ALO,14,116.846,7.0,1.0,,,28.833,40.696,47.317,9696.464,9737.16,9784.477,271.0,121.0,252.0,277.0,True,MEDIUM,7.0,True,Aston Martin,9647.985,2026-10-04 08:47:47.400,12,16.0,False,,False,True
9878.838,ALO,14,114.007,8.0,1.0,,,28.909,39.501,45.597,9813.386,9852.887,9898.484,273.0,127.0,254.0,274.0,True,MEDIUM,8.0,True,Aston Martin,9764.831,2026-10-04 08:49:44.246,21,16.0,False,,False,True
10024.531,ALO,14,145.693,9.0,1.0,,10037.66,32.778,48.537,64.378,9931.262,9979.799,10044.177,187.0,109.0,,245.0,False,MEDIUM,9.0,True,Aston Martin,9878.838,2026-10-04 08:51:38.253,124,17.0,False,,False,False
10184.914,ALO,14,,10.0,2.0,10065.934,,55.368,48.309,56.765,10099.642,10147.853,10204.749,230.0,115.0,250.0,161.0,False,HARD,1.0,True,Aston Martin,10024.531,2026-10-04 08:54:03.946,4,17.0,False,,False,False
10298.215,ALO,14,113.301,11.0,2.0,,,29.417,39.072,44.812,10233.977,10273.049,10317.861,266.0,130.0,256.0,264.0,True,HARD,2.0,True,Aston Martin,10184.914,2026-10-04 08:56:44.329,4,17.0,False,,False,False
10410.287,ALO,14,112.072,12.0,2.0,,,27.451,36.816,47.805,10345.312,10382.128,10429.933,267.0,130.0,259.0,200.0,True,HARD,3.0,True,Aston Martin,10298.215,2026-10-04 08:58:37.630,41,17.0,False,,False,False
10521.844,ALO,14,111.557,13.0,2.0,,,28.689,38.449,44.419,10458.622,10497.071,10541.49,275.0,130.0,262.0,291.0,True,HARD,4.0,True,Aston Martin,10410.287,2026-10-04 09:00:29.702,12,16.0,False,,False,True
10629.716,ALO,14,107.872,14.0,2.0,,,27.62,36.496,43.756,10569.11,10605.606,10649.362,273.0,132.0,263.0,274.0,True,HARD,5.0,True,Aston Martin,10521.844,2026-10-04 09:02:21.259,1,15.0,False,,False,True
10736.335,ALO,14,106.619,15.0,2.0,,,27.54,37.06,42.019,10676.902,10713.962,10755.981,280.0,134.0,281.0,305.0,True,HARD,6.0,True,Aston Martin,10629.716,2026-10-04 09:04:09.131,12,14.0,False,,False,True
10841.288,ALO,14,104.953,16.0,2.0,,,26.869,36.147,41.937,10782.85,10818.997,10860.934,295.0,135.0,280.0,303.0,True,HARD,7.0,True,Aston Martin,10736.335,2026-10-04 09:05:55.750,21,13.0,False,,False,True
10944.914,ALO,14,103.626,17.0,2.0,,,26.307,35.094,42.225,10887.241,10922.335,10964.56,272.0,134.0,280.0,296.0,True,HARD,8.0,True,Aston Martin,10841.288,2026-10-04 09:07:40.703,1,13.0,False,,False,True
11048.143,ALO,14,103.229,18.0,2.0,,,26.514,34.959,41.756,10991.074,11026.033,11067.789,270.0,134.0,280.0,293.0,True,HARD,9.0,True,Aston Martin,10944.914,2026-10-04 09:09:24.329,1,13.0,False,,False,True
11151.267,ALO,14,103.124,19.0,2.0,,,26.163,34.954,42.007,11093.952,11128.906,11170.913,270.0,134.0,279.0,289.0,True,HARD,10.0,True,Aston Martin,11048.143,2026-10-04 09:11:07.558,1,13.0,False,,False,True
11254.506,ALO,14,103.239,20.0,2.0,,,26.221,35.106,41.912,11197.134,11232.24,11274.152,271.0,135.0,280.0,293.0,False,HARD,11.0,True,Aston Martin,11151.267,2026-10-04 09:12:50.682,1,13.0,False,,False,True
11357.772,ALO,14,103.266,21.0,2.0,,,26.249,35.03,41.987,11300.401,11335.431,11377.418,269.0,134.0,281.0,291.0,False,HARD,12.0,True,Aston Martin,11254.506,2026-10-04 09:14:33.921,1,13.0,False,,False,True
11461.166,ALO,14,103.394,22.0,2.0,,,26.191,35.214,41.989,11403.609,11438.823,11480.812,272.0,133.0,282.0,295.0,False,HARD,13.0,True,Aston Martin,11357.772,2026-10-04 09:16:17.187,1,13.0,False,,False,True
11564.526,ALO,14,103.36,23.0,2.0,,,26.215,35.206,41.939,11507.027,11542.233,11584.172,271.0,134.0,283.0,297.0,False,HARD,14.0,True,Aston Martin,11461.166,2026-10-04 09:18:00.581,1,13.0,False,,False,True
11668.002,ALO,14,103.476,24.0,2.0,,,26.16,35.298,42.018,11610.332,11645.63,11687.648,273.0,134.0,282.0,296.0,False,HARD,15.0,True,Aston Martin,11564.526,2026-10-04 09:19:43.941,1,13.0,False,,False,True
11771.817,ALO,14,103.815,25.0,2.0,,,26.181,35.456,42.178,11713.829,11749.285,11791.463,273.0,134.0,281.0,293.0,False,HARD,16.0,True,Aston Martin,11668.002,2026-10-04 09:21:27.417,1,13.0,False,,False,True
11875.409,ALO,14,103.592,26.0,2.0,,,26.185,35.402,42.005,11817.648,11853.05,11895.055,272.0,133.0,283.0,299.0,False,HARD,17.0,True,Aston Martin,11771.817,2026-10-04 09:23:11.232,1,13.0,False,,False,True
11979.009,ALO,14,103.6,27.0,2.0,,,26.153,35.5,41.947,11921.208,11956.708,11998.655,274.0,133.0,283.0,312.0,False,HARD,18.0,True,Aston Martin,11875.409,2026-10-04 09:24:54.824,1,13.0,False,,False,True
12082.822,ALO,14,103.813,28.0,2.0,,,26.274,35.534,42.005,12024.929,12060.463,12102.468,277.0,133.0,281.0,304.0,False,HARD,19.0,True,Aston Martin,11979.009,2026-10-04 09:26:38.424,1,11.0,False,,False,True
12186.681,ALO,14,103.859,29.0,2.0,,,26.492,35.285,42.082,12128.96,12164.245,12206.327,271.0,135.0,281.0,295.0,False,HARD,20.0,True,Aston Martin,12082.822,2026-10-04 09:28:22.237,1,11.0,False,,False,True
12290.61,ALO,14,103.929,30.0,2.0,,,26.458,35.295,42.176,12232.785,12268.08,12310.256,271.0,134.0,281.0,294.0,False,HARD,21.0,True,Aston Martin,12186.681,2026-10-04 09:30:06.096,1,10.0,False,,False,True
12400.224,ALO,14,109.614,31.0,2.0,,12413.542,26.339,35.23,48.045,12336.595,12371.825,12419.87,272.0,133.0,,297.0,False,HARD,22.0,True,Aston Martin,12290.61,2026-10-04 09:31:50.025,1,9.0,False,,False,False
12521.19,ALO,14,120.966,32.0,3.0,12441.033,,45.496,34.402,41.068,12465.366,12499.768,12540.836,266.0,137.0,283.0,295.0,False,None,,False,Aston Martin,12400.224,2026-10-04 09:33:39.639,1,13.0,False,,False,False
12622.473,ALO,14,101.283,33.0,3.0,,,25.813,34.466,41.004,12566.649,12601.115,12642.119,272.0,140.0,285.0,298.0,True,None,,False,Aston Martin,12521.19,2026-10-04 09:35:40.605,1,12.0,False,,False,True
12724.322,ALO,14,101.849,34.0,3.0,,,25.897,34.623,41.329,12668.016,12702.639,12743.968,273.0,139.0,286.0,301.0,False,None,,False,Aston Martin,12622.473,2026-10-04 09:37:21.888,1,12.0,False,,False,True
12826.083,ALO,14,101.761,35.0,3.0,,,25.321,34.845,41.595,12769.289,12804.134,12845.729,311.0,137.0,286.0,300.0,False,None,,False,Aston Martin,12724.322,2026-10-04 09:39:03.737,1,11.0,False,,False,True
12928.479,ALO,14,102.396,36.0,3.0,,,25.584,35.208,41.604,12871.313,12906.521,12948.125,302.0,133.0,281.0,301.0,False,None,,False,Aston Martin,12826.083,2026-10-04 09:40:45.498,1,10.0,False,,False,True
13031.179,ALO,14,102.7,37.0,3.0,,,26.214,34.849,41.637,12974.339,13009.188,13050.825,272.0,137.0,285.0,297.0,False,None,,False,Aston Martin,12928.479,2026-10-04 09:42:27.894,1,11.0,False,,False,True
13133.899,ALO,14,102.72,38.0,3.0,,,26.04,35.048,41.632,13076.865,13111.913,13153.545,271.0,136.0,285.0,303.0,False,None,,False,Aston Martin,13031.179,2026-10-04 09:44:10.594,1,11.0,False,,False,True
13236.69,ALO,14,102.791,39.0,3.0,,,25.598,35.577,41.616,13179.143,13214.72,13256.336,299.0,136.0,287.0,304.0,False,None,,False,Aston Martin,13133.899,2026-10-04 09:45:53.314,1,11.0,False,,False,True
13339.114,ALO,14,102.424,40.0,3.0,,,26.03,34.7,41.694,13282.366,13317.066,13358.76,282.0,136.0,280.0,292.0,False,None,,False,Aston Martin,13236.69,2026-10-04 09:47:36.105,1,10.0,False,,False,True
13442.006,ALO,14,102.892,41.0,3.0,,,26.289,34.843,41.76,13385.049,13419.892,13461.652,268.0,135.0,281.0,289.0,False,None,,False,Aston Martin,13339.114,2026-10-04 09:49:18.529,1,10.0,False,,False,True
13544.909,ALO,14,102.903,42.0,3.0,,,26.208,34.725,41.97,13487.86,13522.585,13564.555,269.0,136.0,223.0,290.0,False,None,,False,Aston Martin,13442.006,2026-10-04 09:51:01.421,1,10.0,False,,False,True
13679.835,ALO,14,134.926,43.0,3.0,,,35.837,47.063,52.026,13600.392,13647.455,13699.481,228.0,102.0,161.0,233.0,False,None,,False,Aston Martin,13544.909,2026-10-04 09:52:44.324,126,10.0,False,,False,False
13814.442,ALO,14,134.607,44.0,3.0,,,37.114,42.01,55.483,13736.595,13778.605,13834.088,230.0,85.0,213.0,242.0,False,None,,False,Aston Martin,13679.835,2026-10-04 09:54:59.250,6,9.0,False,,False,False
13953.685,ALO,14,139.243,45.0,3.0,,13966.981,36.865,42.138,60.24,13870.953,13913.091,13973.331,229.0,102.0,,270.0,False,None,,False,Aston Martin,13814.442,2026-10-04 09:57:13.857,64,9.0,False,,False,False
14104.748,ALO,14,,46.0,4.0,13994.669,,54.992,43.252,52.755,14028.475,14071.803,14124.533,227.0,112.0,237.0,239.0,False,SOFT,,False,Aston Martin,13953.685,2026-10-04 09:59:33.100,4,10.0,False,,False,False
14217.061,ALO,14,112.313,47.0,4.0,,,28.541,37.452,46.32,14152.935,14190.387,14236.707,269.0,119.0,274.0,283.0,False,SOFT,,False,Aston Martin,14104.748,2026-10-04 10:02:04.163,4,10.0,False,,False,False
14342.488,ALO,14,125.427,48.0,4.0,,,28.781,39.816,56.83,14265.488,14305.304,14362.134,271.0,120.0,213.0,229.0,False,SOFT,,False,Aston Martin,14217.061,2026-10-04 10:03:56.476,4,9.0,False,,False,False
14489.034,ALO,14,146.546,49.0,4.0,,,37.694,50.128,58.724,14399.828,14449.956,14508.68,220.0,80.0,214.0,231.0,False,SOFT,,False,Aston Martin,14342.488,2026-10-04 10:06:01.903,4,9.0,False,,False,False
14631.104,ALO,14,142.07,50.0,4.0,,,32.963,49.778,59.329,14541.643,14591.421,14650.75,243.0,94.0,167.0,246.0,False,SOFT,,False,Aston Martin,14489.034,2026-10-04 10:08:28.449,4,7.0,False,,False,False
14786.342,ALO,14,,51.0,4.0,,,40.308,51.829,63.09,14691.105,14742.918,14806.043,222.0,116.0,292.0,273.0,False,SOFT,,False,Aston Martin,14631.104,2026-10-04 10:10:50.519,41,7.0,False,,False,False
14887.968,ALO,14,101.626,52.0,4.0,,,26.013,34.765,40.848,14832.001,14866.766,14907.614,274.0,137.0,288.0,302.0,False,SOFT,,False,Aston Martin,14786.342,2026-10-04 10:13:25.757,1,7.0,False,,False,True
14988.713,ALO,14,100.745,53.0,4.0,,,25.614,34.354,40.777,14933.228,14967.582,15008.359,276.0,135.0,288.0,300.0,True,SOFT,,False,Aston Martin,14887.968,2026-10-04 10:15:07.383,1,7.0,False,,False,True
15089.066,ALO,14,100.353,54.0,4.0,,,25.593,33.997,40.763,15033.952,15067.949,15108.712,276.0,139.0,287.0,303.0,True,SOFT,,False,Aston Martin,14988.713,2026-10-04 10:16:48.128,1,7.0,False,,False,True
15189.625,ALO,14,100.559,55.0,4.0,,,25.528,34.155,40.876,15134.24,15168.395,15209.271,275.0,138.0,288.0,320.0,False,SOFT,,False,Aston Martin,15089.066,2026-10-04 10:18:28.481,1,7.0,False,,False,True
8920.348,LEC,16,159.318,1.0,1.0,,,,50.252,60.756,,8859.592,8920.465,194.0,98.0,234.0,221.0,False,SOFT,1.0,True,Ferrari,8760.7,2026-10-04 08:33:00.115,1,9.0,False,,False,False
9154.575,LEC,16,,2.0,1.0,,,38.162,52.576,,8958.601,9011.14,,189.0,92.0,48.0,220.0,False,SOFT,2.0,True,Ferrari,8920.348,2026-10-04 08:35:39.763,12,22.0,False,,False,False
9308.777,LEC,16,,3.0,1.0,,9302.185,36.19,49.621,68.616,9190.635,9240.26,9308.92,219.0,96.0,,236.0,False,SOFT,3.0,True,Ferrari,9154.575,2026-10-04 08:39:33.990,1,22.0,False,,False,False
9448.54,LEC,16,139.763,4.0,2.0,9340.286,,57.652,37.604,44.507,9366.429,9404.033,9448.54,274.0,126.0,261.0,285.0,False,INTERMEDIATE,1.0,True,Ferrari,9308.777,2026-10-04 08:42:08.192,1,22.0,False,,False,False
9559.399,LEC,16,110.859,5.0,2.0,,,27.869,37.449,45.541,9476.409,9513.858,9559.399,263.0,123.0,258.0,287.0,True,INTERMEDIATE,2.0,True,Ferrari,9448.54,2026-10-04 08:44:27.955,12,22.0,False,,False,True
9669.992,LEC,16,110.593,6.0,2.0,,,27.756,37.855,44.982,9587.155,9625.01,9669.992,260.0,123.0,259.0,286.0,True,INTERMEDIATE,3.0,True,Ferrari,9559.399,2026-10-04 08:46:18.814,1,21.0,False,,False,True
9781.821,LEC,16,111.829,7.0,2.0,,,27.878,38.484,45.467,9697.87,9736.354,9781.821,256.0,122.0,257.0,265.0,False,INTERMEDIATE,4.0,True,Ferrari,9669.992,2026-10-04 08:48:09.407,12,20.0,False,,False,True
9893.35,LEC,16,111.529,8.0,2.0,,,28.023,37.836,45.67,9809.844,9847.68,9893.35,258.0,122.0,257.0,284.0,False,INTERMEDIATE,5.0,True,Ferrari,9781.821,2026-10-04 08:50:01.236,1,18.0,False,,False,True
10036.446,LEC,16,143.096,9.0,2.0,,10030.019,29.545,48.368,65.183,9922.895,9971.263,10036.446,123.0,103.0,,164.0,False,INTERMEDIATE,6.0,True,Ferrari,9893.35,2026-10-04 08:51:52.765,124,18.0,False,,False,False
10197.446,LEC,16,,10.0,3.0,10058.653,,55.463,47.712,57.86,10092.038,10139.806,10197.593,203.0,124.0,251.0,238.0,False,SOFT,1.0,True,Ferrari,10036.446,2026-10-04 08:54:15.861,4,19.0,False,,False,False
10313.951,LEC,16,116.505,11.0,3.0,,,30.081,40.108,46.316,10227.527,10267.635,10313.951,246.0,123.0,259.0,243.0,False,SOFT,2.0,True,Ferrari,10197.446,2026-10-04 08:56:56.861,4,18.0,False,,False,False
10429.21,LEC,16,115.259,12.0,3.0,,,28.049,36.846,50.364,10342.0,10378.846,10429.21,221.0,133.0,264.0,200.0,False,SOFT,3.0,True,Ferrari,10313.951,2026-10-04 08:58:53.366,41,19.0,False,,False,False
10540.602,LEC,16,111.392,13.0,3.0,,,28.415,38.931,44.046,10457.625,10496.556,10540.602,260.0,129.0,264.0,290.0,False,SOFT,4.0,True,Ferrari,10429.21,2026-10-04 09:00:48.625,12,20.0,False,,False,True
10647.957,LEC,16,107.355,14.0,3.0,,,27.304,36.458,43.593,10567.906,10604.364,10647.957,278.0,133.0,267.0,285.0,True,SOFT,5.0,True,Ferrari,10540.602,2026-10-04 09:02:40.017,1,20.0,False,,False,True
10752.883,LEC,16,104.926,15.0,3.0,,,26.852,36.267,41.807,10674.809,10711.076,10752.883,273.0,135.0,290.0,311.0,True,SOFT,6.0,True,Ferrari,10647.957,2026-10-04 09:04:27.372,12,20.0,False,,False,True
10854.906,LEC,16,102.023,16.0,3.0,,,26.013,34.94,41.07,10778.896,10813.836,10854.906,271.0,131.0,285.0,313.0,True,SOFT,7.0,True,Ferrari,10752.883,2026-10-04 09:06:12.298,21,19.0,False,,False,True
10956.802,LEC,16,101.896,17.0,3.0,,,26.061,34.732,41.103,10880.967,10915.699,10956.802,276.0,131.0,285.0,315.0,True,SOFT,8.0,True,Ferrari,10854.906,2026-10-04 09:07:54.321,1,18.0,False,,False,True
11058.94,LEC,16,102.138,18.0,3.0,,,25.89,34.817,41.431,10982.692,11017.509,11058.94,282.0,129.0,283.0,323.0,False,SOFT,9.0,True,Ferrari,10956.802,2026-10-04 09:09:36.217,1,17.0,False,,False,True
11162.087,LEC,16,103.147,19.0,3.0,,,25.826,35.73,41.591,11084.766,11120.496,11162.087,309.0,129.0,287.0,313.0,False,SOFT,10.0,True,Ferrari,11058.94,2026-10-04 09:11:18.355,1,17.0,False,,False,True
11265.564,LEC,16,103.477,20.0,3.0,,,26.345,35.127,42.005,11188.432,11223.559,11265.564,277.0,131.0,289.0,324.0,False,SOFT,11.0,True,Ferrari,11162.087,2026-10-04 09:13:01.502,1,17.0,False,,False,True
11368.964,LEC,16,103.4,21.0,3.0,,,25.749,35.681,41.97,11291.313,11326.994,11368.964,293.0,130.0,287.0,312.0,False,SOFT,12.0,True,Ferrari,11265.564,2026-10-04 09:14:44.979,1,17.0,False,,False,True
11472.849,LEC,16,103.885,22.0,3.0,,,26.06,35.503,42.322,11395.024,11430.527,11472.849,279.0,131.0,287.0,313.0,False,SOFT,13.0,True,Ferrari,11368.964,2026-10-04 09:16:28.379,1,17.0,False,,False,True
11575.865,LEC,16,103.016,23.0,3.0,,,25.944,35.179,41.893,11498.793,11533.972,11575.865,274.0,128.0,285.0,307.0,False,SOFT,14.0,True,Ferrari,11472.849,2026-10-04 09:18:12.264,1,17.0,False,,False,True
11678.772,LEC,16,102.907,24.0,3.0,,,25.817,35.287,41.803,11601.682,11636.969,11678.772,291.0,129.0,288.0,311.0,False,SOFT,15.0,True,Ferrari,11575.865,2026-10-04 09:19:55.280,1,16.0,False,,False,True
11781.939,LEC,16,103.167,25.0,3.0,,,26.172,35.185,41.81,11704.944,11740.129,11781.939,267.0,129.0,288.0,318.0,False,SOFT,16.0,True,Ferrari,11678.772,2026-10-04 09:21:38.187,1,15.0,False,,False,True
11885.255,LEC,16,103.316,26.0,3.0,,,26.077,35.295,41.944,11808.016,11843.311,11885.255,281.0,128.0,285.0,318.0,False,SOFT,17.0,True,Ferrari,11781.939,2026-10-04 09:23:21.354,1,14.0,False,,False,True
11989.219,LEC,16,103.964,27.0,3.0,,,26.053,35.689,42.222,11911.308,11946.997,11989.219,299.0,130.0,288.0,313.0,False,SOFT,18.0,True,Ferrari,11885.255,2026-10-04 09:25:04.670,1,14.0,False,,False,True
12099.173,LEC,16,109.954,28.0,3.0,,12092.744,26.068,34.925,48.961,12015.287,12050.212,12099.173,280.0,127.0,,309.0,False,SOFT,19.0,True,Ferrari,11989.219,2026-10-04 09:26:48.634,1,15.0,False,,False,False
12220.616,LEC,16,121.443,29.0,4.0,12120.619,,46.321,34.36,40.762,12145.494,12179.854,12220.616,279.0,132.0,287.0,314.0,False,None,4.0,False,Ferrari,12099.173,2026-10-04 09:28:38.588,1,19.0,False,,False,False
12322.42,LEC,16,101.804,30.0,4.0,,,25.852,34.853,41.099,12246.468,12281.321,12322.42,282.0,132.0,283.0,296.0,True,None,5.0,False,Ferrari,12220.616,2026-10-04 09:30:40.031,1,18.0,False,,False,True
12423.326,LEC,16,100.906,31.0,4.0,,,25.965,34.033,40.908,12348.385,12382.418,12423.326,271.0,132.0,282.0,301.0,True,None,6.0,False,Ferrari,12322.42,2026-10-04 09:32:21.835,1,16.0,False,,False,True
12524.59,LEC,16,101.264,32.0,4.0,,,25.91,34.273,41.081,12449.236,12483.509,12524.59,271.0,130.0,282.0,301.0,False,None,7.0,False,Ferrari,12423.326,2026-10-04 09:34:02.741,1,14.0,False,,False,True
12625.63,LEC,16,101.04,33.0,4.0,,,25.782,34.023,41.235,12550.372,12584.395,12625.63,274.0,132.0,282.0,294.0,False,None,8.0,False,Ferrari,12524.59,2026-10-04 09:35:44.005,1,14.0,False,,False,True
12726.958,LEC,16,101.328,34.0,4.0,,,25.908,33.95,41.47,12651.538,12685.488,12726.958,273.0,131.0,282.0,293.0,False,None,9.0,False,Ferrari,12625.63,2026-10-04 09:37:25.045,1,13.0,False,,False,True
12828.123,LEC,16,101.165,35.0,4.0,,,25.818,34.126,41.221,12752.776,12786.902,12828.123,274.0,131.0,283.0,301.0,False,None,10.0,False,Ferrari,12726.958,2026-10-04 09:39:06.373,1,13.0,False,,False,True
12929.579,LEC,16,101.456,36.0,4.0,,,26.033,34.146,41.277,12854.156,12888.302,12929.579,271.0,132.0,283.0,303.0,False,None,11.0,False,Ferrari,12828.123,2026-10-04 09:40:47.538,1,11.0,False,,False,True
13030.978,LEC,16,101.399,37.0,4.0,,,26.088,34.012,41.299,12955.667,12989.679,13030.978,272.0,130.0,282.0,301.0,False,None,12.0,False,Ferrari,12929.579,2026-10-04 09:42:28.994,1,10.0,False,,False,True
13132.527,LEC,16,101.549,38.0,4.0,,,26.123,34.213,41.213,13057.101,13091.314,13132.527,272.0,132.0,283.0,305.0,False,None,13.0,False,Ferrari,13030.978,2026-10-04 09:44:10.393,1,9.0,False,,False,True
13233.982,LEC,16,101.455,39.0,4.0,,,26.07,34.096,41.289,13158.597,13192.693,13233.982,275.0,130.0,284.0,303.0,False,None,14.0,False,Ferrari,13132.527,2026-10-04 09:45:51.942,1,9.0,False,,False,True
13335.884,LEC,16,101.902,40.0,4.0,,,26.09,34.481,41.331,13260.072,13294.553,13335.884,276.0,128.0,283.0,305.0,False,None,15.0,False,Ferrari,13233.982,2026-10-04 09:47:33.397,1,9.0,False,,False,True
13437.759,LEC,16,101.875,41.0,4.0,,,26.117,34.204,41.554,13362.001,13396.205,13437.759,272.0,129.0,283.0,301.0,False,None,16.0,False,Ferrari,13335.884,2026-10-04 09:49:15.299,1,9.0,False,,False,True
13539.524,LEC,16,101.765,42.0,4.0,,,26.144,34.099,41.522,13463.903,13498.002,13539.524,272.0,130.0,283.0,299.0,False,None,17.0,False,Ferrari,13437.759,2026-10-04 09:50:57.174,1,9.0,False,,False,True
13672.338,LEC,16,132.814,43.0,4.0,,13665.996,27.37,45.199,60.245,13566.894,13612.093,13672.338,170.0,103.0,,255.0,False,None,18.0,False,Ferrari,13539.524,2026-10-04 09:52:38.939,126,9.0,False,,False,False
13823.472,LEC,16,,44.0,5.0,13694.106,,53.417,42.547,55.123,13725.934,13768.418,13823.59,250.0,106.0,196.0,241.0,False,SOFT,4.0,False,Ferrari,13672.338,2026-10-04 09:54:51.753,6,11.0,False,,False,False
13957.302,LEC,16,133.83,45.0,5.0,,,36.082,42.594,55.154,13859.554,13902.148,13957.302,245.0,105.0,133.0,237.0,False,SOFT,5.0,False,Ferrari,13823.472,2026-10-04 09:57:22.887,64,11.0,False,,False,False
14089.959,LEC,16,132.657,46.0,5.0,,,35.975,43.026,53.656,13993.277,14036.303,14089.959,264.0,129.0,271.0,226.0,False,SOFT,6.0,False,Ferrari,13957.302,2026-10-04 09:59:36.717,4,8.0,False,,False,False
14203.729,LEC,16,113.77,47.0,5.0,,,29.269,36.292,48.209,14119.228,14155.52,14203.729,266.0,128.0,233.0,249.0,False,SOFT,7.0,False,Ferrari,14089.959,2026-10-04 10:01:49.374,4,9.0,False,,False,False
14353.766,LEC,16,,48.0,5.0,,,37.295,50.329,62.463,14241.113,14291.426,14353.926,218.0,116.0,220.0,233.0,False,SOFT,8.0,False,Ferrari,14203.729,2026-10-04 10:03:43.144,4,16.0,False,,False,False
14502.071,LEC,16,148.305,49.0,5.0,,,39.787,49.416,59.102,14393.553,14442.969,14502.071,216.0,108.0,216.0,238.0,False,SOFT,9.0,False,Ferrari,14353.766,2026-10-04 10:06:13.181,4,19.0,False,,False,False
14646.036,LEC,16,143.965,50.0,5.0,,,34.416,50.167,59.382,14536.487,14586.654,14646.036,185.0,120.0,179.0,240.0,False,SOFT,10.0,False,Ferrari,14502.071,2026-10-04 10:08:41.486,4,18.0,False,,False,False
14804.889,LEC,16,,51.0,5.0,,,39.55,51.717,67.582,14685.661,14737.44,14805.028,207.0,119.0,289.0,230.0,False,SOFT,11.0,False,Ferrari,14646.036,2026-10-04 10:11:05.451,41,19.0,False,,False,False
14904.499,LEC,16,99.61,52.0,5.0,,,25.515,33.802,40.293,14830.404,14864.206,14904.499,284.0,132.0,290.0,318.0,True,SOFT,12.0,False,Ferrari,14804.889,2026-10-04 10:13:44.304,1,19.0,False,,False,True
15003.895,LEC,16,99.396,53.0,5.0,,,25.414,33.693,40.289,14929.913,14963.606,15003.895,284.0,132.0,294.0,315.0,True,SOFT,13.0,False,Ferrari,14904.499,2026-10-04 10:15:23.914,1,19.0,False,,False,True
15103.231,LEC,16,99.336,54.0,5.0,,,25.31,33.485,40.541,15029.205,15062.69,15103.231,280.0,134.0,288.0,312.0,True,SOFT,14.0,False,Ferrari,15003.895,2026-10-04 10:17:03.310,1,19.0,False,,False,True
15203.039,LEC,16,99.808,55.0,5.0,,,25.498,33.697,40.613,15128.729,15162.426,15203.039,278.0,133.0,287.0,314.0,False,SOFT,15.0,False,Ferrari,15103.231,2026-10-04 10:18:42.646,1,17.0,False,,False,True
8935.489,STR,18,194.052,1.0,1.0,,,,53.129,59.949,,8895.172,8955.211,190.0,97.0,228.0,223.0,False,MEDIUM,1.0,True,Aston Martin,8760.7,2026-10-04 08:33:00.115,1,14.0,False,,False,False
9094.31,STR,18,,2.0,1.0,,9107.583,34.75,49.633,74.476,8989.865,9039.502,9113.942,208.0,101.0,,168.0,False,MEDIUM,2.0,True,Aston Martin,8935.489,2026-10-04 08:35:54.904,12,3.0,False,,False,False
9266.53,STR,18,,3.0,2.0,9167.886,,81.585,43.888,46.717,9195.697,9239.526,9286.214,225.0,119.0,258.0,271.0,False,INTERMEDIATE,1.0,True,Aston Martin,9094.31,2026-10-04 08:38:33.725,1,13.0,False,,False,False
9379.212,STR,18,112.682,4.0,2.0,,,28.093,39.281,45.308,9314.255,9353.536,9398.844,258.0,128.0,257.0,283.0,True,INTERMEDIATE,2.0,True,Aston Martin,9266.53,2026-10-04 08:41:25.945,1,13.0,False,,False,True
9491.192,STR,18,111.98,5.0,2.0,,,27.824,38.706,45.45,9426.668,9465.374,9510.824,260.0,129.0,256.0,273.0,True,INTERMEDIATE,3.0,True,Aston Martin,9379.212,2026-10-04 08:43:18.627,1,13.0,False,,False,True
9603.92,STR,18,112.728,6.0,2.0,,,28.01,39.278,45.44,9538.834,9578.112,9623.552,258.0,125.0,256.0,271.0,False,INTERMEDIATE,4.0,True,Aston Martin,9491.192,2026-10-04 08:45:10.607,12,13.0,False,,False,True
9717.005,STR,18,113.085,7.0,2.0,,,28.288,39.242,45.555,9651.84,9691.082,9736.637,260.0,125.0,256.0,272.0,False,INTERMEDIATE,5.0,True,Aston Martin,9603.92,2026-10-04 08:47:03.335,1,13.0,False,,False,True
9830.824,STR,18,113.819,8.0,2.0,,,28.307,39.538,45.974,9764.944,9804.482,9850.456,260.0,124.0,254.0,272.0,False,INTERMEDIATE,6.0,True,Aston Martin,9717.005,2026-10-04 08:48:56.420,12,12.0,False,,False,True
9963.686,STR,18,132.862,9.0,2.0,,9976.956,28.544,39.737,64.581,9879.0,9918.737,9983.318,261.0,111.0,,230.0,False,INTERMEDIATE,7.0,True,Aston Martin,9830.824,2026-10-04 08:50:50.239,124,12.0,False,,False,False
10122.942,STR,18,,10.0,3.0,10004.847,,55.586,46.367,57.296,10039.004,10085.388,10142.587,180.0,111.0,235.0,218.0,False,HARD,1.0,True,Aston Martin,9963.686,2026-10-04 08:53:03.101,4,11.0,False,,False,False
10253.891,STR,18,130.949,11.0,3.0,,,31.549,41.01,58.39,10174.123,10215.133,10273.523,234.0,113.0,236.0,225.0,False,HARD,2.0,True,Aston Martin,10122.942,2026-10-04 08:55:42.357,4,11.0,False,,False,False
10407.235,STR,18,,12.0,3.0,,,34.356,50.885,68.137,10307.889,10358.77,10426.98,133.0,117.0,256.0,194.0,False,HARD,3.0,True,Aston Martin,10253.891,2026-10-04 08:57:53.306,41,11.0,False,,False,False
10519.323,STR,18,112.088,13.0,3.0,,,29.486,38.199,44.403,10456.353,10494.552,10538.955,255.0,133.0,258.0,276.0,False,HARD,4.0,True,Aston Martin,10407.235,2026-10-04 09:00:26.650,12,11.0,False,,False,True
10627.22,STR,18,107.897,14.0,3.0,,,27.546,37.16,43.191,10566.501,10603.661,10646.852,263.0,132.0,259.0,274.0,True,HARD,5.0,True,Aston Martin,10519.323,2026-10-04 09:02:18.738,1,12.0,False,,False,True
10732.896,STR,18,105.676,15.0,3.0,,,27.816,36.072,41.788,10674.668,10710.74,10752.528,266.0,132.0,281.0,298.0,True,HARD,6.0,True,Aston Martin,10627.22,2026-10-04 09:04:06.635,12,12.0,False,,False,True
10837.45,STR,18,104.554,16.0,3.0,,,26.967,35.99,41.597,10779.495,10815.485,10857.082,277.0,134.0,283.0,299.0,True,HARD,7.0,True,Aston Martin,10732.896,2026-10-04 09:05:52.311,21,12.0,False,,False,True
10941.225,STR,18,103.775,17.0,3.0,,,26.295,35.684,41.796,10883.377,10919.061,10960.857,273.0,132.0,281.0,294.0,True,HARD,8.0,True,Aston Martin,10837.45,2026-10-04 09:07:36.865,1,12.0,False,,False,True
11044.425,STR,18,103.2,18.0,3.0,,,26.245,35.318,41.637,10987.102,11022.42,11064.057,273.0,135.0,281.0,294.0,True,HARD,9.0,True,Aston Martin,10941.225,2026-10-04 09:09:20.640,1,12.0,False,,False,True
11148.752,STR,18,104.327,19.0,3.0,,,26.25,35.295,42.782,11090.307,11125.602,11168.384,273.0,133.0,280.0,294.0,False,HARD,10.0,True,Aston Martin,11044.425,2026-10-04 09:11:03.840,1,12.0,False,,False,True
11252.018,STR,18,103.266,20.0,3.0,,,26.174,35.228,41.864,11194.558,11229.786,11271.65,273.0,130.0,281.0,295.0,False,HARD,11.0,True,Aston Martin,11148.752,2026-10-04 09:12:48.167,1,12.0,False,,False,True
11355.478,STR,18,103.46,21.0,3.0,,,26.231,35.316,41.913,11297.881,11333.197,11375.11,273.0,133.0,281.0,294.0,False,HARD,12.0,True,Aston Martin,11252.018,2026-10-04 09:14:31.433,1,12.0,False,,False,True
11459.206,STR,18,103.728,22.0,3.0,,,26.238,35.52,41.97,11401.348,11436.868,11478.838,272.0,131.0,281.0,294.0,False,HARD,13.0,True,Aston Martin,11355.478,2026-10-04 09:16:14.893,1,12.0,False,,False,True
11562.925,STR,18,103.719,23.0,3.0,,,26.201,35.457,42.061,11505.039,11540.496,11582.557,272.0,134.0,281.0,294.0,False,HARD,14.0,True,Aston Martin,11459.206,2026-10-04 09:17:58.621,1,12.0,False,,False,True
11666.445,STR,18,103.52,24.0,3.0,,,26.201,35.284,42.035,,11644.042,11686.077,272.0,133.0,282.0,295.0,False,HARD,15.0,True,Aston Martin,11562.925,2026-10-04 09:19:42.340,1,12.0,False,,False,True
11770.29,STR,18,103.845,25.0,3.0,,,26.257,35.502,42.086,11712.334,11747.836,11789.922,272.0,132.0,282.0,293.0,False,HARD,16.0,True,Aston Martin,11666.445,2026-10-04 09:21:25.860,1,12.0,False,,False,True
11874.072,STR,18,103.782,26.0,3.0,,,26.277,35.548,41.957,11816.199,11851.747,11893.704,273.0,133.0,283.0,296.0,False,HARD,17.0,True,Aston Martin,11770.29,2026-10-04 09:23:09.705,1,12.0,False,,False,True
11977.959,STR,18,103.887,27.0,3.0,,,26.303,35.518,42.066,11920.007,11955.525,11997.591,273.0,133.0,283.0,297.0,False,HARD,18.0,True,Aston Martin,11874.072,2026-10-04 09:24:53.487,1,12.0,False,,False,True
12088.661,STR,18,110.702,28.0,3.0,,12101.885,26.319,35.552,48.831,12023.91,12059.462,12108.293,273.0,129.0,,299.0,False,HARD,19.0,True,Aston Martin,11977.959,2026-10-04 09:26:37.374,1,13.0,False,,False,False
12210.534,STR,18,121.873,29.0,4.0,12130.213,,46.171,34.802,40.9,12154.464,12189.266,12230.166,271.0,138.0,284.0,297.0,False,HARD,1.0,True,Aston Martin,12088.661,2026-10-04 09:28:28.076,1,14.0,False,,False,False
12312.81,STR,18,102.276,30.0,4.0,,,25.908,35.07,41.298,12256.074,12291.144,12332.442,273.0,137.0,284.0,298.0,True,HARD,2.0,True,Aston Martin,12210.534,2026-10-04 09:30:29.949,1,14.0,False,,False,True
12415.232,STR,18,102.422,31.0,4.0,,,26.001,34.973,41.448,12358.443,12393.416,12434.864,274.0,134.0,285.0,299.0,False,HARD,3.0,True,Aston Martin,12312.81,2026-10-04 09:32:12.225,1,13.0,False,,False,True
12518.198,STR,18,102.966,32.0,4.0,,,26.035,35.194,41.737,12460.899,12496.093,12537.83,273.0,134.0,284.0,296.0,False,HARD,4.0,True,Aston Martin,12415.232,2026-10-04 09:33:54.647,1,12.0,False,,False,True
12621.079,STR,18,102.881,33.0,4.0,,,26.032,35.171,41.678,12563.862,12599.033,12640.711,273.0,133.0,285.0,300.0,False,HARD,5.0,True,Aston Martin,12518.198,2026-10-04 09:35:37.613,1,11.0,False,,False,True
12723.683,STR,18,102.604,34.0,4.0,,,25.97,35.002,41.632,12666.681,12701.683,12743.315,276.0,134.0,285.0,300.0,False,HARD,6.0,True,Aston Martin,12621.079,2026-10-04 09:37:20.494,1,11.0,False,,False,True
12827.28,STR,18,103.597,35.0,4.0,,,25.904,35.816,41.877,12769.219,12805.035,12846.912,292.0,134.0,285.0,304.0,False,HARD,7.0,True,Aston Martin,12723.683,2026-10-04 09:39:03.098,1,12.0,False,,False,True
12930.525,STR,18,103.245,36.0,4.0,,,26.078,35.36,41.807,12872.99,12908.35,12950.157,274.0,133.0,288.0,303.0,False,HARD,8.0,True,Aston Martin,12827.28,2026-10-04 09:40:46.695,1,13.0,False,,False,True
13033.699,STR,18,103.174,37.0,4.0,,,26.106,35.398,41.67,12976.263,13011.661,13053.331,278.0,133.0,288.0,320.0,False,HARD,9.0,True,Aston Martin,12930.525,2026-10-04 09:42:29.940,1,13.0,False,,False,True
13138.483,STR,18,104.784,38.0,4.0,,,25.964,36.597,42.223,13079.295,13115.892,13158.115,285.0,130.0,284.0,304.0,False,HARD,10.0,True,Aston Martin,13033.699,2026-10-04 09:44:13.114,1,14.0,False,,False,True
13242.041,STR,18,103.558,39.0,4.0,,,26.194,35.62,41.744,13184.309,13219.929,13261.673,272.0,133.0,287.0,304.0,False,HARD,11.0,True,Aston Martin,13138.483,2026-10-04 09:45:57.898,1,14.0,False,,False,True
13345.543,STR,18,103.502,40.0,4.0,,,25.911,35.504,42.087,13287.584,13323.088,13365.175,280.0,132.0,286.0,306.0,False,HARD,12.0,True,Aston Martin,13242.041,2026-10-04 09:47:41.456,1,14.0,False,,False,True
13448.779,STR,18,103.236,41.0,4.0,,,25.777,35.538,41.921,13390.952,13426.49,13468.411,309.0,133.0,281.0,299.0,False,HARD,13.0,True,Aston Martin,13345.543,2026-10-04 09:49:24.958,1,13.0,False,,False,True
13555.95,STR,18,107.171,42.0,4.0,,,26.443,35.289,45.439,13494.854,13530.143,13575.582,274.0,133.0,223.0,296.0,False,HARD,14.0,True,Aston Martin,13448.779,2026-10-04 09:51:08.194,12,13.0,False,,False,True
13693.394,STR,18,137.444,43.0,4.0,,13706.543,35.115,43.323,59.006,13610.697,13654.02,13713.026,252.0,77.0,,241.0,False,HARD,15.0,True,Aston Martin,13555.95,2026-10-04 09:52:55.365,26,13.0,False,,False,False
13845.633,STR,18,,44.0,5.0,13733.996,,51.829,44.188,56.221,13765.012,13809.247,13865.341,158.0,94.0,217.0,164.0,False,SOFT,,True,Aston Martin,13693.394,2026-10-04 09:55:12.809,6,13.0,False,,False,False
13978.871,STR,18,133.238,45.0,5.0,,,34.094,44.513,54.631,13899.359,13943.872,13998.503,234.0,68.0,192.0,219.0,False,SOFT,,True,Aston Martin,13845.633,2026-10-04 09:57:45.048,64,13.0,False,,False,False
14110.854,STR,18,131.983,46.0,5.0,,,36.096,42.774,53.113,14034.599,14077.373,14130.486,231.0,103.0,253.0,229.0,False,SOFT,,True,Aston Martin,13978.871,2026-10-04 09:59:58.286,4,13.0,False,,False,False
14226.603,STR,18,115.749,47.0,5.0,,,29.285,39.107,47.357,14159.771,14198.878,14246.235,249.0,117.0,250.0,262.0,False,SOFT,,True,Aston Martin,14110.854,2026-10-04 10:02:10.269,4,13.0,False,,False,False
14346.392,STR,18,119.789,48.0,5.0,,,27.937,38.131,53.721,14274.172,14312.303,14366.024,253.0,118.0,204.0,269.0,False,SOFT,,True,Aston Martin,14226.603,2026-10-04 10:04:06.018,4,12.0,False,,False,False
14493.898,STR,18,147.506,49.0,5.0,,,36.805,51.003,59.698,14402.829,14453.832,14513.53,238.0,95.0,169.0,256.0,False,SOFT,,True,Aston Martin,14346.392,2026-10-04 10:06:05.807,4,12.0,False,,False,False
14637.079,STR,18,143.181,50.0,5.0,,,32.203,51.788,59.19,14545.733,14597.521,14656.711,229.0,121.0,149.0,232.0,False,SOFT,,True,Aston Martin,14493.898,2026-10-04 10:08:33.313,4,11.0,False,,False,False
14787.722,STR,18,,51.0,5.0,,,38.442,52.826,59.304,14695.247,14748.059,14807.434,175.0,118.0,296.0,274.0,False,SOFT,,True,Aston Martin,14637.079,2026-10-04 10:10:56.494,41,11.0,False,,False,False
14890.302,STR,18,102.58,52.0,5.0,,,26.018,35.39,41.172,14833.372,14868.762,14909.934,280.0,136.0,291.0,311.0,False,SOFT,,True,Aston Martin,14787.722,2026-10-04 10:13:27.137,1,11.0,False,,False,True
14991.55,STR,18,101.248,53.0,5.0,,,25.682,34.592,40.974,14935.616,14970.208,15011.182,281.0,134.0,289.0,313.0,True,SOFT,,True,Aston Martin,14890.302,2026-10-04 10:15:09.717,1,11.0,False,,False,True
15092.871,STR,18,101.321,54.0,5.0,,,25.67,34.55,41.101,15036.852,15071.402,15112.503,280.0,137.0,289.0,310.0,False,SOFT,,True,Aston Martin,14991.55,2026-10-04 10:16:50.965,1,11.0,False,,False,True
15194.334,STR,18,101.463,55.0,5.0,,,25.785,34.697,40.981,15138.288,15172.985,15213.966,290.0,133.0,284.0,327.0,False,SOFT,,True,Aston Martin,15092.871,2026-10-04 10:18:32.286,1,11.0,False,,False,True
8939.371,ALB,23,197.933,1.0,1.0,,,,47.553,60.087,,8898.835,8959.101,222.0,119.0,231.0,220.0,False,INTERMEDIATE,1.0,True,Williams,8760.7,2026-10-04 08:33:00.115,1,18.0,False,,False,False
9137.079,ALB,23,,2.0,1.0,,,36.123,48.958,,8995.129,9044.073,,176.0,116.0,178.0,204.0,False,INTERMEDIATE,2.0,True,Williams,8939.371,2026-10-04 08:35:58.786,12,16.0,False,,False,False
9253.384,ALB,23,116.305,3.0,1.0,,,30.282,39.856,46.167,9186.912,9226.768,9272.935,250.0,127.0,262.0,290.0,True,INTERMEDIATE,3.0,True,Williams,9137.079,2026-10-04 08:39:16.494,1,7.0,False,,False,True
9366.99,ALB,23,113.606,4.0,1.0,,,28.424,39.654,45.528,9301.359,9341.013,9386.541,271.0,126.0,262.0,285.0,True,INTERMEDIATE,4.0,True,Williams,9253.384,2026-10-04 08:41:12.799,1,8.0,False,,False,True
9480.343,ALB,23,113.353,5.0,1.0,,,28.234,39.321,45.798,9414.775,9454.096,9499.894,265.0,127.0,260.0,283.0,True,INTERMEDIATE,5.0,True,Williams,9366.99,2026-10-04 08:43:06.405,1,8.0,False,,False,True
9595.151,ALB,23,114.808,6.0,1.0,,,28.424,40.096,46.288,9528.318,9568.414,9614.702,265.0,127.0,260.0,276.0,False,INTERMEDIATE,6.0,True,Williams,9480.343,2026-10-04 08:44:59.758,12,9.0,False,,False,True
9710.302,ALB,23,115.151,7.0,1.0,,,28.605,39.887,46.659,9643.307,9683.194,9729.853,265.0,128.0,260.0,273.0,False,INTERMEDIATE,7.0,True,Williams,9595.151,2026-10-04 08:46:54.566,1,9.0,False,,False,True
9825.704,ALB,23,115.402,8.0,1.0,,,28.566,40.065,46.771,9758.419,9798.484,9845.255,276.0,129.0,261.0,273.0,False,INTERMEDIATE,8.0,True,Williams,9710.302,2026-10-04 08:48:49.717,12,9.0,False,,False,True
9959.269,ALB,23,133.565,9.0,1.0,,9972.441,28.617,39.825,65.123,9873.872,9913.697,9978.82,268.0,126.0,,211.0,False,INTERMEDIATE,9.0,True,Williams,9825.704,2026-10-04 08:50:45.119,124,9.0,False,,False,False
10126.495,ALB,23,,10.0,2.0,10004.832,,62.357,46.476,58.318,10041.269,10087.728,10146.118,221.0,110.0,225.0,246.0,False,SOFT,1.0,True,Williams,9959.269,2026-10-04 08:52:58.684,4,12.0,False,,False,False
10255.501,ALB,23,129.006,11.0,2.0,,,32.457,39.7,56.849,10178.503,10218.203,10275.052,233.0,121.0,222.0,232.0,False,SOFT,2.0,True,Williams,10126.495,2026-10-04 08:55:45.910,4,12.0,False,,False,False
10407.899,ALB,23,,12.0,2.0,,,34.606,50.322,67.527,10309.717,10360.039,10427.67,93.0,124.0,259.0,186.0,False,SOFT,3.0,True,Williams,10255.501,2026-10-04 08:57:54.916,41,12.0,False,,False,False
10520.18,ALB,23,112.281,13.0,2.0,,,29.445,38.481,44.355,10456.895,10495.376,10539.731,253.0,126.0,267.0,291.0,True,SOFT,4.0,True,Williams,10407.899,2026-10-04 09:00:27.314,12,13.0,False,,False,True
10629.501,ALB,23,109.321,14.0,2.0,,,28.074,37.198,44.049,10567.805,10605.003,10649.052,269.0,136.0,267.0,283.0,True,SOFT,5.0,True,Williams,10520.18,2026-10-04 09:02:19.595,1,14.0,False,,False,True
10736.607,ALB,23,107.106,15.0,2.0,,,27.687,36.723,42.696,10676.739,10713.462,10756.158,277.0,134.0,288.0,297.0,True,SOFT,6.0,True,Williams,10629.501,2026-10-04 09:04:08.916,12,15.0,False,,False,True
10847.846,ALB,23,111.239,16.0,2.0,,10861.067,26.568,35.784,48.887,10782.726,10818.51,10867.397,287.0,136.0,,297.0,False,SOFT,7.0,True,Williams,10736.607,2026-10-04 09:05:56.022,21,16.0,False,,False,False
10970.646,ALB,23,122.8,17.0,3.0,10888.521,,46.036,35.446,41.318,10913.433,10948.879,10990.197,272.0,135.0,284.0,295.0,False,HARD,1.0,True,Williams,10847.846,2026-10-04 09:07:47.261,1,20.0,False,,False,False
11073.88,ALB,23,103.234,18.0,3.0,,,26.513,35.191,41.53,11016.71,11051.901,11093.431,278.0,137.0,283.0,293.0,True,HARD,2.0,True,Williams,10970.646,2026-10-04 09:09:50.061,1,20.0,False,,False,True
11176.724,ALB,23,102.844,19.0,3.0,,,25.973,35.199,41.672,11119.404,11154.603,11196.275,282.0,134.0,284.0,295.0,True,HARD,3.0,True,Williams,11073.88,2026-10-04 09:11:33.295,1,19.0,False,,False,True
11280.101,ALB,23,103.377,20.0,3.0,,,25.842,35.682,41.853,11222.117,11257.799,11299.652,283.0,134.0,285.0,297.0,False,HARD,4.0,True,Williams,11176.724,2026-10-04 09:13:16.139,1,19.0,False,,False,True
11383.627,ALB,23,103.526,21.0,3.0,,,25.895,35.494,42.137,11325.547,11361.041,11403.178,283.0,135.0,285.0,295.0,False,HARD,5.0,True,Williams,11280.101,2026-10-04 09:14:59.516,1,19.0,False,,False,True
11487.278,ALB,23,103.651,22.0,3.0,,,25.909,35.591,42.151,11429.087,11464.678,11506.829,283.0,135.0,284.0,296.0,False,HARD,6.0,True,Williams,11383.627,2026-10-04 09:16:43.042,1,19.0,False,,False,True
11591.199,ALB,23,103.921,23.0,3.0,,,26.189,35.578,42.154,11533.018,11568.596,11610.75,280.0,133.0,284.0,296.0,False,HARD,7.0,True,Williams,11487.278,2026-10-04 09:18:26.693,1,19.0,False,,False,True
11695.107,ALB,23,103.908,24.0,3.0,,,25.916,35.626,42.366,11636.666,11672.292,11714.658,287.0,133.0,284.0,297.0,False,HARD,8.0,True,Williams,11591.199,2026-10-04 09:20:10.614,1,19.0,False,,False,True
11799.298,ALB,23,104.191,25.0,3.0,,,26.096,35.751,42.344,11740.754,11776.505,11818.849,285.0,131.0,284.0,297.0,False,HARD,9.0,True,Williams,11695.107,2026-10-04 09:21:54.522,1,18.0,False,,False,True
11903.376,ALB,23,104.078,26.0,3.0,,,26.007,35.639,42.432,11844.856,11880.495,11922.927,280.0,130.0,284.0,298.0,False,HARD,10.0,True,Williams,11799.298,2026-10-04 09:23:38.713,1,17.0,False,,False,True
12007.762,ALB,23,104.386,27.0,3.0,,,26.198,35.818,42.37,11949.125,11984.943,12027.313,279.0,130.0,283.0,297.0,False,HARD,11.0,True,Williams,11903.376,2026-10-04 09:25:22.791,1,16.0,False,,False,True
12112.376,ALB,23,104.614,28.0,3.0,,,26.283,35.799,42.532,12053.596,12089.395,12131.927,280.0,130.0,282.0,294.0,False,HARD,12.0,True,Williams,12007.762,2026-10-04 09:27:07.177,1,16.0,False,,False,True
12225.167,ALB,23,112.791,29.0,3.0,,12238.317,26.402,36.436,49.953,12158.329,12194.765,12244.718,282.0,132.0,,300.0,False,HARD,13.0,True,Williams,12112.376,2026-10-04 09:28:51.791,1,20.0,False,,False,False
12348.45,ALB,23,123.283,30.0,4.0,12266.068,,46.195,35.406,41.682,12290.913,12326.319,12368.001,281.0,135.0,290.0,303.0,False,SOFT,,False,Williams,12225.167,2026-10-04 09:30:44.582,1,20.0,False,,False,False
12450.734,ALB,23,102.284,31.0,4.0,,,25.738,34.924,41.622,12393.739,12428.663,12470.285,287.0,138.0,288.0,300.0,True,SOFT,,False,Williams,12348.45,2026-10-04 09:32:47.865,1,20.0,False,,False,True
12553.736,ALB,23,103.002,32.0,4.0,,,25.644,35.338,42.02,12495.929,12531.267,12573.287,284.0,133.0,286.0,299.0,False,SOFT,,False,Williams,12450.734,2026-10-04 09:34:30.149,1,20.0,False,,False,True
12656.422,ALB,23,102.686,33.0,4.0,,,25.809,35.115,41.762,12599.096,12634.211,12675.973,286.0,135.0,286.0,294.0,False,SOFT,,False,Williams,12553.736,2026-10-04 09:36:13.151,1,20.0,False,,False,True
12759.035,ALB,23,102.613,34.0,4.0,,,25.75,35.071,41.792,12701.723,12736.794,12778.586,287.0,133.0,285.0,297.0,False,SOFT,,False,Williams,12656.422,2026-10-04 09:37:55.837,1,20.0,False,,False,True
12862.785,ALB,23,103.75,35.0,4.0,,,26.27,35.401,42.079,12804.856,12840.257,12882.336,280.0,132.0,285.0,303.0,False,SOFT,,False,Williams,12759.035,2026-10-04 09:39:38.450,1,19.0,False,,False,True
12965.889,ALB,23,103.104,36.0,4.0,,,25.902,35.199,42.003,12908.238,12943.437,12985.44,281.0,131.0,285.0,304.0,False,SOFT,,False,Williams,12862.785,2026-10-04 09:41:22.200,1,19.0,False,,False,True
13069.024,ALB,23,103.135,37.0,4.0,,,25.86,35.258,42.017,13011.3,13046.558,13088.575,280.0,133.0,284.0,304.0,False,SOFT,,False,Williams,12965.889,2026-10-04 09:43:05.304,1,19.0,False,,False,True
13173.875,ALB,23,104.851,38.0,4.0,,,26.016,35.361,43.474,13114.591,13149.952,13193.426,280.0,133.0,287.0,234.0,False,SOFT,,False,Williams,13069.024,2026-10-04 09:44:48.439,1,19.0,False,,False,True
13278.311,ALB,23,104.436,39.0,4.0,,,26.342,35.93,42.164,13219.768,13255.698,13297.862,288.0,131.0,288.0,310.0,False,SOFT,,False,Williams,13173.875,2026-10-04 09:46:33.290,1,19.0,False,,False,True
13382.124,ALB,23,103.813,40.0,4.0,,,25.976,35.646,42.191,13323.838,13359.484,13401.675,282.0,132.0,287.0,306.0,False,SOFT,,False,Williams,13278.311,2026-10-04 09:48:17.726,1,19.0,False,,False,True
13486.489,ALB,23,104.365,41.0,4.0,,,26.319,35.73,42.316,13427.994,13463.724,13506.04,279.0,132.0,286.0,303.0,False,SOFT,,False,Williams,13382.124,2026-10-04 09:50:01.539,1,19.0,False,,False,True
13636.489,ALB,23,,42.0,4.0,,,,,,,,,,,,,,SOFT,,False,Williams,13486.489,2026-10-04 09:51:45.904,126,,False,,True,False
8936.149,HUL,27,194.684,1.0,1.0,,,,52.056,59.891,,8895.845,8955.791,193.0,88.0,219.0,228.0,False,SOFT,1.0,True,Audi,8760.7,2026-10-04 08:33:00.115,1,15.0,False,,False,False
9094.996,HUL,27,,2.0,1.0,,9107.942,35.574,48.687,74.553,8991.365,9040.034,9114.583,211.0,98.0,,141.0,False,SOFT,2.0,True,Audi,8936.149,2026-10-04 08:35:55.564,12,4.0,False,,False,False
9264.908,HUL,27,,3.0,2.0,9169.323,,81.199,43.152,45.63,9195.775,9238.979,9284.495,240.0,113.0,261.0,285.0,False,INTERMEDIATE,1.0,True,Audi,9094.996,2026-10-04 08:38:34.411,1,12.0,False,,False,False
9375.645,HUL,27,110.737,4.0,2.0,,,27.833,37.753,45.151,9312.328,9350.081,9395.232,260.0,127.0,256.0,268.0,True,INTERMEDIATE,2.0,True,Audi,9264.908,2026-10-04 08:41:24.323,1,12.0,False,,False,True
9487.212,HUL,27,111.567,5.0,2.0,,,27.852,38.17,45.545,9423.084,9461.254,9506.799,257.0,126.0,256.0,268.0,False,INTERMEDIATE,3.0,True,Audi,9375.645,2026-10-04 08:43:15.060,1,12.0,False,,False,True
9599.869,HUL,27,112.657,6.0,2.0,,,28.052,38.543,46.062,9534.851,9573.394,9619.456,260.0,126.0,254.0,269.0,False,INTERMEDIATE,4.0,True,Audi,9487.212,2026-10-04 08:45:06.627,12,12.0,False,,False,True
9713.97,HUL,27,114.101,7.0,2.0,,,28.434,39.198,46.469,9647.89,9687.088,9733.557,263.0,122.0,255.0,269.0,False,INTERMEDIATE,5.0,True,Audi,9599.869,2026-10-04 08:46:59.284,1,12.0,False,,False,True
9835.101,HUL,27,121.131,8.0,2.0,,9848.196,28.457,39.27,53.404,9762.014,9801.284,9854.688,264.0,121.0,,271.0,False,INTERMEDIATE,6.0,True,Audi,9713.97,2026-10-04 08:48:53.385,12,13.0,False,,False,False
9986.63,HUL,27,,9.0,3.0,9875.821,,48.328,44.989,58.176,9903.103,9948.109,10006.253,262.0,121.0,185.0,205.0,False,SOFT,1.0,True,Audi,9835.101,2026-10-04 08:50:54.516,124,14.0,False,,False,False
10128.511,HUL,27,141.881,10.0,3.0,,,36.811,47.277,57.793,10043.028,10090.305,10148.098,236.0,99.0,237.0,240.0,False,SOFT,2.0,True,Audi,9986.63,2026-10-04 08:53:26.045,4,13.0,False,,False,False
10256.388,HUL,27,127.877,11.0,3.0,,,31.044,39.918,56.915,10179.142,10219.06,10275.975,216.0,122.0,240.0,233.0,False,SOFT,3.0,True,Audi,10128.511,2026-10-04 08:55:47.926,4,13.0,False,,False,False
10408.159,HUL,27,,12.0,3.0,,,34.002,51.005,66.791,10309.999,10361.079,10427.862,102.0,126.0,262.0,190.0,False,SOFT,4.0,True,Audi,10256.388,2026-10-04 08:57:55.803,41,13.0,False,,False,False
10517.534,HUL,27,109.375,13.0,3.0,,,28.815,37.058,43.502,10456.561,10493.619,10537.121,259.0,133.0,261.0,274.0,True,SOFT,5.0,True,Audi,10408.159,2026-10-04 09:00:27.574,12,10.0,False,,False,True
10624.145,HUL,27,106.611,14.0,3.0,,,27.173,36.002,43.436,10564.294,10600.296,10643.732,256.0,130.0,262.0,286.0,True,SOFT,6.0,True,Audi,10517.534,2026-10-04 09:02:16.949,1,10.0,False,,False,True
10729.136,HUL,27,104.991,15.0,3.0,,,27.004,36.139,41.848,10670.736,10706.875,10748.723,282.0,131.0,285.0,320.0,True,SOFT,7.0,True,Audi,10624.145,2026-10-04 09:04:03.560,1,9.0,False,,False,True
10832.877,HUL,27,103.741,16.0,3.0,,,26.633,35.525,41.583,10775.356,10810.881,10852.464,269.0,132.0,284.0,300.0,True,SOFT,8.0,True,Audi,10729.136,2026-10-04 09:05:48.551,12,10.0,False,,False,True
10935.823,HUL,27,102.946,17.0,3.0,,,26.138,35.248,41.56,10878.602,10913.85,10955.41,274.0,132.0,284.0,299.0,True,SOFT,9.0,True,Audi,10832.877,2026-10-04 09:07:32.292,1,10.0,False,,False,True
11038.456,HUL,27,102.633,18.0,3.0,,,25.892,35.058,41.683,10981.302,11016.36,11058.043,273.0,132.0,284.0,308.0,True,SOFT,10.0,True,Audi,10935.823,2026-10-04 09:09:15.238,1,10.0,False,,False,True
11141.397,HUL,27,102.941,19.0,3.0,,,26.037,35.116,41.788,11084.08,11119.196,11160.984,273.0,131.0,285.0,311.0,False,SOFT,11.0,True,Audi,11038.456,2026-10-04 09:10:57.871,1,10.0,False,,False,True
11245.196,HUL,27,103.799,20.0,3.0,,,26.0,35.661,42.138,11186.984,11222.645,11264.783,269.0,132.0,288.0,322.0,False,SOFT,12.0,True,Audi,11141.397,2026-10-04 09:12:40.812,1,10.0,False,,False,True
11348.948,HUL,27,103.752,21.0,3.0,,,26.214,35.557,41.981,11290.997,11326.554,11368.535,278.0,130.0,287.0,319.0,False,SOFT,13.0,True,Audi,11245.196,2026-10-04 09:14:24.611,1,10.0,False,,False,True
11453.026,HUL,27,104.078,22.0,3.0,,,26.103,35.677,42.298,11394.638,11430.315,11472.613,282.0,128.0,283.0,316.0,False,SOFT,14.0,True,Audi,11348.948,2026-10-04 09:16:08.363,1,10.0,False,,False,True
11558.43,HUL,27,105.404,23.0,3.0,,,26.85,36.253,42.301,11499.463,11535.716,11578.017,270.0,129.0,286.0,304.0,False,SOFT,15.0,True,Audi,11453.026,2026-10-04 09:17:52.441,1,11.0,False,,False,True
11662.236,HUL,27,103.806,24.0,3.0,,,26.184,35.464,42.158,11604.201,11639.665,11681.823,278.0,131.0,285.0,308.0,False,SOFT,16.0,True,Audi,11558.43,2026-10-04 09:19:37.845,1,11.0,False,,False,True
11766.747,HUL,27,104.511,25.0,3.0,,,26.19,35.909,42.412,11708.013,11743.922,11786.334,281.0,128.0,287.0,307.0,False,SOFT,17.0,True,Audi,11662.236,2026-10-04 09:21:21.651,1,11.0,False,,False,True
11871.158,HUL,27,104.411,26.0,3.0,,,26.162,35.785,42.464,11812.496,11848.281,11890.745,283.0,128.0,285.0,306.0,False,SOFT,18.0,True,Audi,11766.747,2026-10-04 09:23:06.162,1,11.0,False,,False,True
11975.39,HUL,27,104.232,27.0,3.0,,,26.119,35.75,42.363,11916.864,11952.614,11994.977,288.0,130.0,285.0,325.0,False,SOFT,19.0,True,Audi,11871.158,2026-10-04 09:24:50.573,1,11.0,False,,False,True
12079.97,HUL,27,104.58,28.0,3.0,,,26.347,35.698,42.535,12021.324,12057.022,12099.557,288.0,130.0,280.0,301.0,False,SOFT,20.0,True,Audi,11975.39,2026-10-04 09:26:34.805,1,10.0,False,,False,True
12184.235,HUL,27,104.265,29.0,3.0,,,26.509,35.316,42.44,12126.066,12161.382,12203.822,273.0,128.0,282.0,295.0,False,SOFT,21.0,True,Audi,12079.97,2026-10-04 09:28:19.385,1,9.0,False,,False,True
12288.664,HUL,27,104.429,30.0,3.0,,,26.619,35.293,42.517,12230.441,12265.734,12308.251,273.0,128.0,282.0,294.0,False,SOFT,22.0,True,Audi,12184.235,2026-10-04 09:30:03.650,1,9.0,False,,False,True
12392.899,HUL,27,104.235,31.0,3.0,,,26.544,35.172,42.519,12334.795,12369.967,12412.486,273.0,129.0,282.0,295.0,False,SOFT,23.0,True,Audi,12288.664,2026-10-04 09:31:48.079,1,8.0,False,,False,True
12503.481,HUL,27,110.582,32.0,3.0,,12516.489,26.611,35.394,48.577,12439.097,12474.491,12523.068,279.0,128.0,,297.0,False,SOFT,24.0,True,Audi,12392.899,2026-10-04 09:33:32.314,1,8.0,False,,False,False
12625.583,HUL,27,122.102,33.0,4.0,12544.927,,45.825,35.007,41.27,12568.893,12603.9,12645.17,276.0,134.0,283.0,301.0,False,SOFT,1.0,True,Audi,12503.481,2026-10-04 09:35:22.896,1,13.0,False,,False,False
12727.79,HUL,27,102.207,34.0,4.0,,,25.668,35.166,41.373,12670.838,12706.004,12747.377,272.0,134.0,285.0,298.0,True,SOFT,2.0,True,Audi,12625.583,2026-10-04 09:37:24.998,1,14.0,False,,False,True
12829.618,HUL,27,101.828,35.0,4.0,,,25.64,34.554,41.634,12773.017,12807.571,12849.205,274.0,131.0,287.0,302.0,True,SOFT,3.0,True,Audi,12727.79,2026-10-04 09:39:07.205,1,14.0,False,,False,True
12931.557,HUL,27,101.939,36.0,4.0,,,25.721,34.97,41.248,12874.926,12909.896,12951.144,278.0,132.0,289.0,315.0,False,SOFT,4.0,True,Audi,12829.618,2026-10-04 09:40:49.033,1,14.0,False,,False,True
13034.05,HUL,27,102.493,37.0,4.0,,,25.801,35.2,41.492,12976.945,13012.145,13053.637,280.0,131.0,293.0,324.0,False,SOFT,5.0,True,Audi,12931.557,2026-10-04 09:42:30.972,1,14.0,False,,False,True
13135.768,HUL,27,101.718,38.0,4.0,,,25.612,34.67,41.436,13079.249,13113.919,13155.355,311.0,132.0,285.0,302.0,True,SOFT,6.0,True,Audi,13034.05,2026-10-04 09:44:13.465,1,12.0,False,,False,True
13238.666,HUL,27,102.898,39.0,4.0,,,25.989,35.177,41.732,13181.344,13216.521,13258.253,277.0,131.0,284.0,306.0,False,SOFT,7.0,True,Audi,13135.768,2026-10-04 09:45:55.183,1,12.0,False,,False,True
13341.136,HUL,27,102.47,40.0,4.0,,,26.032,34.856,41.582,13284.285,13319.141,13360.723,273.0,132.0,291.0,318.0,False,SOFT,8.0,True,Audi,13238.666,2026-10-04 09:47:38.081,1,12.0,False,,False,True
13443.562,HUL,27,102.426,41.0,4.0,,,26.101,34.72,41.605,13386.824,13421.544,13463.149,284.0,131.0,285.0,313.0,False,SOFT,9.0,True,Audi,13341.136,2026-10-04 09:49:20.551,1,11.0,False,,False,True
13547.956,HUL,27,104.394,42.0,4.0,,,26.128,34.883,43.383,13489.277,13524.16,13567.543,274.0,131.0,115.0,298.0,False,SOFT,10.0,True,Audi,13443.562,2026-10-04 09:51:02.977,1,11.0,False,,False,True
13682.073,HUL,27,134.117,43.0,4.0,,,34.93,45.357,53.83,13602.473,13647.83,13701.66,197.0,107.0,165.0,262.0,False,SOFT,11.0,True,Audi,13547.956,2026-10-04 09:52:47.371,126,11.0,False,,False,False
13816.26,HUL,27,134.187,44.0,4.0,,,35.286,43.915,54.986,13736.946,13780.861,13835.847,227.0,93.0,167.0,223.0,False,SOFT,12.0,True,Audi,13682.073,2026-10-04 09:55:01.488,6,10.0,False,,False,False
13955.085,HUL,27,138.825,45.0,4.0,,13968.247,35.833,42.844,60.148,13871.68,13914.524,13974.672,253.0,99.0,,207.0,False,SOFT,13.0,True,Audi,13816.26,2026-10-04 09:57:15.675,64,10.0,False,,False,False
14105.436,HUL,27,,46.0,5.0,13996.388,,54.243,43.862,52.259,14028.991,14072.85,14125.127,196.0,112.0,255.0,291.0,False,SOFT,3.0,False,Audi,13955.085,2026-10-04 09:59:34.500,4,11.0,False,,False,False
14219.382,HUL,27,113.946,47.0,5.0,,,29.242,38.68,46.024,14154.265,14192.945,14238.969,274.0,119.0,276.0,305.0,False,SOFT,4.0,False,Audi,14105.436,2026-10-04 10:02:04.851,4,11.0,False,,False,False
14343.84,HUL,27,124.458,48.0,5.0,,,29.263,40.991,54.204,14268.232,14309.223,14363.427,215.0,125.0,260.0,266.0,False,SOFT,5.0,False,Audi,14219.382,2026-10-04 10:03:58.797,4,10.0,False,,False,False
14490.513,HUL,27,146.673,49.0,5.0,,,37.25,50.406,59.017,14400.677,14451.083,14510.1,231.0,81.0,160.0,245.0,False,SOFT,6.0,False,Audi,14343.84,2026-10-04 10:06:03.255,4,10.0,False,,False,False
14632.768,HUL,27,142.255,50.0,5.0,,,32.146,50.171,59.938,14542.246,14592.417,14652.355,238.0,96.0,153.0,263.0,False,SOFT,7.0,False,Audi,14490.513,2026-10-04 10:08:29.928,4,8.0,False,,False,False
14787.04,HUL,27,,51.0,5.0,,,39.798,51.537,62.85,14692.302,14743.777,14806.653,191.0,137.0,291.0,282.0,False,SOFT,8.0,False,Audi,14632.768,2026-10-04 10:10:52.183,41,8.0,False,,False,False
14888.53,HUL,27,101.49,52.0,5.0,,,25.614,35.181,40.695,14832.241,14867.422,14908.117,297.0,132.0,293.0,325.0,True,SOFT,9.0,False,Audi,14787.04,2026-10-04 10:13:26.455,1,8.0,False,,False,True
14990.258,HUL,27,101.728,53.0,5.0,,,25.593,35.282,40.853,14933.71,14968.992,15009.845,293.0,133.0,290.0,323.0,False,SOFT,10.0,False,Audi,14888.53,2026-10-04 10:15:07.945,1,9.0,False,,False,True
15091.652,HUL,27,101.394,54.0,5.0,,,25.848,34.327,41.219,15035.693,15070.02,15111.239,302.0,132.0,284.0,313.0,True,SOFT,11.0,False,Audi,14990.258,2026-10-04 10:16:49.673,1,9.0,False,,False,True
15193.724,HUL,27,102.072,55.0,5.0,,,26.044,34.495,41.533,15137.283,15171.778,15213.311,287.0,133.0,272.0,321.0,False,SOFT,12.0,False,Audi,15091.652,2026-10-04 10:18:31.067,1,10.0,False,,False,True
8893.338,VER,3,151.831,1.0,1.0,,,,47.414,70.666,,8842.323,8912.901,240.0,33.0,192.0,208.0,False,INTERMEDIATE,1.0,True,Red Bull Racing,8760.7,2026-10-04 08:33:00.115,1,1.0,False,,False,False
9133.102,VER,3,,2.0,1.0,,,37.948,55.597,,8950.953,9006.518,,172.0,113.0,1.0,175.0,False,INTERMEDIATE,2.0,True,Red Bull Racing,8893.338,2026-10-04 08:35:12.753,12,6.0,False,,False,False
9247.652,VER,3,114.55,3.0,1.0,,,32.153,37.928,44.469,9184.818,9222.746,9267.215,266.0,139.0,263.0,266.0,True,INTERMEDIATE,3.0,True,Red Bull Racing,9133.102,2026-10-04 08:39:12.517,1,3.0,False,,False,True
9356.682,VER,3,109.03,4.0,1.0,,,27.624,37.17,44.236,9294.839,9332.009,9376.245,264.0,132.0,263.0,267.0,True,INTERMEDIATE,4.0,True,Red Bull Racing,9247.652,2026-10-04 08:41:07.067,1,3.0,False,,False,True
9466.316,VER,3,109.634,5.0,1.0,,,27.864,37.35,44.42,9404.109,9441.459,9485.879,262.0,133.0,264.0,267.0,False,INTERMEDIATE,5.0,True,Red Bull Racing,9356.682,2026-10-04 08:42:56.097,1,3.0,False,,False,True
9576.835,VER,3,110.519,6.0,1.0,,,27.815,37.964,44.74,9513.694,9551.658,9596.398,277.0,129.0,261.0,268.0,False,INTERMEDIATE,6.0,True,Red Bull Racing,9466.316,2026-10-04 08:44:45.731,12,2.0,False,,False,True
9688.291,VER,3,111.456,7.0,1.0,,,28.451,38.091,44.914,9624.849,9662.94,9707.854,252.0,128.0,262.0,272.0,False,INTERMEDIATE,7.0,True,Red Bull Racing,9576.835,2026-10-04 08:46:36.250,1,2.0,False,,False,True
9800.178,VER,3,111.887,8.0,1.0,,,28.548,38.302,45.037,9736.402,9774.704,9819.741,254.0,126.0,259.0,275.0,False,INTERMEDIATE,8.0,True,Red Bull Racing,9688.291,2026-10-04 08:48:27.706,12,2.0,False,,False,True
9923.734,VER,3,123.556,9.0,1.0,,9936.933,28.952,38.618,55.986,9848.693,9887.311,9943.297,275.0,122.0,,253.0,False,INTERMEDIATE,9.0,True,Red Bull Racing,9800.178,2026-10-04 08:50:19.593,124,2.0,False,,False,False
10094.747,VER,3,,10.0,2.0,9964.476,,53.76,53.585,63.66,9997.144,10050.707,10114.502,198.0,112.0,222.0,229.0,False,SOFT,1.0,True,Red Bull Racing,9923.734,2026-10-04 08:52:23.149,4,2.0,False,,False,False
10242.165,VER,3,147.418,11.0,2.0,,,35.909,52.38,59.129,10150.219,10202.599,10261.728,178.0,118.0,182.0,212.0,False,SOFT,2.0,True,Red Bull Racing,10094.747,2026-10-04 08:55:14.162,4,2.0,False,,False,False
10402.687,VER,3,,12.0,2.0,,,35.683,51.161,73.673,10297.514,10348.671,10422.429,228.0,128.0,262.0,177.0,False,SOFT,3.0,True,Red Bull Racing,10242.165,2026-10-04 08:57:41.580,41,2.0,False,,False,False
10507.536,VER,3,104.849,13.0,2.0,,,27.595,35.345,41.909,10449.845,10485.19,10527.099,281.0,139.0,266.0,281.0,True,SOFT,4.0,True,Red Bull Racing,10402.687,2026-10-04 09:00:22.102,12,1.0,False,,False,True
10610.992,VER,3,103.456,14.0,2.0,,,26.714,35.153,41.589,10553.813,10588.966,10630.555,260.0,134.0,266.0,273.0,True,SOFT,5.0,True,Red Bull Racing,10507.536,2026-10-04 09:02:06.951,1,1.0,False,,False,True
10713.219,VER,3,102.227,15.0,2.0,,,26.459,34.756,41.012,10657.014,10691.77,10732.782,263.0,137.0,283.0,296.0,True,SOFT,6.0,True,Red Bull Racing,10610.992,2026-10-04 09:03:50.407,1,1.0,False,,False,True
10814.417,VER,3,101.198,16.0,2.0,,,25.938,34.366,40.894,10758.72,10793.086,10833.98,274.0,140.0,285.0,295.0,True,SOFT,7.0,True,Red Bull Racing,10713.219,2026-10-04 09:05:32.634,12,1.0,False,,False,True
10915.397,VER,3,100.98,17.0,2.0,,,25.868,34.342,40.77,10859.848,10894.19,10934.96,274.0,140.0,284.0,295.0,True,SOFT,8.0,True,Red Bull Racing,10814.417,2026-10-04 09:07:13.832,1,1.0,False,,False,True
11016.35,VER,3,100.953,18.0,2.0,,,25.795,34.318,40.84,10960.755,10995.073,11035.913,273.0,139.0,284.0,295.0,True,SOFT,9.0,True,Red Bull Racing,10915.397,2026-10-04 09:08:54.812,1,1.0,False,,False,True
11117.736,VER,3,101.386,19.0,2.0,,,25.799,34.528,41.059,11061.712,11096.24,11137.299,274.0,137.0,283.0,295.0,False,SOFT,10.0,True,Red Bull Racing,11016.35,2026-10-04 09:10:35.765,1,1.0,False,,False,True
11218.838,VER,3,101.102,20.0,2.0,,,25.809,34.349,40.944,11163.108,11197.457,11238.401,275.0,138.0,283.0,295.0,False,SOFT,11.0,True,Red Bull Racing,11117.736,2026-10-04 09:12:17.151,1,1.0,False,,False,True
11319.992,VER,3,101.154,21.0,2.0,,,25.901,34.334,40.919,11264.302,11298.636,11339.555,274.0,139.0,284.0,296.0,False,SOFT,12.0,True,Red Bull Racing,11218.838,2026-10-04 09:13:58.253,1,1.0,False,,False,True
11421.255,VER,3,101.263,22.0,2.0,,,25.831,34.33,41.102,11365.386,11399.716,11440.818,275.0,137.0,285.0,295.0,False,SOFT,13.0,True,Red Bull Racing,11319.992,2026-10-04 09:15:39.407,1,1.0,False,,False,True
11522.664,VER,3,101.409,23.0,2.0,,,25.818,34.508,41.083,11466.636,11501.144,11542.227,273.0,138.0,285.0,296.0,False,SOFT,14.0,True,Red Bull Racing,11421.255,2026-10-04 09:17:20.670,1,1.0,False,,False,True
11623.999,VER,3,101.335,24.0,2.0,,,25.79,34.434,41.111,11568.017,11602.451,11643.562,274.0,138.0,284.0,295.0,False,SOFT,15.0,True,Red Bull Racing,11522.664,2026-10-04 09:19:02.079,1,1.0,False,,False,True
11725.552,VER,3,101.553,25.0,2.0,,,25.898,34.41,41.245,11669.46,11703.87,11745.115,275.0,138.0,283.0,295.0,False,SOFT,16.0,True,Red Bull Racing,11623.999,2026-10-04 09:20:43.414,1,1.0,False,,False,True
11827.269,VER,3,101.717,26.0,2.0,,,25.94,34.477,41.3,11771.055,11805.532,11846.832,274.0,140.0,285.0,297.0,False,SOFT,17.0,True,Red Bull Racing,11725.552,2026-10-04 09:22:24.967,1,1.0,False,,False,True
11929.022,VER,3,101.753,27.0,2.0,,,26.038,34.421,41.294,11872.87,11907.291,11948.585,275.0,137.0,285.0,298.0,False,SOFT,18.0,True,Red Bull Racing,11827.269,2026-10-04 09:24:06.684,1,1.0,False,,False,True
12030.922,VER,3,101.9,28.0,2.0,,,26.08,34.458,41.362,11974.665,12009.123,12050.485,276.0,138.0,284.0,297.0,False,SOFT,19.0,True,Red Bull Racing,11929.022,2026-10-04 09:25:48.437,1,1.0,False,,False,True
12132.817,VER,3,101.895,29.0,2.0,,,25.99,34.447,41.458,12076.475,12110.922,12152.38,276.0,135.0,285.0,297.0,False,SOFT,20.0,True,Red Bull Racing,12030.922,2026-10-04 09:27:30.337,1,1.0,False,,False,True
12234.774,VER,3,101.957,30.0,2.0,,,25.878,34.398,41.681,12178.258,12212.656,12254.337,284.0,135.0,282.0,294.0,False,SOFT,21.0,True,Red Bull Racing,12132.817,2026-10-04 09:29:12.232,1,1.0,False,,False,True
12336.779,VER,3,102.005,31.0,2.0,,,26.065,34.376,41.564,12280.402,12314.778,12356.342,283.0,137.0,283.0,294.0,False,SOFT,22.0,True,Red Bull Racing,12234.774,2026-10-04 09:30:54.189,1,1.0,False,,False,True
12438.969,VER,3,102.19,32.0,2.0,,,26.075,34.315,41.8,12382.417,12416.732,12458.532,282.0,135.0,284.0,293.0,False,SOFT,23.0,True,Red Bull Racing,12336.779,2026-10-04 09:32:36.194,1,1.0,False,,False,True
12547.85,VER,3,108.881,33.0,2.0,,12561.034,26.124,34.376,48.381,12484.656,12519.032,12567.413,284.0,135.0,,297.0,False,SOFT,24.0,True,Red Bull Racing,12438.969,2026-10-04 09:34:18.384,1,1.0,False,,False,False
12669.204,VER,3,121.354,34.0,3.0,12588.843,,45.967,34.329,41.058,12613.38,12647.709,12688.767,282.0,137.0,288.0,300.0,False,SOFT,,False,Red Bull Racing,12547.85,2026-10-04 09:36:07.265,1,1.0,False,,False,False
12770.092,VER,3,100.888,35.0,3.0,,,25.515,34.456,40.917,12714.282,12748.738,12789.655,283.0,141.0,286.0,296.0,True,SOFT,,False,Red Bull Racing,12669.204,2026-10-04 09:38:08.619,1,1.0,False,,False,True
12870.367,VER,3,100.275,36.0,3.0,,,25.517,33.874,40.884,12815.172,12849.046,12889.93,284.0,140.0,284.0,296.0,True,SOFT,,False,Red Bull Racing,12770.092,2026-10-04 09:39:49.507,1,1.0,False,,False,True
12971.042,VER,3,100.675,37.0,3.0,,,25.608,34.162,40.905,12915.538,12949.7,12990.605,284.0,140.0,287.0,297.0,False,SOFT,,False,Red Bull Racing,12870.367,2026-10-04 09:41:29.782,1,1.0,False,,False,True
13071.855,VER,3,100.813,38.0,3.0,,,25.609,34.152,41.052,13016.214,13050.366,13091.418,286.0,138.0,287.0,298.0,False,SOFT,,False,Red Bull Racing,12971.042,2026-10-04 09:43:10.457,1,1.0,False,,False,True
13173.028,VER,3,101.173,39.0,3.0,,,25.629,34.214,41.33,13117.047,13151.261,13192.591,286.0,139.0,284.0,296.0,False,SOFT,,False,Red Bull Racing,13071.855,2026-10-04 09:44:51.270,1,1.0,False,,False,True
13273.718,VER,3,100.69,40.0,3.0,,,25.723,34.025,40.942,13218.314,13252.339,13293.281,284.0,141.0,288.0,300.0,False,SOFT,,False,Red Bull Racing,13173.028,2026-10-04 09:46:32.443,1,1.0,False,,False,True
13374.653,VER,3,100.935,41.0,3.0,,,25.741,34.137,41.057,13319.022,13353.159,13394.216,285.0,141.0,288.0,299.0,False,SOFT,,False,Red Bull Racing,13273.718,2026-10-04 09:48:13.133,1,1.0,False,,False,True
13475.618,VER,3,100.965,42.0,3.0,,,25.657,34.2,41.108,13419.873,13454.073,13495.181,287.0,139.0,287.0,299.0,False,SOFT,,False,Red Bull Racing,13374.653,2026-10-04 09:49:54.068,1,1.0,False,,False,True
13592.701,VER,3,117.083,43.0,3.0,,13605.918,25.824,34.1,57.159,13521.005,13555.105,13612.264,286.0,138.0,,179.0,False,SOFT,,False,Red Bull Racing,13475.618,2026-10-04 09:51:35.033,126,1.0,False,,False,False
13744.244,VER,3,,44.0,4.0,13633.434,,54.847,40.98,55.649,13667.184,13708.246,13763.871,256.0,113.0,202.0,240.0,False,SOFT,4.0,False,Red Bull Racing,13592.701,2026-10-04 09:53:32.116,6,2.0,False,,False,False
13879.262,VER,3,135.018,45.0,4.0,,,35.309,43.13,56.579,13799.116,13842.246,13898.825,263.0,105.0,110.0,183.0,False,SOFT,5.0,False,Red Bull Racing,13744.244,2026-10-04 09:56:03.659,6,1.0,False,,False,False
14030.183,VER,3,,46.0,4.0,,,41.611,51.101,58.289,13940.591,13991.544,14049.913,168.0,117.0,172.0,257.0,False,SOFT,6.0,False,Red Bull Racing,13879.262,2026-10-04 09:58:18.677,64,1.0,False,,False,False
14177.331,VER,3,147.148,47.0,4.0,,,35.292,51.073,60.783,14085.038,14136.111,14196.894,234.0,124.0,158.0,248.0,False,SOFT,7.0,False,Red Bull Racing,14030.183,2026-10-04 10:00:49.598,4,1.0,False,,False,False
14327.537,VER,3,,48.0,4.0,,,39.119,50.575,60.443,14236.082,14286.77,14347.254,186.0,114.0,123.0,266.0,False,SOFT,8.0,False,Red Bull Racing,14177.331,2026-10-04 10:03:16.746,4,1.0,False,,False,False
14477.712,VER,3,,49.0,4.0,,,40.693,50.327,59.146,14387.848,14438.129,14497.448,160.0,129.0,189.0,239.0,False,SOFT,9.0,False,Red Bull Racing,14327.537,2026-10-04 10:05:46.952,4,1.0,False,,False,False
14623.166,VER,3,145.454,50.0,4.0,,,34.954,51.163,59.337,14532.229,14583.392,14642.729,216.0,98.0,148.0,249.0,False,SOFT,10.0,False,Red Bull Racing,14477.712,2026-10-04 10:08:17.127,4,1.0,False,,False,False
14782.492,VER,3,,51.0,4.0,,,38.834,51.121,69.408,14681.552,14732.721,14802.184,221.0,98.0,290.0,274.0,False,SOFT,11.0,False,Red Bull Racing,14623.166,2026-10-04 10:10:42.581,41,1.0,False,,False,False
14880.915,VER,3,98.423,52.0,4.0,,,25.327,33.093,40.003,14827.382,14860.475,14900.478,282.0,144.0,286.0,294.0,True,SOFT,12.0,False,Red Bull Racing,14782.492,2026-10-04 10:13:21.907,1,1.0,False,,False,True
14979.444,VER,3,98.529,53.0,4.0,,,25.395,33.009,40.125,14925.873,14958.882,14999.007,282.0,143.0,287.0,295.0,False,SOFT,13.0,False,Red Bull Racing,14880.915,2026-10-04 10:15:00.330,1,1.0,False,,False,True
15078.058,VER,3,98.614,54.0,4.0,,,25.57,32.991,40.053,15024.577,15057.568,15097.621,276.0,143.0,289.0,297.0,False,SOFT,14.0,False,Red Bull Racing,14979.444,2026-10-04 10:16:38.859,1,1.0,False,,False,True
15176.278,VER,3,98.22,55.0,4.0,,,25.516,32.883,39.821,15123.137,15156.02,15195.841,277.0,140.0,283.0,323.0,True,SOFT,15.0,False,Red Bull Racing,15078.058,2026-10-04 10:18:17.473,1,1.0,False,,False,True
8920.563,LAW,30,179.175,1.0,1.0,,,,50.42,60.364,,8879.988,8940.194,190.0,98.0,210.0,220.0,False,INTERMEDIATE,1.0,True,Racing Bulls,8760.7,2026-10-04 08:33:00.115,1,10.0,False,,False,False
9136.018,LAW,30,,2.0,1.0,,,35.968,50.021,,8976.282,9026.277,,197.0,104.0,136.0,177.0,False,INTERMEDIATE,2.0,True,Racing Bulls,8920.563,2026-10-04 08:35:39.978,12,12.0,False,,False,False
9249.897,LAW,30,113.879,3.0,1.0,,,29.283,39.395,45.201,9184.932,9224.327,9269.528,275.0,130.0,262.0,266.0,True,INTERMEDIATE,3.0,True,Racing Bulls,9136.018,2026-10-04 08:39:15.433,1,4.0,False,,False,True
9361.704,LAW,30,111.807,4.0,1.0,,,28.269,38.575,44.963,9297.797,9336.372,9381.335,251.0,137.0,261.0,267.0,True,INTERMEDIATE,4.0,True,Racing Bulls,9249.897,2026-10-04 08:41:09.312,1,4.0,False,,False,True
9473.34,LAW,30,111.636,5.0,1.0,,,28.057,38.156,45.423,9409.392,9447.548,9492.971,258.0,131.0,260.0,268.0,True,INTERMEDIATE,5.0,True,Racing Bulls,9361.704,2026-10-04 08:43:01.119,1,4.0,False,,False,True
9586.375,LAW,30,113.035,6.0,1.0,,,28.078,38.58,46.377,9521.049,9559.629,9606.006,261.0,126.0,259.0,265.0,False,INTERMEDIATE,6.0,True,Racing Bulls,9473.34,2026-10-04 08:44:52.755,12,5.0,False,,False,True
9700.736,LAW,30,114.361,7.0,1.0,,,28.834,39.278,46.249,9634.84,9674.118,9720.367,255.0,122.0,259.0,269.0,False,INTERMEDIATE,7.0,True,Racing Bulls,9586.375,2026-10-04 08:46:45.790,1,5.0,False,,False,True
9814.858,LAW,30,114.122,8.0,1.0,,,28.518,39.147,46.457,9748.885,9788.032,9834.489,262.0,121.0,257.0,269.0,False,INTERMEDIATE,8.0,True,Racing Bulls,9700.736,2026-10-04 08:48:40.151,12,5.0,False,,False,True
9946.038,LAW,30,131.18,9.0,1.0,,9959.125,28.702,39.24,63.238,9863.191,9902.431,9965.669,265.0,119.0,,228.0,False,INTERMEDIATE,9.0,True,Racing Bulls,9814.858,2026-10-04 08:50:34.273,124,5.0,False,,False,False
10105.532,LAW,30,,10.0,2.0,9987.769,,54.651,46.722,58.201,10020.3,10067.169,10125.27,197.0,121.0,229.0,163.0,False,HARD,1.0,True,Racing Bulls,9946.038,2026-10-04 08:52:45.453,4,5.0,False,,False,False
10245.658,LAW,30,140.126,11.0,2.0,,,32.331,48.447,59.348,10157.494,10205.941,10265.289,213.0,112.0,203.0,219.0,False,HARD,2.0,True,Racing Bulls,10105.532,2026-10-04 08:55:24.947,4,5.0,False,,False,False
10404.212,LAW,30,,12.0,2.0,,,36.476,50.722,71.358,10301.92,10352.593,10424.064,139.0,103.0,259.0,192.0,False,HARD,3.0,True,Racing Bulls,10245.658,2026-10-04 08:57:45.073,41,5.0,False,,False,False
10512.4,LAW,30,108.188,13.0,2.0,,,28.233,36.739,43.216,10452.076,10488.815,10532.031,265.0,131.0,264.0,275.0,True,HARD,4.0,True,Racing Bulls,10404.212,2026-10-04 09:00:23.627,12,5.0,False,,False,True
10618.142,LAW,30,105.742,14.0,2.0,,,27.184,36.02,42.538,10559.215,10595.235,10637.773,263.0,133.0,265.0,272.0,True,HARD,5.0,True,Racing Bulls,10512.4,2026-10-04 09:02:11.815,1,5.0,False,,False,True
10722.788,LAW,30,104.646,15.0,2.0,,,27.184,35.692,41.77,,10700.649,10742.419,261.0,132.0,282.0,293.0,True,HARD,6.0,True,Racing Bulls,10618.142,2026-10-04 09:03:57.557,1,5.0,False,,False,True
10826.518,LAW,30,103.73,16.0,2.0,,,26.404,35.429,41.897,10768.823,10804.252,10846.149,276.0,133.0,281.0,295.0,True,HARD,7.0,True,Racing Bulls,10722.788,2026-10-04 09:05:42.203,12,5.0,False,,False,True
10930.476,LAW,30,103.958,17.0,2.0,,,26.427,35.55,41.981,10872.576,10908.126,10950.107,276.0,132.0,282.0,296.0,False,HARD,8.0,True,Racing Bulls,10826.518,2026-10-04 09:07:25.933,1,5.0,False,,False,True
11034.179,LAW,30,103.703,18.0,2.0,,,26.233,35.368,42.102,10976.34,11011.708,11053.81,278.0,132.0,282.0,297.0,True,HARD,9.0,True,Racing Bulls,10930.476,2026-10-04 09:09:09.891,1,5.0,False,,False,True
11137.418,LAW,30,103.239,19.0,2.0,,,26.141,34.951,42.147,11079.951,11114.902,11157.049,278.0,131.0,284.0,297.0,True,HARD,10.0,True,Racing Bulls,11034.179,2026-10-04 09:10:53.594,1,5.0,False,,False,True
11240.836,LAW,30,103.418,20.0,2.0,,,26.093,35.373,41.952,11183.142,11218.515,11260.467,280.0,131.0,281.0,296.0,False,HARD,11.0,True,Racing Bulls,11137.418,2026-10-04 09:12:36.833,1,5.0,False,,False,True
11343.921,LAW,30,103.085,21.0,2.0,,,25.958,35.046,42.081,11286.425,11321.471,11363.552,277.0,130.0,282.0,295.0,True,HARD,12.0,True,Racing Bulls,11240.836,2026-10-04 09:14:20.251,1,5.0,False,,False,True
11448.405,LAW,30,104.484,22.0,2.0,,,26.509,35.853,42.122,11390.061,11425.914,11468.036,250.0,130.0,283.0,301.0,False,HARD,13.0,True,Racing Bulls,11343.921,2026-10-04 09:16:03.336,1,6.0,False,,False,True
11551.928,LAW,30,103.523,23.0,2.0,,,26.143,35.368,42.012,11494.179,11529.547,11571.559,279.0,130.0,284.0,296.0,False,HARD,14.0,True,Racing Bulls,11448.405,2026-10-04 09:17:47.820,1,6.0,False,,False,True
11655.416,LAW,30,103.488,24.0,2.0,,,26.076,35.336,42.076,11597.635,11632.971,11675.047,278.0,130.0,283.0,297.0,False,HARD,15.0,True,Racing Bulls,11551.928,2026-10-04 09:19:31.343,1,6.0,False,,False,True
11759.525,LAW,30,104.109,25.0,2.0,,,26.158,35.282,42.669,11701.205,11736.487,11779.156,278.0,130.0,284.0,298.0,False,HARD,16.0,True,Racing Bulls,11655.416,2026-10-04 09:21:14.831,1,6.0,False,,False,True
11863.478,LAW,30,103.953,26.0,2.0,,,26.228,35.344,42.381,11805.384,11840.728,11883.109,279.0,129.0,282.0,296.0,False,HARD,17.0,True,Racing Bulls,11759.525,2026-10-04 09:22:58.940,1,6.0,False,,False,True
11967.11,LAW,30,103.632,27.0,2.0,,,26.19,35.376,42.066,11909.299,11944.675,11986.741,280.0,130.0,283.0,297.0,False,HARD,18.0,True,Racing Bulls,11863.478,2026-10-04 09:24:42.893,1,6.0,False,,False,True
12071.021,LAW,30,103.911,28.0,2.0,,,26.25,35.427,42.234,12012.991,12048.418,12090.652,279.0,131.0,283.0,297.0,False,HARD,19.0,True,Racing Bulls,11967.11,2026-10-04 09:26:26.525,1,6.0,False,,False,True
12175.124,LAW,30,104.103,29.0,2.0,,,26.234,35.353,42.516,12116.886,12152.239,12194.755,278.0,131.0,280.0,297.0,False,HARD,20.0,True,Racing Bulls,12071.021,2026-10-04 09:28:10.436,1,6.0,False,,False,True
12287.481,LAW,30,112.357,30.0,2.0,,12300.636,26.956,35.918,49.483,12221.711,12257.629,12307.112,283.0,129.0,,308.0,False,HARD,21.0,True,Racing Bulls,12175.124,2026-10-04 09:29:54.539,1,8.0,False,,False,False
12409.119,LAW,30,121.638,31.0,3.0,12328.682,,45.737,34.949,40.952,12352.849,12387.798,12428.75,282.0,134.0,288.0,308.0,False,HARD,,True,Racing Bulls,12287.481,2026-10-04 09:31:46.896,1,10.0,False,,False,False
12510.488,LAW,30,101.369,32.0,3.0,,,25.464,34.574,41.331,12454.214,12488.788,12530.119,279.0,132.0,286.0,299.0,True,HARD,,True,Racing Bulls,12409.119,2026-10-04 09:33:48.534,1,9.0,False,,False,True
12612.424,LAW,30,101.936,33.0,3.0,,,25.876,34.587,41.473,12555.995,12590.582,12632.055,269.0,132.0,286.0,298.0,False,HARD,,True,Racing Bulls,12510.488,2026-10-04 09:35:29.903,1,8.0,False,,False,True
12714.223,LAW,30,101.799,34.0,3.0,,,25.675,34.632,41.492,12657.73,12692.362,12733.854,279.0,133.0,284.0,295.0,False,HARD,,True,Racing Bulls,12612.424,2026-10-04 09:37:11.839,1,7.0,False,,False,True
12816.233,LAW,30,102.01,35.0,3.0,,,25.769,34.605,41.636,12759.623,12794.228,12835.864,279.0,133.0,292.0,298.0,False,HARD,,True,Racing Bulls,12714.223,2026-10-04 09:38:53.638,1,7.0,False,,False,True
12918.859,LAW,30,102.626,36.0,3.0,,,26.052,35.091,41.483,12861.916,12897.007,12938.49,283.0,130.0,286.0,305.0,False,HARD,,True,Racing Bulls,12816.233,2026-10-04 09:40:35.648,1,7.0,False,,False,True
13021.138,LAW,30,102.279,37.0,3.0,,,25.762,34.848,41.669,12964.252,12999.1,13040.769,281.0,131.0,285.0,300.0,False,HARD,,True,Racing Bulls,12918.859,2026-10-04 09:42:18.274,1,7.0,False,,False,True
13123.607,LAW,30,102.469,38.0,3.0,,,25.836,34.9,41.733,13066.605,13101.505,13143.238,279.0,130.0,284.0,299.0,False,HARD,,True,Racing Bulls,13021.138,2026-10-04 09:44:00.553,1,7.0,False,,False,True
13226.815,LAW,30,103.208,39.0,3.0,,,26.307,35.244,41.657,13169.545,13204.789,13246.446,280.0,132.0,288.0,303.0,False,HARD,,True,Racing Bulls,13123.607,2026-10-04 09:45:43.022,1,8.0,False,,False,True
13329.458,LAW,30,102.643,40.0,3.0,,,25.973,35.077,41.593,13272.419,13307.496,13349.089,284.0,131.0,288.0,305.0,False,HARD,,True,Racing Bulls,13226.815,2026-10-04 09:47:26.230,1,8.0,False,,False,True
13432.034,LAW,30,102.576,41.0,3.0,,,25.94,34.993,41.643,13375.029,13410.022,13451.665,283.0,132.0,287.0,303.0,False,HARD,,True,Racing Bulls,13329.458,2026-10-04 09:49:08.873,1,8.0,False,,False,True
13535.08,LAW,30,103.046,42.0,3.0,,,25.971,35.311,41.764,13477.636,13512.947,13554.711,282.0,131.0,286.0,301.0,False,HARD,,True,Racing Bulls,13432.034,2026-10-04 09:50:51.449,1,8.0,False,,False,True
13666.515,LAW,30,131.435,43.0,3.0,,,32.444,44.421,54.57,13587.155,13631.576,13686.146,217.0,93.0,239.0,241.0,False,HARD,,True,Racing Bulls,13535.08,2026-10-04 09:52:34.495,126,8.0,False,,False,False
13801.52,LAW,30,135.005,44.0,3.0,,,37.323,41.65,56.032,13723.469,13765.119,13821.151,250.0,86.0,205.0,239.0,False,HARD,,True,Racing Bulls,13666.515,2026-10-04 09:54:45.930,6,8.0,False,,False,False
13940.747,LAW,30,139.227,45.0,3.0,,13953.888,36.009,42.171,61.047,13857.16,13899.331,13960.378,252.0,112.0,,231.0,False,HARD,,True,Racing Bulls,13801.52,2026-10-04 09:57:00.935,64,8.0,False,,False,False
14092.581,LAW,30,,46.0,4.0,13983.685,,55.75,42.954,53.05,14016.319,14059.366,14112.323,257.0,128.0,270.0,189.0,False,SOFT,1.0,True,Racing Bulls,13940.747,2026-10-04 09:59:20.162,4,9.0,False,,False,False
14203.288,LAW,30,110.707,47.0,4.0,,,27.056,37.516,46.135,14139.268,14176.784,14222.919,255.0,125.0,238.0,264.0,False,SOFT,2.0,True,Racing Bulls,14092.581,2026-10-04 10:01:51.996,4,8.0,False,,False,False
14338.484,LAW,30,135.196,48.0,4.0,,,28.107,44.509,62.58,14251.026,14295.535,14358.115,269.0,107.0,181.0,259.0,False,SOFT,3.0,True,Racing Bulls,14203.288,2026-10-04 10:03:42.703,4,8.0,False,,False,False
14487.747,LAW,30,149.263,49.0,4.0,,,40.323,49.438,59.502,14398.438,14447.876,14507.378,172.0,70.0,209.0,265.0,False,SOFT,4.0,True,Racing Bulls,14338.484,2026-10-04 10:05:57.899,4,8.0,False,,False,False
14629.731,LAW,30,141.984,50.0,4.0,,,32.05,49.749,60.185,14539.428,14589.177,14649.362,252.0,90.0,217.0,265.0,False,SOFT,5.0,True,Racing Bulls,14487.747,2026-10-04 10:08:27.162,4,6.0,False,,False,False
14785.879,LAW,30,,51.0,4.0,,,39.284,51.161,65.752,14688.755,14739.88,14805.684,243.0,136.0,293.0,212.0,False,SOFT,6.0,True,Racing Bulls,14629.731,2026-10-04 10:10:49.146,41,5.0,False,,False,False
14886.986,LAW,30,101.107,52.0,4.0,,,25.556,34.929,40.622,14831.066,14865.995,14906.617,300.0,135.0,292.0,314.0,True,SOFT,7.0,True,Racing Bulls,14785.879,2026-10-04 10:13:25.294,1,6.0,False,,False,True
14987.24,LAW,30,100.254,53.0,4.0,,,25.427,34.196,40.631,14932.044,14966.24,15006.871,286.0,135.0,292.0,310.0,True,SOFT,8.0,True,Racing Bulls,14886.986,2026-10-04 10:15:06.401,1,6.0,False,,False,True
15087.97,LAW,30,100.73,54.0,4.0,,,25.597,34.227,40.906,15032.468,15066.695,15107.601,282.0,132.0,290.0,304.0,False,SOFT,9.0,True,Racing Bulls,14987.24,2026-10-04 10:16:46.655,1,6.0,False,,False,True
15188.939,LAW,30,100.969,55.0,4.0,,,25.674,34.305,40.99,15133.275,15167.58,15208.57,283.0,130.0,289.0,325.0,False,SOFT,10.0,True,Racing Bulls,15087.97,2026-10-04 10:18:27.385,1,6.0,False,,False,True
8937.821,OCO,31,196.259,1.0,1.0,,,,51.005,59.979,,8897.451,8957.435,185.0,105.0,225.0,197.0,False,INTERMEDIATE,1.0,True,Haas F1 Team,8760.7,2026-10-04 08:33:00.115,1,17.0,False,,False,False
9137.136,OCO,31,,2.0,1.0,,,35.804,49.929,,8993.165,9043.076,,182.0,106.0,161.0,153.0,False,INTERMEDIATE,2.0,True,Haas F1 Team,8937.821,2026-10-04 08:35:57.236,12,17.0,False,,False,False
9253.533,OCO,31,116.397,3.0,1.0,,,30.844,39.349,46.204,9187.589,9226.938,9273.142,242.0,126.0,265.0,288.0,True,INTERMEDIATE,3.0,True,Haas F1 Team,9137.136,2026-10-04 08:39:16.551,1,8.0,False,,False,True
9365.386,OCO,31,111.853,4.0,1.0,,,28.148,38.418,45.287,9301.29,9339.708,9384.995,253.0,131.0,265.0,279.0,True,INTERMEDIATE,4.0,True,Haas F1 Team,9253.533,2026-10-04 08:41:12.948,1,7.0,False,,False,True
9478.694,OCO,31,113.308,5.0,1.0,,,28.535,39.246,45.527,9413.53,9452.776,9498.303,245.0,132.0,262.0,275.0,False,INTERMEDIATE,5.0,True,Haas F1 Team,9365.386,2026-10-04 08:43:04.801,1,7.0,False,,False,True
9590.893,OCO,31,112.199,6.0,1.0,,,28.244,38.705,45.25,9526.547,9565.252,9610.502,259.0,125.0,259.0,270.0,False,INTERMEDIATE,6.0,True,Haas F1 Team,9478.694,2026-10-04 08:44:58.109,12,6.0,False,,False,True
9703.531,OCO,31,112.638,7.0,1.0,,,28.501,38.201,45.936,9639.003,9677.204,9723.14,253.0,123.0,260.0,275.0,False,INTERMEDIATE,7.0,True,Haas F1 Team,9590.893,2026-10-04 08:46:50.308,1,6.0,False,,False,True
9817.011,OCO,31,113.48,8.0,1.0,,,28.835,38.653,45.992,9751.975,9790.628,9836.62,255.0,123.0,260.0,280.0,False,INTERMEDIATE,8.0,True,Haas F1 Team,9703.531,2026-10-04 08:48:42.946,12,6.0,False,,False,True
9947.72,OCO,31,130.709,9.0,1.0,,9960.891,29.101,39.157,62.451,9865.721,9904.878,9967.329,257.0,122.0,,212.0,False,INTERMEDIATE,9.0,True,Haas F1 Team,9817.011,2026-10-04 08:50:36.426,124,6.0,False,,False,False
10107.523,OCO,31,,10.0,2.0,9989.582,,55.206,46.506,58.091,10022.535,10069.059,10127.186,200.0,121.0,260.0,145.0,False,SOFT,1.0,True,Haas F1 Team,9947.72,2026-10-04 08:52:47.135,4,6.0,False,,False,False
10246.698,OCO,31,139.175,11.0,2.0,,,31.446,48.528,59.201,10158.578,10207.106,10266.307,214.0,115.0,203.0,215.0,False,SOFT,2.0,True,Haas F1 Team,10107.523,2026-10-04 08:55:26.938,4,6.0,False,,False,False
10404.888,OCO,31,,12.0,2.0,,,36.219,51.045,70.974,10302.593,10353.655,10424.728,154.0,94.0,263.0,188.0,False,SOFT,3.0,True,Haas F1 Team,10246.698,2026-10-04 08:57:46.113,41,6.0,False,,False,False
10514.059,OCO,31,109.171,13.0,2.0,,,28.375,37.458,43.338,10452.872,10490.33,10533.668,244.0,132.0,265.0,275.0,True,SOFT,4.0,True,Haas F1 Team,10404.888,2026-10-04 09:00:24.303,12,6.0,False,,False,True
10620.007,OCO,31,105.948,14.0,2.0,,,27.203,35.919,42.826,10560.871,10596.79,10639.616,262.0,133.0,266.0,278.0,True,SOFT,5.0,True,Haas F1 Team,10514.059,2026-10-04 09:02:13.474,1,6.0,False,,False,True
10724.7,OCO,31,104.693,15.0,2.0,,,27.024,35.893,41.776,10666.64,10702.533,10744.309,264.0,131.0,284.0,300.0,True,SOFT,6.0,True,Haas F1 Team,10620.007,2026-10-04 09:03:59.422,1,6.0,False,,False,True
10828.494,OCO,31,103.794,16.0,2.0,,,26.316,35.341,42.137,10770.625,10805.966,10848.103,274.0,133.0,283.0,300.0,True,SOFT,7.0,True,Haas F1 Team,10724.7,2026-10-04 09:05:44.115,12,6.0,False,,False,True
10932.201,OCO,31,103.707,17.0,2.0,,,26.398,35.347,41.962,10874.501,10909.848,10951.81,275.0,134.0,284.0,307.0,True,SOFT,8.0,True,Haas F1 Team,10828.494,2026-10-04 09:07:27.909,1,6.0,False,,False,True
11035.479,OCO,31,103.278,18.0,2.0,,,26.236,35.217,41.825,10978.046,11013.263,11055.088,276.0,134.0,284.0,303.0,True,SOFT,9.0,True,Haas F1 Team,10932.201,2026-10-04 09:09:11.616,1,6.0,False,,False,True
11138.538,OCO,31,103.059,19.0,2.0,,,26.096,35.16,41.803,11081.184,11116.344,11158.147,276.0,133.0,284.0,306.0,True,SOFT,10.0,True,Haas F1 Team,11035.479,2026-10-04 09:10:54.894,1,6.0,False,,False,True
11242.36,OCO,31,103.822,20.0,2.0,,,26.119,35.103,42.6,11184.266,11219.369,11261.969,276.0,132.0,287.0,303.0,False,SOFT,11.0,True,Haas F1 Team,11138.538,2026-10-04 09:12:37.953,1,7.0,False,,False,True
11345.502,OCO,31,103.142,21.0,2.0,,,25.978,35.236,41.928,11287.947,11323.183,11365.111,283.0,132.0,285.0,314.0,False,SOFT,12.0,True,Haas F1 Team,11242.36,2026-10-04 09:14:21.775,1,7.0,False,,False,True
11449.232,OCO,31,103.73,22.0,2.0,,,26.008,35.516,42.206,11391.119,11426.635,11468.841,276.0,130.0,284.0,313.0,False,SOFT,13.0,True,Haas F1 Team,11345.502,2026-10-04 09:16:04.917,1,7.0,False,,False,True
11552.907,OCO,31,103.675,23.0,2.0,,,26.186,35.373,42.116,11495.027,11530.4,11572.516,281.0,129.0,284.0,309.0,False,SOFT,14.0,True,Haas F1 Team,11449.232,2026-10-04 09:17:48.647,1,7.0,False,,False,True
11656.708,OCO,31,103.801,24.0,2.0,,,26.224,35.338,42.239,11598.74,11634.078,11676.317,283.0,130.0,284.0,309.0,False,SOFT,15.0,True,Haas F1 Team,11552.907,2026-10-04 09:19:32.322,1,7.0,False,,False,True
11760.629,OCO,31,103.921,25.0,2.0,,,26.27,35.427,42.224,11702.587,11738.014,11780.238,276.0,130.0,283.0,308.0,False,SOFT,16.0,True,Haas F1 Team,11656.708,2026-10-04 09:21:16.123,1,7.0,False,,False,True
11864.623,OCO,31,103.994,26.0,2.0,,,26.223,35.506,42.265,11806.461,11841.967,11884.232,282.0,130.0,283.0,310.0,False,SOFT,17.0,True,Haas F1 Team,11760.629,2026-10-04 09:23:00.044,1,7.0,False,,False,True
11969.319,OCO,31,104.696,27.0,2.0,,,26.619,35.784,42.293,11910.851,11946.635,11988.928,273.0,129.0,284.0,317.0,False,SOFT,18.0,True,Haas F1 Team,11864.623,2026-10-04 09:24:44.038,1,8.0,False,,False,True
12074.45,OCO,31,105.131,28.0,2.0,,,26.611,35.703,42.817,12015.539,12051.242,12094.059,270.0,130.0,284.0,317.0,False,SOFT,19.0,True,Haas F1 Team,11969.319,2026-10-04 09:26:28.734,1,9.0,False,,False,True
12186.463,OCO,31,112.013,29.0,2.0,,12199.599,26.53,35.643,49.84,12120.589,12156.232,12206.072,283.0,128.0,,323.0,False,SOFT,20.0,True,Haas F1 Team,12074.45,2026-10-04 09:28:13.865,1,10.0,False,,False,False
12309.756,OCO,31,123.293,30.0,3.0,12228.708,,47.534,34.785,40.974,12253.606,12288.391,12329.365,278.0,135.0,289.0,313.0,False,HARD,,False,Haas F1 Team,12186.463,2026-10-04 09:30:05.878,1,13.0,False,,False,False
12412.038,OCO,31,102.282,31.0,3.0,,,25.465,35.212,41.605,12354.83,12390.042,12431.647,297.0,133.0,291.0,319.0,True,HARD,,False,Haas F1 Team,12309.756,2026-10-04 09:32:09.171,1,12.0,False,,False,True
12515.707,OCO,31,103.669,32.0,3.0,,,25.806,34.781,43.082,12457.453,12492.234,12535.316,290.0,131.0,284.0,299.0,False,HARD,,False,Haas F1 Team,12412.038,2026-10-04 09:33:51.453,1,10.0,False,,False,True
12619.532,OCO,31,103.825,33.0,3.0,,,26.093,35.772,41.96,12561.409,12597.181,12639.141,287.0,131.0,284.0,310.0,False,HARD,,False,Haas F1 Team,12515.707,2026-10-04 09:35:35.122,1,10.0,False,,False,True
12722.45,OCO,31,102.918,34.0,3.0,,,26.127,34.946,41.845,12665.268,12700.214,12742.059,281.0,131.0,285.0,307.0,False,HARD,,False,Haas F1 Team,12619.532,2026-10-04 09:37:18.947,1,10.0,False,,False,True
12825.663,OCO,31,103.213,35.0,3.0,,,26.091,35.196,41.926,12768.15,12803.346,12845.272,280.0,131.0,285.0,314.0,False,HARD,,False,Haas F1 Team,12722.45,2026-10-04 09:39:01.865,1,10.0,False,,False,True
12929.798,OCO,31,104.135,36.0,3.0,,,26.0,35.924,42.211,12871.272,12907.196,12949.407,296.0,129.0,285.0,308.0,False,HARD,,False,Haas F1 Team,12825.663,2026-10-04 09:40:45.078,1,12.0,False,,False,True
13033.243,OCO,31,103.445,37.0,3.0,,,26.239,35.093,42.113,12975.646,13010.739,13052.852,276.0,131.0,284.0,307.0,False,HARD,,False,Haas F1 Team,12929.798,2026-10-04 09:42:29.213,1,12.0,False,,False,True
13137.705,OCO,31,104.462,38.0,3.0,,,26.22,35.906,42.336,13079.072,13114.978,13157.314,275.0,128.0,285.0,308.0,False,HARD,,False,Haas F1 Team,13033.243,2026-10-04 09:44:12.658,1,13.0,False,,False,True
13241.263,OCO,31,103.558,39.0,3.0,,,26.253,35.135,42.17,13183.567,13218.702,13260.872,279.0,131.0,284.0,307.0,False,HARD,,False,Haas F1 Team,13137.705,2026-10-04 09:45:57.120,1,13.0,False,,False,True
13344.842,OCO,31,103.579,40.0,3.0,,,26.168,35.272,42.139,13287.04,13322.312,13364.451,278.0,130.0,284.0,309.0,False,HARD,,False,Haas F1 Team,13241.263,2026-10-04 09:47:40.678,1,13.0,False,,False,True
13456.277,OCO,31,111.435,41.0,3.0,,13469.498,26.297,36.484,48.654,13390.748,13427.232,13475.886,278.0,128.0,,312.0,False,HARD,,False,Haas F1 Team,13344.842,2026-10-04 09:49:24.257,1,14.0,False,,False,False
13591.627,OCO,31,135.35,42.0,4.0,13497.792,,46.976,34.554,53.82,13522.862,13557.416,13611.236,277.0,133.0,185.0,201.0,False,SOFT,4.0,False,Haas F1 Team,13456.277,2026-10-04 09:51:15.692,126,17.0,False,,False,False
13725.216,OCO,31,133.589,43.0,4.0,,,34.956,43.259,55.374,13646.192,13689.451,13744.825,222.0,109.0,197.0,206.0,False,SOFT,5.0,False,Haas F1 Team,13591.627,2026-10-04 09:53:31.042,6,16.0,False,,False,False
13859.067,OCO,31,133.851,44.0,4.0,,,35.208,43.389,55.254,13780.033,13823.422,13878.676,211.0,121.0,203.0,220.0,False,SOFT,6.0,False,Haas F1 Team,13725.216,2026-10-04 09:55:44.631,6,16.0,False,,False,False
13992.578,OCO,31,133.511,45.0,4.0,,,35.22,42.872,55.419,13913.896,13956.768,14012.187,221.0,119.0,196.0,205.0,False,SOFT,7.0,False,Haas F1 Team,13859.067,2026-10-04 09:57:58.482,64,16.0,False,,False,False
14123.595,OCO,31,131.017,46.0,4.0,,,35.293,44.851,50.873,14047.48,14092.331,14143.204,222.0,108.0,283.0,233.0,False,SOFT,8.0,False,Haas F1 Team,13992.578,2026-10-04 10:00:11.993,4,16.0,False,,False,False
14231.534,OCO,31,107.939,47.0,4.0,,,27.736,37.941,42.262,14170.94,14208.881,14251.143,221.0,130.0,282.0,318.0,False,SOFT,9.0,False,Haas F1 Team,14123.595,2026-10-04 10:02:23.010,4,16.0,False,,False,False
14351.232,OCO,31,119.698,48.0,4.0,,,27.088,37.778,54.832,14278.231,14316.009,14370.841,271.0,120.0,213.0,201.0,False,SOFT,10.0,False,Haas F1 Team,14231.534,2026-10-04 10:04:10.949,4,15.0,False,,False,False
14496.151,OCO,31,144.919,49.0,4.0,,,35.297,50.318,59.304,14406.138,14456.456,14515.76,184.0,92.0,169.0,221.0,False,SOFT,11.0,False,Haas F1 Team,14351.232,2026-10-04 10:06:10.647,4,15.0,False,,False,False
14639.727,OCO,31,143.576,50.0,4.0,,,33.991,51.843,57.742,14549.751,14601.594,14659.336,223.0,120.0,131.0,235.0,False,SOFT,12.0,False,Haas F1 Team,14496.151,2026-10-04 10:08:35.566,4,14.0,False,,False,False
14789.266,OCO,31,149.539,51.0,4.0,,,39.361,51.376,58.802,14698.697,14750.073,14808.875,232.0,114.0,292.0,267.0,False,SOFT,13.0,False,Haas F1 Team,14639.727,2026-10-04 10:10:59.142,41,14.0,False,,False,False
14892.144,OCO,31,102.878,52.0,4.0,,,25.943,35.456,41.479,14834.818,14870.274,14911.753,297.0,136.0,291.0,324.0,False,SOFT,14.0,False,Haas F1 Team,14789.266,2026-10-04 10:13:28.681,1,14.0,False,,False,True
14994.206,OCO,31,102.062,53.0,4.0,,,25.732,34.958,41.372,14937.485,14972.443,15013.815,288.0,129.0,290.0,319.0,True,SOFT,15.0,False,Haas F1 Team,14892.144,2026-10-04 10:15:11.559,1,14.0,False,,False,True
15096.606,OCO,31,102.4,54.0,4.0,,,25.791,35.022,41.587,15039.606,15074.628,15116.215,294.0,130.0,290.0,315.0,False,SOFT,16.0,False,Haas F1 Team,14994.206,2026-10-04 10:16:53.621,1,14.0,False,,False,True
15198.721,OCO,31,102.115,55.0,4.0,,,25.645,35.02,41.45,15141.86,15176.88,15218.33,287.0,130.0,287.0,340.0,False,SOFT,17.0,False,Haas F1 Team,15096.606,2026-10-04 10:18:36.021,1,14.0,False,,False,True
8957.466,LIN,41,215.978,1.0,1.0,,,,51.037,59.917,,8917.172,8977.029,176.0,95.0,202.0,233.0,False,INTERMEDIATE,1.0,True,Racing Bulls,8760.7,2026-10-04 08:33:00.115,1,21.0,False,,False,False
9138.037,LIN,41,,2.0,1.0,,,33.417,50.403,96.81,9010.629,9060.926,9157.792,199.0,63.0,204.0,161.0,False,INTERMEDIATE,2.0,True,Racing Bulls,8957.466,2026-10-04 08:36:16.881,12,19.0,False,,False,False
9254.338,LIN,41,116.301,3.0,1.0,,,30.58,39.576,46.145,9188.18,9227.756,9273.901,262.0,120.0,264.0,281.0,True,INTERMEDIATE,3.0,True,Racing Bulls,9138.037,2026-10-04 08:39:17.452,1,9.0,False,,False,True
9367.69,LIN,41,113.352,4.0,1.0,,,28.153,39.557,45.642,9302.054,9341.611,9387.253,256.0,117.0,263.0,270.0,True,INTERMEDIATE,4.0,True,Racing Bulls,9254.338,2026-10-04 08:41:13.753,1,9.0,False,,False,True
9480.38,LIN,41,112.69,5.0,1.0,,,27.982,39.347,45.361,9415.235,9454.582,9499.943,259.0,124.0,261.0,291.0,True,INTERMEDIATE,5.0,True,Racing Bulls,9367.69,2026-10-04 08:43:07.105,1,9.0,False,,False,True
9594.407,LIN,41,114.027,6.0,1.0,,,28.346,39.393,46.288,9528.289,9567.682,9613.97,252.0,120.0,259.0,270.0,False,INTERMEDIATE,6.0,True,Racing Bulls,9480.38,2026-10-04 08:44:59.795,12,8.0,False,,False,True
9707.874,LIN,41,113.467,7.0,1.0,,,28.39,39.156,45.921,9642.36,9681.516,9727.437,263.0,116.0,259.0,273.0,False,INTERMEDIATE,7.0,True,Racing Bulls,9594.407,2026-10-04 08:46:53.822,1,8.0,False,,False,True
9821.719,LIN,41,113.845,8.0,1.0,,,28.563,39.27,46.012,9756.0,9795.27,9841.282,263.0,116.0,258.0,274.0,False,INTERMEDIATE,8.0,True,Racing Bulls,9707.874,2026-10-04 08:48:47.289,12,8.0,False,,False,True
9952.843,LIN,41,131.124,9.0,1.0,,9966.066,28.701,39.569,62.854,9869.983,9909.552,9972.406,265.0,114.0,,229.0,False,INTERMEDIATE,9.0,True,Racing Bulls,9821.719,2026-10-04 08:50:41.134,124,8.0,False,,False,False
10112.258,LIN,41,,10.0,2.0,9994.441,,54.128,47.967,57.264,10026.66,10074.716,10131.821,142.0,63.0,245.0,183.0,False,HARD,1.0,True,Racing Bulls,9952.843,2026-10-04 08:52:52.258,4,7.0,False,,False,False
10247.886,LIN,41,135.628,11.0,2.0,,,30.157,46.109,59.362,10161.978,10208.087,10267.449,240.0,113.0,207.0,183.0,False,HARD,2.0,True,Racing Bulls,10112.258,2026-10-04 08:55:31.673,4,7.0,False,,False,False
10405.415,LIN,41,,12.0,2.0,,,36.191,50.99,70.416,10303.811,10354.702,10425.15,158.0,90.0,261.0,190.0,False,HARD,3.0,True,Racing Bulls,10247.886,2026-10-04 08:57:47.301,41,7.0,False,,False,False
10514.792,LIN,41,109.377,13.0,2.0,,,28.565,37.332,43.48,10453.543,10490.875,10534.355,263.0,128.0,265.0,286.0,True,HARD,4.0,True,Racing Bulls,10405.415,2026-10-04 09:00:24.830,12,7.0,False,,False,True
10621.683,LIN,41,106.891,14.0,2.0,,,27.419,36.27,43.202,10561.774,10598.044,10641.246,266.0,128.0,265.0,273.0,True,HARD,5.0,True,Racing Bulls,10514.792,2026-10-04 09:02:14.207,1,7.0,False,,False,True
10726.772,LIN,41,105.089,15.0,2.0,,,27.007,35.798,42.284,10668.253,10704.051,10746.335,266.0,125.0,284.0,299.0,True,HARD,6.0,True,Racing Bulls,10621.683,2026-10-04 09:04:01.098,1,7.0,False,,False,True
10830.235,LIN,41,103.463,16.0,2.0,,,26.116,35.595,41.752,10772.451,10808.046,10849.798,279.0,129.0,286.0,302.0,True,HARD,7.0,True,Racing Bulls,10726.772,2026-10-04 09:05:46.187,12,7.0,False,,False,True
10933.295,LIN,41,103.06,17.0,2.0,,,26.039,35.444,41.577,10875.837,10911.281,10952.858,280.0,130.0,285.0,303.0,True,HARD,8.0,True,Racing Bulls,10830.235,2026-10-04 09:07:29.650,1,7.0,False,,False,True
11036.378,LIN,41,103.083,18.0,2.0,,,25.933,35.413,41.737,10978.791,11014.204,11055.941,282.0,130.0,287.0,307.0,False,HARD,9.0,True,Racing Bulls,10933.295,2026-10-04 09:09:12.710,1,7.0,False,,False,True
11139.879,LIN,41,103.501,19.0,2.0,,,25.772,35.615,42.114,11081.713,11117.328,11159.442,282.0,126.0,285.0,307.0,False,HARD,10.0,True,Racing Bulls,11036.378,2026-10-04 09:10:55.793,1,8.0,False,,False,True
11244.336,LIN,41,104.457,20.0,2.0,,,26.661,35.814,41.982,11186.103,11221.917,11263.899,285.0,126.0,286.0,305.0,False,HARD,11.0,True,Racing Bulls,11139.879,2026-10-04 09:12:39.294,1,8.0,False,,False,True
11347.649,LIN,41,103.313,21.0,2.0,,,26.049,35.449,41.815,11289.948,11325.397,11367.212,283.0,128.0,286.0,303.0,False,HARD,12.0,True,Racing Bulls,11244.336,2026-10-04 09:14:23.751,1,8.0,False,,False,True
11451.412,LIN,41,103.763,22.0,2.0,,,26.204,35.46,42.099,11393.416,11428.876,11470.975,280.0,126.0,284.0,303.0,False,HARD,13.0,True,Racing Bulls,11347.649,2026-10-04 09:16:07.064,1,8.0,False,,False,True
11555.662,LIN,41,104.25,23.0,2.0,,,26.274,35.574,42.402,11497.249,11532.823,11575.225,280.0,127.0,291.0,301.0,False,HARD,14.0,True,Racing Bulls,11451.412,2026-10-04 09:17:50.827,1,9.0,False,,False,True
11661.228,LIN,41,105.566,24.0,2.0,,,26.63,36.406,42.53,11601.855,11638.261,11680.791,249.0,126.0,284.0,304.0,False,HARD,15.0,True,Racing Bulls,11555.662,2026-10-04 09:19:35.077,1,9.0,False,,False,True
11766.021,LIN,41,104.793,25.0,2.0,,,26.518,35.965,42.31,11707.309,11743.274,11785.584,285.0,129.0,285.0,303.0,False,HARD,16.0,True,Racing Bulls,11661.228,2026-10-04 09:21:20.643,1,10.0,False,,False,True
11870.446,LIN,41,104.425,26.0,2.0,,,26.351,35.79,42.284,11811.935,11847.725,11890.009,281.0,129.0,284.0,299.0,False,HARD,17.0,True,Racing Bulls,11766.021,2026-10-04 09:23:05.436,1,10.0,False,,False,True
11974.883,LIN,41,104.437,27.0,2.0,,,26.382,35.756,42.299,11916.391,11952.147,11994.446,280.0,129.0,285.0,302.0,False,HARD,18.0,True,Racing Bulls,11870.446,2026-10-04 09:24:49.861,1,10.0,False,,False,True
12085.511,LIN,41,110.628,28.0,2.0,,12098.572,26.369,35.473,48.786,12020.815,12056.288,12105.074,280.0,128.0,,300.0,False,HARD,19.0,True,Racing Bulls,11974.883,2026-10-04 09:26:34.298,1,12.0,False,,False,False
12207.357,LIN,41,121.846,29.0,3.0,12127.916,,47.098,34.118,40.63,12152.172,12186.29,12226.92,286.0,134.0,287.0,315.0,False,HARD,1.0,True,Racing Bulls,12085.511,2026-10-04 09:28:24.926,1,13.0,False,,False,False
12309.184,LIN,41,101.827,30.0,3.0,,,25.879,34.612,41.336,12252.799,12287.411,12328.747,277.0,132.0,285.0,299.0,True,HARD,2.0,True,Racing Bulls,12207.357,2026-10-04 09:30:26.772,1,12.0,False,,False,True
12411.858,LIN,41,102.674,31.0,3.0,,,25.976,35.019,41.679,12354.723,12389.742,12431.421,300.0,128.0,288.0,303.0,False,HARD,3.0,True,Racing Bulls,12309.184,2026-10-04 09:32:08.599,1,11.0,False,,False,True
12515.807,LIN,41,103.949,32.0,3.0,,,26.208,35.684,42.057,12457.629,12493.313,12535.37,288.0,128.0,288.0,302.0,False,HARD,4.0,True,Racing Bulls,12411.858,2026-10-04 09:33:51.273,1,11.0,False,,False,True
12618.784,LIN,41,102.977,33.0,3.0,,,25.889,35.239,41.849,12561.259,12596.498,12638.347,298.0,128.0,281.0,299.0,False,HARD,5.0,True,Racing Bulls,12515.807,2026-10-04 09:35:35.222,1,9.0,False,,False,True
12721.606,LIN,41,102.822,34.0,3.0,,,26.237,34.771,41.814,12664.584,12699.355,12741.169,278.0,132.0,284.0,297.0,False,HARD,6.0,True,Racing Bulls,12618.784,2026-10-04 09:37:18.199,1,9.0,False,,False,True
12824.707,LIN,41,103.101,35.0,3.0,,,26.137,35.052,41.912,12767.306,12802.358,12844.27,280.0,129.0,286.0,299.0,False,HARD,7.0,True,Racing Bulls,12721.606,2026-10-04 09:39:01.021,1,9.0,False,,False,True
12927.617,LIN,41,102.91,36.0,3.0,,,26.224,34.801,41.885,12870.494,12905.295,12947.18,281.0,129.0,285.0,301.0,False,HARD,8.0,True,Racing Bulls,12824.707,2026-10-04 09:40:44.122,1,9.0,False,,False,True
13030.622,LIN,41,103.005,37.0,3.0,,,26.062,35.025,41.918,12973.242,13008.267,13050.185,280.0,128.0,285.0,301.0,False,HARD,9.0,True,Racing Bulls,12927.617,2026-10-04 09:42:27.032,1,9.0,False,,False,True
13133.465,LIN,41,102.843,38.0,3.0,,,26.024,34.937,41.882,13076.209,13111.146,13153.028,280.0,130.0,285.0,298.0,False,HARD,10.0,True,Racing Bulls,13030.622,2026-10-04 09:44:10.037,1,10.0,False,,False,True
13236.422,LIN,41,102.957,39.0,3.0,,,25.961,34.969,42.027,13178.989,13213.958,13255.985,311.0,130.0,284.0,300.0,False,HARD,11.0,True,Racing Bulls,13133.465,2026-10-04 09:45:52.880,1,10.0,False,,False,True
13340.851,LIN,41,104.429,40.0,3.0,,,26.531,35.745,42.153,13282.516,13318.261,13360.414,285.0,128.0,287.0,302.0,False,HARD,12.0,True,Racing Bulls,13236.422,2026-10-04 09:47:35.837,1,11.0,False,,False,True
13445.438,LIN,41,104.587,41.0,3.0,,,26.475,35.894,42.218,13386.889,13422.783,13465.001,291.0,129.0,288.0,305.0,False,HARD,13.0,True,Racing Bulls,13340.851,2026-10-04 09:49:20.266,1,12.0,False,,False,True
13552.693,LIN,41,107.255,42.0,3.0,,,26.28,35.132,45.843,13491.281,13526.413,13572.256,283.0,127.0,176.0,301.0,False,HARD,14.0,True,Racing Bulls,13445.438,2026-10-04 09:51:04.853,12,12.0,False,,False,True
13690.503,LIN,41,137.81,43.0,3.0,,13703.746,34.998,43.139,59.673,13607.254,13650.393,13710.066,266.0,76.0,,212.0,False,HARD,15.0,True,Racing Bulls,13552.693,2026-10-04 09:52:52.108,216,12.0,False,,False,False
13841.491,LIN,41,,44.0,4.0,13731.746,,53.075,43.343,54.526,13763.262,13806.528,13861.122,209.0,95.0,211.0,219.0,False,SOFT,,True,Racing Bulls,13690.503,2026-10-04 09:55:09.918,6,12.0,False,,False,False
13975.26,LIN,41,133.769,45.0,4.0,,,35.363,43.937,54.469,13896.417,13940.354,13994.823,252.0,96.0,193.0,216.0,False,SOFT,,True,Racing Bulls,13841.491,2026-10-04 09:57:40.906,64,12.0,False,,False,False
14107.614,LIN,41,132.354,46.0,4.0,,,37.289,42.78,52.285,14032.112,14074.892,14127.177,241.0,116.0,269.0,273.0,False,SOFT,,True,Racing Bulls,13975.26,2026-10-04 09:59:54.675,4,12.0,False,,False,False
14221.216,LIN,41,113.602,47.0,4.0,,,28.817,38.611,46.174,14155.994,14194.605,14240.779,261.0,120.0,259.0,268.0,False,SOFT,,True,Racing Bulls,14107.614,2026-10-04 10:02:07.029,4,12.0,False,,False,False
14345.068,LIN,41,123.852,48.0,4.0,,,28.433,41.015,54.404,14269.212,14310.227,14364.631,225.0,115.0,248.0,277.0,False,SOFT,,True,Racing Bulls,14221.216,2026-10-04 10:04:00.631,4,11.0,False,,False,False
14492.135,LIN,41,147.067,49.0,4.0,,,36.825,50.133,60.109,14401.456,14451.589,14511.698,226.0,81.0,182.0,221.0,False,SOFT,,True,Racing Bulls,14345.068,2026-10-04 10:06:04.483,4,11.0,False,,False,False
14634.002,LIN,41,141.867,50.0,4.0,,,31.469,51.333,59.065,14543.167,14594.5,14653.565,237.0,119.0,163.0,229.0,False,SOFT,,True,Racing Bulls,14492.135,2026-10-04 10:08:31.550,4,9.0,False,,False,False
14787.213,LIN,41,,51.0,4.0,,,39.375,52.354,61.432,14693.042,14745.371,14806.918,165.0,126.0,298.0,273.0,False,SOFT,,True,Racing Bulls,14634.002,2026-10-04 10:10:53.417,41,9.0,False,,False,False
14889.483,LIN,41,102.27,52.0,4.0,,,25.852,35.55,40.868,14832.628,14868.178,14909.046,288.0,135.0,295.0,320.0,False,SOFT,,True,Racing Bulls,14787.213,2026-10-04 10:13:26.628,1,10.0,False,,False,True
14990.559,LIN,41,101.076,53.0,4.0,,,25.541,34.815,40.72,14934.587,14969.402,15010.122,290.0,134.0,297.0,322.0,True,SOFT,,True,Racing Bulls,14889.483,2026-10-04 10:15:08.898,1,10.0,False,,False,True
15091.932,LIN,41,101.373,54.0,4.0,,,25.548,34.837,40.988,15035.67,15070.507,15111.495,288.0,133.0,294.0,319.0,False,SOFT,,True,Racing Bulls,14990.559,2026-10-04 10:16:49.974,1,10.0,False,,False,True
15192.247,LIN,41,100.315,55.0,4.0,,,25.431,34.084,40.8,15136.926,15171.01,15211.81,285.0,132.0,282.0,331.0,True,SOFT,,True,Racing Bulls,15091.932,2026-10-04 10:18:31.347,1,9.0,False,,False,True
8955.726,COL,43,214.257,1.0,1.0,,,,50.824,59.415,,8915.876,8975.284,194.0,90.0,227.0,188.0,False,SOFT,1.0,True,Alpine,8760.7,2026-10-04 08:33:00.115,1,20.0,False,,False,False
9138.719,COL,43,,2.0,1.0,,,34.265,49.117,99.651,9009.623,9058.739,9158.386,223.0,97.0,174.0,204.0,False,SOFT,2.0,True,Alpine,8955.726,2026-10-04 08:36:15.141,12,21.0,False,,False,False
9281.142,COL,43,142.423,3.0,1.0,,,35.587,50.73,56.106,9193.864,9244.594,9300.7,205.0,93.0,245.0,262.0,True,SOFT,3.0,True,Alpine,9138.719,2026-10-04 08:39:18.134,1,20.0,False,,False,True
9414.595,COL,43,133.453,4.0,1.0,,,32.767,47.671,53.015,9333.467,9381.138,9434.153,240.0,96.0,247.0,281.0,True,SOFT,4.0,True,Alpine,9281.142,2026-10-04 08:41:40.557,1,20.0,False,,False,True
9542.145,COL,43,127.55,5.0,1.0,,,31.362,44.949,51.239,9465.515,9510.464,9561.703,257.0,107.0,253.0,279.0,True,SOFT,5.0,True,Alpine,9414.595,2026-10-04 08:43:54.010,1,20.0,False,,False,True
9666.975,COL,43,124.83,6.0,1.0,,,30.646,43.54,50.644,9592.349,9635.889,9686.533,254.0,108.0,255.0,265.0,False,SOFT,6.0,True,Alpine,9542.145,2026-10-04 08:46:01.560,12,20.0,True,TRACK LIMITS AT TURN 12 LAP 6 ,False,True
9786.909,COL,43,119.934,7.0,1.0,,,30.048,41.661,48.225,9716.581,9758.242,9806.467,257.0,110.0,255.0,271.0,True,SOFT,7.0,True,Alpine,9666.975,2026-10-04 08:48:06.390,12,21.0,False,,False,True
9905.514,COL,43,118.605,8.0,1.0,,,29.132,40.198,49.275,9835.599,9875.797,9925.072,260.0,118.0,192.0,271.0,True,SOFT,8.0,True,Alpine,9786.909,2026-10-04 08:50:06.324,12,21.0,False,,False,True
10055.096,COL,43,149.582,9.0,1.0,,10068.341,36.577,48.198,64.807,9961.649,10009.847,10074.654,189.0,99.0,,214.0,False,SOFT,9.0,True,Alpine,9905.514,2026-10-04 08:52:04.929,24,21.0,False,,False,False
10213.963,COL,43,,10.0,2.0,10096.133,,53.603,48.594,56.662,10128.427,10176.859,10233.691,217.0,116.0,232.0,219.0,False,MEDIUM,1.0,True,Alpine,10055.096,2026-10-04 08:54:34.511,4,21.0,False,,False,False
10329.196,COL,43,115.233,11.0,2.0,,,30.504,39.482,45.247,10264.025,10303.507,10348.754,265.0,118.0,266.0,282.0,True,MEDIUM,2.0,True,Alpine,10213.963,2026-10-04 08:57:13.378,4,21.0,False,,False,False
10437.903,COL,43,108.707,12.0,2.0,,,27.677,37.126,43.904,10376.431,10413.557,10457.461,283.0,124.0,267.0,273.0,True,MEDIUM,3.0,True,Alpine,10329.196,2026-10-04 08:59:08.611,41,21.0,False,,False,False
10544.12,COL,43,106.217,13.0,2.0,,,27.12,36.503,42.594,10484.581,10521.084,10563.678,265.0,130.0,268.0,282.0,True,MEDIUM,4.0,True,Alpine,10437.903,2026-10-04 09:00:57.318,12,21.0,False,,False,True
10649.897,COL,43,105.777,14.0,2.0,,,27.112,36.046,42.619,10590.79,10626.836,10669.455,261.0,128.0,268.0,279.0,True,MEDIUM,5.0,True,Alpine,10544.12,2026-10-04 09:02:43.535,1,21.0,False,,False,True
10754.719,COL,43,104.822,15.0,2.0,,,26.731,35.459,42.632,10696.186,10731.645,10774.277,278.0,129.0,283.0,307.0,True,MEDIUM,6.0,True,Alpine,10649.897,2026-10-04 09:04:29.312,12,21.0,False,,False,True
10858.206,COL,43,103.487,16.0,2.0,,,26.334,35.229,41.924,10800.611,10835.84,10877.764,274.0,129.0,285.0,296.0,True,MEDIUM,7.0,True,Alpine,10754.719,2026-10-04 09:06:14.134,21,20.0,False,,False,True
10961.175,COL,43,102.969,17.0,2.0,,,26.136,35.014,41.819,10903.9,10938.914,10980.733,287.0,128.0,285.0,299.0,True,MEDIUM,8.0,True,Alpine,10858.206,2026-10-04 09:07:57.621,1,19.0,False,,False,True
11063.659,COL,43,102.484,18.0,2.0,,,26.019,34.933,41.532,11006.752,11041.685,11083.217,287.0,131.0,286.0,300.0,True,MEDIUM,9.0,True,Alpine,10961.175,2026-10-04 09:09:40.590,1,19.0,False,,False,True
11166.103,COL,43,102.444,19.0,2.0,,,25.912,34.884,41.648,11109.129,11144.013,11185.661,286.0,127.0,286.0,300.0,True,MEDIUM,10.0,True,Alpine,11063.659,2026-10-04 09:11:23.074,1,18.0,False,,False,True
11269.028,COL,43,102.925,20.0,2.0,,,25.883,35.07,41.972,11211.544,11246.614,11288.586,288.0,129.0,285.0,303.0,False,MEDIUM,11.0,True,Alpine,11166.103,2026-10-04 09:13:05.518,1,18.0,False,,False,True
11372.237,COL,43,103.209,21.0,2.0,,,25.95,35.195,42.064,11314.536,11349.731,11391.795,284.0,132.0,286.0,303.0,False,MEDIUM,12.0,True,Alpine,11269.028,2026-10-04 09:14:48.443,1,18.0,False,,False,True
11475.478,COL,43,103.241,22.0,2.0,,,25.983,35.274,41.984,11417.778,11453.052,11495.036,285.0,127.0,286.0,305.0,False,MEDIUM,13.0,True,Alpine,11372.237,2026-10-04 09:16:31.652,1,18.0,False,,False,True
11578.944,COL,43,103.466,23.0,2.0,,,26.124,35.259,42.083,11521.16,11556.419,11598.502,284.0,130.0,286.0,305.0,False,MEDIUM,14.0,True,Alpine,11475.478,2026-10-04 09:18:14.893,1,18.0,False,,False,True
11682.403,COL,43,103.459,24.0,2.0,,,25.854,35.529,42.076,11624.356,11659.885,11701.961,288.0,129.0,285.0,305.0,False,MEDIUM,15.0,True,Alpine,11578.944,2026-10-04 09:19:58.359,1,17.0,False,,False,True
11786.045,COL,43,103.642,25.0,2.0,,,26.139,35.363,42.14,11728.1,11763.463,11805.603,284.0,132.0,285.0,305.0,False,MEDIUM,16.0,True,Alpine,11682.403,2026-10-04 09:21:41.818,1,16.0,False,,False,True
11889.206,COL,43,103.161,26.0,2.0,,,26.093,35.174,41.894,11831.696,11866.87,11908.764,287.0,133.0,285.0,304.0,False,MEDIUM,17.0,True,Alpine,11786.045,2026-10-04 09:23:25.460,1,15.0,False,,False,True
11992.678,COL,43,103.472,27.0,2.0,,,26.065,35.338,42.069,11934.829,11970.167,12012.236,286.0,132.0,284.0,301.0,False,MEDIUM,18.0,True,Alpine,11889.206,2026-10-04 09:25:08.621,1,15.0,False,,False,True
12096.206,COL,43,103.528,28.0,2.0,,,26.13,35.22,42.178,12038.366,12073.586,12115.764,284.0,132.0,285.0,304.0,False,MEDIUM,19.0,True,Alpine,11992.678,2026-10-04 09:26:52.093,1,14.0,False,,False,True
12200.179,COL,43,103.973,29.0,2.0,,,26.253,35.429,42.291,12142.017,12177.446,12219.737,280.0,130.0,285.0,303.0,False,MEDIUM,20.0,True,Alpine,12096.206,2026-10-04 09:28:35.621,1,12.0,False,,False,True
12304.924,COL,43,104.745,30.0,2.0,,,26.362,35.666,42.717,12246.099,12281.765,12324.482,282.0,134.0,285.0,301.0,False,MEDIUM,21.0,True,Alpine,12200.179,2026-10-04 09:30:19.594,1,11.0,False,,False,True
12415.577,COL,43,110.653,31.0,2.0,,12428.902,26.363,35.506,48.784,12350.845,12386.351,12435.135,285.0,127.0,,312.0,False,MEDIUM,22.0,True,Alpine,12304.924,2026-10-04 09:32:04.339,1,14.0,False,,False,False
12537.251,COL,43,121.674,32.0,3.0,12456.314,,45.84,34.798,41.036,12480.975,12515.773,12556.809,272.0,137.0,291.0,306.0,False,HARD,,False,Alpine,12415.577,2026-10-04 09:33:54.992,1,19.0,False,,False,False
12638.239,COL,43,100.988,33.0,3.0,,,25.464,34.562,40.962,12582.273,12616.835,12657.797,289.0,135.0,289.0,310.0,True,HARD,,False,Alpine,12537.251,2026-10-04 09:35:56.666,1,18.0,False,,False,True
12739.459,COL,43,101.22,34.0,3.0,,,25.487,34.652,41.081,12683.284,12717.936,12759.017,290.0,134.0,288.0,305.0,False,HARD,,False,Alpine,12638.239,2026-10-04 09:37:37.654,1,18.0,False,,False,True
12841.644,COL,43,102.185,35.0,3.0,,,26.013,34.932,41.24,12785.03,12819.962,12861.202,281.0,135.0,290.0,310.0,False,HARD,,False,Alpine,12739.459,2026-10-04 09:39:18.874,1,18.0,False,,False,True
12943.651,COL,43,102.007,36.0,3.0,,,25.537,34.774,41.696,12886.739,12921.513,12963.209,289.0,131.0,292.0,315.0,False,HARD,,False,Alpine,12841.644,2026-10-04 09:41:01.059,1,18.0,False,,False,True
13047.03,COL,43,103.379,37.0,3.0,,,25.826,35.431,42.122,12989.035,13024.466,13066.588,294.0,136.0,285.0,313.0,False,HARD,,False,Alpine,12943.651,2026-10-04 09:42:43.066,1,16.0,False,,False,True
13149.538,COL,43,102.508,38.0,3.0,,,25.982,34.953,41.573,13092.57,13127.523,13169.096,279.0,130.0,287.0,307.0,False,HARD,,False,Alpine,13047.03,2026-10-04 09:44:26.445,1,15.0,False,,False,True
13251.803,COL,43,102.265,39.0,3.0,,,25.857,34.842,41.566,13194.953,13229.795,13271.361,284.0,130.0,288.0,305.0,False,HARD,,False,Alpine,13149.538,2026-10-04 09:46:08.953,1,15.0,False,,False,True
13353.965,COL,43,102.162,40.0,3.0,,,25.815,34.841,41.506,13297.176,13332.017,13373.523,283.0,131.0,288.0,304.0,False,HARD,,False,Alpine,13251.803,2026-10-04 09:47:51.218,1,15.0,False,,False,True
13456.505,COL,43,102.54,41.0,3.0,,,25.851,34.967,41.722,13399.374,13434.341,13476.063,288.0,133.0,288.0,305.0,False,HARD,,False,Alpine,13353.965,2026-10-04 09:49:33.380,1,15.0,False,,False,True
13570.196,COL,43,113.691,42.0,3.0,,13583.371,25.831,35.059,52.801,13501.894,13536.953,13589.754,287.0,130.0,,100.0,False,HARD,,False,Alpine,13456.505,2026-10-04 09:51:15.920,126,14.0,False,,False,False
13721.133,COL,43,,43.0,4.0,13611.558,,52.635,43.484,54.789,13642.449,13685.902,13740.856,245.0,108.0,159.0,165.0,False,MEDIUM,,False,Alpine,13570.196,2026-10-04 09:53:09.611,6,15.0,False,,False,False
13855.136,COL,43,134.003,44.0,4.0,,,34.929,44.311,54.763,13775.62,13819.931,13874.694,248.0,102.0,161.0,255.0,False,MEDIUM,,False,Alpine,13721.133,2026-10-04 09:55:40.548,6,15.0,False,,False,False
13989.01,COL,43,133.874,45.0,4.0,,,34.891,44.78,54.203,13909.585,13954.365,14008.568,248.0,102.0,207.0,178.0,False,MEDIUM,,False,Alpine,13855.136,2026-10-04 09:57:54.551,64,15.0,False,,False,False
14121.817,COL,43,132.807,46.0,4.0,,,36.66,45.933,50.214,14045.228,14091.161,14141.375,207.0,103.0,239.0,218.0,False,MEDIUM,,False,Alpine,13989.01,2026-10-04 10:00:08.425,4,15.0,False,,False,False
14231.03,COL,43,109.213,47.0,4.0,,,29.129,37.567,42.517,14170.504,14208.071,14250.588,247.0,132.0,283.0,295.0,False,MEDIUM,,False,Alpine,14121.817,2026-10-04 10:02:21.232,4,15.0,False,,False,False
14349.856,COL,43,118.826,48.0,4.0,,,26.897,37.839,54.09,14277.485,14315.324,14369.414,281.0,125.0,274.0,206.0,False,MEDIUM,,False,Alpine,14231.03,2026-10-04 10:04:10.445,4,14.0,False,,False,False
14495.199,COL,43,145.343,49.0,4.0,,,36.093,49.492,59.758,14405.507,14454.999,14514.757,210.0,94.0,171.0,238.0,False,MEDIUM,,False,Alpine,14349.856,2026-10-04 10:06:09.271,4,14.0,False,,False,False
14638.944,COL,43,143.745,50.0,4.0,,,33.703,52.331,57.711,14548.46,14600.791,14658.502,221.0,118.0,138.0,231.0,False,MEDIUM,,False,Alpine,14495.199,2026-10-04 10:08:34.614,4,13.0,False,,False,False
14788.855,COL,43,149.911,51.0,4.0,,,38.162,52.628,59.121,14696.664,14749.292,14808.413,212.0,119.0,293.0,247.0,False,MEDIUM,,False,Alpine,14638.944,2026-10-04 10:10:58.359,41,13.0,False,,False,False
14891.0,COL,43,102.145,52.0,4.0,,,26.021,35.06,41.064,14834.434,14869.494,14910.558,311.0,135.0,291.0,325.0,False,MEDIUM,,False,Alpine,14788.855,2026-10-04 10:13:28.270,1,12.0,False,,False,True
14992.379,COL,43,101.379,53.0,4.0,,,25.651,34.738,40.99,14936.209,14970.947,15011.937,297.0,136.0,293.0,322.0,False,MEDIUM,,False,Alpine,14891.0,2026-10-04 10:15:10.415,1,12.0,False,,False,True
15093.727,COL,43,101.348,54.0,4.0,,,25.486,34.711,41.151,15037.423,15072.134,15113.285,299.0,136.0,294.0,335.0,False,MEDIUM,,False,Alpine,14992.379,2026-10-04 10:16:51.794,1,12.0,False,,False,True
15195.271,COL,43,101.544,55.0,4.0,,,25.571,34.902,41.071,15138.856,15173.758,15214.829,291.0,133.0,292.0,347.0,False,MEDIUM,,False,Alpine,15093.727,2026-10-04 10:18:33.142,1,12.0,False,,False,True
8898.174,HAM,44,156.754,1.0,1.0,,,,51.825,62.771,,8855.055,8917.891,199.0,89.0,234.0,220.0,False,SOFT,1.0,True,Ferrari,8760.7,2026-10-04 08:33:00.115,1,2.0,False,,False,False
9133.672,HAM,44,,2.0,1.0,,,38.27,52.038,,8956.219,9008.198,,202.0,100.0,1.0,170.0,False,SOFT,2.0,True,Ferrari,8898.174,2026-10-04 08:35:17.589,12,7.0,False,,False,False
9275.204,HAM,44,141.532,3.0,1.0,,,36.91,48.339,56.283,9190.234,9238.573,9294.856,229.0,92.0,242.0,231.0,True,SOFT,3.0,True,Ferrari,9133.672,2026-10-04 08:39:13.087,1,15.0,False,,False,True
9408.278,HAM,44,133.074,4.0,1.0,,,32.527,47.668,52.879,9327.383,9375.051,9427.93,233.0,102.0,245.0,278.0,True,SOFT,4.0,True,Ferrari,9275.204,2026-10-04 08:41:34.619,1,17.0,False,,False,True
9532.529,HAM,44,124.251,5.0,1.0,,,30.669,43.355,50.227,9458.599,9501.954,9552.181,260.0,106.0,247.0,285.0,True,SOFT,5.0,True,Ferrari,9408.278,2026-10-04 08:43:47.693,1,17.0,False,,False,True
9653.808,HAM,44,121.279,6.0,1.0,,,30.1,42.215,48.964,9582.281,9624.496,9673.46,266.0,110.0,247.0,287.0,True,SOFT,6.0,True,Ferrari,9532.529,2026-10-04 08:45:51.944,12,17.0,False,,False,True
9770.357,HAM,44,116.549,7.0,1.0,,,29.508,40.382,46.659,9702.968,9743.35,9790.009,270.0,117.0,255.0,272.0,True,SOFT,7.0,True,Ferrari,9653.808,2026-10-04 08:47:53.223,12,17.0,False,,False,True
9883.233,HAM,44,112.876,8.0,1.0,,,28.653,38.872,45.351,9818.662,9857.534,9902.885,274.0,127.0,260.0,279.0,True,SOFT,8.0,True,Ferrari,9770.357,2026-10-04 08:49:49.772,1,17.0,False,,False,True
10023.627,HAM,44,140.394,9.0,1.0,,,34.781,47.058,58.555,9937.666,9984.724,10043.279,216.0,86.0,244.0,191.0,False,SOFT,9.0,True,Ferrari,9883.233,2026-10-04 08:51:42.648,124,16.0,False,,False,False
10167.152,HAM,44,143.525,10.0,1.0,,,39.893,46.982,56.65,10083.172,10130.154,10186.804,221.0,64.0,252.0,221.0,False,SOFT,10.0,True,Ferrari,10023.627,2026-10-04 08:54:03.042,4,15.0,False,,False,False
10280.774,HAM,44,113.622,11.0,1.0,,,28.308,38.749,46.565,10215.112,10253.861,10300.426,271.0,120.0,256.0,240.0,False,SOFT,11.0,True,Ferrari,10167.152,2026-10-04 08:56:26.567,4,15.0,False,,False,False
10408.837,HAM,44,128.063,12.0,1.0,,,27.623,36.853,63.587,10328.049,10364.902,10428.489,274.0,125.0,262.0,188.0,False,SOFT,12.0,True,Ferrari,10280.774,2026-10-04 08:58:20.189,41,15.0,False,,False,False
10519.812,HAM,44,110.975,13.0,1.0,,,28.673,38.255,44.047,10457.162,10495.417,10539.464,275.0,126.0,265.0,292.0,True,SOFT,13.0,True,Ferrari,10408.837,2026-10-04 09:00:28.252,12,12.0,False,,False,True
10624.735,HAM,44,104.923,14.0,1.0,,,27.066,35.767,42.09,10566.53,10602.297,10644.387,262.0,131.0,265.0,274.0,True,SOFT,14.0,True,Ferrari,10519.812,2026-10-04 09:02:19.227,1,11.0,False,,False,True
10729.333,HAM,44,104.598,15.0,1.0,,,26.881,35.988,41.729,10671.268,10707.256,10748.985,275.0,133.0,287.0,318.0,True,SOFT,15.0,True,Ferrari,10624.735,2026-10-04 09:04:04.150,1,10.0,False,,False,True
10831.377,HAM,44,102.044,16.0,1.0,,,26.057,34.5,41.487,10775.042,10809.542,10851.029,281.0,132.0,286.0,307.0,True,SOFT,16.0,True,Ferrari,10729.333,2026-10-04 09:05:48.748,12,9.0,False,,False,True
10934.161,HAM,44,102.784,17.0,1.0,,,25.706,35.44,41.638,10876.735,10912.175,10953.813,287.0,136.0,287.0,322.0,False,SOFT,17.0,True,Ferrari,10831.377,2026-10-04 09:07:30.792,1,9.0,False,,False,True
11037.099,HAM,44,102.938,18.0,1.0,,,25.96,35.361,41.617,10979.773,11015.134,11056.751,285.0,131.0,287.0,315.0,False,SOFT,18.0,True,Ferrari,10934.161,2026-10-04 09:09:13.576,1,9.0,False,,False,True
11139.597,HAM,44,102.498,19.0,1.0,,,25.899,34.996,41.603,11082.65,11117.646,11159.249,300.0,131.0,284.0,315.0,False,SOFT,19.0,True,Ferrari,11037.099,2026-10-04 09:10:56.514,1,7.0,False,,False,True
11241.892,HAM,44,102.295,20.0,1.0,,,25.981,34.677,41.637,11185.23,11219.907,11261.544,273.0,133.0,283.0,314.0,False,SOFT,20.0,True,Ferrari,11139.597,2026-10-04 09:12:39.012,1,6.0,False,,False,True
11344.382,HAM,44,102.49,21.0,1.0,,,25.73,34.812,41.948,11287.274,11322.086,11364.034,273.0,130.0,285.0,307.0,False,SOFT,21.0,True,Ferrari,11241.892,2026-10-04 09:14:21.307,1,6.0,False,,False,True
11446.24,HAM,44,101.858,22.0,1.0,,,25.813,34.561,41.484,11389.847,11424.408,11465.892,270.0,130.0,280.0,302.0,True,SOFT,22.0,True,Ferrari,11344.382,2026-10-04 09:16:03.797,1,5.0,False,,False,True
11548.414,HAM,44,102.174,23.0,1.0,,,26.123,34.663,41.388,11492.015,11526.678,11568.066,270.0,131.0,282.0,297.0,False,SOFT,23.0,True,Ferrari,11446.24,2026-10-04 09:17:45.655,1,5.0,False,,False,True
11650.891,HAM,44,102.477,24.0,1.0,,,26.451,34.321,41.705,11594.517,11628.838,11670.543,268.0,130.0,280.0,297.0,False,SOFT,24.0,True,Ferrari,11548.414,2026-10-04 09:19:27.829,1,5.0,False,,False,True
11752.618,HAM,44,101.727,25.0,1.0,,,25.852,34.215,41.66,11696.395,11730.61,11772.27,275.0,131.0,281.0,293.0,True,SOFT,25.0,True,Ferrari,11650.891,2026-10-04 09:21:10.306,1,5.0,False,,False,True
11854.841,HAM,44,102.223,26.0,1.0,,,26.367,34.357,41.499,11798.637,11832.994,11874.493,269.0,131.0,281.0,302.0,False,SOFT,26.0,True,Ferrari,11752.618,2026-10-04 09:22:52.033,1,5.0,False,,False,True
11956.854,HAM,44,102.013,27.0,1.0,,,26.168,34.398,41.447,11900.661,11935.059,11976.506,274.0,129.0,282.0,304.0,False,SOFT,27.0,True,Ferrari,11854.841,2026-10-04 09:24:34.256,1,5.0,False,,False,True
12059.13,HAM,44,102.276,28.0,1.0,,,26.136,34.371,41.769,12002.642,12037.013,12078.782,272.0,129.0,282.0,295.0,False,SOFT,28.0,True,Ferrari,11956.854,2026-10-04 09:26:16.269,1,5.0,False,,False,True
12161.275,HAM,44,102.145,29.0,1.0,,,26.18,34.364,41.601,12104.962,12139.326,12180.927,272.0,128.0,282.0,305.0,False,SOFT,29.0,True,Ferrari,12059.13,2026-10-04 09:27:58.545,1,5.0,False,,False,True
12263.779,HAM,44,102.504,30.0,1.0,,,26.564,34.366,41.574,12207.491,12241.857,12283.431,270.0,130.0,282.0,308.0,False,SOFT,30.0,True,Ferrari,12161.275,2026-10-04 09:29:40.690,1,5.0,False,,False,True
12372.647,HAM,44,108.868,31.0,1.0,,12385.808,26.364,34.472,48.032,12309.795,12344.267,12392.299,271.0,128.0,,304.0,False,SOFT,31.0,True,Ferrari,12263.779,2026-10-04 09:31:23.194,1,5.0,False,,False,False
12493.124,HAM,44,120.477,32.0,2.0,12413.636,,45.67,34.178,40.629,12437.969,12472.147,12512.776,280.0,132.0,286.0,310.0,False,MEDIUM,4.0,False,Ferrari,12372.647,2026-10-04 09:33:12.062,1,7.0,False,,False,False
12593.302,HAM,44,100.178,33.0,2.0,,,25.761,33.758,40.659,12538.537,12572.295,12612.954,275.0,133.0,287.0,312.0,True,MEDIUM,5.0,False,Ferrari,12493.124,2026-10-04 09:35:12.539,1,6.0,False,,False,True
12694.208,HAM,44,100.906,34.0,2.0,,,25.555,34.099,41.252,12638.509,12672.608,12713.86,281.0,133.0,287.0,319.0,False,MEDIUM,6.0,False,Ferrari,12593.302,2026-10-04 09:36:52.717,1,5.0,False,,False,True
12795.366,HAM,44,101.158,35.0,2.0,,,25.579,34.095,41.484,12739.439,12773.534,12815.018,277.0,133.0,286.0,285.0,False,MEDIUM,7.0,False,Ferrari,12694.208,2026-10-04 09:38:33.623,1,5.0,False,,False,True
12896.798,HAM,44,101.432,36.0,2.0,,,25.839,34.485,41.108,12840.857,12875.342,12916.45,272.0,131.0,286.0,309.0,False,MEDIUM,8.0,False,Ferrari,12795.366,2026-10-04 09:40:14.781,1,5.0,False,,False,True
12997.981,HAM,44,101.183,37.0,2.0,,,25.446,34.44,41.297,12941.896,12976.336,13017.633,279.0,127.0,286.0,314.0,False,MEDIUM,9.0,False,Ferrari,12896.798,2026-10-04 09:41:56.213,1,5.0,False,,False,True
13099.002,HAM,44,101.021,38.0,2.0,,,25.77,34.045,41.206,13043.403,13077.448,13118.654,282.0,130.0,286.0,315.0,False,MEDIUM,10.0,False,Ferrari,12997.981,2026-10-04 09:43:37.396,1,5.0,False,,False,True
13200.614,HAM,44,101.612,39.0,2.0,,,25.636,34.487,41.489,13144.29,13178.777,13220.266,276.0,131.0,287.0,309.0,False,MEDIUM,11.0,False,Ferrari,13099.002,2026-10-04 09:45:18.417,1,5.0,False,,False,True
13302.21,HAM,44,101.596,40.0,2.0,,,25.344,34.811,41.441,13245.61,13280.421,13321.862,293.0,129.0,286.0,304.0,False,MEDIUM,12.0,False,Ferrari,13200.614,2026-10-04 09:47:00.029,1,5.0,False,,False,True
13403.385,HAM,44,101.175,41.0,2.0,,,25.881,34.274,41.02,13347.743,13382.017,13423.037,280.0,130.0,288.0,314.0,False,MEDIUM,13.0,False,Ferrari,13302.21,2026-10-04 09:48:41.625,1,5.0,False,,False,True
13505.06,HAM,44,101.675,42.0,2.0,,,25.591,34.547,41.537,13448.628,13483.175,13524.712,300.0,129.0,284.0,302.0,False,MEDIUM,14.0,False,Ferrari,13403.385,2026-10-04 09:50:22.800,1,5.0,False,,False,True
13634.184,HAM,44,129.124,43.0,2.0,,13647.355,26.25,41.948,60.926,13550.962,13592.91,13653.836,295.0,101.0,,257.0,False,MEDIUM,15.0,False,Ferrari,13505.06,2026-10-04 09:52:04.475,126,5.0,False,,False,False
13784.393,HAM,44,,44.0,3.0,13675.418,,52.683,43.541,53.943,13706.59,13750.2,13804.138,203.0,85.0,204.0,199.0,False,SOFT,4.0,False,Ferrari,13634.184,2026-10-04 09:54:13.599,6,6.0,False,,False,False
13920.999,HAM,44,136.606,45.0,3.0,,,38.264,41.469,56.873,13842.309,13883.778,13940.651,196.0,98.0,220.0,239.0,False,SOFT,5.0,False,Ferrari,13784.393,2026-10-04 09:56:43.808,64,5.0,False,,False,False
14053.149,HAM,44,132.15,46.0,3.0,,,35.881,42.452,53.817,13976.532,14018.984,14072.801,245.0,69.0,252.0,236.0,False,SOFT,6.0,False,Ferrari,13920.999,2026-10-04 09:59:00.414,4,5.0,False,,False,False
14182.322,HAM,44,129.173,47.0,3.0,,,29.152,39.939,60.082,14101.953,14141.892,14201.974,263.0,90.0,164.0,216.0,False,SOFT,7.0,False,Ferrari,14053.149,2026-10-04 10:01:12.564,4,5.0,False,,False,False
14332.201,HAM,44,149.879,48.0,3.0,,,38.206,49.891,61.782,14240.18,14290.071,14351.853,220.0,110.0,152.0,251.0,False,SOFT,8.0,False,Ferrari,14182.322,2026-10-04 10:03:21.737,4,5.0,False,,False,False
14481.31,HAM,44,149.109,49.0,3.0,,,40.336,49.682,59.091,14392.189,14441.871,14500.962,176.0,113.0,223.0,257.0,False,SOFT,9.0,False,Ferrari,14332.201,2026-10-04 10:05:51.616,4,5.0,False,,False,False
14625.192,HAM,44,143.882,50.0,3.0,,,34.321,50.683,58.878,14535.283,14585.966,14644.844,169.0,91.0,195.0,257.0,False,SOFT,10.0,False,Ferrari,14481.31,2026-10-04 10:08:20.725,4,4.0,False,,False,False
14784.325,HAM,44,,51.0,3.0,,,40.064,50.648,68.428,14685.021,14735.549,14804.324,200.0,111.0,290.0,234.0,False,SOFT,11.0,False,Ferrari,14625.192,2026-10-04 10:10:44.607,41,4.0,False,,False,False
14883.95,HAM,44,99.625,52.0,3.0,,,25.31,33.897,40.418,14829.287,14863.184,14903.602,293.0,134.0,292.0,311.0,True,SOFT,12.0,False,Ferrari,14784.325,2026-10-04 10:13:23.740,1,4.0,False,,False,True
14982.56,HAM,44,98.61,53.0,3.0,,,24.992,33.301,40.317,14928.594,14961.895,15002.212,277.0,132.0,288.0,306.0,True,SOFT,13.0,False,Ferrari,14883.95,2026-10-04 10:15:03.365,1,3.0,False,,False,True
15081.663,HAM,44,99.103,54.0,3.0,,,25.43,33.301,40.372,15027.642,15060.943,15101.315,277.0,134.0,287.0,311.0,False,SOFT,14.0,False,Ferrari,14982.56,2026-10-04 10:16:41.975,1,3.0,False,,False,True
15181.108,HAM,44,99.445,55.0,3.0,,,25.424,33.481,40.54,15126.739,15160.22,15200.76,277.0,132.0,276.0,306.0,False,SOFT,15.0,False,Ferrari,15081.663,2026-10-04 10:18:21.078,1,3.0,False,,False,True
8919.553,BOR,5,178.127,1.0,1.0,,,,50.248,60.362,,8878.802,8939.132,171.0,104.0,212.0,209.0,False,SOFT,1.0,True,Audi,8760.7,2026-10-04 08:33:00.115,1,8.0,False,,False,False
9080.278,BOR,5,,2.0,1.0,,9093.176,35.944,50.238,74.438,8975.246,9025.419,9099.911,184.0,110.0,,178.0,False,SOFT,2.0,True,Audi,8919.553,2026-10-04 08:35:38.968,12,2.0,False,,False,False
9263.018,BOR,5,,3.0,2.0,9167.136,,94.291,43.002,45.549,9194.119,9237.108,9282.729,222.0,126.0,259.0,285.0,False,INTERMEDIATE,1.0,True,Audi,9080.278,2026-10-04 08:38:19.693,1,11.0,False,,False,False
9374.134,BOR,5,111.116,4.0,2.0,,,27.978,37.842,45.296,9310.575,9348.417,9393.713,266.0,123.0,257.0,269.0,True,INTERMEDIATE,2.0,True,Audi,9263.018,2026-10-04 08:41:22.433,1,11.0,False,,False,True
9485.357,BOR,5,111.223,5.0,2.0,,,27.829,38.014,45.38,9421.542,9459.556,9504.936,263.0,122.0,256.0,270.0,False,INTERMEDIATE,3.0,True,Audi,9374.134,2026-10-04 08:43:13.549,1,11.0,False,,False,True
9598.162,BOR,5,112.805,6.0,2.0,,,28.05,38.578,46.177,9532.986,9571.564,9617.741,263.0,122.0,253.0,270.0,False,INTERMEDIATE,4.0,True,Audi,9485.357,2026-10-04 08:45:04.772,12,11.0,False,,False,True
9712.399,BOR,5,114.237,7.0,2.0,,,28.607,39.015,46.615,9646.348,9685.363,9731.978,265.0,119.0,255.0,269.0,False,INTERMEDIATE,5.0,True,Audi,9598.162,2026-10-04 08:46:57.577,1,11.0,False,,False,True
9827.627,BOR,5,115.228,8.0,2.0,,,28.788,39.646,46.794,9760.766,9800.412,9847.206,270.0,117.0,255.0,269.0,False,INTERMEDIATE,6.0,True,Audi,9712.399,2026-10-04 08:48:51.814,12,11.0,False,,False,True
9961.141,BOR,5,133.514,9.0,2.0,,9973.956,28.624,39.837,65.053,9875.83,9915.667,9980.72,268.0,112.0,,227.0,False,INTERMEDIATE,7.0,True,Audi,9827.627,2026-10-04 08:50:47.042,124,11.0,False,,False,False
10119.149,BOR,5,,10.0,3.0,10001.753,,54.527,45.188,58.285,10035.347,10080.466,10138.728,217.0,112.0,254.0,184.0,False,SOFT,3.0,False,Audi,9961.141,2026-10-04 08:53:00.556,4,9.0,False,,False,False
10249.729,BOR,5,130.58,11.0,3.0,,,29.075,42.986,58.519,10167.803,10210.789,10269.308,245.0,112.0,232.0,234.0,False,SOFT,4.0,False,Audi,10119.149,2026-10-04 08:55:38.564,4,9.0,False,,False,False
10406.364,BOR,5,,12.0,3.0,,,36.128,50.51,69.985,10305.545,10356.039,10426.129,141.0,118.0,262.0,185.0,False,SOFT,5.0,False,Audi,10249.729,2026-10-04 08:57:49.144,41,9.0,False,,False,False
10516.051,BOR,5,109.687,13.0,3.0,,,29.728,36.781,43.178,10455.671,10492.452,10535.63,265.0,128.0,260.0,272.0,True,SOFT,6.0,False,Audi,10406.364,2026-10-04 09:00:25.779,12,8.0,False,,False,True
10623.616,BOR,5,107.565,14.0,3.0,,,27.595,36.366,43.604,10563.225,10599.591,10643.195,270.0,117.0,263.0,272.0,True,SOFT,7.0,False,Audi,10516.051,2026-10-04 09:02:15.466,1,9.0,False,,False,True
10735.751,BOR,5,112.135,15.0,3.0,,10748.835,27.497,35.852,48.786,10670.692,10706.544,10755.33,272.0,129.0,,313.0,False,SOFT,8.0,False,Audi,10623.616,2026-10-04 09:04:03.031,12,13.0,False,,False,False
10868.567,BOR,5,132.816,16.0,4.0,10785.536,,55.735,35.458,41.623,10811.065,10846.523,10888.146,275.0,129.0,277.0,291.0,False,HARD,1.0,True,Audi,10735.751,2026-10-04 09:05:55.166,21,21.0,False,,False,False
10971.309,BOR,5,102.742,17.0,4.0,,,26.194,35.181,41.367,10914.34,10949.521,10990.888,274.0,131.0,285.0,298.0,True,HARD,2.0,True,Audi,10868.567,2026-10-04 09:08:07.982,1,21.0,False,,False,True
11074.542,BOR,5,103.233,18.0,4.0,,,25.932,35.606,41.695,11016.82,11052.426,11094.121,290.0,132.0,285.0,300.0,False,HARD,3.0,True,Audi,10971.309,2026-10-04 09:09:50.724,1,21.0,False,,False,True
11177.575,BOR,5,103.033,19.0,4.0,,,26.25,35.093,41.69,11120.371,11155.464,11197.154,278.0,130.0,283.0,300.0,False,HARD,4.0,True,Audi,11074.542,2026-10-04 09:11:33.957,1,20.0,False,,False,True
11281.189,BOR,5,103.614,20.0,4.0,,,26.337,35.399,41.878,11223.491,11258.89,11300.768,278.0,129.0,284.0,301.0,False,HARD,5.0,True,Audi,11177.575,2026-10-04 09:13:16.990,1,20.0,False,,False,True
11384.395,BOR,5,103.206,21.0,4.0,,,26.053,35.302,41.851,11326.821,11362.123,11403.974,277.0,129.0,284.0,301.0,False,HARD,6.0,True,Audi,11281.189,2026-10-04 09:15:00.604,1,20.0,False,,False,True
11488.022,BOR,5,103.627,22.0,4.0,,,26.065,35.509,42.053,11430.039,11465.548,11507.601,281.0,128.0,284.0,304.0,False,HARD,7.0,True,Audi,11384.395,2026-10-04 09:16:43.810,1,20.0,False,,False,True
11592.01,BOR,5,103.988,23.0,4.0,,,26.109,35.748,42.131,11533.71,11569.458,11611.589,281.0,127.0,284.0,316.0,False,HARD,8.0,True,Audi,11488.022,2026-10-04 09:18:27.437,1,20.0,False,,False,True
11696.068,BOR,5,104.058,24.0,4.0,,,26.24,35.621,42.197,11637.829,11673.45,11715.647,278.0,126.0,284.0,299.0,False,HARD,9.0,True,Audi,11592.01,2026-10-04 09:20:11.425,1,20.0,False,,False,True
11800.26,BOR,5,104.192,25.0,4.0,,,26.318,35.558,42.316,11741.965,11777.523,11819.839,277.0,128.0,283.0,300.0,False,HARD,10.0,True,Audi,11696.068,2026-10-04 09:21:55.483,1,19.0,False,,False,True
11904.09,BOR,5,103.83,26.0,4.0,,,26.094,35.431,42.305,11845.933,11881.364,11923.669,280.0,126.0,283.0,304.0,False,HARD,11.0,True,Audi,11800.26,2026-10-04 09:23:39.675,1,18.0,False,,False,True
12008.232,BOR,5,104.142,27.0,4.0,,,26.12,35.768,42.254,11949.789,11985.557,12027.811,282.0,127.0,285.0,317.0,False,HARD,12.0,True,Audi,11904.09,2026-10-04 09:25:23.505,1,17.0,False,,False,True
12113.049,BOR,5,104.817,28.0,4.0,,,26.305,36.021,42.491,12054.116,12090.137,12132.628,281.0,125.0,284.0,305.0,False,HARD,13.0,True,Audi,12008.232,2026-10-04 09:27:07.647,1,17.0,False,,False,True
12218.938,BOR,5,105.889,29.0,4.0,,,26.28,36.454,43.155,12158.908,12195.362,12238.517,303.0,124.0,286.0,298.0,False,HARD,14.0,True,Audi,12113.049,2026-10-04 09:28:52.464,1,17.0,False,,False,True
12324.196,BOR,5,105.258,30.0,4.0,,,26.767,35.907,42.584,12265.284,12301.191,12343.775,283.0,126.0,283.0,301.0,False,HARD,15.0,True,Audi,12218.938,2026-10-04 09:30:38.353,1,19.0,False,,False,True
12428.763,BOR,5,104.567,31.0,4.0,,,26.49,35.563,42.514,12370.265,12405.828,12448.342,276.0,125.0,283.0,294.0,False,HARD,16.0,True,Audi,12324.196,2026-10-04 09:32:23.611,1,19.0,False,,False,True
12533.96,BOR,5,105.197,32.0,4.0,,,26.607,35.565,43.025,12474.949,12510.514,12553.539,273.0,126.0,282.0,294.0,False,HARD,17.0,True,Audi,12428.763,2026-10-04 09:34:08.178,1,18.0,False,,False,True
12638.914,BOR,5,104.954,33.0,4.0,,,26.56,35.571,42.823,12580.099,12615.67,12658.493,275.0,124.0,284.0,294.0,False,HARD,18.0,True,Audi,12533.96,2026-10-04 09:35:53.375,1,19.0,False,,False,True
12749.302,BOR,5,110.388,34.0,4.0,,12762.411,26.299,35.625,48.464,12684.792,12720.417,12768.881,280.0,126.0,,314.0,False,HARD,19.0,True,Audi,12638.914,2026-10-04 09:37:38.329,1,19.0,False,,False,False
12898.043,BOR,5,148.741,35.0,5.0,12814.115,,72.843,34.745,41.153,12841.724,12876.469,12917.622,276.0,132.0,282.0,304.0,False,SOFT,9.0,False,Audi,12749.302,2026-10-04 09:39:28.717,1,21.0,False,,False,False
12999.425,BOR,5,101.382,36.0,5.0,,,26.002,34.256,41.124,12943.624,12977.88,13019.004,276.0,130.0,287.0,302.0,True,SOFT,10.0,False,Audi,12898.043,2026-10-04 09:41:57.458,1,21.0,False,,False,True
13102.966,BOR,5,103.541,37.0,5.0,,,25.705,36.524,41.312,13044.709,13081.233,13122.545,278.0,131.0,285.0,296.0,False,SOFT,11.0,False,Audi,12999.425,2026-10-04 09:43:38.840,1,20.0,False,,False,True
13204.889,BOR,5,101.923,38.0,5.0,,,25.907,34.628,41.388,13148.452,13183.08,13224.468,276.0,129.0,284.0,296.0,False,SOFT,12.0,False,Audi,13102.966,2026-10-04 09:45:22.381,1,20.0,False,,False,True
13306.554,BOR,5,101.665,39.0,5.0,,,25.838,34.42,41.407,13250.306,13284.726,13326.133,273.0,131.0,283.0,296.0,False,SOFT,13.0,False,Audi,13204.889,2026-10-04 09:47:04.304,1,20.0,False,,False,True
13408.28,BOR,5,101.726,40.0,5.0,,,25.949,34.385,41.392,13352.082,13386.467,13427.859,274.0,130.0,284.0,295.0,False,SOFT,14.0,False,Audi,13306.554,2026-10-04 09:48:45.969,1,20.0,False,,False,True
13510.402,BOR,5,102.122,41.0,5.0,,,25.983,34.599,41.54,13453.842,13488.441,13529.981,275.0,129.0,283.0,295.0,False,SOFT,15.0,False,Audi,13408.28,2026-10-04 09:50:27.695,1,20.0,False,,False,True
13634.862,BOR,5,124.46,42.0,5.0,,,26.151,44.018,54.291,13556.132,13600.15,13654.441,275.0,108.0,217.0,234.0,False,SOFT,16.0,False,Audi,13510.402,2026-10-04 09:52:09.817,126,19.0,False,,False,False
13770.062,BOR,5,135.2,43.0,5.0,,,36.446,42.522,56.232,13690.887,13733.409,13789.641,188.0,83.0,159.0,243.0,False,SOFT,17.0,False,Audi,13634.862,2026-10-04 09:54:14.277,6,19.0,False,,False,False
13907.33,BOR,5,137.268,44.0,5.0,,13920.434,35.437,43.01,58.821,13825.078,13868.088,13926.909,222.0,93.0,,241.0,False,SOFT,18.0,False,Audi,13770.062,2026-10-04 09:56:29.477,64,19.0,False,,False,False
14056.619,BOR,5,149.289,45.0,6.0,13948.091,,52.989,42.958,53.342,13979.898,14022.856,14076.198,233.0,73.0,271.0,244.0,False,SOFT,7.0,False,Audi,13907.33,2026-10-04 09:58:46.745,4,19.0,False,,False,False
14181.699,BOR,5,125.08,46.0,6.0,,,26.854,39.402,58.824,14103.052,14142.454,14201.278,270.0,94.0,238.0,213.0,False,SOFT,8.0,False,Audi,14056.619,2026-10-04 10:01:16.034,4,19.0,False,,False,False
14285.372,BOR,5,103.673,47.0,6.0,,,28.132,34.183,41.358,14229.41,14263.593,14304.951,288.0,137.0,276.0,281.0,False,SOFT,9.0,False,Audi,14181.699,2026-10-04 10:03:21.114,4,19.0,False,,False,False
14387.409,BOR,5,102.037,48.0,6.0,,,26.216,34.243,41.578,14331.167,14365.41,14406.988,267.0,129.0,277.0,276.0,False,SOFT,10.0,False,Audi,14285.372,2026-10-04 10:05:04.787,4,19.0,False,,False,False
14500.584,BOR,5,113.175,49.0,6.0,,,26.301,35.401,51.473,14433.289,14468.69,14520.163,267.0,127.0,168.0,216.0,False,SOFT,11.0,False,Audi,14387.409,2026-10-04 10:06:46.824,4,18.0,False,,False,False
14643.933,BOR,5,143.349,50.0,6.0,,,35.189,50.748,57.412,14555.352,14606.1,14663.512,233.0,88.0,148.0,223.0,False,SOFT,12.0,False,Audi,14500.584,2026-10-04 10:08:39.999,4,17.0,False,,False,False
14790.044,BOR,5,146.111,51.0,6.0,,,38.283,51.145,56.683,14701.795,14752.94,14809.623,205.0,116.0,293.0,279.0,False,SOFT,13.0,False,Audi,14643.933,2026-10-04 10:11:03.348,41,17.0,False,,False,False
14894.333,BOR,5,104.289,52.0,6.0,,,25.911,36.775,41.603,14835.534,14872.309,14913.912,287.0,131.0,288.0,312.0,False,SOFT,14.0,False,Audi,14790.044,2026-10-04 10:13:29.459,1,17.0,False,,False,True
14997.51,BOR,5,103.177,53.0,6.0,,,25.833,35.452,41.892,14939.745,14975.197,15017.089,282.0,131.0,282.0,288.0,False,SOFT,15.0,False,Audi,14894.333,2026-10-04 10:15:13.748,1,17.0,False,,False,True
15101.136,BOR,5,103.626,54.0,6.0,,,26.33,35.099,42.197,15043.419,15078.518,15120.715,274.0,129.0,283.0,283.0,False,SOFT,16.0,False,Audi,14997.51,2026-10-04 10:16:56.925,1,17.0,False,,False,True
15204.49,BOR,5,103.354,55.0,6.0,,,26.305,34.732,42.317,15147.02,15181.752,15224.069,273.0,128.0,277.0,282.0,False,SOFT,17.0,False,Audi,15101.136,2026-10-04 10:18:40.551,1,18.0,False,,False,True
8926.141,SAI,55,184.681,1.0,1.0,,,,49.241,60.283,,8885.501,8945.701,200.0,104.0,222.0,241.0,False,INTERMEDIATE,1.0,True,Williams,8760.7,2026-10-04 08:33:00.115,1,12.0,False,,False,False
9136.625,SAI,55,,2.0,1.0,,,33.752,50.286,,8979.601,9029.765,,188.0,110.0,149.0,203.0,False,INTERMEDIATE,2.0,True,Williams,8926.141,2026-10-04 08:35:45.556,12,13.0,False,,False,False
9252.184,SAI,55,115.559,3.0,1.0,,,30.189,39.622,45.748,9186.374,9225.996,9271.744,255.0,127.0,262.0,290.0,True,INTERMEDIATE,3.0,True,Williams,9136.625,2026-10-04 08:39:16.040,1,6.0,False,,False,True
9365.181,SAI,55,112.997,4.0,1.0,,,28.125,39.07,45.802,9299.869,9338.939,9384.741,275.0,128.0,262.0,290.0,True,INTERMEDIATE,4.0,True,Williams,9252.184,2026-10-04 08:41:11.599,1,6.0,False,,False,True
9478.183,SAI,55,113.002,5.0,1.0,,,28.17,39.551,45.281,9412.911,9452.462,9497.743,268.0,127.0,262.0,287.0,False,INTERMEDIATE,5.0,True,Williams,9365.181,2026-10-04 08:43:04.596,1,6.0,False,,False,True
9591.798,SAI,55,113.615,6.0,1.0,,,28.213,39.235,46.167,9525.956,9565.191,9611.358,271.0,135.0,262.0,284.0,False,INTERMEDIATE,6.0,True,Williams,9478.183,2026-10-04 08:44:57.598,12,7.0,False,,False,True
9705.695,SAI,55,113.897,7.0,1.0,,,28.224,39.802,45.871,9639.582,9679.384,9725.255,269.0,122.0,262.0,281.0,False,INTERMEDIATE,7.0,True,Williams,9591.798,2026-10-04 08:46:51.213,1,7.0,False,,False,True
9820.082,SAI,55,114.387,8.0,1.0,,,28.319,39.739,46.329,9753.574,9793.313,9839.642,275.0,120.0,261.0,280.0,False,INTERMEDIATE,8.0,True,Williams,9705.695,2026-10-04 08:48:45.110,12,7.0,False,,False,True
9951.719,SAI,55,131.637,9.0,1.0,,9964.91,28.388,40.041,63.208,9868.03,9908.071,9971.279,274.0,119.0,,232.0,False,INTERMEDIATE,9.0,True,Williams,9820.082,2026-10-04 08:50:39.497,124,7.0,False,,False,False
10115.359,SAI,55,,10.0,2.0,9996.941,,58.544,47.225,57.828,10029.879,10077.091,10135.071,167.0,99.0,252.0,227.0,False,SOFT,1.0,True,Williams,9951.719,2026-10-04 08:52:51.134,4,8.0,False,,False,False
10249.175,SAI,55,133.816,11.0,2.0,,,29.553,44.849,59.414,10164.472,10209.321,10268.735,242.0,122.0,199.0,221.0,False,SOFT,2.0,True,Williams,10115.359,2026-10-04 08:55:34.774,4,8.0,False,,False,False
10405.755,SAI,55,,12.0,2.0,,,35.794,50.802,70.015,10304.655,10355.376,10425.397,144.0,92.0,261.0,198.0,False,SOFT,3.0,True,Williams,10249.175,2026-10-04 08:57:48.590,41,8.0,False,,False,False
10527.311,SAI,55,121.556,13.0,2.0,,,40.881,37.207,43.468,10466.196,10503.403,10546.871,246.0,131.0,265.0,282.0,False,SOFT,4.0,True,Williams,10405.755,2026-10-04 09:00:25.170,12,17.0,False,,False,True
10633.561,SAI,55,106.25,14.0,2.0,,,27.136,36.285,42.829,10574.007,10610.292,10653.121,281.0,132.0,266.0,287.0,True,SOFT,5.0,True,Williams,10527.311,2026-10-04 09:02:26.726,1,17.0,False,,False,True
10739.21,SAI,55,105.649,15.0,2.0,,,27.017,36.329,42.303,10680.138,10716.467,10758.77,276.0,134.0,288.0,304.0,True,SOFT,6.0,True,Williams,10633.561,2026-10-04 09:04:12.976,12,17.0,False,,False,True
10843.85,SAI,55,104.64,16.0,2.0,,,26.25,36.092,42.298,10785.02,10821.112,10863.41,289.0,136.0,286.0,304.0,True,SOFT,7.0,True,Williams,10739.21,2026-10-04 09:05:58.625,21,15.0,False,,False,True
10948.423,SAI,55,104.573,17.0,2.0,,,26.124,36.135,42.314,10889.534,10925.669,10967.983,276.0,135.0,290.0,307.0,True,SOFT,8.0,True,Williams,10843.85,2026-10-04 09:07:43.265,1,15.0,False,,False,True
11052.154,SAI,55,103.731,18.0,2.0,,,26.149,35.575,42.007,10994.132,11029.707,11071.714,293.0,138.0,285.0,302.0,True,SOFT,9.0,True,Williams,10948.423,2026-10-04 09:09:27.838,1,14.0,False,,False,True
11155.87,SAI,55,103.716,19.0,2.0,,,26.248,35.627,41.841,11097.962,11133.589,11175.43,275.0,134.0,286.0,301.0,True,SOFT,10.0,True,Williams,11052.154,2026-10-04 09:11:11.569,1,14.0,False,,False,True
11259.336,SAI,55,103.466,20.0,2.0,,,26.018,35.527,41.921,11201.448,11236.975,11278.896,283.0,136.0,285.0,299.0,True,SOFT,11.0,True,Williams,11155.87,2026-10-04 09:12:55.285,1,14.0,False,,False,True
11362.623,SAI,55,103.287,21.0,2.0,,,25.845,35.539,41.903,11304.741,11340.28,11382.183,280.0,135.0,284.0,300.0,True,SOFT,12.0,True,Williams,11259.336,2026-10-04 09:14:38.751,1,14.0,False,,False,True
11466.64,SAI,55,104.017,22.0,2.0,,,26.353,35.596,42.068,11408.536,11444.132,11486.2,288.0,132.0,285.0,303.0,False,SOFT,13.0,True,Williams,11362.623,2026-10-04 09:16:22.038,1,14.0,False,,False,True
11571.087,SAI,55,104.447,23.0,2.0,,,26.31,35.908,42.229,11512.51,11548.418,11590.647,275.0,132.0,285.0,303.0,False,SOFT,14.0,True,Williams,11466.64,2026-10-04 09:18:06.055,1,14.0,False,,False,True
11674.88,SAI,55,103.793,24.0,2.0,,,26.042,35.626,42.125,11616.689,11652.315,11694.44,283.0,132.0,285.0,303.0,False,SOFT,15.0,True,Williams,11571.087,2026-10-04 09:19:50.502,1,14.0,False,,False,True
11779.106,SAI,55,104.226,25.0,2.0,,,26.067,35.775,42.384,11720.507,11756.282,11798.666,285.0,132.0,282.0,319.0,False,SOFT,16.0,True,Williams,11674.88,2026-10-04 09:21:34.295,1,14.0,False,,False,True
11890.52,SAI,55,111.414,26.0,2.0,,11903.65,26.236,35.941,49.237,11824.902,11860.843,11910.08,286.0,135.0,,314.0,False,SOFT,17.0,True,Williams,11779.106,2026-10-04 09:23:18.521,1,16.0,False,,False,False
12013.009,SAI,55,122.489,27.0,3.0,11931.884,,46.461,35.126,40.902,11956.541,11991.667,12032.569,280.0,138.0,293.0,313.0,False,HARD,1.0,True,Williams,11890.52,2026-10-04 09:25:09.935,1,20.0,False,,False,False
12114.747,SAI,55,101.738,28.0,3.0,,,25.345,35.245,41.148,12057.914,12093.159,12134.307,294.0,142.0,291.0,317.0,True,HARD,2.0,True,Williams,12013.009,2026-10-04 09:27:12.424,1,20.0,False,,False,True
12219.0,SAI,55,104.253,29.0,3.0,,,25.57,36.213,42.47,12159.877,12196.09,12238.56,266.0,139.0,289.0,320.0,False,HARD,3.0,True,Williams,12114.747,2026-10-04 09:28:54.162,1,18.0,False,,False,True
12321.957,SAI,55,102.957,30.0,3.0,,,25.9,35.526,41.531,12264.46,12299.986,12341.517,285.0,137.0,289.0,313.0,False,HARD,4.0,True,Williams,12219.0,2026-10-04 09:30:38.415,1,17.0,False,,False,True
12424.862,SAI,55,102.905,31.0,3.0,,,25.748,35.379,41.778,12367.265,12402.644,12444.422,291.0,133.0,287.0,309.0,False,HARD,5.0,True,Williams,12321.957,2026-10-04 09:32:21.372,1,18.0,False,,False,True
12528.86,SAI,55,103.998,32.0,3.0,,,25.816,35.869,42.313,12470.238,12506.107,12548.42,292.0,132.0,288.0,306.0,False,HARD,6.0,True,Williams,12424.862,2026-10-04 09:34:04.277,1,17.0,False,,False,True
12632.079,SAI,55,103.219,33.0,3.0,,,25.846,35.434,41.939,12574.266,12609.7,12651.639,289.0,134.0,288.0,307.0,False,HARD,7.0,True,Williams,12528.86,2026-10-04 09:35:48.275,1,17.0,False,,False,True
12735.478,SAI,55,103.399,34.0,3.0,,,25.9,35.585,41.914,12677.539,12713.124,12755.038,291.0,134.0,288.0,305.0,False,HARD,8.0,True,Williams,12632.079,2026-10-04 09:37:31.494,1,17.0,False,,False,True
12838.964,SAI,55,103.486,35.0,3.0,,,25.944,35.539,42.003,12780.982,12816.521,12858.524,290.0,134.0,286.0,308.0,False,HARD,9.0,True,Williams,12735.478,2026-10-04 09:39:14.893,1,17.0,False,,False,True
12942.934,SAI,55,103.97,36.0,3.0,,,26.048,35.657,42.265,12884.572,12920.229,12962.494,291.0,133.0,287.0,303.0,False,HARD,10.0,True,Williams,12838.964,2026-10-04 09:40:58.379,1,17.0,False,,False,True
13047.531,SAI,55,104.597,37.0,3.0,,,25.843,35.845,42.909,12988.337,13024.182,13067.091,292.0,130.0,289.0,310.0,False,HARD,11.0,True,Williams,12942.934,2026-10-04 09:42:42.349,1,17.0,False,,False,True
13151.682,SAI,55,104.151,38.0,3.0,,,25.935,36.042,42.174,13093.026,13129.068,13171.242,283.0,132.0,288.0,305.0,False,HARD,12.0,True,Williams,13047.531,2026-10-04 09:44:26.946,1,17.0,False,,False,True
13255.57,SAI,55,103.888,39.0,3.0,,,26.104,35.655,42.129,13197.346,13233.001,13275.13,290.0,133.0,286.0,310.0,False,HARD,13.0,True,Williams,13151.682,2026-10-04 09:46:11.097,1,16.0,False,,False,True
13359.388,SAI,55,103.818,40.0,3.0,,,25.899,35.705,42.214,13301.029,13336.734,13378.948,287.0,133.0,285.0,304.0,False,HARD,14.0,True,Williams,13255.57,2026-10-04 09:47:54.985,1,16.0,False,,False,True
13463.067,SAI,55,103.679,41.0,3.0,,,26.002,35.554,42.123,13404.95,13440.504,13482.627,287.0,130.0,286.0,306.0,False,HARD,15.0,True,Williams,13359.388,2026-10-04 09:49:38.803,1,16.0,False,,False,True
13581.027,SAI,55,117.96,42.0,3.0,,13594.121,25.973,35.64,56.347,13508.6,13544.24,13600.587,287.0,130.0,,245.0,False,HARD,16.0,True,Williams,13463.067,2026-10-04 09:51:22.482,126,15.0,False,,False,False
13745.355,SAI,55,,43.0,4.0,13633.84,,69.137,39.491,55.616,13669.809,13709.449,13765.075,228.0,104.0,214.0,245.0,False,SOFT,4.0,False,Williams,13581.027,2026-10-04 09:53:20.442,6,18.0,False,,False,False
13880.572,SAI,55,135.217,44.0,4.0,,,36.025,42.494,56.698,13800.94,13843.434,13900.132,242.0,107.0,122.0,238.0,False,SOFT,5.0,False,Williams,13745.355,2026-10-04 09:56:04.770,6,18.0,False,,False,False
14031.163,SAI,55,,45.0,4.0,,,41.458,50.855,58.363,13941.638,13992.372,14050.913,146.0,108.0,192.0,211.0,False,SOFT,6.0,False,Williams,13880.572,2026-10-04 09:58:19.987,64,18.0,False,,False,False
14176.083,SAI,55,144.92,46.0,4.0,,,35.64,50.588,58.692,14086.363,14136.951,14195.643,225.0,107.0,261.0,234.0,False,SOFT,7.0,False,Williams,14031.163,2026-10-04 10:00:50.578,4,18.0,False,,False,False
14278.991,SAI,55,102.908,47.0,4.0,,,26.619,34.837,41.452,14222.262,14257.099,14298.551,289.0,136.0,287.0,299.0,False,SOFT,8.0,False,Williams,14176.083,2026-10-04 10:03:15.498,4,18.0,False,,False,False
14381.158,SAI,55,102.167,48.0,4.0,,,25.744,34.898,41.525,14324.295,14359.193,14400.718,279.0,134.0,287.0,304.0,False,SOFT,9.0,False,Williams,14278.991,2026-10-04 10:04:58.406,4,18.0,False,,False,False
14498.96,SAI,55,117.802,49.0,4.0,,,25.687,36.481,55.634,14426.405,14462.886,14518.52,278.0,132.0,207.0,189.0,False,SOFT,10.0,False,Williams,14381.158,2026-10-04 10:06:40.573,4,17.0,False,,False,False
14642.166,SAI,55,143.206,50.0,4.0,,,33.756,51.885,57.565,14552.276,14604.161,14661.726,245.0,104.0,149.0,229.0,False,SOFT,11.0,False,Williams,14498.96,2026-10-04 10:08:38.375,4,16.0,False,,False,False
14789.74,SAI,55,147.574,51.0,4.0,,,38.866,51.56,57.148,14700.592,14752.152,14809.3,215.0,118.0,295.0,283.0,False,SOFT,12.0,False,Williams,14642.166,2026-10-04 10:11:01.581,41,16.0,False,,False,False
14893.743,SAI,55,104.003,52.0,4.0,,,26.18,36.109,41.714,14835.48,14871.589,14913.303,308.0,137.0,293.0,314.0,False,SOFT,13.0,False,Williams,14789.74,2026-10-04 10:13:29.155,1,16.0,False,,False,True
14995.926,SAI,55,102.183,53.0,4.0,,,25.682,35.201,41.3,14938.985,14974.186,15015.486,299.0,138.0,291.0,320.0,False,SOFT,14.0,False,Williams,14893.743,2026-10-04 10:15:13.158,1,16.0,False,,False,True
15098.567,SAI,55,102.641,54.0,4.0,,,25.806,35.17,41.665,15041.292,15076.462,15118.127,294.0,136.0,291.0,316.0,False,SOFT,15.0,False,Williams,14995.926,2026-10-04 10:16:55.341,1,16.0,False,,False,True
15201.679,SAI,55,103.112,55.0,4.0,,,26.067,35.397,41.648,15144.194,15179.591,15221.239,294.0,133.0,283.0,328.0,False,SOFT,16.0,False,Williams,15098.567,2026-10-04 10:18:37.982,1,16.0,False,,False,True
8909.467,HAD,6,167.915,1.0,1.0,,,,47.909,59.816,,8869.202,8929.034,240.0,91.0,230.0,233.0,False,INTERMEDIATE,1.0,True,Red Bull Racing,8760.7,2026-10-04 08:33:00.115,1,7.0,False,,False,False
9135.569,HAD,6,,2.0,1.0,,,36.51,52.926,,8965.593,9018.412,,207.0,123.0,102.0,162.0,False,INTERMEDIATE,2.0,True,Red Bull Racing,8909.467,2026-10-04 08:35:28.882,12,11.0,False,,False,False
9250.533,HAD,6,114.964,3.0,1.0,,,30.672,38.977,45.315,9185.792,9224.769,9270.084,267.0,132.0,265.0,269.0,True,INTERMEDIATE,3.0,True,Red Bull Racing,9135.569,2026-10-04 08:39:14.984,1,5.0,False,,False,True
9362.29,HAD,6,111.757,4.0,1.0,,,28.436,37.989,45.332,9298.52,9336.509,9381.841,264.0,127.0,265.0,267.0,True,INTERMEDIATE,4.0,True,Red Bull Racing,9250.533,2026-10-04 08:41:09.948,1,5.0,False,,False,True
9473.839,HAD,6,111.549,5.0,1.0,,,28.151,38.041,45.357,9409.992,9448.033,9493.39,264.0,129.0,264.0,267.0,True,INTERMEDIATE,5.0,True,Red Bull Racing,9362.29,2026-10-04 08:43:01.705,1,5.0,False,,False,True
9585.844,HAD,6,112.005,6.0,1.0,,,28.194,38.491,45.32,9521.584,9560.075,9605.395,262.0,125.0,260.0,273.0,False,INTERMEDIATE,6.0,True,Red Bull Racing,9473.839,2026-10-04 08:44:53.254,12,4.0,False,,False,True
9697.414,HAD,6,111.57,7.0,1.0,,,28.465,37.972,45.133,9633.86,9671.832,9716.965,257.0,125.0,260.0,269.0,False,INTERMEDIATE,7.0,True,Red Bull Racing,9585.844,2026-10-04 08:46:45.259,1,4.0,False,,False,True
9809.435,HAD,6,112.021,8.0,1.0,,,28.34,38.182,45.499,9745.305,9783.487,9828.986,259.0,121.0,260.0,270.0,False,INTERMEDIATE,8.0,True,Red Bull Racing,9697.414,2026-10-04 08:48:36.829,12,4.0,False,,False,True
9937.287,HAD,6,127.852,9.0,1.0,,9950.542,28.462,38.254,61.136,9857.448,9895.702,9956.838,260.0,118.0,,243.0,False,INTERMEDIATE,9.0,True,Red Bull Racing,9809.435,2026-10-04 08:50:28.850,124,4.0,False,,False,False
10098.873,HAD,6,,10.0,2.0,9978.597,,54.557,47.902,59.035,10011.566,10059.497,10118.439,211.0,117.0,217.0,250.0,False,SOFT,4.0,False,Red Bull Racing,9937.287,2026-10-04 08:52:36.702,4,4.0,False,,False,False
10244.208,HAD,6,145.335,11.0,2.0,,,34.488,52.085,58.762,10152.912,10204.997,10263.759,164.0,119.0,221.0,263.0,False,SOFT,5.0,False,Red Bull Racing,10098.873,2026-10-04 08:55:18.288,4,4.0,False,,False,False
10403.812,HAD,6,,12.0,2.0,,,36.811,51.066,71.802,10300.639,10351.749,10423.523,179.0,105.0,260.0,182.0,False,SOFT,6.0,False,Red Bull Racing,10244.208,2026-10-04 08:57:43.623,41,4.0,False,,False,False
10510.84,HAD,6,107.028,13.0,2.0,,,27.946,36.15,42.932,10451.309,10487.459,10530.391,271.0,134.0,265.0,275.0,True,SOFT,7.0,False,Red Bull Racing,10403.812,2026-10-04 09:00:23.227,12,4.0,False,,False,True
10615.18,HAD,6,104.34,14.0,2.0,,,27.038,35.257,42.045,10557.429,10592.686,10634.731,265.0,131.0,267.0,274.0,True,SOFT,8.0,False,Red Bull Racing,10510.84,2026-10-04 09:02:10.255,1,4.0,False,,False,True
10718.572,HAD,6,103.392,15.0,2.0,,,26.952,34.809,41.631,10661.683,10696.492,10738.123,265.0,130.0,286.0,301.0,True,SOFT,9.0,False,Red Bull Racing,10615.18,2026-10-04 09:03:54.595,1,4.0,False,,False,True
10821.592,HAD,6,103.02,16.0,2.0,,,26.326,34.969,41.725,10764.449,10799.418,10841.143,278.0,130.0,285.0,300.0,True,SOFT,10.0,False,Red Bull Racing,10718.572,2026-10-04 09:05:37.987,12,4.0,False,,False,True
10924.11,HAD,6,102.518,17.0,2.0,,,26.283,34.76,41.475,10867.426,10902.186,10943.661,276.0,134.0,285.0,299.0,True,SOFT,11.0,False,Red Bull Racing,10821.592,2026-10-04 09:07:21.007,1,4.0,False,,False,True
11025.977,HAD,6,101.867,18.0,2.0,,,26.024,34.549,41.294,10969.685,11004.234,11045.528,276.0,135.0,285.0,298.0,True,SOFT,12.0,False,Red Bull Racing,10924.11,2026-10-04 09:09:03.525,1,4.0,False,,False,True
11128.022,HAD,6,102.045,19.0,2.0,,,26.063,34.608,41.374,11071.591,11106.199,11147.573,275.0,136.0,285.0,298.0,False,SOFT,13.0,False,Red Bull Racing,11025.977,2026-10-04 09:10:45.392,1,4.0,False,,False,True
11230.15,HAD,6,102.128,20.0,2.0,,,26.009,34.634,41.485,11173.582,11208.216,11249.701,275.0,135.0,282.0,297.0,False,SOFT,14.0,False,Red Bull Racing,11128.022,2026-10-04 09:12:27.437,1,4.0,False,,False,True
11332.556,HAD,6,102.406,21.0,2.0,,,26.141,34.554,41.711,11275.842,11310.396,11352.107,272.0,137.0,283.0,296.0,False,SOFT,15.0,False,Red Bull Racing,11230.15,2026-10-04 09:14:09.565,1,4.0,False,,False,True
11434.827,HAD,6,102.271,22.0,2.0,,,26.044,34.508,41.719,11378.151,11412.659,11454.378,275.0,135.0,283.0,296.0,False,SOFT,16.0,False,Red Bull Racing,11332.556,2026-10-04 09:15:51.971,1,4.0,False,,False,True
11537.279,HAD,6,102.452,23.0,2.0,,,26.16,34.638,41.654,11480.538,11515.176,11556.83,273.0,136.0,284.0,298.0,False,SOFT,17.0,False,Red Bull Racing,11434.827,2026-10-04 09:17:34.242,1,4.0,False,,False,True
11639.713,HAD,6,102.434,24.0,2.0,,,26.062,34.64,41.732,11582.892,11617.532,11659.264,274.0,133.0,283.0,298.0,False,SOFT,18.0,False,Red Bull Racing,11537.279,2026-10-04 09:19:16.694,1,4.0,False,,False,True
11742.481,HAD,6,102.768,25.0,2.0,,,26.187,34.752,41.829,11685.451,11720.203,11762.032,276.0,136.0,284.0,297.0,False,SOFT,19.0,False,Red Bull Racing,11639.713,2026-10-04 09:20:59.128,1,4.0,False,,False,True
11845.376,HAD,6,102.895,26.0,2.0,,,26.157,34.659,42.079,11788.189,11822.848,11864.927,276.0,134.0,284.0,297.0,False,SOFT,20.0,False,Red Bull Racing,11742.481,2026-10-04 09:22:41.896,1,4.0,False,,False,True
11948.39,HAD,6,103.014,27.0,2.0,,,26.231,34.882,41.901,11891.158,11926.04,11967.941,276.0,132.0,285.0,299.0,False,SOFT,21.0,False,Red Bull Racing,11845.376,2026-10-04 09:24:24.791,1,4.0,False,,False,True
12051.486,HAD,6,103.096,28.0,2.0,,,26.215,34.937,41.944,11994.156,12029.093,12071.037,277.0,132.0,285.0,300.0,False,SOFT,22.0,False,Red Bull Racing,11948.39,2026-10-04 09:26:07.805,1,4.0,False,,False,True
12154.788,HAD,6,103.302,29.0,2.0,,,26.233,35.127,41.942,12097.27,12132.397,12174.339,277.0,130.0,286.0,302.0,False,SOFT,23.0,False,Red Bull Racing,12051.486,2026-10-04 09:27:50.901,1,4.0,False,,False,True
12258.689,HAD,6,103.901,30.0,2.0,,,26.332,35.318,42.251,12200.671,12235.989,12278.24,279.0,131.0,284.0,301.0,False,SOFT,24.0,False,Red Bull Racing,12154.788,2026-10-04 09:29:34.203,1,4.0,False,,False,True
12369.126,HAD,6,110.437,31.0,2.0,,12382.339,26.427,35.344,48.666,12304.667,12340.011,12388.677,278.0,128.0,,325.0,False,SOFT,25.0,False,Red Bull Racing,12258.689,2026-10-04 09:31:18.104,1,4.0,False,,False,False
12491.847,HAD,6,122.721,32.0,3.0,12410.761,,46.89,35.006,40.825,12435.567,12470.573,12511.398,271.0,137.0,288.0,301.0,False,None,,False,Red Bull Racing,12369.126,2026-10-04 09:33:08.541,1,6.0,False,,False,False
12592.474,HAD,6,100.627,33.0,3.0,,,25.617,34.056,40.954,12537.015,12571.071,12612.025,276.0,134.0,287.0,303.0,True,None,,False,Red Bull Racing,12491.847,2026-10-04 09:35:11.262,1,5.0,False,,False,True
12693.771,HAD,6,101.297,34.0,3.0,,,25.667,34.43,41.2,12637.692,12672.122,12713.322,277.0,136.0,285.0,317.0,False,None,,False,Red Bull Racing,12592.474,2026-10-04 09:36:51.889,1,4.0,False,,False,True
12794.14,HAD,6,100.369,35.0,3.0,,,25.614,33.694,41.061,12738.936,12772.63,12813.691,276.0,136.0,287.0,299.0,True,None,,False,Red Bull Racing,12693.771,2026-10-04 09:38:33.186,1,4.0,False,,False,True
12895.634,HAD,6,101.494,36.0,3.0,,,25.911,34.383,41.2,12839.602,12873.985,12915.185,274.0,136.0,286.0,300.0,False,None,,False,Red Bull Racing,12794.14,2026-10-04 09:40:13.555,1,4.0,False,,False,True
12996.871,HAD,6,101.237,37.0,3.0,,,25.939,34.021,41.277,12941.124,12975.145,13016.422,277.0,135.0,289.0,304.0,False,None,,False,Red Bull Racing,12895.634,2026-10-04 09:41:55.049,1,4.0,False,,False,True
13098.351,HAD,6,101.48,38.0,3.0,,,25.892,34.134,41.454,13042.314,13076.448,13117.902,276.0,132.0,286.0,298.0,False,None,,False,Red Bull Racing,12996.871,2026-10-04 09:43:36.286,1,4.0,False,,False,True
13200.034,HAD,6,101.683,39.0,3.0,,,25.948,34.232,41.503,13143.85,13178.082,13219.585,275.0,133.0,286.0,298.0,False,None,,False,Red Bull Racing,13098.351,2026-10-04 09:45:17.766,1,4.0,False,,False,True
13301.22,HAD,6,101.186,40.0,3.0,,,25.814,34.078,41.294,13245.399,13279.477,13320.771,302.0,135.0,285.0,300.0,False,None,,False,Red Bull Racing,13200.034,2026-10-04 09:46:59.449,1,4.0,False,,False,True
13402.92,HAD,6,101.7,41.0,3.0,,,26.181,34.197,41.322,13346.952,13381.149,13422.471,275.0,134.0,287.0,295.0,False,None,,False,Red Bull Racing,13301.22,2026-10-04 09:48:40.635,1,4.0,False,,False,True
13504.477,HAD,6,101.557,42.0,3.0,,,25.849,34.24,41.468,13448.32,13482.56,13524.028,309.0,132.0,277.0,295.0,False,None,,False,Red Bull Racing,13402.92,2026-10-04 09:50:22.335,1,4.0,False,,False,True
13628.49,HAD,6,124.013,43.0,3.0,,,26.526,41.694,55.793,13550.554,13592.248,13648.041,273.0,97.0,177.0,255.0,False,None,,False,Red Bull Racing,13504.477,2026-10-04 09:52:03.892,126,4.0,False,,False,False
13766.8,HAD,6,138.31,44.0,3.0,,13779.996,35.974,42.735,59.601,13684.015,13726.75,13786.351,231.0,92.0,,222.0,False,None,,False,Red Bull Racing,13628.49,2026-10-04 09:54:07.905,6,4.0,False,,False,False
13918.828,HAD,6,,45.0,4.0,13807.294,,52.491,43.46,55.985,13838.934,13882.466,13938.466,255.0,84.0,226.0,207.0,False,SOFT,4.0,False,Red Bull Racing,13766.8,2026-10-04 09:56:26.215,64,4.0,False,,False,False
14052.009,HAD,6,133.181,46.0,4.0,,,35.697,42.115,55.369,13974.076,14016.191,14071.56,253.0,89.0,236.0,214.0,False,SOFT,5.0,False,Red Bull Racing,13918.828,2026-10-04 09:58:58.243,4,4.0,False,,False,False
14181.255,HAD,6,129.246,47.0,4.0,,,29.981,39.811,59.454,14101.541,14141.352,14200.806,249.0,90.0,176.0,208.0,False,SOFT,6.0,False,Red Bull Racing,14052.009,2026-10-04 10:01:11.424,4,4.0,False,,False,False
14331.511,HAD,6,,48.0,4.0,,,38.375,50.403,61.493,14239.223,14289.66,14351.114,235.0,106.0,157.0,264.0,False,SOFT,7.0,False,Red Bull Racing,14181.255,2026-10-04 10:03:20.670,4,4.0,False,,False,False
14480.647,HAD,6,149.136,49.0,4.0,,,40.435,49.917,58.784,14391.497,14441.414,14500.198,201.0,108.0,229.0,261.0,False,SOFT,8.0,False,Red Bull Racing,14331.511,2026-10-04 10:05:50.926,4,4.0,False,,False,False
14624.814,HAD,6,144.167,50.0,4.0,,,33.866,51.418,58.883,14534.064,14585.482,14644.365,235.0,89.0,177.0,242.0,False,SOFT,9.0,False,Red Bull Racing,14480.647,2026-10-04 10:08:20.062,4,3.0,False,,False,False
14783.867,HAD,6,,51.0,4.0,,,39.025,51.406,68.6,14683.458,14734.909,14803.496,207.0,118.0,291.0,271.0,False,SOFT,10.0,False,Red Bull Racing,14624.814,2026-10-04 10:10:44.229,41,3.0,False,,False,False
14883.659,HAD,6,99.792,52.0,4.0,,,25.578,33.881,40.333,14828.996,14862.877,14903.21,289.0,137.0,285.0,304.0,True,SOFT,11.0,False,Red Bull Racing,14783.867,2026-10-04 10:13:23.282,1,3.0,False,,False,True
14984.185,HAD,6,100.526,53.0,4.0,,,25.885,34.071,40.57,14929.095,14963.166,15003.736,294.0,139.0,286.0,303.0,False,SOFT,12.0,False,Red Bull Racing,14883.659,2026-10-04 10:15:03.074,1,4.0,False,,False,True
15085.105,HAD,6,100.92,54.0,4.0,,,26.072,34.157,40.691,15029.808,15063.965,15104.656,287.0,135.0,290.0,307.0,False,SOFT,13.0,False,Red Bull Racing,14984.185,2026-10-04 10:16:43.600,1,4.0,False,,False,True
15184.924,HAD,6,99.819,55.0,4.0,,,25.613,33.673,40.533,15130.269,15163.942,15204.475,282.0,135.0,291.0,308.0,False,SOFT,14.0,False,Red Bull Racing,15085.105,2026-10-04 10:18:24.520,1,4.0,False,,False,True
8907.232,RUS,63,165.785,1.0,1.0,,,,48.557,59.145,,8867.685,8926.973,235.0,90.0,246.0,249.0,False,INTERMEDIATE,1.0,True,Mercedes,8760.7,2026-10-04 08:33:00.115,1,6.0,False,,False,False
9135.118,RUS,63,,2.0,1.0,,,37.579,52.471,,8964.545,9016.936,,180.0,92.0,100.0,178.0,False,INTERMEDIATE,2.0,True,Mercedes,8907.232,2026-10-04 08:35:26.647,12,9.0,False,,False,False
9246.262,RUS,63,111.144,3.0,1.0,,,29.569,37.523,44.052,9184.285,9221.808,9265.86,273.0,130.0,264.0,289.0,True,INTERMEDIATE,3.0,True,Mercedes,9135.118,2026-10-04 08:39:14.533,1,2.0,False,,False,True
9355.384,RUS,63,109.122,4.0,1.0,,,28.133,37.06,43.929,9293.993,9331.053,9374.982,246.0,129.0,263.0,281.0,True,INTERMEDIATE,4.0,True,Mercedes,9246.262,2026-10-04 08:41:05.677,1,2.0,False,,False,True
9465.845,RUS,63,110.461,5.0,1.0,,,28.174,37.472,44.815,9403.156,9440.628,9485.443,243.0,129.0,263.0,264.0,False,INTERMEDIATE,5.0,True,Mercedes,9355.384,2026-10-04 08:42:54.799,1,2.0,False,,False,True
9578.065,RUS,63,112.22,6.0,1.0,,,28.419,38.827,44.974,9513.862,9552.689,9597.663,249.0,125.0,263.0,271.0,False,INTERMEDIATE,6.0,True,Mercedes,9465.845,2026-10-04 08:44:45.260,12,3.0,False,,False,True
9690.474,RUS,63,112.409,7.0,1.0,,,28.362,38.551,45.496,9626.025,9664.576,9710.072,259.0,124.0,260.0,266.0,False,INTERMEDIATE,7.0,True,Mercedes,9578.065,2026-10-04 08:46:37.480,1,3.0,False,,False,True
9803.097,RUS,63,112.623,8.0,1.0,,,28.485,38.489,45.649,9738.557,9777.046,9822.695,266.0,121.0,260.0,268.0,False,INTERMEDIATE,8.0,True,Mercedes,9690.474,2026-10-04 08:48:29.889,12,3.0,False,,False,True
9928.062,RUS,63,124.965,9.0,1.0,,9941.285,28.441,38.836,57.688,9851.136,9889.972,9947.66,260.0,117.0,,133.0,False,INTERMEDIATE,9.0,True,Mercedes,9803.097,2026-10-04 08:50:22.512,124,3.0,False,,False,False
10096.491,RUS,63,,10.0,2.0,9969.988,,54.794,49.812,63.82,10002.519,10052.269,10116.283,188.0,109.0,212.0,242.0,False,MEDIUM,1.0,True,Mercedes,9928.062,2026-10-04 08:52:27.477,4,3.0,False,,False,False
10243.14,RUS,63,146.649,11.0,2.0,,,35.382,52.283,58.984,10151.471,10203.754,10262.738,148.0,96.0,222.0,245.0,False,MEDIUM,2.0,True,Mercedes,10096.491,2026-10-04 08:55:15.906,4,3.0,False,,False,False
10402.924,RUS,63,,12.0,2.0,,,36.733,50.534,72.558,10299.545,10350.077,10422.65,195.0,105.0,265.0,184.0,False,MEDIUM,3.0,True,Mercedes,10243.14,2026-10-04 08:57:42.555,41,3.0,False,,False,False
10508.347,RUS,63,105.423,13.0,2.0,,,27.537,35.603,42.283,10450.059,10485.662,10527.945,267.0,138.0,267.0,290.0,True,MEDIUM,4.0,True,Mercedes,10402.924,2026-10-04 09:00:22.339,12,2.0,False,,False,True
10612.146,RUS,63,103.799,14.0,2.0,,,26.638,35.19,41.971,10554.583,10589.773,10631.744,258.0,137.0,266.0,280.0,True,MEDIUM,5.0,True,Mercedes,10508.347,2026-10-04 09:02:07.762,1,2.0,False,,False,True
10714.625,RUS,63,102.479,15.0,2.0,,,26.719,34.794,40.966,10658.463,10693.257,10734.223,268.0,138.0,286.0,302.0,True,MEDIUM,6.0,True,Mercedes,10612.146,2026-10-04 09:03:51.561,1,2.0,False,,False,True
10816.427,RUS,63,101.802,16.0,2.0,,,25.978,34.759,41.065,10760.201,10794.96,10836.025,281.0,137.0,284.0,302.0,True,MEDIUM,7.0,True,Mercedes,10714.625,2026-10-04 09:05:34.040,12,2.0,False,,False,True
10917.963,RUS,63,101.536,17.0,2.0,,,25.842,34.564,41.13,10861.867,10896.431,10937.561,281.0,137.0,284.0,302.0,True,MEDIUM,8.0,True,Mercedes,10816.427,2026-10-04 09:07:15.842,1,2.0,False,,False,True
11019.607,RUS,63,101.644,18.0,2.0,,,25.841,34.446,41.357,10963.402,10997.848,11039.205,279.0,140.0,283.0,298.0,False,MEDIUM,9.0,True,Mercedes,10917.963,2026-10-04 09:08:57.378,1,2.0,False,,False,True
11121.196,RUS,63,101.589,19.0,2.0,,,25.839,34.504,41.246,11065.044,11099.548,11140.794,278.0,137.0,284.0,300.0,False,MEDIUM,10.0,True,Mercedes,11019.607,2026-10-04 09:10:39.022,1,2.0,False,,False,True
11223.044,RUS,63,101.848,20.0,2.0,,,25.971,34.444,41.433,11166.765,11201.209,11242.642,279.0,136.0,284.0,298.0,False,MEDIUM,11.0,True,Mercedes,11121.196,2026-10-04 09:12:20.611,1,2.0,False,,False,True
11325.811,RUS,63,102.767,21.0,2.0,,,25.756,35.388,41.623,11268.398,11303.786,11345.409,289.0,130.0,286.0,309.0,False,MEDIUM,12.0,True,Mercedes,11223.044,2026-10-04 09:14:02.459,1,3.0,False,,False,True
11427.927,RUS,63,102.116,22.0,2.0,,,25.687,34.904,41.525,11371.096,11406.0,11447.525,288.0,131.0,286.0,304.0,False,MEDIUM,13.0,True,Mercedes,11325.811,2026-10-04 09:15:45.226,1,3.0,False,,False,True
11530.262,RUS,63,102.335,23.0,2.0,,,25.798,34.79,41.747,11473.323,11508.113,11549.86,286.0,132.0,284.0,302.0,False,MEDIUM,14.0,True,Mercedes,11427.927,2026-10-04 09:17:27.342,1,3.0,False,,False,True
11632.632,RUS,63,102.37,24.0,2.0,,,25.847,34.591,41.932,11575.707,11610.298,11652.23,284.0,131.0,285.0,301.0,False,MEDIUM,15.0,True,Mercedes,11530.262,2026-10-04 09:19:09.677,1,3.0,False,,False,True
11735.34,RUS,63,102.708,25.0,2.0,,,25.731,34.869,42.108,11677.961,11712.83,11754.938,284.0,131.0,285.0,302.0,False,MEDIUM,16.0,True,Mercedes,11632.632,2026-10-04 09:20:52.047,1,3.0,False,,False,True
11838.092,RUS,63,102.752,26.0,2.0,,,25.785,34.748,42.219,11780.723,11815.471,11857.69,285.0,131.0,284.0,301.0,False,MEDIUM,17.0,True,Mercedes,11735.34,2026-10-04 09:22:34.755,1,3.0,False,,False,True
11940.998,RUS,63,102.906,27.0,2.0,,,26.014,34.821,42.071,11883.704,11918.525,11960.596,283.0,130.0,285.0,300.0,False,MEDIUM,18.0,True,Mercedes,11838.092,2026-10-04 09:24:17.507,1,3.0,False,,False,True
12043.737,RUS,63,102.739,28.0,2.0,,,26.048,34.723,41.968,11986.644,12021.367,12063.335,282.0,132.0,285.0,299.0,False,MEDIUM,19.0,True,Mercedes,11940.998,2026-10-04 09:26:00.413,1,3.0,False,,False,True
12146.345,RUS,63,102.608,29.0,2.0,,,26.095,34.414,42.099,12089.43,12123.844,12165.943,282.0,130.0,285.0,299.0,False,MEDIUM,20.0,True,Mercedes,12043.737,2026-10-04 09:27:43.152,1,3.0,False,,False,True
12249.004,RUS,63,102.659,30.0,2.0,,,26.078,34.56,42.021,12192.021,12226.581,12268.602,282.0,132.0,285.0,300.0,False,MEDIUM,21.0,True,Mercedes,12146.345,2026-10-04 09:29:25.760,1,3.0,False,,False,True
12352.172,RUS,63,103.168,31.0,2.0,,,26.252,34.836,42.08,12294.854,12329.69,12371.77,282.0,131.0,284.0,301.0,False,MEDIUM,22.0,True,Mercedes,12249.004,2026-10-04 09:31:08.419,1,3.0,False,,False,True
12461.368,RUS,63,109.196,32.0,2.0,,12474.624,26.091,34.702,48.403,12397.861,12432.563,12480.966,282.0,131.0,,322.0,False,MEDIUM,23.0,True,Mercedes,12352.172,2026-10-04 09:32:51.587,1,3.0,False,,False,False
12582.348,RUS,63,120.98,33.0,3.0,12502.184,,45.67,34.261,41.049,12526.636,12560.897,12601.946,276.0,134.0,286.0,295.0,False,SOFT,4.0,False,Mercedes,12461.368,2026-10-04 09:34:40.783,1,3.0,False,,False,False
12683.063,RUS,63,100.715,34.0,3.0,,,25.58,34.175,40.96,12627.526,12661.701,12702.661,283.0,133.0,287.0,301.0,True,SOFT,5.0,False,Mercedes,12582.348,2026-10-04 09:36:41.763,1,3.0,False,,False,True
12784.145,RUS,63,101.082,35.0,3.0,,,25.473,34.275,41.334,12728.134,12762.409,12803.743,282.0,135.0,286.0,301.0,False,SOFT,6.0,False,Mercedes,12683.063,2026-10-04 09:38:22.478,1,3.0,False,,False,True
12884.998,RUS,63,100.853,36.0,3.0,,,25.588,34.009,41.256,12829.331,12863.34,12904.596,282.0,133.0,286.0,303.0,False,SOFT,7.0,False,Mercedes,12784.145,2026-10-04 09:40:03.560,1,3.0,False,,False,True
12985.764,RUS,63,100.766,37.0,3.0,,,25.495,33.948,41.323,12930.091,12964.039,13005.362,284.0,134.0,286.0,299.0,False,SOFT,8.0,False,Mercedes,12884.998,2026-10-04 09:41:44.413,1,3.0,False,,False,True
13086.764,RUS,63,101.0,38.0,3.0,,,25.677,34.135,41.188,13031.039,13065.174,13106.362,282.0,134.0,287.0,300.0,False,SOFT,9.0,False,Mercedes,12985.764,2026-10-04 09:43:25.179,1,3.0,False,,False,True
13187.976,RUS,63,101.212,39.0,3.0,,,25.565,34.167,41.48,13131.927,13166.094,13207.574,283.0,135.0,286.0,300.0,False,SOFT,10.0,False,Mercedes,13086.764,2026-10-04 09:45:06.179,1,3.0,False,,False,True
13289.388,RUS,63,101.412,40.0,3.0,,,25.69,34.38,41.342,13233.264,13267.644,13308.986,282.0,133.0,287.0,302.0,False,SOFT,11.0,False,Mercedes,13187.976,2026-10-04 09:46:47.391,1,3.0,False,,False,True
13390.879,RUS,63,101.491,41.0,3.0,,,25.623,34.355,41.513,13334.609,13368.964,13410.477,283.0,133.0,287.0,299.0,False,SOFT,12.0,False,Mercedes,13289.388,2026-10-04 09:48:28.803,1,3.0,False,,False,True
13492.471,RUS,63,101.592,42.0,3.0,,,25.779,34.319,41.494,13436.256,13470.575,13512.069,283.0,133.0,286.0,301.0,False,SOFT,13.0,False,Mercedes,13390.879,2026-10-04 09:50:10.294,1,3.0,False,,False,True
13611.11,RUS,63,118.639,43.0,3.0,,,25.893,37.565,55.181,13537.962,13575.527,13630.708,283.0,106.0,225.0,248.0,False,SOFT,14.0,False,Mercedes,13492.471,2026-10-04 09:51:51.886,126,3.0,False,,False,False
13749.766,RUS,63,138.656,44.0,3.0,,13763.043,39.241,40.187,59.228,13669.949,13710.136,13769.364,223.0,93.0,,259.0,False,SOFT,15.0,False,Mercedes,13611.11,2026-10-04 09:53:50.525,6,3.0,False,,False,False
13900.423,RUS,63,,45.0,4.0,13790.622,,51.67,43.864,55.089,13821.184,13865.059,13920.169,234.0,109.0,229.0,247.0,False,SOFT,4.0,False,Mercedes,13749.766,2026-10-04 09:56:09.181,64,3.0,False,,False,False
14034.952,RUS,63,134.529,46.0,4.0,,,35.775,43.69,55.064,13955.796,13999.486,14054.55,242.0,117.0,230.0,175.0,False,SOFT,5.0,False,Mercedes,13900.423,2026-10-04 09:58:39.838,4,3.0,False,,False,False
14180.051,RUS,63,145.099,47.0,4.0,,,35.134,49.896,60.069,14089.684,14139.58,14199.649,239.0,103.0,173.0,242.0,False,SOFT,6.0,False,Mercedes,14034.952,2026-10-04 10:00:54.367,4,3.0,False,,False,False
14330.093,RUS,63,,48.0,4.0,,,38.534,50.653,60.881,14238.301,14288.863,14349.879,230.0,110.0,150.0,249.0,False,SOFT,7.0,False,Mercedes,14180.051,2026-10-04 10:03:19.466,4,3.0,False,,False,False
14479.569,RUS,63,149.476,49.0,4.0,,,40.7,49.645,59.131,14390.391,14440.036,14499.167,202.0,102.0,212.0,249.0,False,SOFT,8.0,False,Mercedes,14330.093,2026-10-04 10:05:49.508,4,3.0,False,,False,False
14629.569,RUS,63,,50.0,4.0,,,,,,,,,,,,,,SOFT,9.0,False,Mercedes,14479.569,2026-10-04 10:08:18.984,4,,False,,True,False
8944.924,BOT,77,203.484,1.0,1.0,,,,49.565,58.944,,8905.64,8964.645,177.0,93.0,234.0,221.0,False,SOFT,1.0,True,Cadillac,8760.7,2026-10-04 08:33:00.115,1,19.0,False,,False,False
9138.539,BOT,77,,2.0,1.0,,,34.152,49.285,,8998.766,9047.932,,228.0,92.0,170.0,203.0,False,SOFT,2.0,True,Cadillac,8944.924,2026-10-04 08:36:04.339,12,20.0,False,,False,False
9282.252,BOT,77,143.713,3.0,1.0,,,36.43,51.002,56.281,9194.629,9245.631,9301.912,191.0,108.0,239.0,236.0,True,SOFT,3.0,True,Cadillac,9138.539,2026-10-04 08:39:17.954,1,21.0,False,,False,True
9416.513,BOT,77,134.261,4.0,1.0,,,32.841,47.201,54.219,9334.753,9381.954,9436.173,232.0,98.0,245.0,265.0,True,SOFT,4.0,True,Cadillac,9282.252,2026-10-04 08:41:41.667,1,21.0,False,,False,True
9545.934,BOT,77,129.421,5.0,1.0,,,31.897,44.789,52.735,9468.07,9512.859,9565.594,238.0,104.0,252.0,282.0,True,SOFT,5.0,True,Cadillac,9416.513,2026-10-04 08:43:55.928,12,21.0,False,,False,True
9670.467,BOT,77,124.533,6.0,1.0,,,30.633,43.513,50.387,9596.227,9639.74,9690.127,252.0,108.0,252.0,286.0,True,SOFT,6.0,True,Cadillac,9545.934,2026-10-04 08:46:05.349,21,22.0,False,,False,True
9790.42,BOT,77,119.953,7.0,1.0,,,29.895,41.399,48.659,9720.022,9761.421,9810.08,270.0,114.0,254.0,286.0,True,SOFT,7.0,True,Cadillac,9670.467,2026-10-04 08:48:09.882,12,22.0,False,,False,True
9940.42,BOT,77,,8.0,1.0,,,,,,,,,,,,,,SOFT,8.0,True,Cadillac,9790.42,2026-10-04 08:50:09.835,124,,False,,True,False
8906.751,PIA,81,165.216,1.0,1.0,,,,50.06,59.329,,8867.042,8926.341,169.0,98.0,240.0,200.0,False,MEDIUM,1.0,True,McLaren,8760.7,2026-10-04 08:33:00.115,1,5.0,False,,False,False
9071.479,PIA,81,,2.0,1.0,,9084.473,36.81,52.648,75.286,8963.172,9015.783,9091.098,154.0,95.0,,185.0,False,MEDIUM,2.0,True,McLaren,8906.751,2026-10-04 08:35:26.166,12,1.0,False,,False,False
9262.005,PIA,81,,3.0,2.0,9165.964,,,42.813,45.098,,9236.539,9281.698,224.0,125.0,262.0,274.0,False,INTERMEDIATE,1.0,True,McLaren,9071.479,2026-10-04 08:38:10.894,1,10.0,False,,False,False
9372.661,PIA,81,110.656,4.0,2.0,,,28.065,37.939,44.652,9309.66,9347.599,9392.251,262.0,130.0,264.0,279.0,True,INTERMEDIATE,2.0,True,McLaren,9262.005,2026-10-04 08:41:21.420,1,10.0,False,,False,True
9483.334,PIA,81,110.673,5.0,2.0,,,27.858,38.278,44.537,9420.109,9458.387,9502.924,262.0,126.0,263.0,283.0,False,INTERMEDIATE,3.0,True,McLaren,9372.661,2026-10-04 08:43:12.076,1,10.0,False,,False,True
9595.71,PIA,81,112.376,6.0,2.0,,,28.063,38.822,45.491,9530.987,9569.809,9615.3,266.0,122.0,264.0,280.0,False,INTERMEDIATE,4.0,True,McLaren,9483.334,2026-10-04 08:45:02.749,12,10.0,False,,False,True
9710.388,PIA,81,114.678,7.0,2.0,,,28.583,39.883,46.212,9643.883,9683.766,9729.978,262.0,121.0,267.0,272.0,False,INTERMEDIATE,5.0,True,McLaren,9595.71,2026-10-04 08:46:55.125,1,10.0,False,,False,True
9826.064,PIA,81,115.676,8.0,2.0,,,28.571,40.522,46.583,9758.549,9799.071,9845.654,278.0,119.0,262.0,269.0,False,INTERMEDIATE,6.0,True,McLaren,9710.388,2026-10-04 08:48:49.803,12,10.0,False,,False,True
9960.294,PIA,81,134.23,9.0,2.0,,9973.488,28.737,40.123,65.37,9874.391,9914.514,9979.884,256.0,117.0,,233.0,False,INTERMEDIATE,7.0,True,McLaren,9826.064,2026-10-04 08:50:45.479,124,10.0,False,,False,False
10121.228,PIA,81,,10.0,3.0,10002.597,,57.791,45.899,57.258,10037.785,10083.56,10140.899,188.0,111.0,229.0,181.0,False,HARD,1.0,True,McLaren,9960.294,2026-10-04 08:52:59.709,4,10.0,False,,False,False
10251.066,PIA,81,129.838,11.0,3.0,,,30.552,41.813,57.473,10171.37,10213.183,10270.656,248.0,109.0,259.0,249.0,False,HARD,2.0,True,McLaren,10121.228,2026-10-04 08:55:40.643,4,10.0,False,,False,False
10406.651,PIA,81,,12.0,3.0,,,36.213,50.109,69.284,10307.014,10356.957,10426.466,157.0,123.0,263.0,187.0,False,HARD,3.0,True,McLaren,10251.066,2026-10-04 08:57:50.481,41,10.0,False,,False,False
10516.777,PIA,81,110.126,13.0,3.0,,,29.578,37.268,43.28,10455.819,10493.087,10536.367,247.0,131.0,267.0,273.0,True,HARD,4.0,True,McLaren,10406.651,2026-10-04 09:00:26.066,12,9.0,False,,False,True
10623.345,PIA,81,106.568,14.0,3.0,,,27.405,36.001,43.162,10563.772,10599.773,10642.935,277.0,130.0,267.0,291.0,True,HARD,5.0,True,McLaren,10516.777,2026-10-04 09:02:16.192,1,8.0,False,,False,True
10728.19,PIA,81,104.845,15.0,3.0,,,27.261,35.463,42.121,10670.196,10705.659,10747.78,277.0,133.0,288.0,301.0,True,HARD,6.0,True,McLaren,10623.345,2026-10-04 09:04:02.760,1,8.0,False,,False,True
10830.806,PIA,81,102.616,16.0,3.0,,,26.16,34.872,41.584,10773.94,10808.812,10850.396,292.0,134.0,288.0,317.0,True,HARD,7.0,True,McLaren,10728.19,2026-10-04 09:05:47.605,12,8.0,False,,False,True
10933.705,PIA,81,102.899,17.0,3.0,,,25.871,35.626,41.402,10876.267,10911.893,10953.295,296.0,135.0,290.0,335.0,False,HARD,8.0,True,McLaren,10830.806,2026-10-04 09:07:30.221,1,8.0,False,,False,True
11036.675,PIA,81,102.97,18.0,3.0,,,25.925,35.533,41.512,10979.22,11014.753,11056.265,292.0,134.0,289.0,344.0,False,HARD,9.0,True,McLaren,10933.705,2026-10-04 09:09:13.120,1,8.0,False,,False,True
11140.582,PIA,81,103.907,19.0,3.0,,,26.45,35.641,41.816,11082.715,11118.356,11160.172,273.0,135.0,289.0,311.0,False,HARD,10.0,True,McLaren,11036.675,2026-10-04 09:10:56.090,1,9.0,False,,False,True
11244.721,PIA,81,104.139,20.0,3.0,,,26.262,35.838,42.039,11186.434,11222.272,11264.311,301.0,131.0,290.0,335.0,False,HARD,11.0,True,McLaren,11140.582,2026-10-04 09:12:39.997,1,9.0,False,,False,True
11348.537,PIA,81,103.816,21.0,3.0,,,26.091,35.64,42.085,11290.402,11326.042,11368.127,287.0,131.0,288.0,308.0,False,HARD,12.0,True,McLaren,11244.721,2026-10-04 09:14:24.136,1,9.0,False,,False,True
11451.931,PIA,81,103.394,22.0,3.0,,,26.002,35.475,41.917,11394.129,11429.604,11471.521,285.0,134.0,289.0,312.0,False,HARD,13.0,True,McLaren,11348.537,2026-10-04 09:16:07.952,1,9.0,False,,False,True
11555.497,PIA,81,103.566,23.0,3.0,,,26.144,35.636,41.786,11497.665,11533.301,11575.087,292.0,132.0,286.0,335.0,False,HARD,14.0,True,McLaren,11451.931,2026-10-04 09:17:51.346,1,8.0,False,,False,True
11658.896,PIA,81,103.399,24.0,3.0,,,26.196,35.092,42.111,11601.283,11636.375,11678.486,273.0,134.0,287.0,303.0,False,HARD,15.0,True,McLaren,11555.497,2026-10-04 09:19:34.912,1,8.0,False,,False,True
11761.839,PIA,81,102.943,25.0,3.0,,,25.96,35.143,41.84,11704.446,11739.589,11781.429,280.0,134.0,288.0,307.0,False,HARD,16.0,True,McLaren,11658.896,2026-10-04 09:21:18.311,1,8.0,False,,False,True
11864.947,PIA,81,103.108,26.0,3.0,,,25.949,35.258,41.901,11807.378,11842.636,11884.537,284.0,130.0,291.0,328.0,False,HARD,17.0,True,McLaren,11761.839,2026-10-04 09:23:01.254,1,8.0,False,,False,True
11968.19,PIA,81,103.243,27.0,3.0,,,25.966,35.217,42.06,11910.503,11945.72,11987.78,280.0,132.0,287.0,309.0,False,HARD,18.0,True,McLaren,11864.947,2026-10-04 09:24:44.362,1,7.0,False,,False,True
12071.734,PIA,81,103.544,28.0,3.0,,,26.126,35.132,42.286,12013.906,12049.038,12091.324,285.0,131.0,288.0,309.0,False,HARD,19.0,True,McLaren,11968.19,2026-10-04 09:26:27.605,1,7.0,False,,False,True
12175.204,PIA,81,103.47,29.0,3.0,,,26.181,35.439,41.85,12117.505,12152.944,12194.794,291.0,129.0,285.0,340.0,False,HARD,20.0,True,McLaren,12071.734,2026-10-04 09:28:11.149,1,7.0,False,,False,True
12279.571,PIA,81,104.367,30.0,3.0,,,26.643,35.21,42.514,12221.437,12256.647,12299.161,282.0,132.0,284.0,293.0,False,HARD,21.0,True,McLaren,12175.204,2026-10-04 09:29:54.619,1,6.0,False,,False,True
12382.76,PIA,81,103.189,31.0,3.0,,,26.372,34.731,42.086,12325.533,12360.264,12402.35,279.0,129.0,284.0,299.0,False,HARD,22.0,True,McLaren,12279.571,2026-10-04 09:31:38.986,1,6.0,False,,False,True
12485.897,PIA,81,103.137,32.0,3.0,,,26.267,34.791,42.079,12428.617,12463.408,12505.487,277.0,129.0,284.0,299.0,False,HARD,23.0,True,McLaren,12382.76,2026-10-04 09:33:22.175,1,4.0,False,,False,True
12595.066,PIA,81,109.169,33.0,3.0,,12608.315,26.159,34.954,48.056,12531.646,12566.6,12614.656,280.0,132.0,,321.0,False,HARD,24.0,True,McLaren,12485.897,2026-10-04 09:35:05.312,1,7.0,False,,False,False
12715.604,PIA,81,120.538,34.0,4.0,12636.498,,46.22,33.995,40.323,12660.876,12694.871,12735.194,285.0,138.0,290.0,303.0,False,HARD,1.0,True,McLaren,12595.066,2026-10-04 09:36:54.481,1,8.0,False,,False,False
12816.074,PIA,81,100.47,35.0,4.0,,,25.338,34.167,40.965,12760.532,12794.699,12835.664,287.0,138.0,288.0,315.0,True,HARD,2.0,True,McLaren,12715.604,2026-10-04 09:38:55.019,1,6.0,False,,False,True
12916.575,PIA,81,100.501,36.0,4.0,,,25.563,34.163,40.775,12861.227,12895.39,12936.165,279.0,136.0,289.0,301.0,False,HARD,3.0,True,McLaren,12816.074,2026-10-04 09:40:35.489,1,6.0,False,,False,True
13016.915,PIA,81,100.34,37.0,4.0,,,25.441,34.155,40.744,12961.606,12995.761,13036.505,287.0,136.0,288.0,304.0,True,HARD,4.0,True,McLaren,12916.575,2026-10-04 09:42:15.990,1,6.0,False,,False,True
13117.503,PIA,81,100.588,38.0,4.0,,,25.53,34.24,40.818,13062.035,13096.275,13137.093,287.0,133.0,288.0,305.0,False,HARD,5.0,True,McLaren,13016.915,2026-10-04 09:43:56.330,1,6.0,False,,False,True
13218.241,PIA,81,100.738,39.0,4.0,,,25.647,34.153,40.938,13162.74,13196.893,13237.831,283.0,133.0,290.0,306.0,False,HARD,6.0,True,McLaren,13117.503,2026-10-04 09:45:36.918,1,6.0,False,,False,True
13319.131,PIA,81,100.89,40.0,4.0,,,25.504,34.328,41.058,13263.335,13297.663,13338.721,282.0,133.0,289.0,308.0,False,HARD,7.0,True,McLaren,13218.241,2026-10-04 09:47:17.656,1,6.0,False,,False,True
13420.091,PIA,81,100.96,41.0,4.0,,,25.639,34.235,41.086,13364.36,13398.595,13439.681,286.0,133.0,289.0,307.0,False,HARD,8.0,True,McLaren,13319.131,2026-10-04 09:48:58.546,1,6.0,False,,False,True
13521.389,PIA,81,101.298,42.0,4.0,,,25.719,34.373,41.206,13465.4,13499.773,13540.979,284.0,131.0,289.0,310.0,False,HARD,9.0,True,McLaren,13420.091,2026-10-04 09:50:39.506,1,6.0,False,,False,True
13649.82,PIA,81,128.431,43.0,4.0,,,30.428,42.686,55.317,13571.407,13614.093,13669.41,162.0,103.0,211.0,226.0,False,HARD,10.0,True,McLaren,13521.389,2026-10-04 09:52:20.804,126,6.0,False,,False,False
13783.298,PIA,81,133.478,44.0,4.0,,,35.803,42.839,54.836,13705.213,13748.052,13802.888,237.0,97.0,207.0,192.0,False,HARD,11.0,True,McLaren,13649.82,2026-10-04 09:54:29.235,6,5.0,False,,False,False
13922.559,PIA,81,139.261,45.0,4.0,,13935.716,37.105,42.872,59.284,13839.993,13882.865,13942.149,239.0,88.0,,207.0,False,HARD,12.0,True,McLaren,13783.298,2026-10-04 09:56:42.713,64,6.0,False,,False,False
14073.014,PIA,81,,46.0,5.0,13963.106,,54.555,41.011,54.795,13996.81,14037.85,14092.791,248.0,114.0,239.0,216.0,False,MEDIUM,3.0,False,McLaren,13922.559,2026-10-04 09:59:01.974,4,6.0,False,,False,False
14186.091,PIA,81,113.077,47.0,5.0,,,29.306,35.906,47.865,14121.91,14157.816,14205.681,260.0,132.0,205.0,258.0,False,MEDIUM,4.0,False,McLaren,14073.014,2026-10-04 10:01:32.429,4,6.0,False,,False,False
14335.669,PIA,81,149.578,48.0,5.0,,,37.432,49.561,62.585,14243.113,14292.674,14355.259,236.0,97.0,185.0,244.0,False,MEDIUM,5.0,False,McLaren,14186.091,2026-10-04 10:03:25.506,4,6.0,False,,False,False
14483.887,PIA,81,148.218,49.0,5.0,,,39.695,48.922,59.601,14394.954,14443.876,14503.477,237.0,111.0,195.0,230.0,False,MEDIUM,6.0,False,McLaren,14335.669,2026-10-04 10:05:55.084,4,6.0,False,,False,False
14628.224,PIA,81,144.337,50.0,5.0,,,34.755,49.852,59.73,14538.232,14588.084,14647.814,247.0,106.0,195.0,250.0,False,MEDIUM,7.0,False,McLaren,14483.887,2026-10-04 10:08:23.302,4,5.0,False,,False,False
14785.89,PIA,81,,51.0,5.0,,,39.433,50.721,67.54,14687.287,14737.94,14805.59,246.0,133.0,292.0,223.0,False,MEDIUM,8.0,False,McLaren,14628.224,2026-10-04 10:10:47.639,41,6.0,False,,False,False
14886.165,PIA,81,100.275,52.0,5.0,,,25.706,34.119,40.45,14831.186,14865.305,14905.755,315.0,137.0,293.0,313.0,True,MEDIUM,9.0,False,McLaren,14785.89,2026-10-04 10:13:25.305,1,5.0,False,,False,True
14985.65,PIA,81,99.485,53.0,5.0,,,25.454,33.689,40.342,14931.209,14964.898,15005.24,288.0,138.0,293.0,316.0,True,MEDIUM,10.0,False,McLaren,14886.165,2026-10-04 10:15:05.580,1,5.0,False,,False,True
15085.766,PIA,81,100.116,54.0,5.0,,,25.326,34.103,40.687,15030.566,15064.669,15105.356,293.0,133.0,294.0,320.0,False,MEDIUM,11.0,False,McLaren,14985.65,2026-10-04 10:16:45.065,1,5.0,False,,False,True
15185.722,PIA,81,99.956,55.0,5.0,,,25.168,34.196,40.592,15130.524,15164.72,15205.312,307.0,135.0,289.0,342.0,False,MEDIUM,12.0,False,McLaren,15085.766,2026-10-04 10:18:25.181,1,5.0,False,,False,True
8937.006,BEA,87,195.513,1.0,1.0,,,,51.027,59.83,,8896.843,8956.582,184.0,97.0,232.0,218.0,False,SOFT,1.0,True,Haas F1 Team,8760.7,2026-10-04 08:33:00.115,1,16.0,False,,False,False
9137.972,BEA,87,,2.0,1.0,,,35.7,50.229,,8992.435,9042.545,,190.0,98.0,157.0,147.0,False,SOFT,2.0,True,Haas F1 Team,8937.006,2026-10-04 08:35:56.421,12,18.0,False,,False,False
9279.407,BEA,87,141.435,3.0,1.0,,,35.205,50.129,56.101,9192.753,9242.882,9298.983,216.0,95.0,251.0,275.0,True,SOFT,3.0,True,Haas F1 Team,9137.972,2026-10-04 08:39:17.387,1,19.0,False,,False,True
9412.212,BEA,87,132.805,4.0,1.0,,,32.582,47.598,52.625,9331.565,9379.163,9431.788,224.0,100.0,252.0,287.0,True,SOFT,4.0,True,Haas F1 Team,9279.407,2026-10-04 08:41:38.822,1,19.0,False,,False,True
9538.363,BEA,87,126.151,5.0,1.0,,,31.147,44.857,50.147,9462.935,9507.792,9557.939,242.0,111.0,254.0,287.0,True,SOFT,5.0,True,Haas F1 Team,9412.212,2026-10-04 08:43:51.627,1,19.0,False,,False,True
9661.349,BEA,87,122.986,6.0,1.0,,,30.094,43.674,49.218,9588.033,9631.707,9680.925,251.0,115.0,256.0,287.0,True,SOFT,6.0,True,Haas F1 Team,9538.363,2026-10-04 08:45:57.778,12,19.0,False,,False,True
9779.657,BEA,87,118.308,7.0,1.0,,,29.813,41.229,47.266,9710.738,9751.967,9799.233,265.0,124.0,258.0,289.0,True,SOFT,7.0,True,Haas F1 Team,9661.349,2026-10-04 08:48:00.764,12,19.0,False,,False,True
9894.291,BEA,87,114.634,8.0,1.0,,,28.801,39.707,46.126,9828.034,9867.741,9913.867,275.0,126.0,260.0,283.0,True,SOFT,8.0,True,Haas F1 Team,9779.657,2026-10-04 08:49:59.072,1,20.0,False,,False,True
10037.463,BEA,87,143.172,9.0,1.0,,,36.863,48.435,57.874,9950.73,9999.165,10057.039,214.0,77.0,204.0,223.0,False,SOFT,9.0,True,Haas F1 Team,9894.291,2026-10-04 08:51:53.706,124,19.0,False,,False,False
10186.995,BEA,87,149.532,10.0,1.0,,10200.116,36.728,47.823,64.981,10093.767,10141.59,10206.571,237.0,100.0,,166.0,False,SOFT,10.0,True,Haas F1 Team,10037.463,2026-10-04 08:54:16.878,4,18.0,False,,False,False
10321.199,BEA,87,134.204,11.0,2.0,10228.707,,49.625,38.936,45.643,10256.196,10295.132,10340.775,261.0,127.0,260.0,287.0,False,MEDIUM,1.0,True,Haas F1 Team,10186.995,2026-10-04 08:56:46.410,4,20.0,False,,False,False
10430.148,BEA,87,108.949,12.0,2.0,,,27.785,37.107,44.057,10368.56,10405.667,10449.724,278.0,130.0,263.0,273.0,True,MEDIUM,2.0,True,Haas F1 Team,10321.199,2026-10-04 08:59:00.614,41,20.0,False,,False,False
10536.913,BEA,87,106.765,13.0,2.0,,,27.388,36.016,43.361,10477.112,10513.128,10556.489,279.0,129.0,264.0,275.0,True,MEDIUM,3.0,True,Haas F1 Team,10430.148,2026-10-04 09:00:49.563,12,19.0,False,,False,True
10642.604,BEA,87,105.691,14.0,2.0,,,27.197,35.601,42.893,10583.686,10619.287,10662.18,276.0,131.0,265.0,271.0,True,MEDIUM,4.0,True,Haas F1 Team,10536.913,2026-10-04 09:02:36.328,1,19.0,False,,False,True
10746.731,BEA,87,104.127,15.0,2.0,,,26.879,35.154,42.094,10689.059,10724.213,10766.307,282.0,132.0,284.0,300.0,True,MEDIUM,5.0,True,Haas F1 Team,10642.604,2026-10-04 09:04:22.019,12,19.0,False,,False,True
10850.414,BEA,87,103.683,16.0,2.0,,,26.644,35.131,41.908,10792.951,10828.082,10869.99,271.0,132.0,283.0,305.0,True,MEDIUM,6.0,True,Haas F1 Team,10746.731,2026-10-04 09:06:06.146,21,18.0,False,,False,True
10953.971,BEA,87,103.557,17.0,2.0,,,26.341,35.216,42.0,10896.331,10931.547,10973.547,276.0,130.0,281.0,308.0,True,MEDIUM,7.0,True,Haas F1 Team,10850.414,2026-10-04 09:07:49.829,1,17.0,False,,False,True
11057.016,BEA,87,103.045,18.0,2.0,,,26.177,35.126,41.742,10999.724,11034.85,11076.592,278.0,130.0,284.0,307.0,True,MEDIUM,8.0,True,Haas F1 Team,10953.971,2026-10-04 09:09:33.386,1,16.0,False,,False,True
11160.125,BEA,87,103.109,19.0,2.0,,,26.08,35.257,41.772,11102.672,11137.929,11179.701,276.0,131.0,284.0,308.0,False,MEDIUM,9.0,True,Haas F1 Team,11057.016,2026-10-04 09:11:16.431,1,16.0,False,,False,True
11263.333,BEA,87,103.208,20.0,2.0,,,26.04,35.242,41.926,11205.741,11240.983,11282.909,277.0,132.0,282.0,308.0,False,MEDIUM,10.0,True,Haas F1 Team,11160.125,2026-10-04 09:12:59.540,1,16.0,False,,False,True
11366.853,BEA,87,103.52,21.0,2.0,,,26.041,35.33,42.149,11308.95,11344.28,11386.429,278.0,129.0,283.0,303.0,False,MEDIUM,11.0,True,Haas F1 Team,11263.333,2026-10-04 09:14:42.748,1,16.0,False,,False,True
11470.878,BEA,87,104.025,22.0,2.0,,,26.218,35.273,42.534,11412.647,11447.92,11490.454,277.0,132.0,285.0,303.0,False,MEDIUM,12.0,True,Haas F1 Team,11366.853,2026-10-04 09:16:26.268,1,16.0,True,TRACK LIMITS AT TURN 14 LAP 22 ,False,True
11574.507,BEA,87,103.629,23.0,2.0,,,26.262,35.363,42.004,11516.716,11552.079,11594.083,276.0,130.0,283.0,305.0,False,MEDIUM,13.0,True,Haas F1 Team,11470.878,2026-10-04 09:18:10.293,1,16.0,False,,False,True
11684.767,BEA,87,110.26,24.0,2.0,,11697.922,26.192,35.628,48.44,11620.275,11655.903,11704.343,277.0,131.0,,309.0,False,MEDIUM,14.0,True,Haas F1 Team,11574.507,2026-10-04 09:19:53.922,1,18.0,False,,False,False
11807.71,BEA,87,122.943,25.0,3.0,11726.91,,46.996,35.024,40.923,11751.339,11786.363,11827.286,277.0,135.0,284.0,316.0,False,HARD,1.0,True,Haas F1 Team,11684.767,2026-10-04 09:21:44.182,1,20.0,False,,False,False
11908.706,BEA,87,100.996,26.0,3.0,,,25.183,34.55,41.263,11852.469,11887.019,11928.282,313.0,137.0,283.0,303.0,True,HARD,2.0,True,Haas F1 Team,11807.71,2026-10-04 09:23:47.125,1,19.0,False,,False,True
12011.143,BEA,87,102.437,27.0,3.0,,,26.488,34.513,41.436,11954.77,11989.283,12030.719,269.0,136.0,284.0,301.0,False,HARD,3.0,True,Haas F1 Team,11908.706,2026-10-04 09:25:28.121,1,18.0,False,,False,True
12113.572,BEA,87,102.429,28.0,3.0,,,25.909,34.766,41.754,12056.628,12091.394,12133.148,272.0,133.0,287.0,310.0,False,HARD,4.0,True,Haas F1 Team,12011.143,2026-10-04 09:27:10.558,1,18.0,False,,False,True
12217.168,BEA,87,103.596,29.0,3.0,,,25.743,35.673,42.18,12158.891,12194.564,12236.744,306.0,129.0,281.0,294.0,False,HARD,5.0,True,Haas F1 Team,12113.572,2026-10-04 09:28:52.987,1,15.0,False,,False,True
12319.763,BEA,87,102.595,30.0,3.0,,,26.295,34.662,41.638,12263.039,12297.701,12339.339,273.0,133.0,283.0,305.0,False,HARD,6.0,True,Haas F1 Team,12217.168,2026-10-04 09:30:36.583,1,15.0,False,,False,True
12422.563,BEA,87,102.8,31.0,3.0,,,25.961,34.836,42.003,12365.3,12400.136,12442.139,270.0,132.0,284.0,298.0,False,HARD,7.0,True,Haas F1 Team,12319.763,2026-10-04 09:32:19.178,1,15.0,False,,False,True
12525.644,BEA,87,103.081,32.0,3.0,,,26.097,34.917,42.067,12468.236,12503.153,12545.22,271.0,131.0,284.0,297.0,False,HARD,8.0,True,Haas F1 Team,12422.563,2026-10-04 09:34:01.978,1,15.0,False,,False,True
12628.702,BEA,87,103.058,33.0,3.0,,,26.094,35.052,41.912,12571.314,12606.366,12648.278,274.0,132.0,284.0,307.0,False,HARD,9.0,True,Haas F1 Team,12525.644,2026-10-04 09:35:45.059,1,15.0,False,,False,True
12731.518,BEA,87,102.816,34.0,3.0,,,26.068,34.869,41.879,12674.346,12709.215,12751.094,274.0,132.0,283.0,304.0,False,HARD,10.0,True,Haas F1 Team,12628.702,2026-10-04 09:37:28.117,1,15.0,False,,False,True
12834.805,BEA,87,103.287,35.0,3.0,,,26.239,35.048,42.0,12777.333,12812.381,12854.381,275.0,131.0,283.0,302.0,False,HARD,11.0,True,Haas F1 Team,12731.518,2026-10-04 09:39:10.933,1,15.0,False,,False,True
12938.167,BEA,87,103.362,36.0,3.0,,,26.334,35.013,42.015,12880.715,12915.728,12957.743,273.0,132.0,283.0,302.0,False,HARD,12.0,True,Haas F1 Team,12834.805,2026-10-04 09:40:54.220,1,15.0,True,TRACK LIMITS AT TURN 14 LAP 36 ,False,True
13041.259,BEA,87,103.092,37.0,3.0,,,26.027,34.879,42.186,12983.77,13018.649,13060.835,274.0,131.0,284.0,302.0,False,HARD,13.0,True,Haas F1 Team,12938.167,2026-10-04 09:42:37.582,1,15.0,False,,False,True
13150.819,BEA,87,109.56,38.0,3.0,,13163.849,26.353,35.154,48.053,13087.188,13122.342,13170.395,273.0,131.0,,301.0,False,HARD,14.0,True,Haas F1 Team,13041.259,2026-10-04 09:44:20.674,1,16.0,False,,False,False
13270.616,BEA,87,119.797,39.0,4.0,13191.924,,45.334,33.965,40.498,13215.729,13249.694,13290.192,276.0,136.0,286.0,315.0,False,None,,False,Haas F1 Team,13150.819,2026-10-04 09:46:10.234,1,17.0,False,,False,False
13370.982,BEA,87,100.366,40.0,4.0,,,25.536,33.919,40.911,13315.728,13349.647,13390.558,275.0,135.0,284.0,298.0,True,None,,False,Haas F1 Team,13270.616,2026-10-04 09:48:10.031,1,17.0,False,,False,True
13471.865,BEA,87,100.883,41.0,4.0,,,25.75,34.087,41.046,13416.308,13450.395,13491.441,272.0,137.0,284.0,304.0,False,None,,False,Haas F1 Team,13370.982,2026-10-04 09:49:50.397,1,17.0,False,,False,True
13583.927,BEA,87,112.062,42.0,4.0,,,25.889,34.316,51.857,13517.33,13551.646,13603.503,271.0,136.0,213.0,199.0,False,None,,False,Haas F1 Team,13471.865,2026-10-04 09:51:31.280,126,16.0,False,,False,False
13718.387,BEA,87,134.46,43.0,4.0,,,35.925,43.157,55.378,13639.428,13682.585,13737.963,188.0,75.0,189.0,210.0,False,None,,False,Haas F1 Team,13583.927,2026-10-04 09:53:23.342,6,14.0,False,,False,False
13853.034,BEA,87,134.647,44.0,4.0,,,36.308,42.058,56.281,13774.271,13816.329,13872.61,233.0,124.0,168.0,232.0,False,None,,False,Haas F1 Team,13718.387,2026-10-04 09:55:37.802,6,14.0,False,,False,False
13987.997,BEA,87,134.963,45.0,4.0,,,34.745,43.171,57.047,13907.355,13950.526,14007.573,211.0,116.0,173.0,173.0,False,None,,False,Haas F1 Team,13853.034,2026-10-04 09:57:52.449,64,14.0,False,,False,False
14119.059,BEA,87,131.062,46.0,4.0,,,34.265,42.706,54.091,14041.838,14084.544,14138.635,215.0,131.0,278.0,193.0,False,None,,False,Haas F1 Team,13987.997,2026-10-04 10:00:07.412,4,14.0,False,,False,False
14226.88,BEA,87,107.821,47.0,4.0,,,26.531,35.963,45.327,14165.166,14201.129,14246.456,271.0,129.0,265.0,268.0,False,None,,False,Haas F1 Team,14119.059,2026-10-04 10:02:18.474,4,14.0,False,,False,False
14347.058,BEA,87,120.178,48.0,4.0,,,27.93,38.217,54.031,14274.386,14312.603,14366.634,237.0,128.0,197.0,241.0,False,None,,False,Haas F1 Team,14226.88,2026-10-04 10:04:06.295,4,13.0,False,,False,False
14494.29,BEA,87,147.232,49.0,4.0,,,36.884,50.723,59.625,14403.518,14454.241,14513.866,244.0,94.0,149.0,215.0,False,None,,False,Haas F1 Team,14347.058,2026-10-04 10:06:06.473,4,13.0,False,,False,False
14637.988,BEA,87,143.698,50.0,4.0,,,32.591,52.232,58.875,14546.457,14598.689,14657.564,225.0,133.0,146.0,225.0,False,None,,False,Haas F1 Team,14494.29,2026-10-04 10:08:33.705,4,12.0,False,,False,False
14788.518,BEA,87,,51.0,4.0,,,38.083,52.601,59.79,14695.753,14748.371,14808.199,169.0,132.0,290.0,238.0,False,None,,False,Haas F1 Team,14637.988,2026-10-04 10:10:57.403,41,12.0,False,,False,False
14891.895,BEA,87,103.377,52.0,4.0,,,26.286,35.707,41.384,14834.38,14870.087,14911.471,284.0,134.0,289.0,321.0,False,None,,False,Haas F1 Team,14788.518,2026-10-04 10:13:27.933,1,13.0,False,,False,True
14993.691,BEA,87,101.796,53.0,4.0,,,25.757,34.841,41.198,14937.228,14972.069,15013.267,282.0,132.0,289.0,316.0,False,None,,False,Haas F1 Team,14891.895,2026-10-04 10:15:11.310,1,13.0,False,,False,True
15095.983,BEA,87,102.292,54.0,4.0,,,26.022,34.785,41.485,15039.289,15074.074,15115.559,277.0,133.0,287.0,311.0,False,None,,False,Haas F1 Team,14993.691,2026-10-04 10:16:53.106,1,13.0,False,,False,True
15198.598,BEA,87,102.615,55.0,4.0,,,25.925,34.881,41.809,15141.484,15176.365,15218.174,280.0,132.0,283.0,324.0,False,None,,False,Haas F1 Team,15095.983,2026-10-04 10:18:35.398,1,13.0,True,TRACK LIMITS AT TURN 6 LAP 55 ,False,True
