Time,Driver,DriverNumber,LapTime,LapNumber,Stint,PitOutTime,PitInTime,Sector1Time,Sector2Time,Sector3Time,Sector1SessionTime,Sector2SessionTime,Sector3SessionTime,SpeedI1,SpeedI2,SpeedFL,SpeedST,IsPersonalBest,Compound,TyreLife,FreshTyre,Team,LapStartTime,LapStartDate,TrackStatus,Position,Deleted,DeletedReason,FastF1Generated,IsAccurate
3440.252,NOR,1,100.454,1.0,1.0,,,,39.496,26.468,,3413.947,3440.486,325.0,254.0,244.0,307.0,False,MEDIUM,1.0,True,McLaren,3339.562,2026-07-05 14:03:54.055,12,7.0,False,,False,False
3535.088,NOR,1,94.836,2.0,1.0,,,30.17,38.718,25.948,3470.45,3509.168,3535.116,301.0,255.0,248.0,304.0,True,MEDIUM,2.0,True,McLaren,3440.252,2026-07-05 14:05:34.745,12,7.0,False,,False,True
3630.329,NOR,1,95.241,3.0,1.0,,,30.061,38.936,26.244,3565.177,3604.113,3630.357,299.0,255.0,243.0,308.0,False,MEDIUM,3.0,True,McLaren,3535.088,2026-07-05 14:07:09.581,1,7.0,False,,False,True
3725.445,NOR,1,95.116,4.0,1.0,,,29.899,39.002,26.215,3660.256,3699.258,3725.473,311.0,256.0,246.0,310.0,False,MEDIUM,4.0,True,McLaren,3630.329,2026-07-05 14:08:44.822,1,7.0,False,,False,True
3820.599,NOR,1,95.154,5.0,1.0,,,29.884,38.996,26.274,3755.357,3794.353,3820.627,305.0,257.0,245.0,304.0,False,MEDIUM,5.0,True,McLaren,3725.445,2026-07-05 14:10:19.938,1,7.0,False,,False,True
3915.474,NOR,1,94.875,6.0,1.0,,,29.883,38.807,26.185,3850.51,3889.317,3915.502,306.0,256.0,246.0,303.0,False,MEDIUM,6.0,True,McLaren,3820.599,2026-07-05 14:11:55.092,1,7.0,False,,False,True
4010.56,NOR,1,95.086,7.0,1.0,,,30.129,38.659,26.298,3945.631,3984.29,4010.588,300.0,255.0,246.0,299.0,False,MEDIUM,7.0,True,McLaren,3915.474,2026-07-05 14:13:29.967,1,7.0,False,,False,True
4105.841,NOR,1,95.281,8.0,1.0,,,30.385,38.638,26.258,4040.973,4079.611,4105.869,296.0,254.0,247.0,298.0,False,MEDIUM,8.0,True,McLaren,4010.56,2026-07-05 14:15:05.053,1,7.0,False,,False,True
4201.461,NOR,1,95.62,9.0,1.0,,,30.516,38.839,26.265,4136.385,4175.224,4201.489,296.0,254.0,246.0,300.0,False,MEDIUM,9.0,True,McLaren,4105.841,2026-07-05 14:16:40.334,1,7.0,False,,False,True
4296.747,NOR,1,95.286,10.0,1.0,,,30.408,38.711,26.167,4231.897,4270.608,4296.775,295.0,253.0,246.0,299.0,False,MEDIUM,10.0,True,McLaren,4201.461,2026-07-05 14:18:15.954,1,7.0,False,,False,True
4392.065,NOR,1,95.318,11.0,1.0,,,30.259,38.809,26.25,4327.034,4365.843,4392.093,297.0,254.0,245.0,302.0,False,MEDIUM,11.0,True,McLaren,4296.747,2026-07-05 14:19:51.240,1,7.0,False,,False,True
4487.507,NOR,1,95.442,12.0,1.0,,,30.276,38.887,26.279,4422.369,4461.256,4487.535,296.0,250.0,245.0,302.0,False,MEDIUM,12.0,True,McLaren,4392.065,2026-07-05 14:21:26.558,1,7.0,False,,False,True
4582.654,NOR,1,95.147,13.0,1.0,,,30.217,38.838,26.092,4517.752,4556.59,4582.682,298.0,254.0,244.0,309.0,False,MEDIUM,13.0,True,McLaren,4487.507,2026-07-05 14:23:02.000,1,7.0,False,,False,True
4677.744,NOR,1,95.09,14.0,1.0,,,29.919,38.986,26.185,4612.601,4651.587,4677.772,303.0,254.0,249.0,303.0,False,MEDIUM,14.0,True,McLaren,4582.654,2026-07-05 14:24:37.147,1,7.0,False,,False,True
4772.884,NOR,1,95.14,15.0,1.0,,,29.88,39.092,26.168,4707.652,4746.744,4772.912,300.0,253.0,247.0,305.0,False,MEDIUM,15.0,True,McLaren,4677.744,2026-07-05 14:26:12.237,1,7.0,False,,False,True
4868.162,NOR,1,95.278,16.0,1.0,,,30.093,38.939,26.246,4803.005,4841.944,4868.19,305.0,254.0,247.0,302.0,False,MEDIUM,16.0,True,McLaren,4772.884,2026-07-05 14:27:47.377,1,7.0,True,TRACK LIMITS AT TURN 18 LAP 16 ,False,True
4963.878,NOR,1,95.716,17.0,1.0,,,29.987,39.504,26.225,4898.177,4937.681,4963.906,305.0,256.0,247.0,298.0,False,MEDIUM,17.0,True,McLaren,4868.162,2026-07-05 14:29:22.655,1,7.0,False,,False,True
5058.619,NOR,1,94.741,18.0,1.0,,,29.963,38.567,26.211,4993.869,5032.436,5058.647,299.0,253.0,243.0,299.0,True,MEDIUM,18.0,True,McLaren,4963.878,2026-07-05 14:30:58.371,1,6.0,False,,False,True
5153.2,NOR,1,94.581,19.0,1.0,,,30.031,38.653,25.897,5088.678,5127.331,5153.228,304.0,256.0,249.0,301.0,True,MEDIUM,19.0,True,McLaren,5058.619,2026-07-05 14:32:33.112,1,6.0,False,,False,True
5247.922,NOR,1,94.722,20.0,1.0,,,30.138,38.431,26.153,5183.366,5221.797,5247.95,290.0,255.0,248.0,293.0,False,MEDIUM,20.0,True,McLaren,5153.2,2026-07-05 14:34:07.693,1,5.0,False,,False,True
5342.502,NOR,1,94.58,21.0,1.0,,,30.127,38.358,26.095,5278.077,5316.435,5342.53,294.0,255.0,249.0,295.0,True,MEDIUM,21.0,True,McLaren,5247.922,2026-07-05 14:35:42.415,1,5.0,False,,False,True
5448.168,NOR,1,105.666,22.0,1.0,,,36.756,43.012,25.898,5379.286,5422.298,5448.196,255.0,259.0,250.0,301.0,False,MEDIUM,22.0,True,McLaren,5342.502,2026-07-05 14:37:16.995,167,5.0,False,,False,False
5542.898,NOR,1,94.73,23.0,1.0,,,29.988,38.627,26.115,5478.184,5516.811,5542.926,295.0,255.0,249.0,294.0,False,MEDIUM,23.0,True,McLaren,5448.168,2026-07-05 14:39:02.661,1,5.0,False,,False,True
5637.78,NOR,1,94.882,24.0,1.0,,,30.112,38.62,26.15,5573.038,5611.658,5637.808,293.0,255.0,250.0,293.0,False,MEDIUM,24.0,True,McLaren,5542.898,2026-07-05 14:40:37.391,1,3.0,False,,False,True
5732.299,NOR,1,94.519,25.0,1.0,,,29.96,38.427,26.132,5667.768,5706.195,5732.327,293.0,255.0,249.0,294.0,True,MEDIUM,25.0,True,McLaren,5637.78,2026-07-05 14:42:12.273,1,3.0,False,,False,True
5827.023,NOR,1,94.724,26.0,1.0,,,29.94,38.729,26.055,5762.267,5800.996,5827.051,296.0,257.0,249.0,298.0,False,MEDIUM,26.0,True,McLaren,5732.299,2026-07-05 14:43:46.792,1,3.0,False,,False,True
5921.548,NOR,1,94.525,27.0,1.0,,,29.967,38.518,26.04,5857.018,5895.536,5921.576,295.0,258.0,249.0,298.0,False,MEDIUM,27.0,True,McLaren,5827.023,2026-07-05 14:45:21.516,1,3.0,False,,False,True
6015.839,NOR,1,94.291,28.0,1.0,,6009.952,29.935,38.81,25.546,5951.511,5990.321,6015.867,295.0,258.0,,306.0,False,MEDIUM,28.0,True,McLaren,5921.548,2026-07-05 14:46:56.041,1,3.0,False,,False,False
6130.349,NOR,1,114.51,29.0,2.0,6038.805,,50.486,38.297,25.727,6066.353,6104.65,6130.377,305.0,258.0,253.0,304.0,False,HARD,1.0,True,McLaren,6015.839,2026-07-05 14:48:30.332,1,7.0,False,,False,False
6223.25,NOR,1,92.901,30.0,2.0,,,29.542,37.804,25.555,6159.919,6197.723,6223.278,308.0,264.0,253.0,307.0,True,HARD,2.0,True,McLaren,6130.349,2026-07-05 14:50:24.842,1,6.0,False,,False,True
6316.704,NOR,1,93.454,31.0,2.0,,,29.679,38.043,25.732,6252.957,6291.0,6316.732,294.0,257.0,251.0,299.0,False,HARD,3.0,True,McLaren,6223.25,2026-07-05 14:51:57.743,1,6.0,False,,False,True
6409.9,NOR,1,93.196,32.0,2.0,,,29.74,37.777,25.679,6346.472,6384.249,6409.928,298.0,258.0,253.0,296.0,False,HARD,4.0,True,McLaren,6316.704,2026-07-05 14:53:31.197,1,6.0,False,,False,True
6503.23,NOR,1,93.33,33.0,2.0,,,29.834,37.713,25.783,6439.762,6477.475,6503.258,295.0,257.0,252.0,296.0,False,HARD,5.0,True,McLaren,6409.9,2026-07-05 14:55:04.393,1,6.0,False,,False,True
6596.698,NOR,1,93.468,34.0,2.0,,,29.718,37.892,25.858,6532.976,6570.868,6596.726,294.0,258.0,251.0,297.0,False,HARD,6.0,True,McLaren,6503.23,2026-07-05 14:56:37.723,1,6.0,False,,False,True
6690.23,NOR,1,93.532,35.0,2.0,,,29.893,37.847,25.792,6626.619,6664.466,6690.258,293.0,258.0,251.0,298.0,False,HARD,7.0,True,McLaren,6596.698,2026-07-05 14:58:11.191,1,5.0,False,,False,True
6783.744,NOR,1,93.514,36.0,2.0,,,29.912,37.887,25.715,6720.17,6758.057,6783.772,293.0,259.0,252.0,298.0,False,HARD,8.0,True,McLaren,6690.23,2026-07-05 14:59:44.723,1,5.0,False,,False,True
6877.657,NOR,1,93.913,37.0,2.0,,,29.821,38.265,25.827,6813.593,6851.858,6877.685,295.0,259.0,251.0,298.0,False,HARD,9.0,True,McLaren,6783.744,2026-07-05 15:01:18.237,1,5.0,False,,False,True
6977.007,NOR,1,99.35,38.0,2.0,,6971.189,29.864,38.986,30.5,6907.549,6946.535,6977.035,295.0,259.0,,133.0,False,HARD,10.0,True,McLaren,6877.657,2026-07-05 15:02:52.150,126,5.0,False,,False,False
7099.909,NOR,1,122.902,39.0,3.0,7000.908,,58.54,38.687,25.675,7035.575,7074.262,7099.937,226.0,258.0,255.0,293.0,False,MEDIUM,7.0,False,McLaren,6977.007,2026-07-05 15:04:31.500,671,6.0,False,,False,False
7192.668,NOR,1,92.759,40.0,3.0,,,29.644,37.519,25.596,7129.581,7167.1,7192.696,292.0,261.0,254.0,295.0,True,MEDIUM,8.0,False,McLaren,7099.909,2026-07-05 15:06:34.402,1,6.0,False,,False,True
7285.69,NOR,1,93.022,41.0,3.0,,,29.693,37.646,25.683,7222.389,7260.035,7285.718,296.0,259.0,254.0,296.0,False,MEDIUM,9.0,False,McLaren,7192.668,2026-07-05 15:08:07.161,1,6.0,False,,False,True
7378.992,NOR,1,93.302,42.0,3.0,,,29.649,38.01,25.643,7315.367,7353.377,7379.02,305.0,261.0,254.0,299.0,False,MEDIUM,10.0,False,McLaren,7285.69,2026-07-05 15:09:40.183,1,5.0,False,,False,True
7472.159,NOR,1,93.167,43.0,3.0,,,29.61,37.964,25.593,7408.63,7446.594,7472.187,303.0,261.0,253.0,297.0,False,MEDIUM,11.0,False,McLaren,7378.992,2026-07-05 15:11:13.485,1,5.0,False,,False,True
7564.934,NOR,1,92.775,44.0,3.0,,,29.707,37.526,25.542,7501.894,7539.42,7564.962,296.0,260.0,255.0,297.0,False,MEDIUM,12.0,False,McLaren,7472.159,2026-07-05 15:12:46.652,1,5.0,False,,False,True
7657.559,NOR,1,92.625,45.0,3.0,,,29.603,37.49,25.532,7594.565,7632.055,7657.587,295.0,262.0,254.0,299.0,True,MEDIUM,13.0,False,McLaren,7564.934,2026-07-05 15:14:19.427,1,5.0,False,,False,True
7750.587,NOR,1,93.028,46.0,3.0,,,29.66,37.619,25.749,7687.247,7724.866,7750.615,296.0,262.0,252.0,299.0,False,MEDIUM,14.0,False,McLaren,7657.559,2026-07-05 15:15:52.052,1,5.0,False,,False,True
7849.421,NOR,1,98.834,47.0,3.0,,,29.827,37.7,31.307,7780.442,7818.142,7849.449,299.0,262.0,143.0,292.0,False,MEDIUM,15.0,False,McLaren,7750.587,2026-07-05 15:17:25.080,124,4.0,False,,False,False
7974.026,NOR,1,124.605,48.0,3.0,,7968.076,38.636,51.976,33.993,7888.085,7940.061,7974.054,231.0,201.0,,232.0,False,MEDIUM,16.0,False,McLaren,7849.421,2026-07-05 15:19:03.914,4,4.0,False,,False,False
8116.748,NOR,1,142.722,49.0,4.0,7996.68,,57.181,50.427,35.114,8031.235,8081.662,8116.776,257.0,202.0,253.0,255.0,False,SOFT,4.0,False,McLaren,7974.026,2026-07-05 15:21:08.519,4,4.0,False,,False,False
8261.395,NOR,1,144.647,50.0,4.0,,,31.067,65.347,48.233,8147.843,8213.19,8261.423,255.0,118.0,85.0,140.0,False,SOFT,5.0,False,McLaren,8116.748,2026-07-05 15:23:31.241,4,4.0,False,,False,False
8429.652,NOR,1,,51.0,4.0,,,57.647,66.615,43.876,8319.297,8385.835,8429.695,75.0,140.0,143.0,142.0,False,SOFT,6.0,False,McLaren,8261.395,2026-07-05 15:25:55.888,4,4.0,False,,False,False
8572.401,NOR,1,142.749,52.0,4.0,,,46.901,59.162,36.686,8476.581,8535.743,8572.429,154.0,129.0,205.0,208.0,False,SOFT,7.0,False,McLaren,8429.652,2026-07-05 15:28:44.145,4,4.0,False,,False,False
3444.845,GAS,10,105.047,1.0,1.0,,,,41.201,27.363,,3417.675,3445.011,308.0,260.0,226.0,336.0,False,MEDIUM,1.0,True,Alpine,3339.562,2026-07-05 14:03:54.055,12,12.0,False,,False,False
3542.227,GAS,10,97.382,2.0,1.0,,,31.118,39.719,26.545,3476.048,3515.767,3542.312,308.0,259.0,232.0,336.0,True,MEDIUM,2.0,True,Alpine,3444.845,2026-07-05 14:05:39.338,12,13.0,False,,False,True
3638.249,GAS,10,96.022,3.0,1.0,,,30.552,39.314,26.156,3572.864,3612.178,3638.334,294.0,258.0,235.0,344.0,True,MEDIUM,3.0,True,Alpine,3542.227,2026-07-05 14:07:16.720,1,12.0,False,,False,True
3734.543,GAS,10,96.294,4.0,1.0,,,30.874,39.105,26.315,3669.208,3708.313,3734.628,297.0,258.0,236.0,326.0,False,MEDIUM,4.0,True,Alpine,3638.249,2026-07-05 14:08:52.742,1,12.0,False,,False,True
3831.712,GAS,10,97.169,5.0,1.0,,,30.573,39.654,26.942,3765.201,3804.855,3831.797,297.0,259.0,237.0,325.0,False,MEDIUM,5.0,True,Alpine,3734.543,2026-07-05 14:10:29.036,1,12.0,False,,False,True
3928.048,GAS,10,96.336,6.0,1.0,,,30.456,39.57,26.31,3862.253,3901.823,3928.133,307.0,259.0,238.0,342.0,False,MEDIUM,6.0,True,Alpine,3831.712,2026-07-05 14:12:06.205,1,11.0,False,,False,True
4025.104,GAS,10,97.056,7.0,1.0,,,31.197,39.707,26.152,3959.33,3999.037,4025.189,288.0,257.0,237.0,334.0,False,MEDIUM,7.0,True,Alpine,3928.048,2026-07-05 14:13:42.541,1,11.0,False,,False,True
4122.36,GAS,10,97.256,8.0,1.0,,,31.005,40.012,26.239,4056.194,4096.206,4122.445,291.0,258.0,239.0,322.0,False,MEDIUM,8.0,True,Alpine,4025.104,2026-07-05 14:15:19.597,1,11.0,False,,False,True
4219.247,GAS,10,96.887,9.0,1.0,,,30.905,39.277,26.705,4153.35,4192.627,4219.332,293.0,250.0,244.0,297.0,False,MEDIUM,9.0,True,Alpine,4122.36,2026-07-05 14:16:56.853,1,11.0,False,,False,True
4315.409,GAS,10,96.162,10.0,1.0,,,30.447,39.175,26.54,4249.779,4288.954,4315.494,294.0,251.0,242.0,298.0,False,MEDIUM,10.0,True,Alpine,4219.247,2026-07-05 14:18:33.740,1,11.0,False,,False,True
4411.634,GAS,10,96.225,11.0,1.0,,,30.573,39.203,26.449,4346.067,4385.27,4411.719,293.0,251.0,242.0,297.0,False,MEDIUM,11.0,True,Alpine,4315.409,2026-07-05 14:20:09.902,1,11.0,False,,False,True
4507.799,GAS,10,96.165,12.0,1.0,,,30.44,39.183,26.542,4442.159,4481.342,4507.884,292.0,251.0,244.0,297.0,False,MEDIUM,12.0,True,Alpine,4411.634,2026-07-05 14:21:46.127,1,11.0,False,,False,True
4604.249,GAS,10,96.45,13.0,1.0,,,30.571,39.329,26.55,4538.455,4577.784,4604.334,291.0,251.0,244.0,295.0,False,MEDIUM,13.0,True,Alpine,4507.799,2026-07-05 14:23:22.292,1,11.0,False,,False,True
4700.395,GAS,10,96.146,14.0,1.0,,,30.236,39.287,26.623,4634.57,4673.857,4700.48,295.0,249.0,244.0,296.0,False,MEDIUM,14.0,True,Alpine,4604.249,2026-07-05 14:24:58.742,1,11.0,False,,False,True
4796.384,GAS,10,95.989,15.0,1.0,,,30.292,39.258,26.439,4730.772,4770.03,4796.469,300.0,250.0,245.0,298.0,True,MEDIUM,15.0,True,Alpine,4700.395,2026-07-05 14:26:34.888,1,11.0,False,,False,True
4892.68,GAS,10,96.296,16.0,1.0,,,30.327,39.316,26.653,4826.796,4866.112,4892.765,298.0,250.0,243.0,295.0,False,MEDIUM,16.0,True,Alpine,4796.384,2026-07-05 14:28:10.877,1,11.0,False,,False,True
4988.855,GAS,10,96.175,17.0,1.0,,,30.381,39.229,26.565,4923.146,4962.375,4988.94,294.0,251.0,244.0,295.0,False,MEDIUM,17.0,True,Alpine,4892.68,2026-07-05 14:29:47.173,1,11.0,False,,False,True
5085.178,GAS,10,96.323,18.0,1.0,,,30.459,39.154,26.71,5019.399,5058.553,5085.263,293.0,250.0,243.0,294.0,False,MEDIUM,18.0,True,Alpine,4988.855,2026-07-05 14:31:23.348,1,11.0,True,TRACK LIMITS AT TURN 9 LAP 18 ,False,True
5181.131,GAS,10,95.953,19.0,1.0,,,30.322,39.114,26.517,5115.585,5154.699,5181.216,292.0,251.0,245.0,294.0,True,MEDIUM,19.0,True,Alpine,5085.178,2026-07-05 14:32:59.671,1,11.0,False,,False,True
5276.806,GAS,10,95.675,20.0,1.0,,,30.412,38.921,26.342,5211.628,5250.549,5276.891,293.0,252.0,243.0,298.0,True,MEDIUM,20.0,True,Alpine,5181.131,2026-07-05 14:34:35.624,1,11.0,False,,False,True
5376.784,GAS,10,99.978,21.0,1.0,,,30.442,38.9,30.636,5307.333,5346.233,5376.869,293.0,252.0,185.0,297.0,False,MEDIUM,21.0,True,Alpine,5276.806,2026-07-05 14:36:11.299,16,11.0,False,,False,False
5478.405,GAS,10,101.621,22.0,1.0,,,35.663,39.334,26.624,5412.532,5451.866,5478.49,285.0,249.0,242.0,292.0,False,MEDIUM,22.0,True,Alpine,5376.784,2026-07-05 14:37:51.277,671,11.0,False,,False,False
5573.793,GAS,10,95.388,23.0,1.0,,5567.855,30.518,39.001,25.869,5509.008,5548.009,5573.878,298.0,252.0,,294.0,False,MEDIUM,23.0,True,Alpine,5478.405,2026-07-05 14:39:32.898,1,11.0,False,,False,False
5696.2,GAS,10,122.407,24.0,2.0,5601.573,,55.598,40.176,26.633,5629.476,5669.652,5696.285,318.0,252.0,247.0,309.0,False,HARD,1.0,True,Alpine,5573.793,2026-07-05 14:41:08.286,1,14.0,False,,False,False
5790.776,GAS,10,94.576,25.0,2.0,,,29.865,38.529,26.182,5726.15,5764.679,5790.861,311.0,253.0,248.0,301.0,True,HARD,2.0,True,Alpine,5696.2,2026-07-05 14:43:10.693,1,13.0,False,,False,True
5886.39,GAS,10,95.614,26.0,2.0,,,29.824,39.451,26.339,5820.685,5860.136,5886.475,302.0,253.0,244.0,308.0,False,HARD,3.0,True,Alpine,5790.776,2026-07-05 14:44:45.269,1,13.0,False,,False,True
5981.121,GAS,10,94.731,27.0,2.0,,,30.025,38.438,26.268,5916.5,5954.938,5981.206,309.0,257.0,246.0,300.0,False,HARD,4.0,True,Alpine,5886.39,2026-07-05 14:46:20.883,1,12.0,False,,False,True
6075.739,GAS,10,94.618,28.0,2.0,,,29.952,38.441,26.225,6011.158,6049.599,6075.824,296.0,255.0,246.0,297.0,False,HARD,5.0,True,Alpine,5981.121,2026-07-05 14:47:55.614,1,12.0,False,,False,True
6170.176,GAS,10,94.437,29.0,2.0,,,29.927,38.271,26.239,6105.751,6144.022,6170.261,297.0,255.0,248.0,297.0,True,HARD,6.0,True,Alpine,6075.739,2026-07-05 14:49:30.232,1,12.0,False,,False,True
6264.795,GAS,10,94.619,30.0,2.0,,,30.057,38.444,26.118,6200.318,6238.762,6264.88,296.0,254.0,247.0,298.0,False,HARD,7.0,True,Alpine,6170.176,2026-07-05 14:51:04.669,1,12.0,False,,False,True
6359.516,GAS,10,94.721,31.0,2.0,,,30.01,38.492,26.219,6294.89,6333.382,6359.601,294.0,254.0,247.0,298.0,False,HARD,8.0,True,Alpine,6264.795,2026-07-05 14:52:39.288,1,12.0,False,,False,True
6454.579,GAS,10,95.063,32.0,2.0,,,30.287,38.568,26.208,6389.888,6428.456,6454.664,293.0,252.0,246.0,297.0,False,HARD,9.0,True,Alpine,6359.516,2026-07-05 14:54:14.009,1,12.0,False,,False,True
6549.542,GAS,10,94.963,33.0,2.0,,,30.137,38.632,26.194,6484.801,6523.433,6549.627,296.0,252.0,244.0,299.0,False,HARD,10.0,True,Alpine,6454.579,2026-07-05 14:55:49.072,1,12.0,False,,False,True
6644.538,GAS,10,94.996,34.0,2.0,,,30.067,38.548,26.381,6579.694,6618.242,6644.623,296.0,254.0,246.0,300.0,False,HARD,11.0,True,Alpine,6549.542,2026-07-05 14:57:24.035,1,12.0,False,,False,True
6740.096,GAS,10,95.558,35.0,2.0,,,30.377,38.863,26.318,6675.0,6713.863,6740.181,296.0,250.0,245.0,308.0,False,HARD,12.0,True,Alpine,6644.538,2026-07-05 14:58:59.031,1,12.0,False,,False,True
6835.033,GAS,10,94.937,36.0,2.0,,,30.191,38.489,26.257,6770.372,6808.861,6835.118,294.0,254.0,248.0,300.0,False,HARD,13.0,True,Alpine,6740.096,2026-07-05 15:00:34.589,1,12.0,False,,False,True
6929.894,GAS,10,94.861,37.0,2.0,,,30.021,38.569,26.271,6865.139,6903.708,6929.979,301.0,254.0,243.0,298.0,False,HARD,14.0,True,Alpine,6835.033,2026-07-05 15:02:09.526,12,12.0,False,,False,True
7047.781,GAS,10,117.887,38.0,2.0,,,35.476,50.755,31.656,6965.455,7016.21,7047.866,196.0,173.0,243.0,233.0,False,HARD,15.0,True,Alpine,6929.894,2026-07-05 15:03:44.387,2671,12.0,False,,False,False
7142.303,GAS,10,94.522,39.0,2.0,,,30.15,38.255,26.117,7078.016,7116.271,7142.388,295.0,255.0,250.0,297.0,False,HARD,16.0,True,Alpine,7047.781,2026-07-05 15:05:42.274,1,12.0,False,,False,True
7236.758,GAS,10,94.455,40.0,2.0,,,29.906,38.476,26.073,7172.294,7210.77,7236.843,300.0,255.0,251.0,297.0,False,HARD,17.0,True,Alpine,7142.303,2026-07-05 15:07:16.796,1,12.0,False,,False,True
7331.07,GAS,10,94.312,41.0,2.0,,,29.838,38.395,26.079,7266.681,7305.076,7331.155,299.0,255.0,248.0,300.0,True,HARD,18.0,True,Alpine,7236.758,2026-07-05 15:08:51.251,1,12.0,False,,False,True
7425.373,GAS,10,94.303,42.0,2.0,,,29.93,38.316,26.057,7361.085,7399.401,7425.458,299.0,256.0,250.0,302.0,True,HARD,19.0,True,Alpine,7331.07,2026-07-05 15:10:25.563,1,12.0,False,,False,True
7519.76,GAS,10,94.387,43.0,2.0,,,29.799,38.522,26.066,7455.257,7493.779,7519.845,298.0,256.0,247.0,302.0,False,HARD,20.0,True,Alpine,7425.373,2026-07-05 15:11:59.866,1,12.0,False,,False,True
7613.939,GAS,10,94.179,44.0,2.0,,,29.956,38.2,26.023,7549.801,7588.001,7614.024,298.0,256.0,248.0,303.0,True,HARD,21.0,True,Alpine,7519.76,2026-07-05 15:13:34.253,1,12.0,False,,False,True
7708.449,GAS,10,94.51,45.0,2.0,,,29.984,38.309,26.217,7644.008,7682.317,7708.534,300.0,258.0,243.0,302.0,False,HARD,22.0,True,Alpine,7613.939,2026-07-05 15:15:08.432,1,12.0,False,,False,True
7804.427,GAS,10,95.978,46.0,2.0,,,31.417,38.712,25.849,7739.951,7778.663,7804.512,304.0,263.0,238.0,323.0,False,HARD,23.0,True,Alpine,7708.449,2026-07-05 15:16:42.942,1,12.0,False,,False,True
7921.332,GAS,10,116.905,47.0,2.0,,,30.515,51.809,34.581,7835.027,7886.836,7921.417,295.0,208.0,133.0,196.0,False,HARD,24.0,True,Alpine,7804.427,2026-07-05 15:18:18.920,124,11.0,False,,False,False
8043.684,GAS,10,122.352,48.0,2.0,,8037.856,40.418,52.377,29.557,7961.835,8014.212,8043.769,255.0,200.0,,221.0,False,HARD,25.0,True,Alpine,7921.332,2026-07-05 15:20:15.825,4,10.0,False,,False,False
8170.664,GAS,10,126.98,49.0,3.0,8066.561,,53.294,41.82,31.866,8097.063,8138.883,8170.749,267.0,236.0,233.0,246.0,False,SOFT,1.0,True,Alpine,8043.684,2026-07-05 15:22:18.177,4,11.0,False,,False,False
8274.003,GAS,10,103.339,50.0,3.0,,,32.755,40.122,30.462,8203.504,8243.626,8274.088,268.0,242.0,114.0,286.0,False,SOFT,2.0,True,Alpine,8170.664,2026-07-05 15:24:25.157,4,11.0,False,,False,False
8435.098,GAS,10,,51.0,3.0,,,50.661,67.046,43.288,8324.956,8391.895,8435.211,189.0,102.0,137.0,169.0,False,SOFT,3.0,True,Alpine,8274.003,2026-07-05 15:26:08.496,4,11.0,False,,False,False
8574.678,GAS,10,139.58,52.0,3.0,,,47.674,57.877,34.029,8482.857,8540.734,8574.763,171.0,144.0,243.0,251.0,False,SOFT,4.0,True,Alpine,8435.098,2026-07-05 15:28:49.591,4,11.0,False,,False,False
3446.385,PER,11,106.587,1.0,1.0,,,,42.152,27.509,,3419.046,3446.52,317.0,253.0,227.0,311.0,False,MEDIUM,1.0,True,Cadillac,3339.562,2026-07-05 14:03:54.055,12,17.0,False,,False,False
3544.166,PER,11,97.781,2.0,1.0,,,31.392,40.0,26.389,3477.871,3517.871,3544.26,302.0,258.0,244.0,315.0,True,MEDIUM,2.0,True,Cadillac,3446.385,2026-07-05 14:05:40.878,12,15.0,False,,False,True
3641.1,PER,11,96.934,3.0,1.0,,,30.41,39.585,26.939,3574.67,3614.255,3641.194,298.0,253.0,241.0,307.0,True,MEDIUM,3.0,True,Cadillac,3544.166,2026-07-05 14:07:18.659,1,15.0,False,,False,True
3738.332,PER,11,97.232,4.0,1.0,,,30.533,39.855,26.844,3671.727,3711.582,3738.426,292.0,250.0,239.0,299.0,False,MEDIUM,4.0,True,Cadillac,3641.1,2026-07-05 14:08:55.593,1,15.0,False,,False,True
3835.561,PER,11,97.229,5.0,1.0,,,30.527,39.981,26.721,3768.953,3808.934,3835.655,291.0,251.0,242.0,298.0,False,MEDIUM,5.0,True,Cadillac,3738.332,2026-07-05 14:10:32.825,1,15.0,False,,False,True
3932.501,PER,11,96.94,6.0,1.0,,,30.598,39.641,26.701,3866.253,3905.894,3932.595,293.0,251.0,242.0,300.0,False,MEDIUM,6.0,True,Cadillac,3835.561,2026-07-05 14:12:10.054,1,15.0,False,,False,True
4029.812,PER,11,97.311,7.0,1.0,,,30.723,39.97,26.618,3963.318,4003.288,4029.906,292.0,254.0,241.0,299.0,False,MEDIUM,7.0,True,Cadillac,3932.501,2026-07-05 14:13:46.994,1,15.0,False,,False,True
4127.352,PER,11,97.54,8.0,1.0,,,30.948,39.764,26.828,4060.854,4100.618,4127.446,286.0,249.0,241.0,293.0,False,MEDIUM,8.0,True,Cadillac,4029.812,2026-07-05 14:15:24.305,1,15.0,False,,False,True
4225.014,PER,11,97.662,9.0,1.0,,,30.901,40.02,26.741,4158.347,4198.367,4225.108,287.0,250.0,240.0,297.0,False,MEDIUM,9.0,True,Cadillac,4127.352,2026-07-05 14:17:01.845,1,15.0,False,,False,True
4322.787,PER,11,97.773,10.0,1.0,,,30.951,40.092,26.73,4256.059,4296.151,4322.881,287.0,251.0,238.0,294.0,False,MEDIUM,10.0,True,Cadillac,4225.014,2026-07-05 14:18:39.507,1,15.0,False,,False,True
4420.332,PER,11,97.545,11.0,1.0,,,30.966,39.785,26.794,4353.847,4393.632,4420.426,285.0,250.0,238.0,293.0,False,MEDIUM,11.0,True,Cadillac,4322.787,2026-07-05 14:20:17.280,1,15.0,False,,False,True
4518.157,PER,11,97.825,12.0,1.0,,,30.844,40.206,26.775,4451.27,4491.476,4518.251,285.0,250.0,238.0,302.0,False,MEDIUM,12.0,True,Cadillac,4420.332,2026-07-05 14:21:54.825,1,16.0,False,,False,True
4615.451,PER,11,97.294,13.0,1.0,,,30.693,39.892,26.709,4548.944,4588.836,4615.545,291.0,251.0,240.0,301.0,False,MEDIUM,13.0,True,Cadillac,4518.157,2026-07-05 14:23:32.650,1,16.0,False,,False,True
4712.607,PER,11,97.156,14.0,1.0,,,30.579,39.77,26.807,4646.124,4685.894,4712.701,290.0,255.0,239.0,304.0,False,MEDIUM,14.0,True,Cadillac,4615.451,2026-07-05 14:25:09.944,1,16.0,False,,False,True
4809.582,PER,11,96.975,15.0,1.0,,,30.727,39.731,26.517,4743.428,4783.159,4809.676,288.0,255.0,239.0,303.0,False,MEDIUM,15.0,True,Cadillac,4712.607,2026-07-05 14:26:47.100,1,16.0,False,,False,True
4906.847,PER,11,97.265,16.0,1.0,,,30.784,39.769,26.712,4840.46,4880.229,4906.941,287.0,253.0,241.0,297.0,False,MEDIUM,16.0,True,Cadillac,4809.582,2026-07-05 14:28:24.075,1,16.0,False,,False,True
5003.794,PER,11,96.947,17.0,1.0,,,30.646,39.721,26.58,4937.587,4977.308,5003.888,287.0,252.0,242.0,296.0,False,MEDIUM,17.0,True,Cadillac,4906.847,2026-07-05 14:30:01.340,1,16.0,False,,False,True
5101.371,PER,11,97.577,18.0,1.0,,,30.828,39.977,26.772,5034.716,5074.693,5101.465,284.0,254.0,240.0,297.0,False,MEDIUM,18.0,True,Cadillac,5003.794,2026-07-05 14:31:38.287,1,15.0,False,,False,True
5198.465,PER,11,97.094,19.0,1.0,,,30.779,39.607,26.708,5132.244,5171.851,5198.559,284.0,254.0,242.0,298.0,False,MEDIUM,19.0,True,Cadillac,5101.371,2026-07-05 14:33:15.864,1,15.0,False,,False,True
5295.186,PER,11,96.721,20.0,1.0,,,30.636,39.561,26.524,5229.195,5268.756,5295.28,285.0,253.0,240.0,297.0,True,MEDIUM,20.0,True,Cadillac,5198.465,2026-07-05 14:34:52.958,1,15.0,False,,False,True
5401.549,PER,11,106.363,21.0,1.0,,5395.685,30.753,42.344,33.266,5326.033,5368.377,5401.643,286.0,122.0,,249.0,False,MEDIUM,21.0,True,Cadillac,5295.186,2026-07-05 14:36:29.679,167,14.0,False,,False,False
5519.004,PER,11,117.455,22.0,2.0,5425.008,,51.777,39.128,26.55,5453.42,5492.548,5519.098,285.0,254.0,247.0,293.0,False,HARD,1.0,True,Cadillac,5401.549,2026-07-05 14:38:16.042,1,18.0,False,,False,False
5616.5,PER,11,97.496,23.0,2.0,,,32.015,39.167,26.314,5551.113,5590.28,5616.594,295.0,255.0,243.0,305.0,False,HARD,2.0,True,Cadillac,5519.004,2026-07-05 14:40:13.497,1,18.0,False,,False,True
5713.686,PER,11,97.186,24.0,2.0,,,31.45,39.041,26.695,5648.044,5687.085,5713.78,302.0,254.0,244.0,303.0,False,HARD,3.0,True,Cadillac,5616.5,2026-07-05 14:41:50.993,1,18.0,False,,False,True
5809.512,PER,11,95.826,25.0,2.0,,,30.367,39.232,26.227,5744.147,5783.379,5809.606,291.0,256.0,245.0,306.0,True,HARD,4.0,True,Cadillac,5713.686,2026-07-05 14:43:28.179,1,17.0,False,,False,True
5905.173,PER,11,95.661,26.0,2.0,,,30.229,39.135,26.297,5839.835,5878.97,5905.267,288.0,258.0,246.0,298.0,True,HARD,5.0,True,Cadillac,5809.512,2026-07-05 14:45:04.005,1,17.0,False,,False,True
6001.997,PER,11,96.824,27.0,2.0,,,30.369,38.921,27.534,5935.636,5974.557,6002.091,287.0,254.0,237.0,290.0,False,HARD,6.0,True,Cadillac,5905.173,2026-07-05 14:46:39.666,1,18.0,False,,False,True
6098.531,PER,11,96.534,28.0,2.0,,,30.666,39.387,26.481,6032.757,6072.144,6098.625,295.0,261.0,243.0,324.0,False,HARD,7.0,True,Cadillac,6001.997,2026-07-05 14:48:16.490,1,18.0,False,,False,True
6195.534,PER,11,97.003,29.0,2.0,,,30.431,39.341,27.231,6129.056,6168.397,6195.628,291.0,259.0,242.0,274.0,False,HARD,8.0,True,Cadillac,6098.531,2026-07-05 14:49:53.024,1,18.0,False,,False,True
6291.923,PER,11,96.389,30.0,2.0,,,30.485,39.59,26.314,6226.113,6265.703,6292.017,292.0,259.0,245.0,325.0,False,HARD,9.0,True,Cadillac,6195.534,2026-07-05 14:51:30.027,1,17.0,False,,False,True
6388.589,PER,11,96.666,31.0,2.0,,,30.334,39.176,27.156,6322.351,6361.527,6388.683,290.0,255.0,241.0,304.0,False,HARD,10.0,True,Cadillac,6291.923,2026-07-05 14:53:06.416,1,18.0,False,,False,True
6484.881,PER,11,96.292,32.0,2.0,,,30.489,39.482,26.321,6419.172,6458.654,6484.975,294.0,254.0,244.0,311.0,False,HARD,11.0,True,Cadillac,6388.589,2026-07-05 14:54:43.082,1,18.0,False,,False,True
6581.284,PER,11,96.403,33.0,2.0,,,30.357,39.408,26.638,6515.332,6554.74,6581.378,293.0,255.0,244.0,301.0,False,HARD,12.0,True,Cadillac,6484.881,2026-07-05 14:56:19.374,1,18.0,False,,False,True
6679.86,PER,11,98.576,34.0,2.0,,,30.481,39.392,28.703,6611.859,6651.251,6679.954,287.0,255.0,240.0,299.0,False,HARD,13.0,True,Cadillac,6581.284,2026-07-05 14:57:55.777,1,18.0,False,,False,True
6776.357,PER,11,96.497,35.0,2.0,,,30.5,39.441,26.556,6710.454,6749.895,6776.451,292.0,253.0,246.0,307.0,False,HARD,14.0,True,Cadillac,6679.86,2026-07-05 14:59:34.353,1,18.0,False,,False,True
6872.814,PER,11,96.457,36.0,2.0,,,30.52,39.389,26.548,6806.971,6846.36,6872.908,288.0,257.0,243.0,303.0,False,HARD,15.0,True,Cadillac,6776.357,2026-07-05 15:01:10.850,1,18.0,False,,False,True
6976.304,PER,11,103.49,37.0,2.0,,,30.553,39.488,33.449,6903.461,6942.949,6976.398,288.0,258.0,117.0,292.0,False,HARD,16.0,True,Cadillac,6872.814,2026-07-05 15:02:47.307,126,17.0,False,,False,False
7086.918,PER,11,110.614,38.0,2.0,,,42.38,42.047,26.187,7018.778,7060.825,7087.012,175.0,257.0,246.0,310.0,False,HARD,17.0,True,Cadillac,6976.304,2026-07-05 15:04:30.797,671,17.0,False,,False,False
7183.716,PER,11,96.798,39.0,2.0,,,30.987,39.421,26.39,7117.999,7157.42,7183.81,296.0,256.0,245.0,301.0,False,HARD,18.0,True,Cadillac,7086.918,2026-07-05 15:06:21.411,1,17.0,False,,False,True
7281.012,PER,11,97.296,40.0,2.0,,,30.979,39.934,26.383,7214.789,7254.723,7281.106,222.0,259.0,246.0,304.0,False,HARD,19.0,True,Cadillac,7183.716,2026-07-05 15:07:58.209,1,17.0,False,,False,True
7376.725,PER,11,95.713,41.0,2.0,,,30.378,38.942,26.393,7311.484,7350.426,7376.819,291.0,257.0,247.0,302.0,False,HARD,20.0,True,Cadillac,7281.012,2026-07-05 15:09:35.505,1,17.0,False,,False,True
7475.006,PER,11,98.281,42.0,2.0,,,30.431,41.159,26.691,7407.25,7448.409,7475.1,289.0,257.0,244.0,305.0,False,HARD,21.0,True,Cadillac,7376.725,2026-07-05 15:11:11.218,1,17.0,False,,False,True
7570.563,PER,11,95.557,43.0,2.0,,,30.352,38.896,26.309,7505.452,7544.348,7570.657,290.0,257.0,247.0,301.0,True,HARD,22.0,True,Cadillac,7475.006,2026-07-05 15:12:49.499,1,17.0,False,,False,True
7666.083,PER,11,95.52,44.0,2.0,,,30.315,38.873,26.332,7600.972,7639.845,7666.177,287.0,258.0,246.0,298.0,True,HARD,23.0,True,Cadillac,7570.563,2026-07-05 15:14:25.056,1,17.0,False,,False,True
7762.955,PER,11,96.872,45.0,2.0,,,30.277,38.847,27.748,7696.454,7735.301,7763.049,288.0,257.0,243.0,258.0,False,HARD,24.0,True,Cadillac,7666.083,2026-07-05 15:16:00.576,1,17.0,False,,False,True
7864.101,PER,11,101.146,46.0,2.0,,7858.215,30.306,39.011,31.829,7793.355,7832.366,7864.195,293.0,258.0,,207.0,False,HARD,25.0,True,Cadillac,7762.955,2026-07-05 15:17:37.448,124,17.0,False,,False,False
8008.995,PER,11,144.894,47.0,3.0,7888.023,,58.546,52.962,33.386,7922.741,7975.703,8009.089,183.0,186.0,225.0,273.0,False,SOFT,1.0,True,Cadillac,7864.101,2026-07-05 15:19:18.594,4,16.0,False,,False,False
8129.242,PER,11,120.247,48.0,3.0,,,34.68,51.131,34.436,8043.769,8094.9,8129.336,271.0,227.0,236.0,155.0,False,SOFT,2.0,True,Cadillac,8008.995,2026-07-05 15:21:43.488,4,16.0,False,,False,False
8265.744,PER,11,136.502,49.0,3.0,,,32.148,56.421,47.933,8161.484,8217.905,8265.838,252.0,107.0,97.0,201.0,False,SOFT,3.0,True,Cadillac,8129.242,2026-07-05 15:23:43.735,4,16.0,False,,False,False
8374.551,PER,11,108.807,50.0,3.0,,,42.391,40.172,26.244,8308.229,8348.401,8374.645,233.0,264.0,249.0,312.0,False,SOFT,4.0,True,Cadillac,8265.744,2026-07-05 15:26:00.237,4,16.0,False,,False,False
8473.307,PER,11,98.756,51.0,3.0,,,32.152,39.765,26.839,8406.797,8446.562,8473.401,264.0,261.0,245.0,292.0,False,SOFT,5.0,True,Cadillac,8374.551,2026-07-05 15:27:49.044,4,16.0,False,,False,False
8578.536,PER,11,105.229,52.0,3.0,,,29.954,43.883,31.392,8503.355,8547.238,8578.63,292.0,207.0,246.0,264.0,False,SOFT,6.0,True,Cadillac,8473.307,2026-07-05 15:29:27.800,4,16.0,False,,False,False
3437.245,ANT,12,97.447,1.0,1.0,,,,38.438,25.774,,3411.649,3437.411,301.0,262.0,249.0,316.0,False,MEDIUM,1.0,True,Mercedes,3339.562,2026-07-05 14:03:54.055,12,3.0,False,,False,False
3531.659,ANT,12,94.414,2.0,1.0,,,29.781,38.76,25.873,3467.081,3505.841,3531.714,311.0,255.0,250.0,310.0,True,MEDIUM,2.0,True,Mercedes,3437.245,2026-07-05 14:05:31.738,12,3.0,False,,False,True
3625.709,ANT,12,94.05,3.0,1.0,,,29.661,38.357,26.032,3561.375,3599.732,3625.764,312.0,254.0,247.0,312.0,True,MEDIUM,3.0,True,Mercedes,3531.659,2026-07-05 14:07:06.152,1,3.0,False,,False,True
3720.082,ANT,12,94.373,4.0,1.0,,,29.815,38.584,25.974,3655.579,3694.163,3720.137,310.0,256.0,248.0,311.0,False,MEDIUM,4.0,True,Mercedes,3625.709,2026-07-05 14:08:40.202,1,3.0,False,,False,True
3814.833,ANT,12,94.751,5.0,1.0,,,29.993,38.591,26.167,3750.13,3788.721,3814.888,300.0,254.0,246.0,303.0,False,MEDIUM,5.0,True,Mercedes,3720.082,2026-07-05 14:10:14.575,1,3.0,False,,False,True
3909.297,ANT,12,94.464,6.0,1.0,,,29.966,38.486,26.012,3844.854,3883.34,3909.352,304.0,255.0,247.0,304.0,False,MEDIUM,6.0,True,Mercedes,3814.833,2026-07-05 14:11:49.326,1,3.0,False,,False,True
4003.774,ANT,12,94.477,7.0,1.0,,,29.818,38.543,26.116,3939.17,3977.713,4003.829,317.0,257.0,243.0,316.0,False,MEDIUM,7.0,True,Mercedes,3909.297,2026-07-05 14:13:23.790,1,3.0,False,,False,True
4098.514,ANT,12,94.74,8.0,1.0,,,30.071,38.59,26.079,4033.9,4072.49,4098.569,312.0,254.0,245.0,307.0,False,MEDIUM,8.0,True,Mercedes,4003.774,2026-07-05 14:14:58.267,1,3.0,False,,False,True
4193.479,ANT,12,94.965,9.0,1.0,,,30.023,38.809,26.133,4128.592,4167.401,4193.534,309.0,257.0,244.0,322.0,False,MEDIUM,9.0,True,Mercedes,4098.514,2026-07-05 14:16:33.007,1,3.0,False,,False,True
4288.496,ANT,12,95.017,10.0,1.0,,,30.101,38.786,26.13,4223.635,4262.421,4288.551,304.0,255.0,248.0,308.0,False,MEDIUM,10.0,True,Mercedes,4193.479,2026-07-05 14:18:07.972,1,3.0,False,,False,True
4382.772,ANT,12,94.276,11.0,1.0,,,29.798,38.5,25.978,4318.349,4356.849,4382.827,308.0,254.0,249.0,305.0,False,MEDIUM,11.0,True,Mercedes,4288.496,2026-07-05 14:19:42.989,1,2.0,False,,False,True
4477.26,ANT,12,94.488,12.0,1.0,,,29.964,38.383,26.141,4412.791,4451.174,4477.315,291.0,251.0,246.0,296.0,False,MEDIUM,12.0,True,Mercedes,4382.772,2026-07-05 14:21:17.265,1,2.0,False,,False,True
4571.852,ANT,12,94.592,13.0,1.0,,,30.299,38.296,25.997,4507.614,4545.91,4571.907,295.0,254.0,246.0,298.0,False,MEDIUM,13.0,True,Mercedes,4477.26,2026-07-05 14:22:51.753,1,2.0,False,,False,True
4665.969,ANT,12,94.117,14.0,1.0,,,29.946,38.266,25.905,4601.853,4640.119,4666.024,299.0,256.0,250.0,299.0,False,MEDIUM,14.0,True,Mercedes,4571.852,2026-07-05 14:24:26.345,1,2.0,False,,False,True
4759.879,ANT,12,93.91,15.0,1.0,,,29.856,38.187,25.867,4695.88,4734.067,4759.934,296.0,256.0,248.0,300.0,True,MEDIUM,15.0,True,Mercedes,4665.969,2026-07-05 14:26:00.462,1,2.0,False,,False,True
4854.169,ANT,12,94.29,16.0,1.0,,,30.088,38.252,25.95,4790.022,4828.274,4854.224,296.0,254.0,250.0,297.0,False,MEDIUM,16.0,True,Mercedes,4759.879,2026-07-05 14:27:34.372,1,2.0,False,,False,True
4948.713,ANT,12,94.544,17.0,1.0,,,30.074,38.421,26.049,4884.298,4922.719,4948.768,296.0,254.0,247.0,296.0,False,MEDIUM,17.0,True,Mercedes,4854.169,2026-07-05 14:29:08.662,1,2.0,False,,False,True
5042.972,ANT,12,94.259,18.0,1.0,,,29.921,38.277,26.061,4978.689,5016.966,5043.027,303.0,254.0,248.0,298.0,False,MEDIUM,18.0,True,Mercedes,4948.713,2026-07-05 14:30:43.206,1,2.0,False,,False,True
5137.24,ANT,12,94.268,19.0,1.0,,,29.978,38.255,26.035,5073.005,5111.26,5137.295,300.0,255.0,249.0,299.0,False,MEDIUM,19.0,True,Mercedes,5042.972,2026-07-05 14:32:17.465,1,2.0,False,,False,True
5231.306,ANT,12,94.066,20.0,1.0,,,29.913,38.291,25.862,5167.208,5205.499,5231.361,303.0,256.0,247.0,298.0,False,MEDIUM,20.0,True,Mercedes,5137.24,2026-07-05 14:33:51.733,1,2.0,False,,False,True
5325.384,ANT,12,94.078,21.0,1.0,,,30.005,38.157,25.916,5261.366,5299.523,5325.439,302.0,255.0,248.0,298.0,False,MEDIUM,21.0,True,Mercedes,5231.306,2026-07-05 14:35:25.799,1,2.0,False,,False,True
5429.752,ANT,12,104.368,22.0,1.0,,,29.903,48.585,25.88,5355.342,5403.927,5429.807,301.0,252.0,251.0,295.0,False,MEDIUM,22.0,True,Mercedes,5325.384,2026-07-05 14:36:59.877,167,2.0,False,,False,False
5523.666,ANT,12,93.914,23.0,1.0,,,29.847,38.095,25.972,5459.654,5497.749,5523.721,304.0,254.0,249.0,298.0,False,MEDIUM,23.0,True,Mercedes,5429.752,2026-07-05 14:38:44.245,1,2.0,False,,False,True
5617.621,ANT,12,93.955,24.0,1.0,,,29.888,38.179,25.888,5553.609,5591.788,5617.676,310.0,255.0,249.0,300.0,False,MEDIUM,24.0,True,Mercedes,5523.666,2026-07-05 14:40:18.159,1,2.0,False,,False,True
5711.622,ANT,12,94.001,25.0,1.0,,,29.822,38.16,26.019,5647.498,5685.658,5711.677,307.0,254.0,246.0,299.0,False,MEDIUM,25.0,True,Mercedes,5617.621,2026-07-05 14:41:52.114,1,2.0,False,,False,True
5805.573,ANT,12,93.951,26.0,1.0,,,29.89,38.241,25.82,5741.567,5779.808,5805.628,301.0,255.0,250.0,296.0,False,MEDIUM,26.0,True,Mercedes,5711.622,2026-07-05 14:43:26.115,1,1.0,False,,False,True
5899.259,ANT,12,93.686,27.0,1.0,,,29.728,38.14,25.818,5835.356,5873.496,5899.314,308.0,257.0,249.0,297.0,True,MEDIUM,27.0,True,Mercedes,5805.573,2026-07-05 14:45:00.066,1,1.0,False,,False,True
5992.779,ANT,12,93.52,28.0,1.0,,,29.63,37.902,25.988,5928.944,5966.846,5992.834,306.0,259.0,251.0,297.0,True,MEDIUM,28.0,True,Mercedes,5899.259,2026-07-05 14:46:33.752,1,1.0,False,,False,True
6086.246,ANT,12,93.467,29.0,1.0,,,29.568,37.98,25.919,6022.402,6060.382,6086.301,305.0,258.0,249.0,299.0,True,MEDIUM,29.0,True,Mercedes,5992.779,2026-07-05 14:48:07.272,1,1.0,False,,False,True
6179.966,ANT,12,93.72,30.0,1.0,,,29.828,38.064,25.828,6116.129,6154.193,6180.021,305.0,257.0,251.0,300.0,False,MEDIUM,30.0,True,Mercedes,6086.246,2026-07-05 14:49:40.739,1,1.0,False,,False,True
6273.738,ANT,12,93.772,31.0,1.0,,,29.832,38.043,25.897,6209.853,6247.896,6273.793,303.0,254.0,249.0,300.0,False,MEDIUM,31.0,True,Mercedes,6179.966,2026-07-05 14:51:14.459,1,1.0,False,,False,True
6367.189,ANT,12,93.451,32.0,1.0,,,29.808,38.007,25.636,6303.601,6341.608,6367.244,303.0,257.0,249.0,306.0,True,MEDIUM,32.0,True,Mercedes,6273.738,2026-07-05 14:52:48.231,1,1.0,False,,False,True
6460.79,ANT,12,93.601,33.0,1.0,,,29.75,38.052,25.799,6396.994,6435.046,6460.845,302.0,255.0,251.0,297.0,False,MEDIUM,33.0,True,Mercedes,6367.189,2026-07-05 14:54:21.682,1,1.0,False,,False,True
6554.515,ANT,12,93.725,34.0,1.0,,,29.752,38.081,25.892,6490.597,6528.678,6554.57,302.0,250.0,250.0,298.0,False,MEDIUM,34.0,True,Mercedes,6460.79,2026-07-05 14:55:55.283,1,1.0,False,,False,True
6647.491,ANT,12,92.976,35.0,1.0,,6641.665,29.773,38.062,25.141,6584.343,6622.405,6647.546,301.0,256.0,,300.0,False,MEDIUM,35.0,True,Mercedes,6554.515,2026-07-05 14:57:29.008,1,1.0,False,,False,False
6761.301,ANT,12,113.81,36.0,2.0,6670.427,,50.934,37.576,25.3,6698.48,6736.056,6761.356,297.0,259.0,254.0,298.0,False,HARD,1.0,True,Mercedes,6647.491,2026-07-05 14:59:01.984,1,2.0,False,,False,False
6853.078,ANT,12,91.777,37.0,2.0,,,29.501,37.119,25.157,6790.857,6827.976,6853.133,298.0,261.0,255.0,301.0,True,HARD,2.0,True,Mercedes,6761.301,2026-07-05 15:00:55.794,1,2.0,False,,False,True
6945.227,ANT,12,92.149,38.0,2.0,,,29.408,37.221,25.52,6882.541,6919.762,6945.282,302.0,260.0,254.0,308.0,False,HARD,3.0,True,Mercedes,6853.078,2026-07-05 15:02:27.571,12,2.0,False,,False,True
7062.598,ANT,12,117.371,39.0,2.0,,,39.557,51.067,26.747,6984.839,7035.906,7062.653,220.0,181.0,253.0,280.0,False,HARD,4.0,True,Mercedes,6945.227,2026-07-05 15:03:59.720,2671,2.0,False,,False,False
7154.502,ANT,12,91.904,40.0,2.0,,,29.538,37.17,25.196,7092.191,7129.361,7154.557,298.0,260.0,255.0,301.0,False,HARD,5.0,True,Mercedes,7062.598,2026-07-05 15:05:57.091,1,2.0,False,,False,True
7251.618,ANT,12,97.116,41.0,2.0,,7245.678,29.496,39.535,28.085,7184.053,7223.588,7251.673,304.0,210.0,,248.0,False,HARD,6.0,True,Mercedes,7154.502,2026-07-05 15:07:28.995,1,2.0,False,,False,False
7389.4,ANT,12,137.782,42.0,3.0,7287.046,,63.729,45.55,28.503,7315.402,7360.952,7389.455,293.0,240.0,223.0,283.0,False,MEDIUM,7.0,False,Mercedes,7251.618,2026-07-05 15:09:06.111,1,6.0,True,TRACK LIMITS AT TURN 15 LAP 42 ,False,False
7489.272,ANT,12,99.872,43.0,3.0,,7483.382,31.421,41.314,27.137,7420.876,7462.19,7489.327,309.0,240.0,,290.0,False,MEDIUM,8.0,False,Mercedes,7389.4,2026-07-05 15:11:23.893,1,7.0,False,,False,False
7610.588,ANT,12,121.316,44.0,4.0,7517.152,,55.712,39.71,25.894,7545.039,7584.749,7610.643,295.0,255.0,253.0,296.0,False,MEDIUM,9.0,False,Mercedes,7489.272,2026-07-05 15:13:03.765,1,10.0,True,TRACK LIMITS AT TURN 6 LAP 44 ,False,False
7704.4,ANT,12,93.812,45.0,4.0,,,29.709,38.21,25.893,7640.352,7678.562,7704.455,297.0,256.0,253.0,296.0,False,MEDIUM,10.0,False,Mercedes,7610.588,2026-07-05 15:15:05.081,1,10.0,False,,False,True
7797.903,ANT,12,93.503,46.0,4.0,,,29.585,38.161,25.757,7734.04,7772.201,7797.958,302.0,257.0,251.0,299.0,False,MEDIUM,11.0,False,Mercedes,7704.4,2026-07-05 15:16:38.893,1,10.0,False,,False,True
7910.725,ANT,12,112.822,47.0,4.0,,,29.654,51.394,31.774,7827.612,7879.006,7910.78,304.0,238.0,176.0,231.0,False,MEDIUM,12.0,False,Mercedes,7797.903,2026-07-05 15:18:12.396,124,9.0,False,,False,False
8035.799,ANT,12,125.074,48.0,4.0,,,40.652,51.683,32.739,7951.432,8003.115,8035.854,215.0,207.0,248.0,223.0,False,MEDIUM,13.0,False,Mercedes,7910.725,2026-07-05 15:20:05.218,4,9.0,False,,False,False
8138.238,ANT,12,102.439,49.0,4.0,,,30.581,41.107,30.751,8066.435,8107.542,8138.293,252.0,247.0,225.0,234.0,False,MEDIUM,14.0,False,Mercedes,8035.799,2026-07-05 15:22:10.292,4,9.0,False,,False,False
8270.501,ANT,12,132.263,50.0,4.0,,,31.569,51.705,48.989,8169.862,8221.567,8270.556,260.0,109.0,78.0,203.0,False,MEDIUM,15.0,False,Mercedes,8138.238,2026-07-05 15:23:52.731,4,9.0,False,,False,False
8433.989,ANT,12,,51.0,4.0,,,51.755,68.167,43.447,8322.505,8390.697,8434.078,164.0,106.0,136.0,157.0,False,MEDIUM,16.0,False,Mercedes,8270.501,2026-07-05 15:26:04.994,4,9.0,False,,False,False
8574.257,ANT,12,140.268,52.0,4.0,,,46.651,59.382,34.235,8480.695,8540.077,8574.312,206.0,140.0,235.0,255.0,False,MEDIUM,17.0,False,Mercedes,8433.989,2026-07-05 15:28:48.482,4,9.0,False,,False,False
3450.893,ALO,14,111.095,1.0,1.0,3353.184,,,40.971,27.126,,3423.946,3451.044,286.0,251.0,235.0,302.0,False,MEDIUM,1.0,True,Aston Martin,3339.562,2026-07-05 14:03:54.055,12,21.0,False,,False,False
3550.924,ALO,14,100.031,2.0,1.0,,,31.526,40.994,27.511,3482.526,3523.52,3551.031,281.0,250.0,234.0,297.0,True,MEDIUM,2.0,True,Aston Martin,3450.893,2026-07-05 14:05:45.386,12,20.0,False,,False,True
3649.556,ALO,14,98.632,3.0,1.0,,,31.286,40.494,26.852,3582.317,3622.811,3649.663,286.0,248.0,235.0,302.0,True,MEDIUM,3.0,True,Aston Martin,3550.924,2026-07-05 14:07:25.417,1,20.0,False,,False,True
3748.331,ALO,14,98.775,4.0,1.0,,,31.361,40.589,26.825,3681.024,3721.613,3748.438,277.0,249.0,235.0,294.0,False,MEDIUM,4.0,True,Aston Martin,3649.556,2026-07-05 14:09:04.049,1,20.0,False,,False,True
3847.264,ALO,14,98.933,5.0,1.0,,,31.436,40.543,26.954,3779.874,3820.417,3847.371,276.0,250.0,235.0,295.0,False,MEDIUM,5.0,True,Aston Martin,3748.331,2026-07-05 14:10:42.824,1,20.0,False,,False,True
3946.054,ALO,14,98.79,6.0,1.0,,,31.597,40.295,26.898,3878.968,3919.263,3946.161,277.0,251.0,236.0,295.0,False,MEDIUM,6.0,True,Aston Martin,3847.264,2026-07-05 14:12:21.757,1,20.0,False,,False,True
4044.438,ALO,14,98.384,7.0,1.0,,,31.403,40.13,26.851,3977.564,4017.694,4044.545,279.0,250.0,236.0,293.0,True,MEDIUM,7.0,True,Aston Martin,3946.054,2026-07-05 14:14:00.547,1,20.0,False,,False,True
4143.23,ALO,14,98.792,8.0,1.0,,,31.502,40.359,26.931,4076.047,4116.406,4143.337,276.0,249.0,236.0,297.0,False,MEDIUM,8.0,True,Aston Martin,4044.438,2026-07-05 14:15:38.931,1,20.0,False,,False,True
4242.702,ALO,14,99.472,9.0,1.0,,,31.521,40.849,27.102,4174.858,4215.707,4242.809,278.0,237.0,235.0,301.0,False,MEDIUM,9.0,True,Aston Martin,4143.23,2026-07-05 14:17:17.723,1,20.0,False,,False,True
4341.795,ALO,14,99.093,10.0,1.0,,,31.415,40.618,27.06,4274.224,4314.842,4341.902,281.0,249.0,236.0,301.0,False,MEDIUM,10.0,True,Aston Martin,4242.702,2026-07-05 14:18:57.195,1,20.0,False,,False,True
4440.798,ALO,14,99.003,11.0,1.0,,,31.209,40.742,27.052,4373.111,4413.853,4440.905,285.0,245.0,234.0,306.0,False,MEDIUM,11.0,True,Aston Martin,4341.795,2026-07-05 14:20:36.288,1,20.0,False,,False,True
4539.934,ALO,14,99.136,12.0,1.0,,,31.424,40.66,27.052,4472.329,4512.989,4540.041,285.0,249.0,235.0,305.0,False,MEDIUM,12.0,True,Aston Martin,4440.798,2026-07-05 14:22:15.291,1,20.0,False,,False,True
4638.811,ALO,14,98.877,13.0,1.0,,,31.147,40.834,26.896,4571.188,4612.022,4638.918,289.0,250.0,237.0,307.0,False,MEDIUM,13.0,True,Aston Martin,4539.934,2026-07-05 14:23:54.427,1,20.0,False,,False,True
4737.897,ALO,14,99.086,14.0,1.0,,,31.155,40.96,26.971,4670.073,4711.033,4738.004,291.0,246.0,237.0,309.0,False,MEDIUM,14.0,True,Aston Martin,4638.811,2026-07-05 14:25:33.304,1,20.0,False,,False,True
4837.348,ALO,14,99.451,15.0,1.0,,,31.282,41.178,26.991,4769.286,4810.464,4837.455,288.0,249.0,236.0,334.0,False,MEDIUM,15.0,True,Aston Martin,4737.897,2026-07-05 14:27:12.390,1,21.0,False,,False,True
4936.558,ALO,14,99.21,16.0,1.0,,,31.11,41.152,26.948,4868.565,4909.717,4936.665,295.0,248.0,237.0,307.0,False,MEDIUM,16.0,True,Aston Martin,4837.348,2026-07-05 14:28:51.841,1,21.0,False,,False,True
5035.9,ALO,14,99.342,17.0,1.0,,,31.49,40.699,27.153,4968.155,5008.854,5036.007,292.0,249.0,235.0,310.0,False,MEDIUM,17.0,True,Aston Martin,4936.558,2026-07-05 14:30:31.051,1,21.0,True,TRACK LIMITS AT TURN 3 LAP 17 ,False,True
5135.21,ALO,14,99.31,18.0,1.0,,,31.238,41.056,27.016,5067.245,5108.301,5135.317,287.0,250.0,235.0,309.0,False,MEDIUM,18.0,True,Aston Martin,5035.9,2026-07-05 14:32:10.393,1,21.0,False,,False,True
5234.625,ALO,14,99.415,19.0,1.0,,,31.799,40.757,26.859,5167.116,5207.873,5234.732,255.0,251.0,233.0,296.0,False,MEDIUM,19.0,True,Aston Martin,5135.21,2026-07-05 14:33:49.703,1,20.0,False,,False,True
5333.174,ALO,14,98.549,20.0,1.0,,5327.379,31.376,40.885,26.288,5266.108,5306.993,5333.281,277.0,249.0,,297.0,False,MEDIUM,20.0,True,Aston Martin,5234.625,2026-07-05 14:35:29.118,1,20.0,False,,False,False
5458.883,ALO,14,125.709,21.0,2.0,5355.986,,58.662,40.665,26.382,5391.943,5432.608,5458.99,279.0,257.0,240.0,305.0,False,HARD,1.0,True,Aston Martin,5333.174,2026-07-05 14:37:07.667,167,21.0,False,,False,False
5556.297,ALO,14,97.414,22.0,2.0,,,31.303,39.379,26.732,5490.293,5529.672,5556.404,283.0,253.0,240.0,287.0,True,HARD,2.0,True,Aston Martin,5458.883,2026-07-05 14:39:13.376,1,20.0,False,,False,True
5653.701,ALO,14,97.404,23.0,2.0,,,31.108,39.66,26.636,5587.512,5627.172,5653.808,289.0,251.0,236.0,297.0,True,HARD,3.0,True,Aston Martin,5556.297,2026-07-05 14:40:50.790,1,20.0,False,,False,True
5753.623,ALO,14,99.922,24.0,2.0,,,31.384,39.963,28.575,5685.192,5725.155,5753.73,272.0,252.0,237.0,291.0,False,HARD,4.0,True,Aston Martin,5653.701,2026-07-05 14:42:28.194,1,20.0,False,,False,True
5852.318,ALO,14,98.695,25.0,2.0,,,30.81,40.071,27.814,5784.54,5824.611,5852.425,289.0,253.0,236.0,305.0,False,HARD,5.0,True,Aston Martin,5753.623,2026-07-05 14:44:08.116,1,20.0,False,,False,True
5949.693,ALO,14,97.375,26.0,2.0,,,30.936,39.868,26.571,5883.361,5923.229,5949.8,286.0,254.0,237.0,302.0,True,HARD,6.0,True,Aston Martin,5852.318,2026-07-05 14:45:46.811,1,20.0,False,,False,True
6047.429,ALO,14,97.736,27.0,2.0,,,31.168,39.989,26.579,5980.968,6020.957,6047.536,276.0,254.0,236.0,295.0,False,HARD,7.0,True,Aston Martin,5949.693,2026-07-05 14:47:24.186,1,20.0,False,,False,True
6145.472,ALO,14,98.043,28.0,2.0,,,31.402,39.949,26.692,6078.938,6118.887,6145.579,274.0,253.0,239.0,294.0,False,HARD,8.0,True,Aston Martin,6047.429,2026-07-05 14:49:01.922,1,20.0,False,,False,True
6243.006,ALO,14,97.534,29.0,2.0,,,31.244,39.701,26.589,6176.823,6216.524,6243.113,276.0,254.0,239.0,295.0,False,HARD,9.0,True,Aston Martin,6145.472,2026-07-05 14:50:39.965,1,20.0,False,,False,True
6340.55,ALO,14,97.544,30.0,2.0,,,31.135,39.708,26.701,6274.248,6313.956,6340.657,276.0,250.0,239.0,295.0,False,HARD,10.0,True,Aston Martin,6243.006,2026-07-05 14:52:17.499,1,20.0,False,,False,True
6440.696,ALO,14,100.146,31.0,2.0,,,31.672,41.824,26.65,6372.329,6414.153,6440.803,263.0,250.0,238.0,298.0,False,HARD,11.0,True,Aston Martin,6340.55,2026-07-05 14:53:55.043,1,20.0,False,,False,True
6538.541,ALO,14,97.845,32.0,2.0,,,31.277,39.928,26.64,6472.08,6512.008,6538.648,281.0,251.0,239.0,296.0,False,HARD,12.0,True,Aston Martin,6440.696,2026-07-05 14:55:35.189,1,20.0,False,,False,True
6636.061,ALO,14,97.52,33.0,2.0,,,31.14,39.804,26.576,6569.788,6609.592,6636.168,279.0,250.0,239.0,296.0,False,HARD,13.0,True,Aston Martin,6538.541,2026-07-05 14:57:13.034,1,20.0,False,,False,True
6733.952,ALO,14,97.891,34.0,2.0,,,31.433,39.862,26.596,6667.601,6707.463,6734.059,277.0,251.0,239.0,297.0,False,HARD,14.0,True,Aston Martin,6636.061,2026-07-05 14:58:50.554,1,20.0,False,,False,True
6832.712,ALO,14,98.76,35.0,2.0,,,31.353,40.844,26.563,6765.412,6806.256,6832.819,275.0,252.0,239.0,303.0,False,HARD,15.0,True,Aston Martin,6733.952,2026-07-05 15:00:28.445,1,20.0,False,,False,True
6931.876,ALO,14,99.164,36.0,2.0,,,31.118,41.419,26.627,6863.937,6905.356,6931.983,287.0,252.0,230.0,304.0,False,HARD,16.0,True,Aston Martin,6832.712,2026-07-05 15:02:07.205,12,20.0,False,,False,True
7050.881,ALO,14,119.005,37.0,2.0,,,38.117,52.291,28.597,6970.1,7022.391,7050.988,232.0,231.0,239.0,273.0,False,HARD,17.0,True,Aston Martin,6931.876,2026-07-05 15:03:46.369,2671,19.0,False,,False,False
7148.211,ALO,14,97.33,38.0,2.0,,,31.05,39.709,26.571,7082.038,7121.747,7148.318,289.0,252.0,239.0,294.0,True,HARD,18.0,True,Aston Martin,7050.881,2026-07-05 15:05:45.374,1,19.0,False,,False,True
7246.91,ALO,14,98.699,39.0,2.0,,,31.15,41.068,26.481,7179.468,7220.536,7247.017,277.0,250.0,239.0,314.0,False,HARD,19.0,True,Aston Martin,7148.211,2026-07-05 15:07:22.704,1,19.0,False,,False,True
7344.453,ALO,14,97.543,40.0,2.0,,,31.184,39.886,26.473,7278.201,7318.087,7344.56,280.0,254.0,241.0,297.0,False,HARD,20.0,True,Aston Martin,7246.91,2026-07-05 15:09:01.403,1,19.0,False,,False,True
7441.148,ALO,14,96.695,41.0,2.0,,,30.714,39.511,26.47,7375.274,7414.785,7441.255,293.0,253.0,241.0,296.0,True,HARD,21.0,True,Aston Martin,7344.453,2026-07-05 15:10:38.946,1,19.0,False,,False,True
7538.25,ALO,14,97.102,42.0,2.0,,,30.961,39.578,26.563,7472.216,7511.794,7538.357,284.0,256.0,241.0,299.0,False,HARD,22.0,True,Aston Martin,7441.148,2026-07-05 15:12:15.641,1,19.0,False,,False,True
7635.51,ALO,14,97.26,43.0,2.0,,,30.955,39.827,26.478,7569.312,7609.139,7635.617,279.0,251.0,241.0,297.0,False,HARD,23.0,True,Aston Martin,7538.25,2026-07-05 15:13:52.743,1,19.0,False,,False,True
7734.901,ALO,14,99.391,44.0,2.0,,,31.359,41.234,26.798,7666.976,7708.21,7735.008,275.0,255.0,232.0,303.0,False,HARD,24.0,True,Aston Martin,7635.51,2026-07-05 15:15:30.003,1,19.0,False,,False,True
7834.278,ALO,14,99.377,45.0,2.0,,,32.587,39.811,26.979,7767.595,7807.406,7834.385,285.0,256.0,236.0,305.0,False,HARD,25.0,True,Aston Martin,7734.901,2026-07-05 15:17:09.394,12,19.0,False,,False,True
7959.054,ALO,14,124.776,46.0,2.0,,7953.194,41.194,51.414,32.168,7875.579,7926.993,7959.161,196.0,226.0,,234.0,False,HARD,26.0,True,Aston Martin,7834.278,2026-07-05 15:18:48.771,24,19.0,False,,False,False
8102.086,ALO,14,143.032,47.0,3.0,7983.089,,58.759,50.079,34.194,8017.92,8067.999,8102.193,187.0,206.0,218.0,178.0,False,SOFT,1.0,True,Aston Martin,7959.054,2026-07-05 15:20:53.547,4,18.0,False,,False,False
8259.933,ALO,14,,48.0,3.0,,,39.031,70.404,48.418,8141.296,8211.728,8260.16,150.0,111.0,77.0,134.0,False,SOFT,2.0,True,Aston Martin,8102.086,2026-07-05 15:23:16.579,4,18.0,False,,False,False
8362.601,ALO,14,102.668,49.0,3.0,,,37.177,39.349,26.142,8297.217,8336.566,8362.708,274.0,259.0,245.0,296.0,False,SOFT,3.0,True,Aston Martin,8259.933,2026-07-05 15:25:54.426,4,18.0,False,,False,False
8458.428,ALO,14,95.827,50.0,3.0,,,30.331,39.352,26.144,8393.039,8432.391,8458.535,280.0,256.0,244.0,295.0,True,SOFT,4.0,True,Aston Martin,8362.601,2026-07-05 15:27:37.094,4,18.0,False,,False,False
8576.107,ALO,14,117.679,51.0,3.0,,,30.975,53.227,33.477,8489.51,8542.737,8576.214,255.0,182.0,240.0,257.0,False,SOFT,5.0,True,Aston Martin,8458.428,2026-07-05 15:29:12.921,4,18.0,False,,False,False
3436.073,LEC,16,96.275,1.0,1.0,,,,38.001,25.919,,3410.373,3436.323,294.0,256.0,245.0,298.0,False,MEDIUM,1.0,True,Ferrari,3339.562,2026-07-05 14:03:54.055,12,1.0,False,,False,False
3529.989,LEC,16,93.916,2.0,1.0,,,29.982,38.284,25.65,3466.132,3504.416,3530.066,304.0,255.0,246.0,300.0,True,MEDIUM,2.0,True,Ferrari,3436.073,2026-07-05 14:05:30.566,12,1.0,False,,False,True
3623.984,LEC,16,93.995,3.0,1.0,,,29.923,38.167,25.905,3559.989,3598.156,3624.061,305.0,253.0,245.0,297.0,False,MEDIUM,3.0,True,Ferrari,3529.989,2026-07-05 14:07:04.482,1,1.0,False,,False,True
3717.721,LEC,16,93.737,4.0,1.0,,,29.976,38.148,25.613,3654.037,3692.185,3717.798,305.0,257.0,246.0,303.0,True,MEDIUM,4.0,True,Ferrari,3623.984,2026-07-05 14:08:38.477,1,1.0,False,,False,True
3812.041,LEC,16,94.32,5.0,1.0,,,30.039,38.356,25.925,3747.837,3786.193,3812.118,307.0,254.0,245.0,299.0,False,MEDIUM,5.0,True,Ferrari,3717.721,2026-07-05 14:10:12.214,1,1.0,False,,False,True
3906.11,LEC,16,94.069,6.0,1.0,,,30.025,38.263,25.781,3842.143,3880.406,3906.187,309.0,259.0,244.0,306.0,False,MEDIUM,6.0,True,Ferrari,3812.041,2026-07-05 14:11:46.534,1,1.0,False,,False,True
4000.77,LEC,16,94.66,7.0,1.0,,,30.072,38.547,26.041,3936.259,3974.806,4000.847,310.0,254.0,245.0,297.0,False,MEDIUM,7.0,True,Ferrari,3906.11,2026-07-05 14:13:20.603,1,1.0,False,,False,True
4095.112,LEC,16,94.342,8.0,1.0,,,30.205,38.42,25.717,4031.052,4069.472,4095.189,303.0,256.0,246.0,303.0,False,MEDIUM,8.0,True,Ferrari,4000.77,2026-07-05 14:14:55.263,1,1.0,False,,False,True
4189.564,LEC,16,94.452,9.0,1.0,,,30.06,38.435,25.957,4125.249,4163.684,4189.641,303.0,254.0,244.0,299.0,False,MEDIUM,9.0,True,Ferrari,4095.112,2026-07-05 14:16:29.605,1,1.0,False,,False,True
4283.866,LEC,16,94.302,10.0,1.0,,,30.177,38.43,25.695,4219.818,4258.248,4283.943,305.0,255.0,245.0,303.0,False,MEDIUM,10.0,True,Ferrari,4189.564,2026-07-05 14:18:04.057,1,1.0,False,,False,True
4378.48,LEC,16,94.614,11.0,1.0,,,30.13,38.578,25.906,4314.073,4352.651,4378.557,305.0,254.0,245.0,302.0,False,MEDIUM,11.0,True,Ferrari,4283.866,2026-07-05 14:19:38.359,1,1.0,False,,False,True
4472.826,LEC,16,94.346,12.0,1.0,,,30.044,38.495,25.807,4408.601,4447.096,4472.903,305.0,253.0,244.0,304.0,False,MEDIUM,12.0,True,Ferrari,4378.48,2026-07-05 14:21:12.973,1,1.0,False,,False,True
4567.286,LEC,16,94.46,13.0,1.0,,,30.108,38.423,25.929,4503.011,4541.434,4567.363,306.0,255.0,245.0,303.0,False,MEDIUM,13.0,True,Ferrari,4472.826,2026-07-05 14:22:47.319,1,1.0,False,,False,True
4661.435,LEC,16,94.149,14.0,1.0,,,29.947,38.584,25.618,4597.31,4635.894,4661.512,308.0,257.0,246.0,303.0,False,MEDIUM,14.0,True,Ferrari,4567.286,2026-07-05 14:24:21.779,1,1.0,False,,False,True
4755.399,LEC,16,93.964,15.0,1.0,,,29.844,38.312,25.808,4691.356,4729.668,4755.476,306.0,258.0,246.0,303.0,False,MEDIUM,15.0,True,Ferrari,4661.435,2026-07-05 14:25:55.928,1,1.0,False,,False,True
4849.802,LEC,16,94.403,16.0,1.0,,,30.002,38.428,25.973,4785.478,4823.906,4849.879,306.0,254.0,244.0,300.0,False,MEDIUM,16.0,True,Ferrari,4755.399,2026-07-05 14:27:29.892,1,1.0,False,,False,True
4944.04,LEC,16,94.238,17.0,1.0,,,29.9,38.45,25.888,4879.779,4918.229,4944.117,307.0,254.0,245.0,302.0,False,MEDIUM,17.0,True,Ferrari,4849.802,2026-07-05 14:29:04.295,1,1.0,False,,False,True
5038.607,LEC,16,94.567,18.0,1.0,,,30.09,38.531,25.946,4974.207,5012.738,5038.684,306.0,254.0,245.0,303.0,False,MEDIUM,18.0,True,Ferrari,4944.04,2026-07-05 14:30:38.533,1,1.0,False,,False,True
5133.267,LEC,16,94.66,19.0,1.0,,,30.024,38.884,25.752,5068.708,5107.592,5133.344,310.0,256.0,248.0,311.0,False,MEDIUM,19.0,True,Ferrari,5038.607,2026-07-05 14:32:13.100,1,1.0,False,,False,True
5227.597,LEC,16,94.33,20.0,1.0,,,29.844,38.443,26.043,5163.188,5201.631,5227.674,305.0,254.0,245.0,294.0,False,MEDIUM,20.0,True,Ferrari,5133.267,2026-07-05 14:33:47.760,1,1.0,False,,False,True
5321.888,LEC,16,94.291,21.0,1.0,,,30.073,38.34,25.878,5257.747,5296.087,5321.965,305.0,255.0,246.0,300.0,False,MEDIUM,21.0,True,Ferrari,5227.597,2026-07-05 14:35:22.090,1,1.0,False,,False,True
5425.866,LEC,16,103.978,22.0,1.0,,,30.035,48.616,25.327,5352.0,5400.616,5425.943,305.0,258.0,248.0,315.0,False,MEDIUM,22.0,True,Ferrari,5321.888,2026-07-05 14:36:56.381,167,1.0,False,,False,False
5520.323,LEC,16,94.457,23.0,1.0,,,29.879,38.471,26.107,5455.822,5494.293,5520.4,310.0,257.0,245.0,304.0,False,MEDIUM,23.0,True,Ferrari,5425.866,2026-07-05 14:38:40.359,1,1.0,False,,False,True
5614.639,LEC,16,94.316,24.0,1.0,,,30.082,38.463,25.771,5550.482,5588.945,5614.716,307.0,257.0,246.0,306.0,False,MEDIUM,24.0,True,Ferrari,5520.323,2026-07-05 14:40:14.816,1,1.0,False,,False,True
5708.682,LEC,16,94.043,25.0,1.0,,5702.791,29.977,38.641,25.425,5644.693,5683.334,5708.759,311.0,257.0,,310.0,False,MEDIUM,25.0,True,Ferrari,5614.639,2026-07-05 14:41:49.132,1,1.0,False,,False,False
5821.769,LEC,16,113.087,26.0,2.0,5731.245,,50.075,37.395,25.617,5758.834,5796.229,5821.846,292.0,260.0,255.0,300.0,False,HARD,1.0,True,Ferrari,5708.682,2026-07-05 14:43:23.175,1,2.0,False,,False,False
5914.72,LEC,16,92.951,27.0,2.0,,,28.981,37.864,26.106,5850.827,5888.691,5914.797,306.0,251.0,250.0,289.0,True,HARD,2.0,True,Ferrari,5821.769,2026-07-05 14:45:16.262,1,2.0,False,,False,True
6008.147,LEC,16,93.427,28.0,2.0,,,29.534,37.783,26.11,5944.331,5982.114,6008.224,304.0,257.0,247.0,296.0,False,HARD,3.0,True,Ferrari,5914.72,2026-07-05 14:46:49.213,1,2.0,False,,False,True
6101.154,LEC,16,93.007,29.0,2.0,,,29.642,37.753,25.612,6037.866,6075.619,6101.231,307.0,262.0,248.0,305.0,False,HARD,4.0,True,Ferrari,6008.147,2026-07-05 14:48:22.640,1,2.0,False,,False,True
6194.414,LEC,16,93.26,30.0,2.0,,,29.649,37.811,25.8,6130.88,6168.691,6194.491,300.0,263.0,248.0,309.0,False,HARD,5.0,True,Ferrari,6101.154,2026-07-05 14:49:55.647,1,2.0,False,,False,True
6287.761,LEC,16,93.347,31.0,2.0,,,29.842,37.89,25.615,6224.333,6262.223,6287.838,294.0,258.0,248.0,303.0,False,HARD,6.0,True,Ferrari,6194.414,2026-07-05 14:51:28.907,1,2.0,False,,False,True
6380.833,LEC,16,93.072,32.0,2.0,,,29.694,37.749,25.629,6317.532,6355.281,6380.91,293.0,259.0,249.0,301.0,False,HARD,7.0,True,Ferrari,6287.761,2026-07-05 14:53:02.254,1,2.0,False,,False,True
6474.225,LEC,16,93.392,33.0,2.0,,,29.816,37.856,25.72,6410.726,6448.582,6474.302,293.0,258.0,248.0,299.0,False,HARD,8.0,True,Ferrari,6380.833,2026-07-05 14:54:35.326,1,2.0,False,,False,True
6567.472,LEC,16,93.247,34.0,2.0,,,29.674,37.767,25.806,6503.976,6541.743,6567.549,297.0,259.0,248.0,303.0,False,HARD,9.0,True,Ferrari,6474.225,2026-07-05 14:56:08.718,1,2.0,False,,False,True
6660.807,LEC,16,93.335,35.0,2.0,,,29.78,37.873,25.682,6597.329,6635.202,6660.884,305.0,259.0,248.0,306.0,False,HARD,10.0,True,Ferrari,6567.472,2026-07-05 14:57:41.965,1,2.0,False,,False,True
6754.255,LEC,16,93.448,36.0,2.0,,,29.919,37.905,25.624,6690.803,6728.708,6754.332,309.0,259.0,248.0,307.0,False,HARD,11.0,True,Ferrari,6660.807,2026-07-05 14:59:15.300,1,1.0,False,,False,True
6847.704,LEC,16,93.449,37.0,2.0,,,29.784,38.02,25.645,6784.116,6822.136,6847.781,315.0,257.0,248.0,305.0,False,HARD,12.0,True,Ferrari,6754.255,2026-07-05 15:00:48.748,1,1.0,False,,False,True
6941.013,LEC,16,93.309,38.0,2.0,,,29.805,37.812,25.692,6877.586,6915.398,6941.09,308.0,257.0,248.0,301.0,False,HARD,13.0,True,Ferrari,6847.704,2026-07-05 15:02:22.197,12,1.0,False,,False,True
7057.746,LEC,16,116.733,39.0,2.0,,,38.158,53.025,25.55,6979.248,7032.273,7057.823,206.0,247.0,251.0,309.0,False,HARD,14.0,True,Ferrari,6941.013,2026-07-05 15:03:55.506,2671,1.0,False,,False,False
7150.847,LEC,16,93.101,40.0,2.0,,,29.466,37.972,25.663,7087.289,7125.261,7150.924,310.0,258.0,247.0,301.0,False,HARD,15.0,True,Ferrari,7057.746,2026-07-05 15:05:52.239,1,1.0,False,,False,True
7243.74,LEC,16,92.893,41.0,2.0,,,29.746,37.879,25.268,7180.67,7218.549,7243.817,311.0,261.0,251.0,307.0,True,HARD,16.0,True,Ferrari,7150.847,2026-07-05 15:07:25.340,1,1.0,False,,False,True
7337.162,LEC,16,93.422,42.0,2.0,,,29.64,38.109,25.673,7273.457,7311.566,7337.239,309.0,259.0,248.0,302.0,False,HARD,17.0,True,Ferrari,7243.74,2026-07-05 15:08:58.233,1,1.0,False,,False,True
7430.033,LEC,16,92.871,43.0,2.0,,,29.579,37.836,25.456,7366.818,7404.654,7430.11,312.0,262.0,249.0,307.0,True,HARD,18.0,True,Ferrari,7337.162,2026-07-05 15:10:31.655,1,1.0,False,,False,True
7523.123,LEC,16,93.09,44.0,2.0,,,29.493,37.877,25.72,7459.603,7497.48,7523.2,311.0,258.0,248.0,303.0,False,HARD,19.0,True,Ferrari,7430.033,2026-07-05 15:12:04.526,1,1.0,False,,False,True
7616.013,LEC,16,92.89,45.0,2.0,,,29.728,37.637,25.525,7552.928,7590.565,7616.09,312.0,262.0,246.0,309.0,False,HARD,20.0,True,Ferrari,7523.123,2026-07-05 15:13:37.616,1,1.0,False,,False,True
7709.398,LEC,16,93.385,46.0,2.0,,,29.525,37.89,25.97,7645.615,7683.505,7709.475,313.0,259.0,245.0,306.0,False,HARD,21.0,True,Ferrari,7616.013,2026-07-05 15:15:10.506,1,1.0,False,,False,True
7802.673,LEC,16,93.275,47.0,2.0,,,29.686,37.931,25.658,7739.161,7777.092,7802.75,312.0,262.0,246.0,309.0,False,HARD,22.0,True,Ferrari,7709.398,2026-07-05 15:16:43.891,1,1.0,False,,False,True
7917.283,LEC,16,114.61,48.0,2.0,,7911.403,29.721,52.26,32.629,7832.471,7884.731,7917.36,319.0,229.0,,173.0,False,HARD,23.0,True,Ferrari,7802.673,2026-07-05 15:18:17.166,124,1.0,False,,False,False
8085.802,LEC,16,,49.0,3.0,7940.322,,57.603,61.873,48.979,7975.054,8036.958,8085.879,281.0,92.0,114.0,134.0,False,SOFT,4.0,False,Ferrari,7917.283,2026-07-05 15:20:11.776,4,1.0,False,,False,False
8254.403,LEC,16,,50.0,3.0,,,51.263,70.103,47.22,8137.157,8207.297,8254.504,119.0,90.0,103.0,142.0,False,SOFT,5.0,False,Ferrari,8085.802,2026-07-05 15:23:00.295,4,1.0,False,,False,False
8427.418,LEC,16,,51.0,3.0,,,60.981,67.803,44.254,8315.576,8383.241,8427.574,137.0,95.0,155.0,150.0,False,SOFT,6.0,False,Ferrari,8254.403,2026-07-05 15:25:48.896,4,1.0,False,,False,False
8571.189,LEC,16,143.771,52.0,3.0,,,46.273,60.351,37.147,8473.768,8534.119,8571.266,154.0,141.0,193.0,210.0,False,SOFT,7.0,False,Ferrari,8427.418,2026-07-05 15:28:41.911,4,1.0,False,,False,False
3447.808,STR,18,108.01,1.0,1.0,,,,42.968,27.328,,3420.705,3447.932,300.0,251.0,236.0,309.0,False,MEDIUM,1.0,True,Aston Martin,3339.562,2026-07-05 14:03:54.055,12,19.0,False,,False,False
3547.697,STR,18,99.889,2.0,1.0,,,31.497,40.854,27.538,3479.357,3520.211,3547.749,290.0,253.0,237.0,307.0,True,MEDIUM,2.0,True,Aston Martin,3447.808,2026-07-05 14:05:42.301,12,18.0,False,,False,True
3646.461,STR,18,98.764,3.0,1.0,,,30.949,40.805,27.01,3578.698,3619.503,3646.513,295.0,250.0,236.0,302.0,True,MEDIUM,3.0,True,Aston Martin,3547.697,2026-07-05 14:07:22.190,1,18.0,False,,False,True
3745.878,STR,18,99.417,4.0,1.0,,,31.212,41.226,26.979,3677.725,3718.951,3745.93,270.0,249.0,238.0,297.0,False,MEDIUM,4.0,True,Aston Martin,3646.461,2026-07-05 14:09:00.954,1,19.0,False,,False,True
3844.787,STR,18,98.909,5.0,1.0,,,31.288,40.653,26.968,3777.218,3817.871,3844.839,282.0,250.0,238.0,293.0,False,MEDIUM,5.0,True,Aston Martin,3745.878,2026-07-05 14:10:40.371,1,19.0,False,,False,True
3943.916,STR,18,99.129,6.0,1.0,,,31.362,40.654,27.113,3876.201,3916.855,3943.968,283.0,249.0,238.0,291.0,False,MEDIUM,6.0,True,Aston Martin,3844.787,2026-07-05 14:12:19.280,1,19.0,False,,False,True
4042.823,STR,18,98.907,7.0,1.0,,,31.252,40.618,27.037,3975.22,4015.838,4042.875,279.0,249.0,237.0,289.0,False,MEDIUM,7.0,True,Aston Martin,3943.916,2026-07-05 14:13:58.409,1,19.0,False,,False,True
4142.316,STR,18,99.493,8.0,1.0,,,31.601,40.648,27.244,4074.476,4115.124,4142.368,275.0,248.0,234.0,291.0,False,MEDIUM,8.0,True,Aston Martin,4042.823,2026-07-05 14:15:37.316,1,19.0,False,,False,True
4241.647,STR,18,99.331,9.0,1.0,,,31.448,40.739,27.144,4173.816,4214.555,4241.699,275.0,247.0,234.0,291.0,False,MEDIUM,9.0,True,Aston Martin,4142.316,2026-07-05 14:17:16.809,1,19.0,True,TRACK LIMITS AT TURN 9 LAP 9 ,False,True
4340.903,STR,18,99.256,10.0,1.0,,,31.385,40.727,27.144,4273.084,4313.811,4340.955,278.0,249.0,236.0,292.0,False,MEDIUM,10.0,True,Aston Martin,4241.647,2026-07-05 14:18:56.140,1,19.0,True,TRACK LIMITS AT TURN 9 LAP 10 ,False,True
4440.098,STR,18,99.195,11.0,1.0,,,31.415,40.641,27.139,4372.37,4413.011,4440.15,275.0,247.0,237.0,293.0,False,MEDIUM,11.0,True,Aston Martin,4340.903,2026-07-05 14:20:35.396,1,19.0,False,,False,True
4539.081,STR,18,98.983,12.0,1.0,,,31.248,40.697,27.038,4471.398,4512.095,4539.133,285.0,248.0,238.0,303.0,False,MEDIUM,12.0,True,Aston Martin,4440.098,2026-07-05 14:22:14.591,1,19.0,False,,False,True
4638.086,STR,18,99.005,13.0,1.0,,,31.35,40.844,26.811,4570.483,4611.327,4638.138,277.0,250.0,235.0,302.0,False,MEDIUM,13.0,True,Aston Martin,4539.081,2026-07-05 14:23:53.574,1,19.0,False,,False,True
4737.12,STR,18,99.034,14.0,1.0,,,31.54,40.706,26.788,4669.678,4710.384,4737.172,273.0,250.0,235.0,301.0,False,MEDIUM,14.0,True,Aston Martin,4638.086,2026-07-05 14:25:32.579,1,19.0,False,,False,True
4836.737,STR,18,99.617,15.0,1.0,,,31.442,41.269,26.906,4768.614,4809.883,4836.789,276.0,250.0,235.0,307.0,False,MEDIUM,15.0,True,Aston Martin,4737.12,2026-07-05 14:27:11.613,1,20.0,False,,False,True
4935.866,STR,18,99.129,16.0,1.0,,,31.412,40.827,26.89,4868.201,4909.028,4935.918,279.0,248.0,236.0,296.0,False,MEDIUM,16.0,True,Aston Martin,4836.737,2026-07-05 14:28:51.230,1,20.0,False,,False,True
5035.201,STR,18,99.335,17.0,1.0,,,31.495,40.932,26.908,4967.413,5008.345,5035.253,276.0,247.0,237.0,301.0,False,MEDIUM,17.0,True,Aston Martin,4935.866,2026-07-05 14:30:30.359,1,20.0,False,,False,True
5133.756,STR,18,98.555,18.0,1.0,,5127.986,31.403,40.671,26.481,5066.656,5107.327,5133.808,276.0,249.0,,292.0,False,MEDIUM,18.0,True,Aston Martin,5035.201,2026-07-05 14:32:09.694,1,20.0,False,,False,False
5251.67,STR,18,117.914,19.0,2.0,5156.583,,50.974,40.206,26.734,5184.782,5224.988,5251.722,281.0,253.0,237.0,292.0,False,HARD,1.0,True,Aston Martin,5133.756,2026-07-05 14:33:48.249,1,21.0,False,,False,False
5349.936,STR,18,98.266,20.0,2.0,,,31.314,40.179,26.773,5283.036,5323.215,5349.988,278.0,252.0,239.0,292.0,True,HARD,2.0,True,Aston Martin,5251.67,2026-07-05 14:35:46.163,1,21.0,False,,False,True
5458.329,STR,18,108.393,21.0,2.0,,,38.43,43.447,26.516,5388.418,5431.865,5458.381,225.0,253.0,235.0,304.0,False,HARD,3.0,True,Aston Martin,5349.936,2026-07-05 14:37:24.429,167,20.0,False,,False,False
5557.536,STR,18,99.207,22.0,2.0,,,32.238,40.256,26.713,5490.619,5530.875,5557.588,281.0,253.0,240.0,296.0,False,HARD,4.0,True,Aston Martin,5458.329,2026-07-05 14:39:12.822,1,21.0,False,,False,True
5655.678,STR,18,98.142,23.0,2.0,,,31.137,40.21,26.795,5588.725,5628.935,5655.73,280.0,252.0,237.0,296.0,True,HARD,5.0,True,Aston Martin,5557.536,2026-07-05 14:40:52.029,1,21.0,False,,False,True
5757.007,STR,18,101.329,24.0,2.0,,,32.934,40.401,27.994,5688.664,5729.065,5757.059,287.0,252.0,237.0,263.0,False,HARD,6.0,True,Aston Martin,5655.678,2026-07-05 14:42:30.171,1,21.0,False,,False,True
5856.252,STR,18,99.245,25.0,2.0,,,31.009,41.607,26.629,5788.068,5829.675,5856.304,231.0,256.0,239.0,309.0,False,HARD,7.0,True,Aston Martin,5757.007,2026-07-05 14:44:11.500,1,21.0,False,,False,True
5953.949,STR,18,97.697,26.0,2.0,,,30.892,40.028,26.777,5887.196,5927.224,5954.001,281.0,254.0,239.0,295.0,True,HARD,8.0,True,Aston Martin,5856.252,2026-07-05 14:45:50.745,1,21.0,False,,False,True
6051.983,STR,18,98.034,27.0,2.0,,,30.991,40.168,26.875,5984.992,6025.16,6052.035,282.0,253.0,239.0,296.0,False,HARD,9.0,True,Aston Martin,5953.949,2026-07-05 14:47:28.442,1,21.0,True,TRACK LIMITS AT TURN 18 LAP 27 ,False,True
6149.883,STR,18,97.9,28.0,2.0,,,31.139,40.085,26.676,6083.174,6123.259,6149.935,279.0,253.0,240.0,293.0,False,HARD,10.0,True,Aston Martin,6051.983,2026-07-05 14:49:06.476,1,21.0,False,,False,True
6248.792,STR,18,98.909,29.0,2.0,,,31.148,39.859,27.902,6181.083,6220.942,6248.844,278.0,254.0,238.0,293.0,False,HARD,11.0,True,Aston Martin,6149.883,2026-07-05 14:50:44.376,1,21.0,False,,False,True
6347.588,STR,18,98.796,30.0,2.0,,,31.758,40.247,26.791,6280.602,6320.849,6347.64,291.0,253.0,238.0,302.0,False,HARD,12.0,True,Aston Martin,6248.792,2026-07-05 14:52:23.285,1,21.0,False,,False,True
6445.696,STR,18,98.108,31.0,2.0,,,31.146,40.148,26.814,6378.786,6418.934,6445.748,276.0,250.0,239.0,293.0,False,HARD,13.0,True,Aston Martin,6347.588,2026-07-05 14:54:02.081,1,21.0,False,,False,True
6543.431,STR,18,97.735,32.0,2.0,,,31.041,39.984,26.71,6476.789,6516.773,6543.483,281.0,251.0,240.0,292.0,False,HARD,14.0,True,Aston Martin,6445.696,2026-07-05 14:55:40.189,1,21.0,False,,False,True
6641.988,STR,18,98.557,33.0,2.0,,,30.962,40.085,27.51,6574.445,6614.53,6642.04,279.0,251.0,239.0,274.0,False,HARD,15.0,True,Aston Martin,6543.431,2026-07-05 14:57:17.924,1,21.0,True,TRACK LIMITS AT TURN 9 LAP 33 ,False,True
6740.872,STR,18,98.884,34.0,2.0,,,30.968,40.136,27.78,6673.008,6713.144,6740.924,288.0,254.0,240.0,247.0,False,HARD,16.0,True,Aston Martin,6641.988,2026-07-05 14:58:56.481,1,21.0,False,,False,True
6838.144,STR,18,97.272,35.0,2.0,,,30.909,39.84,26.523,6771.833,6811.673,6838.196,288.0,253.0,241.0,302.0,False,HARD,17.0,True,Aston Martin,6740.872,2026-07-05 15:00:35.365,1,21.0,True,TRACK LIMITS AT TURN 9 LAP 35 ,False,True
6935.94,STR,18,97.796,36.0,2.0,,,31.002,40.019,26.775,6869.198,6909.217,6935.992,281.0,253.0,239.0,293.0,False,HARD,18.0,True,Aston Martin,6838.144,2026-07-05 15:02:12.637,12,21.0,False,,False,True
7055.506,STR,18,119.566,37.0,2.0,,,38.929,53.86,26.777,6974.921,7028.781,7055.558,187.0,247.0,242.0,290.0,False,HARD,19.0,True,Aston Martin,6935.94,2026-07-05 15:03:50.433,2671,20.0,False,,False,False
7152.792,STR,18,97.286,38.0,2.0,,,30.433,40.247,26.606,7085.991,7126.238,7152.844,290.0,248.0,242.0,301.0,True,HARD,20.0,True,Aston Martin,7055.506,2026-07-05 15:05:49.999,1,20.0,False,,False,True
7251.056,STR,18,98.264,39.0,2.0,,,31.183,40.327,26.754,7184.027,7224.354,7251.108,229.0,253.0,239.0,295.0,False,HARD,21.0,True,Aston Martin,7152.792,2026-07-05 15:07:27.285,1,20.0,False,,False,True
7348.416,STR,18,97.36,40.0,2.0,,,30.866,39.904,26.59,7281.974,7321.878,7348.468,283.0,253.0,241.0,296.0,False,HARD,22.0,True,Aston Martin,7251.056,2026-07-05 15:09:05.549,1,20.0,False,,False,True
7445.648,STR,18,97.232,41.0,2.0,,,30.663,39.895,26.674,7379.131,7419.026,7445.7,285.0,254.0,240.0,294.0,True,HARD,23.0,True,Aston Martin,7348.416,2026-07-05 15:10:42.909,1,20.0,False,,False,True
7545.86,STR,18,100.212,42.0,2.0,,,30.78,40.861,28.571,7476.48,7517.341,7545.912,283.0,252.0,234.0,309.0,False,HARD,24.0,True,Aston Martin,7445.648,2026-07-05 15:12:20.141,1,20.0,True,TRACK LIMITS AT TURN 15 LAP 42 ,False,True
7643.37,STR,18,97.51,43.0,2.0,,,30.835,40.09,26.585,7576.747,7616.837,7643.422,288.0,254.0,243.0,302.0,False,HARD,25.0,True,Aston Martin,7545.86,2026-07-05 15:14:00.353,1,20.0,False,,False,True
7741.073,STR,18,97.703,44.0,2.0,,,31.03,39.965,26.708,7674.452,7714.417,7741.125,289.0,251.0,240.0,297.0,False,HARD,26.0,True,Aston Martin,7643.37,2026-07-05 15:15:37.863,1,20.0,False,,False,True
7843.005,STR,18,101.932,45.0,2.0,,,31.249,39.976,30.707,7772.374,7812.35,7843.057,290.0,257.0,104.0,284.0,False,HARD,27.0,True,Aston Martin,7741.073,2026-07-05 15:17:15.566,124,20.0,False,,False,False
7966.019,STR,18,123.014,46.0,2.0,,7959.839,41.084,49.635,32.295,7884.141,7933.776,7966.071,244.0,231.0,,207.0,False,HARD,28.0,True,Aston Martin,7843.005,2026-07-05 15:18:57.498,4,20.0,False,,False,False
8126.499,STR,18,,47.0,3.0,8006.223,,73.862,52.343,34.23,8039.978,8092.41,8126.606,197.0,234.0,227.0,160.0,False,SOFT,1.0,True,Aston Martin,7966.019,2026-07-05 15:21:00.512,4,19.0,False,,False,False
8263.439,STR,18,136.94,48.0,3.0,,,32.283,56.39,48.267,8158.834,8215.224,8263.491,262.0,117.0,102.0,153.0,False,SOFT,2.0,True,Aston Martin,8126.499,2026-07-05 15:23:40.992,4,19.0,False,,False,False
8373.852,STR,18,110.413,49.0,3.0,,,44.345,39.935,26.133,8307.836,8347.771,8373.904,261.0,257.0,244.0,297.0,False,SOFT,3.0,True,Aston Martin,8263.439,2026-07-05 15:25:57.932,4,19.0,False,,False,False
8472.097,STR,18,98.245,50.0,3.0,,,32.393,39.749,26.103,8406.297,8446.046,8472.149,247.0,258.0,245.0,293.0,False,SOFT,4.0,True,Aston Martin,8373.852,2026-07-05 15:27:48.345,4,19.0,False,,False,False
8577.928,STR,18,105.831,51.0,3.0,,,30.425,43.367,32.039,8502.574,8545.941,8577.98,281.0,204.0,237.0,232.0,False,SOFT,5.0,True,Aston Martin,8472.097,2026-07-05 15:29:26.590,4,19.0,False,,False,False
3482.15,ALB,23,142.352,1.0,1.0,,3475.688,,65.963,39.205,,3443.08,3482.344,308.0,147.0,,166.0,False,MEDIUM,1.0,True,Williams,3339.562,2026-07-05 14:03:54.055,12,22.0,False,,False,False
3615.532,ALB,23,133.382,2.0,2.0,3519.933,,66.877,39.698,26.807,3549.113,3588.811,3615.618,289.0,250.0,242.0,294.0,False,HARD,1.0,True,Williams,3482.15,2026-07-05 14:06:16.643,12,22.0,False,,False,False
3711.348,ALB,23,95.816,3.0,2.0,,,30.272,39.016,26.528,3645.89,3684.906,3711.434,292.0,251.0,243.0,293.0,True,HARD,2.0,True,Williams,3615.532,2026-07-05 14:08:30.025,1,22.0,False,,False,True
3807.808,ALB,23,96.46,4.0,2.0,,,30.481,39.356,26.623,3741.915,3781.271,3807.894,288.0,252.0,245.0,294.0,False,HARD,3.0,True,Williams,3711.348,2026-07-05 14:10:05.841,1,22.0,False,,False,True
3904.107,ALB,23,96.299,5.0,2.0,,,30.311,39.303,26.685,3838.205,3877.508,3904.193,290.0,253.0,240.0,294.0,False,HARD,4.0,True,Williams,3807.808,2026-07-05 14:11:42.301,1,22.0,False,,False,True
4002.177,ALB,23,98.07,6.0,2.0,,,30.375,39.389,28.306,3934.568,3973.957,4002.263,293.0,250.0,238.0,232.0,False,HARD,5.0,True,Williams,3904.107,2026-07-05 14:13:18.600,1,22.0,False,,False,True
4107.305,ALB,23,105.128,7.0,2.0,,,32.977,42.426,29.725,4035.24,4077.666,4107.391,293.0,243.0,235.0,210.0,False,HARD,6.0,True,Williams,4002.177,2026-07-05 14:14:56.670,1,22.0,False,,False,True
4205.187,ALB,23,97.882,8.0,2.0,,,31.137,39.853,26.892,4138.528,4178.381,4205.273,285.0,250.0,241.0,297.0,False,HARD,7.0,True,Williams,4107.305,2026-07-05 14:16:41.798,1,22.0,False,,False,True
4302.372,ALB,23,97.185,9.0,2.0,,,30.711,39.686,26.788,4235.984,4275.67,4302.458,286.0,250.0,239.0,296.0,False,HARD,8.0,True,Williams,4205.187,2026-07-05 14:18:19.680,1,22.0,False,,False,True
4399.496,ALB,23,97.124,10.0,2.0,,,30.512,39.659,26.953,4332.97,4372.629,4399.582,291.0,248.0,240.0,294.0,False,HARD,9.0,True,Williams,4302.372,2026-07-05 14:19:56.865,1,22.0,False,,False,True
4496.644,ALB,23,97.148,11.0,2.0,,,30.595,39.691,26.862,4430.177,4469.868,4496.73,294.0,250.0,241.0,294.0,False,HARD,10.0,True,Williams,4399.496,2026-07-05 14:21:33.989,1,22.0,False,,False,True
4597.183,ALB,23,100.539,12.0,2.0,,,32.756,40.798,26.985,4529.486,4570.284,4597.269,222.0,250.0,239.0,297.0,False,HARD,11.0,True,Williams,4496.644,2026-07-05 14:23:11.137,1,22.0,False,,False,True
4696.511,ALB,23,99.328,13.0,2.0,,,31.528,40.765,27.035,4628.797,4669.562,4696.597,192.0,249.0,238.0,301.0,False,HARD,12.0,True,Williams,4597.183,2026-07-05 14:24:51.676,1,22.0,False,,False,True
4792.812,ALB,23,96.301,14.0,2.0,,4786.945,30.712,39.667,25.922,4727.309,4766.976,4792.898,289.0,252.0,,300.0,False,HARD,13.0,True,Williams,4696.511,2026-07-05 14:26:31.004,1,22.0,False,,False,False
4923.29,ALB,23,130.478,15.0,3.0,4828.179,,64.134,39.637,26.707,4857.032,4896.669,4923.376,289.0,251.0,244.0,294.0,False,MEDIUM,8.0,False,Williams,4792.812,2026-07-05 14:28:07.305,1,22.0,False,,False,False
5019.743,ALB,23,96.453,16.0,3.0,,,30.324,39.451,26.678,4953.7,4993.151,5019.829,290.0,252.0,242.0,294.0,False,MEDIUM,9.0,False,Williams,4923.29,2026-07-05 14:30:17.783,1,22.0,False,,False,True
5116.402,ALB,23,96.659,17.0,3.0,,,30.373,39.544,26.742,5050.202,5089.746,5116.488,292.0,250.0,244.0,294.0,False,MEDIUM,10.0,False,Williams,5019.743,2026-07-05 14:31:54.236,1,22.0,False,,False,True
5212.775,ALB,23,96.373,18.0,3.0,,,30.304,39.403,26.666,5146.792,5186.195,5212.861,295.0,253.0,243.0,297.0,False,MEDIUM,11.0,False,Williams,5116.402,2026-07-05 14:33:30.895,1,22.0,False,,False,True
5309.162,ALB,23,96.387,19.0,3.0,,,30.341,39.316,26.73,5243.202,5282.518,5309.248,293.0,254.0,241.0,297.0,False,MEDIUM,12.0,False,Williams,5212.775,2026-07-05 14:35:07.268,1,22.0,False,,False,True
5418.326,ALB,23,109.164,20.0,3.0,,,31.037,51.257,26.87,5340.285,5391.542,5418.412,190.0,254.0,242.0,293.0,False,MEDIUM,13.0,False,Williams,5309.162,2026-07-05 14:36:43.655,167,22.0,False,,False,False
5515.228,ALB,23,96.902,21.0,3.0,,,30.898,39.248,26.756,5449.31,5488.558,5515.314,288.0,251.0,241.0,296.0,False,MEDIUM,14.0,False,Williams,5418.326,2026-07-05 14:38:32.819,1,22.0,False,,False,True
5612.078,ALB,23,96.85,22.0,3.0,,,30.613,39.526,26.711,5545.927,5585.453,5612.164,292.0,251.0,240.0,303.0,False,MEDIUM,15.0,False,Williams,5515.228,2026-07-05 14:40:09.721,1,22.0,False,,False,True
5707.774,ALB,23,95.696,23.0,3.0,,5701.907,30.478,39.397,25.821,5642.642,5682.039,5707.86,305.0,252.0,,294.0,False,MEDIUM,16.0,False,Williams,5612.078,2026-07-05 14:41:46.571,1,22.0,False,,False,False
5839.048,ALB,23,131.274,24.0,4.0,5741.678,,65.834,39.225,26.215,5773.694,5812.919,5839.134,297.0,257.0,247.0,300.0,False,SOFT,3.0,False,Williams,5707.774,2026-07-05 14:43:22.267,1,22.0,False,,False,False
5933.945,ALB,23,94.897,25.0,4.0,,,29.82,38.803,26.274,5868.954,5907.757,5934.031,296.0,255.0,246.0,296.0,True,SOFT,4.0,False,Williams,5839.048,2026-07-05 14:45:33.541,1,22.0,False,,False,True
6029.035,ALB,23,95.09,26.0,4.0,,,29.881,38.901,26.308,5963.912,6002.813,6029.121,294.0,257.0,245.0,300.0,False,SOFT,5.0,False,Williams,5933.945,2026-07-05 14:47:08.438,1,22.0,False,,False,True
6124.609,ALB,23,95.574,27.0,4.0,,,30.121,38.92,26.533,6059.242,6098.162,6124.695,295.0,255.0,244.0,295.0,False,SOFT,6.0,False,Williams,6029.035,2026-07-05 14:48:43.528,1,22.0,False,,False,True
6220.102,ALB,23,95.493,28.0,4.0,,,30.166,38.857,26.47,6154.861,6193.718,6220.188,295.0,255.0,246.0,295.0,False,SOFT,7.0,False,Williams,6124.609,2026-07-05 14:50:19.102,1,22.0,False,,False,True
6315.355,ALB,23,95.253,29.0,4.0,,,30.09,38.845,26.318,6250.278,6289.123,6315.441,293.0,253.0,246.0,295.0,False,SOFT,8.0,False,Williams,6220.102,2026-07-05 14:51:54.595,1,22.0,False,,False,True
6412.729,ALB,23,97.374,30.0,4.0,,,30.543,40.392,26.439,6345.984,6386.376,6412.815,195.0,252.0,246.0,297.0,False,SOFT,9.0,False,Williams,6315.355,2026-07-05 14:53:29.848,1,22.0,False,,False,True
6510.579,ALB,23,97.85,31.0,4.0,,,30.09,41.02,26.74,6442.905,6483.925,6510.665,297.0,249.0,242.0,296.0,False,SOFT,10.0,False,Williams,6412.729,2026-07-05 14:55:07.222,1,22.0,False,,False,True
6606.407,ALB,23,95.828,32.0,4.0,,,30.299,39.009,26.52,6540.964,6579.973,6606.493,293.0,254.0,243.0,298.0,False,SOFT,11.0,False,Williams,6510.579,2026-07-05 14:56:45.072,1,22.0,False,,False,True
6702.144,ALB,23,95.737,33.0,4.0,,,30.334,39.025,26.378,6636.827,6675.852,6702.23,293.0,256.0,243.0,305.0,False,SOFT,12.0,False,Williams,6606.407,2026-07-05 14:58:20.900,1,22.0,False,,False,True
6797.681,ALB,23,95.537,34.0,4.0,,,30.183,38.947,26.407,6732.413,6771.36,6797.767,294.0,254.0,244.0,299.0,False,SOFT,13.0,False,Williams,6702.144,2026-07-05 14:59:56.637,1,22.0,False,,False,True
6892.654,ALB,23,94.973,35.0,4.0,,6886.894,30.176,38.945,25.852,6827.943,6866.888,6892.74,293.0,254.0,,299.0,False,SOFT,14.0,False,Williams,6797.681,2026-07-05 15:01:32.174,1,22.0,False,,False,False
7033.891,ALB,23,141.237,36.0,5.0,6918.243,,54.512,56.136,30.589,6947.252,7003.388,7033.977,302.0,209.0,244.0,235.0,False,SOFT,4.0,False,Williams,6892.654,2026-07-05 15:03:07.147,1267,22.0,False,,False,False
7132.02,ALB,23,98.129,37.0,5.0,,,30.316,39.418,28.395,7064.293,7103.711,7132.106,288.0,241.0,249.0,283.0,False,SOFT,5.0,False,Williams,7033.891,2026-07-05 15:05:28.384,71,21.0,False,,False,False
7226.189,ALB,23,94.169,38.0,5.0,,,29.924,38.317,25.928,7162.03,7200.347,7226.275,287.0,258.0,250.0,297.0,True,SOFT,6.0,False,Williams,7132.02,2026-07-05 15:07:06.513,1,21.0,False,,False,True
7320.751,ALB,23,94.562,39.0,5.0,,,29.798,38.585,26.179,7256.073,7294.658,7320.837,291.0,255.0,248.0,296.0,False,SOFT,7.0,False,Williams,7226.189,2026-07-05 15:08:40.682,1,21.0,False,,False,True
7415.243,ALB,23,94.492,40.0,5.0,,7409.196,29.757,38.499,26.236,7350.594,7389.093,7415.329,295.0,257.0,,297.0,False,SOFT,8.0,False,Williams,7320.751,2026-07-05 15:10:15.244,1,21.0,False,,False,False
7535.062,ALB,23,119.819,41.0,6.0,7441.812,,54.713,38.905,26.201,7470.042,7508.947,7535.148,300.0,256.0,251.0,295.0,False,SOFT,4.0,False,Williams,7415.243,2026-07-05 15:11:49.736,1,21.0,False,,False,False
7628.929,ALB,23,93.867,42.0,6.0,,,29.658,38.296,25.913,7564.806,7603.102,7629.015,297.0,257.0,252.0,295.0,True,SOFT,5.0,False,Williams,7535.062,2026-07-05 15:13:49.555,1,21.0,False,,False,True
7727.618,ALB,23,98.689,43.0,6.0,,7721.24,29.677,38.545,30.467,7658.692,7697.237,7727.704,294.0,255.0,,260.0,False,SOFT,6.0,False,Williams,7628.929,2026-07-05 15:15:23.422,1,21.0,False,,False,False
3445.577,HUL,27,105.779,1.0,1.0,,,,41.393,27.77,,3418.012,3445.605,314.0,256.0,236.0,316.0,False,MEDIUM,1.0,True,Audi,3339.562,2026-07-05 14:03:54.055,12,15.0,False,,False,False
3550.216,HUL,27,104.639,2.0,1.0,,,31.313,46.849,26.477,3476.918,3523.767,3550.244,295.0,254.0,238.0,320.0,True,MEDIUM,2.0,True,Audi,3445.577,2026-07-05 14:05:40.070,12,19.0,False,,False,True
3647.019,HUL,27,96.803,3.0,1.0,,,30.737,39.602,26.464,3580.981,3620.583,3647.047,288.0,252.0,242.0,300.0,True,MEDIUM,3.0,True,Audi,3550.216,2026-07-05 14:07:24.709,1,19.0,False,,False,True
3743.673,HUL,27,96.654,4.0,1.0,,,30.623,39.466,26.565,3677.67,3717.136,3743.701,294.0,254.0,242.0,299.0,True,MEDIUM,4.0,True,Audi,3647.019,2026-07-05 14:09:01.512,1,18.0,False,,False,True
3840.349,HUL,27,96.676,5.0,1.0,,,30.575,39.602,26.499,3774.276,3813.878,3840.377,291.0,253.0,243.0,300.0,False,MEDIUM,5.0,True,Audi,3743.673,2026-07-05 14:10:38.166,1,18.0,False,,False,True
3937.115,HUL,27,96.766,6.0,1.0,,,30.696,39.531,26.539,3871.073,3910.604,3937.143,297.0,255.0,240.0,302.0,False,MEDIUM,6.0,True,Audi,3840.349,2026-07-05 14:12:14.842,1,18.0,False,,False,True
4033.409,HUL,27,96.294,7.0,1.0,,,30.593,39.49,26.211,3967.736,4007.226,4033.437,298.0,258.0,240.0,334.0,True,MEDIUM,7.0,True,Audi,3937.115,2026-07-05 14:13:51.608,1,17.0,False,,False,True
4130.626,HUL,27,97.217,8.0,1.0,,,30.718,39.757,26.742,4064.155,4103.912,4130.654,290.0,251.0,241.0,300.0,False,MEDIUM,8.0,True,Audi,4033.409,2026-07-05 14:15:27.902,1,17.0,False,,False,True
4227.51,HUL,27,96.884,9.0,1.0,,,30.641,39.637,26.606,4161.295,4200.932,4227.538,291.0,253.0,242.0,308.0,False,MEDIUM,9.0,True,Audi,4130.626,2026-07-05 14:17:05.119,1,17.0,False,,False,True
4324.117,HUL,27,96.607,10.0,1.0,,,30.082,39.942,26.583,4257.62,4297.562,4324.145,316.0,253.0,243.0,299.0,False,MEDIUM,10.0,True,Audi,4227.51,2026-07-05 14:18:42.003,1,16.0,True,TRACK LIMITS AT TURN 6 LAP 10 ,False,True
4420.891,HUL,27,96.774,11.0,1.0,,,30.637,39.533,26.604,4354.782,4394.315,4420.919,290.0,254.0,242.0,303.0,False,MEDIUM,11.0,True,Audi,4324.117,2026-07-05 14:20:18.610,1,16.0,False,,False,True
4516.946,HUL,27,96.055,12.0,1.0,,,30.221,39.285,26.549,4451.14,4490.425,4516.974,302.0,252.0,244.0,295.0,True,MEDIUM,12.0,True,Audi,4420.891,2026-07-05 14:21:55.384,1,15.0,False,,False,True
4613.704,HUL,27,96.758,13.0,1.0,,,30.71,39.698,26.35,4547.684,4587.382,4613.732,287.0,253.0,243.0,297.0,False,MEDIUM,13.0,True,Audi,4516.946,2026-07-05 14:23:31.439,1,15.0,False,,False,True
4709.799,HUL,27,96.095,14.0,1.0,,,30.361,39.242,26.492,4644.093,4683.335,4709.827,290.0,253.0,244.0,298.0,False,MEDIUM,14.0,True,Audi,4613.704,2026-07-05 14:25:08.197,1,15.0,False,,False,True
4805.652,HUL,27,95.853,15.0,1.0,,,30.263,39.29,26.3,4740.09,4779.38,4805.68,294.0,254.0,243.0,300.0,True,MEDIUM,15.0,True,Audi,4709.799,2026-07-05 14:26:44.292,1,15.0,False,,False,True
4901.614,HUL,27,95.962,16.0,1.0,,,30.185,39.503,26.274,4835.865,4875.368,4901.642,296.0,255.0,242.0,302.0,False,MEDIUM,16.0,True,Audi,4805.652,2026-07-05 14:28:20.145,1,15.0,False,,False,True
4996.934,HUL,27,95.32,17.0,1.0,,4990.902,30.073,39.841,25.406,4931.715,4971.556,4996.962,299.0,258.0,,325.0,False,MEDIUM,17.0,True,Audi,4901.614,2026-07-05 14:29:56.107,1,14.0,False,,False,False
5113.986,HUL,27,117.052,18.0,2.0,5020.03,,51.017,39.42,26.615,5047.979,5087.399,5114.014,282.0,252.0,241.0,289.0,False,HARD,1.0,True,Audi,4996.934,2026-07-05 14:31:31.427,1,18.0,False,,False,False
5209.965,HUL,27,95.979,19.0,2.0,,,30.427,39.27,26.282,5144.441,5183.711,5209.993,288.0,257.0,246.0,297.0,False,HARD,2.0,True,Audi,5113.986,2026-07-05 14:33:28.479,1,18.0,False,,False,True
5305.351,HUL,27,95.386,20.0,2.0,,,30.234,39.195,25.957,5240.227,5279.422,5305.379,292.0,258.0,245.0,310.0,True,HARD,3.0,True,Audi,5209.965,2026-07-05 14:35:04.458,1,17.0,False,,False,True
5410.495,HUL,27,105.144,21.0,2.0,,,30.239,45.646,29.259,5335.618,5381.264,5410.523,293.0,216.0,247.0,270.0,False,HARD,4.0,True,Audi,5305.351,2026-07-05 14:36:39.844,167,17.0,False,,False,False
5505.61,HUL,27,95.115,22.0,2.0,,,30.256,38.782,26.077,5440.779,5479.561,5505.638,291.0,257.0,245.0,300.0,True,HARD,5.0,True,Audi,5410.495,2026-07-05 14:38:24.988,1,15.0,False,,False,True
5600.687,HUL,27,95.077,23.0,2.0,,,30.176,38.672,26.229,5535.814,5574.486,5600.715,293.0,255.0,246.0,299.0,True,HARD,6.0,True,Audi,5505.61,2026-07-05 14:40:00.103,1,15.0,False,,False,True
5696.707,HUL,27,96.02,24.0,2.0,,,30.171,39.14,26.709,5630.886,5670.026,5696.735,296.0,254.0,246.0,318.0,False,HARD,7.0,True,Audi,5600.687,2026-07-05 14:41:35.180,1,15.0,False,,False,True
5791.747,HUL,27,95.04,25.0,2.0,,,30.251,38.92,25.869,5726.986,5765.906,5791.775,296.0,261.0,246.0,339.0,True,HARD,8.0,True,Audi,5696.707,2026-07-05 14:43:11.200,1,14.0,False,,False,True
5886.82,HUL,27,95.073,26.0,2.0,,,30.138,38.749,26.186,5821.913,5860.662,5886.848,289.0,259.0,244.0,311.0,False,HARD,9.0,True,Audi,5791.747,2026-07-05 14:44:46.240,1,14.0,False,,False,True
5981.839,HUL,27,95.019,27.0,2.0,,,30.229,38.684,26.106,5917.077,5955.761,5981.867,296.0,259.0,245.0,306.0,True,HARD,10.0,True,Audi,5886.82,2026-07-05 14:46:21.313,1,13.0,False,,False,True
6076.423,HUL,27,94.584,28.0,2.0,,,29.991,38.496,26.097,6011.858,6050.354,6076.451,293.0,260.0,247.0,306.0,True,HARD,11.0,True,Audi,5981.839,2026-07-05 14:47:56.332,1,13.0,False,,False,True
6170.977,HUL,27,94.554,29.0,2.0,,,29.953,38.227,26.374,6106.404,6144.631,6171.005,295.0,261.0,245.0,330.0,True,HARD,12.0,True,Audi,6076.423,2026-07-05 14:49:30.916,1,13.0,False,,False,True
6265.735,HUL,27,94.758,30.0,2.0,,,30.259,38.439,26.06,6201.264,6239.703,6265.763,286.0,258.0,245.0,304.0,False,HARD,13.0,True,Audi,6170.977,2026-07-05 14:51:05.470,1,13.0,False,,False,True
6360.518,HUL,27,94.783,31.0,2.0,,,30.142,38.52,26.121,6295.905,6334.425,6360.546,287.0,257.0,248.0,303.0,False,HARD,14.0,True,Audi,6265.735,2026-07-05 14:52:40.228,1,13.0,False,,False,True
6455.598,HUL,27,95.08,32.0,2.0,,,30.181,38.801,26.098,6390.727,6429.528,6455.626,291.0,256.0,247.0,304.0,False,HARD,15.0,True,Audi,6360.518,2026-07-05 14:54:15.011,1,13.0,False,,False,True
6550.545,HUL,27,94.947,33.0,2.0,,,30.059,38.735,26.153,6485.685,6524.42,6550.573,297.0,255.0,246.0,302.0,False,HARD,16.0,True,Audi,6455.598,2026-07-05 14:55:50.091,1,13.0,False,,False,True
6646.245,HUL,27,95.7,34.0,2.0,,6638.31,29.975,38.606,27.119,6580.548,6619.154,6646.273,296.0,257.0,,305.0,False,HARD,17.0,True,Audi,6550.545,2026-07-05 14:57:25.038,1,13.0,False,,False,False
6765.797,HUL,27,119.552,35.0,3.0,6674.237,,55.529,38.26,25.763,6701.802,6740.062,6765.825,286.0,257.0,248.0,296.0,False,SOFT,1.0,True,Audi,6646.245,2026-07-05 14:59:00.738,1,15.0,False,,False,False
6859.23,HUL,27,93.433,36.0,3.0,,,29.75,38.09,25.593,6795.575,6833.665,6859.258,290.0,261.0,253.0,300.0,True,SOFT,2.0,True,Audi,6765.797,2026-07-05 15:01:00.290,1,15.0,False,,False,True
7009.23,HUL,27,,37.0,3.0,,,,,,,,,,,,,,SOFT,3.0,True,Audi,6859.23,2026-07-05 15:02:33.723,126,,False,,True,False
3439.098,VER,3,99.3,1.0,1.0,,,,38.936,25.905,,3413.312,3439.307,302.0,256.0,247.0,313.0,False,MEDIUM,1.0,True,Red Bull Racing,3339.562,2026-07-05 14:03:54.055,12,6.0,False,,False,False
3534.017,VER,3,94.919,2.0,1.0,,,30.134,38.98,25.805,3469.292,3508.272,3534.077,310.0,261.0,249.0,330.0,True,MEDIUM,2.0,True,Red Bull Racing,3439.098,2026-07-05 14:05:33.591,12,6.0,False,,False,True
3629.144,VER,3,95.127,3.0,1.0,,,30.125,38.998,26.004,3564.202,3603.2,3629.204,296.0,256.0,247.0,305.0,False,MEDIUM,3.0,True,Red Bull Racing,3534.017,2026-07-05 14:07:08.510,1,5.0,False,,False,True
3723.87,VER,3,94.726,4.0,1.0,,,30.031,38.74,25.955,3659.235,3697.975,3723.93,305.0,257.0,245.0,304.0,True,MEDIUM,4.0,True,Red Bull Racing,3629.144,2026-07-05 14:08:43.637,1,5.0,False,,False,True
3818.671,VER,3,94.801,5.0,1.0,,,30.236,38.494,26.071,3754.166,3792.66,3818.731,305.0,256.0,247.0,304.0,False,MEDIUM,5.0,True,Red Bull Racing,3723.87,2026-07-05 14:10:18.363,1,5.0,False,,False,True
3913.259,VER,3,94.588,6.0,1.0,,,30.106,38.55,25.932,3848.837,3887.387,3913.319,306.0,258.0,246.0,305.0,True,MEDIUM,6.0,True,Red Bull Racing,3818.671,2026-07-05 14:11:53.164,1,5.0,False,,False,True
4007.773,VER,3,94.514,7.0,1.0,,,30.198,38.327,25.989,3943.517,3981.844,4007.833,305.0,256.0,247.0,304.0,True,MEDIUM,7.0,True,Red Bull Racing,3913.259,2026-07-05 14:13:27.752,1,5.0,False,,False,True
4102.448,VER,3,94.675,8.0,1.0,,,30.308,38.518,25.849,4038.141,4076.659,4102.508,302.0,257.0,248.0,303.0,False,MEDIUM,8.0,True,Red Bull Racing,4007.773,2026-07-05 14:15:02.266,1,5.0,False,,False,True
4197.396,VER,3,94.948,9.0,1.0,,,30.369,38.613,25.966,4132.877,4171.49,4197.456,303.0,256.0,246.0,306.0,False,MEDIUM,9.0,True,Red Bull Racing,4102.448,2026-07-05 14:16:36.941,1,5.0,False,,False,True
4292.499,VER,3,95.103,10.0,1.0,,,30.352,38.816,25.935,4227.808,4266.624,4292.559,300.0,254.0,246.0,306.0,False,MEDIUM,10.0,True,Red Bull Racing,4197.396,2026-07-05 14:18:11.889,1,5.0,False,,False,True
4387.334,VER,3,94.835,11.0,1.0,,,30.034,38.659,26.142,4322.593,4361.252,4387.394,305.0,257.0,244.0,309.0,False,MEDIUM,11.0,True,Red Bull Racing,4292.499,2026-07-05 14:19:46.992,1,5.0,False,,False,True
4482.243,VER,3,94.909,12.0,1.0,,,30.148,38.687,26.074,4417.542,4456.229,4482.303,302.0,256.0,246.0,308.0,False,MEDIUM,12.0,True,Red Bull Racing,4387.334,2026-07-05 14:21:21.827,1,5.0,False,,False,True
4577.222,VER,3,94.979,13.0,1.0,,,30.235,38.877,25.867,4512.538,4551.415,4577.282,305.0,256.0,246.0,307.0,False,MEDIUM,13.0,True,Red Bull Racing,4482.243,2026-07-05 14:22:56.736,1,5.0,False,,False,True
4671.772,VER,3,94.55,14.0,1.0,,,29.915,38.689,25.946,4607.197,4645.886,4671.832,313.0,258.0,247.0,312.0,False,MEDIUM,14.0,True,Red Bull Racing,4577.222,2026-07-05 14:24:31.715,1,5.0,False,,False,True
4766.342,VER,3,94.57,15.0,1.0,,,29.765,38.956,25.849,4701.597,4740.553,4766.402,316.0,258.0,249.0,313.0,False,MEDIUM,15.0,True,Red Bull Racing,4671.772,2026-07-05 14:26:06.265,1,5.0,False,,False,True
4861.1,VER,3,94.758,16.0,1.0,,,29.885,38.922,25.951,4796.287,4835.209,4861.16,315.0,257.0,247.0,314.0,False,MEDIUM,16.0,True,Red Bull Racing,4766.342,2026-07-05 14:27:40.835,1,5.0,False,,False,True
4955.17,VER,3,94.07,17.0,1.0,,4949.384,29.751,38.766,25.553,4890.911,4929.677,4955.23,319.0,255.0,,300.0,False,MEDIUM,17.0,True,Red Bull Racing,4861.1,2026-07-05 14:29:15.593,1,4.0,False,,False,False
5068.975,VER,3,113.805,18.0,2.0,4978.096,,50.24,38.071,25.494,5005.47,5043.541,5069.035,301.0,259.0,251.0,300.0,False,HARD,1.0,True,Red Bull Racing,4955.17,2026-07-05 14:30:49.663,1,7.0,False,,False,False
5162.537,VER,3,93.562,19.0,2.0,,,29.887,38.042,25.633,5098.922,5136.964,5162.597,295.0,259.0,249.0,297.0,True,HARD,2.0,True,Red Bull Racing,5068.975,2026-07-05 14:32:43.468,1,7.0,False,,False,True
5256.156,VER,3,93.619,20.0,2.0,,,29.967,38.074,25.578,5192.564,5230.638,5256.216,299.0,259.0,248.0,302.0,False,HARD,3.0,True,Red Bull Racing,5162.537,2026-07-05 14:34:17.030,1,6.0,False,,False,True
5350.291,VER,3,94.135,21.0,2.0,,,30.027,38.198,25.91,5286.243,5324.441,5350.351,301.0,257.0,248.0,306.0,False,HARD,4.0,True,Red Bull Racing,5256.156,2026-07-05 14:35:50.649,1,6.0,False,,False,True
5455.156,VER,3,104.865,22.0,2.0,,,37.344,41.587,25.934,5387.695,5429.282,5455.216,218.0,252.0,248.0,290.0,False,HARD,5.0,True,Red Bull Racing,5350.291,2026-07-05 14:37:24.784,167,6.0,False,,False,False
5549.414,VER,3,94.258,23.0,2.0,,,30.15,38.229,25.879,5485.366,5523.595,5549.474,296.0,257.0,249.0,298.0,False,HARD,6.0,True,Red Bull Racing,5455.156,2026-07-05 14:39:09.649,1,6.0,False,,False,True
5643.549,VER,3,94.135,24.0,2.0,,,30.08,38.354,25.701,5579.554,5617.908,5643.609,297.0,257.0,249.0,299.0,False,HARD,7.0,True,Red Bull Racing,5549.414,2026-07-05 14:40:43.907,1,4.0,False,,False,True
5737.513,VER,3,93.964,25.0,2.0,,,29.945,38.202,25.817,5673.554,5711.756,5737.573,300.0,258.0,247.0,302.0,False,HARD,8.0,True,Red Bull Racing,5643.549,2026-07-05 14:42:18.042,1,4.0,False,,False,True
5831.541,VER,3,94.028,26.0,2.0,,,29.964,38.304,25.76,5767.537,5805.841,5831.601,302.0,259.0,248.0,303.0,False,HARD,9.0,True,Red Bull Racing,5737.513,2026-07-05 14:43:52.006,1,4.0,False,,False,True
5925.684,VER,3,94.143,27.0,2.0,,,29.961,38.384,25.798,5861.562,5899.946,5925.744,301.0,260.0,249.0,303.0,False,HARD,10.0,True,Red Bull Racing,5831.541,2026-07-05 14:45:26.034,1,4.0,False,,False,True
6019.507,VER,3,93.823,28.0,2.0,,,29.88,38.188,25.755,5955.624,5993.812,6019.567,303.0,260.0,249.0,304.0,False,HARD,11.0,True,Red Bull Racing,5925.684,2026-07-05 14:47:00.177,1,4.0,False,,False,True
6113.557,VER,3,94.05,29.0,2.0,,,30.028,38.288,25.734,6049.595,6087.883,6113.617,300.0,259.0,250.0,301.0,False,HARD,12.0,True,Red Bull Racing,6019.507,2026-07-05 14:48:34.000,1,3.0,False,,False,True
6207.53,VER,3,93.973,30.0,2.0,,,29.947,38.243,25.783,6143.564,6181.807,6207.59,300.0,258.0,248.0,302.0,False,HARD,13.0,True,Red Bull Racing,6113.557,2026-07-05 14:50:08.050,1,3.0,False,,False,True
6301.488,VER,3,93.958,31.0,2.0,,,30.012,38.234,25.712,6237.602,6275.836,6301.548,302.0,256.0,248.0,304.0,False,HARD,14.0,True,Red Bull Racing,6207.53,2026-07-05 14:51:42.023,1,3.0,False,,False,True
6395.697,VER,3,94.209,32.0,2.0,,,30.069,38.292,25.848,6331.617,6369.909,6395.757,297.0,257.0,249.0,301.0,False,HARD,15.0,True,Red Bull Racing,6301.488,2026-07-05 14:53:15.981,1,3.0,False,,False,True
6490.01,VER,3,94.313,33.0,2.0,,,30.129,38.235,25.949,6425.886,6464.121,6490.07,300.0,257.0,248.0,318.0,False,HARD,16.0,True,Red Bull Racing,6395.697,2026-07-05 14:54:50.190,1,3.0,False,,False,True
6584.454,VER,3,94.444,34.0,2.0,,,29.949,38.361,26.134,6520.019,6558.38,6584.514,300.0,258.0,248.0,302.0,False,HARD,17.0,True,Red Bull Racing,6490.01,2026-07-05 14:56:24.503,1,4.0,True,TRACK LIMITS AT TURN 15 LAP 34 ,False,True
6678.193,VER,3,93.739,35.0,2.0,,,29.95,38.133,25.656,6614.464,6652.597,6678.253,302.0,260.0,250.0,308.0,False,HARD,18.0,True,Red Bull Racing,6584.454,2026-07-05 14:57:58.947,1,3.0,False,,False,True
6772.144,VER,3,93.951,36.0,2.0,,,30.024,38.193,25.734,6708.277,6746.47,6772.204,300.0,257.0,250.0,304.0,False,HARD,19.0,True,Red Bull Racing,6678.193,2026-07-05 14:59:32.686,1,3.0,False,,False,True
6866.416,VER,3,94.272,37.0,2.0,,,29.89,37.978,26.404,6802.094,6840.072,6866.476,304.0,257.0,244.0,305.0,False,HARD,20.0,True,Red Bull Racing,6772.144,2026-07-05 15:01:06.637,1,3.0,False,,False,True
6961.132,VER,3,94.716,38.0,2.0,,6955.287,30.204,38.973,25.539,6896.68,6935.653,6961.192,301.0,259.0,,311.0,False,HARD,21.0,True,Red Bull Racing,6866.416,2026-07-05 15:02:40.909,126,3.0,False,,False,False
7088.13,VER,3,126.998,39.0,3.0,6984.158,,60.24,41.794,24.964,7021.432,7063.226,7088.19,191.0,266.0,257.0,311.0,False,MEDIUM,1.0,True,Red Bull Racing,6961.132,2026-07-05 15:04:15.625,671,4.0,False,,False,False
7180.231,VER,3,92.101,40.0,3.0,,,29.326,37.412,25.363,7117.516,7154.928,7180.291,293.0,262.0,251.0,300.0,True,MEDIUM,2.0,True,Red Bull Racing,7088.13,2026-07-05 15:06:22.623,1,4.0,False,,False,True
7273.166,VER,3,92.935,41.0,3.0,,,29.884,37.761,25.29,7210.175,7247.936,7273.226,299.0,263.0,253.0,303.0,False,MEDIUM,3.0,True,Red Bull Racing,7180.231,2026-07-05 15:07:54.724,1,4.0,False,,False,True
7365.71,VER,3,92.544,42.0,3.0,,,29.555,37.651,25.338,7302.781,7340.432,7365.77,306.0,263.0,251.0,311.0,False,MEDIUM,4.0,True,Red Bull Racing,7273.166,2026-07-05 15:09:27.659,1,3.0,False,,False,True
7458.331,VER,3,92.621,43.0,3.0,,,29.426,37.844,25.351,7395.196,7433.04,7458.391,313.0,263.0,250.0,312.0,False,MEDIUM,5.0,True,Red Bull Racing,7365.71,2026-07-05 15:11:00.203,1,3.0,False,,False,True
7550.721,VER,3,92.39,44.0,3.0,,,29.651,37.447,25.292,7488.042,7525.489,7550.781,306.0,264.0,254.0,306.0,False,MEDIUM,6.0,True,Red Bull Racing,7458.331,2026-07-05 15:12:32.824,1,3.0,False,,False,True
7643.594,VER,3,92.873,45.0,3.0,,,29.641,37.651,25.581,7580.422,7618.073,7643.654,303.0,264.0,249.0,313.0,False,MEDIUM,7.0,True,Red Bull Racing,7550.721,2026-07-05 15:14:05.214,1,3.0,False,,False,True
7736.501,VER,3,92.907,46.0,3.0,,,29.624,37.896,25.387,7673.278,7711.174,7736.561,296.0,262.0,252.0,307.0,False,MEDIUM,8.0,True,Red Bull Racing,7643.594,2026-07-05 15:15:38.087,1,3.0,False,,False,True
7886.501,VER,3,,47.0,3.0,,,,,,,,,,,,,,MEDIUM,9.0,True,Red Bull Racing,7736.501,2026-07-05 15:17:10.994,124,,False,,True,False
3441.078,LAW,30,101.28,1.0,1.0,,,,39.931,26.268,,3414.936,3441.221,309.0,256.0,241.0,317.0,False,MEDIUM,1.0,True,Racing Bulls,3339.562,2026-07-05 14:03:54.055,12,8.0,False,,False,False
3537.161,LAW,30,96.083,2.0,1.0,,,30.707,39.2,26.176,3471.847,3511.047,3537.223,296.0,255.0,249.0,303.0,True,MEDIUM,2.0,True,Racing Bulls,3441.078,2026-07-05 14:05:35.571,12,8.0,False,,False,True
3633.416,LAW,30,96.255,3.0,1.0,,,30.311,39.518,26.426,3567.534,3607.052,3633.478,292.0,254.0,248.0,299.0,False,MEDIUM,3.0,True,Racing Bulls,3537.161,2026-07-05 14:07:11.654,1,8.0,False,,False,True
3729.123,LAW,30,95.707,4.0,1.0,,,30.252,39.206,26.249,3663.73,3702.936,3729.185,294.0,255.0,251.0,297.0,True,MEDIUM,4.0,True,Racing Bulls,3633.416,2026-07-05 14:08:47.909,1,8.0,False,,False,True
3824.762,LAW,30,95.639,5.0,1.0,,,30.103,39.218,26.318,3759.288,3798.506,3824.824,293.0,255.0,249.0,297.0,True,MEDIUM,5.0,True,Racing Bulls,3729.123,2026-07-05 14:10:23.616,1,8.0,False,,False,True
3920.499,LAW,30,95.737,6.0,1.0,,,30.205,39.252,26.28,3855.029,3894.281,3920.561,295.0,257.0,250.0,298.0,False,MEDIUM,6.0,True,Racing Bulls,3824.762,2026-07-05 14:11:59.255,1,8.0,False,,False,True
4016.596,LAW,30,96.097,7.0,1.0,,,30.426,39.311,26.36,3950.987,3990.298,4016.658,291.0,254.0,249.0,294.0,False,MEDIUM,7.0,True,Racing Bulls,3920.499,2026-07-05 14:13:34.992,1,8.0,False,,False,True
4112.567,LAW,30,95.971,8.0,1.0,,,30.422,39.272,26.277,4047.08,4086.352,4112.629,288.0,255.0,249.0,297.0,False,MEDIUM,8.0,True,Racing Bulls,4016.596,2026-07-05 14:15:11.089,1,8.0,False,,False,True
4208.893,LAW,30,96.326,9.0,1.0,,,30.537,39.414,26.375,4143.166,4182.58,4208.955,293.0,255.0,247.0,298.0,False,MEDIUM,9.0,True,Racing Bulls,4112.567,2026-07-05 14:16:47.060,1,8.0,False,,False,True
4305.148,LAW,30,96.255,10.0,1.0,,,30.479,39.461,26.315,4239.434,4278.895,4305.21,291.0,255.0,246.0,298.0,False,MEDIUM,10.0,True,Racing Bulls,4208.893,2026-07-05 14:18:23.386,1,8.0,False,,False,True
4401.306,LAW,30,96.158,11.0,1.0,,,30.332,39.498,26.328,4335.542,4375.04,4401.368,290.0,255.0,248.0,299.0,False,MEDIUM,11.0,True,Racing Bulls,4305.148,2026-07-05 14:19:59.641,1,8.0,False,,False,True
4497.707,LAW,30,96.401,12.0,1.0,,,30.359,39.615,26.427,4431.727,4471.342,4497.769,292.0,255.0,248.0,303.0,False,MEDIUM,12.0,True,Racing Bulls,4401.306,2026-07-05 14:21:35.799,1,8.0,False,,False,True
4593.538,LAW,30,95.831,13.0,1.0,,,30.344,39.29,26.197,4528.113,4567.403,4593.6,290.0,256.0,250.0,297.0,False,MEDIUM,13.0,True,Racing Bulls,4497.707,2026-07-05 14:23:12.200,1,8.0,False,,False,True
4689.441,LAW,30,95.903,14.0,1.0,,,30.15,39.416,26.337,4623.75,4663.166,4689.503,291.0,254.0,247.0,296.0,False,MEDIUM,14.0,True,Racing Bulls,4593.538,2026-07-05 14:24:48.031,1,8.0,False,,False,True
4785.101,LAW,30,95.66,15.0,1.0,,,30.184,39.276,26.2,4719.687,4758.963,4785.163,291.0,255.0,250.0,297.0,False,MEDIUM,15.0,True,Racing Bulls,4689.441,2026-07-05 14:26:23.934,1,8.0,False,,False,True
4880.822,LAW,30,95.721,16.0,1.0,,,30.187,39.271,26.263,4815.35,4854.621,4880.884,291.0,255.0,250.0,295.0,False,MEDIUM,16.0,True,Racing Bulls,4785.101,2026-07-05 14:27:59.594,1,8.0,False,,False,True
4976.425,LAW,30,95.603,17.0,1.0,,,30.11,39.318,26.175,4910.994,4950.312,4976.487,291.0,255.0,249.0,293.0,True,MEDIUM,17.0,True,Racing Bulls,4880.822,2026-07-05 14:29:35.315,1,8.0,False,,False,True
5072.235,LAW,30,95.81,18.0,1.0,,,30.228,39.273,26.309,5006.715,5045.988,5072.297,294.0,255.0,248.0,297.0,False,MEDIUM,18.0,True,Racing Bulls,4976.425,2026-07-05 14:31:10.918,1,8.0,False,,False,True
5167.923,LAW,30,95.688,19.0,1.0,,,30.174,39.239,26.275,5102.471,5141.71,5167.985,291.0,256.0,249.0,296.0,False,MEDIUM,19.0,True,Racing Bulls,5072.235,2026-07-05 14:32:46.728,1,8.0,False,,False,True
5263.558,LAW,30,95.635,20.0,1.0,,,30.085,39.257,26.293,5198.07,5237.327,5263.62,293.0,256.0,249.0,298.0,False,MEDIUM,20.0,True,Racing Bulls,5167.923,2026-07-05 14:34:22.416,1,7.0,False,,False,True
5359.165,LAW,30,95.607,21.0,1.0,,,30.167,39.223,26.217,5293.787,5333.01,5359.227,292.0,256.0,247.0,298.0,False,MEDIUM,21.0,True,Racing Bulls,5263.558,2026-07-05 14:35:58.051,1,7.0,False,,False,True
5464.823,LAW,30,105.658,22.0,1.0,,,39.755,39.753,26.15,5398.982,5438.735,5464.885,205.0,258.0,247.0,299.0,False,MEDIUM,22.0,True,Racing Bulls,5359.165,2026-07-05 14:37:33.658,167,7.0,False,,False,False
5560.874,LAW,30,96.051,23.0,1.0,,,30.289,39.322,26.44,5495.174,5534.496,5560.936,292.0,257.0,246.0,296.0,False,MEDIUM,23.0,True,Racing Bulls,5464.823,2026-07-05 14:39:19.316,1,7.0,False,,False,True
5656.662,LAW,30,95.788,24.0,1.0,,,30.278,39.283,26.227,5591.214,5630.497,5656.724,294.0,257.0,245.0,300.0,False,MEDIUM,24.0,True,Racing Bulls,5560.874,2026-07-05 14:40:55.367,1,7.0,False,,False,True
5753.1,LAW,30,96.438,25.0,1.0,,,30.311,39.217,26.91,5687.035,5726.252,5753.162,297.0,258.0,243.0,306.0,False,MEDIUM,25.0,True,Racing Bulls,5656.662,2026-07-05 14:42:31.155,1,8.0,False,,False,True
5848.547,LAW,30,95.447,26.0,1.0,,,30.036,39.291,26.12,5783.198,5822.489,5848.609,305.0,260.0,249.0,307.0,True,MEDIUM,26.0,True,Racing Bulls,5753.1,2026-07-05 14:44:07.593,1,8.0,False,,False,True
5943.73,LAW,30,95.183,27.0,1.0,,,29.923,39.14,26.12,5878.532,5917.672,5943.792,297.0,259.0,247.0,303.0,True,MEDIUM,27.0,True,Racing Bulls,5848.547,2026-07-05 14:45:43.040,1,8.0,False,,False,True
6038.155,LAW,30,94.425,28.0,1.0,,6032.317,29.834,38.954,25.637,5973.626,6012.58,6038.217,302.0,259.0,,303.0,False,MEDIUM,28.0,True,Racing Bulls,5943.73,2026-07-05 14:47:18.223,1,8.0,False,,False,False
6153.411,LAW,30,115.256,29.0,2.0,6061.369,,50.626,38.859,25.771,6088.843,6127.702,6153.473,312.0,260.0,251.0,300.0,False,HARD,1.0,True,Racing Bulls,6038.155,2026-07-05 14:48:52.648,1,8.0,False,,False,False
6247.856,LAW,30,94.445,30.0,2.0,,,29.921,38.611,25.913,6183.394,6222.005,6247.918,292.0,261.0,253.0,306.0,True,HARD,2.0,True,Racing Bulls,6153.411,2026-07-05 14:50:47.904,1,8.0,False,,False,True
6341.955,LAW,30,94.099,31.0,2.0,,,29.815,38.523,25.761,6277.733,6316.256,6342.017,291.0,259.0,253.0,303.0,True,HARD,3.0,True,Racing Bulls,6247.856,2026-07-05 14:52:22.349,1,8.0,False,,False,True
6435.893,LAW,30,93.938,32.0,2.0,,,29.856,38.43,25.652,6371.873,6410.303,6435.955,292.0,260.0,254.0,305.0,True,HARD,4.0,True,Racing Bulls,6341.955,2026-07-05 14:53:56.448,1,8.0,False,,False,True
6529.75,LAW,30,93.857,33.0,2.0,,,29.851,38.295,25.711,6465.806,6504.101,6529.812,291.0,259.0,254.0,300.0,True,HARD,5.0,True,Racing Bulls,6435.893,2026-07-05 14:55:30.386,1,8.0,False,,False,True
6623.617,LAW,30,93.867,34.0,2.0,,,29.793,38.346,25.728,6559.605,6597.951,6623.679,291.0,262.0,252.0,301.0,False,HARD,6.0,True,Racing Bulls,6529.75,2026-07-05 14:57:04.243,1,8.0,False,,False,True
6717.795,LAW,30,94.178,35.0,2.0,,,29.81,38.486,25.882,6653.489,6691.975,6717.857,292.0,259.0,251.0,300.0,False,HARD,7.0,True,Racing Bulls,6623.617,2026-07-05 14:58:38.110,1,8.0,False,,False,True
6812.033,LAW,30,94.238,36.0,2.0,,,29.914,38.557,25.767,6747.771,6786.328,6812.095,292.0,260.0,252.0,301.0,False,HARD,8.0,True,Racing Bulls,6717.795,2026-07-05 15:00:12.288,1,8.0,False,,False,True
6905.976,LAW,30,93.943,37.0,2.0,,,29.769,38.479,25.695,6841.864,6880.343,6906.038,293.0,260.0,251.0,300.0,False,HARD,9.0,True,Racing Bulls,6812.033,2026-07-05 15:01:46.526,1,8.0,False,,False,True
7017.866,LAW,30,111.89,38.0,2.0,,,29.834,52.422,29.634,6935.872,6988.294,7017.928,293.0,221.0,220.0,253.0,False,HARD,10.0,True,Racing Bulls,6905.976,2026-07-05 15:03:20.469,126,8.0,False,,False,False
7116.18,LAW,30,98.314,39.0,2.0,,,34.328,38.389,25.597,7052.256,7090.645,7116.242,304.0,263.0,252.0,308.0,False,HARD,11.0,True,Racing Bulls,7017.866,2026-07-05 15:05:12.359,671,8.0,False,,False,False
7210.092,LAW,30,93.912,40.0,2.0,,,29.748,38.381,25.783,7145.99,7184.371,7210.154,292.0,261.0,252.0,298.0,False,HARD,12.0,True,Racing Bulls,7116.18,2026-07-05 15:06:50.673,1,8.0,False,,False,True
7304.338,LAW,30,94.246,41.0,2.0,,,29.984,38.512,25.75,7240.138,7278.65,7304.4,294.0,261.0,253.0,300.0,False,HARD,13.0,True,Racing Bulls,7210.092,2026-07-05 15:08:24.585,1,8.0,False,,False,True
7398.142,LAW,30,93.804,42.0,2.0,,,29.646,38.438,25.72,7334.046,7372.484,7398.204,298.0,261.0,253.0,302.0,True,HARD,14.0,True,Racing Bulls,7304.338,2026-07-05 15:09:58.831,1,8.0,False,,False,True
7492.168,LAW,30,94.026,43.0,2.0,,,29.726,38.563,25.737,7427.93,7466.493,7492.23,295.0,262.0,254.0,303.0,False,HARD,15.0,True,Racing Bulls,7398.142,2026-07-05 15:11:32.635,1,8.0,False,,False,True
7585.873,LAW,30,93.705,44.0,2.0,,,29.629,38.387,25.689,7521.859,7560.246,7585.935,296.0,261.0,254.0,301.0,True,HARD,16.0,True,Racing Bulls,7492.168,2026-07-05 15:13:06.661,1,7.0,False,,False,True
7679.521,LAW,30,93.648,45.0,2.0,,,29.728,38.239,25.681,7615.663,7653.902,7679.583,296.0,261.0,252.0,300.0,True,HARD,17.0,True,Racing Bulls,7585.873,2026-07-05 15:14:40.366,1,7.0,False,,False,True
7773.439,LAW,30,93.918,46.0,2.0,,,29.738,38.454,25.726,7709.321,7747.775,7773.501,296.0,261.0,252.0,300.0,False,HARD,18.0,True,Racing Bulls,7679.521,2026-07-05 15:16:14.014,1,7.0,False,,False,True
7879.877,LAW,30,106.438,47.0,2.0,,7873.976,29.708,42.869,33.861,7803.209,7846.078,7879.939,296.0,128.0,,173.0,False,HARD,19.0,True,Racing Bulls,7773.439,2026-07-05 15:17:47.932,124,6.0,False,,False,False
8019.196,LAW,30,139.319,48.0,3.0,7902.659,,52.859,51.847,34.613,7932.798,7984.645,8019.258,250.0,240.0,239.0,203.0,False,SOFT,4.0,False,Racing Bulls,7879.877,2026-07-05 15:19:34.370,4,6.0,False,,False,False
8131.737,LAW,30,112.541,49.0,3.0,,,31.843,46.514,34.184,8051.101,8097.615,8131.799,257.0,197.0,237.0,155.0,False,SOFT,5.0,False,Racing Bulls,8019.196,2026-07-05 15:21:53.689,4,6.0,False,,False,False
8267.721,LAW,30,135.984,50.0,3.0,,,32.495,54.552,48.937,8164.294,8218.846,8267.783,262.0,102.0,81.0,221.0,False,SOFT,6.0,False,Racing Bulls,8131.737,2026-07-05 15:23:46.230,4,6.0,False,,False,False
8431.351,LAW,30,,51.0,3.0,,,52.593,67.51,43.462,8320.441,8388.142,8431.44,96.0,117.0,141.0,156.0,False,SOFT,7.0,False,Racing Bulls,8267.721,2026-07-05 15:26:02.214,4,6.0,False,,False,False
8573.221,LAW,30,141.87,52.0,3.0,,,46.488,60.233,35.149,8477.901,8538.134,8573.283,189.0,124.0,230.0,241.0,False,SOFT,8.0,False,Racing Bulls,8431.351,2026-07-05 15:28:45.844,4,6.0,False,,False,False
3444.479,OCO,31,104.681,1.0,1.0,,,,40.985,27.327,,3417.317,3444.479,312.0,259.0,241.0,318.0,False,MEDIUM,1.0,True,Haas F1 Team,3339.562,2026-07-05 14:03:54.055,12,11.0,False,,False,False
3541.682,OCO,31,97.203,2.0,1.0,,,30.759,39.56,26.884,3475.238,3514.798,3541.682,297.0,259.0,242.0,308.0,True,MEDIUM,2.0,True,Haas F1 Team,3444.479,2026-07-05 14:05:38.972,12,12.0,False,,False,True
3638.804,OCO,31,97.122,3.0,1.0,,,30.471,39.449,27.202,3572.153,3611.602,3638.804,298.0,254.0,241.0,306.0,True,MEDIUM,3.0,True,Haas F1 Team,3541.682,2026-07-05 14:07:16.175,1,13.0,False,,False,True
3735.601,OCO,31,96.797,4.0,1.0,,,30.767,39.557,26.473,3669.571,3709.128,3735.601,304.0,257.0,242.0,308.0,True,MEDIUM,4.0,True,Haas F1 Team,3638.804,2026-07-05 14:08:53.297,1,13.0,False,,False,True
3833.274,OCO,31,97.673,5.0,1.0,,,30.528,39.923,27.222,3766.129,3806.052,3833.274,294.0,256.0,239.0,304.0,False,MEDIUM,5.0,True,Haas F1 Team,3735.601,2026-07-05 14:10:30.094,1,14.0,False,,False,True
3930.571,OCO,31,97.297,6.0,1.0,,,31.119,39.705,26.473,3864.393,3904.098,3930.571,300.0,258.0,241.0,316.0,False,MEDIUM,6.0,True,Haas F1 Team,3833.274,2026-07-05 14:12:07.767,1,14.0,False,,False,True
4027.268,OCO,31,96.697,7.0,1.0,,,30.669,39.655,26.373,3961.24,4000.895,4027.268,297.0,257.0,242.0,309.0,True,MEDIUM,7.0,True,Haas F1 Team,3930.571,2026-07-05 14:13:45.064,1,14.0,False,,False,True
4124.273,OCO,31,97.005,8.0,1.0,,,30.885,39.657,26.463,4058.153,4097.81,4124.273,291.0,256.0,240.0,307.0,False,MEDIUM,8.0,True,Haas F1 Team,4027.268,2026-07-05 14:15:21.761,1,14.0,False,,False,True
4221.648,OCO,31,97.375,9.0,1.0,,,31.047,39.863,26.465,4155.32,4195.183,4221.648,295.0,255.0,239.0,309.0,False,MEDIUM,9.0,True,Haas F1 Team,4124.273,2026-07-05 14:16:58.766,1,14.0,False,,False,True
4319.332,OCO,31,97.684,10.0,1.0,,,30.895,40.037,26.752,4252.543,4292.58,4319.332,294.0,256.0,237.0,313.0,False,MEDIUM,10.0,True,Haas F1 Team,4221.648,2026-07-05 14:18:36.141,1,14.0,False,,False,True
4416.42,OCO,31,97.088,11.0,1.0,,,30.715,39.945,26.428,4350.047,4389.992,4416.42,294.0,256.0,238.0,310.0,False,MEDIUM,11.0,True,Haas F1 Team,4319.332,2026-07-05 14:20:13.825,1,14.0,False,,False,True
4513.441,OCO,31,97.021,12.0,1.0,,,30.875,39.651,26.495,4447.295,4486.946,4513.441,290.0,255.0,239.0,307.0,False,MEDIUM,12.0,True,Haas F1 Team,4416.42,2026-07-05 14:21:50.913,1,14.0,False,,False,True
4610.13,OCO,31,96.689,13.0,1.0,,,30.609,39.721,26.359,4544.05,4583.771,4610.13,293.0,256.0,241.0,307.0,True,MEDIUM,13.0,True,Haas F1 Team,4513.441,2026-07-05 14:23:27.934,1,14.0,False,,False,True
4706.996,OCO,31,96.866,14.0,1.0,,,30.491,39.683,26.692,4640.621,4680.304,4706.996,292.0,255.0,239.0,302.0,False,MEDIUM,14.0,True,Haas F1 Team,4610.13,2026-07-05 14:25:04.623,1,14.0,False,,False,True
4803.666,OCO,31,96.67,15.0,1.0,,,30.621,39.595,26.454,4737.617,4777.212,4803.666,290.0,255.0,240.0,302.0,True,MEDIUM,15.0,True,Haas F1 Team,4706.996,2026-07-05 14:26:41.489,1,14.0,False,,False,True
4900.739,OCO,31,97.073,16.0,1.0,,,30.738,39.677,26.658,4834.404,4874.081,4900.739,291.0,255.0,237.0,296.0,False,MEDIUM,16.0,True,Haas F1 Team,4803.666,2026-07-05 14:28:18.159,1,14.0,False,,False,True
4998.002,OCO,31,97.263,17.0,1.0,,,30.672,39.674,26.917,4931.411,4971.085,4998.002,291.0,255.0,240.0,298.0,False,MEDIUM,17.0,True,Haas F1 Team,4900.739,2026-07-05 14:29:55.232,1,15.0,False,,False,True
5094.955,OCO,31,96.953,18.0,1.0,,,30.793,39.557,26.603,5028.795,5068.352,5094.955,288.0,256.0,241.0,301.0,False,MEDIUM,18.0,True,Haas F1 Team,4998.002,2026-07-05 14:31:32.495,1,14.0,False,,False,True
5191.72,OCO,31,96.765,19.0,1.0,,,30.749,39.379,26.637,5125.704,5165.083,5191.72,286.0,257.0,242.0,298.0,False,MEDIUM,19.0,True,Haas F1 Team,5094.955,2026-07-05 14:33:09.448,1,14.0,False,,False,True
5288.234,OCO,31,96.514,20.0,1.0,,,30.732,39.328,26.454,5222.452,5261.78,5288.234,287.0,255.0,243.0,296.0,True,MEDIUM,20.0,True,Haas F1 Team,5191.72,2026-07-05 14:34:46.213,1,14.0,False,,False,True
5388.542,OCO,31,100.308,21.0,1.0,,5382.617,30.652,39.243,30.413,5318.886,5358.129,5388.542,286.0,254.0,,127.0,False,MEDIUM,21.0,True,Haas F1 Team,5288.234,2026-07-05 14:36:22.727,167,13.0,False,,False,False
5522.236,OCO,31,133.694,22.0,2.0,5425.892,,65.995,40.619,27.08,5454.537,5495.156,5522.236,288.0,238.0,247.0,284.0,False,HARD,1.0,True,Haas F1 Team,5388.542,2026-07-05 14:38:03.035,71,19.0,False,,False,False
5618.743,OCO,31,96.507,23.0,2.0,,,30.285,40.055,26.167,5552.521,5592.576,5618.743,292.0,259.0,245.0,311.0,True,HARD,2.0,True,Haas F1 Team,5522.236,2026-07-05 14:40:16.729,1,19.0,False,,False,True
5714.276,OCO,31,95.533,24.0,2.0,,,30.131,38.928,26.474,5648.874,5687.802,5714.276,295.0,255.0,242.0,304.0,True,HARD,3.0,True,Haas F1 Team,5618.743,2026-07-05 14:41:53.236,1,19.0,False,,False,True
5810.014,OCO,31,95.738,25.0,2.0,,,30.277,39.189,26.272,5744.553,5783.742,5810.014,297.0,260.0,243.0,332.0,False,HARD,4.0,True,Haas F1 Team,5714.276,2026-07-05 14:43:28.769,1,18.0,False,,False,True
5905.725,OCO,31,95.711,26.0,2.0,,,30.27,39.078,26.363,5840.284,5879.362,5905.725,297.0,259.0,244.0,313.0,False,HARD,5.0,True,Haas F1 Team,5810.014,2026-07-05 14:45:04.507,1,18.0,False,,False,True
6001.569,OCO,31,95.844,27.0,2.0,,,30.25,39.085,26.509,5935.975,5975.06,6001.569,293.0,258.0,242.0,324.0,False,HARD,6.0,True,Haas F1 Team,5905.725,2026-07-05 14:46:40.218,1,17.0,False,,False,True
6097.515,OCO,31,95.946,28.0,2.0,,,30.669,38.925,26.352,6032.238,6071.163,6097.515,286.0,260.0,245.0,295.0,False,HARD,7.0,True,Haas F1 Team,6001.569,2026-07-05 14:48:16.062,1,17.0,False,,False,True
6193.408,OCO,31,95.893,29.0,2.0,,,30.458,39.056,26.379,6127.973,6167.029,6193.408,285.0,256.0,246.0,292.0,False,HARD,8.0,True,Haas F1 Team,6097.515,2026-07-05 14:49:52.008,1,17.0,False,,False,True
6290.586,OCO,31,97.178,30.0,2.0,,,31.805,39.078,26.295,6225.213,6264.291,6290.586,290.0,255.0,246.0,299.0,False,HARD,9.0,True,Haas F1 Team,6193.408,2026-07-05 14:51:27.901,1,16.0,False,,False,True
6385.946,OCO,31,95.36,31.0,2.0,,,30.334,38.807,26.219,6320.92,6359.727,6385.946,284.0,255.0,246.0,295.0,True,HARD,10.0,True,Haas F1 Team,6290.586,2026-07-05 14:53:05.079,1,16.0,False,,False,True
6481.56,OCO,31,95.614,32.0,2.0,,,30.447,38.924,26.243,6416.393,6455.317,6481.56,284.0,254.0,247.0,292.0,False,HARD,11.0,True,Haas F1 Team,6385.946,2026-07-05 14:54:40.439,1,16.0,False,,False,True
6576.97,OCO,31,95.41,33.0,2.0,,,30.307,38.811,26.292,6511.867,6550.678,6576.97,286.0,255.0,243.0,293.0,False,HARD,12.0,True,Haas F1 Team,6481.56,2026-07-05 14:56:16.053,1,16.0,False,,False,True
6673.222,OCO,31,96.252,34.0,2.0,,,30.445,38.844,26.963,6607.415,6646.259,6673.222,285.0,256.0,241.0,295.0,False,HARD,13.0,True,Haas F1 Team,6576.97,2026-07-05 14:57:51.463,1,17.0,False,,False,True
6768.677,OCO,31,95.455,35.0,2.0,,,30.46,38.991,26.004,6703.682,6742.673,6768.677,295.0,258.0,244.0,312.0,False,HARD,14.0,True,Haas F1 Team,6673.222,2026-07-05 14:59:27.715,1,17.0,False,,False,True
6863.819,OCO,31,95.142,36.0,2.0,,,30.237,38.837,26.068,6798.914,6837.751,6863.819,296.0,258.0,244.0,314.0,True,HARD,15.0,True,Haas F1 Team,6768.677,2026-07-05 15:01:03.170,1,17.0,False,,False,True
6964.529,OCO,31,100.71,37.0,2.0,,,30.36,38.963,31.387,6894.179,6933.142,6964.529,293.0,251.0,170.0,295.0,False,HARD,16.0,True,Haas F1 Team,6863.819,2026-07-05 15:02:38.312,126,15.0,False,,False,False
7078.289,OCO,31,113.76,38.0,2.0,,,41.113,45.576,27.071,7005.642,7051.218,7078.289,207.0,259.0,240.0,322.0,False,HARD,17.0,True,Haas F1 Team,6964.529,2026-07-05 15:04:19.022,671,15.0,False,,False,False
7173.682,OCO,31,95.393,39.0,2.0,,,30.07,39.438,25.885,7108.359,7147.797,7173.682,303.0,260.0,245.0,322.0,False,HARD,18.0,True,Haas F1 Team,7078.289,2026-07-05 15:06:12.782,1,16.0,False,,False,True
7269.168,OCO,31,95.486,40.0,2.0,,,30.304,39.037,26.145,7203.986,7243.023,7269.168,293.0,258.0,245.0,307.0,False,HARD,19.0,True,Haas F1 Team,7173.682,2026-07-05 15:07:48.175,1,16.0,False,,False,True
7364.295,OCO,31,95.127,41.0,2.0,,,30.237,38.738,26.152,7299.405,7338.143,7364.295,295.0,257.0,245.0,305.0,True,HARD,20.0,True,Haas F1 Team,7269.168,2026-07-05 15:09:23.661,1,16.0,False,,False,True
7460.188,OCO,31,95.893,42.0,2.0,,,30.077,39.694,26.122,7394.372,7434.066,7460.188,295.0,258.0,245.0,308.0,False,HARD,21.0,True,Haas F1 Team,7364.295,2026-07-05 15:10:58.788,1,16.0,False,,False,True
7554.98,OCO,31,94.792,43.0,2.0,,,30.217,38.568,26.007,7490.405,7528.973,7554.98,295.0,260.0,245.0,310.0,True,HARD,22.0,True,Haas F1 Team,7460.188,2026-07-05 15:12:34.681,1,16.0,False,,False,True
7650.905,OCO,31,95.925,44.0,2.0,,,31.043,38.848,26.034,7586.023,7624.871,7650.905,302.0,259.0,244.0,309.0,False,HARD,23.0,True,Haas F1 Team,7554.98,2026-07-05 15:14:09.473,1,16.0,False,,False,True
7745.801,OCO,31,94.896,45.0,2.0,,,30.125,38.702,26.069,7681.03,7719.732,7745.801,295.0,261.0,243.0,309.0,False,HARD,24.0,True,Haas F1 Team,7650.905,2026-07-05 15:15:45.398,1,16.0,False,,False,True
7847.622,OCO,31,101.821,46.0,2.0,,,30.274,38.698,32.849,7776.075,7814.773,7847.622,296.0,261.0,150.0,300.0,False,HARD,25.0,True,Haas F1 Team,7745.801,2026-07-05 15:17:20.294,124,16.0,False,,False,False
7973.625,OCO,31,126.003,47.0,2.0,,7967.794,39.859,49.457,36.687,7887.481,7936.938,7973.625,248.0,216.0,,200.0,False,HARD,26.0,True,Haas F1 Team,7847.622,2026-07-05 15:19:02.115,4,15.0,False,,False,False
8119.221,OCO,31,145.596,48.0,3.0,7999.072,,58.443,50.356,36.797,8032.068,8082.424,8119.221,262.0,233.0,250.0,226.0,False,SOFT,1.0,True,Haas F1 Team,7973.625,2026-07-05 15:21:08.118,4,15.0,False,,False,False
8262.068,OCO,31,142.847,49.0,3.0,,,29.444,65.17,48.233,8148.665,8213.835,8262.068,281.0,120.0,120.0,126.0,False,SOFT,2.0,True,Haas F1 Team,8119.221,2026-07-05 15:23:33.714,4,15.0,False,,False,False
8364.157,OCO,31,102.089,50.0,3.0,,,36.199,39.366,26.524,8298.267,8337.633,8364.157,223.0,252.0,237.0,296.0,False,SOFT,3.0,True,Haas F1 Team,8262.068,2026-07-05 15:25:56.561,4,15.0,False,,False,False
8460.016,OCO,31,95.859,51.0,3.0,,,30.223,38.958,26.678,8394.38,8433.338,8460.016,286.0,250.0,245.0,293.0,False,SOFT,4.0,True,Haas F1 Team,8364.157,2026-07-05 15:27:38.650,4,15.0,False,,False,False
8576.645,OCO,31,116.629,52.0,3.0,,,30.551,54.064,32.014,8490.567,8544.631,8576.645,274.0,168.0,247.0,243.0,False,SOFT,5.0,True,Haas F1 Team,8460.016,2026-07-05 15:29:14.509,4,15.0,False,,False,False
3442.804,LIN,41,103.006,1.0,1.0,,,,41.421,26.48,,3416.539,3443.053,315.0,252.0,242.0,311.0,False,MEDIUM,1.0,True,Racing Bulls,3339.562,2026-07-05 14:03:54.055,12,9.0,False,,False,False
3539.007,LIN,41,96.203,2.0,1.0,,,30.578,39.289,26.336,3473.425,3512.714,3539.05,297.0,255.0,249.0,302.0,True,MEDIUM,2.0,True,Racing Bulls,3442.804,2026-07-05 14:05:37.297,12,9.0,False,,False,True
3634.966,LIN,41,95.959,3.0,1.0,,,30.256,39.387,26.316,3569.306,3608.693,3635.009,296.0,254.0,247.0,301.0,True,MEDIUM,3.0,True,Racing Bulls,3539.007,2026-07-05 14:07:13.500,1,9.0,False,,False,True
3730.608,LIN,41,95.642,4.0,1.0,,,30.122,39.283,26.237,3665.131,3704.414,3730.651,295.0,256.0,249.0,302.0,True,MEDIUM,4.0,True,Racing Bulls,3634.966,2026-07-05 14:08:49.459,1,9.0,False,,False,True
3826.338,LIN,41,95.73,5.0,1.0,,,30.149,39.285,26.296,3760.8,3800.085,3826.381,296.0,256.0,248.0,302.0,False,MEDIUM,5.0,True,Racing Bulls,3730.608,2026-07-05 14:10:25.101,1,9.0,False,,False,True
3922.162,LIN,41,95.824,6.0,1.0,,,30.218,39.256,26.35,3856.599,3895.855,3922.205,295.0,256.0,249.0,301.0,False,MEDIUM,6.0,True,Racing Bulls,3826.338,2026-07-05 14:12:00.831,1,9.0,False,,False,True
4018.134,LIN,41,95.972,7.0,1.0,,,30.306,39.199,26.467,3952.511,3991.71,4018.177,294.0,255.0,247.0,300.0,False,MEDIUM,7.0,True,Racing Bulls,3922.162,2026-07-05 14:13:36.655,1,9.0,False,,False,True
4114.278,LIN,41,96.144,8.0,1.0,,,30.408,39.338,26.398,4048.585,4087.923,4114.321,294.0,255.0,248.0,300.0,False,MEDIUM,8.0,True,Racing Bulls,4018.134,2026-07-05 14:15:12.627,1,9.0,False,,False,True
4210.678,LIN,41,96.4,9.0,1.0,,,30.426,39.516,26.458,4144.747,4184.263,4210.721,289.0,253.0,245.0,301.0,False,MEDIUM,9.0,True,Racing Bulls,4114.278,2026-07-05 14:16:48.771,1,9.0,False,,False,True
4306.927,LIN,41,96.249,10.0,1.0,,,30.418,39.527,26.304,4241.139,4280.666,4306.97,294.0,254.0,246.0,301.0,False,MEDIUM,10.0,True,Racing Bulls,4210.678,2026-07-05 14:18:25.171,1,9.0,False,,False,True
4403.02,LIN,41,96.093,11.0,1.0,,,30.293,39.41,26.39,4337.263,4376.673,4403.063,293.0,254.0,247.0,299.0,False,MEDIUM,11.0,True,Racing Bulls,4306.927,2026-07-05 14:20:01.420,1,9.0,False,,False,True
4498.925,LIN,41,95.905,12.0,1.0,,,30.329,39.378,26.198,4433.392,4472.77,4498.968,294.0,256.0,247.0,305.0,False,MEDIUM,12.0,True,Racing Bulls,4403.02,2026-07-05 14:21:37.513,1,9.0,False,,False,True
4595.092,LIN,41,96.167,13.0,1.0,,,30.431,39.429,26.307,4529.399,4568.828,4595.135,296.0,255.0,248.0,301.0,False,MEDIUM,13.0,True,Racing Bulls,4498.925,2026-07-05 14:23:13.418,1,9.0,False,,False,True
4690.812,LIN,41,95.72,14.0,1.0,,,30.036,39.409,26.275,4625.171,4664.58,4690.855,296.0,255.0,248.0,302.0,False,MEDIUM,14.0,True,Racing Bulls,4595.092,2026-07-05 14:24:49.585,1,9.0,False,,False,True
4786.26,LIN,41,95.448,15.0,1.0,,,30.129,39.203,26.116,4720.984,4760.187,4786.303,295.0,256.0,249.0,304.0,True,MEDIUM,15.0,True,Racing Bulls,4690.812,2026-07-05 14:26:25.305,1,9.0,False,,False,True
4882.25,LIN,41,95.99,16.0,1.0,,,30.323,39.437,26.23,4816.626,4856.063,4882.293,294.0,254.0,248.0,299.0,False,MEDIUM,16.0,True,Racing Bulls,4786.26,2026-07-05 14:28:00.753,1,9.0,False,,False,True
4978.001,LIN,41,95.751,17.0,1.0,,,30.188,39.332,26.231,4912.481,4951.813,4978.044,296.0,255.0,248.0,299.0,False,MEDIUM,17.0,True,Racing Bulls,4882.25,2026-07-05 14:29:36.743,1,9.0,False,,False,True
5073.858,LIN,41,95.857,18.0,1.0,,,30.261,39.286,26.31,5008.305,5047.591,5073.901,295.0,255.0,247.0,299.0,False,MEDIUM,18.0,True,Racing Bulls,4978.001,2026-07-05 14:31:12.494,1,9.0,False,,False,True
5169.781,LIN,41,95.923,19.0,1.0,,,30.322,39.331,26.27,5104.223,5143.554,5169.824,293.0,256.0,248.0,300.0,False,MEDIUM,19.0,True,Racing Bulls,5073.858,2026-07-05 14:32:48.351,1,9.0,False,,False,True
5265.622,LIN,41,95.841,20.0,1.0,,,30.356,39.209,26.276,5200.18,5239.389,5265.665,293.0,255.0,249.0,299.0,False,MEDIUM,20.0,True,Racing Bulls,5169.781,2026-07-05 14:34:24.274,1,8.0,False,,False,True
5361.401,LIN,41,95.779,21.0,1.0,,,30.339,39.187,26.253,5296.004,5335.191,5361.444,293.0,257.0,247.0,300.0,False,MEDIUM,21.0,True,Racing Bulls,5265.622,2026-07-05 14:36:00.115,16,8.0,False,,False,False
5468.192,LIN,41,106.791,22.0,1.0,,,40.762,39.517,26.512,5402.206,5441.723,5468.235,239.0,257.0,247.0,299.0,False,MEDIUM,22.0,True,Racing Bulls,5361.401,2026-07-05 14:37:35.894,671,8.0,False,,False,False
5564.8,LIN,41,96.608,23.0,1.0,,,30.374,39.904,26.33,5498.609,5538.513,5564.843,294.0,257.0,248.0,305.0,False,MEDIUM,23.0,True,Racing Bulls,5468.192,2026-07-05 14:39:22.685,1,9.0,False,,False,True
5660.323,LIN,41,95.523,24.0,1.0,,,30.24,39.132,26.151,5595.083,5634.215,5660.366,297.0,256.0,248.0,301.0,False,MEDIUM,24.0,True,Racing Bulls,5564.8,2026-07-05 14:40:59.293,1,9.0,False,,False,True
5756.143,LIN,41,95.82,25.0,1.0,,,30.156,39.293,26.371,5690.522,5729.815,5756.186,296.0,258.0,247.0,310.0,False,MEDIUM,25.0,True,Racing Bulls,5660.323,2026-07-05 14:42:34.816,1,9.0,False,,False,True
5851.666,LIN,41,95.523,26.0,1.0,,,30.103,39.241,26.179,5786.289,5825.53,5851.709,298.0,260.0,249.0,312.0,False,MEDIUM,26.0,True,Racing Bulls,5756.143,2026-07-05 14:44:10.636,1,9.0,False,,False,True
5946.248,LIN,41,94.582,27.0,1.0,,5940.334,30.168,39.137,25.277,5881.877,5921.014,5946.291,295.0,259.0,,303.0,False,MEDIUM,27.0,True,Racing Bulls,5851.666,2026-07-05 14:45:46.159,1,9.0,False,,False,False
6061.562,LIN,41,115.314,28.0,2.0,5969.334,,51.402,38.415,25.497,5997.693,6036.108,6061.605,291.0,264.0,255.0,302.0,False,HARD,1.0,True,Racing Bulls,5946.248,2026-07-05 14:47:20.741,1,9.0,False,,False,False
6155.194,LIN,41,93.632,29.0,2.0,,,29.688,38.382,25.562,6091.293,6129.675,6155.237,294.0,262.0,254.0,304.0,True,HARD,2.0,True,Racing Bulls,6061.562,2026-07-05 14:49:16.055,1,9.0,False,,False,True
6249.122,LIN,41,93.928,30.0,2.0,,,29.809,38.237,25.882,6185.046,6223.283,6249.165,295.0,262.0,251.0,307.0,False,HARD,3.0,True,Racing Bulls,6155.194,2026-07-05 14:50:49.687,1,9.0,False,,False,True
6342.87,LIN,41,93.748,31.0,2.0,,,29.775,38.453,25.52,6278.94,6317.393,6342.913,298.0,261.0,254.0,311.0,False,HARD,4.0,True,Racing Bulls,6249.122,2026-07-05 14:52:23.615,1,9.0,False,,False,True
6436.789,LIN,41,93.919,32.0,2.0,,,29.611,38.599,25.709,6372.524,6411.123,6436.832,304.0,260.0,252.0,307.0,False,HARD,5.0,True,Racing Bulls,6342.87,2026-07-05 14:53:57.363,1,9.0,False,,False,True
6530.642,LIN,41,93.853,33.0,2.0,,,29.71,38.46,25.683,6466.542,6505.002,6530.685,303.0,260.0,249.0,331.0,False,HARD,6.0,True,Racing Bulls,6436.789,2026-07-05 14:55:31.282,1,9.0,False,,False,True
6624.716,LIN,41,94.074,34.0,2.0,,,29.932,38.412,25.73,6560.617,6599.029,6624.759,299.0,261.0,251.0,308.0,False,HARD,7.0,True,Racing Bulls,6530.642,2026-07-05 14:57:05.135,1,9.0,False,,False,True
6718.874,LIN,41,94.158,35.0,2.0,,,29.88,38.494,25.784,6654.639,6693.133,6718.917,298.0,260.0,252.0,308.0,False,HARD,8.0,True,Racing Bulls,6624.716,2026-07-05 14:58:39.209,1,9.0,False,,False,True
6813.254,LIN,41,94.38,36.0,2.0,,,29.914,38.813,25.653,6748.831,6787.644,6813.297,297.0,260.0,253.0,306.0,False,HARD,9.0,True,Racing Bulls,6718.874,2026-07-05 15:00:13.367,1,9.0,False,,False,True
6907.501,LIN,41,94.247,37.0,2.0,,,29.805,38.626,25.816,6843.102,6881.728,6907.544,297.0,261.0,250.0,306.0,False,HARD,10.0,True,Racing Bulls,6813.254,2026-07-05 15:01:47.747,1,9.0,False,,False,True
7021.028,LIN,41,113.527,38.0,2.0,,,29.859,52.78,30.888,6937.403,6990.183,7021.071,299.0,233.0,124.0,253.0,False,HARD,11.0,True,Racing Bulls,6907.501,2026-07-05 15:03:21.994,1267,9.0,False,,False,False
7118.243,LIN,41,97.215,39.0,2.0,,,33.307,38.294,25.614,7054.378,7092.672,7118.286,298.0,264.0,251.0,309.0,False,HARD,12.0,True,Racing Bulls,7021.028,2026-07-05 15:05:15.521,71,9.0,False,,False,False
7212.379,LIN,41,94.136,40.0,2.0,,,29.795,38.487,25.854,7148.081,7186.568,7212.422,293.0,261.0,253.0,301.0,False,HARD,13.0,True,Racing Bulls,7118.243,2026-07-05 15:06:52.736,1,9.0,False,,False,True
7306.748,LIN,41,94.369,41.0,2.0,,,30.105,38.45,25.814,7242.527,7280.977,7306.791,295.0,263.0,252.0,303.0,False,HARD,14.0,True,Racing Bulls,7212.379,2026-07-05 15:08:26.872,1,9.0,False,,False,True
7400.858,LIN,41,94.11,42.0,2.0,,,29.775,38.617,25.718,7336.566,7375.183,7400.901,298.0,262.0,252.0,304.0,False,HARD,15.0,True,Racing Bulls,7306.748,2026-07-05 15:10:01.241,1,9.0,False,,False,True
7495.434,LIN,41,94.576,43.0,2.0,,,29.834,38.772,25.97,7430.735,7469.507,7495.477,296.0,261.0,252.0,304.0,False,HARD,16.0,True,Racing Bulls,7400.858,2026-07-05 15:11:35.351,1,9.0,False,,False,True
7589.761,LIN,41,94.327,44.0,2.0,,,29.943,38.617,25.767,7525.42,7564.037,7589.804,295.0,262.0,254.0,302.0,False,HARD,17.0,True,Racing Bulls,7495.434,2026-07-05 15:13:09.927,1,8.0,False,,False,True
7683.8,LIN,41,94.039,45.0,2.0,,,29.801,38.441,25.797,7619.605,7658.046,7683.843,295.0,262.0,253.0,302.0,False,HARD,18.0,True,Racing Bulls,7589.761,2026-07-05 15:14:44.254,1,8.0,False,,False,True
7778.057,LIN,41,94.257,46.0,2.0,,,29.864,38.52,25.873,7713.707,7752.227,7778.1,294.0,261.0,253.0,300.0,False,HARD,19.0,True,Racing Bulls,7683.8,2026-07-05 15:16:18.293,1,8.0,False,,False,True
7882.822,LIN,41,104.765,47.0,2.0,,7876.921,29.848,42.858,32.059,7807.948,7850.806,7882.865,295.0,230.0,,184.0,False,HARD,20.0,True,Racing Bulls,7778.057,2026-07-05 15:17:52.550,124,7.0,False,,False,False
8028.473,LIN,41,145.651,48.0,3.0,7909.002,,59.817,51.559,34.275,7942.682,7994.241,8028.516,185.0,172.0,197.0,192.0,False,SOFT,4.0,False,Racing Bulls,7882.822,2026-07-05 15:19:37.315,4,7.0,False,,False,False
8134.742,LIN,41,106.269,49.0,3.0,,,33.015,41.596,31.658,8061.531,8103.127,8134.785,251.0,246.0,238.0,266.0,False,SOFT,5.0,False,Racing Bulls,8028.473,2026-07-05 15:22:02.966,4,7.0,False,,False,False
8268.649,LIN,41,133.907,50.0,3.0,,,31.788,52.922,49.197,8166.573,8219.495,8268.692,253.0,96.0,79.0,225.0,False,SOFT,6.0,False,Racing Bulls,8134.742,2026-07-05 15:23:49.235,4,7.0,False,,False,False
8431.976,LIN,41,,51.0,3.0,,,52.44,67.38,43.407,8321.374,8388.675,8432.096,99.0,112.0,144.0,152.0,False,SOFT,7.0,False,Racing Bulls,8268.649,2026-07-05 15:26:03.142,4,7.0,False,,False,False
8573.447,LIN,41,141.471,52.0,3.0,,,46.462,59.957,35.052,8478.481,8538.438,8573.49,197.0,124.0,229.0,234.0,False,SOFT,8.0,False,Racing Bulls,8431.976,2026-07-05 15:28:46.469,4,7.0,False,,False,False
3445.972,COL,43,106.174,1.0,1.0,,,,42.015,27.603,,3418.647,3446.155,318.0,262.0,224.0,334.0,False,MEDIUM,1.0,True,Alpine,3339.562,2026-07-05 14:03:54.055,12,16.0,False,,False,False
3543.177,COL,43,97.205,2.0,1.0,,,31.003,40.014,26.188,3477.066,3517.08,3543.268,320.0,258.0,234.0,328.0,True,MEDIUM,2.0,True,Alpine,3445.972,2026-07-05 14:05:40.465,12,14.0,False,,False,True
3639.854,COL,43,96.677,3.0,1.0,,,30.948,39.167,26.562,3574.216,3613.383,3639.945,293.0,253.0,244.0,307.0,True,MEDIUM,3.0,True,Alpine,3543.177,2026-07-05 14:07:17.670,1,14.0,False,,False,True
3736.165,COL,43,96.311,4.0,1.0,,,30.338,39.441,26.532,3670.283,3709.724,3736.256,305.0,251.0,237.0,337.0,True,MEDIUM,4.0,True,Alpine,3639.854,2026-07-05 14:08:54.347,1,14.0,False,,False,True
3832.859,COL,43,96.694,5.0,1.0,,,30.458,39.883,26.353,3766.714,3806.597,3832.95,305.0,254.0,231.0,343.0,False,MEDIUM,5.0,True,Alpine,3736.165,2026-07-05 14:10:30.658,1,13.0,False,,False,True
3929.978,COL,43,97.119,6.0,1.0,,,30.891,39.401,26.827,3863.841,3903.242,3930.069,300.0,251.0,239.0,302.0,False,MEDIUM,6.0,True,Alpine,3832.859,2026-07-05 14:12:07.352,1,13.0,False,,False,True
4026.437,COL,43,96.459,7.0,1.0,,,30.477,39.405,26.577,3960.546,3999.951,4026.528,301.0,257.0,235.0,323.0,False,MEDIUM,7.0,True,Alpine,3929.978,2026-07-05 14:13:44.471,1,13.0,False,,False,True
4123.645,COL,43,97.208,8.0,1.0,,,30.754,39.67,26.784,4057.282,4096.952,4123.736,304.0,256.0,233.0,327.0,False,MEDIUM,8.0,True,Alpine,4026.437,2026-07-05 14:15:20.930,1,13.0,False,,False,True
4220.193,COL,43,96.548,9.0,1.0,,,30.853,39.535,26.16,4154.589,4194.124,4220.284,310.0,256.0,233.0,340.0,False,MEDIUM,9.0,True,Alpine,4123.645,2026-07-05 14:16:58.138,1,12.0,False,,False,True
4317.661,COL,43,97.468,10.0,1.0,,,31.278,39.471,26.719,4251.562,4291.033,4317.752,315.0,254.0,238.0,308.0,False,MEDIUM,10.0,True,Alpine,4220.193,2026-07-05 14:18:34.686,1,12.0,False,,False,True
4414.138,COL,43,96.477,11.0,1.0,,,30.956,39.259,26.262,4348.708,4387.967,4414.229,286.0,255.0,234.0,319.0,False,MEDIUM,11.0,True,Alpine,4317.661,2026-07-05 14:20:12.154,1,12.0,False,,False,True
4510.981,COL,43,96.843,12.0,1.0,,,30.985,39.144,26.714,4445.214,4484.358,4511.072,295.0,251.0,242.0,298.0,False,MEDIUM,12.0,True,Alpine,4414.138,2026-07-05 14:21:48.631,1,12.0,False,,False,True
4607.054,COL,43,96.073,13.0,1.0,,,30.349,39.108,26.616,4541.421,4580.529,4607.145,296.0,251.0,243.0,300.0,True,MEDIUM,13.0,True,Alpine,4510.981,2026-07-05 14:23:25.474,1,12.0,False,,False,True
4702.971,COL,43,95.917,14.0,1.0,,,30.205,39.127,26.585,4637.35,4676.477,4703.062,298.0,252.0,242.0,302.0,True,MEDIUM,14.0,True,Alpine,4607.054,2026-07-05 14:25:01.547,1,12.0,False,,False,True
4798.828,COL,43,95.857,15.0,1.0,,,30.326,39.06,26.471,4733.388,4772.448,4798.919,297.0,252.0,241.0,300.0,True,MEDIUM,15.0,True,Alpine,4702.971,2026-07-05 14:26:37.464,1,12.0,False,,False,True
4895.407,COL,43,96.579,16.0,1.0,,,30.454,39.387,26.738,4829.373,4868.76,4895.498,302.0,249.0,241.0,294.0,False,MEDIUM,16.0,True,Alpine,4798.828,2026-07-05 14:28:13.321,1,12.0,False,,False,True
4991.646,COL,43,96.239,17.0,1.0,,,30.153,39.376,26.71,4925.651,4965.027,4991.737,302.0,251.0,241.0,295.0,False,MEDIUM,17.0,True,Alpine,4895.407,2026-07-05 14:29:49.900,1,12.0,False,,False,True
5087.894,COL,43,96.248,18.0,1.0,,,30.324,39.11,26.814,5022.061,5061.171,5087.985,299.0,252.0,244.0,296.0,False,MEDIUM,18.0,True,Alpine,4991.646,2026-07-05 14:31:26.139,1,12.0,False,,False,True
5183.966,COL,43,96.072,19.0,1.0,,,30.352,39.187,26.533,5118.337,5157.524,5184.057,298.0,252.0,243.0,297.0,False,MEDIUM,19.0,True,Alpine,5087.894,2026-07-05 14:33:02.387,1,12.0,False,,False,True
5279.746,COL,43,95.78,20.0,1.0,,,30.292,39.044,26.444,5214.349,5253.393,5279.837,300.0,251.0,244.0,297.0,True,MEDIUM,20.0,True,Alpine,5183.966,2026-07-05 14:34:38.459,1,12.0,False,,False,True
5380.214,COL,43,100.468,21.0,1.0,,,30.094,38.959,31.415,5309.931,5348.89,5380.305,305.0,253.0,187.0,298.0,False,MEDIUM,21.0,True,Alpine,5279.746,2026-07-05 14:36:14.239,16,12.0,False,,False,False
5479.517,COL,43,99.303,22.0,1.0,,5473.599,34.376,39.202,25.725,5414.681,5453.883,5479.608,302.0,252.0,,309.0,False,MEDIUM,22.0,True,Alpine,5380.214,2026-07-05 14:37:54.707,671,12.0,False,,False,False
5596.261,COL,43,116.744,23.0,2.0,5503.006,,51.716,38.626,26.402,5531.324,5569.95,5596.352,302.0,250.0,237.0,325.0,False,HARD,1.0,True,Alpine,5479.517,2026-07-05 14:39:34.010,1,13.0,False,,False,False
5690.973,COL,43,94.712,24.0,2.0,,,30.133,38.456,26.123,5626.485,5664.941,5691.064,306.0,255.0,251.0,295.0,True,HARD,2.0,True,Alpine,5596.261,2026-07-05 14:41:30.754,1,11.0,False,,False,True
5785.254,COL,43,94.281,25.0,2.0,,,29.79,38.442,26.049,5720.854,5759.296,5785.345,295.0,254.0,249.0,298.0,True,HARD,3.0,True,Alpine,5690.973,2026-07-05 14:43:05.466,1,11.0,False,,False,True
5879.966,COL,43,94.712,26.0,2.0,,,29.828,38.509,26.375,5815.173,5853.682,5880.057,302.0,254.0,246.0,296.0,False,HARD,4.0,True,Alpine,5785.254,2026-07-05 14:44:39.747,1,11.0,False,,False,True
5974.576,COL,43,94.61,27.0,2.0,,,29.909,38.519,26.182,5909.966,5948.485,5974.667,303.0,256.0,246.0,299.0,False,HARD,5.0,True,Alpine,5879.966,2026-07-05 14:46:14.459,1,11.0,False,,False,True
6069.228,COL,43,94.652,28.0,2.0,,,29.848,38.628,26.176,6004.515,6043.143,6069.319,303.0,257.0,248.0,299.0,False,HARD,6.0,True,Alpine,5974.576,2026-07-05 14:47:49.069,1,11.0,False,,False,True
6164.096,COL,43,94.868,29.0,2.0,,,29.94,38.619,26.309,6099.259,6137.878,6164.187,305.0,253.0,247.0,296.0,False,HARD,7.0,True,Alpine,6069.228,2026-07-05 14:49:23.721,1,11.0,False,,False,True
6258.84,COL,43,94.744,30.0,2.0,,,30.023,38.543,26.178,6194.21,6232.753,6258.931,303.0,253.0,248.0,297.0,False,HARD,8.0,True,Alpine,6164.096,2026-07-05 14:50:58.589,1,11.0,False,,False,True
6353.857,COL,43,95.017,31.0,2.0,,,30.046,38.636,26.335,6288.977,6327.613,6353.948,303.0,252.0,246.0,298.0,False,HARD,9.0,True,Alpine,6258.84,2026-07-05 14:52:33.333,1,11.0,False,,False,True
6450.124,COL,43,96.267,32.0,2.0,,,30.715,39.063,26.489,6384.663,6423.726,6450.215,300.0,251.0,245.0,297.0,False,HARD,10.0,True,Alpine,6353.857,2026-07-05 14:54:08.350,1,11.0,True,TRACK LIMITS AT TURN 1 LAP 32 ,False,True
6545.443,COL,43,95.319,33.0,2.0,,,30.138,38.855,26.326,6480.353,6519.208,6545.534,299.0,252.0,242.0,300.0,False,HARD,11.0,True,Alpine,6450.124,2026-07-05 14:55:44.617,1,11.0,False,,False,True
6641.15,COL,43,95.707,34.0,2.0,,,30.13,39.29,26.287,6575.664,6614.954,6641.241,301.0,251.0,247.0,310.0,False,HARD,12.0,True,Alpine,6545.443,2026-07-05 14:57:19.936,1,11.0,False,,False,True
6736.608,COL,43,95.458,35.0,2.0,,,30.347,38.595,26.516,6671.588,6710.183,6736.699,295.0,252.0,245.0,299.0,False,HARD,13.0,True,Alpine,6641.15,2026-07-05 14:58:55.643,1,11.0,False,,False,True
6831.745,COL,43,95.137,36.0,2.0,,,29.984,38.842,26.311,6766.683,6805.525,6831.836,307.0,251.0,247.0,296.0,False,HARD,14.0,True,Alpine,6736.608,2026-07-05 15:00:31.101,1,11.0,False,,False,True
6926.504,COL,43,94.759,37.0,2.0,,,30.013,38.559,26.187,6861.849,6900.408,6926.595,302.0,254.0,247.0,298.0,False,HARD,15.0,True,Alpine,6831.745,2026-07-05 15:02:06.238,12,11.0,False,,False,True
7043.853,COL,43,117.349,38.0,2.0,,,36.498,49.303,31.548,6963.093,7012.396,7043.944,231.0,202.0,249.0,196.0,False,HARD,16.0,True,Alpine,6926.504,2026-07-05 15:03:40.997,2671,11.0,False,,False,False
7138.462,COL,43,94.609,39.0,2.0,,,29.991,38.449,26.169,7073.935,7112.384,7138.553,302.0,254.0,249.0,295.0,False,HARD,17.0,True,Alpine,7043.853,2026-07-05 15:05:38.346,1,11.0,False,,False,True
7233.227,COL,43,94.765,40.0,2.0,,,30.041,38.584,26.14,7168.594,7207.178,7233.318,303.0,254.0,246.0,296.0,False,HARD,18.0,True,Alpine,7138.462,2026-07-05 15:07:12.955,1,11.0,False,,False,True
7327.945,COL,43,94.718,41.0,2.0,,,29.866,38.544,26.308,7263.184,7301.728,7328.036,304.0,254.0,243.0,297.0,False,HARD,19.0,True,Alpine,7233.227,2026-07-05 15:08:47.720,1,11.0,False,,False,True
7422.569,COL,43,94.624,42.0,2.0,,,29.891,38.505,26.228,7357.927,7396.432,7422.66,303.0,255.0,249.0,297.0,False,HARD,20.0,True,Alpine,7327.945,2026-07-05 15:10:22.438,1,11.0,False,,False,True
7517.354,COL,43,94.785,43.0,2.0,,,29.957,38.566,26.262,7452.617,7491.183,7517.445,305.0,254.0,249.0,297.0,False,HARD,21.0,True,Alpine,7422.569,2026-07-05 15:11:57.062,1,11.0,False,,False,True
7611.786,COL,43,94.432,44.0,2.0,,,29.901,38.509,26.022,7547.346,7585.855,7611.877,310.0,255.0,241.0,314.0,False,HARD,22.0,True,Alpine,7517.354,2026-07-05 15:13:31.847,1,11.0,False,,False,True
7706.351,COL,43,94.565,45.0,2.0,,,29.924,38.478,26.163,7641.801,7680.279,7706.442,308.0,256.0,245.0,312.0,False,HARD,23.0,True,Alpine,7611.786,2026-07-05 15:15:06.279,1,11.0,False,,False,True
7801.221,COL,43,94.87,46.0,2.0,,,30.119,38.559,26.192,7736.561,7775.12,7801.312,299.0,256.0,247.0,299.0,False,HARD,24.0,True,Alpine,7706.351,2026-07-05 15:16:40.844,1,11.0,False,,False,True
7913.331,COL,43,112.11,47.0,2.0,,7907.432,29.78,51.34,30.99,7831.092,7882.432,7913.422,318.0,226.0,,206.0,False,HARD,25.0,True,Alpine,7801.221,2026-07-05 15:18:15.714,124,10.0,False,,False,False
8055.822,COL,43,142.491,48.0,3.0,7936.939,,58.083,51.961,32.447,7971.505,8023.466,8055.913,260.0,190.0,249.0,182.0,False,SOFT,1.0,True,Alpine,7913.331,2026-07-05 15:20:07.824,4,11.0,False,,False,False
8162.02,COL,43,106.198,49.0,3.0,,,33.85,43.147,29.201,8089.763,8132.91,8162.111,276.0,242.0,245.0,237.0,False,SOFT,2.0,True,Alpine,8055.822,2026-07-05 15:22:30.315,4,10.0,False,,False,False
8271.776,COL,43,109.756,50.0,3.0,,,31.164,41.839,36.753,8193.275,8235.114,8271.867,275.0,243.0,97.0,239.0,False,SOFT,3.0,True,Alpine,8162.02,2026-07-05 15:24:16.513,4,10.0,False,,False,False
8434.462,COL,43,,51.0,3.0,,,51.668,67.489,43.47,8323.699,8391.112,8434.614,165.0,100.0,144.0,153.0,False,SOFT,4.0,True,Alpine,8271.776,2026-07-05 15:26:06.269,4,10.0,False,,False,False
8574.421,COL,43,139.959,52.0,3.0,,,47.032,58.794,34.133,8481.585,8540.379,8574.512,195.0,139.0,243.0,243.0,False,SOFT,5.0,True,Alpine,8434.462,2026-07-05 15:28:48.955,4,10.0,False,,False,False
3436.71,HAM,44,96.912,1.0,1.0,,,,38.368,25.814,,3411.064,3436.871,307.0,258.0,244.0,311.0,False,MEDIUM,1.0,True,Ferrari,3339.562,2026-07-05 14:03:54.055,12,2.0,False,,False,False
3530.936,HAM,44,94.226,2.0,1.0,,,29.917,38.564,25.745,3466.708,3505.272,3531.017,314.0,259.0,246.0,316.0,True,MEDIUM,2.0,True,Ferrari,3436.71,2026-07-05 14:05:31.203,12,2.0,False,,False,True
3624.986,HAM,44,94.05,3.0,1.0,,,29.71,38.461,25.879,3560.727,3599.188,3625.067,315.0,256.0,245.0,312.0,True,MEDIUM,3.0,True,Ferrari,3530.936,2026-07-05 14:07:05.429,1,2.0,False,,False,True
3718.929,HAM,44,93.943,4.0,1.0,,,29.722,38.638,25.583,3654.789,3693.427,3719.01,316.0,257.0,245.0,309.0,True,MEDIUM,4.0,True,Ferrari,3624.986,2026-07-05 14:08:39.479,1,2.0,False,,False,True
3813.684,HAM,44,94.755,5.0,1.0,,,29.928,38.708,26.119,3748.938,3787.646,3813.765,313.0,254.0,245.0,302.0,False,MEDIUM,5.0,True,Ferrari,3718.929,2026-07-05 14:10:13.422,1,2.0,False,,False,True
3908.356,HAM,44,94.672,6.0,1.0,,,29.986,38.613,26.073,3843.751,3882.364,3908.437,313.0,255.0,244.0,301.0,False,MEDIUM,6.0,True,Ferrari,3813.684,2026-07-05 14:11:48.177,1,2.0,False,,False,True
4003.091,HAM,44,94.735,7.0,1.0,,,30.09,38.667,25.978,3938.527,3977.194,4003.172,310.0,256.0,244.0,303.0,False,MEDIUM,7.0,True,Ferrari,3908.356,2026-07-05 14:13:22.849,1,2.0,False,,False,True
4097.742,HAM,44,94.651,8.0,1.0,,,30.132,38.561,25.958,4033.304,4071.865,4097.823,307.0,253.0,244.0,298.0,False,MEDIUM,8.0,True,Ferrari,4003.091,2026-07-05 14:14:57.584,1,2.0,False,,False,True
4192.751,HAM,44,95.009,9.0,1.0,,,30.285,38.762,25.962,4128.108,4166.87,4192.832,305.0,255.0,243.0,303.0,False,MEDIUM,9.0,True,Ferrari,4097.742,2026-07-05 14:16:32.235,1,2.0,False,,False,True
4287.737,HAM,44,94.986,10.0,1.0,,,30.285,38.789,25.912,,4261.906,4287.818,305.0,253.0,244.0,304.0,False,MEDIUM,10.0,True,Ferrari,4192.751,2026-07-05 14:18:07.244,1,2.0,False,,False,True
4383.478,HAM,44,95.741,11.0,1.0,,,30.22,39.436,26.085,4318.038,4357.474,4383.559,305.0,256.0,242.0,315.0,False,MEDIUM,11.0,True,Ferrari,4287.737,2026-07-05 14:19:42.230,1,3.0,False,,False,True
4478.119,HAM,44,94.641,12.0,1.0,,,29.981,38.926,25.734,4413.54,4452.466,4478.2,312.0,256.0,241.0,319.0,False,MEDIUM,12.0,True,Ferrari,4383.478,2026-07-05 14:21:17.971,1,3.0,False,,False,True
4572.897,HAM,44,94.778,13.0,1.0,,,30.167,38.887,25.724,4508.367,4547.254,4572.978,313.0,256.0,243.0,316.0,False,MEDIUM,13.0,True,Ferrari,4478.119,2026-07-05 14:22:52.612,1,3.0,False,,False,True
4667.328,HAM,44,94.431,14.0,1.0,,,29.924,38.761,25.746,4602.902,4641.663,4667.409,316.0,256.0,243.0,311.0,False,MEDIUM,14.0,True,Ferrari,4572.897,2026-07-05 14:24:27.390,1,3.0,False,,False,True
4762.089,HAM,44,94.761,15.0,1.0,,,29.826,38.697,26.238,4697.235,4735.932,4762.17,311.0,251.0,245.0,294.0,False,MEDIUM,15.0,True,Ferrari,4667.328,2026-07-05 14:26:01.821,1,3.0,False,,False,True
4857.461,HAM,44,95.372,16.0,1.0,,,30.081,38.762,26.529,4792.251,4831.013,4857.542,307.0,251.0,243.0,296.0,False,MEDIUM,16.0,True,Ferrari,4762.089,2026-07-05 14:27:36.582,1,3.0,False,,False,True
4952.568,HAM,44,95.107,17.0,1.0,,,30.268,38.763,26.076,4887.81,4926.573,4952.649,305.0,254.0,245.0,300.0,False,MEDIUM,17.0,True,Ferrari,4857.461,2026-07-05 14:29:11.954,1,3.0,False,,False,True
5047.455,HAM,44,94.887,18.0,1.0,,,30.034,38.79,26.063,4982.683,5021.473,5047.536,306.0,255.0,245.0,304.0,False,MEDIUM,18.0,True,Ferrari,4952.568,2026-07-05 14:30:47.061,1,3.0,False,,False,True
5142.061,HAM,44,94.606,19.0,1.0,,,30.08,38.473,26.053,5077.616,5116.089,5142.142,305.0,257.0,244.0,303.0,False,MEDIUM,19.0,True,Ferrari,5047.455,2026-07-05 14:32:21.948,1,3.0,False,,False,True
5236.456,HAM,44,94.395,20.0,1.0,,,30.099,38.447,25.849,5172.241,5210.688,5236.537,304.0,259.0,245.0,307.0,False,MEDIUM,20.0,True,Ferrari,5142.061,2026-07-05 14:33:56.554,1,3.0,False,,False,True
5331.257,HAM,44,94.801,21.0,1.0,,,29.975,38.727,26.099,5266.512,5305.239,5331.338,314.0,256.0,243.0,304.0,False,MEDIUM,21.0,True,Ferrari,5236.456,2026-07-05 14:35:30.949,1,3.0,False,,False,True
5435.904,HAM,44,104.647,22.0,1.0,,,30.085,48.792,25.77,5361.423,5410.215,5435.985,302.0,259.0,245.0,307.0,False,MEDIUM,22.0,True,Ferrari,5331.257,2026-07-05 14:37:05.750,167,3.0,False,,False,False
5530.149,HAM,44,94.245,23.0,1.0,,5524.292,30.077,38.305,25.863,5466.062,5504.367,5530.23,303.0,255.0,,300.0,False,MEDIUM,23.0,True,Ferrari,5435.904,2026-07-05 14:38:50.397,1,3.0,False,,False,False
5649.845,HAM,44,119.696,24.0,2.0,5559.19,,56.458,37.899,25.339,5586.688,5624.587,5649.926,296.0,259.0,252.0,307.0,False,HARD,1.0,True,Ferrari,5530.149,2026-07-05 14:40:24.642,1,6.0,False,,False,False
5742.154,HAM,44,92.309,25.0,2.0,,,28.967,37.735,25.607,5678.893,5716.628,5742.235,316.0,253.0,247.0,307.0,True,HARD,2.0,True,Ferrari,5649.845,2026-07-05 14:42:24.338,1,6.0,False,,False,True
5834.821,HAM,44,92.667,26.0,2.0,,,29.465,37.806,25.396,5771.7,5809.506,5834.902,318.0,264.0,247.0,322.0,False,HARD,3.0,True,Ferrari,5742.154,2026-07-05 14:43:56.647,1,6.0,False,,False,True
5927.737,HAM,44,92.916,27.0,2.0,,,29.511,38.123,25.282,5864.413,5902.536,5927.818,322.0,263.0,245.0,326.0,False,HARD,4.0,True,Ferrari,5834.821,2026-07-05 14:45:29.314,1,6.0,False,,False,True
6020.659,HAM,44,92.922,28.0,2.0,,,29.538,37.801,25.583,5957.356,5995.157,6020.74,323.0,263.0,245.0,327.0,False,HARD,5.0,True,Ferrari,5927.737,2026-07-05 14:47:02.230,1,6.0,False,,False,True
6115.406,HAM,44,94.747,29.0,2.0,,,29.684,38.638,26.425,6050.424,6089.062,6115.487,322.0,242.0,245.0,300.0,False,HARD,6.0,True,Ferrari,6020.659,2026-07-05 14:48:35.152,1,5.0,False,,False,True
6208.613,HAM,44,93.207,30.0,2.0,,,29.647,37.983,25.577,6145.134,6183.117,6208.694,322.0,262.0,244.0,339.0,False,HARD,7.0,True,Ferrari,6115.406,2026-07-05 14:50:09.899,1,5.0,False,,False,True
6303.351,HAM,44,94.738,31.0,2.0,,,29.786,38.735,26.217,6238.48,6277.215,6303.432,331.0,248.0,246.0,301.0,False,HARD,8.0,True,Ferrari,6208.613,2026-07-05 14:51:43.106,1,5.0,False,,False,True
6397.097,HAM,44,93.746,32.0,2.0,,,29.808,38.157,25.781,6333.24,6371.397,6397.178,314.0,258.0,245.0,313.0,False,HARD,9.0,True,Ferrari,6303.351,2026-07-05 14:53:17.844,1,5.0,False,,False,True
6490.979,HAM,44,93.882,33.0,2.0,,,29.969,38.265,25.648,6427.147,6465.412,6491.06,317.0,258.0,243.0,317.0,False,HARD,10.0,True,Ferrari,6397.097,2026-07-05 14:54:51.590,1,5.0,False,,False,True
6584.875,HAM,44,93.896,34.0,2.0,,,29.79,38.469,25.637,6520.85,6559.319,6584.956,326.0,261.0,241.0,351.0,False,HARD,11.0,True,Ferrari,6490.979,2026-07-05 14:56:25.472,1,5.0,False,,False,True
6678.909,HAM,44,94.034,35.0,2.0,,,29.803,38.349,25.882,6614.759,6653.108,6678.99,315.0,260.0,245.0,328.0,False,HARD,12.0,True,Ferrari,6584.875,2026-07-05 14:57:59.368,1,4.0,False,,False,True
6772.902,HAM,44,93.993,36.0,2.0,,,29.841,38.473,25.679,6708.831,6747.304,6772.983,317.0,257.0,246.0,321.0,False,HARD,13.0,True,Ferrari,6678.909,2026-07-05 14:59:33.402,1,4.0,False,,False,True
6866.64,HAM,44,93.738,37.0,2.0,,,29.59,38.11,26.038,6802.573,6840.683,6866.721,321.0,258.0,237.0,333.0,False,HARD,14.0,True,Ferrari,6772.902,2026-07-05 15:01:07.395,1,4.0,False,,False,True
6965.934,HAM,44,99.294,38.0,2.0,,,29.884,38.13,31.28,6896.605,6934.735,6966.015,319.0,261.0,160.0,316.0,False,HARD,15.0,True,Ferrari,6866.64,2026-07-05 15:02:41.133,126,4.0,False,,False,False
7077.528,HAM,44,111.594,39.0,2.0,,,40.239,46.045,25.31,7006.254,7052.299,7077.609,215.0,260.0,249.0,331.0,False,HARD,16.0,True,Ferrari,6965.934,2026-07-05 15:04:20.427,671,3.0,False,,False,False
7171.27,HAM,44,93.742,40.0,2.0,,,29.533,38.363,25.846,7107.142,7145.505,7171.351,313.0,259.0,247.0,299.0,False,HARD,17.0,True,Ferrari,7077.528,2026-07-05 15:06:12.021,1,3.0,False,,False,True
7264.691,HAM,44,93.421,41.0,2.0,,,30.021,38.018,25.382,7201.372,7239.39,7264.772,306.0,259.0,250.0,308.0,False,HARD,18.0,True,Ferrari,7171.27,2026-07-05 15:07:45.763,1,3.0,False,,False,True
7358.028,HAM,44,93.337,42.0,2.0,,,29.462,37.99,25.885,7294.234,7332.224,7358.109,310.0,255.0,247.0,298.0,False,HARD,19.0,True,Ferrari,7264.691,2026-07-05 15:09:19.184,1,2.0,False,,False,True
7451.057,HAM,44,93.029,43.0,2.0,,,29.611,37.907,25.511,7387.72,7425.627,7451.138,312.0,260.0,247.0,309.0,False,HARD,20.0,True,Ferrari,7358.028,2026-07-05 15:10:52.521,1,2.0,False,,False,True
7544.099,HAM,44,93.042,44.0,2.0,,,29.57,37.819,25.653,7480.708,7518.527,7544.18,313.0,260.0,245.0,318.0,False,HARD,21.0,True,Ferrari,7451.057,2026-07-05 15:12:25.550,1,2.0,False,,False,True
7636.882,HAM,44,92.783,45.0,2.0,,,29.587,37.899,25.297,7573.767,7611.666,7636.963,311.0,261.0,248.0,312.0,False,HARD,22.0,True,Ferrari,7544.099,2026-07-05 15:13:58.592,1,2.0,False,,False,True
7729.855,HAM,44,92.973,46.0,2.0,,,29.566,37.842,25.565,7666.529,7704.371,7729.936,313.0,260.0,246.0,301.0,False,HARD,23.0,True,Ferrari,7636.882,2026-07-05 15:15:31.375,1,2.0,False,,False,True
7822.915,HAM,44,93.06,47.0,2.0,,,29.764,37.896,25.4,7759.7,7797.596,7822.996,309.0,261.0,248.0,307.0,False,HARD,24.0,True,Ferrari,7729.855,2026-07-05 15:17:04.348,12,2.0,False,,False,True
7944.67,HAM,44,121.755,48.0,2.0,,7938.858,39.405,48.611,33.739,7862.401,7911.012,7944.751,231.0,179.0,,221.0,False,HARD,25.0,True,Ferrari,7822.915,2026-07-05 15:18:37.408,24,2.0,False,,False,False
8093.836,HAM,44,149.166,49.0,3.0,7967.572,,59.472,50.406,39.288,8004.223,8054.629,8093.917,216.0,179.0,252.0,252.0,False,SOFT,4.0,False,Ferrari,7944.67,2026-07-05 15:20:39.163,4,3.0,False,,False,False
8257.546,HAM,44,,50.0,3.0,,,45.015,70.398,48.231,8138.998,8209.479,8257.706,141.0,87.0,97.0,80.0,False,SOFT,5.0,False,Ferrari,8093.836,2026-07-05 15:23:08.329,4,3.0,False,,False,False
8428.855,HAM,44,,51.0,3.0,,,60.5,66.61,44.175,8318.247,8384.856,8428.946,80.0,98.0,138.0,141.0,False,SOFT,6.0,False,Ferrari,8257.546,2026-07-05 15:25:52.039,4,3.0,False,,False,False
8571.995,HAM,44,143.14,52.0,3.0,,,46.926,59.382,36.832,8475.862,8535.244,8572.076,162.0,132.0,196.0,186.0,False,SOFT,7.0,False,Ferrari,8428.855,2026-07-05 15:28:43.348,4,3.0,False,,False,False
3445.006,BOR,5,105.208,1.0,1.0,,,,41.287,28.007,,3417.159,3445.093,315.0,250.0,230.0,308.0,False,MEDIUM,1.0,True,Audi,3339.562,2026-07-05 14:03:54.055,12,13.0,False,,False,False
3541.14,BOR,5,96.134,2.0,1.0,,,30.728,39.366,26.04,3475.821,3515.187,3541.227,295.0,256.0,241.0,332.0,True,MEDIUM,2.0,True,Audi,3445.006,2026-07-05 14:05:39.499,12,11.0,False,,False,True
3637.309,BOR,5,96.169,3.0,1.0,,,30.357,39.114,26.698,3571.584,3610.698,3637.396,292.0,253.0,242.0,308.0,False,MEDIUM,3.0,True,Audi,3541.14,2026-07-05 14:07:15.633,1,11.0,False,,False,True
3733.571,BOR,5,96.262,4.0,1.0,,,30.499,39.156,26.607,3667.895,3707.051,3733.658,294.0,255.0,242.0,310.0,False,MEDIUM,4.0,True,Audi,3637.309,2026-07-05 14:08:51.802,1,11.0,False,,False,True
3830.14,BOR,5,96.569,5.0,1.0,,,30.235,40.014,26.32,3763.893,3803.907,3830.227,326.0,253.0,243.0,296.0,False,MEDIUM,5.0,True,Audi,3733.571,2026-07-05 14:10:28.064,1,10.0,False,,False,True
3926.643,BOR,5,96.503,6.0,1.0,,,30.695,39.376,26.432,3860.922,3900.298,3926.73,287.0,254.0,245.0,294.0,False,MEDIUM,6.0,True,Audi,3830.14,2026-07-05 14:12:04.633,1,10.0,False,,False,True
4022.435,BOR,5,95.792,7.0,1.0,,,30.486,39.048,26.258,3957.216,3996.264,4022.522,288.0,254.0,245.0,295.0,True,MEDIUM,7.0,True,Audi,3926.643,2026-07-05 14:13:41.136,1,10.0,False,,False,True
4118.407,BOR,5,95.972,8.0,1.0,,,30.533,39.181,26.258,4053.055,4092.236,4118.494,288.0,253.0,246.0,295.0,False,MEDIUM,8.0,True,Audi,4022.435,2026-07-05 14:15:16.928,1,10.0,False,,False,True
4214.548,BOR,5,96.141,9.0,1.0,,,30.466,39.32,26.355,4148.96,4188.28,4214.635,289.0,252.0,242.0,299.0,False,MEDIUM,9.0,True,Audi,4118.407,2026-07-05 14:16:52.900,1,10.0,False,,False,True
4310.664,BOR,5,96.116,10.0,1.0,,,30.555,39.279,26.282,4245.19,4284.469,4310.751,290.0,253.0,242.0,298.0,False,MEDIUM,10.0,True,Audi,4214.548,2026-07-05 14:18:29.041,1,10.0,False,,False,True
4406.335,BOR,5,95.671,11.0,1.0,,,30.398,39.007,26.266,4341.149,4380.156,4406.422,289.0,254.0,245.0,298.0,True,MEDIUM,11.0,True,Audi,4310.664,2026-07-05 14:20:05.157,1,10.0,False,,False,True
4502.215,BOR,5,95.88,12.0,1.0,,,30.431,39.034,26.415,4436.853,4475.887,4502.302,292.0,255.0,244.0,298.0,False,MEDIUM,12.0,True,Audi,4406.335,2026-07-05 14:21:40.828,1,10.0,False,,False,True
4598.508,BOR,5,96.293,13.0,1.0,,,30.461,39.335,26.497,4532.763,4572.098,4598.595,292.0,254.0,243.0,300.0,False,MEDIUM,13.0,True,Audi,4502.215,2026-07-05 14:23:16.708,1,10.0,False,,False,True
4694.37,BOR,5,95.862,14.0,1.0,,,30.279,39.33,26.253,4628.874,4668.204,4694.457,295.0,253.0,245.0,298.0,False,MEDIUM,14.0,True,Audi,4598.508,2026-07-05 14:24:53.001,1,10.0,False,,False,True
4790.136,BOR,5,95.766,15.0,1.0,,,30.283,39.237,26.246,4724.74,4763.977,4790.223,291.0,254.0,245.0,298.0,False,MEDIUM,15.0,True,Audi,4694.37,2026-07-05 14:26:28.863,1,10.0,False,,False,True
4886.198,BOR,5,96.062,16.0,1.0,,,30.476,39.345,26.241,4820.699,4860.044,4886.285,292.0,253.0,246.0,295.0,False,MEDIUM,16.0,True,Audi,4790.136,2026-07-05 14:28:04.629,1,10.0,False,,False,True
4981.86,BOR,5,95.662,17.0,1.0,,,30.21,39.201,26.251,4916.495,4955.696,4981.947,292.0,254.0,246.0,295.0,True,MEDIUM,17.0,True,Audi,4886.198,2026-07-05 14:29:40.691,1,10.0,False,,False,True
5077.745,BOR,5,95.885,18.0,1.0,,,30.232,39.227,26.426,5012.179,5051.406,5077.832,290.0,255.0,245.0,295.0,False,MEDIUM,18.0,True,Audi,4981.86,2026-07-05 14:31:16.353,1,10.0,False,,False,True
5173.621,BOR,5,95.876,19.0,1.0,,,30.321,39.336,26.219,5108.153,5147.489,5173.708,291.0,256.0,245.0,297.0,False,MEDIUM,19.0,True,Audi,5077.745,2026-07-05 14:32:52.238,1,10.0,False,,False,True
5270.337,BOR,5,96.716,20.0,1.0,,,30.375,39.92,26.421,5204.083,5244.003,5270.424,291.0,254.0,244.0,306.0,False,MEDIUM,20.0,True,Audi,5173.621,2026-07-05 14:34:28.114,1,10.0,False,,False,True
5366.897,BOR,5,96.56,21.0,1.0,,,30.351,38.96,27.249,5300.775,5339.735,5366.984,294.0,256.0,136.0,297.0,False,MEDIUM,21.0,True,Audi,5270.337,2026-07-05 14:36:04.830,16,10.0,False,,False,False
5471.781,BOR,5,104.884,22.0,1.0,,,39.414,39.179,26.291,5406.398,5445.577,5471.868,292.0,257.0,240.0,297.0,False,MEDIUM,22.0,True,Audi,5366.897,2026-07-05 14:37:41.390,671,10.0,False,,False,False
5567.499,BOR,5,95.718,23.0,1.0,,,30.3,39.145,26.273,5502.168,5541.313,5567.586,295.0,256.0,245.0,300.0,False,MEDIUM,23.0,True,Audi,5471.781,2026-07-05 14:39:26.274,1,10.0,False,,False,True
5663.162,BOR,5,95.663,24.0,1.0,,,30.251,39.126,26.286,5597.837,5636.963,5663.249,294.0,256.0,244.0,299.0,False,MEDIUM,24.0,True,Audi,5567.499,2026-07-05 14:41:01.992,1,10.0,False,,False,True
5758.687,BOR,5,95.525,25.0,1.0,,,30.074,39.022,26.429,5693.323,5732.345,5758.774,293.0,256.0,244.0,300.0,True,MEDIUM,25.0,True,Audi,5663.162,2026-07-05 14:42:37.655,1,10.0,False,,False,True
5853.837,BOR,5,95.15,26.0,1.0,,5847.812,30.065,39.531,25.554,5788.839,5828.37,5853.924,299.0,257.0,,301.0,False,MEDIUM,26.0,True,Audi,5758.687,2026-07-05 14:44:13.180,1,10.0,False,,False,False
5968.47,BOR,5,114.633,27.0,2.0,5876.557,,50.38,38.306,25.947,5904.304,5942.61,5968.557,288.0,258.0,246.0,295.0,False,HARD,1.0,True,Audi,5853.837,2026-07-05 14:45:48.330,1,10.0,False,,False,False
6062.54,BOR,5,94.07,28.0,2.0,,,29.733,38.502,25.835,5998.29,6036.792,6062.627,302.0,260.0,248.0,310.0,True,HARD,2.0,True,Audi,5968.47,2026-07-05 14:47:42.963,1,10.0,False,,False,True
6156.316,BOR,5,93.776,29.0,2.0,,,29.731,38.138,25.907,6092.358,6130.496,6156.403,295.0,260.0,248.0,310.0,True,HARD,3.0,True,Audi,6062.54,2026-07-05 14:49:17.033,1,10.0,False,,False,True
6249.966,BOR,5,93.65,30.0,2.0,,,29.78,38.063,25.807,6186.183,6224.246,6250.053,292.0,260.0,248.0,309.0,True,HARD,4.0,True,Audi,6156.316,2026-07-05 14:50:50.809,1,10.0,False,,False,True
6344.124,BOR,5,94.158,31.0,2.0,,,29.958,38.371,25.829,6280.011,6318.382,6344.211,292.0,258.0,248.0,308.0,False,HARD,5.0,True,Audi,6249.966,2026-07-05 14:52:24.459,1,10.0,False,,False,True
6438.546,BOR,5,94.422,32.0,2.0,,,29.895,38.555,25.972,6374.106,6412.661,6438.633,294.0,256.0,246.0,300.0,False,HARD,6.0,True,Audi,6344.124,2026-07-05 14:53:58.617,1,10.0,False,,False,True
6533.198,BOR,5,94.652,33.0,2.0,,,30.037,38.539,26.076,6468.67,6507.209,6533.285,292.0,256.0,247.0,299.0,False,HARD,7.0,True,Audi,6438.546,2026-07-05 14:55:33.039,1,10.0,False,,False,True
6627.683,BOR,5,94.485,34.0,2.0,,,30.004,38.53,25.951,6563.289,6601.819,6627.77,292.0,258.0,247.0,302.0,False,HARD,8.0,True,Audi,6533.198,2026-07-05 14:57:07.691,1,10.0,False,,False,True
6722.199,BOR,5,94.516,35.0,2.0,,,30.099,38.408,26.009,6657.869,6696.277,6722.286,290.0,258.0,247.0,301.0,False,HARD,9.0,True,Audi,6627.683,2026-07-05 14:58:42.176,1,10.0,False,,False,True
6816.787,BOR,5,94.588,36.0,2.0,,,30.041,38.59,25.957,6752.327,6790.917,6816.874,292.0,258.0,249.0,300.0,False,HARD,10.0,True,Audi,6722.199,2026-07-05 15:00:16.692,1,10.0,False,,False,True
6911.294,BOR,5,94.507,37.0,2.0,,,29.938,38.596,25.973,6846.812,6885.408,6911.381,293.0,259.0,246.0,299.0,False,HARD,11.0,True,Audi,6816.787,2026-07-05 15:01:51.280,1,10.0,False,,False,True
7025.304,BOR,5,114.01,38.0,2.0,,,30.062,52.073,31.875,6941.443,6993.516,7025.391,291.0,239.0,170.0,274.0,False,HARD,12.0,True,Audi,6911.294,2026-07-05 15:03:25.787,1267,10.0,False,,False,False
7123.134,BOR,5,97.83,39.0,2.0,,,33.467,38.436,25.927,7058.858,7097.294,7123.221,293.0,259.0,249.0,300.0,False,HARD,13.0,True,Audi,7025.304,2026-07-05 15:05:19.797,71,10.0,False,,False,False
7217.546,BOR,5,94.412,40.0,2.0,,,29.93,38.369,26.113,7153.151,7191.52,7217.633,295.0,260.0,249.0,297.0,False,HARD,14.0,True,Audi,7123.134,2026-07-05 15:06:57.627,1,10.0,False,,False,True
7312.194,BOR,5,94.648,41.0,2.0,,,29.953,38.777,25.918,7247.586,7286.363,7312.281,296.0,258.0,248.0,304.0,False,HARD,15.0,True,Audi,7217.546,2026-07-05 15:08:32.039,1,10.0,False,,False,True
7406.646,BOR,5,94.452,42.0,2.0,,,29.801,38.677,25.974,7342.082,7380.759,7406.733,294.0,258.0,248.0,301.0,False,HARD,16.0,True,Audi,7312.194,2026-07-05 15:10:06.687,1,10.0,False,,False,True
7501.304,BOR,5,94.658,43.0,2.0,,,29.965,38.697,25.996,7436.698,7475.395,7501.391,291.0,258.0,249.0,299.0,False,HARD,17.0,True,Audi,7406.646,2026-07-05 15:11:41.139,1,10.0,False,,False,True
7595.706,BOR,5,94.402,44.0,2.0,,,29.968,38.495,25.939,7531.359,7569.854,7595.793,293.0,259.0,249.0,297.0,False,HARD,18.0,True,Audi,7501.304,2026-07-05 15:13:15.797,1,9.0,False,,False,True
7689.945,BOR,5,94.239,45.0,2.0,,,29.843,38.525,25.871,7625.636,7664.161,7690.032,292.0,260.0,249.0,299.0,False,HARD,19.0,True,Audi,7595.706,2026-07-05 15:14:50.199,1,9.0,False,,False,True
7784.483,BOR,5,94.538,46.0,2.0,,,29.915,38.558,26.065,7719.947,7758.505,7784.57,293.0,258.0,250.0,296.0,False,HARD,20.0,True,Audi,7689.945,2026-07-05 15:16:24.438,1,9.0,False,,False,True
7890.529,BOR,5,106.046,47.0,2.0,,7884.488,29.929,45.853,30.264,7814.499,7860.352,7890.616,294.0,232.0,,229.0,False,HARD,21.0,True,Audi,7784.483,2026-07-05 15:17:58.976,124,8.0,False,,False,False
8033.493,BOR,5,142.964,48.0,3.0,7914.429,,57.885,51.694,33.385,7948.501,8000.195,8033.58,184.0,144.0,224.0,264.0,False,SOFT,1.0,True,Audi,7890.529,2026-07-05 15:19:45.022,4,8.0,False,,False,False
8137.177,BOR,5,103.684,49.0,3.0,,,32.507,40.523,30.654,8066.087,8106.61,8137.264,268.0,264.0,223.0,295.0,False,SOFT,2.0,True,Audi,8033.493,2026-07-05 15:22:07.986,4,8.0,False,,False,False
8269.715,BOR,5,132.538,50.0,3.0,,,32.051,51.834,48.653,8169.315,8221.149,8269.802,277.0,108.0,81.0,196.0,False,SOFT,3.0,True,Audi,8137.177,2026-07-05 15:23:51.670,4,8.0,False,,False,False
8432.877,BOR,5,,51.0,3.0,,,51.856,68.162,43.09,8321.817,8389.971,8433.038,162.0,117.0,148.0,155.0,False,SOFT,4.0,True,Audi,8269.715,2026-07-05 15:26:04.208,4,8.0,False,,False,False
8573.6,BOR,5,140.723,52.0,3.0,,,46.097,60.106,34.52,8479.061,8539.167,8573.687,212.0,125.0,242.0,222.0,False,SOFT,5.0,True,Audi,8432.877,2026-07-05 15:28:47.370,4,8.0,False,,False,False
3443.787,SAI,55,103.989,1.0,1.0,,,,40.704,27.146,,3416.781,3443.896,316.0,251.0,230.0,302.0,False,MEDIUM,1.0,True,Williams,3339.562,2026-07-05 14:03:54.055,12,10.0,False,,False,False
3540.314,SAI,55,96.527,2.0,1.0,,,31.004,39.164,26.359,3474.876,3514.04,3540.399,287.0,256.0,245.0,308.0,True,MEDIUM,2.0,True,Williams,3443.787,2026-07-05 14:05:38.280,12,10.0,False,,False,True
3636.784,SAI,55,96.47,3.0,1.0,,,30.254,39.468,26.748,3570.653,3610.121,3636.869,293.0,253.0,242.0,304.0,True,MEDIUM,3.0,True,Williams,3540.314,2026-07-05 14:07:14.807,1,10.0,False,,False,True
3733.076,SAI,55,96.292,4.0,1.0,,,30.356,39.349,26.587,3667.225,3706.574,3733.161,296.0,255.0,238.0,308.0,True,MEDIUM,4.0,True,Williams,3636.784,2026-07-05 14:08:51.277,1,10.0,False,,False,True
3831.151,SAI,55,98.075,5.0,1.0,,,30.71,39.812,27.553,3763.871,3803.683,3831.236,305.0,243.0,238.0,295.0,False,MEDIUM,5.0,True,Williams,3733.076,2026-07-05 14:10:27.569,1,11.0,False,,False,True
3928.575,SAI,55,97.424,6.0,1.0,,,30.479,39.556,27.389,3861.715,3901.271,3928.66,300.0,255.0,241.0,309.0,False,MEDIUM,6.0,True,Williams,3831.151,2026-07-05 14:12:05.644,1,12.0,False,,False,True
4025.73,SAI,55,97.155,7.0,1.0,,,30.451,39.366,27.338,3959.111,3998.477,4025.815,312.0,253.0,245.0,295.0,False,MEDIUM,7.0,True,Williams,3928.575,2026-07-05 14:13:43.068,1,12.0,False,,False,True
4122.907,SAI,55,97.177,8.0,1.0,,,30.258,39.657,27.262,4056.073,4095.73,4122.992,330.0,250.0,243.0,294.0,False,MEDIUM,8.0,True,Williams,4025.73,2026-07-05 14:15:20.223,1,12.0,True,TRACK LIMITS AT TURN 15 LAP 8 ,False,True
4220.656,SAI,55,97.749,9.0,1.0,,,30.977,39.7,27.072,4153.969,4193.669,4220.741,298.0,253.0,241.0,316.0,False,MEDIUM,9.0,True,Williams,4122.907,2026-07-05 14:16:57.400,1,13.0,False,,False,True
4318.537,SAI,55,97.881,10.0,1.0,,,30.959,40.115,26.807,4251.7,4291.815,4318.622,315.0,252.0,240.0,305.0,False,MEDIUM,10.0,True,Williams,4220.656,2026-07-05 14:18:35.149,1,13.0,False,,False,True
4415.491,SAI,55,96.954,11.0,1.0,,,30.584,39.638,26.732,4349.206,4388.844,4415.576,298.0,253.0,243.0,304.0,False,MEDIUM,11.0,True,Williams,4318.537,2026-07-05 14:20:13.030,1,13.0,False,,False,True
4512.467,SAI,55,96.976,12.0,1.0,,,30.56,39.697,26.719,4446.136,4485.833,4512.552,296.0,253.0,242.0,302.0,False,MEDIUM,12.0,True,Williams,4415.491,2026-07-05 14:21:49.984,1,13.0,False,,False,True
4609.102,SAI,55,96.635,13.0,1.0,,,30.455,39.517,26.663,4543.007,4582.524,4609.187,295.0,253.0,243.0,300.0,False,MEDIUM,13.0,True,Williams,4512.467,2026-07-05 14:23:26.960,1,13.0,False,,False,True
4705.153,SAI,55,96.051,14.0,1.0,,,30.146,39.37,26.535,4639.333,4678.703,4705.238,296.0,254.0,243.0,303.0,True,MEDIUM,14.0,True,Williams,4609.102,2026-07-05 14:25:03.595,1,13.0,False,,False,True
4801.536,SAI,55,96.383,15.0,1.0,,,30.243,39.584,26.556,4735.481,4775.065,4801.621,297.0,255.0,245.0,302.0,False,MEDIUM,15.0,True,Williams,4705.153,2026-07-05 14:26:39.646,1,13.0,False,,False,True
4898.09,SAI,55,96.554,16.0,1.0,,,30.453,39.615,26.486,4832.074,4871.689,4898.175,295.0,253.0,243.0,296.0,False,MEDIUM,16.0,True,Williams,4801.536,2026-07-05 14:28:16.029,1,13.0,False,,False,True
4994.676,SAI,55,96.586,17.0,1.0,,,30.119,39.569,26.898,4928.294,4967.863,4994.761,297.0,254.0,241.0,298.0,False,MEDIUM,17.0,True,Williams,4898.09,2026-07-05 14:29:52.583,1,13.0,True,TRACK LIMITS AT TURN 18 LAP 17 ,False,True
5091.333,SAI,55,96.657,18.0,1.0,,,30.422,39.39,26.845,5025.183,5064.573,5091.418,297.0,254.0,243.0,297.0,False,MEDIUM,18.0,True,Williams,4994.676,2026-07-05 14:31:29.169,1,13.0,False,,False,True
5187.621,SAI,55,96.288,19.0,1.0,,,30.239,39.468,26.581,5121.657,5161.125,5187.706,294.0,257.0,244.0,300.0,False,MEDIUM,19.0,True,Williams,5091.333,2026-07-05 14:33:05.826,1,13.0,False,,False,True
5283.137,SAI,55,95.516,20.0,1.0,,5277.301,30.268,39.323,25.925,5217.974,5257.297,5283.222,300.0,253.0,,297.0,False,MEDIUM,20.0,True,Williams,5187.621,2026-07-05 14:34:42.114,1,13.0,False,,False,False
5408.786,SAI,55,125.649,21.0,2.0,5306.127,,51.054,45.031,29.564,5334.276,5379.307,5408.871,303.0,166.0,238.0,263.0,False,HARD,1.0,True,Williams,5283.137,2026-07-05 14:36:17.630,167,16.0,False,,False,False
5504.235,SAI,55,95.449,22.0,2.0,,,30.598,38.711,26.14,5439.469,5478.18,5504.32,288.0,256.0,249.0,296.0,True,HARD,2.0,True,Williams,5408.786,2026-07-05 14:38:23.279,1,14.0,False,,False,True
5599.158,SAI,55,94.923,23.0,2.0,,,30.087,38.562,26.274,5534.407,5572.969,5599.243,297.0,257.0,249.0,299.0,True,HARD,3.0,True,Williams,5504.235,2026-07-05 14:39:58.728,1,14.0,False,,False,True
5695.695,SAI,55,96.537,24.0,2.0,,,30.238,39.828,26.471,5629.481,5669.309,5695.78,303.0,253.0,246.0,298.0,False,HARD,4.0,True,Williams,5599.158,2026-07-05 14:41:33.651,1,13.0,True,TRACK LIMITS AT TURN 9 LAP 24 ,False,True
5792.437,SAI,55,96.742,25.0,2.0,,,30.437,39.231,27.074,5726.217,5765.448,5792.522,292.0,257.0,241.0,309.0,False,HARD,5.0,True,Williams,5695.695,2026-07-05 14:43:10.188,1,15.0,False,,False,True
5887.986,SAI,55,95.549,26.0,2.0,,,30.032,39.111,26.406,5822.554,5861.665,5888.071,313.0,259.0,245.0,314.0,False,HARD,6.0,True,Williams,5792.437,2026-07-05 14:44:46.930,1,15.0,False,,False,True
5983.693,SAI,55,95.707,27.0,2.0,,,29.917,39.167,26.623,5917.988,5957.155,5983.778,304.0,258.0,237.0,338.0,False,HARD,7.0,True,Williams,5887.986,2026-07-05 14:46:22.479,1,15.0,False,,False,True
6079.462,SAI,55,95.769,28.0,2.0,,,30.16,38.974,26.635,6013.938,6052.912,6079.547,332.0,255.0,245.0,296.0,False,HARD,8.0,True,Williams,5983.693,2026-07-05 14:47:58.186,1,14.0,False,,False,True
6174.915,SAI,55,95.453,29.0,2.0,,,30.263,38.827,26.363,6109.81,6148.637,6175.0,292.0,256.0,246.0,301.0,False,HARD,9.0,True,Williams,6079.462,2026-07-05 14:49:33.955,1,14.0,False,,False,True
6270.437,SAI,55,95.522,30.0,2.0,,,30.236,38.931,26.355,6205.236,6244.167,6270.522,292.0,256.0,246.0,299.0,False,HARD,10.0,True,Williams,6174.915,2026-07-05 14:51:09.408,1,14.0,False,,False,True
6366.057,SAI,55,95.62,31.0,2.0,,,30.123,39.146,26.351,6300.645,6339.791,6366.142,293.0,255.0,248.0,298.0,False,HARD,11.0,True,Williams,6270.437,2026-07-05 14:52:44.930,1,14.0,False,,False,True
6463.241,SAI,55,97.184,32.0,2.0,,,30.568,40.01,26.606,6396.71,6436.72,6463.326,229.0,255.0,243.0,303.0,False,HARD,12.0,True,Williams,6366.057,2026-07-05 14:54:20.550,1,14.0,False,,False,True
6559.807,SAI,55,96.566,33.0,2.0,,,30.181,39.159,27.226,6493.507,6532.666,6559.892,301.0,256.0,239.0,308.0,False,HARD,13.0,True,Williams,6463.241,2026-07-05 14:55:57.734,1,15.0,False,,False,True
6657.165,SAI,55,97.358,34.0,2.0,,,30.134,40.251,26.973,6590.026,6630.277,6657.25,332.0,249.0,241.0,301.0,False,HARD,14.0,True,Williams,6559.807,2026-07-05 14:57:34.300,1,15.0,False,,False,True
6752.94,SAI,55,95.775,35.0,2.0,,,30.185,39.248,26.342,6687.435,6726.683,6753.025,298.0,258.0,245.0,310.0,False,HARD,15.0,True,Williams,6657.165,2026-07-05 14:59:11.658,1,14.0,False,,False,True
6849.637,SAI,55,96.697,36.0,2.0,,,30.158,40.293,26.246,6783.183,6823.476,6849.722,301.0,257.0,246.0,313.0,False,HARD,16.0,True,Williams,6752.94,2026-07-05 15:00:47.433,1,14.0,False,,False,True
6946.538,SAI,55,96.901,37.0,2.0,,,30.222,39.128,27.551,6879.944,6919.072,6946.623,294.0,258.0,238.0,272.0,False,HARD,17.0,True,Williams,6849.637,2026-07-05 15:02:24.130,12,13.0,False,,False,True
7065.931,SAI,55,119.393,38.0,2.0,,,41.473,51.487,26.433,6988.096,7039.583,7066.016,228.0,260.0,247.0,314.0,False,HARD,18.0,True,Williams,6946.538,2026-07-05 15:04:01.031,2671,13.0,False,,False,False
7161.191,SAI,55,95.26,39.0,2.0,,,30.04,38.878,26.342,7096.056,7134.934,7161.276,296.0,258.0,246.0,301.0,False,HARD,19.0,True,Williams,7065.931,2026-07-05 15:06:00.424,1,13.0,False,,False,True
7256.733,SAI,55,95.542,40.0,2.0,,,30.162,39.043,26.337,7191.438,7230.481,7256.818,293.0,257.0,248.0,299.0,False,HARD,20.0,True,Williams,7161.191,2026-07-05 15:07:35.684,1,13.0,False,,False,True
7352.286,SAI,55,95.553,41.0,2.0,,,30.017,39.18,26.356,7286.835,7326.015,7352.371,299.0,258.0,248.0,301.0,False,HARD,21.0,True,Williams,7256.733,2026-07-05 15:09:11.226,1,13.0,False,,False,True
7447.371,SAI,55,95.085,42.0,2.0,,,29.768,38.921,26.396,7382.139,7421.06,7447.456,300.0,259.0,247.0,304.0,False,HARD,22.0,True,Williams,7352.286,2026-07-05 15:10:46.779,1,13.0,False,,False,True
7543.037,SAI,55,95.666,43.0,2.0,,,29.842,39.415,26.409,7477.298,7516.713,7543.122,305.0,258.0,245.0,300.0,False,HARD,23.0,True,Williams,7447.371,2026-07-05 15:12:21.864,1,13.0,False,,False,True
7640.025,SAI,55,96.988,44.0,2.0,,,30.461,39.718,26.809,7573.583,7613.301,7640.11,231.0,260.0,241.0,326.0,False,HARD,24.0,True,Williams,7543.037,2026-07-05 15:13:57.530,1,14.0,False,,False,True
7735.625,SAI,55,95.6,45.0,2.0,,,30.122,39.103,26.375,7670.232,7709.335,7735.71,303.0,261.0,244.0,311.0,False,HARD,25.0,True,Williams,7640.025,2026-07-05 15:15:34.518,1,14.0,False,,False,True
7832.329,SAI,55,96.704,46.0,2.0,,,30.325,39.557,26.822,7766.035,7805.592,7832.414,244.0,260.0,244.0,307.0,False,HARD,26.0,True,Williams,7735.625,2026-07-05 15:17:10.118,12,14.0,False,,False,True
7960.533,SAI,55,128.204,47.0,2.0,,,39.517,54.426,34.261,7871.931,7926.357,7960.618,207.0,210.0,200.0,263.0,False,HARD,27.0,True,Williams,7832.329,2026-07-05 15:18:46.822,24,13.0,False,,False,False
8081.107,SAI,55,120.574,48.0,2.0,,8075.184,38.253,50.975,31.346,7998.871,8049.846,8081.192,253.0,190.0,,220.0,False,HARD,28.0,True,Williams,7960.533,2026-07-05 15:20:55.026,4,12.0,False,,False,False
8259.042,SAI,55,,49.0,3.0,8104.479,,59.148,70.561,48.184,8140.432,8211.057,8259.205,141.0,110.0,85.0,115.0,False,SOFT,1.0,True,Williams,8081.107,2026-07-05 15:22:55.600,4,13.0,False,,False,False
8357.394,SAI,55,98.352,50.0,3.0,,,34.767,37.981,25.604,8293.894,8331.875,8357.479,310.0,265.0,256.0,305.0,False,SOFT,2.0,True,Williams,8259.042,2026-07-05 15:25:53.535,4,13.0,False,,False,False
8450.128,SAI,55,92.734,51.0,3.0,,,29.169,37.71,25.855,8386.648,8424.358,8450.213,300.0,265.0,250.0,300.0,True,SOFT,3.0,True,Williams,8357.394,2026-07-05 15:27:31.887,4,13.0,False,,False,False
8575.566,SAI,55,125.438,52.0,3.0,,,35.887,55.811,33.74,8486.1,8541.911,8575.651,173.0,150.0,233.0,265.0,False,SOFT,4.0,True,Williams,8450.128,2026-07-05 15:29:04.621,4,13.0,False,,False,False
3438.554,HAD,6,98.756,1.0,1.0,,,,39.212,25.966,,3412.73,3438.836,314.0,256.0,249.0,311.0,False,MEDIUM,1.0,True,Red Bull Racing,3339.562,2026-07-05 14:03:54.055,12,5.0,False,,False,False
3533.499,HAD,6,94.945,2.0,1.0,,,30.149,39.107,25.689,3468.805,3507.912,3533.601,313.0,258.0,244.0,328.0,True,MEDIUM,2.0,True,Red Bull Racing,3438.554,2026-07-05 14:05:33.047,12,5.0,False,,False,True
3629.871,HAD,6,96.372,3.0,1.0,,,30.737,39.556,26.079,3564.338,3603.894,3629.973,308.0,256.0,244.0,331.0,False,MEDIUM,3.0,True,Red Bull Racing,3533.499,2026-07-05 14:07:07.992,1,6.0,False,,False,True
3724.717,HAD,6,94.846,4.0,1.0,,,29.919,38.927,26.0,3659.892,3698.819,3724.819,311.0,258.0,247.0,313.0,True,MEDIUM,4.0,True,Red Bull Racing,3629.871,2026-07-05 14:08:44.364,1,6.0,False,,False,True
3819.719,HAD,6,95.002,5.0,1.0,,,30.016,38.833,26.153,3754.835,3793.668,3819.821,310.0,258.0,247.0,310.0,False,MEDIUM,5.0,True,Red Bull Racing,3724.717,2026-07-05 14:10:19.210,1,6.0,False,,False,True
3914.25,HAD,6,94.531,6.0,1.0,,,29.878,38.67,25.983,3849.699,3888.369,3914.352,313.0,259.0,246.0,313.0,True,MEDIUM,6.0,True,Red Bull Racing,3819.719,2026-07-05 14:11:54.212,1,6.0,False,,False,True
4009.132,HAD,6,94.882,7.0,1.0,,,29.959,38.81,26.113,3944.311,3983.121,4009.234,311.0,257.0,246.0,306.0,False,MEDIUM,7.0,True,Red Bull Racing,3914.25,2026-07-05 14:13:28.743,1,6.0,False,,False,True
4104.302,HAD,6,95.17,8.0,1.0,,,30.257,38.892,26.021,4039.491,4078.383,4104.404,301.0,256.0,247.0,304.0,False,MEDIUM,8.0,True,Red Bull Racing,4009.132,2026-07-05 14:15:03.625,1,6.0,False,,False,True
4199.642,HAD,6,95.34,9.0,1.0,,,30.295,39.008,26.037,4134.699,4173.707,4199.744,304.0,256.0,246.0,305.0,False,MEDIUM,9.0,True,Red Bull Racing,4104.302,2026-07-05 14:16:38.795,1,6.0,False,,False,True
4295.179,HAD,6,95.537,10.0,1.0,,,30.313,39.133,26.091,4230.057,4269.19,4295.281,301.0,256.0,243.0,304.0,False,MEDIUM,10.0,True,Red Bull Racing,4199.642,2026-07-05 14:18:14.135,1,6.0,False,,False,True
4390.832,HAD,6,95.653,11.0,1.0,,,30.168,39.198,26.287,4325.449,4364.647,4390.934,301.0,254.0,245.0,300.0,False,MEDIUM,11.0,True,Red Bull Racing,4295.179,2026-07-05 14:19:49.672,1,6.0,False,,False,True
4486.397,HAD,6,95.565,12.0,1.0,,,30.294,39.059,26.212,4421.228,4460.287,4486.499,300.0,253.0,244.0,302.0,False,MEDIUM,12.0,True,Red Bull Racing,4390.832,2026-07-05 14:21:25.325,1,6.0,False,,False,True
4581.733,HAD,6,95.336,13.0,1.0,,,30.227,39.052,26.057,4516.726,4555.778,4581.835,300.0,257.0,246.0,302.0,False,MEDIUM,13.0,True,Red Bull Racing,4486.397,2026-07-05 14:23:00.890,1,6.0,False,,False,True
4676.762,HAD,6,95.029,14.0,1.0,,,30.044,39.071,25.914,4611.879,4650.95,4676.864,302.0,260.0,247.0,313.0,False,MEDIUM,14.0,True,Red Bull Racing,4581.733,2026-07-05 14:24:36.226,1,6.0,False,,False,True
4772.067,HAD,6,95.305,15.0,1.0,,,30.041,39.163,26.101,4706.905,4746.068,4772.169,301.0,256.0,246.0,298.0,False,MEDIUM,15.0,True,Red Bull Racing,4676.762,2026-07-05 14:26:11.255,1,6.0,False,,False,True
4867.251,HAD,6,95.184,16.0,1.0,,,30.213,38.964,26.007,4802.382,4841.346,4867.353,300.0,257.0,245.0,300.0,False,MEDIUM,16.0,True,Red Bull Racing,4772.067,2026-07-05 14:27:46.560,1,6.0,False,,False,True
4962.633,HAD,6,95.382,17.0,1.0,,,30.104,38.943,26.335,4897.457,4936.4,4962.735,299.0,256.0,246.0,298.0,False,MEDIUM,17.0,True,Red Bull Racing,4867.251,2026-07-05 14:29:21.744,1,6.0,False,,False,True
5057.657,HAD,6,95.024,18.0,1.0,,,30.015,38.847,26.162,4992.75,5031.597,5057.759,299.0,256.0,247.0,299.0,False,MEDIUM,18.0,True,Red Bull Racing,4962.633,2026-07-05 14:30:57.126,1,5.0,False,,False,True
5151.809,HAD,6,94.152,19.0,1.0,,5145.933,30.143,38.785,25.224,5087.902,5126.687,5151.911,295.0,260.0,,310.0,False,MEDIUM,19.0,True,Red Bull Racing,5057.657,2026-07-05 14:32:32.150,1,5.0,False,,False,False
5268.931,HAD,6,117.122,20.0,2.0,5175.968,,52.342,39.009,25.771,5204.253,5243.262,5269.033,312.0,257.0,250.0,301.0,False,HARD,1.0,True,Red Bull Racing,5151.809,2026-07-05 14:34:06.302,1,9.0,False,,False,False
5362.974,HAD,6,94.043,21.0,2.0,,,29.941,38.198,25.904,5298.974,5337.172,5363.076,298.0,258.0,238.0,303.0,True,HARD,2.0,True,Red Bull Racing,5268.931,2026-07-05 14:36:03.424,16,9.0,False,,False,False
5468.641,HAD,6,105.667,22.0,2.0,,,40.572,38.771,26.324,5403.648,5442.419,5468.743,266.0,261.0,246.0,327.0,False,HARD,3.0,True,Red Bull Racing,5362.974,2026-07-05 14:37:37.467,671,9.0,False,,False,False
5563.371,HAD,6,94.73,23.0,2.0,,,30.119,38.696,25.915,5498.862,5537.558,5563.473,308.0,260.0,249.0,302.0,False,HARD,4.0,True,Red Bull Racing,5468.641,2026-07-05 14:39:23.134,1,8.0,False,,False,True
5657.873,HAD,6,94.502,24.0,2.0,,,29.906,38.546,26.05,5593.379,5631.925,5657.975,301.0,257.0,246.0,304.0,False,HARD,5.0,True,Red Bull Racing,5563.371,2026-07-05 14:40:57.864,1,8.0,False,,False,True
5752.203,HAD,6,94.33,25.0,2.0,,,29.934,38.79,25.606,5687.909,5726.699,5752.305,308.0,260.0,247.0,326.0,False,HARD,6.0,True,Red Bull Racing,5657.873,2026-07-05 14:42:32.366,1,7.0,False,,False,True
5846.907,HAD,6,94.704,26.0,2.0,,,30.01,38.432,26.262,5782.315,5820.747,5847.009,300.0,259.0,247.0,301.0,False,HARD,7.0,True,Red Bull Racing,5752.203,2026-07-05 14:44:06.696,1,7.0,False,,False,True
5941.543,HAD,6,94.636,27.0,2.0,,,29.955,38.735,25.946,5876.964,5915.699,5941.645,302.0,259.0,247.0,300.0,False,HARD,8.0,True,Red Bull Racing,5846.907,2026-07-05 14:45:41.400,1,7.0,False,,False,True
6035.786,HAD,6,94.243,28.0,2.0,,,29.869,38.43,25.944,5971.514,6009.944,6035.888,304.0,261.0,248.0,302.0,False,HARD,9.0,True,Red Bull Racing,5941.543,2026-07-05 14:47:16.036,1,7.0,False,,False,True
6129.727,HAD,6,93.941,29.0,2.0,,,29.957,38.322,25.662,6065.845,6104.167,6129.829,304.0,262.0,248.0,315.0,True,HARD,10.0,True,Red Bull Racing,6035.786,2026-07-05 14:48:50.279,1,6.0,False,,False,True
6224.604,HAD,6,94.877,30.0,2.0,,,30.189,38.926,25.762,6160.018,6198.944,6224.706,298.0,262.0,248.0,316.0,False,HARD,11.0,True,Red Bull Racing,6129.727,2026-07-05 14:50:24.220,1,7.0,False,,False,True
6319.329,HAD,6,94.725,31.0,2.0,,,30.048,38.681,25.996,6254.754,6293.435,6319.431,300.0,255.0,248.0,303.0,False,HARD,12.0,True,Red Bull Racing,6224.604,2026-07-05 14:51:59.097,1,7.0,False,,False,True
6414.172,HAD,6,94.843,32.0,2.0,,,30.105,38.665,26.073,6349.536,6388.201,6414.274,300.0,258.0,249.0,303.0,False,HARD,13.0,True,Red Bull Racing,6319.329,2026-07-05 14:53:33.822,1,7.0,False,,False,True
6508.932,HAD,6,94.76,33.0,2.0,,,29.892,38.705,26.163,6444.166,6482.871,6509.034,307.0,257.0,250.0,301.0,False,HARD,14.0,True,Red Bull Racing,6414.172,2026-07-05 14:55:08.665,1,7.0,False,,False,True
6603.256,HAD,6,94.324,34.0,2.0,,,29.946,38.438,25.94,6538.98,6577.418,6603.358,300.0,258.0,248.0,301.0,False,HARD,15.0,True,Red Bull Racing,6508.932,2026-07-05 14:56:43.425,1,7.0,False,,False,True
6697.516,HAD,6,94.26,35.0,2.0,,,30.006,38.35,25.904,6633.364,6671.714,6697.618,302.0,259.0,248.0,301.0,False,HARD,16.0,True,Red Bull Racing,6603.256,2026-07-05 14:58:17.749,1,6.0,False,,False,True
6792.477,HAD,6,94.961,36.0,2.0,,,30.062,38.924,25.975,6727.68,6766.604,6792.579,311.0,259.0,250.0,306.0,False,HARD,17.0,True,Red Bull Racing,6697.516,2026-07-05 14:59:52.009,1,7.0,False,,False,True
6886.801,HAD,6,94.324,37.0,2.0,,,30.012,38.39,25.922,6822.591,6860.981,6886.903,302.0,260.0,249.0,303.0,False,HARD,18.0,True,Red Bull Racing,6792.477,2026-07-05 15:01:26.970,1,7.0,False,,False,True
6989.255,HAD,6,102.454,38.0,2.0,,6983.445,29.847,42.369,30.238,6916.75,6959.119,6989.357,304.0,185.0,,252.0,False,HARD,19.0,True,Red Bull Racing,6886.801,2026-07-05 15:03:01.294,126,7.0,False,,False,False
7112.45,HAD,6,123.195,39.0,3.0,7019.794,,60.708,37.435,25.052,7050.065,7087.5,7112.552,305.0,263.0,254.0,303.0,False,MEDIUM,1.0,True,Red Bull Racing,6989.255,2026-07-05 15:04:43.748,671,7.0,False,,False,False
7204.718,HAD,6,92.268,40.0,3.0,,,29.517,37.38,25.371,7142.069,7179.449,7204.82,294.0,261.0,253.0,299.0,True,MEDIUM,2.0,True,Red Bull Racing,7112.45,2026-07-05 15:06:46.943,1,7.0,False,,False,True
7297.415,HAD,6,92.697,41.0,3.0,,,29.653,37.631,25.413,7234.473,7272.104,7297.517,298.0,261.0,250.0,300.0,False,MEDIUM,3.0,True,Red Bull Racing,7204.718,2026-07-05 15:08:19.211,1,7.0,False,,False,True
7390.334,HAD,6,92.919,42.0,3.0,,,29.649,37.781,25.489,7327.166,7364.947,7390.436,302.0,262.0,252.0,304.0,False,MEDIUM,4.0,True,Red Bull Racing,7297.415,2026-07-05 15:09:51.908,1,7.0,False,,False,True
7483.229,HAD,6,92.895,43.0,3.0,,,29.67,37.749,25.476,7420.106,7457.855,7483.331,304.0,261.0,251.0,303.0,False,MEDIUM,5.0,True,Red Bull Racing,7390.334,2026-07-05 15:11:24.827,1,6.0,False,,False,True
7575.922,HAD,6,92.693,44.0,3.0,,,29.633,37.689,25.371,7512.964,7550.653,7576.024,303.0,262.0,251.0,303.0,False,MEDIUM,6.0,True,Red Bull Racing,7483.229,2026-07-05 15:12:57.722,1,6.0,False,,False,True
7668.403,HAD,6,92.481,45.0,3.0,,,29.644,37.454,25.383,7605.668,7643.122,7668.505,303.0,263.0,251.0,303.0,False,MEDIUM,7.0,True,Red Bull Racing,7575.922,2026-07-05 15:14:30.415,1,6.0,False,,False,True
7761.475,HAD,6,93.072,46.0,3.0,,,29.634,37.925,25.513,7698.139,7736.064,7761.577,308.0,262.0,251.0,307.0,False,MEDIUM,8.0,True,Red Bull Racing,7668.403,2026-07-05 15:16:02.896,1,6.0,False,,False,True
7858.547,HAD,6,97.072,47.0,3.0,,7852.586,29.73,37.633,29.709,7791.307,7828.94,7858.649,303.0,263.0,,303.0,False,MEDIUM,9.0,True,Red Bull Racing,7761.475,2026-07-05 15:17:35.968,124,5.0,False,,False,False
8003.322,HAD,6,144.775,48.0,4.0,7882.243,,59.335,50.946,34.494,7917.984,7968.93,8003.424,162.0,176.0,223.0,269.0,False,SOFT,4.0,False,Red Bull Racing,7858.547,2026-07-05 15:19:13.040,4,5.0,False,,False,False
8128.164,HAD,6,124.842,49.0,4.0,,,37.898,52.574,34.37,8041.322,8093.896,8128.266,229.0,208.0,231.0,166.0,False,SOFT,5.0,False,Red Bull Racing,8003.322,2026-07-05 15:21:37.815,4,5.0,False,,False,False
8264.652,HAD,6,136.488,50.0,4.0,,,32.264,55.663,48.561,8160.53,8216.193,8264.754,284.0,111.0,98.0,182.0,False,SOFT,6.0,False,Red Bull Racing,8128.164,2026-07-05 15:23:42.657,4,5.0,False,,False,False
8430.529,HAD,6,,51.0,4.0,,,55.082,67.074,43.682,8319.945,8387.011,8430.631,97.0,128.0,133.0,177.0,False,SOFT,7.0,False,Red Bull Racing,8264.652,2026-07-05 15:25:59.145,4,5.0,False,,False,False
8572.77,HAD,6,142.241,52.0,4.0,,,46.585,60.147,35.509,8477.216,8537.363,8572.872,177.0,133.0,212.0,231.0,False,SOFT,8.0,False,Red Bull Racing,8430.529,2026-07-05 15:28:45.022,4,5.0,False,,False,False
3437.969,RUS,63,98.171,1.0,1.0,,,,38.912,25.976,,3412.157,3438.075,320.0,264.0,235.0,332.0,False,MEDIUM,1.0,True,Mercedes,3339.562,2026-07-05 14:03:54.055,12,4.0,False,,False,False
3532.778,RUS,63,94.809,2.0,1.0,,,30.687,38.459,25.663,3468.758,3507.217,3532.88,309.0,260.0,244.0,312.0,True,MEDIUM,2.0,True,Mercedes,3437.969,2026-07-05 14:05:32.462,12,4.0,False,,False,True
3627.503,RUS,63,94.725,3.0,1.0,,,30.147,38.492,26.086,3563.027,3601.519,3627.605,305.0,256.0,240.0,307.0,True,MEDIUM,3.0,True,Mercedes,3532.778,2026-07-05 14:07:07.271,1,4.0,False,,False,True
3722.101,RUS,63,94.598,4.0,1.0,,,30.285,38.353,25.96,3657.89,3696.243,3722.203,304.0,256.0,246.0,301.0,True,MEDIUM,4.0,True,Mercedes,3627.503,2026-07-05 14:08:41.996,1,4.0,False,,False,True
3816.87,RUS,63,94.769,5.0,1.0,,,30.342,38.463,25.964,3752.545,3791.008,3816.972,294.0,257.0,246.0,302.0,False,MEDIUM,5.0,True,Mercedes,3722.101,2026-07-05 14:10:16.594,1,4.0,False,,False,True
3911.742,RUS,63,94.872,6.0,1.0,,,30.412,38.435,26.025,3847.384,3885.819,3911.844,293.0,257.0,246.0,301.0,False,MEDIUM,6.0,True,Mercedes,3816.87,2026-07-05 14:11:51.363,1,4.0,False,,False,True
4006.211,RUS,63,94.469,7.0,1.0,,,30.133,38.329,26.007,3941.977,3980.306,4006.313,303.0,255.0,247.0,300.0,True,MEDIUM,7.0,True,Mercedes,3911.742,2026-07-05 14:13:26.235,1,4.0,False,,False,True
4101.008,RUS,63,94.797,8.0,1.0,,,30.302,38.518,25.977,4036.615,4075.133,4101.11,304.0,255.0,247.0,298.0,False,MEDIUM,8.0,True,Mercedes,4006.211,2026-07-05 14:15:00.704,1,4.0,False,,False,True
4196.051,RUS,63,95.043,9.0,1.0,,,30.523,38.432,26.088,4131.633,4170.065,4196.153,297.0,254.0,245.0,299.0,False,MEDIUM,9.0,True,Mercedes,4101.008,2026-07-05 14:16:35.501,1,4.0,False,,False,True
4291.098,RUS,63,95.047,10.0,1.0,,,30.569,38.497,25.981,4226.722,4265.219,4291.2,294.0,254.0,245.0,300.0,False,MEDIUM,10.0,True,Mercedes,4196.051,2026-07-05 14:18:10.544,1,4.0,False,,False,True
4386.205,RUS,63,95.107,11.0,1.0,,,30.377,38.603,26.127,4321.577,4360.18,4386.307,297.0,253.0,245.0,298.0,False,MEDIUM,11.0,True,Mercedes,4291.098,2026-07-05 14:19:45.591,1,4.0,False,,False,True
4481.166,RUS,63,94.961,12.0,1.0,,,30.358,38.444,26.159,4416.665,4455.109,4481.268,294.0,254.0,245.0,301.0,False,MEDIUM,12.0,True,Mercedes,4386.205,2026-07-05 14:21:20.698,1,4.0,False,,False,True
4576.243,RUS,63,95.077,13.0,1.0,,,30.443,38.633,26.001,4511.711,4550.344,4576.345,300.0,254.0,246.0,297.0,False,MEDIUM,13.0,True,Mercedes,4481.166,2026-07-05 14:22:55.659,1,4.0,False,,False,True
4670.951,RUS,63,94.708,14.0,1.0,,,30.153,38.679,25.876,4606.498,4645.177,4671.053,303.0,257.0,244.0,306.0,False,MEDIUM,14.0,True,Mercedes,4576.243,2026-07-05 14:24:30.736,1,4.0,False,,False,True
4765.515,RUS,63,94.564,15.0,1.0,,,30.197,38.664,25.703,4701.25,4739.914,4765.617,306.0,260.0,245.0,306.0,False,MEDIUM,15.0,True,Mercedes,4670.951,2026-07-05 14:26:05.444,1,4.0,False,,False,True
4860.382,RUS,63,94.867,16.0,1.0,,,30.339,38.684,25.844,4795.956,4834.64,4860.484,304.0,256.0,245.0,303.0,False,MEDIUM,16.0,True,Mercedes,4765.515,2026-07-05 14:27:40.008,1,4.0,False,,False,True
4956.165,RUS,63,95.783,17.0,1.0,,,30.232,39.506,26.045,4890.716,4930.222,4956.267,304.0,259.0,235.0,321.0,False,MEDIUM,17.0,True,Mercedes,4860.382,2026-07-05 14:29:14.875,1,5.0,False,,False,True
5051.361,RUS,63,95.196,18.0,1.0,,,30.832,38.395,25.969,4987.099,5025.494,5051.463,295.0,255.0,246.0,300.0,False,MEDIUM,18.0,True,Mercedes,4956.165,2026-07-05 14:30:50.658,1,4.0,False,,False,True
5145.942,RUS,63,94.581,19.0,1.0,,,30.325,38.301,25.955,5081.788,5120.089,5146.044,291.0,255.0,247.0,299.0,False,MEDIUM,19.0,True,Mercedes,5051.361,2026-07-05 14:32:25.854,1,4.0,False,,False,True
5240.495,RUS,63,94.553,20.0,1.0,,,30.336,38.335,25.882,5176.38,5214.715,5240.597,291.0,256.0,246.0,299.0,False,MEDIUM,20.0,True,Mercedes,5145.942,2026-07-05 14:34:00.435,1,4.0,False,,False,True
5334.9,RUS,63,94.405,21.0,1.0,,,30.21,38.257,25.938,5270.807,5309.064,5335.002,299.0,256.0,247.0,302.0,True,MEDIUM,21.0,True,Mercedes,5240.495,2026-07-05 14:35:34.988,1,4.0,False,,False,True
5440.834,RUS,63,105.934,22.0,1.0,,,32.048,48.073,25.813,5367.05,5415.123,5440.936,116.0,257.0,250.0,300.0,False,MEDIUM,22.0,True,Mercedes,5334.9,2026-07-05 14:37:09.393,167,4.0,False,,False,False
5534.784,RUS,63,93.95,23.0,1.0,,5528.864,30.078,38.316,25.556,5471.014,5509.33,5534.886,299.0,256.0,,296.0,False,MEDIUM,23.0,True,Mercedes,5440.834,2026-07-05 14:38:55.327,1,4.0,False,,False,False
5648.487,RUS,63,113.703,24.0,2.0,5557.473,,50.47,37.7,25.533,5585.356,5623.056,5648.589,293.0,259.0,252.0,296.0,False,HARD,1.0,True,Mercedes,5534.784,2026-07-05 14:40:29.277,1,5.0,False,,False,False
5741.245,RUS,63,92.758,25.0,2.0,,,29.67,37.571,25.517,5678.259,5715.83,5741.347,294.0,261.0,250.0,304.0,True,HARD,2.0,True,Mercedes,5648.487,2026-07-05 14:42:22.980,1,5.0,False,,False,True
5834.052,RUS,63,92.807,26.0,2.0,,,29.621,37.778,25.408,5770.968,5808.746,5834.154,307.0,263.0,247.0,311.0,False,HARD,3.0,True,Mercedes,5741.245,2026-07-05 14:43:55.738,1,5.0,False,,False,True
5927.005,RUS,63,92.953,27.0,2.0,,,29.85,37.769,25.334,5864.004,5901.773,5927.107,305.0,265.0,248.0,314.0,False,HARD,4.0,True,Mercedes,5834.052,2026-07-05 14:45:28.545,1,5.0,False,,False,True
6020.113,RUS,63,93.108,28.0,2.0,,,29.677,37.886,25.545,5956.784,5994.67,6020.215,313.0,263.0,247.0,317.0,False,HARD,5.0,True,Mercedes,5927.005,2026-07-05 14:47:01.498,1,5.0,False,,False,True
6114.61,RUS,63,94.497,29.0,2.0,,,29.68,39.267,25.55,6049.895,6089.162,6114.712,315.0,262.0,245.0,310.0,False,HARD,6.0,True,Mercedes,6020.113,2026-07-05 14:48:34.606,1,4.0,False,,False,True
6208.344,RUS,63,93.734,30.0,2.0,,,29.925,37.887,25.922,6144.637,6182.524,6208.446,311.0,262.0,246.0,316.0,False,HARD,7.0,True,Mercedes,6114.61,2026-07-05 14:50:09.103,1,4.0,False,,False,True
6302.239,RUS,63,93.895,31.0,2.0,,,30.015,38.129,25.751,6238.461,6276.59,6302.341,315.0,258.0,245.0,308.0,False,HARD,8.0,True,Mercedes,6208.344,2026-07-05 14:51:42.837,1,4.0,False,,False,True
6396.254,RUS,63,94.015,32.0,2.0,,,30.07,38.057,25.888,6332.411,6370.468,6396.356,308.0,262.0,247.0,320.0,False,HARD,9.0,True,Mercedes,6302.239,2026-07-05 14:53:16.732,1,4.0,False,,False,True
6490.434,RUS,63,94.18,33.0,2.0,,,29.934,38.29,25.956,6426.29,6464.58,6490.536,313.0,263.0,239.0,330.0,False,HARD,10.0,True,Mercedes,6396.254,2026-07-05 14:54:50.747,1,4.0,False,,False,True
6583.864,RUS,63,93.43,34.0,2.0,,6577.973,30.001,38.335,25.094,6520.537,6558.872,6583.966,319.0,262.0,,325.0,False,HARD,11.0,True,Mercedes,6490.434,2026-07-05 14:56:24.927,1,3.0,False,,False,False
6697.905,RUS,63,114.041,35.0,3.0,6606.364,,50.42,37.858,25.763,6634.386,6672.244,6698.007,294.0,260.0,248.0,310.0,False,MEDIUM,7.0,False,Mercedes,6583.864,2026-07-05 14:57:58.357,1,7.0,False,,False,False
6790.394,RUS,63,92.489,36.0,3.0,,,29.639,37.384,25.466,6727.646,6765.03,6790.496,302.0,262.0,253.0,305.0,True,MEDIUM,8.0,False,Mercedes,6697.905,2026-07-05 14:59:52.398,1,6.0,False,,False,True
6882.892,RUS,63,92.498,37.0,3.0,,,29.695,37.379,25.424,6820.191,6857.57,6882.994,295.0,261.0,253.0,302.0,False,MEDIUM,9.0,False,Mercedes,6790.394,2026-07-05 15:01:24.887,1,6.0,False,,False,True
6987.056,RUS,63,104.164,38.0,3.0,,,29.621,39.256,35.287,6912.615,6951.871,6987.158,297.0,127.0,172.0,268.0,False,MEDIUM,10.0,False,Mercedes,6882.892,2026-07-05 15:02:57.385,126,6.0,False,,False,False
7092.552,RUS,63,105.496,39.0,3.0,,,41.009,38.856,25.631,7028.167,7067.023,7092.654,168.0,263.0,254.0,293.0,False,MEDIUM,11.0,False,Mercedes,6987.056,2026-07-05 15:04:41.549,671,5.0,False,,False,False
7185.135,RUS,63,92.583,40.0,3.0,,,29.607,37.46,25.516,7122.261,7159.721,7185.237,300.0,261.0,251.0,299.0,False,MEDIUM,12.0,False,Mercedes,7092.552,2026-07-05 15:06:27.045,1,5.0,False,,False,True
7277.867,RUS,63,92.732,41.0,3.0,,,29.786,37.556,25.39,7215.023,7252.579,7277.969,308.0,262.0,252.0,299.0,False,MEDIUM,13.0,False,Mercedes,7185.135,2026-07-05 15:07:59.628,1,5.0,False,,False,True
7370.553,RUS,63,92.686,42.0,3.0,,,29.755,37.46,25.471,7307.724,7345.184,7370.655,304.0,261.0,253.0,305.0,False,MEDIUM,14.0,False,Mercedes,7277.867,2026-07-05 15:09:32.360,1,4.0,False,,False,True
7463.308,RUS,63,92.755,43.0,3.0,,,29.657,37.409,25.689,7400.312,7437.721,7463.41,303.0,260.0,251.0,303.0,False,MEDIUM,15.0,False,Mercedes,7370.553,2026-07-05 15:11:05.046,1,4.0,False,,False,True
7555.799,RUS,63,92.491,44.0,3.0,,,29.681,37.277,25.533,7493.091,7530.368,7555.901,306.0,261.0,249.0,311.0,False,MEDIUM,16.0,False,Mercedes,7463.308,2026-07-05 15:12:37.801,1,4.0,False,,False,True
7648.941,RUS,63,93.142,45.0,3.0,,,29.67,37.724,25.748,7585.571,7623.295,7649.043,314.0,261.0,251.0,310.0,False,MEDIUM,17.0,False,Mercedes,7555.799,2026-07-05 15:14:10.292,1,4.0,False,,False,True
7741.927,RUS,63,92.986,46.0,3.0,,,29.703,37.579,25.704,7678.746,7716.325,7742.029,300.0,261.0,250.0,303.0,False,MEDIUM,18.0,False,Mercedes,7648.941,2026-07-05 15:15:43.434,1,4.0,False,,False,True
7835.185,RUS,63,93.258,47.0,3.0,,,29.544,37.502,26.212,7771.573,7809.075,7835.287,308.0,262.0,253.0,310.0,False,MEDIUM,19.0,False,Mercedes,7741.927,2026-07-05 15:17:16.420,12,3.0,False,,False,True
7962.024,RUS,63,126.839,48.0,3.0,,,41.8,50.732,34.307,7877.087,7927.819,7962.126,277.0,249.0,187.0,210.0,False,MEDIUM,20.0,False,Mercedes,7835.185,2026-07-05 15:18:49.678,24,3.0,False,,False,False
8093.01,RUS,63,130.986,49.0,3.0,,,41.49,49.764,39.732,8003.616,8053.38,8093.112,236.0,195.0,252.0,241.0,False,MEDIUM,21.0,False,Mercedes,7962.024,2026-07-05 15:20:56.517,4,2.0,False,,False,False
8256.179,RUS,63,,50.0,3.0,,,45.025,70.299,47.791,8138.193,8208.505,8256.281,119.0,83.0,97.0,97.0,False,MEDIUM,22.0,False,Mercedes,8093.01,2026-07-05 15:23:07.503,4,2.0,False,,False,False
8428.303,RUS,63,,51.0,3.0,,,60.36,67.249,44.541,8316.638,8384.005,8428.457,123.0,95.0,140.0,143.0,False,MEDIUM,23.0,False,Mercedes,8256.179,2026-07-05 15:25:50.672,4,2.0,False,,False,False
8571.588,RUS,63,143.285,52.0,3.0,,,46.335,59.951,36.999,8474.74,8534.691,8571.69,166.0,143.0,193.0,186.0,False,MEDIUM,24.0,False,Mercedes,8428.303,2026-07-05 15:28:42.796,4,2.0,False,,False,False
3447.094,BOT,77,107.296,1.0,1.0,,,,41.95,27.355,,3419.909,3447.199,282.0,253.0,235.0,312.0,False,MEDIUM,1.0,True,Cadillac,3339.562,2026-07-05 14:03:54.055,12,18.0,False,,False,False
3545.802,BOT,77,98.708,2.0,1.0,,,31.116,40.98,26.612,3478.23,3519.21,3545.822,288.0,256.0,239.0,313.0,True,MEDIUM,2.0,True,Cadillac,3447.094,2026-07-05 14:05:41.587,12,16.0,False,,False,True
3643.329,BOT,77,97.527,3.0,1.0,,,30.84,39.779,26.908,3576.662,3616.441,3643.349,290.0,253.0,240.0,302.0,True,MEDIUM,3.0,True,Cadillac,3545.802,2026-07-05 14:07:20.295,1,16.0,False,,False,True
3740.612,BOT,77,97.283,4.0,1.0,,,30.729,39.662,26.892,3674.078,3713.74,3740.632,288.0,252.0,241.0,298.0,True,MEDIUM,4.0,True,Cadillac,3643.329,2026-07-05 14:08:57.822,1,16.0,False,,False,True
3837.769,BOT,77,97.157,5.0,1.0,,,30.567,39.846,26.744,3771.199,3811.045,3837.789,289.0,252.0,240.0,302.0,True,MEDIUM,5.0,True,Cadillac,3740.612,2026-07-05 14:10:35.105,1,16.0,False,,False,True
3935.797,BOT,77,98.028,6.0,1.0,,,30.643,39.707,27.678,3868.432,3908.139,3935.817,293.0,256.0,238.0,304.0,False,MEDIUM,6.0,True,Cadillac,3837.769,2026-07-05 14:12:12.262,1,17.0,False,,False,True
4034.211,BOT,77,98.414,7.0,1.0,,,30.995,39.947,27.472,3966.812,4006.759,4034.231,295.0,253.0,238.0,306.0,False,MEDIUM,7.0,True,Cadillac,3935.797,2026-07-05 14:13:50.290,1,18.0,False,,False,True
4131.97,BOT,77,97.759,8.0,1.0,,,31.001,40.041,26.717,4065.232,4105.273,4131.99,292.0,253.0,239.0,309.0,False,MEDIUM,8.0,True,Cadillac,4034.211,2026-07-05 14:15:28.704,1,18.0,False,,False,True
4230.134,BOT,77,98.164,9.0,1.0,,,30.826,40.158,27.18,4162.816,4202.974,4230.154,289.0,248.0,238.0,301.0,False,MEDIUM,9.0,True,Cadillac,4131.97,2026-07-05 14:17:06.463,1,18.0,False,,False,True
4328.178,BOT,77,98.044,10.0,1.0,,,31.05,40.161,26.833,4261.204,4301.365,4328.198,288.0,252.0,238.0,301.0,False,MEDIUM,10.0,True,Cadillac,4230.134,2026-07-05 14:18:44.627,1,18.0,False,,False,True
4426.26,BOT,77,98.082,11.0,1.0,,,30.966,40.126,26.99,4359.164,4399.29,4426.28,287.0,251.0,238.0,299.0,False,MEDIUM,11.0,True,Cadillac,4328.178,2026-07-05 14:20:22.671,1,18.0,False,,False,True
4524.114,BOT,77,97.854,12.0,1.0,,,30.821,39.99,27.043,4457.101,4497.091,4524.134,287.0,253.0,237.0,300.0,False,MEDIUM,12.0,True,Cadillac,4426.26,2026-07-05 14:22:00.753,1,18.0,False,,False,True
4621.758,BOT,77,97.644,13.0,1.0,,,30.877,39.961,26.806,4555.011,4594.972,4621.778,288.0,253.0,239.0,299.0,False,MEDIUM,13.0,True,Cadillac,4524.114,2026-07-05 14:23:38.607,1,18.0,False,,False,True
4719.458,BOT,77,97.7,14.0,1.0,,,30.689,40.01,27.001,4652.467,4692.477,4719.478,287.0,252.0,238.0,296.0,False,MEDIUM,14.0,True,Cadillac,4621.758,2026-07-05 14:25:16.251,1,18.0,False,,False,True
4817.035,BOT,77,97.577,15.0,1.0,,,30.861,39.892,26.824,4750.339,4790.231,4817.055,286.0,251.0,239.0,294.0,False,MEDIUM,15.0,True,Cadillac,4719.458,2026-07-05 14:26:53.951,1,18.0,False,,False,True
4914.702,BOT,77,97.667,16.0,1.0,,,30.922,39.859,26.886,4847.977,4887.836,4914.722,287.0,252.0,240.0,293.0,False,MEDIUM,16.0,True,Cadillac,4817.035,2026-07-05 14:28:31.528,1,18.0,False,,False,True
5012.377,BOT,77,97.675,17.0,1.0,,,30.668,39.885,27.122,4945.39,4985.275,5012.397,288.0,250.0,240.0,290.0,False,MEDIUM,17.0,True,Cadillac,4914.702,2026-07-05 14:30:09.195,1,18.0,False,,False,True
5110.444,BOT,77,98.067,18.0,1.0,,,30.914,40.043,27.11,5043.311,5083.354,5110.464,284.0,252.0,239.0,292.0,False,MEDIUM,18.0,True,Cadillac,5012.377,2026-07-05 14:31:46.870,1,17.0,False,,False,True
5208.273,BOT,77,97.829,19.0,1.0,,,30.919,40.057,26.853,5141.383,5181.44,5208.293,285.0,253.0,241.0,294.0,False,MEDIUM,19.0,True,Cadillac,5110.444,2026-07-05 14:33:24.937,1,17.0,False,,False,True
5307.061,BOT,77,98.788,20.0,1.0,,,30.845,40.066,27.877,5239.138,5279.204,5307.081,286.0,250.0,236.0,307.0,False,MEDIUM,20.0,True,Cadillac,5208.273,2026-07-05 14:35:02.766,1,18.0,False,,False,True
5414.101,BOT,77,107.04,21.0,1.0,,,31.028,46.491,29.521,5338.109,5384.6,5414.121,287.0,209.0,236.0,263.0,False,MEDIUM,21.0,True,Cadillac,5307.061,2026-07-05 14:36:41.554,167,18.0,False,,False,False
5513.373,BOT,77,99.272,22.0,1.0,,,31.891,40.531,26.85,5446.012,5486.543,5513.393,217.0,252.0,235.0,307.0,False,MEDIUM,22.0,True,Cadillac,5414.101,2026-07-05 14:38:28.594,1,17.0,False,,False,True
5611.365,BOT,77,97.992,23.0,1.0,,,31.057,39.977,26.958,5544.45,5584.427,5611.385,289.0,252.0,237.0,297.0,False,MEDIUM,23.0,True,Cadillac,5513.373,2026-07-05 14:40:07.866,1,17.0,False,,False,True
5710.541,BOT,77,99.176,24.0,1.0,,,31.323,40.311,27.542,5642.708,5683.019,5710.561,282.0,251.0,236.0,278.0,False,MEDIUM,24.0,True,Cadillac,5611.365,2026-07-05 14:41:45.858,1,17.0,False,,False,True
5810.742,BOT,77,100.201,25.0,1.0,,,32.198,40.206,27.797,5742.759,5782.965,5810.762,290.0,253.0,236.0,275.0,False,MEDIUM,25.0,True,Cadillac,5710.541,2026-07-05 14:43:25.034,1,19.0,False,,False,True
5908.242,BOT,77,97.5,26.0,1.0,,,30.781,40.014,26.705,5841.543,5881.557,5908.262,295.0,257.0,235.0,309.0,False,MEDIUM,26.0,True,Cadillac,5810.742,2026-07-05 14:45:05.235,1,19.0,False,,False,True
6006.168,BOT,77,97.926,27.0,1.0,,,30.926,39.974,27.026,5939.188,5979.162,6006.188,293.0,256.0,237.0,304.0,False,MEDIUM,27.0,True,Cadillac,5908.242,2026-07-05 14:46:42.735,1,19.0,False,,False,True
6104.766,BOT,77,98.598,28.0,1.0,,,30.839,40.851,26.908,6037.027,6077.878,6104.786,290.0,255.0,237.0,308.0,False,MEDIUM,28.0,True,Cadillac,6006.168,2026-07-05 14:48:20.661,1,19.0,False,,False,True
6201.799,BOT,77,97.033,29.0,1.0,,6195.799,30.937,40.026,26.07,6135.723,6175.749,6201.819,288.0,255.0,,303.0,False,MEDIUM,29.0,True,Cadillac,6104.766,2026-07-05 14:49:59.259,1,19.0,False,,False,False
6322.278,BOT,77,120.479,30.0,2.0,6227.42,,54.284,39.718,26.477,6256.103,6295.821,6322.298,294.0,255.0,245.0,301.0,False,HARD,1.0,True,Cadillac,6201.799,2026-07-05 14:51:36.292,1,19.0,False,,False,False
6418.171,BOT,77,95.893,31.0,2.0,,,30.324,39.246,26.323,6352.622,6391.868,6418.191,288.0,258.0,245.0,301.0,True,HARD,2.0,True,Cadillac,6322.278,2026-07-05 14:53:36.771,1,19.0,False,,False,True
6514.363,BOT,77,96.192,32.0,2.0,,,30.402,39.139,26.651,6448.593,6487.732,6514.383,289.0,256.0,243.0,297.0,False,HARD,3.0,True,Cadillac,6418.171,2026-07-05 14:55:12.664,1,19.0,False,,False,True
6610.567,BOT,77,96.204,33.0,2.0,,,30.408,39.152,26.644,6544.791,6583.943,6610.587,289.0,254.0,241.0,298.0,False,HARD,4.0,True,Cadillac,6514.363,2026-07-05 14:56:48.856,1,19.0,False,,False,True
6707.107,BOT,77,96.54,34.0,2.0,,,30.59,39.35,26.6,6641.177,6680.527,6707.127,288.0,254.0,242.0,298.0,False,HARD,5.0,True,Cadillac,6610.567,2026-07-05 14:58:25.060,1,19.0,False,,False,True
6803.238,BOT,77,96.131,35.0,2.0,,,30.527,39.157,26.447,6737.654,6776.811,6803.258,288.0,255.0,241.0,302.0,False,HARD,6.0,True,Cadillac,6707.107,2026-07-05 15:00:01.600,1,19.0,False,,False,True
6899.419,BOT,77,96.181,36.0,2.0,,,30.53,39.048,26.603,6833.788,6872.836,6899.439,288.0,256.0,239.0,301.0,False,HARD,7.0,True,Cadillac,6803.238,2026-07-05 15:01:37.731,1,19.0,False,,False,True
7010.938,BOT,77,111.519,37.0,2.0,,,30.651,47.643,33.225,6930.09,6977.733,7010.958,286.0,233.0,173.0,212.0,False,HARD,8.0,True,Cadillac,6899.419,2026-07-05 15:03:13.912,126,18.0,False,,False,False
7117.209,BOT,77,106.271,38.0,2.0,,,36.736,41.882,27.653,7047.694,7089.576,7117.229,286.0,254.0,240.0,306.0,False,HARD,9.0,True,Cadillac,7010.938,2026-07-05 15:05:05.431,671,18.0,False,,False,False
7214.86,BOT,77,97.651,39.0,2.0,,,31.684,39.546,26.421,7148.913,7188.459,7214.88,302.0,259.0,238.0,309.0,False,HARD,10.0,True,Cadillac,7117.209,2026-07-05 15:06:51.702,1,18.0,False,,False,True
7313.31,BOT,77,98.45,40.0,2.0,,,31.078,39.651,27.721,7245.958,7285.609,7313.33,285.0,254.0,240.0,243.0,False,HARD,11.0,True,Cadillac,7214.86,2026-07-05 15:08:29.353,1,18.0,False,,False,True
7409.451,BOT,77,96.141,41.0,2.0,,,30.278,39.361,26.502,7343.608,7382.969,7409.471,295.0,257.0,241.0,307.0,False,HARD,12.0,True,Cadillac,7313.31,2026-07-05 15:10:07.803,1,18.0,False,,False,True
7505.738,BOT,77,96.287,42.0,2.0,,,30.47,39.249,26.568,7439.941,7479.19,7505.758,292.0,255.0,244.0,297.0,False,HARD,13.0,True,Cadillac,7409.451,2026-07-05 15:11:43.944,1,18.0,False,,False,True
7601.899,BOT,77,96.161,43.0,2.0,,,30.457,39.159,26.545,7536.215,7575.374,7601.919,289.0,258.0,245.0,301.0,False,HARD,14.0,True,Cadillac,7505.738,2026-07-05 15:13:20.231,1,18.0,False,,False,True
7698.911,BOT,77,97.012,44.0,2.0,,,30.498,39.661,26.853,7632.417,7672.078,7698.931,292.0,256.0,240.0,295.0,False,HARD,15.0,True,Cadillac,7601.899,2026-07-05 15:14:56.392,1,18.0,False,,False,True
7795.472,BOT,77,96.561,45.0,2.0,,,30.544,39.381,26.636,7729.475,7768.856,7795.492,290.0,256.0,240.0,300.0,False,HARD,16.0,True,Cadillac,7698.911,2026-07-05 15:16:33.404,1,18.0,False,,False,True
7908.55,BOT,77,113.078,46.0,2.0,,7902.647,30.985,51.633,30.46,7826.477,7878.11,7908.57,284.0,238.0,,219.0,False,HARD,17.0,True,Cadillac,7795.472,2026-07-05 15:18:09.965,124,18.0,False,,False,False
8053.228,BOT,77,144.678,47.0,3.0,7932.196,,58.164,52.734,33.78,7966.734,8019.468,8053.248,239.0,207.0,219.0,213.0,False,SOFT,1.0,True,Cadillac,7908.55,2026-07-05 15:20:03.043,4,17.0,False,,False,False
8155.117,BOT,77,101.889,48.0,3.0,,,31.263,40.088,30.538,8084.511,8124.599,8155.137,297.0,252.0,233.0,170.0,False,SOFT,2.0,True,Cadillac,8053.228,2026-07-05 15:22:27.721,4,17.0,False,,False,False
8269.055,BOT,77,113.938,49.0,3.0,,,30.362,42.713,40.863,8185.499,8228.212,8269.075,299.0,161.0,168.0,207.0,False,SOFT,3.0,True,Cadillac,8155.117,2026-07-05 15:24:09.610,4,17.0,False,,False,False
8375.537,BOT,77,106.482,50.0,3.0,,,39.834,40.253,26.395,8308.909,8349.162,8375.557,256.0,259.0,241.0,316.0,False,SOFT,4.0,True,Cadillac,8269.055,2026-07-05 15:26:03.548,4,17.0,False,,False,False
8474.163,BOT,77,98.626,51.0,3.0,,,31.723,40.17,26.733,8407.28,8447.45,8474.183,277.0,260.0,235.0,311.0,False,SOFT,5.0,True,Cadillac,8375.537,2026-07-05 15:27:50.030,4,17.0,False,,False,False
8579.295,BOT,77,105.132,52.0,3.0,,,30.176,43.612,31.344,8504.359,8547.971,8579.315,296.0,209.0,243.0,254.0,False,SOFT,6.0,True,Cadillac,8474.163,2026-07-05 15:29:28.656,4,17.0,False,,False,False
3445.274,PIA,81,105.476,1.0,1.0,,,,41.312,29.039,,3416.411,3445.429,306.0,247.0,223.0,292.0,False,MEDIUM,1.0,True,McLaren,3339.562,2026-07-05 14:03:54.055,12,14.0,False,,False,False
3566.238,PIA,81,120.964,2.0,1.0,,3560.265,36.201,52.643,32.12,3481.555,3534.198,3566.318,228.0,181.0,,222.0,False,MEDIUM,2.0,True,McLaren,3445.274,2026-07-05 14:05:39.767,12,21.0,False,,False,False
3693.453,PIA,81,127.215,3.0,2.0,3600.945,,62.771,38.61,25.834,3629.089,3667.699,3693.533,298.0,260.0,252.0,297.0,False,HARD,1.0,True,McLaren,3566.238,2026-07-05 14:07:40.731,1,21.0,False,,False,False
3787.816,PIA,81,94.363,4.0,2.0,,,29.699,38.551,26.113,3723.232,3761.783,3787.896,295.0,256.0,251.0,297.0,True,HARD,2.0,True,McLaren,3693.453,2026-07-05 14:09:47.946,1,21.0,False,,False,True
3882.537,PIA,81,94.721,5.0,2.0,,,30.083,38.612,26.026,3817.979,3856.591,3882.617,290.0,259.0,251.0,298.0,False,HARD,3.0,True,McLaren,3787.816,2026-07-05 14:11:22.309,1,21.0,False,,False,True
3977.168,PIA,81,94.631,6.0,2.0,,,30.059,38.529,26.043,3912.676,3951.205,3977.248,290.0,257.0,249.0,299.0,False,HARD,4.0,True,McLaren,3882.537,2026-07-05 14:12:57.030,1,21.0,False,,False,True
4072.046,PIA,81,94.878,7.0,2.0,,,30.238,38.645,25.995,4007.486,4046.131,4072.126,287.0,257.0,250.0,297.0,False,HARD,5.0,True,McLaren,3977.168,2026-07-05 14:14:31.661,1,21.0,False,,False,True
4166.844,PIA,81,94.798,8.0,2.0,,,30.259,38.491,26.048,4102.385,4140.876,4166.924,289.0,256.0,249.0,299.0,False,HARD,6.0,True,McLaren,4072.046,2026-07-05 14:16:06.539,1,21.0,False,,False,True
4262.24,PIA,81,95.396,9.0,2.0,,,30.393,38.902,26.101,4197.317,4236.219,4262.32,288.0,255.0,250.0,299.0,False,HARD,7.0,True,McLaren,4166.844,2026-07-05 14:17:41.337,1,21.0,False,,False,True
4357.464,PIA,81,95.224,10.0,2.0,,,30.284,38.71,26.23,4292.604,4331.314,4357.544,290.0,256.0,247.0,299.0,False,HARD,8.0,True,McLaren,4262.24,2026-07-05 14:19:16.733,1,21.0,False,,False,True
4452.766,PIA,81,95.302,11.0,2.0,,,30.249,38.832,26.221,4387.793,4426.625,4452.846,288.0,255.0,249.0,300.0,False,HARD,9.0,True,McLaren,4357.464,2026-07-05 14:20:51.957,1,21.0,False,,False,True
4548.406,PIA,81,95.64,12.0,2.0,,,30.387,38.842,26.411,4483.233,4522.075,4548.486,288.0,257.0,249.0,298.0,False,HARD,10.0,True,McLaren,4452.766,2026-07-05 14:22:27.259,1,21.0,False,,False,True
4643.588,PIA,81,95.182,13.0,2.0,,,30.132,38.891,26.159,4578.618,4617.509,4643.668,294.0,257.0,250.0,300.0,False,HARD,11.0,True,McLaren,4548.406,2026-07-05 14:24:02.899,1,21.0,False,,False,True
4738.905,PIA,81,95.317,14.0,2.0,,,30.155,38.884,26.278,4673.823,4712.707,4738.985,293.0,256.0,248.0,306.0,False,HARD,12.0,True,McLaren,4643.588,2026-07-05 14:25:38.081,1,21.0,False,,False,True
4835.229,PIA,81,96.324,15.0,2.0,,,30.305,39.735,26.284,4769.29,4809.025,4835.309,306.0,255.0,249.0,296.0,False,HARD,13.0,True,McLaren,4738.905,2026-07-05 14:27:13.398,1,19.0,False,,False,True
4930.386,PIA,81,95.157,16.0,2.0,,,30.136,38.876,26.145,4865.445,4904.321,4930.466,289.0,255.0,249.0,297.0,False,HARD,14.0,True,McLaren,4835.229,2026-07-05 14:28:49.722,1,19.0,False,,False,True
5025.627,PIA,81,95.241,17.0,2.0,,,30.129,38.955,26.157,4960.595,4999.55,5025.707,293.0,254.0,250.0,298.0,False,HARD,15.0,True,McLaren,4930.386,2026-07-05 14:30:24.879,1,19.0,False,,False,True
5120.555,PIA,81,94.928,18.0,2.0,,,30.043,38.697,26.188,5055.75,5094.447,5120.635,291.0,257.0,250.0,298.0,False,HARD,16.0,True,McLaren,5025.627,2026-07-05 14:32:00.120,1,19.0,False,,False,True
5215.418,PIA,81,94.863,19.0,2.0,,,30.088,38.677,26.098,5150.723,5189.4,5215.498,296.0,258.0,249.0,301.0,False,HARD,17.0,True,McLaren,5120.555,2026-07-05 14:33:35.048,1,19.0,False,,False,True
5310.414,PIA,81,94.996,20.0,2.0,,,30.127,38.632,26.237,5245.625,5284.257,5310.494,295.0,258.0,247.0,305.0,False,HARD,18.0,True,McLaren,5215.418,2026-07-05 14:35:09.911,1,19.0,False,,False,True
5415.792,PIA,81,105.378,21.0,2.0,,,30.093,48.547,26.738,5340.587,5389.134,5415.872,301.0,255.0,249.0,300.0,False,HARD,19.0,True,McLaren,5310.414,2026-07-05 14:36:44.907,167,19.0,False,,False,False
5511.087,PIA,81,95.295,22.0,2.0,,,30.171,38.833,26.291,5446.043,5484.876,5511.167,301.0,253.0,249.0,296.0,False,HARD,20.0,True,McLaren,5415.792,2026-07-05 14:38:30.285,1,16.0,False,,False,True
5606.051,PIA,81,94.964,23.0,2.0,,,30.07,38.75,26.144,5541.237,5579.987,5606.131,296.0,255.0,251.0,297.0,False,HARD,21.0,True,McLaren,5511.087,2026-07-05 14:40:05.580,1,16.0,False,,False,True
5700.814,PIA,81,94.763,24.0,2.0,,,29.969,38.682,26.112,5636.1,5674.782,5700.894,300.0,256.0,248.0,297.0,False,HARD,22.0,True,McLaren,5606.051,2026-07-05 14:41:40.544,1,16.0,False,,False,True
5795.499,PIA,81,94.685,25.0,2.0,,,29.986,38.66,26.039,5730.88,5769.54,5795.579,295.0,258.0,249.0,303.0,False,HARD,23.0,True,McLaren,5700.814,2026-07-05 14:43:15.307,1,16.0,False,,False,True
5890.115,PIA,81,94.616,26.0,2.0,,,29.931,38.694,25.991,5825.51,5864.204,5890.195,300.0,259.0,249.0,305.0,False,HARD,24.0,True,McLaren,5795.499,2026-07-05 14:44:49.992,1,16.0,False,,False,True
5985.105,PIA,81,94.99,27.0,2.0,,,29.847,38.678,26.465,5920.042,5958.72,5985.185,307.0,257.0,244.0,310.0,False,HARD,25.0,True,McLaren,5890.115,2026-07-05 14:46:24.608,1,16.0,False,,False,True
6080.999,PIA,81,95.894,28.0,2.0,,,29.965,39.163,26.766,6015.15,6054.313,6081.079,308.0,252.0,245.0,313.0,False,HARD,26.0,True,McLaren,5985.105,2026-07-05 14:47:59.598,1,16.0,True,TRACK LIMITS AT TURN 15 LAP 28 ,False,True
6176.401,PIA,81,95.402,29.0,2.0,,,29.997,38.995,26.41,6111.076,6150.071,6176.481,331.0,256.0,250.0,300.0,False,HARD,27.0,True,McLaren,6080.999,2026-07-05 14:49:35.492,1,15.0,False,,False,True
6271.686,PIA,81,95.285,30.0,2.0,,,30.177,38.837,26.271,6206.658,6245.495,6271.766,293.0,255.0,250.0,303.0,False,HARD,28.0,True,McLaren,6176.401,2026-07-05 14:51:10.894,1,15.0,False,,False,True
6368.371,PIA,81,96.685,31.0,2.0,,,30.001,38.922,27.762,6301.767,6340.689,6368.451,297.0,257.0,246.0,222.0,False,HARD,29.0,True,McLaren,6271.686,2026-07-05 14:52:46.179,1,15.0,False,,False,True
6464.081,PIA,81,95.71,32.0,2.0,,,30.248,39.064,26.398,6398.699,6437.763,6464.161,292.0,252.0,250.0,303.0,False,HARD,30.0,True,McLaren,6368.371,2026-07-05 14:54:22.864,1,15.0,False,,False,True
6559.384,PIA,81,95.303,33.0,2.0,,,29.698,39.365,26.24,6493.859,6533.224,6559.464,312.0,258.0,242.0,338.0,False,HARD,31.0,True,McLaren,6464.081,2026-07-05 14:55:58.574,1,14.0,False,,False,True
6656.2,PIA,81,96.816,34.0,2.0,,,30.523,39.538,26.755,6589.987,6629.525,6656.28,289.0,248.0,248.0,290.0,False,HARD,32.0,True,McLaren,6559.384,2026-07-05 14:57:33.877,1,14.0,False,,False,True
6752.129,PIA,81,95.929,35.0,2.0,,,30.297,39.011,26.621,6686.577,6725.588,6752.209,285.0,254.0,246.0,295.0,False,HARD,33.0,True,McLaren,6656.2,2026-07-05 14:59:10.693,1,13.0,False,,False,True
6846.675,PIA,81,94.546,36.0,2.0,,6840.78,30.259,38.522,25.765,6782.468,6820.99,6846.755,290.0,255.0,,297.0,False,HARD,34.0,True,McLaren,6752.129,2026-07-05 15:00:46.622,1,13.0,False,,False,False
6968.08,PIA,81,121.405,37.0,3.0,6870.249,,51.19,38.591,31.624,6897.945,6936.536,6968.16,305.0,257.0,152.0,304.0,False,MEDIUM,4.0,False,McLaren,6846.675,2026-07-05 15:02:21.168,126,16.0,False,,False,False
7079.242,PIA,81,111.162,38.0,3.0,,,39.459,46.345,25.358,7007.619,7053.964,7079.322,192.0,264.0,255.0,316.0,False,MEDIUM,5.0,False,McLaren,6968.08,2026-07-05 15:04:22.573,671,16.0,False,,False,False
7172.411,PIA,81,93.169,39.0,3.0,,,29.221,38.075,25.873,7108.543,7146.618,7172.491,324.0,259.0,251.0,314.0,True,MEDIUM,6.0,False,McLaren,7079.242,2026-07-05 15:06:13.735,1,15.0,False,,False,True
7265.946,PIA,81,93.535,40.0,3.0,,,29.857,38.004,25.674,7202.348,7240.352,7266.026,322.0,257.0,252.0,303.0,False,MEDIUM,7.0,False,McLaren,7172.411,2026-07-05 15:07:46.904,1,14.0,False,,False,True
7359.091,PIA,81,93.145,41.0,3.0,,,29.591,37.832,25.722,7295.617,7333.449,7359.171,301.0,259.0,254.0,308.0,True,MEDIUM,8.0,False,McLaren,7265.946,2026-07-05 15:09:20.439,1,14.0,False,,False,True
7452.008,PIA,81,92.917,42.0,3.0,,,29.338,37.837,25.742,7388.509,7426.346,7452.088,308.0,261.0,252.0,309.0,True,MEDIUM,9.0,False,McLaren,7359.091,2026-07-05 15:10:53.584,1,14.0,False,,False,True
7545.077,PIA,81,93.069,43.0,3.0,,,29.411,37.805,25.853,7481.499,7519.304,7545.157,311.0,259.0,252.0,313.0,False,MEDIUM,10.0,False,McLaren,7452.008,2026-07-05 15:12:26.501,1,14.0,False,,False,True
7639.364,PIA,81,94.287,44.0,3.0,,,29.704,38.782,25.801,7574.861,7613.643,7639.444,299.0,259.0,253.0,325.0,False,MEDIUM,11.0,False,McLaren,7545.077,2026-07-05 15:13:59.570,1,13.0,False,,False,True
7732.769,PIA,81,93.405,45.0,3.0,,,29.671,37.961,25.773,7669.115,7707.076,7732.849,294.0,258.0,252.0,297.0,False,MEDIUM,12.0,False,McLaren,7639.364,2026-07-05 15:15:33.857,1,13.0,False,,False,True
7825.801,PIA,81,93.032,46.0,3.0,,,29.662,37.617,25.753,7762.511,7800.128,7825.881,298.0,261.0,253.0,301.0,False,MEDIUM,13.0,False,McLaren,7732.769,2026-07-05 15:17:07.262,12,13.0,False,,False,True
7946.15,PIA,81,120.349,47.0,3.0,,7940.318,38.814,50.087,31.448,7864.695,7914.782,7946.23,202.0,215.0,,207.0,False,MEDIUM,14.0,False,McLaren,7825.801,2026-07-05 15:18:40.294,24,12.0,False,,False,False
8095.043,PIA,81,148.893,48.0,4.0,7969.334,,59.509,50.367,39.017,8005.739,8056.106,8095.123,253.0,244.0,252.0,252.0,False,SOFT,4.0,False,McLaren,7946.15,2026-07-05 15:20:40.643,4,13.0,False,,False,False
8258.325,PIA,81,,49.0,4.0,,,44.661,69.974,48.599,8139.858,8209.98,8258.411,138.0,99.0,94.0,89.0,False,SOFT,5.0,False,McLaren,8095.043,2026-07-05 15:23:09.536,4,12.0,False,,False,False
8353.031,PIA,81,94.706,50.0,4.0,,,32.075,37.254,25.377,8290.48,8327.734,8353.111,302.0,261.0,259.0,294.0,False,SOFT,6.0,False,McLaren,8258.325,2026-07-05 15:25:52.818,4,12.0,False,,False,False
8446.617,PIA,81,93.586,51.0,4.0,,,29.187,37.384,27.015,8382.298,8419.682,8446.697,295.0,263.0,232.0,296.0,False,SOFT,7.0,False,McLaren,8353.031,2026-07-05 15:27:27.524,4,12.0,False,,False,False
8575.195,PIA,81,128.578,52.0,4.0,,,36.926,57.888,33.764,8483.623,8541.511,8575.275,168.0,146.0,244.0,238.0,False,SOFT,8.0,False,McLaren,8446.617,2026-07-05 15:29:01.110,4,12.0,False,,False,False
3449.355,BEA,87,109.557,1.0,1.0,,,,45.662,26.726,,3422.765,3449.587,300.0,257.0,240.0,308.0,False,MEDIUM,1.0,True,Haas F1 Team,3339.562,2026-07-05 14:03:54.055,12,20.0,False,,False,False
3547.188,BEA,87,97.833,2.0,1.0,,,31.131,40.153,26.549,3480.584,3520.737,3547.286,293.0,256.0,241.0,319.0,True,MEDIUM,2.0,True,Haas F1 Team,3449.355,2026-07-05 14:05:43.848,12,17.0,False,,False,True
3644.561,BEA,87,97.373,3.0,1.0,,,30.648,39.82,26.905,3577.934,3617.754,3644.659,294.0,248.0,240.0,298.0,True,MEDIUM,3.0,True,Haas F1 Team,3547.188,2026-07-05 14:07:21.681,1,17.0,False,,False,True
3741.691,BEA,87,97.13,4.0,1.0,,,30.764,39.786,26.58,3675.423,3715.209,3741.789,293.0,255.0,240.0,309.0,True,MEDIUM,4.0,True,Haas F1 Team,3644.561,2026-07-05 14:08:59.054,1,17.0,False,,False,True
3838.558,BEA,87,96.867,5.0,1.0,,,30.224,39.922,26.721,3772.013,3811.935,3838.656,306.0,253.0,239.0,304.0,True,MEDIUM,5.0,True,Haas F1 Team,3741.691,2026-07-05 14:10:36.184,1,17.0,False,,False,True
3935.037,BEA,87,96.479,6.0,1.0,,,30.422,39.678,26.379,3869.078,3908.756,3935.135,311.0,257.0,240.0,339.0,True,MEDIUM,6.0,True,Haas F1 Team,3838.558,2026-07-05 14:12:13.051,1,16.0,False,,False,True
4032.368,BEA,87,97.331,7.0,1.0,,,30.795,39.64,26.896,3965.93,4005.57,4032.466,288.0,252.0,240.0,292.0,False,MEDIUM,7.0,True,Haas F1 Team,3935.037,2026-07-05 14:13:49.530,1,16.0,False,,False,True
4129.573,BEA,87,97.205,8.0,1.0,,,30.83,39.579,26.796,4063.296,4102.875,4129.671,284.0,252.0,242.0,294.0,False,MEDIUM,8.0,True,Haas F1 Team,4032.368,2026-07-05 14:15:26.861,1,16.0,False,,False,True
4226.862,BEA,87,97.289,9.0,1.0,,,30.719,39.748,26.822,4160.39,4200.138,4226.96,289.0,251.0,240.0,299.0,False,MEDIUM,9.0,True,Haas F1 Team,4129.573,2026-07-05 14:17:04.066,1,16.0,False,,False,True
4325.231,BEA,87,98.369,10.0,1.0,,,30.849,40.706,26.814,4257.809,4298.515,4325.329,289.0,255.0,236.0,311.0,False,MEDIUM,10.0,True,Haas F1 Team,4226.862,2026-07-05 14:18:41.355,1,17.0,False,,False,True
4422.272,BEA,87,97.041,11.0,1.0,,,30.688,39.695,26.658,4356.017,4395.712,4422.37,295.0,254.0,235.0,308.0,False,MEDIUM,11.0,True,Haas F1 Team,4325.231,2026-07-05 14:20:19.724,1,17.0,False,,False,True
4519.452,BEA,87,97.18,12.0,1.0,,,30.782,39.642,26.756,4453.152,4492.794,4519.55,290.0,252.0,238.0,305.0,False,MEDIUM,12.0,True,Haas F1 Team,4422.272,2026-07-05 14:21:56.765,1,17.0,False,,False,True
4616.571,BEA,87,97.119,13.0,1.0,,,30.628,39.897,26.594,4550.178,4590.075,4616.669,293.0,254.0,237.0,312.0,False,MEDIUM,13.0,True,Haas F1 Team,4519.452,2026-07-05 14:23:33.945,1,17.0,False,,False,True
4713.465,BEA,87,96.894,14.0,1.0,,,30.442,39.76,26.692,4647.111,4686.871,4713.563,295.0,256.0,234.0,311.0,False,MEDIUM,14.0,True,Haas F1 Team,4616.571,2026-07-05 14:25:11.064,1,17.0,False,,False,True
4810.6,BEA,87,97.135,15.0,1.0,,,30.415,39.887,26.833,4743.978,4783.865,4810.698,306.0,252.0,237.0,299.0,False,MEDIUM,15.0,True,Haas F1 Team,4713.465,2026-07-05 14:26:47.958,1,17.0,False,,False,True
4907.596,BEA,87,96.996,16.0,1.0,,,30.596,39.756,26.644,4841.294,4881.05,4907.694,296.0,256.0,236.0,317.0,False,MEDIUM,16.0,True,Haas F1 Team,4810.6,2026-07-05 14:28:25.093,1,17.0,False,,False,True
5004.604,BEA,87,97.008,17.0,1.0,,,30.655,39.733,26.62,4938.349,4978.082,5004.702,295.0,255.0,237.0,317.0,False,MEDIUM,17.0,True,Haas F1 Team,4907.596,2026-07-05 14:30:02.089,1,17.0,False,,False,True
5102.057,BEA,87,97.453,18.0,1.0,,,30.741,39.895,26.817,5035.443,5075.338,5102.155,293.0,254.0,237.0,320.0,False,MEDIUM,18.0,True,Haas F1 Team,5004.604,2026-07-05 14:31:39.097,1,16.0,False,,False,True
5199.214,BEA,87,97.157,19.0,1.0,,,30.873,39.683,26.601,5133.028,5172.711,5199.312,284.0,252.0,239.0,314.0,False,MEDIUM,19.0,True,Haas F1 Team,5102.057,2026-07-05 14:33:16.550,1,16.0,False,,False,True
5295.943,BEA,87,96.729,20.0,1.0,,,30.705,39.576,26.448,5230.017,5269.593,5296.041,289.0,256.0,239.0,317.0,False,MEDIUM,20.0,True,Haas F1 Team,5199.214,2026-07-05 14:34:53.707,1,16.0,False,,False,True
5402.799,BEA,87,106.856,21.0,1.0,,,30.102,43.217,33.537,5326.143,5369.36,5402.897,327.0,150.0,239.0,244.0,False,MEDIUM,21.0,True,Haas F1 Team,5295.943,2026-07-05 14:36:30.436,167,15.0,False,,False,False
5499.218,BEA,87,96.419,22.0,1.0,,,30.689,39.352,26.378,5433.586,5472.938,5499.316,283.0,255.0,240.0,300.0,True,MEDIUM,22.0,True,Haas F1 Team,5402.799,2026-07-05 14:38:17.292,1,13.0,False,,False,True
5595.875,BEA,87,96.657,23.0,1.0,,,30.718,39.418,26.521,5530.034,5569.452,5595.973,284.0,255.0,241.0,299.0,False,MEDIUM,23.0,True,Haas F1 Team,5499.218,2026-07-05 14:39:53.711,1,12.0,False,,False,True
5692.831,BEA,87,96.956,24.0,1.0,,,30.665,39.775,26.516,5626.638,5666.413,5692.929,285.0,256.0,241.0,306.0,False,MEDIUM,24.0,True,Haas F1 Team,5595.875,2026-07-05 14:41:30.368,1,12.0,False,,False,True
5789.326,BEA,87,96.495,25.0,1.0,,,30.546,39.465,26.484,5723.475,5762.94,5789.424,288.0,254.0,241.0,302.0,False,MEDIUM,25.0,True,Haas F1 Team,5692.831,2026-07-05 14:43:07.324,1,12.0,False,,False,True
5885.943,BEA,87,96.617,26.0,1.0,,,30.623,39.54,26.454,5820.047,5859.587,5886.041,287.0,258.0,239.0,303.0,False,MEDIUM,26.0,True,Haas F1 Team,5789.326,2026-07-05 14:44:43.819,1,12.0,False,,False,True
5983.263,BEA,87,97.32,27.0,1.0,,,30.514,40.151,26.655,5916.555,5956.706,5983.361,287.0,259.0,237.0,315.0,False,MEDIUM,27.0,True,Haas F1 Team,5885.943,2026-07-05 14:46:20.436,1,14.0,False,,False,True
6080.448,BEA,87,97.185,28.0,1.0,,,30.457,40.003,26.725,6013.818,6053.821,6080.546,294.0,258.0,239.0,309.0,False,MEDIUM,28.0,True,Haas F1 Team,5983.263,2026-07-05 14:47:57.756,1,15.0,False,,False,True
6176.808,BEA,87,96.36,29.0,1.0,,6170.91,30.372,40.339,25.649,6110.918,6151.257,6176.906,301.0,258.0,,317.0,False,MEDIUM,29.0,True,Haas F1 Team,6080.448,2026-07-05 14:49:34.941,1,16.0,False,,False,False
6293.565,BEA,87,116.757,30.0,2.0,6200.83,,51.833,38.877,26.047,6228.739,6267.616,6293.663,292.0,258.0,247.0,302.0,False,HARD,1.0,True,Haas F1 Team,6176.808,2026-07-05 14:51:11.301,1,18.0,False,,False,False
6388.02,BEA,87,94.455,31.0,2.0,,,30.039,38.448,25.968,6323.702,6362.15,6388.118,290.0,261.0,248.0,319.0,True,HARD,2.0,True,Haas F1 Team,6293.565,2026-07-05 14:53:08.058,1,17.0,False,,False,True
6482.874,BEA,87,94.854,32.0,2.0,,,30.107,38.593,26.154,6418.225,6456.818,6482.972,288.0,254.0,246.0,298.0,False,HARD,3.0,True,Haas F1 Team,6388.02,2026-07-05 14:54:42.513,1,17.0,False,,False,True
6577.88,BEA,87,95.006,33.0,2.0,,,30.146,38.598,26.262,6513.118,6551.716,6577.978,291.0,255.0,244.0,303.0,False,HARD,4.0,True,Haas F1 Team,6482.874,2026-07-05 14:56:17.367,1,17.0,False,,False,True
6672.445,BEA,87,94.565,34.0,2.0,,,29.872,39.047,25.646,6607.85,6646.897,6672.543,308.0,259.0,245.0,322.0,False,HARD,5.0,True,Haas F1 Team,6577.88,2026-07-05 14:57:52.373,1,16.0,False,,False,True
6767.797,BEA,87,95.352,35.0,2.0,,,30.459,38.784,26.109,6703.002,6741.786,6767.895,288.0,257.0,246.0,303.0,False,HARD,6.0,True,Haas F1 Team,6672.445,2026-07-05 14:59:26.938,1,16.0,False,,False,True
6862.801,BEA,87,95.004,36.0,2.0,,,30.282,38.567,26.155,6798.177,6836.744,6862.899,287.0,256.0,245.0,295.0,False,HARD,7.0,True,Haas F1 Team,6767.797,2026-07-05 15:01:02.290,1,16.0,False,,False,True
6962.687,BEA,87,99.886,37.0,2.0,,,30.398,38.725,30.763,6893.297,6932.022,6962.785,287.0,257.0,165.0,297.0,False,HARD,8.0,True,Haas F1 Team,6862.801,2026-07-05 15:02:37.294,126,14.0,False,,False,False
7075.696,BEA,87,113.009,38.0,2.0,,,42.055,45.093,25.861,7004.84,7049.933,7075.794,218.0,260.0,246.0,319.0,False,HARD,9.0,True,Haas F1 Team,6962.687,2026-07-05 15:04:17.180,671,14.0,False,,False,False
7172.127,BEA,87,96.431,39.0,2.0,,,30.137,40.253,26.041,7105.931,7146.184,7172.225,288.0,259.0,244.0,323.0,False,HARD,10.0,True,Haas F1 Team,7075.696,2026-07-05 15:06:10.189,1,14.0,False,,False,True
7267.591,BEA,87,95.464,40.0,2.0,,,30.143,39.141,26.18,7202.368,7241.509,7267.689,306.0,260.0,244.0,307.0,False,HARD,11.0,True,Haas F1 Team,7172.127,2026-07-05 15:07:46.620,1,15.0,False,,False,True
7362.754,BEA,87,95.163,41.0,2.0,,,30.255,38.803,26.105,7297.944,7336.747,7362.852,292.0,259.0,245.0,305.0,False,HARD,12.0,True,Haas F1 Team,7267.591,2026-07-05 15:09:22.084,1,15.0,False,,False,True
7457.743,BEA,87,94.989,42.0,2.0,,,30.134,38.71,26.145,7392.986,7431.696,7457.841,291.0,260.0,242.0,305.0,False,HARD,13.0,True,Haas F1 Team,7362.754,2026-07-05 15:10:57.247,1,15.0,False,,False,True
7553.619,BEA,87,95.876,43.0,2.0,,,30.909,38.897,26.07,7488.75,7527.647,7553.717,297.0,260.0,244.0,311.0,False,HARD,14.0,True,Haas F1 Team,7457.743,2026-07-05 15:12:32.236,1,15.0,False,,False,True
7649.613,BEA,87,95.994,44.0,2.0,,,30.273,38.571,27.15,7583.99,7622.561,7649.711,290.0,261.0,240.0,306.0,False,HARD,15.0,True,Haas F1 Team,7553.619,2026-07-05 15:14:08.112,1,15.0,False,,False,True
7744.529,BEA,87,94.916,45.0,2.0,,,30.11,38.607,26.199,7679.821,7718.428,7744.627,307.0,259.0,243.0,301.0,False,HARD,16.0,True,Haas F1 Team,7649.613,2026-07-05 15:15:44.106,1,15.0,False,,False,True
7845.279,BEA,87,100.75,46.0,2.0,,,29.922,38.767,32.061,7774.549,7813.316,7845.377,307.0,259.0,128.0,312.0,False,HARD,17.0,True,Haas F1 Team,7744.529,2026-07-05 15:17:19.022,124,15.0,False,,False,False
7967.543,BEA,87,122.264,47.0,2.0,,7961.735,41.072,48.081,33.111,7886.449,7934.53,7967.641,270.0,192.0,,215.0,False,HARD,18.0,True,Haas F1 Team,7845.279,2026-07-05 15:18:59.772,4,14.0,False,,False,False
8110.815,BEA,87,143.272,48.0,3.0,7991.94,,58.881,51.057,33.334,8026.522,8077.579,8110.913,184.0,154.0,252.0,179.0,False,SOFT,4.0,False,Haas F1 Team,7967.543,2026-07-05 15:21:02.036,4,14.0,False,,False,False
8260.547,BEA,87,149.732,49.0,3.0,,,33.07,68.25,48.412,8143.983,8212.233,8260.645,196.0,108.0,90.0,108.0,False,SOFT,5.0,False,Haas F1 Team,8110.815,2026-07-05 15:23:25.308,4,14.0,False,,False,False
8363.259,BEA,87,102.712,50.0,3.0,,,37.14,39.158,26.414,8297.785,8336.943,8363.357,227.0,263.0,248.0,280.0,False,SOFT,6.0,False,Haas F1 Team,8260.547,2026-07-05 15:25:55.040,4,14.0,False,,False,False
8459.433,BEA,87,96.174,51.0,3.0,,,29.887,39.571,26.716,8393.244,8432.815,8459.531,275.0,263.0,245.0,273.0,False,SOFT,7.0,False,Haas F1 Team,8363.259,2026-07-05 15:27:37.752,4,14.0,False,,False,False
8576.378,BEA,87,116.945,52.0,3.0,,,30.246,54.01,32.689,8489.777,8543.787,8576.476,234.0,174.0,248.0,245.0,False,SOFT,8.0,False,Haas F1 Team,8459.433,2026-07-05 15:29:13.926,4,14.0,False,,False,False
