Time,Driver,DriverNumber,LapTime,LapNumber,Stint,PitOutTime,PitInTime,Sector1Time,Sector2Time,Sector3Time,Sector1SessionTime,Sector2SessionTime,Sector3SessionTime,SpeedI1,SpeedI2,SpeedFL,SpeedST,IsPersonalBest,Compound,TyreLife,FreshTyre,Team,LapStartTime,LapStartDate,TrackStatus,Position,Deleted,DeletedReason,FastF1Generated,IsAccurate
3527.973,NOR,1,114.469,1.0,1.0,,,,45.326,25.27,,3502.745,3528.103,184.0,196.0,321.0,328.0,False,MEDIUM,1.0,True,McLaren,3413.247,2026-09-26 11:03:50.712,1,4.0,False,,False,False
3638.175,NOR,1,110.202,2.0,1.0,,,39.575,45.259,25.368,3567.568,3612.827,3638.195,183.0,198.0,321.0,323.0,True,MEDIUM,2.0,True,McLaren,3527.973,2026-09-26 11:05:45.438,1,5.0,False,,False,True
3749.094,NOR,1,110.919,3.0,1.0,,,40.277,45.17,25.472,3678.472,3723.642,3749.114,177.0,205.0,318.0,325.0,False,MEDIUM,3.0,True,McLaren,3638.175,2026-09-26 11:07:35.640,1,6.0,False,,False,True
3858.571,NOR,1,109.477,4.0,1.0,,,39.242,44.847,25.388,3788.356,3833.203,3858.591,185.0,200.0,321.0,330.0,True,MEDIUM,4.0,True,McLaren,3749.094,2026-09-26 11:09:26.559,1,6.0,False,,False,True
3967.708,NOR,1,109.137,5.0,1.0,,,39.028,44.642,25.467,3897.619,3942.261,3967.728,187.0,200.0,320.0,327.0,True,MEDIUM,5.0,True,McLaren,3858.571,2026-09-26 11:11:16.036,1,6.0,False,,False,True
4075.953,NOR,1,108.245,6.0,1.0,,,38.682,44.319,25.244,4006.41,4050.729,4075.973,194.0,202.0,322.0,332.0,True,MEDIUM,6.0,True,McLaren,3967.708,2026-09-26 11:13:05.173,1,6.0,False,,False,True
4184.54,NOR,1,108.587,7.0,1.0,,,38.761,44.417,25.409,4114.734,4159.151,4184.56,194.0,198.0,320.0,332.0,False,MEDIUM,7.0,True,McLaren,4075.953,2026-09-26 11:14:53.418,1,6.0,False,,False,True
4293.091,NOR,1,108.551,8.0,1.0,,,38.779,44.486,25.286,4223.339,4267.825,4293.111,197.0,200.0,321.0,332.0,False,MEDIUM,8.0,True,McLaren,4184.54,2026-09-26 11:16:42.005,1,6.0,False,,False,True
4402.456,NOR,1,109.365,9.0,1.0,,,38.604,45.237,25.524,4331.715,4376.952,4402.476,200.0,196.0,316.0,328.0,False,MEDIUM,9.0,True,McLaren,4293.091,2026-09-26 11:18:30.556,12,6.0,False,,False,True
4510.944,NOR,1,108.488,10.0,1.0,,,38.579,44.523,25.386,4441.055,4485.578,4510.964,202.0,198.0,315.0,325.0,False,MEDIUM,10.0,True,McLaren,4402.456,2026-09-26 11:20:19.921,1,6.0,False,,False,True
4619.506,NOR,1,108.562,11.0,1.0,,,38.572,44.498,25.492,4549.536,4594.034,4619.526,196.0,203.0,314.0,324.0,False,MEDIUM,11.0,True,McLaren,4510.944,2026-09-26 11:22:08.409,1,6.0,False,,False,True
4727.804,NOR,1,108.298,12.0,1.0,,,38.54,44.423,25.335,4658.066,4702.489,4727.824,202.0,202.0,314.0,327.0,False,MEDIUM,12.0,True,McLaren,4619.506,2026-09-26 11:23:56.971,1,6.0,False,,False,True
4836.251,NOR,1,108.447,13.0,1.0,,,38.49,44.538,25.419,4766.314,4810.852,4836.271,197.0,202.0,313.0,325.0,False,MEDIUM,13.0,True,McLaren,4727.804,2026-09-26 11:25:45.269,1,6.0,False,,False,True
4944.353,NOR,1,108.102,14.0,1.0,,,38.399,44.269,25.434,4874.67,4918.939,4944.373,200.0,202.0,312.0,326.0,True,MEDIUM,14.0,True,McLaren,4836.251,2026-09-26 11:27:33.716,1,6.0,False,,False,True
5052.725,NOR,1,108.372,15.0,1.0,,,38.462,44.404,25.506,4982.835,5027.239,5052.745,197.0,200.0,310.0,325.0,False,MEDIUM,15.0,True,McLaren,4944.353,2026-09-26 11:29:21.818,1,6.0,False,,False,True
5162.701,NOR,1,109.976,16.0,1.0,,,38.61,45.695,25.671,5091.355,5137.05,5162.721,202.0,198.0,306.0,315.0,False,MEDIUM,16.0,True,McLaren,5052.725,2026-09-26 11:31:10.190,1,7.0,False,,False,True
5272.109,NOR,1,109.408,17.0,1.0,,,39.482,44.553,25.373,5202.203,5246.756,5272.129,184.0,200.0,315.0,327.0,False,MEDIUM,17.0,True,McLaren,5162.701,2026-09-26 11:33:00.166,1,7.0,False,,False,True
5380.499,NOR,1,108.39,18.0,1.0,,,38.573,44.431,25.386,5310.702,5355.133,5380.519,194.0,199.0,315.0,327.0,False,MEDIUM,18.0,True,McLaren,5272.109,2026-09-26 11:34:49.574,1,7.0,False,,False,True
5489.04,NOR,1,108.541,19.0,1.0,,,38.609,44.53,25.402,5419.128,5463.658,5489.06,190.0,205.0,313.0,326.0,False,MEDIUM,19.0,True,McLaren,5380.499,2026-09-26 11:36:37.964,1,7.0,False,,False,True
5597.281,NOR,1,108.241,20.0,1.0,,,38.445,44.411,25.385,5527.505,5571.916,5597.301,199.0,207.0,313.0,327.0,False,MEDIUM,20.0,True,McLaren,5489.04,2026-09-26 11:38:26.505,1,7.0,False,,False,True
5705.453,NOR,1,108.172,21.0,1.0,,,38.484,44.325,25.363,5635.785,5680.11,5705.473,198.0,205.0,312.0,326.0,False,MEDIUM,21.0,True,McLaren,5597.281,2026-09-26 11:40:14.746,1,7.0,False,,False,True
5813.488,NOR,1,108.035,22.0,1.0,,,38.442,44.256,25.337,5743.915,5788.171,5813.508,191.0,204.0,310.0,319.0,True,MEDIUM,22.0,True,McLaren,5705.453,2026-09-26 11:42:02.918,1,7.0,False,,False,True
5922.393,NOR,1,108.905,23.0,1.0,,,38.568,44.607,25.73,5852.076,5896.683,5922.413,193.0,208.0,309.0,322.0,False,MEDIUM,23.0,True,McLaren,5813.488,2026-09-26 11:43:50.953,1,7.0,False,,False,True
6030.726,NOR,1,108.333,24.0,1.0,,,38.543,44.18,25.61,5960.956,6005.136,6030.746,201.0,205.0,309.0,321.0,False,MEDIUM,24.0,True,McLaren,5922.393,2026-09-26 11:45:39.858,1,7.0,False,,False,True
6138.768,NOR,1,108.042,25.0,1.0,,,38.351,44.1,25.591,6069.097,6113.197,6138.788,198.0,199.0,307.0,314.0,False,MEDIUM,25.0,True,McLaren,6030.726,2026-09-26 11:47:28.191,1,7.0,False,,False,True
6246.749,NOR,1,107.981,26.0,1.0,,,38.386,43.994,25.601,6177.174,6221.168,6246.769,196.0,208.0,307.0,315.0,True,MEDIUM,26.0,True,McLaren,6138.768,2026-09-26 11:49:16.233,1,7.0,False,,False,True
6354.71,NOR,1,107.961,27.0,1.0,,,38.276,44.132,25.553,6285.045,6329.177,6354.73,202.0,208.0,307.0,315.0,True,MEDIUM,27.0,True,McLaren,6246.749,2026-09-26 11:51:04.214,1,7.0,False,,False,True
6462.471,NOR,1,107.761,28.0,1.0,,,38.317,43.867,25.577,6393.047,6436.914,6462.491,196.0,212.0,306.0,316.0,True,MEDIUM,28.0,True,McLaren,6354.71,2026-09-26 11:52:52.175,1,7.0,False,,False,True
6570.559,NOR,1,108.088,29.0,1.0,,,38.404,44.053,25.631,6500.895,6544.948,6570.579,199.0,209.0,306.0,315.0,False,MEDIUM,29.0,True,McLaren,6462.471,2026-09-26 11:54:39.936,1,7.0,False,,False,True
6709.612,NOR,1,139.053,30.0,1.0,,6708.41,49.766,46.953,42.334,6620.345,6667.298,6709.632,180.0,198.0,,243.0,False,MEDIUM,30.0,True,McLaren,6570.559,2026-09-26 11:56:28.024,124,9.0,False,,False,False
6874.417,NOR,1,,31.0,2.0,6729.239,,67.942,58.022,38.877,6777.636,6835.56,6874.652,107.0,179.0,260.0,231.0,False,SOFT,1.0,True,McLaren,6709.612,2026-09-26 11:58:47.077,4,9.0,False,,False,False
7006.747,NOR,1,132.33,32.0,2.0,,,47.071,55.916,29.343,6921.508,6977.424,7006.767,115.0,177.0,261.0,281.0,False,SOFT,2.0,True,McLaren,6874.417,2026-09-26 12:01:31.882,4,9.0,False,,False,False
7155.764,NOR,1,149.017,33.0,2.0,,,44.949,66.127,37.941,7051.716,7117.843,7155.784,118.0,134.0,241.0,203.0,False,SOFT,3.0,True,McLaren,7006.747,2026-09-26 12:03:44.212,4,9.0,False,,False,False
7320.3,NOR,1,,34.0,2.0,,,63.746,62.299,38.412,7219.609,7281.948,7320.373,166.0,185.0,245.0,234.0,False,SOFT,4.0,True,McLaren,7155.764,2026-09-26 12:06:13.229,4,9.0,False,,False,False
7469.846,NOR,1,149.546,35.0,2.0,,,51.791,63.079,34.676,7372.111,7435.19,7469.866,160.0,145.0,306.0,233.0,False,SOFT,5.0,True,McLaren,7320.3,2026-09-26 12:08:57.765,41,9.0,False,,False,False
7619.846,NOR,1,,36.0,2.0,,,,,,,,,,,,,,SOFT,6.0,True,McLaren,7469.846,2026-09-26 12:11:27.311,124,,False,,True,False
3531.001,GAS,10,117.497,1.0,1.0,,,,46.044,25.213,,3505.858,3531.127,167.0,190.0,325.0,335.0,False,MEDIUM,1.0,True,Alpine,3413.247,2026-09-26 11:03:50.712,1,8.0,False,,False,False
3641.268,GAS,10,110.267,2.0,1.0,,,39.864,45.212,25.191,3570.891,3616.103,3641.294,185.0,201.0,325.0,332.0,True,MEDIUM,2.0,True,Alpine,3531.001,2026-09-26 11:05:48.466,1,8.0,False,,False,True
3750.525,GAS,10,109.257,3.0,1.0,,,39.291,44.842,25.124,3680.585,3725.427,3750.551,184.0,202.0,328.0,332.0,True,MEDIUM,3.0,True,Alpine,3641.268,2026-09-26 11:07:38.733,1,8.0,False,,False,True
3859.905,GAS,10,109.38,4.0,1.0,,,39.302,45.126,24.952,3789.853,3834.979,3859.931,190.0,201.0,334.0,337.0,False,MEDIUM,4.0,True,Alpine,3750.525,2026-09-26 11:09:27.990,1,8.0,False,,False,True
3969.248,GAS,10,109.343,5.0,1.0,,,39.326,44.861,25.156,3899.257,3944.118,3969.274,188.0,206.0,330.0,335.0,False,MEDIUM,5.0,True,Alpine,3859.905,2026-09-26 11:11:17.370,1,8.0,False,,False,True
4078.452,GAS,10,109.204,6.0,1.0,,,39.254,44.73,25.22,4008.528,4053.258,4078.478,186.0,197.0,324.0,330.0,True,MEDIUM,6.0,True,Alpine,3969.248,2026-09-26 11:13:06.713,1,8.0,False,,False,True
4187.685,GAS,10,109.233,7.0,1.0,,,39.006,44.925,25.302,4117.484,4162.409,4187.711,192.0,196.0,320.0,324.0,False,MEDIUM,7.0,True,Alpine,4078.452,2026-09-26 11:14:55.917,1,8.0,False,,False,True
4296.606,GAS,10,108.921,8.0,1.0,,,38.923,44.667,25.331,4226.634,4271.301,4296.632,189.0,199.0,321.0,321.0,True,MEDIUM,8.0,True,Alpine,4187.685,2026-09-26 11:16:45.150,1,8.0,False,,False,True
4405.408,GAS,10,108.802,9.0,1.0,,,38.77,44.775,25.257,4335.402,4380.177,4405.434,193.0,199.0,320.0,324.0,True,MEDIUM,9.0,True,Alpine,4296.606,2026-09-26 11:18:34.071,12,8.0,False,,False,True
4514.334,GAS,10,108.926,10.0,1.0,,,38.979,44.677,25.27,4444.413,4489.09,4514.36,190.0,196.0,317.0,319.0,False,MEDIUM,10.0,True,Alpine,4405.408,2026-09-26 11:20:22.873,1,8.0,False,,False,True
4623.327,GAS,10,108.993,11.0,1.0,,,38.879,44.769,25.345,4553.239,4598.008,4623.353,194.0,204.0,317.0,322.0,False,MEDIUM,11.0,True,Alpine,4514.334,2026-09-26 11:22:11.799,1,8.0,False,,False,True
4731.963,GAS,10,108.636,12.0,1.0,,,38.75,44.604,25.282,4662.103,4706.707,4731.989,191.0,203.0,316.0,320.0,True,MEDIUM,12.0,True,Alpine,4623.327,2026-09-26 11:24:00.792,1,8.0,False,,False,True
4840.547,GAS,10,108.584,13.0,1.0,,,38.607,44.52,25.457,4770.596,4815.116,4840.573,195.0,205.0,314.0,317.0,True,MEDIUM,13.0,True,Alpine,4731.963,2026-09-26 11:25:49.428,1,8.0,False,,False,True
4949.089,GAS,10,108.542,14.0,1.0,,,38.597,44.569,25.376,4879.17,4923.739,4949.115,193.0,202.0,313.0,319.0,True,MEDIUM,14.0,True,Alpine,4840.547,2026-09-26 11:27:38.012,1,8.0,False,,False,True
5057.978,GAS,10,108.889,15.0,1.0,,,38.958,44.528,25.403,4988.073,5032.601,5058.004,194.0,204.0,312.0,320.0,False,MEDIUM,15.0,True,Alpine,4949.089,2026-09-26 11:29:26.554,1,8.0,False,,False,True
5166.424,GAS,10,108.446,16.0,1.0,,,38.768,44.212,25.466,5096.772,5140.984,5166.45,193.0,201.0,314.0,319.0,True,MEDIUM,16.0,True,Alpine,5057.978,2026-09-26 11:31:15.443,1,8.0,False,,False,True
5274.975,GAS,10,108.551,17.0,1.0,,,38.825,44.341,25.385,5205.275,5249.616,5275.001,190.0,203.0,314.0,318.0,False,MEDIUM,17.0,True,Alpine,5166.424,2026-09-26 11:33:03.889,1,8.0,False,,False,True
5383.276,GAS,10,108.301,18.0,1.0,,,38.602,44.356,25.343,5313.603,5357.959,5383.302,195.0,205.0,315.0,319.0,True,MEDIUM,18.0,True,Alpine,5274.975,2026-09-26 11:34:52.440,1,8.0,False,,False,True
5491.794,GAS,10,108.518,19.0,1.0,,,38.77,44.394,25.354,5422.072,5466.466,5491.82,191.0,204.0,315.0,319.0,False,MEDIUM,19.0,True,Alpine,5383.276,2026-09-26 11:36:40.741,1,8.0,False,,False,True
5599.938,GAS,10,108.144,20.0,1.0,,,38.688,44.162,25.294,5530.508,5574.67,5599.964,196.0,212.0,315.0,320.0,True,MEDIUM,20.0,True,Alpine,5491.794,2026-09-26 11:38:29.259,1,8.0,False,,False,True
5708.167,GAS,10,108.229,21.0,1.0,,,38.64,44.298,25.291,5638.604,5682.902,5708.193,198.0,209.0,315.0,320.0,False,MEDIUM,21.0,True,Alpine,5599.938,2026-09-26 11:40:17.403,1,8.0,False,,False,True
5816.36,GAS,10,108.193,22.0,1.0,,,38.641,44.299,25.253,5746.834,5791.133,5816.386,193.0,208.0,314.0,320.0,False,MEDIUM,22.0,True,Alpine,5708.167,2026-09-26 11:42:05.632,1,8.0,False,,False,True
5924.643,GAS,10,108.283,23.0,1.0,,,38.656,44.178,25.449,5855.042,5899.22,5924.669,196.0,205.0,316.0,322.0,False,MEDIUM,23.0,True,Alpine,5816.36,2026-09-26 11:43:53.825,1,8.0,False,,False,True
6033.172,GAS,10,108.529,24.0,1.0,,,38.729,44.304,25.496,5963.398,6007.702,6033.198,197.0,203.0,315.0,319.0,False,MEDIUM,24.0,True,Alpine,5924.643,2026-09-26 11:45:42.108,1,8.0,False,,False,True
6141.391,GAS,10,108.219,25.0,1.0,,,38.609,44.27,25.34,6071.807,6116.077,6141.417,192.0,204.0,314.0,319.0,False,MEDIUM,25.0,True,Alpine,6033.172,2026-09-26 11:47:30.637,1,8.0,False,,False,True
6249.378,GAS,10,107.987,26.0,1.0,,,38.452,44.065,25.47,6179.869,6223.934,6249.404,198.0,208.0,314.0,317.0,True,MEDIUM,26.0,True,Alpine,6141.391,2026-09-26 11:49:18.856,1,8.0,False,,False,True
6357.421,GAS,10,108.043,27.0,1.0,,,38.468,44.235,25.34,6287.872,6332.107,6357.447,195.0,208.0,315.0,320.0,False,MEDIUM,27.0,True,Alpine,6249.378,2026-09-26 11:51:06.843,1,8.0,False,,False,True
6465.243,GAS,10,107.822,28.0,1.0,,,38.476,44.04,25.306,6395.923,6439.963,6465.269,199.0,210.0,314.0,319.0,True,MEDIUM,28.0,True,Alpine,6357.421,2026-09-26 11:52:54.886,1,8.0,False,,False,True
6573.242,GAS,10,107.999,29.0,1.0,,,38.465,44.144,25.39,6503.734,6547.878,6573.268,201.0,210.0,315.0,319.0,False,MEDIUM,29.0,True,Alpine,6465.243,2026-09-26 11:54:42.708,1,8.0,False,,False,True
6693.613,GAS,10,120.371,30.0,1.0,,6692.346,39.176,44.319,36.876,6612.444,6656.763,6693.639,196.0,201.0,,133.0,False,MEDIUM,30.0,True,Alpine,6573.242,2026-09-26 11:56:30.707,124,7.0,False,,False,False
6857.656,GAS,10,,31.0,2.0,6713.147,,66.023,59.072,38.897,6759.713,6818.816,6857.747,97.0,185.0,302.0,134.0,False,SOFT,1.0,True,Alpine,6693.613,2026-09-26 11:58:31.078,4,7.0,False,,False,False
6994.115,GAS,10,136.459,32.0,2.0,,,46.322,55.475,34.662,6904.004,6959.479,6994.141,127.0,189.0,248.0,246.0,False,SOFT,2.0,True,Alpine,6857.656,2026-09-26 12:01:15.121,4,7.0,False,,False,False
7152.376,GAS,10,,33.0,2.0,,,53.33,67.999,36.892,7047.511,7115.514,7152.443,84.0,182.0,246.0,190.0,False,SOFT,3.0,True,Alpine,6994.115,2026-09-26 12:03:31.580,4,7.0,False,,False,False
7317.37,GAS,10,,34.0,2.0,,,64.044,63.127,37.831,7216.438,7279.597,7317.428,152.0,179.0,261.0,221.0,False,SOFT,4.0,True,Alpine,7152.376,2026-09-26 12:06:09.841,4,7.0,False,,False,False
7469.604,GAS,10,,35.0,2.0,,,52.892,63.188,36.188,7370.269,7433.442,7469.897,165.0,172.0,292.0,238.0,False,SOFT,5.0,True,Alpine,7317.37,2026-09-26 12:08:54.835,41,7.0,False,,False,False
7619.604,GAS,10,,36.0,2.0,,,,,,,,,,,,,,SOFT,6.0,True,Alpine,7469.604,2026-09-26 12:11:27.069,124,,False,,True,False
3538.778,PER,11,125.274,1.0,1.0,,,,49.82,25.262,,3513.72,3538.938,154.0,180.0,329.0,340.0,False,MEDIUM,1.0,True,Cadillac,3413.247,2026-09-26 11:03:50.712,1,19.0,False,,False,False
3649.909,PER,11,111.131,2.0,1.0,,,40.058,45.847,25.226,3578.855,3624.702,3649.928,178.0,184.0,334.0,338.0,True,MEDIUM,2.0,True,Cadillac,3538.778,2026-09-26 11:05:56.243,1,19.0,False,,False,True
3760.9,PER,11,110.991,3.0,1.0,,,40.101,45.502,25.388,3690.029,3735.531,3760.919,173.0,192.0,324.0,331.0,True,MEDIUM,3.0,True,Cadillac,3649.909,2026-09-26 11:07:47.374,1,19.0,False,,False,True
3870.98,PER,11,110.08,4.0,1.0,,,39.648,45.153,25.279,3800.567,3845.72,3870.999,178.0,195.0,329.0,335.0,True,MEDIUM,4.0,True,Cadillac,3760.9,2026-09-26 11:09:38.365,1,19.0,False,,False,True
3981.361,PER,11,110.381,5.0,1.0,,,39.721,45.401,25.259,3910.72,3956.121,3981.38,187.0,189.0,332.0,336.0,False,MEDIUM,5.0,True,Cadillac,3870.98,2026-09-26 11:11:28.445,1,19.0,False,,False,True
4091.867,PER,11,110.506,6.0,1.0,,,39.723,45.399,25.384,4021.103,4066.502,4091.886,181.0,193.0,322.0,333.0,False,MEDIUM,6.0,True,Cadillac,3981.361,2026-09-26 11:13:18.826,1,19.0,False,,False,True
4202.276,PER,11,110.409,7.0,1.0,,,39.613,45.463,25.333,4131.499,4176.962,4202.295,184.0,191.0,325.0,336.0,False,MEDIUM,7.0,True,Cadillac,4091.867,2026-09-26 11:15:09.332,1,19.0,False,,False,True
4312.202,PER,11,109.926,8.0,1.0,,,39.48,45.117,25.329,4241.775,4286.892,4312.221,186.0,197.0,326.0,335.0,True,MEDIUM,8.0,True,Cadillac,4202.276,2026-09-26 11:16:59.741,12,19.0,False,,False,True
4422.263,PER,11,110.061,9.0,1.0,,,39.382,45.425,25.254,4351.603,4397.028,4422.282,179.0,183.0,332.0,338.0,False,MEDIUM,9.0,True,Cadillac,4312.202,2026-09-26 11:18:49.667,1,19.0,False,,False,True
4532.714,PER,11,110.451,10.0,1.0,,,39.761,45.375,25.315,4462.043,4507.418,4532.733,183.0,191.0,323.0,334.0,False,MEDIUM,10.0,True,Cadillac,4422.263,2026-09-26 11:20:39.728,1,19.0,False,,False,True
4642.796,PER,11,110.082,11.0,1.0,,,39.453,45.217,25.412,4572.186,4617.403,4642.815,178.0,191.0,321.0,332.0,False,MEDIUM,11.0,True,Cadillac,4532.714,2026-09-26 11:22:30.179,1,19.0,False,,False,True
4752.407,PER,11,109.611,12.0,1.0,,,39.191,45.129,25.291,4682.006,4727.135,4752.426,185.0,194.0,323.0,336.0,True,MEDIUM,12.0,True,Cadillac,4642.796,2026-09-26 11:24:20.261,1,19.0,False,,False,True
4863.167,PER,11,110.76,13.0,1.0,,,39.996,45.417,25.347,4792.422,4837.839,4863.186,180.0,193.0,323.0,335.0,False,MEDIUM,13.0,True,Cadillac,4752.407,2026-09-26 11:26:09.872,1,19.0,False,,False,True
4972.871,PER,11,109.704,14.0,1.0,,,39.291,45.11,25.303,4902.477,4947.587,4972.89,182.0,201.0,322.0,335.0,False,MEDIUM,14.0,True,Cadillac,4863.167,2026-09-26 11:28:00.632,1,19.0,False,,False,True
5082.581,PER,11,109.71,15.0,1.0,,,39.15,45.118,25.442,5012.04,5057.158,5082.6,182.0,196.0,319.0,331.0,False,MEDIUM,15.0,True,Cadillac,4972.871,2026-09-26 11:29:50.336,1,19.0,False,,False,True
5192.751,PER,11,110.17,16.0,1.0,,,39.64,44.983,25.547,5122.24,5167.223,5192.77,191.0,196.0,316.0,328.0,False,MEDIUM,16.0,True,Cadillac,5082.581,2026-09-26 11:31:40.046,1,19.0,False,,False,True
5302.608,PER,11,109.857,17.0,1.0,,,39.31,44.905,25.642,5232.08,5276.985,5302.627,191.0,197.0,309.0,324.0,False,MEDIUM,17.0,True,Cadillac,5192.751,2026-09-26 11:33:30.216,1,19.0,False,,False,True
5412.627,PER,11,110.019,18.0,1.0,,,39.315,45.189,25.515,5341.942,5387.131,5412.646,189.0,195.0,317.0,328.0,False,MEDIUM,18.0,True,Cadillac,5302.608,2026-09-26 11:35:20.073,1,19.0,False,,False,True
5522.322,PER,11,109.695,19.0,1.0,,,39.035,45.265,25.395,5451.681,5496.946,5522.341,187.0,193.0,319.0,331.0,False,MEDIUM,19.0,True,Cadillac,5412.627,2026-09-26 11:37:10.092,1,19.0,False,,False,True
5632.118,PER,11,109.796,20.0,1.0,,,39.334,45.114,25.348,5561.675,5606.789,5632.137,186.0,195.0,312.0,336.0,False,MEDIUM,20.0,True,Cadillac,5522.322,2026-09-26 11:38:59.787,1,18.0,False,,False,True
5741.612,PER,11,109.494,21.0,1.0,,,39.258,44.592,25.644,5671.395,5715.987,5741.631,191.0,196.0,308.0,325.0,True,MEDIUM,21.0,True,Cadillac,5632.118,2026-09-26 11:40:49.583,1,18.0,False,,False,True
5851.505,PER,11,109.893,22.0,1.0,,,39.063,45.104,25.726,5780.694,5825.798,5851.524,191.0,197.0,307.0,324.0,False,MEDIUM,22.0,True,Cadillac,5741.612,2026-09-26 11:42:39.077,1,18.0,False,,False,True
5961.714,PER,11,110.209,23.0,1.0,,,39.15,45.186,25.873,5890.674,5935.86,5961.733,186.0,202.0,305.0,322.0,False,MEDIUM,23.0,True,Cadillac,5851.505,2026-09-26 11:44:28.970,1,18.0,False,,False,True
6071.811,PER,11,110.097,24.0,1.0,,,39.3,44.972,25.825,6001.033,6046.005,6071.83,193.0,201.0,305.0,322.0,False,MEDIUM,24.0,True,Cadillac,5961.714,2026-09-26 11:46:19.179,1,18.0,False,,False,True
6181.396,PER,11,109.585,25.0,1.0,,,39.051,44.71,25.824,6110.881,6155.591,6181.415,186.0,199.0,304.0,323.0,False,MEDIUM,25.0,True,Cadillac,6071.811,2026-09-26 11:48:09.276,1,18.0,False,,False,True
6291.083,PER,11,109.687,26.0,1.0,,,39.111,44.8,25.776,6220.526,6265.326,6291.102,197.0,198.0,305.0,324.0,False,MEDIUM,26.0,True,Cadillac,6181.396,2026-09-26 11:49:58.861,1,18.0,False,,False,True
6400.598,PER,11,109.515,27.0,1.0,,,39.033,44.678,25.804,6330.135,6374.813,6400.617,198.0,205.0,304.0,322.0,False,MEDIUM,27.0,True,Cadillac,6291.083,2026-09-26 11:51:48.548,1,18.0,False,,False,True
6510.157,PER,11,109.559,28.0,1.0,,,39.12,44.65,25.789,6439.737,6484.387,6510.176,189.0,201.0,305.0,324.0,False,MEDIUM,28.0,True,Cadillac,6400.598,2026-09-26 11:53:38.063,1,18.0,False,,False,True
6619.56,PER,11,109.403,29.0,1.0,,,39.139,44.502,25.762,6549.315,6593.817,6619.579,189.0,198.0,304.0,323.0,True,MEDIUM,29.0,True,Cadillac,6510.157,2026-09-26 11:55:27.622,12,18.0,False,,False,True
6760.056,PER,11,140.496,30.0,1.0,,6758.737,39.374,58.135,42.987,6658.953,6717.088,6760.075,174.0,143.0,,195.0,False,MEDIUM,30.0,True,Cadillac,6619.56,2026-09-26 11:57:17.025,124,17.0,False,,False,False
6927.832,PER,11,,31.0,2.0,6781.168,,68.812,59.956,38.948,6828.993,6888.926,6927.869,137.0,166.0,277.0,220.0,False,SOFT,1.0,True,Cadillac,6760.056,2026-09-26 11:59:37.521,4,17.0,False,,False,False
7053.682,PER,11,125.85,32.0,2.0,,,44.267,55.507,26.076,6972.118,7027.625,7053.701,125.0,193.0,301.0,320.0,False,SOFT,2.0,True,Cadillac,6927.832,2026-09-26 12:02:25.297,4,17.0,False,,False,False
7173.702,PER,11,120.02,33.0,2.0,,,44.469,49.624,25.927,7098.17,7147.794,7173.721,103.0,190.0,301.0,322.0,False,SOFT,3.0,True,Cadillac,7053.682,2026-09-26 12:04:31.147,4,17.0,False,,False,False
7329.191,PER,11,,34.0,2.0,,,55.436,63.412,36.738,7229.248,7292.716,7329.402,113.0,149.0,268.0,198.0,False,SOFT,4.0,True,Cadillac,7173.702,2026-09-26 12:06:31.167,4,17.0,False,,False,False
7471.5,PER,11,142.309,35.0,2.0,,,53.99,58.634,29.685,7383.2,7441.834,7471.519,164.0,158.0,309.0,295.0,False,SOFT,5.0,True,Cadillac,7329.191,2026-09-26 12:09:06.656,41,17.0,False,,False,False
7619.187,PER,11,147.687,36.0,2.0,,7618.039,44.137,59.78,43.77,7515.656,7575.436,7619.206,143.0,138.0,,193.0,False,SOFT,6.0,True,Cadillac,7471.5,2026-09-26 12:11:28.965,124,14.0,False,,False,False
7779.29,PER,11,,37.0,3.0,7633.221,,60.452,61.155,38.455,7679.97,7740.98,7779.406,118.0,136.0,209.0,196.0,False,SOFT,7.0,False,Cadillac,7619.187,2026-09-26 12:13:56.652,4,14.0,False,,False,False
7927.9,PER,11,148.61,38.0,3.0,,,56.172,61.24,31.198,7835.481,7896.721,7927.919,165.0,113.0,341.0,302.0,False,SOFT,8.0,False,Cadillac,7779.29,2026-09-26 12:16:36.755,41,14.0,False,,False,False
8039.064,PER,11,111.164,39.0,3.0,,,40.771,45.326,25.067,7968.69,8014.016,8039.083,174.0,198.0,324.0,335.0,False,SOFT,9.0,False,Cadillac,7927.9,2026-09-26 12:19:05.365,1,13.0,False,,False,True
8149.017,PER,11,109.953,40.0,3.0,,,40.231,44.689,25.033,8079.314,8124.003,8149.036,192.0,197.0,321.0,337.0,False,SOFT,10.0,False,Cadillac,8039.064,2026-09-26 12:20:56.529,12,13.0,False,,False,True
8256.609,PER,11,107.592,41.0,3.0,,,38.517,44.184,24.891,8187.553,8231.737,8256.628,191.0,201.0,325.0,339.0,True,SOFT,11.0,False,Cadillac,8149.017,2026-09-26 12:22:46.482,1,13.0,False,,False,True
8364.12,PER,11,107.511,42.0,3.0,,,38.479,44.093,24.939,8295.107,8339.2,8364.139,183.0,199.0,324.0,338.0,True,SOFT,12.0,False,Cadillac,8256.609,2026-09-26 12:24:34.074,1,13.0,False,,False,True
8471.483,PER,11,107.363,43.0,3.0,,,38.295,44.144,24.924,8402.434,8446.578,8471.502,187.0,209.0,320.0,338.0,True,SOFT,13.0,False,Cadillac,8364.12,2026-09-26 12:26:21.585,1,13.0,False,,False,True
8579.385,PER,11,107.902,44.0,3.0,,,38.609,44.194,25.099,8510.111,8554.305,8579.404,188.0,204.0,316.0,332.0,False,SOFT,14.0,False,Cadillac,8471.483,2026-09-26 12:28:08.948,1,14.0,False,,False,True
8687.901,PER,11,108.516,45.0,3.0,,,39.021,44.306,25.189,8618.425,8662.731,8687.92,190.0,199.0,318.0,332.0,False,SOFT,15.0,False,Cadillac,8579.385,2026-09-26 12:29:56.850,1,14.0,False,,False,True
8795.653,PER,11,107.752,46.0,3.0,,,38.511,44.036,25.205,8726.431,8770.467,8795.672,192.0,201.0,312.0,328.0,False,SOFT,16.0,False,Cadillac,8687.901,2026-09-26 12:31:45.366,1,14.0,False,,False,True
8904.602,PER,11,108.949,47.0,3.0,,,39.253,44.329,25.367,8834.925,8879.254,8904.621,185.0,210.0,311.0,327.0,False,SOFT,17.0,False,Cadillac,8795.653,2026-09-26 12:33:33.118,1,15.0,False,,False,True
9012.499,PER,11,107.897,48.0,3.0,,,38.497,43.985,25.415,8943.118,8987.103,9012.518,187.0,211.0,310.0,327.0,False,SOFT,18.0,False,Cadillac,8904.602,2026-09-26 12:35:22.067,1,15.0,False,,False,True
9120.881,PER,11,108.382,49.0,3.0,,,38.992,43.866,25.524,9051.51,9095.376,9120.9,196.0,212.0,307.0,324.0,False,SOFT,19.0,False,Cadillac,9012.499,2026-09-26 12:37:09.964,1,15.0,False,,False,True
9228.385,PER,11,107.504,50.0,3.0,,,38.428,43.756,25.32,9159.328,9203.084,9228.404,192.0,209.0,308.0,326.0,False,SOFT,20.0,False,Cadillac,9120.881,2026-09-26 12:38:58.346,12,15.0,False,,False,True
9337.051,PER,11,108.666,51.0,3.0,,,38.403,44.676,25.587,9266.807,9311.483,9337.07,191.0,193.0,308.0,326.0,False,SOFT,21.0,False,Cadillac,9228.385,2026-09-26 12:40:45.850,12,15.0,True,TRACK LIMITS AT TURN 15 LAP 51 ,False,True
3536.635,ANT,12,123.131,1.0,1.0,,,,48.908,24.882,,3511.88,3536.838,163.0,183.0,343.0,345.0,False,MEDIUM,3.0,False,Mercedes,3413.247,2026-09-26 11:03:50.712,1,17.0,False,,False,False
3648.272,ANT,12,111.637,2.0,1.0,,,40.823,45.943,24.871,3577.484,3623.427,3648.298,172.0,192.0,334.0,342.0,True,MEDIUM,4.0,False,Mercedes,3536.635,2026-09-26 11:05:54.100,1,17.0,False,,False,True
3759.016,ANT,12,110.744,3.0,1.0,,,40.197,45.511,25.036,3688.495,3734.006,3759.042,173.0,189.0,334.0,344.0,True,MEDIUM,5.0,False,Mercedes,3648.272,2026-09-26 11:07:45.737,1,16.0,False,,False,True
3868.967,ANT,12,109.951,4.0,1.0,,,39.372,45.537,25.042,3798.414,3843.951,3868.993,187.0,190.0,341.0,339.0,True,MEDIUM,6.0,False,Mercedes,3759.016,2026-09-26 11:09:36.481,1,16.0,False,,False,True
3977.88,ANT,12,108.913,5.0,1.0,,,39.214,44.711,24.988,3908.207,3952.918,3977.906,191.0,195.0,332.0,338.0,True,MEDIUM,7.0,False,Mercedes,3868.967,2026-09-26 11:11:26.432,1,15.0,False,,False,True
4086.125,ANT,12,108.245,6.0,1.0,,,39.094,44.275,24.876,4017.0,4061.275,4086.151,194.0,194.0,335.0,339.0,True,MEDIUM,8.0,False,Mercedes,3977.88,2026-09-26 11:13:15.345,1,14.0,False,,False,True
4195.558,ANT,12,109.433,7.0,1.0,,,39.291,45.208,24.934,4125.442,4170.65,4195.584,187.0,193.0,337.0,340.0,False,MEDIUM,9.0,False,Mercedes,4086.125,2026-09-26 11:15:03.590,1,14.0,False,,False,True
4305.034,ANT,12,109.476,8.0,1.0,,,39.549,45.08,24.847,4235.133,4280.213,4305.06,180.0,195.0,338.0,339.0,False,MEDIUM,10.0,False,Mercedes,4195.558,2026-09-26 11:16:53.023,12,14.0,False,,False,True
4414.905,ANT,12,109.871,9.0,1.0,,,39.408,45.612,24.851,4344.468,4390.08,4414.931,183.0,191.0,340.0,341.0,False,MEDIUM,11.0,False,Mercedes,4305.034,2026-09-26 11:18:42.499,21,14.0,False,,False,True
4523.023,ANT,12,108.118,10.0,1.0,,,39.056,44.507,24.555,4453.987,4498.494,4523.049,193.0,196.0,344.0,345.0,True,MEDIUM,12.0,False,Mercedes,4414.905,2026-09-26 11:20:32.370,1,13.0,False,,False,True
4633.335,ANT,12,110.312,11.0,1.0,,,40.393,45.241,24.678,4563.442,4608.683,4633.361,182.0,196.0,342.0,344.0,False,MEDIUM,13.0,False,Mercedes,4523.023,2026-09-26 11:22:20.488,1,13.0,False,,False,True
4742.571,ANT,12,109.236,12.0,1.0,,,39.575,44.723,24.938,4672.936,4717.659,4742.597,185.0,200.0,328.0,338.0,False,MEDIUM,14.0,False,Mercedes,4633.335,2026-09-26 11:24:10.800,1,11.0,False,,False,True
4850.706,ANT,12,108.135,13.0,1.0,,,38.766,44.14,25.229,4781.363,4825.503,4850.732,196.0,201.0,317.0,330.0,False,MEDIUM,15.0,False,Mercedes,4742.571,2026-09-26 11:26:00.036,1,11.0,False,,False,True
4958.772,ANT,12,108.066,14.0,1.0,,,38.799,44.122,25.145,4889.531,4933.653,4958.798,197.0,205.0,319.0,331.0,True,MEDIUM,16.0,False,Mercedes,4850.706,2026-09-26 11:27:48.171,1,11.0,False,,False,True
5066.834,ANT,12,108.062,15.0,1.0,,,38.628,44.372,25.062,4997.426,5041.798,5066.86,195.0,205.0,325.0,334.0,True,MEDIUM,17.0,False,Mercedes,4958.772,2026-09-26 11:29:36.237,1,11.0,False,,False,True
5175.306,ANT,12,108.472,16.0,1.0,,,38.902,44.598,24.972,5105.762,5150.36,5175.332,192.0,202.0,333.0,336.0,False,MEDIUM,18.0,False,Mercedes,5066.834,2026-09-26 11:31:24.299,1,11.0,False,,False,True
5283.158,ANT,12,107.852,17.0,1.0,,,38.731,43.767,25.354,5214.063,5257.83,5283.184,198.0,203.0,313.0,324.0,True,MEDIUM,19.0,False,Mercedes,5175.306,2026-09-26 11:33:12.771,1,10.0,False,,False,True
5391.211,ANT,12,108.053,18.0,1.0,,,38.63,44.079,25.344,5321.814,5365.893,5391.237,200.0,207.0,314.0,326.0,False,MEDIUM,20.0,False,Mercedes,5283.158,2026-09-26 11:35:00.623,1,10.0,False,,False,True
5499.071,ANT,12,107.86,19.0,1.0,,,38.519,44.038,25.303,5429.756,5473.794,5499.097,200.0,204.0,315.0,326.0,False,MEDIUM,21.0,False,Mercedes,5391.211,2026-09-26 11:36:48.676,1,10.0,False,,False,True
5607.08,ANT,12,108.009,20.0,1.0,,,38.524,44.213,25.272,5537.621,5581.834,5607.106,196.0,205.0,317.0,329.0,False,MEDIUM,22.0,False,Mercedes,5499.071,2026-09-26 11:38:36.536,1,10.0,False,,False,True
5714.812,ANT,12,107.732,21.0,1.0,,,38.341,44.336,25.055,5645.447,5689.783,5714.838,199.0,204.0,326.0,331.0,True,MEDIUM,23.0,False,Mercedes,5607.08,2026-09-26 11:40:24.545,1,10.0,False,,False,True
5823.143,ANT,12,108.331,22.0,1.0,,,39.109,44.488,24.734,5753.947,5798.435,5823.169,188.0,205.0,323.0,334.0,False,MEDIUM,24.0,False,Mercedes,5714.812,2026-09-26 11:42:12.277,1,9.0,False,,False,True
5931.044,ANT,12,107.901,23.0,1.0,,,38.701,43.737,25.463,5861.87,5905.607,5931.07,203.0,208.0,313.0,327.0,False,MEDIUM,25.0,False,Mercedes,5823.143,2026-09-26 11:44:00.608,1,9.0,False,,False,True
6038.562,ANT,12,107.518,24.0,1.0,,,38.3,43.889,25.329,5969.37,6013.259,6038.588,199.0,208.0,314.0,329.0,True,MEDIUM,26.0,False,Mercedes,5931.044,2026-09-26 11:45:48.509,1,9.0,False,,False,True
6146.461,ANT,12,107.899,25.0,1.0,,,38.459,44.144,25.296,6077.047,6121.191,6146.487,201.0,207.0,313.0,326.0,False,MEDIUM,27.0,False,Mercedes,6038.562,2026-09-26 11:47:36.027,1,9.0,False,,False,True
6254.043,ANT,12,107.582,26.0,1.0,,,38.276,43.929,25.377,6184.763,6228.692,6254.069,204.0,207.0,313.0,325.0,False,MEDIUM,28.0,False,Mercedes,6146.461,2026-09-26 11:49:23.926,1,9.0,False,,False,True
6361.597,ANT,12,107.554,27.0,1.0,,,38.083,44.157,25.314,6292.152,6336.309,6361.623,205.0,211.0,314.0,326.0,False,MEDIUM,29.0,False,Mercedes,6254.043,2026-09-26 11:51:11.508,1,9.0,False,,False,True
6468.886,ANT,12,107.289,28.0,1.0,,,38.121,43.827,25.341,6399.744,6443.571,6468.912,204.0,207.0,315.0,327.0,True,MEDIUM,30.0,False,Mercedes,6361.597,2026-09-26 11:52:59.062,1,9.0,False,,False,True
6576.338,ANT,12,107.452,29.0,1.0,,,38.248,43.878,25.326,6507.16,6551.038,6576.364,200.0,209.0,316.0,326.0,False,MEDIUM,31.0,False,Mercedes,6468.886,2026-09-26 11:54:46.351,1,9.0,False,,False,True
6698.807,ANT,12,122.469,30.0,1.0,,6697.529,38.703,44.177,39.589,6615.067,6659.244,6698.833,197.0,201.0,,122.0,False,MEDIUM,32.0,False,Mercedes,6576.338,2026-09-26 11:56:33.803,124,8.0,False,,False,False
6862.238,ANT,12,,31.0,2.0,6718.391,,65.511,60.375,37.517,6764.411,6824.747,6862.379,102.0,169.0,252.0,169.0,False,SOFT,1.0,False,Mercedes,6698.807,2026-09-26 11:58:36.272,4,8.0,False,,False,False
6994.783,ANT,12,132.545,32.0,2.0,,,46.082,54.015,32.448,6908.346,6962.361,6994.809,113.0,184.0,252.0,209.0,False,SOFT,2.0,False,Mercedes,6862.238,2026-09-26 12:01:19.703,4,8.0,False,,False,False
7154.472,ANT,12,,33.0,2.0,,,53.456,68.357,37.78,7048.375,7116.834,7154.498,79.0,166.0,248.0,178.0,False,SOFT,3.0,False,Mercedes,6994.783,2026-09-26 12:03:32.248,4,8.0,False,,False,False
7318.452,ANT,12,,34.0,2.0,,,63.354,62.653,38.071,7217.754,7280.574,7318.524,150.0,170.0,255.0,217.0,False,SOFT,4.0,False,Mercedes,7154.472,2026-09-26 12:06:11.937,4,8.0,False,,False,False
7469.776,ANT,12,,35.0,2.0,,,52.904,62.765,35.615,7371.441,7434.353,7470.056,154.0,154.0,286.0,228.0,False,SOFT,5.0,False,Mercedes,7318.452,2026-09-26 12:08:55.917,41,8.0,False,,False,False
7610.287,ANT,12,140.511,36.0,2.0,,7608.895,41.282,55.663,43.566,7511.084,7566.747,7610.313,187.0,145.0,,212.0,False,SOFT,6.0,False,Mercedes,7469.776,2026-09-26 12:11:27.241,124,7.0,False,,False,False
7772.257,ANT,12,,37.0,3.0,7625.41,,60.692,61.332,39.932,7671.117,7732.351,7772.311,151.0,160.0,237.0,199.0,False,SOFT,7.0,False,Mercedes,7610.287,2026-09-26 12:13:47.752,4,7.0,False,,False,False
7925.148,ANT,12,,38.0,3.0,,,55.019,64.406,33.546,7827.37,7891.79,7925.399,153.0,157.0,343.0,245.0,False,SOFT,8.0,False,Mercedes,7772.257,2026-09-26 12:16:29.722,41,7.0,False,,False,False
8034.483,ANT,12,109.335,39.0,3.0,,,40.061,44.569,24.705,7965.235,8009.804,8034.509,186.0,205.0,337.0,342.0,False,SOFT,9.0,False,Mercedes,7925.148,2026-09-26 12:19:02.613,1,7.0,False,,False,True
8141.732,ANT,12,107.249,40.0,3.0,,,38.821,43.901,24.527,8073.33,8117.231,8141.758,198.0,201.0,340.0,343.0,True,SOFT,10.0,False,Mercedes,8034.483,2026-09-26 12:20:51.948,12,6.0,False,,False,True
8248.798,ANT,12,107.066,41.0,3.0,,,38.505,44.081,24.48,8180.263,8224.344,8248.824,194.0,205.0,338.0,343.0,True,SOFT,11.0,False,Mercedes,8141.732,2026-09-26 12:22:39.197,1,6.0,False,,False,True
8356.208,ANT,12,107.41,42.0,3.0,,,39.062,43.875,24.473,8287.886,8331.761,8356.234,193.0,207.0,322.0,343.0,False,SOFT,12.0,False,Mercedes,8248.798,2026-09-26 12:24:26.263,1,5.0,False,,False,True
8462.264,ANT,12,106.056,43.0,3.0,,,37.759,43.372,24.925,8393.993,8437.365,8462.29,205.0,210.0,318.0,332.0,True,SOFT,13.0,False,Mercedes,8356.208,2026-09-26 12:26:13.673,1,5.0,False,,False,True
8568.473,ANT,12,106.209,44.0,3.0,,,37.946,43.273,24.99,8500.236,8543.509,8568.499,204.0,212.0,317.0,329.0,False,SOFT,14.0,False,Mercedes,8462.264,2026-09-26 12:27:59.729,1,5.0,False,,False,True
8674.111,ANT,12,105.638,45.0,3.0,,,37.602,43.072,24.964,8606.101,8649.173,8674.137,203.0,213.0,316.0,329.0,True,SOFT,15.0,False,Mercedes,8568.473,2026-09-26 12:29:45.938,1,5.0,False,,False,True
8779.662,ANT,12,105.551,46.0,3.0,,,37.551,42.992,25.008,8711.688,8754.68,8779.688,205.0,212.0,318.0,329.0,True,SOFT,16.0,False,Mercedes,8674.111,2026-09-26 12:31:31.576,1,5.0,False,,False,True
8885.465,ANT,12,105.803,47.0,3.0,,,37.664,43.168,24.971,8817.352,8860.52,8885.491,203.0,212.0,318.0,328.0,False,SOFT,17.0,False,Mercedes,8779.662,2026-09-26 12:33:17.127,1,5.0,False,,False,True
8991.181,ANT,12,105.716,48.0,3.0,,,37.704,43.044,24.968,8923.195,8966.239,8991.207,203.0,211.0,320.0,331.0,False,SOFT,18.0,False,Mercedes,8885.465,2026-09-26 12:35:02.930,1,5.0,False,,False,True
9096.714,ANT,12,105.533,49.0,3.0,,,37.548,43.127,24.858,9028.755,9071.882,9096.74,207.0,208.0,321.0,334.0,True,SOFT,19.0,False,Mercedes,8991.181,2026-09-26 12:36:48.646,1,5.0,False,,False,True
9202.127,ANT,12,105.413,50.0,3.0,,,37.588,43.077,24.748,9134.328,9177.405,9202.153,203.0,206.0,326.0,335.0,True,SOFT,20.0,False,Mercedes,9096.714,2026-09-26 12:38:34.179,12,5.0,False,,False,True
9310.159,ANT,12,108.032,51.0,3.0,,,37.558,45.801,24.673,9239.711,9285.512,9310.185,206.0,204.0,315.0,331.0,False,SOFT,21.0,False,Mercedes,9202.127,2026-09-26 12:40:19.592,12,5.0,False,,False,True
3538.888,ALO,14,125.384,1.0,1.0,,,,49.542,25.947,,3513.048,3539.036,156.0,187.0,311.0,316.0,False,SOFT,1.0,True,Aston Martin,3413.247,2026-09-26 11:03:50.712,1,20.0,False,,False,False
3651.698,ALO,14,112.81,2.0,1.0,,,40.623,46.29,25.897,3579.562,3625.852,3651.749,172.0,197.0,307.0,321.0,True,SOFT,2.0,True,Aston Martin,3538.888,2026-09-26 11:05:56.353,1,20.0,False,,False,True
3764.531,ALO,14,112.833,3.0,1.0,,,40.288,46.204,26.341,3692.037,3738.241,3764.582,185.0,186.0,299.0,310.0,False,SOFT,3.0,True,Aston Martin,3651.698,2026-09-26 11:07:49.163,1,21.0,False,,False,True
3877.329,ALO,14,112.798,4.0,1.0,,,40.929,45.843,26.026,3805.511,3851.354,3877.38,174.0,190.0,305.0,314.0,True,SOFT,4.0,True,Aston Martin,3764.531,2026-09-26 11:09:41.996,1,21.0,False,,False,True
3989.575,ALO,14,112.246,5.0,1.0,,,40.198,45.94,26.108,3917.578,3963.518,3989.626,182.0,193.0,301.0,308.0,True,SOFT,5.0,True,Aston Martin,3877.329,2026-09-26 11:11:34.794,1,21.0,False,,False,True
4101.273,ALO,14,111.698,6.0,1.0,,,39.97,45.626,26.102,4029.596,4075.222,4101.324,186.0,207.0,302.0,306.0,True,SOFT,6.0,True,Aston Martin,3989.575,2026-09-26 11:13:27.040,1,21.0,False,,False,True
4212.687,ALO,14,111.414,7.0,1.0,,,39.694,45.722,25.998,4141.018,4186.74,4212.738,188.0,201.0,305.0,312.0,True,SOFT,7.0,True,Aston Martin,4101.273,2026-09-26 11:15:18.738,1,21.0,False,,False,True
4324.831,ALO,14,112.144,8.0,1.0,,,40.064,45.983,26.097,4252.802,4298.785,4324.882,185.0,198.0,303.0,309.0,False,SOFT,8.0,True,Aston Martin,4212.687,2026-09-26 11:17:10.152,12,21.0,False,,False,True
4437.175,ALO,14,112.344,9.0,1.0,,,39.783,46.223,26.338,4364.665,4410.888,4437.226,177.0,191.0,301.0,303.0,False,SOFT,9.0,True,Aston Martin,4324.831,2026-09-26 11:19:02.296,1,21.0,False,,False,True
4548.49,ALO,14,111.315,10.0,1.0,,,39.808,45.504,26.003,4477.034,4522.538,4548.541,185.0,198.0,306.0,310.0,True,SOFT,10.0,True,Aston Martin,4437.175,2026-09-26 11:20:54.640,1,21.0,False,,False,True
4661.031,ALO,14,112.541,11.0,1.0,,,40.852,45.889,25.8,4589.393,4635.282,4661.082,181.0,197.0,311.0,313.0,False,SOFT,11.0,True,Aston Martin,4548.49,2026-09-26 11:22:45.955,1,21.0,False,,False,True
4773.418,ALO,14,112.387,12.0,1.0,,,40.387,46.041,25.959,4701.469,4747.51,4773.469,183.0,200.0,305.0,307.0,False,SOFT,12.0,True,Aston Martin,4661.031,2026-09-26 11:24:38.496,1,21.0,False,,False,True
4884.718,ALO,14,111.3,13.0,1.0,,,39.175,45.634,26.491,4812.644,4858.278,4884.769,189.0,190.0,291.0,301.0,True,SOFT,13.0,True,Aston Martin,4773.418,2026-09-26 11:26:30.883,1,20.0,False,,False,True
4997.933,ALO,14,113.215,14.0,1.0,,,40.817,46.111,26.287,4925.586,4971.697,4997.984,186.0,195.0,298.0,302.0,False,SOFT,14.0,True,Aston Martin,4884.718,2026-09-26 11:28:22.183,1,21.0,False,,False,True
5108.901,ALO,14,110.968,15.0,1.0,,,39.391,45.363,26.214,5037.375,5082.738,5108.952,192.0,200.0,300.0,303.0,True,SOFT,15.0,True,Aston Martin,4997.933,2026-09-26 11:30:15.398,1,21.0,False,,False,True
5220.761,ALO,14,111.86,16.0,1.0,,,40.116,45.639,26.105,5149.068,5194.707,5220.812,187.0,194.0,302.0,306.0,False,SOFT,16.0,True,Aston Martin,5108.901,2026-09-26 11:32:06.366,1,21.0,False,,False,True
5332.135,ALO,14,111.374,17.0,1.0,,,39.015,45.985,26.374,5259.827,5305.812,5332.186,184.0,190.0,290.0,301.0,False,SOFT,17.0,True,Aston Martin,5220.761,2026-09-26 11:33:58.226,1,21.0,False,,False,True
5444.25,ALO,14,112.115,18.0,1.0,,,40.419,45.676,26.02,5372.605,5418.281,5444.301,186.0,200.0,303.0,308.0,False,SOFT,18.0,True,Aston Martin,5332.135,2026-09-26 11:35:49.600,1,21.0,False,,False,True
5556.287,ALO,14,112.037,19.0,1.0,,,39.531,45.723,26.783,5483.832,5529.555,5556.338,185.0,190.0,293.0,293.0,False,SOFT,19.0,True,Aston Martin,5444.25,2026-09-26 11:37:41.715,1,21.0,False,,False,True
5674.214,ALO,14,117.927,20.0,1.0,,5673.073,39.747,46.42,31.76,5596.085,5642.505,5674.265,184.0,185.0,,290.0,False,SOFT,20.0,True,Aston Martin,5556.287,2026-09-26 11:39:33.752,1,21.0,False,,False,False
3527.171,LEC,16,113.667,1.0,1.0,,,,45.031,25.243,,3502.115,3527.39,181.0,195.0,326.0,336.0,False,SOFT,1.0,True,Ferrari,3413.247,2026-09-26 11:03:50.712,1,3.0,False,,False,False
3637.554,LEC,16,110.383,2.0,1.0,,,39.909,45.123,25.351,3567.109,3612.232,3637.583,183.0,208.0,321.0,330.0,True,SOFT,2.0,True,Ferrari,3527.171,2026-09-26 11:05:44.636,1,3.0,False,,False,True
3746.828,LEC,16,109.274,3.0,1.0,,,39.246,44.631,25.397,3676.829,3721.46,3746.857,193.0,211.0,319.0,329.0,True,SOFT,3.0,True,Ferrari,3637.554,2026-09-26 11:07:35.019,1,3.0,False,,False,True
3857.415,LEC,16,110.587,4.0,1.0,,,40.234,44.959,25.394,3787.091,3832.05,3857.444,185.0,204.0,321.0,329.0,False,SOFT,4.0,True,Ferrari,3746.828,2026-09-26 11:09:24.293,1,5.0,False,,False,True
3966.578,LEC,16,109.163,5.0,1.0,,,39.402,44.562,25.199,3896.846,3941.408,3966.607,190.0,205.0,323.0,328.0,True,SOFT,5.0,True,Ferrari,3857.415,2026-09-26 11:11:14.880,1,5.0,False,,False,True
4075.187,LEC,16,108.609,6.0,1.0,,,38.859,44.501,25.249,4005.466,4049.967,4075.216,194.0,209.0,319.0,330.0,True,SOFT,6.0,True,Ferrari,3966.578,2026-09-26 11:13:04.043,1,5.0,False,,False,True
4183.567,LEC,16,108.38,7.0,1.0,,,38.731,44.302,25.347,4113.947,4158.249,4183.596,197.0,205.0,320.0,330.0,True,SOFT,7.0,True,Ferrari,4075.187,2026-09-26 11:14:52.652,1,5.0,False,,False,True
4292.187,LEC,16,108.62,8.0,1.0,,,38.709,44.529,25.382,4222.305,4266.834,4292.216,199.0,210.0,319.0,330.0,False,SOFT,8.0,True,Ferrari,4183.567,2026-09-26 11:16:41.032,1,5.0,False,,False,True
4401.112,LEC,16,108.925,9.0,1.0,,,38.671,44.814,25.44,4330.887,4375.701,4401.141,197.0,203.0,317.0,328.0,False,SOFT,9.0,True,Ferrari,4292.187,2026-09-26 11:18:29.652,12,5.0,False,,False,True
4509.523,LEC,16,108.411,10.0,1.0,,,38.751,44.338,25.322,4439.892,4484.23,4509.552,198.0,205.0,316.0,327.0,False,SOFT,10.0,True,Ferrari,4401.112,2026-09-26 11:20:18.577,1,5.0,False,,False,True
4617.945,LEC,16,108.422,11.0,1.0,,,38.637,44.362,25.423,4548.189,4592.551,4617.974,201.0,206.0,316.0,326.0,False,SOFT,11.0,True,Ferrari,4509.523,2026-09-26 11:22:06.988,1,5.0,False,,False,True
4726.052,LEC,16,108.107,12.0,1.0,,,38.689,44.123,25.295,4656.663,4700.786,4726.081,198.0,208.0,317.0,329.0,True,SOFT,12.0,True,Ferrari,4617.945,2026-09-26 11:23:55.410,1,5.0,False,,False,True
4834.124,LEC,16,108.072,13.0,1.0,,,38.618,44.193,25.261,4764.699,4808.892,4834.153,198.0,213.0,317.0,328.0,True,SOFT,13.0,True,Ferrari,4726.052,2026-09-26 11:25:43.517,1,5.0,False,,False,True
4942.232,LEC,16,108.108,14.0,1.0,,,38.516,44.256,25.336,4872.669,4916.925,4942.261,200.0,208.0,316.0,328.0,False,SOFT,14.0,True,Ferrari,4834.124,2026-09-26 11:27:31.589,1,5.0,False,,False,True
5050.042,LEC,16,107.81,15.0,1.0,,,38.522,44.106,25.182,4980.783,5024.889,5050.071,199.0,210.0,317.0,331.0,True,SOFT,15.0,True,Ferrari,4942.232,2026-09-26 11:29:19.697,1,5.0,False,,False,True
5158.259,LEC,16,108.217,16.0,1.0,,,38.861,44.013,25.343,5088.932,5132.945,5158.288,198.0,210.0,317.0,328.0,False,SOFT,16.0,True,Ferrari,5050.042,2026-09-26 11:31:07.507,1,5.0,False,,False,True
5266.341,LEC,16,108.082,17.0,1.0,,,38.706,44.048,25.328,5196.994,5241.042,5266.37,198.0,212.0,316.0,327.0,False,SOFT,17.0,True,Ferrari,5158.259,2026-09-26 11:32:55.724,1,5.0,False,,False,True
5374.394,LEC,16,108.053,18.0,1.0,,,38.559,44.101,25.393,5304.929,5349.03,5374.423,199.0,212.0,315.0,327.0,False,SOFT,18.0,True,Ferrari,5266.341,2026-09-26 11:34:43.806,1,5.0,False,,False,True
5482.317,LEC,16,107.923,19.0,1.0,,,38.557,44.061,25.305,5412.98,5457.041,5482.346,201.0,212.0,315.0,328.0,False,SOFT,19.0,True,Ferrari,5374.394,2026-09-26 11:36:31.859,1,5.0,False,,False,True
5590.441,LEC,16,108.124,20.0,1.0,,,38.781,44.079,25.264,5521.127,5565.206,5590.47,198.0,214.0,315.0,330.0,False,SOFT,20.0,True,Ferrari,5482.317,2026-09-26 11:38:19.782,1,5.0,False,,False,True
5698.221,LEC,16,107.78,21.0,1.0,,,38.46,44.118,25.202,5628.93,5673.048,5698.25,200.0,211.0,316.0,329.0,True,SOFT,21.0,True,Ferrari,5590.441,2026-09-26 11:40:07.906,1,5.0,False,,False,True
5806.04,LEC,16,107.819,22.0,1.0,,,38.519,43.988,25.312,5736.769,5780.757,5806.069,205.0,208.0,314.0,328.0,False,SOFT,22.0,True,Ferrari,5698.221,2026-09-26 11:41:55.686,1,5.0,False,,False,True
5913.609,LEC,16,107.569,23.0,1.0,,,38.435,43.829,25.305,5844.504,5888.333,5913.638,202.0,213.0,317.0,330.0,True,SOFT,23.0,True,Ferrari,5806.04,2026-09-26 11:43:43.505,1,5.0,False,,False,True
6021.282,LEC,16,107.673,24.0,1.0,,,38.441,43.869,25.363,5952.079,5995.948,6021.311,204.0,211.0,315.0,329.0,False,SOFT,24.0,True,Ferrari,5913.609,2026-09-26 11:45:31.074,1,5.0,False,,False,True
6128.981,LEC,16,107.699,25.0,1.0,,,38.414,44.003,25.282,6059.725,6103.728,6129.01,206.0,206.0,315.0,330.0,False,SOFT,25.0,True,Ferrari,6021.282,2026-09-26 11:47:18.747,1,5.0,False,,False,True
6236.71,LEC,16,107.729,26.0,1.0,,,38.498,43.943,25.288,6167.508,6211.451,6236.739,201.0,212.0,316.0,330.0,False,SOFT,26.0,True,Ferrari,6128.981,2026-09-26 11:49:06.446,1,5.0,False,,False,True
6344.431,LEC,16,107.721,27.0,1.0,,,38.504,44.071,25.146,6275.243,6319.314,6344.46,204.0,206.0,318.0,333.0,False,SOFT,27.0,True,Ferrari,6236.71,2026-09-26 11:50:54.175,1,5.0,False,,False,True
6452.179,LEC,16,107.748,28.0,1.0,,,38.453,43.966,25.329,6382.913,6426.879,6452.208,204.0,211.0,315.0,329.0,False,SOFT,28.0,True,Ferrari,6344.431,2026-09-26 11:52:41.896,1,5.0,False,,False,True
6559.387,LEC,16,107.208,29.0,1.0,,,38.276,43.686,25.246,6490.484,6534.17,6559.416,203.0,209.0,316.0,329.0,True,SOFT,29.0,True,Ferrari,6452.179,2026-09-26 11:54:29.644,1,5.0,False,,False,True
6666.803,LEC,16,107.416,30.0,1.0,,,38.252,43.809,25.355,6597.668,6641.477,6666.832,206.0,208.0,316.0,330.0,False,SOFT,30.0,True,Ferrari,6559.387,2026-09-26 11:56:16.852,12,5.0,False,,False,True
6821.821,LEC,16,,31.0,1.0,,6820.429,54.019,59.314,41.607,6720.969,6780.248,6821.85,124.0,135.0,,194.0,False,SOFT,31.0,True,Ferrari,6666.803,2026-09-26 11:58:04.268,24,5.0,False,,False,False
6988.852,LEC,16,,32.0,2.0,6842.517,,68.772,59.982,38.311,6890.669,6950.57,6989.003,114.0,175.0,252.0,198.0,False,MEDIUM,1.0,True,Ferrari,6821.821,2026-09-26 12:00:39.286,4,5.0,False,,False,False
7149.049,LEC,16,,33.0,2.0,,,55.177,68.576,36.391,7044.111,7112.721,7149.174,81.0,163.0,204.0,206.0,False,MEDIUM,2.0,True,Ferrari,6988.852,2026-09-26 12:03:26.317,4,5.0,False,,False,False
7314.993,LEC,16,,34.0,2.0,,,65.111,63.424,37.368,7214.24,7277.654,7315.054,98.0,170.0,243.0,215.0,False,MEDIUM,3.0,True,Ferrari,7149.049,2026-09-26 12:06:06.514,4,5.0,False,,False,False
7469.303,LEC,16,,35.0,2.0,,,52.728,62.796,38.937,7367.85,7430.564,7469.615,166.0,145.0,292.0,205.0,False,MEDIUM,4.0,True,Ferrari,7314.993,2026-09-26 12:08:52.458,41,5.0,False,,False,False
7607.999,LEC,16,138.696,36.0,2.0,,7606.653,40.376,54.147,44.173,7509.708,7563.855,7608.028,185.0,124.0,,253.0,False,MEDIUM,5.0,True,Ferrari,7469.303,2026-09-26 12:11:26.768,124,5.0,False,,False,False
7768.308,LEC,16,,37.0,3.0,7622.187,,60.25,60.979,38.956,7668.458,7729.381,7768.395,127.0,182.0,271.0,182.0,False,MEDIUM,6.0,False,Ferrari,7607.999,2026-09-26 12:13:45.464,4,5.0,False,,False,False
7924.66,LEC,16,,38.0,3.0,,,56.678,63.886,35.895,7825.018,7888.851,7924.804,139.0,140.0,341.0,213.0,False,MEDIUM,7.0,False,Ferrari,7768.308,2026-09-26 12:16:25.773,41,5.0,False,,False,False
8033.263,LEC,16,108.603,39.0,3.0,,,39.688,44.162,24.753,7964.377,8008.539,8033.292,185.0,206.0,335.0,339.0,False,MEDIUM,8.0,False,Ferrari,7924.66,2026-09-26 12:19:02.125,1,5.0,False,,False,True
8140.306,LEC,16,107.043,40.0,3.0,,,38.708,43.457,24.878,8072.0,8115.457,8140.335,201.0,210.0,322.0,332.0,True,MEDIUM,9.0,False,Ferrari,8033.263,2026-09-26 12:20:50.728,12,4.0,False,,False,True
8246.658,LEC,16,106.352,41.0,3.0,,,37.979,43.503,24.87,8178.314,8221.817,8246.687,202.0,213.0,321.0,330.0,True,MEDIUM,10.0,False,Ferrari,8140.306,2026-09-26 12:22:37.771,1,4.0,False,,False,True
8352.679,LEC,16,106.021,42.0,3.0,,,38.044,43.223,24.754,8284.731,8327.954,8352.708,204.0,212.0,324.0,333.0,True,MEDIUM,11.0,False,Ferrari,8246.658,2026-09-26 12:24:24.123,1,4.0,False,,False,True
8458.881,LEC,16,106.202,43.0,3.0,,,37.893,43.447,24.862,8390.601,8434.048,8458.91,201.0,215.0,322.0,331.0,False,MEDIUM,12.0,False,Ferrari,8352.679,2026-09-26 12:26:10.144,1,4.0,False,,False,True
8564.665,LEC,16,105.784,44.0,3.0,,,37.787,43.185,24.812,8496.697,8539.882,8564.694,205.0,213.0,322.0,329.0,True,MEDIUM,13.0,False,Ferrari,8458.881,2026-09-26 12:27:56.346,1,4.0,False,,False,True
8670.597,LEC,16,105.932,45.0,3.0,,,37.821,43.263,24.848,8602.515,8645.778,8670.626,204.0,209.0,319.0,331.0,False,MEDIUM,14.0,False,Ferrari,8564.665,2026-09-26 12:29:42.130,1,4.0,False,,False,True
8776.634,LEC,16,106.037,46.0,3.0,,,37.848,43.255,24.934,8708.474,8751.729,8776.663,204.0,213.0,319.0,330.0,False,MEDIUM,15.0,False,Ferrari,8670.597,2026-09-26 12:31:28.062,1,4.0,False,,False,True
8882.606,LEC,16,105.972,47.0,3.0,,,37.804,43.27,24.898,8814.467,8857.737,8882.635,203.0,212.0,318.0,329.0,False,MEDIUM,16.0,False,Ferrari,8776.634,2026-09-26 12:33:14.099,1,4.0,False,,False,True
8988.681,LEC,16,106.075,48.0,3.0,,,37.901,43.201,24.973,8920.536,8963.737,8988.71,207.0,210.0,318.0,329.0,False,MEDIUM,17.0,False,Ferrari,8882.606,2026-09-26 12:35:00.071,1,4.0,False,,False,True
9094.804,LEC,16,106.123,49.0,3.0,,,37.851,43.36,24.912,9026.561,9069.921,9094.833,202.0,213.0,315.0,330.0,False,MEDIUM,18.0,False,Ferrari,8988.681,2026-09-26 12:36:46.146,1,4.0,False,,False,True
9201.088,LEC,16,106.284,50.0,3.0,,,38.036,43.289,24.959,9132.869,9176.158,9201.117,206.0,210.0,314.0,325.0,False,MEDIUM,19.0,False,Ferrari,9094.804,2026-09-26 12:38:32.269,12,4.0,False,,False,True
9309.787,LEC,16,108.699,51.0,3.0,,,37.93,45.487,25.282,9239.047,9284.534,9309.816,205.0,206.0,281.0,323.0,False,MEDIUM,20.0,False,Ferrari,9201.088,2026-09-26 12:40:18.553,12,4.0,False,,False,True
3541.391,STR,18,127.887,1.0,1.0,,,,51.109,26.149,,3515.313,3541.557,160.0,188.0,308.0,314.0,False,SOFT,1.0,True,Aston Martin,3413.247,2026-09-26 11:03:50.712,1,22.0,False,,False,False
3653.544,STR,18,112.153,2.0,1.0,,,40.512,45.788,25.853,3581.959,3627.747,3653.6,179.0,201.0,308.0,321.0,True,SOFT,2.0,True,Aston Martin,3541.391,2026-09-26 11:05:58.856,1,22.0,False,,False,True
3765.626,STR,18,112.082,3.0,1.0,,,40.333,45.942,25.807,3693.933,3739.875,3765.682,182.0,201.0,308.0,318.0,True,SOFT,3.0,True,Aston Martin,3653.544,2026-09-26 11:07:51.009,1,22.0,False,,False,True
3877.984,STR,18,112.358,4.0,1.0,,,40.603,46.03,25.725,3806.285,3852.315,3878.04,180.0,194.0,311.0,321.0,False,SOFT,4.0,True,Aston Martin,3765.626,2026-09-26 11:09:43.091,1,22.0,False,,False,True
3990.336,STR,18,112.352,5.0,1.0,,,40.187,46.243,25.922,3918.227,3964.47,3990.392,184.0,192.0,310.0,318.0,False,SOFT,5.0,True,Aston Martin,3877.984,2026-09-26 11:11:35.449,1,22.0,False,,False,True
4102.21,STR,18,111.874,6.0,1.0,,,40.228,45.909,25.737,4030.62,4076.529,4102.266,183.0,200.0,309.0,320.0,True,SOFT,6.0,True,Aston Martin,3990.336,2026-09-26 11:13:27.801,1,22.0,False,,False,True
4213.933,STR,18,111.723,7.0,1.0,,,39.886,45.937,25.9,4142.152,4188.089,4213.989,190.0,197.0,305.0,317.0,True,SOFT,7.0,True,Aston Martin,4102.21,2026-09-26 11:15:19.675,1,22.0,False,,False,True
4363.933,STR,18,,8.0,1.0,,,,,,,,,,,,,,SOFT,8.0,True,Aston Martin,4213.933,2026-09-26 11:17:11.398,12,,False,,True,False
3532.974,ALB,23,119.47,1.0,1.0,,,,46.756,25.119,,3507.941,3533.127,166.0,188.0,326.0,342.0,False,SOFT,1.0,True,Williams,3413.247,2026-09-26 11:03:50.712,1,11.0,False,,False,False
3644.775,ALB,23,111.801,2.0,1.0,,,41.062,45.45,25.289,3574.046,3619.496,3644.785,171.0,195.0,336.0,336.0,True,SOFT,2.0,True,Williams,3532.974,2026-09-26 11:05:50.439,1,12.0,False,,False,True
3755.163,ALB,23,110.388,3.0,1.0,,,39.788,45.391,25.209,3684.573,3729.964,3755.173,179.0,190.0,331.0,334.0,True,SOFT,3.0,True,Williams,3644.775,2026-09-26 11:07:42.240,1,12.0,False,,False,True
3865.225,ALB,23,110.062,4.0,1.0,,,39.449,45.308,25.305,3794.622,3839.93,3865.235,187.0,194.0,328.0,334.0,True,SOFT,4.0,True,Williams,3755.163,2026-09-26 11:09:32.628,1,12.0,False,,False,True
3974.776,ALB,23,109.551,5.0,1.0,,,39.285,44.947,25.319,3904.52,3949.467,3974.786,188.0,201.0,327.0,333.0,True,SOFT,5.0,True,Williams,3865.225,2026-09-26 11:11:22.690,1,12.0,False,,False,True
4084.608,ALB,23,109.832,6.0,1.0,,,39.458,45.361,25.013,4014.244,4059.605,4084.618,184.0,193.0,331.0,335.0,False,SOFT,6.0,True,Williams,3974.776,2026-09-26 11:13:12.241,1,12.0,False,,False,True
4194.308,ALB,23,109.7,7.0,1.0,,,39.469,45.089,25.142,4124.087,4169.176,4194.318,193.0,193.0,335.0,343.0,False,SOFT,7.0,True,Williams,4084.608,2026-09-26 11:15:02.073,1,12.0,False,,False,True
4303.827,ALB,23,109.519,8.0,1.0,,,39.443,45.135,24.941,4233.761,4278.896,4303.837,190.0,188.0,336.0,340.0,True,SOFT,8.0,True,Williams,4194.308,2026-09-26 11:16:51.773,12,12.0,False,,False,True
4413.494,ALB,23,109.667,9.0,1.0,,,39.53,45.02,25.117,4343.367,4388.387,4413.504,195.0,191.0,331.0,340.0,False,SOFT,9.0,True,Williams,4303.827,2026-09-26 11:18:41.292,21,12.0,False,,False,True
4522.743,ALB,23,109.249,10.0,1.0,,,39.354,44.934,24.961,4452.858,4497.792,4522.753,191.0,198.0,334.0,337.0,True,SOFT,10.0,True,Williams,4413.494,2026-09-26 11:20:30.959,1,12.0,False,,False,True
4633.075,ALB,23,110.332,11.0,1.0,,,40.252,45.114,24.966,4563.005,4608.119,4633.085,186.0,191.0,333.0,337.0,False,SOFT,11.0,True,Williams,4522.743,2026-09-26 11:22:20.208,1,12.0,False,,False,True
4743.516,ALB,23,110.441,12.0,1.0,,,40.311,45.148,24.982,4673.396,4718.544,4743.526,178.0,188.0,330.0,336.0,False,SOFT,12.0,True,Williams,4633.075,2026-09-26 11:24:10.540,1,13.0,False,,False,True
4853.101,ALB,23,109.585,13.0,1.0,,,39.635,44.984,24.966,4783.161,4828.145,4853.111,181.0,198.0,334.0,335.0,False,SOFT,13.0,True,Williams,4743.516,2026-09-26 11:26:00.981,1,13.0,False,,False,True
4962.307,ALB,23,109.206,14.0,1.0,,,39.501,44.77,24.935,4892.612,4937.382,4962.317,194.0,196.0,329.0,335.0,True,SOFT,14.0,True,Williams,4853.101,2026-09-26 11:27:50.566,1,13.0,False,,False,True
5071.33,ALB,23,109.023,15.0,1.0,,,39.4,44.583,25.04,5001.717,5046.3,5071.34,193.0,196.0,325.0,335.0,True,SOFT,15.0,True,Williams,4962.307,2026-09-26 11:29:39.772,1,13.0,False,,False,True
5180.811,ALB,23,109.481,16.0,1.0,,,39.27,44.922,25.289,5110.61,5155.532,5180.821,195.0,193.0,324.0,332.0,False,SOFT,16.0,True,Williams,5071.33,2026-09-26 11:31:28.795,1,13.0,False,,False,True
5289.526,ALB,23,108.715,17.0,1.0,,,39.048,44.503,25.164,5219.869,5264.372,5289.536,192.0,200.0,324.0,328.0,True,SOFT,17.0,True,Williams,5180.811,2026-09-26 11:33:18.276,1,13.0,False,,False,True
5398.733,ALB,23,109.207,18.0,1.0,,,39.066,44.829,25.312,5328.602,5373.431,5398.743,188.0,196.0,322.0,325.0,False,SOFT,18.0,True,Williams,5289.526,2026-09-26 11:35:06.991,1,13.0,False,,False,True
5507.726,ALB,23,108.993,19.0,1.0,,,38.981,44.738,25.274,5437.724,5482.462,5507.736,191.0,206.0,321.0,329.0,False,SOFT,19.0,True,Williams,5398.733,2026-09-26 11:36:56.198,1,13.0,False,,False,True
5616.589,ALB,23,108.863,20.0,1.0,,,38.968,44.725,25.17,5546.704,5591.429,5616.599,194.0,204.0,322.0,329.0,False,SOFT,20.0,True,Williams,5507.726,2026-09-26 11:38:45.191,1,13.0,False,,False,True
5725.39,ALB,23,108.801,21.0,1.0,,,38.878,44.748,25.175,5655.477,5700.225,5725.4,191.0,201.0,323.0,328.0,False,SOFT,21.0,True,Williams,5616.589,2026-09-26 11:40:34.054,1,13.0,False,,False,True
5834.481,ALB,23,109.091,22.0,1.0,,,39.043,44.768,25.28,5764.443,5809.211,5834.491,194.0,202.0,321.0,325.0,False,SOFT,22.0,True,Williams,5725.39,2026-09-26 11:42:22.855,1,13.0,False,,False,True
5943.386,ALB,23,108.905,23.0,1.0,,,38.876,44.747,25.282,5873.367,5918.114,5943.396,192.0,198.0,324.0,326.0,False,SOFT,23.0,True,Williams,5834.481,2026-09-26 11:44:11.946,1,13.0,False,,False,True
6052.705,ALB,23,109.319,24.0,1.0,,,39.193,44.712,25.414,5982.589,6027.301,6052.715,191.0,201.0,321.0,326.0,False,SOFT,24.0,True,Williams,5943.386,2026-09-26 11:46:00.851,1,13.0,False,,False,True
6161.439,ALB,23,108.734,25.0,1.0,,,38.926,44.666,25.142,6091.641,6136.307,6161.449,191.0,204.0,326.0,329.0,False,SOFT,25.0,True,Williams,6052.705,2026-09-26 11:47:50.170,1,13.0,False,,False,True
6270.072,ALB,23,108.633,26.0,1.0,,,38.873,44.517,25.243,6200.322,6244.839,6270.082,196.0,200.0,323.0,330.0,True,SOFT,26.0,True,Williams,6161.439,2026-09-26 11:49:38.904,1,13.0,False,,False,True
6378.634,ALB,23,108.562,27.0,1.0,,,38.891,44.51,25.161,6308.973,6353.483,6378.644,198.0,203.0,325.0,328.0,True,SOFT,27.0,True,Williams,6270.072,2026-09-26 11:51:27.537,1,13.0,False,,False,True
6488.94,ALB,23,110.306,28.0,1.0,,,40.37,44.579,25.357,6419.014,6463.593,6488.95,182.0,206.0,316.0,328.0,False,SOFT,28.0,True,Williams,6378.634,2026-09-26 11:53:16.099,1,13.0,False,,False,True
6597.383,ALB,23,108.443,29.0,1.0,,,39.003,44.292,25.148,6527.953,6572.245,6597.393,198.0,208.0,319.0,331.0,True,SOFT,29.0,True,Williams,6488.94,2026-09-26 11:55:06.405,12,13.0,False,,False,True
6747.383,ALB,23,,30.0,1.0,,,,,,,,,,,,,,SOFT,30.0,True,Williams,6597.383,2026-09-26 11:56:54.848,124,,False,,True,False
3536.283,HUL,27,122.779,1.0,1.0,,,,48.117,25.947,,3510.475,3536.745,163.0,190.0,314.0,329.0,False,MEDIUM,1.0,True,Audi,3413.247,2026-09-26 11:03:50.712,1,16.0,False,,False,False
3647.764,HUL,27,111.481,2.0,1.0,,,40.105,45.582,25.794,3576.418,3622.0,3647.794,180.0,193.0,311.0,320.0,True,MEDIUM,2.0,True,Audi,3536.283,2026-09-26 11:05:53.748,1,16.0,False,,False,True
3759.175,HUL,27,111.411,3.0,1.0,,,40.218,45.466,25.727,3688.012,3733.478,3759.205,190.0,178.0,327.0,325.0,True,MEDIUM,3.0,True,Audi,3647.764,2026-09-26 11:07:45.229,1,17.0,False,,False,True
3869.873,HUL,27,110.698,4.0,1.0,,,39.637,45.522,25.539,3798.842,3844.364,3869.903,188.0,196.0,322.0,330.0,True,MEDIUM,4.0,True,Audi,3759.175,2026-09-26 11:09:36.640,1,17.0,False,,False,True
3980.278,HUL,27,110.405,5.0,1.0,,,39.532,45.613,25.26,3909.435,3955.048,3980.308,187.0,199.0,327.0,331.0,True,MEDIUM,5.0,True,Audi,3869.873,2026-09-26 11:11:27.338,1,17.0,False,,False,True
4090.085,HUL,27,109.807,6.0,1.0,,,39.544,45.384,24.879,4019.852,4065.236,4090.115,190.0,199.0,330.0,343.0,True,MEDIUM,6.0,True,Audi,3980.278,2026-09-26 11:13:17.743,1,17.0,False,,False,True
4200.793,HUL,27,110.708,7.0,1.0,,,40.268,45.31,25.13,4130.383,4175.693,4200.823,195.0,204.0,325.0,333.0,False,MEDIUM,7.0,True,Audi,4090.085,2026-09-26 11:15:07.550,1,17.0,False,,False,True
4310.443,HUL,27,109.65,8.0,1.0,,,39.49,45.179,24.981,4240.313,4285.492,4310.473,191.0,196.0,339.0,336.0,True,MEDIUM,8.0,True,Audi,4200.793,2026-09-26 11:16:58.258,12,17.0,False,,False,True
4419.764,HUL,27,109.321,9.0,1.0,,,39.01,44.771,25.54,4349.483,4394.254,4419.794,196.0,209.0,313.0,328.0,True,MEDIUM,9.0,True,Audi,4310.443,2026-09-26 11:18:47.908,1,16.0,False,,False,True
4530.063,HUL,27,110.299,10.0,1.0,,,39.309,45.289,25.701,4459.103,4504.392,4530.093,193.0,195.0,309.0,323.0,False,MEDIUM,10.0,True,Audi,4419.764,2026-09-26 11:20:37.229,1,16.0,False,,False,True
4639.905,HUL,27,109.842,11.0,1.0,,,39.213,44.9,25.729,4569.306,4614.206,4639.935,199.0,203.0,308.0,322.0,False,MEDIUM,11.0,True,Audi,4530.063,2026-09-26 11:22:27.528,1,16.0,False,,False,True
4749.575,HUL,27,109.67,12.0,1.0,,,39.249,44.737,25.684,4679.184,4723.921,4749.605,189.0,208.0,311.0,326.0,False,MEDIUM,12.0,True,Audi,4639.905,2026-09-26 11:24:17.370,1,16.0,False,,False,True
4859.065,HUL,27,109.49,13.0,1.0,,,38.964,44.79,25.736,4788.569,4833.359,4859.095,199.0,200.0,310.0,325.0,False,MEDIUM,13.0,True,Audi,4749.575,2026-09-26 11:26:07.040,1,16.0,False,,False,True
4968.499,HUL,27,109.434,14.0,1.0,,,39.091,44.676,25.667,4898.186,4942.862,4968.529,202.0,205.0,310.0,327.0,False,MEDIUM,14.0,True,Audi,4859.065,2026-09-26 11:27:56.530,1,16.0,False,,False,True
5078.153,HUL,27,109.654,15.0,1.0,,,39.282,44.676,25.696,5007.811,5052.487,5078.183,199.0,206.0,309.0,326.0,False,MEDIUM,15.0,True,Audi,4968.499,2026-09-26 11:29:45.964,1,16.0,False,,False,True
5187.683,HUL,27,109.53,16.0,1.0,,,39.207,44.558,25.765,5117.39,5161.948,5187.713,196.0,206.0,310.0,325.0,False,MEDIUM,16.0,True,Audi,5078.153,2026-09-26 11:31:35.618,1,16.0,False,,False,True
5297.265,HUL,27,109.582,17.0,1.0,,,39.146,44.656,25.78,5226.859,5271.515,5297.295,197.0,198.0,309.0,324.0,False,MEDIUM,17.0,True,Audi,5187.683,2026-09-26 11:33:25.148,1,16.0,False,,False,True
5407.097,HUL,27,109.832,18.0,1.0,,,39.175,44.792,25.865,5336.47,5381.262,5407.127,198.0,200.0,306.0,322.0,False,MEDIUM,18.0,True,Audi,5297.265,2026-09-26 11:35:14.730,1,16.0,False,,False,True
5516.55,HUL,27,109.453,19.0,1.0,,,39.068,44.6,25.785,5446.195,5490.795,5516.58,194.0,206.0,305.0,321.0,False,MEDIUM,19.0,True,Audi,5407.097,2026-09-26 11:37:04.562,1,16.0,False,,False,True
5626.016,HUL,27,109.466,20.0,1.0,,,39.093,44.695,25.678,5555.673,5600.368,5626.046,202.0,204.0,305.0,324.0,False,MEDIUM,20.0,True,Audi,5516.55,2026-09-26 11:38:54.015,1,16.0,False,,False,True
5735.646,HUL,27,109.63,21.0,1.0,,,39.276,44.611,25.743,5665.322,5709.933,5735.676,195.0,205.0,305.0,323.0,False,MEDIUM,21.0,True,Audi,5626.016,2026-09-26 11:40:43.481,1,16.0,False,,False,True
5845.488,HUL,27,109.842,22.0,1.0,,,39.435,44.559,25.848,5775.111,5819.67,5845.518,196.0,203.0,303.0,320.0,False,MEDIUM,22.0,True,Audi,5735.646,2026-09-26 11:42:33.111,1,16.0,False,,False,True
5955.234,HUL,27,109.746,23.0,1.0,,,39.162,44.608,25.976,5884.68,5929.288,5955.264,197.0,205.0,303.0,320.0,False,MEDIUM,23.0,True,Audi,5845.488,2026-09-26 11:44:22.953,1,16.0,False,,False,True
6065.079,HUL,27,109.845,24.0,1.0,,,39.276,44.659,25.91,5994.54,6039.199,6065.109,197.0,199.0,303.0,320.0,False,MEDIUM,24.0,True,Audi,5955.234,2026-09-26 11:46:12.699,1,16.0,False,,False,True
6174.425,HUL,27,109.346,25.0,1.0,,,39.111,44.427,25.808,6104.22,6148.647,6174.455,198.0,205.0,301.0,315.0,False,MEDIUM,25.0,True,Audi,6065.079,2026-09-26 11:48:02.544,1,16.0,False,,False,True
6284.111,HUL,27,109.686,26.0,1.0,,,39.335,44.463,25.888,6213.79,6258.253,6284.141,197.0,205.0,301.0,315.0,False,MEDIUM,26.0,True,Audi,6174.425,2026-09-26 11:49:51.890,1,16.0,False,,False,True
6394.508,HUL,27,110.397,27.0,1.0,,,40.162,44.641,25.594,6324.303,6368.944,6394.538,191.0,203.0,313.0,323.0,False,MEDIUM,27.0,True,Audi,6284.111,2026-09-26 11:51:41.576,1,17.0,False,,False,True
6503.522,HUL,27,109.014,28.0,1.0,,,39.001,44.498,25.515,6433.539,6478.037,6503.552,194.0,205.0,316.0,329.0,True,MEDIUM,28.0,True,Audi,6394.508,2026-09-26 11:53:31.973,1,17.0,False,,False,True
6612.603,HUL,27,109.081,29.0,1.0,,,39.044,44.552,25.485,6542.596,6587.148,6612.633,198.0,197.0,314.0,328.0,False,MEDIUM,29.0,True,Audi,6503.522,2026-09-26 11:55:20.987,12,17.0,False,,False,True
6746.945,HUL,27,134.342,30.0,1.0,,,39.254,55.857,39.231,6651.887,6707.744,6746.975,161.0,146.0,192.0,176.0,False,MEDIUM,30.0,True,Audi,6612.603,2026-09-26 11:57:10.068,124,15.0,False,,False,False
6900.21,HUL,27,,31.0,1.0,,,56.131,59.821,37.258,6803.271,6863.047,6900.24,93.0,151.0,268.0,183.0,False,MEDIUM,31.0,True,Audi,6746.945,2026-09-26 11:59:24.410,4,14.0,False,,False,False
7027.836,HUL,27,127.626,32.0,1.0,,7026.502,44.356,51.0,32.27,6944.596,6995.596,7027.866,87.0,168.0,,271.0,False,MEDIUM,32.0,True,Audi,6900.21,2026-09-26 12:01:57.675,4,14.0,False,,False,False
7163.78,HUL,27,135.944,33.0,2.0,7046.638,,58.008,47.482,30.454,7085.874,7133.356,7163.81,95.0,200.0,236.0,189.0,False,SOFT,1.0,True,Audi,7027.836,2026-09-26 12:04:05.301,4,15.0,False,,False,False
7327.562,HUL,27,,34.0,2.0,,,62.704,63.453,37.637,7226.551,7290.016,7327.65,156.0,123.0,217.0,203.0,False,SOFT,2.0,True,Audi,7163.78,2026-09-26 12:06:21.245,4,15.0,False,,False,False
7470.931,HUL,27,143.369,35.0,2.0,,,52.662,59.631,31.076,7380.254,7439.885,7470.961,186.0,154.0,322.0,284.0,False,SOFT,3.0,True,Audi,7327.562,2026-09-26 12:09:05.027,41,15.0,False,,False,False
7615.477,HUL,27,144.546,36.0,2.0,,7614.091,43.396,57.491,43.659,7514.357,7571.848,7615.507,154.0,151.0,,233.0,False,SOFT,4.0,True,Audi,7470.931,2026-09-26 12:11:28.396,124,11.0,False,,False,False
7777.166,HUL,27,,37.0,3.0,7629.27,,60.955,61.123,39.653,7676.496,7737.576,7777.362,114.0,180.0,210.0,200.0,False,SOFT,5.0,False,Audi,7615.477,2026-09-26 12:13:52.942,4,11.0,False,,False,False
7927.036,HUL,27,149.87,38.0,3.0,,,54.46,63.339,32.071,7831.656,7894.995,7927.066,178.0,103.0,338.0,255.0,False,SOFT,6.0,False,Audi,7777.166,2026-09-26 12:16:34.631,41,11.0,False,,False,False
8037.739,HUL,27,110.703,39.0,3.0,,,40.287,44.977,25.439,7967.353,8012.33,8037.769,179.0,201.0,316.0,326.0,False,SOFT,7.0,False,Audi,7927.036,2026-09-26 12:19:04.501,1,11.0,False,,False,True
8145.992,HUL,27,108.253,40.0,3.0,,,39.027,44.028,25.198,8076.796,8120.824,8146.022,194.0,204.0,321.0,337.0,True,SOFT,8.0,False,Audi,8037.739,2026-09-26 12:20:55.204,12,10.0,False,,False,True
8253.467,HUL,27,107.475,41.0,3.0,,,38.301,44.35,24.824,8184.323,8228.673,8253.497,201.0,201.0,323.0,330.0,True,SOFT,9.0,False,Audi,8145.992,2026-09-26 12:22:43.457,1,10.0,False,,False,True
8360.997,HUL,27,107.53,42.0,3.0,,,38.414,44.217,24.899,8291.911,8336.128,8361.027,196.0,212.0,323.0,327.0,False,SOFT,10.0,False,Audi,8253.467,2026-09-26 12:24:30.932,1,10.0,False,,False,True
8468.285,HUL,27,107.288,43.0,3.0,,,38.259,44.316,24.713,8399.286,8443.602,8468.315,202.0,206.0,325.0,331.0,True,SOFT,11.0,False,Audi,8360.997,2026-09-26 12:26:18.462,1,10.0,False,,False,True
8575.328,HUL,27,107.043,44.0,3.0,,,38.217,44.091,24.735,8506.532,8550.623,8575.358,198.0,208.0,324.0,332.0,True,SOFT,12.0,False,Audi,8468.285,2026-09-26 12:28:05.750,1,10.0,False,,False,True
8682.178,HUL,27,106.85,45.0,3.0,,,38.085,44.246,24.519,8613.443,8657.689,8682.208,201.0,208.0,330.0,337.0,True,SOFT,13.0,False,Audi,8575.328,2026-09-26 12:29:52.793,1,10.0,False,,False,True
8789.445,HUL,27,107.267,46.0,3.0,,,38.348,44.252,24.667,8720.556,8764.808,8789.475,200.0,207.0,326.0,333.0,False,SOFT,14.0,False,Audi,8682.178,2026-09-26 12:31:39.643,1,10.0,False,,False,True
8896.871,HUL,27,107.426,47.0,3.0,,,38.424,44.46,24.542,8827.899,8872.359,8896.901,192.0,208.0,331.0,335.0,False,SOFT,15.0,False,Audi,8789.445,2026-09-26 12:33:26.910,1,10.0,False,,False,True
9005.663,HUL,27,108.792,48.0,3.0,,,38.86,44.448,25.484,8935.761,8980.209,9005.693,198.0,212.0,315.0,321.0,False,SOFT,16.0,False,Audi,8896.871,2026-09-26 12:35:14.336,1,10.0,False,,False,True
9112.99,HUL,27,107.327,49.0,3.0,,,38.833,43.871,24.623,9044.526,9088.397,9113.02,193.0,204.0,329.0,333.0,False,SOFT,17.0,False,Audi,9005.663,2026-09-26 12:37:03.128,1,11.0,False,,False,True
9220.614,HUL,27,107.624,50.0,3.0,,,38.477,44.172,24.975,9151.497,9195.669,9220.644,196.0,201.0,323.0,330.0,False,SOFT,18.0,False,Audi,9112.99,2026-09-26 12:38:50.455,12,11.0,False,,False,True
9328.879,HUL,27,108.265,51.0,3.0,,,38.395,44.726,25.144,9259.039,9303.765,9328.909,200.0,188.0,324.0,334.0,False,SOFT,19.0,False,Audi,9220.614,2026-09-26 12:40:38.079,12,11.0,True,TRACK LIMITS AT TURN 15 LAP 51 ,False,True
3529.614,VER,3,116.11,1.0,1.0,,,,45.736,24.842,,3504.94,3529.836,181.0,197.0,335.0,343.0,False,MEDIUM,1.0,True,Red Bull Racing,3413.247,2026-09-26 11:03:50.712,1,7.0,False,,False,False
3638.85,VER,3,109.236,2.0,1.0,,,39.463,44.774,24.999,3569.085,3613.859,3638.858,184.0,200.0,330.0,339.0,True,MEDIUM,2.0,True,Red Bull Racing,3529.614,2026-09-26 11:05:47.079,1,6.0,False,,False,True
3747.873,VER,3,109.023,3.0,1.0,,,39.245,44.763,25.015,3678.103,3722.866,3747.881,183.0,206.0,326.0,338.0,True,MEDIUM,3.0,True,Red Bull Racing,3638.85,2026-09-26 11:07:36.315,1,5.0,False,,False,True
3857.33,VER,3,109.457,4.0,1.0,,,39.529,45.137,24.791,3787.41,3832.547,3857.338,183.0,208.0,328.0,344.0,False,MEDIUM,4.0,True,Red Bull Racing,3747.873,2026-09-26 11:09:25.338,1,4.0,False,,False,True
3965.181,VER,3,107.851,5.0,1.0,,,38.665,44.205,24.981,3896.003,3940.208,3965.189,189.0,206.0,328.0,334.0,True,MEDIUM,5.0,True,Red Bull Racing,3857.33,2026-09-26 11:11:14.795,1,4.0,False,,False,True
4072.755,VER,3,107.574,6.0,1.0,,,38.662,44.169,24.743,4003.851,4048.02,4072.763,192.0,206.0,337.0,340.0,True,MEDIUM,6.0,True,Red Bull Racing,3965.181,2026-09-26 11:13:02.646,1,4.0,False,,False,True
4180.686,VER,3,107.931,7.0,1.0,,,38.5,44.149,25.282,4111.263,4155.412,4180.694,188.0,208.0,320.0,330.0,False,MEDIUM,7.0,True,Red Bull Racing,4072.755,2026-09-26 11:14:50.220,1,3.0,False,,False,True
4288.605,VER,3,107.919,8.0,1.0,,,38.523,44.307,25.089,4219.217,4263.524,4288.613,192.0,206.0,325.0,331.0,False,MEDIUM,8.0,True,Red Bull Racing,4180.686,2026-09-26 11:16:38.151,1,3.0,False,,False,True
4397.473,VER,3,108.868,9.0,1.0,,,39.061,44.589,25.218,4327.674,4372.263,4397.481,191.0,200.0,321.0,330.0,False,MEDIUM,9.0,True,Red Bull Racing,4288.605,2026-09-26 11:18:26.070,12,3.0,False,,False,True
4505.492,VER,3,108.019,10.0,1.0,,,38.736,44.29,24.993,4436.217,4480.507,4505.5,191.0,209.0,325.0,331.0,False,MEDIUM,10.0,True,Red Bull Racing,4397.473,2026-09-26 11:20:14.938,1,3.0,False,,False,True
4614.049,VER,3,108.557,11.0,1.0,,,38.906,44.542,25.109,4544.406,4588.948,4614.057,191.0,207.0,323.0,330.0,False,MEDIUM,11.0,True,Red Bull Racing,4505.492,2026-09-26 11:22:02.957,1,3.0,False,,False,True
4722.456,VER,3,108.407,12.0,1.0,,,38.832,44.458,25.117,4652.889,4697.347,4722.464,192.0,209.0,320.0,329.0,False,MEDIUM,12.0,True,Red Bull Racing,4614.049,2026-09-26 11:23:51.514,1,3.0,False,,False,True
4830.457,VER,3,108.001,13.0,1.0,,,38.547,44.313,25.141,4761.011,4805.324,4830.465,193.0,207.0,321.0,329.0,False,MEDIUM,13.0,True,Red Bull Racing,4722.456,2026-09-26 11:25:39.921,1,3.0,False,,False,True
4938.468,VER,3,108.011,14.0,1.0,,,38.601,44.281,25.129,4869.066,4913.347,4938.476,191.0,210.0,319.0,330.0,False,MEDIUM,14.0,True,Red Bull Racing,4830.457,2026-09-26 11:27:27.922,1,3.0,False,,False,True
5046.6,VER,3,108.132,15.0,1.0,,,38.641,44.437,25.054,4977.117,5021.554,5046.608,188.0,207.0,318.0,330.0,False,MEDIUM,15.0,True,Red Bull Racing,4938.468,2026-09-26 11:29:15.933,1,3.0,False,,False,True
5154.542,VER,3,107.942,16.0,1.0,,,38.578,44.153,25.211,5085.186,5129.339,5154.55,195.0,207.0,317.0,328.0,False,MEDIUM,16.0,True,Red Bull Racing,5046.6,2026-09-26 11:31:04.065,1,3.0,False,,False,True
5262.229,VER,3,107.687,17.0,1.0,,,38.582,43.942,25.163,5193.132,5237.074,5262.237,193.0,210.0,321.0,330.0,False,MEDIUM,17.0,True,Red Bull Racing,5154.542,2026-09-26 11:32:52.007,1,3.0,False,,False,True
5370.145,VER,3,107.916,18.0,1.0,,,38.662,44.165,25.089,5300.899,5345.064,5370.153,193.0,207.0,321.0,330.0,False,MEDIUM,18.0,True,Red Bull Racing,5262.229,2026-09-26 11:34:39.694,1,3.0,False,,False,True
5478.599,VER,3,108.454,19.0,1.0,,,38.655,44.325,25.474,5408.808,5453.133,5478.607,197.0,211.0,317.0,328.0,False,MEDIUM,19.0,True,Red Bull Racing,5370.145,2026-09-26 11:36:27.610,1,3.0,False,,False,True
5586.437,VER,3,107.838,20.0,1.0,,,38.553,44.217,25.068,5517.16,5561.377,5586.445,198.0,209.0,318.0,330.0,False,MEDIUM,20.0,True,Red Bull Racing,5478.599,2026-09-26 11:38:16.064,1,3.0,False,,False,True
5694.1,VER,3,107.663,21.0,1.0,,,38.437,44.164,25.062,5624.882,5669.046,5694.108,196.0,211.0,319.0,331.0,False,MEDIUM,21.0,True,Red Bull Racing,5586.437,2026-09-26 11:40:03.902,1,3.0,False,,False,True
5801.755,VER,3,107.655,22.0,1.0,,,38.399,44.178,25.078,5732.507,5776.685,5801.763,196.0,211.0,317.0,330.0,False,MEDIUM,22.0,True,Red Bull Racing,5694.1,2026-09-26 11:41:51.565,1,3.0,False,,False,True
5909.14,VER,3,107.385,23.0,1.0,,,38.326,43.943,25.116,5840.089,5884.032,5909.148,196.0,208.0,321.0,331.0,True,MEDIUM,23.0,True,Red Bull Racing,5801.755,2026-09-26 11:43:39.220,1,3.0,False,,False,True
6016.637,VER,3,107.497,24.0,1.0,,,38.292,44.071,25.134,5947.44,5991.511,6016.645,198.0,211.0,320.0,331.0,False,MEDIUM,24.0,True,Red Bull Racing,5909.14,2026-09-26 11:45:26.605,1,3.0,False,,False,True
6123.844,VER,3,107.207,25.0,1.0,,,38.08,44.14,24.987,6054.725,6098.865,6123.852,196.0,212.0,321.0,332.0,True,MEDIUM,25.0,True,Red Bull Racing,6016.637,2026-09-26 11:47:14.102,1,3.0,False,,False,True
6231.644,VER,3,107.8,26.0,1.0,,,38.427,44.242,25.131,6162.279,6206.521,6231.652,197.0,204.0,317.0,331.0,False,MEDIUM,26.0,True,Red Bull Racing,6123.844,2026-09-26 11:49:01.309,1,3.0,False,,False,True
6339.124,VER,3,107.48,27.0,1.0,,,38.251,44.147,25.082,6269.903,6314.05,6339.132,196.0,205.0,318.0,330.0,False,MEDIUM,27.0,True,Red Bull Racing,6231.644,2026-09-26 11:50:49.109,1,3.0,False,,False,True
6446.494,VER,3,107.37,28.0,1.0,,,38.113,44.007,25.25,6377.245,6421.252,6446.502,196.0,207.0,318.0,330.0,False,MEDIUM,28.0,True,Red Bull Racing,6339.124,2026-09-26 11:52:36.589,1,3.0,False,,False,True
6553.801,VER,3,107.307,29.0,1.0,,,38.222,43.987,25.098,6484.724,6528.711,6553.809,200.0,208.0,318.0,330.0,False,MEDIUM,29.0,True,Red Bull Racing,6446.494,2026-09-26 11:54:23.959,1,3.0,False,,False,True
6661.091,VER,3,107.29,30.0,1.0,,,38.187,43.992,25.111,6591.996,6635.988,6661.099,197.0,207.0,318.0,331.0,False,MEDIUM,30.0,True,Red Bull Racing,6553.801,2026-09-26 11:56:11.266,12,3.0,False,,False,True
6813.415,VER,3,,31.0,1.0,,6812.136,51.798,59.335,41.12,6712.968,6772.315,6813.433,112.0,137.0,,196.0,False,MEDIUM,31.0,True,Red Bull Racing,6661.091,2026-09-26 11:57:58.556,24,3.0,False,,False,False
6980.431,VER,3,,32.0,2.0,6832.865,,68.571,57.817,40.599,6882.054,6939.84,6980.474,102.0,183.0,207.0,198.0,False,SOFT,1.0,True,Red Bull Racing,6813.415,2026-09-26 12:00:30.880,4,3.0,False,,False,False
7146.658,VER,3,,33.0,2.0,,,60.588,67.57,38.058,7041.038,7108.693,7146.751,80.0,189.0,170.0,213.0,False,SOFT,2.0,True,Red Bull Racing,6980.431,2026-09-26 12:03:17.896,4,3.0,False,,False,False
7311.404,VER,3,,34.0,2.0,,,65.179,61.54,38.047,7211.849,7273.452,7311.412,162.0,185.0,265.0,227.0,False,SOFT,3.0,True,Red Bull Racing,7146.658,2026-09-26 12:06:04.123,4,3.0,False,,False,False
7468.871,VER,3,,35.0,2.0,,,53.67,62.727,41.118,7365.198,7427.877,7469.103,140.0,162.0,297.0,182.0,False,SOFT,4.0,True,Red Bull Racing,7311.404,2026-09-26 12:08:48.869,41,3.0,False,,False,False
7598.809,VER,3,129.938,36.0,2.0,,7597.589,38.488,49.854,41.596,7507.367,7557.221,7598.817,194.0,149.0,,116.0,False,SOFT,5.0,True,Red Bull Racing,7468.871,2026-09-26 12:11:26.336,124,2.0,False,,False,False
7763.35,VER,3,,37.0,3.0,7612.708,,62.542,62.059,39.891,7661.526,7723.551,7763.358,96.0,159.0,206.0,238.0,False,SOFT,6.0,False,Red Bull Racing,7598.809,2026-09-26 12:13:36.274,4,2.0,False,,False,False
7924.198,VER,3,,38.0,3.0,,,58.524,62.469,39.894,7821.875,7884.424,7924.35,130.0,166.0,334.0,191.0,False,SOFT,7.0,False,Red Bull Racing,7763.35,2026-09-26 12:16:20.815,41,2.0,False,,False,False
8030.62,VER,3,106.422,39.0,3.0,,,38.087,43.509,24.826,7962.293,8005.802,8030.628,193.0,213.0,324.0,334.0,True,SOFT,8.0,False,Red Bull Racing,7924.198,2026-09-26 12:19:01.663,1,2.0,False,,False,True
8136.816,VER,3,106.196,40.0,3.0,,,38.238,43.107,24.851,8068.866,8111.973,8136.824,199.0,216.0,322.0,333.0,True,SOFT,9.0,False,Red Bull Racing,8030.62,2026-09-26 12:20:48.085,12,2.0,False,,False,True
8242.6,VER,3,105.784,41.0,3.0,,,37.724,43.123,24.937,8174.548,8217.671,8242.608,201.0,215.0,320.0,332.0,True,SOFT,10.0,False,Red Bull Racing,8136.816,2026-09-26 12:22:34.281,1,2.0,False,,False,True
8347.989,VER,3,105.389,42.0,3.0,,,37.6,43.014,24.775,8280.208,8323.222,8347.997,201.0,216.0,321.0,332.0,True,SOFT,11.0,False,Red Bull Racing,8242.6,2026-09-26 12:24:20.065,1,2.0,False,,False,True
8453.563,VER,3,105.574,43.0,3.0,,,37.62,43.109,24.845,8385.617,8428.726,8453.571,200.0,214.0,322.0,335.0,False,SOFT,12.0,False,Red Bull Racing,8347.989,2026-09-26 12:26:05.454,1,2.0,False,,False,True
8558.698,VER,3,105.135,44.0,3.0,,,37.449,42.998,24.688,8491.02,8534.018,8558.706,207.0,209.0,323.0,336.0,True,SOFT,13.0,False,Red Bull Racing,8453.563,2026-09-26 12:27:51.028,1,2.0,False,,False,True
8663.768,VER,3,105.07,45.0,3.0,,,37.532,42.851,24.687,8596.238,8639.089,8663.776,203.0,214.0,323.0,333.0,True,SOFT,14.0,False,Red Bull Racing,8558.698,2026-09-26 12:29:36.163,1,2.0,False,,False,True
8769.039,VER,3,105.271,46.0,3.0,,,37.411,43.154,24.706,8701.187,8744.341,8769.047,202.0,213.0,324.0,334.0,False,SOFT,15.0,False,Red Bull Racing,8663.768,2026-09-26 12:31:21.233,1,2.0,False,,False,True
8874.175,VER,3,105.136,47.0,3.0,,,37.376,43.098,24.662,8806.423,8849.521,8874.183,200.0,217.0,321.0,333.0,False,SOFT,16.0,False,Red Bull Racing,8769.039,2026-09-26 12:33:06.504,1,2.0,False,,False,True
8979.168,VER,3,104.993,48.0,3.0,,,37.222,42.999,24.772,8911.405,8954.404,8979.176,201.0,213.0,320.0,332.0,True,SOFT,17.0,False,Red Bull Racing,8874.175,2026-09-26 12:34:51.640,1,2.0,False,,False,True
9084.188,VER,3,105.02,49.0,3.0,,,37.169,43.101,24.75,9016.345,9059.446,9084.196,205.0,217.0,321.0,332.0,False,SOFT,18.0,False,Red Bull Racing,8979.168,2026-09-26 12:36:36.633,1,2.0,False,,False,True
9189.376,VER,3,105.188,50.0,3.0,,,37.122,43.387,24.679,9121.318,9164.705,9189.384,205.0,213.0,320.0,332.0,False,SOFT,19.0,False,Red Bull Racing,9084.188,2026-09-26 12:38:21.653,12,2.0,False,,False,True
9295.896,VER,3,106.52,51.0,3.0,,,37.171,44.237,25.112,9226.555,9270.792,9295.904,208.0,205.0,327.0,330.0,False,SOFT,20.0,False,Red Bull Racing,9189.376,2026-09-26 12:40:06.841,12,2.0,False,,False,True
3531.989,LAW,30,118.485,1.0,1.0,,,,46.34,24.896,,3507.203,3532.203,155.0,192.0,334.0,341.0,False,SOFT,1.0,True,Racing Bulls,3413.247,2026-09-26 11:03:50.712,1,10.0,False,,False,False
3643.275,LAW,30,111.286,2.0,1.0,,,40.469,45.556,25.261,3572.522,3618.078,3643.339,173.0,189.0,320.0,332.0,True,SOFT,2.0,True,Racing Bulls,3531.989,2026-09-26 11:05:49.454,1,10.0,False,,False,True
3753.678,LAW,30,110.403,3.0,1.0,,,39.819,45.233,25.351,3683.158,3728.391,3753.742,177.0,197.0,316.0,328.0,True,SOFT,3.0,True,Racing Bulls,3643.275,2026-09-26 11:07:40.740,1,10.0,False,,False,True
3863.627,LAW,30,109.949,4.0,1.0,,,39.473,45.069,25.407,3793.215,3838.284,3863.691,182.0,189.0,316.0,328.0,True,SOFT,4.0,True,Racing Bulls,3753.678,2026-09-26 11:09:31.143,1,10.0,False,,False,True
3973.205,LAW,30,109.578,5.0,1.0,,,39.314,44.822,25.442,3903.005,3947.827,3973.269,187.0,201.0,314.0,325.0,True,SOFT,5.0,True,Racing Bulls,3863.627,2026-09-26 11:11:21.092,1,10.0,False,,False,True
4083.972,LAW,30,110.767,6.0,1.0,,,40.438,45.219,25.11,4013.707,4058.926,4084.036,178.0,197.0,322.0,332.0,False,SOFT,6.0,True,Racing Bulls,3973.205,2026-09-26 11:13:10.670,1,11.0,False,,False,True
4193.805,LAW,30,109.833,7.0,1.0,,,39.447,45.013,25.373,4123.483,4168.496,4193.869,186.0,194.0,320.0,332.0,False,SOFT,7.0,True,Racing Bulls,4083.972,2026-09-26 11:15:01.437,1,11.0,False,,False,True
4303.526,LAW,30,109.721,8.0,1.0,,,39.262,45.039,25.42,4233.131,4278.17,4303.59,188.0,192.0,318.0,329.0,False,SOFT,8.0,True,Racing Bulls,4193.805,2026-09-26 11:16:51.270,12,11.0,False,,False,True
4412.815,LAW,30,109.289,9.0,1.0,,,39.108,44.828,25.353,4342.698,4387.526,4412.879,196.0,194.0,317.0,329.0,True,SOFT,9.0,True,Racing Bulls,4303.526,2026-09-26 11:18:40.991,21,11.0,False,,False,True
4522.438,LAW,30,109.623,10.0,1.0,,,39.242,45.025,25.356,4452.121,4497.146,4522.502,194.0,198.0,315.0,328.0,False,SOFT,10.0,True,Racing Bulls,4412.815,2026-09-26 11:20:30.280,1,11.0,False,,False,True
4632.856,LAW,30,110.418,11.0,1.0,,,39.976,44.941,25.501,4562.478,4607.419,4632.92,185.0,196.0,311.0,326.0,False,SOFT,11.0,True,Racing Bulls,4522.438,2026-09-26 11:22:19.903,1,11.0,False,,False,True
4742.58,LAW,30,109.724,12.0,1.0,,,39.396,44.907,25.421,4672.316,4717.223,4742.644,186.0,195.0,311.0,326.0,False,SOFT,12.0,True,Racing Bulls,4632.856,2026-09-26 11:24:10.321,1,12.0,False,,False,True
4852.846,LAW,30,110.266,13.0,1.0,,,39.973,44.887,25.406,4782.617,4827.504,4852.91,190.0,200.0,313.0,326.0,False,SOFT,13.0,True,Racing Bulls,4742.58,2026-09-26 11:26:00.045,1,12.0,False,,False,True
4961.895,LAW,30,109.049,14.0,1.0,,,38.982,44.676,25.391,4891.892,4936.568,4961.959,197.0,196.0,311.0,326.0,True,SOFT,14.0,True,Racing Bulls,4852.846,2026-09-26 11:27:50.311,1,12.0,False,,False,True
5070.629,LAW,30,108.734,15.0,1.0,,,38.837,44.561,25.336,5000.796,5045.357,5070.693,192.0,197.0,311.0,328.0,True,SOFT,15.0,True,Racing Bulls,4961.895,2026-09-26 11:29:39.360,1,12.0,False,,False,True
5179.687,LAW,30,109.058,16.0,1.0,,,38.973,44.599,25.486,5109.666,5154.265,5179.751,194.0,196.0,311.0,325.0,False,SOFT,16.0,True,Racing Bulls,5070.629,2026-09-26 11:31:28.094,1,12.0,False,,False,True
5288.705,LAW,30,109.018,17.0,1.0,,,38.897,44.617,25.504,5218.648,5263.265,5288.769,195.0,196.0,310.0,325.0,False,SOFT,17.0,True,Racing Bulls,5179.687,2026-09-26 11:33:17.152,1,12.0,False,,False,True
5397.647,LAW,30,108.942,18.0,1.0,,,38.817,44.622,25.503,5327.586,5372.208,5397.711,196.0,200.0,311.0,325.0,False,SOFT,18.0,True,Racing Bulls,5288.705,2026-09-26 11:35:06.170,1,12.0,False,,False,True
5506.731,LAW,30,109.084,19.0,1.0,,,38.952,44.654,25.478,5436.663,5481.317,5506.795,188.0,201.0,309.0,324.0,False,SOFT,19.0,True,Racing Bulls,5397.647,2026-09-26 11:36:55.112,1,12.0,False,,False,True
5615.659,LAW,30,108.928,20.0,1.0,,,38.856,44.586,25.486,5545.651,5590.237,5615.723,199.0,205.0,309.0,325.0,False,SOFT,20.0,True,Racing Bulls,5506.731,2026-09-26 11:38:44.196,1,12.0,False,,False,True
5724.367,LAW,30,108.708,21.0,1.0,,,38.767,44.507,25.434,5654.49,5698.997,5724.431,196.0,201.0,310.0,326.0,True,SOFT,21.0,True,Racing Bulls,5615.659,2026-09-26 11:40:33.124,1,12.0,False,,False,True
5833.52,LAW,30,109.153,22.0,1.0,,,39.015,44.599,25.539,5763.446,5808.045,5833.584,193.0,203.0,309.0,324.0,False,SOFT,22.0,True,Racing Bulls,5724.367,2026-09-26 11:42:21.832,1,12.0,False,,False,True
5942.449,LAW,30,108.929,23.0,1.0,,,38.774,44.667,25.488,5872.358,5917.025,5942.513,196.0,198.0,311.0,326.0,False,SOFT,23.0,True,Racing Bulls,5833.52,2026-09-26 11:44:10.985,1,12.0,False,,False,True
6051.499,LAW,30,109.05,24.0,1.0,,,38.952,44.561,25.537,5981.465,6026.026,6051.563,192.0,203.0,310.0,325.0,False,SOFT,24.0,True,Racing Bulls,5942.449,2026-09-26 11:45:59.914,1,12.0,False,,False,True
6160.356,LAW,30,108.857,25.0,1.0,,,38.854,44.605,25.398,6090.417,6135.022,6160.42,195.0,204.0,310.0,327.0,False,SOFT,25.0,True,Racing Bulls,6051.499,2026-09-26 11:47:48.964,1,12.0,False,,False,True
6269.016,LAW,30,108.66,26.0,1.0,,,38.596,44.536,25.528,6199.016,6243.552,6269.08,198.0,206.0,310.0,326.0,True,SOFT,26.0,True,Racing Bulls,6160.356,2026-09-26 11:49:37.821,1,12.0,False,,False,True
6377.52,LAW,30,108.504,27.0,1.0,,,38.585,44.518,25.401,6307.665,6352.183,6377.584,195.0,202.0,310.0,325.0,True,SOFT,27.0,True,Racing Bulls,6269.016,2026-09-26 11:51:26.481,1,12.0,False,,False,True
6486.094,LAW,30,108.574,28.0,1.0,,,38.644,44.442,25.488,6416.228,6460.67,6486.158,197.0,201.0,311.0,327.0,False,SOFT,28.0,True,Racing Bulls,6377.52,2026-09-26 11:53:14.985,1,12.0,False,,False,True
6594.357,LAW,30,108.263,29.0,1.0,,,38.731,44.249,25.283,6524.889,6569.138,6594.421,197.0,199.0,316.0,329.0,True,SOFT,29.0,True,Racing Bulls,6486.094,2026-09-26 11:55:03.559,12,12.0,False,,False,True
6720.901,LAW,30,126.544,30.0,1.0,,,38.99,48.888,38.666,6633.411,6682.299,6720.965,197.0,165.0,203.0,202.0,False,SOFT,30.0,True,Racing Bulls,6594.357,2026-09-26 11:56:51.822,124,12.0,False,,False,False
6876.156,LAW,30,,31.0,1.0,,6874.818,55.86,57.707,41.664,6776.936,6834.645,6876.271,116.0,151.0,,177.0,False,SOFT,31.0,True,Racing Bulls,6720.901,2026-09-26 11:58:58.366,4,10.0,False,,False,False
7020.747,LAW,30,144.591,32.0,2.0,6896.515,,62.449,54.402,27.74,6938.669,6993.071,7020.811,120.0,186.0,292.0,284.0,False,MEDIUM,1.0,True,Racing Bulls,6876.156,2026-09-26 12:01:33.621,4,12.0,False,,False,False
7160.426,LAW,30,139.679,33.0,2.0,,,44.576,56.839,38.264,7065.387,7122.226,7160.49,123.0,134.0,198.0,177.0,False,MEDIUM,2.0,True,Racing Bulls,7020.747,2026-09-26 12:03:58.212,4,12.0,False,,False,False
7324.873,LAW,30,,34.0,2.0,,,62.495,63.175,38.806,7222.956,7286.238,7325.039,164.0,176.0,247.0,245.0,False,MEDIUM,3.0,True,Racing Bulls,7160.426,2026-09-26 12:06:17.891,4,12.0,False,,False,False
7470.59,LAW,30,145.717,35.0,2.0,,,50.94,61.086,33.691,7375.877,7436.963,7470.654,163.0,141.0,287.0,234.0,False,MEDIUM,4.0,True,Racing Bulls,7324.873,2026-09-26 12:09:02.338,41,12.0,False,,False,False
7621.365,LAW,30,,36.0,2.0,,7620.054,51.8,57.073,41.878,7522.543,7579.551,7621.532,173.0,152.0,,189.0,False,MEDIUM,5.0,True,Racing Bulls,7470.59,2026-09-26 12:11:28.055,124,15.0,False,,False,False
7790.042,LAW,30,,37.0,3.0,7643.776,,70.565,60.591,37.549,7692.017,7752.557,7790.231,90.0,128.0,287.0,209.0,False,SOFT,1.0,True,Racing Bulls,7621.365,2026-09-26 12:13:58.830,4,15.0,False,,False,False
7928.21,LAW,30,138.168,38.0,3.0,,,48.587,58.832,30.749,7838.693,7897.525,7928.274,160.0,114.0,332.0,309.0,False,SOFT,2.0,True,Racing Bulls,7790.042,2026-09-26 12:16:47.507,41,15.0,False,,False,False
8039.262,LAW,30,111.052,39.0,3.0,,,41.264,45.172,24.616,7969.538,8014.71,8039.326,185.0,191.0,341.0,342.0,False,SOFT,3.0,True,Racing Bulls,7928.21,2026-09-26 12:19:05.675,1,14.0,False,,False,True
8147.955,LAW,30,108.693,40.0,3.0,,,39.505,44.435,24.753,8078.831,8123.266,8148.019,191.0,195.0,330.0,339.0,False,SOFT,4.0,True,Racing Bulls,8039.262,2026-09-26 12:20:56.727,12,12.0,False,,False,True
8255.774,LAW,30,107.819,41.0,3.0,,,38.674,44.41,24.735,8186.693,8231.103,8255.838,192.0,204.0,327.0,337.0,True,SOFT,5.0,True,Racing Bulls,8147.955,2026-09-26 12:22:45.420,1,12.0,False,,False,True
8363.164,LAW,30,107.39,42.0,3.0,,,38.633,44.074,24.683,8294.471,8338.545,8363.228,184.0,201.0,327.0,341.0,True,SOFT,6.0,True,Racing Bulls,8255.774,2026-09-26 12:24:33.239,1,12.0,False,,False,True
8470.379,LAW,30,107.215,43.0,3.0,,,38.316,44.206,24.693,8401.544,8445.75,8470.443,194.0,198.0,329.0,338.0,True,SOFT,7.0,True,Racing Bulls,8363.164,2026-09-26 12:26:20.629,1,12.0,False,,False,True
8577.639,LAW,30,107.26,44.0,3.0,,,38.259,44.347,24.654,8508.702,8553.049,8577.703,193.0,200.0,328.0,338.0,False,SOFT,8.0,True,Racing Bulls,8470.379,2026-09-26 12:28:07.844,1,12.0,False,,False,True
8684.833,LAW,30,107.194,45.0,3.0,,,38.282,44.247,24.665,8615.985,8660.232,8684.897,188.0,199.0,328.0,338.0,True,SOFT,9.0,True,Racing Bulls,8577.639,2026-09-26 12:29:55.104,1,12.0,False,,False,True
8791.739,LAW,30,106.906,46.0,3.0,,,38.197,44.129,24.58,8723.094,8767.223,8791.803,195.0,201.0,329.0,341.0,True,SOFT,10.0,True,Racing Bulls,8684.833,2026-09-26 12:31:42.298,1,12.0,False,,False,True
8898.671,LAW,30,106.932,47.0,3.0,,,38.293,44.293,24.346,8830.096,8874.389,8898.735,185.0,199.0,339.0,347.0,False,SOFT,11.0,True,Racing Bulls,8791.739,2026-09-26 12:33:29.204,1,12.0,False,,False,True
9006.136,LAW,30,107.465,48.0,3.0,,,38.675,44.435,24.355,8937.41,8981.845,9006.2,190.0,202.0,339.0,349.0,False,SOFT,12.0,True,Racing Bulls,8898.671,2026-09-26 12:35:16.136,1,12.0,False,,False,True
9114.091,LAW,30,107.955,49.0,3.0,,,39.001,44.249,24.705,9045.201,9089.45,9114.155,188.0,204.0,327.0,336.0,False,SOFT,13.0,True,Racing Bulls,9006.136,2026-09-26 12:37:03.601,1,12.0,False,,False,True
9221.779,LAW,30,107.688,50.0,3.0,,,38.51,44.425,24.753,9152.665,9197.09,9221.843,190.0,200.0,324.0,335.0,False,SOFT,14.0,True,Racing Bulls,9114.091,2026-09-26 12:38:51.556,12,12.0,False,,False,True
9329.651,LAW,30,107.872,51.0,3.0,,,38.431,44.698,24.743,9260.274,9304.972,9329.715,197.0,195.0,318.0,338.0,False,SOFT,15.0,True,Racing Bulls,9221.779,2026-09-26 12:40:39.244,12,12.0,True,TRACK LIMITS AT TURN 15 LAP 51 ,False,True
3534.133,OCO,31,120.629,1.0,1.0,,,,47.224,25.307,,3508.972,3534.232,169.0,190.0,324.0,340.0,False,SOFT,1.0,True,Haas F1 Team,3413.247,2026-09-26 11:03:50.712,1,13.0,False,,False,False
3645.225,OCO,31,111.092,2.0,1.0,,,40.454,45.56,25.078,3574.608,3620.168,3645.246,166.0,192.0,335.0,341.0,True,SOFT,2.0,True,Haas F1 Team,3534.133,2026-09-26 11:05:51.598,1,13.0,False,,False,True
3755.973,OCO,31,110.748,3.0,1.0,,,40.16,45.234,25.354,3685.406,3730.64,3755.994,176.0,187.0,329.0,340.0,True,SOFT,3.0,True,Haas F1 Team,3645.225,2026-09-26 11:07:42.690,1,13.0,False,,False,True
3865.748,OCO,31,109.775,4.0,1.0,,,39.539,45.16,25.076,3795.533,3840.693,3865.769,184.0,189.0,330.0,340.0,True,SOFT,4.0,True,Haas F1 Team,3755.973,2026-09-26 11:09:33.438,1,13.0,False,,False,True
3975.193,OCO,31,109.445,5.0,1.0,,,39.598,44.773,25.074,3905.367,3950.14,3975.214,184.0,196.0,334.0,338.0,True,SOFT,5.0,True,Haas F1 Team,3865.748,2026-09-26 11:11:23.213,1,13.0,False,,False,True
4085.357,OCO,31,110.164,6.0,1.0,,,39.644,45.261,25.259,4014.858,4060.119,4085.378,182.0,188.0,331.0,342.0,False,SOFT,6.0,True,Haas F1 Team,3975.193,2026-09-26 11:13:12.658,1,13.0,False,,False,True
4195.133,OCO,31,109.776,7.0,1.0,,,39.577,45.076,25.123,4124.955,4170.031,4195.154,182.0,196.0,328.0,341.0,False,SOFT,7.0,True,Haas F1 Team,4085.357,2026-09-26 11:15:02.822,1,13.0,False,,False,True
4304.632,OCO,31,109.499,8.0,1.0,,,39.478,44.888,25.133,4234.632,4279.52,4304.653,180.0,197.0,329.0,339.0,False,SOFT,8.0,True,Haas F1 Team,4195.133,2026-09-26 11:16:52.598,12,13.0,False,,False,True
4414.669,OCO,31,110.037,9.0,1.0,,,39.483,45.247,25.307,4344.136,4389.383,4414.69,176.0,193.0,321.0,336.0,False,SOFT,9.0,True,Haas F1 Team,4304.632,2026-09-26 11:18:42.097,21,13.0,False,,False,True
4525.165,OCO,31,110.496,10.0,1.0,,,40.26,44.845,25.391,4454.95,4499.795,4525.186,180.0,196.0,317.0,329.0,False,SOFT,10.0,True,Haas F1 Team,4414.669,2026-09-26 11:20:32.134,1,14.0,False,,False,True
4634.78,OCO,31,109.615,11.0,1.0,,,39.527,44.832,25.256,4564.713,4609.545,4634.801,183.0,195.0,320.0,335.0,False,SOFT,11.0,True,Haas F1 Team,4525.165,2026-09-26 11:22:22.630,1,14.0,False,,False,True
4743.992,OCO,31,109.212,12.0,1.0,,,39.437,44.845,24.93,4674.238,4719.083,4744.013,180.0,192.0,333.0,341.0,True,SOFT,12.0,True,Haas F1 Team,4634.78,2026-09-26 11:24:12.245,1,14.0,False,,False,True
4853.856,OCO,31,109.864,13.0,1.0,,,39.577,45.187,25.1,4783.59,4828.777,4853.877,181.0,197.0,327.0,337.0,False,SOFT,13.0,True,Haas F1 Team,4743.992,2026-09-26 11:26:01.457,1,14.0,False,,False,True
4963.39,OCO,31,109.534,14.0,1.0,,,39.561,44.743,25.23,4893.438,4938.181,4963.411,176.0,201.0,322.0,335.0,False,SOFT,14.0,True,Haas F1 Team,4853.856,2026-09-26 11:27:51.321,1,14.0,False,,False,True
5072.709,OCO,31,109.319,15.0,1.0,,,39.31,44.717,25.292,5002.721,5047.438,5072.73,185.0,194.0,318.0,331.0,False,SOFT,15.0,True,Haas F1 Team,4963.39,2026-09-26 11:29:40.855,1,14.0,False,,False,True
5182.133,OCO,31,109.424,16.0,1.0,,,39.258,44.781,25.385,5111.988,5156.769,5182.154,190.0,199.0,318.0,330.0,False,SOFT,16.0,True,Haas F1 Team,5072.709,2026-09-26 11:31:30.174,1,14.0,False,,False,True
5291.313,OCO,31,109.18,17.0,1.0,,,39.188,44.554,25.438,5221.342,5265.896,5291.334,188.0,199.0,315.0,327.0,True,SOFT,17.0,True,Haas F1 Team,5182.133,2026-09-26 11:33:19.598,1,14.0,False,,False,True
5400.328,OCO,31,109.015,18.0,1.0,,,39.009,44.542,25.464,5330.343,5374.885,5400.349,197.0,199.0,316.0,327.0,True,SOFT,18.0,True,Haas F1 Team,5291.313,2026-09-26 11:35:08.778,1,14.0,False,,False,True
5509.405,OCO,31,109.077,19.0,1.0,,,39.079,44.55,25.448,5439.428,5483.978,5509.426,191.0,205.0,314.0,327.0,False,SOFT,19.0,True,Haas F1 Team,5400.328,2026-09-26 11:36:57.793,1,14.0,False,,False,True
5618.305,OCO,31,108.9,20.0,1.0,,,39.028,44.515,25.357,5548.454,5592.969,5618.326,186.0,201.0,315.0,330.0,True,SOFT,20.0,True,Haas F1 Team,5509.405,2026-09-26 11:38:46.870,1,14.0,False,,False,True
5726.81,OCO,31,108.505,21.0,1.0,,,38.832,44.368,25.305,5657.158,5701.526,5726.831,191.0,203.0,317.0,330.0,True,SOFT,21.0,True,Haas F1 Team,5618.305,2026-09-26 11:40:35.770,1,14.0,False,,False,True
5835.65,OCO,31,108.84,22.0,1.0,,,38.982,44.534,25.324,5765.813,5810.347,5835.671,190.0,202.0,318.0,331.0,False,SOFT,22.0,True,Haas F1 Team,5726.81,2026-09-26 11:42:24.275,1,14.0,False,,False,True
5944.493,OCO,31,108.843,23.0,1.0,,,38.984,44.551,25.308,5874.655,5919.206,5944.514,187.0,201.0,319.0,333.0,False,SOFT,23.0,True,Haas F1 Team,5835.65,2026-09-26 11:44:13.115,1,14.0,False,,False,True
6053.173,OCO,31,108.68,24.0,1.0,,,39.04,44.507,25.133,5983.554,6028.061,6053.194,188.0,204.0,329.0,339.0,False,SOFT,24.0,True,Haas F1 Team,5944.493,2026-09-26 11:46:01.958,1,14.0,False,,False,True
6161.773,OCO,31,108.6,25.0,1.0,,,39.107,44.6,24.893,6092.301,6136.901,6161.794,188.0,208.0,333.0,340.0,False,SOFT,25.0,True,Haas F1 Team,6053.173,2026-09-26 11:47:50.638,1,14.0,False,,False,True
6270.798,OCO,31,109.025,26.0,1.0,,,39.175,44.684,25.166,6200.969,6245.653,6270.819,187.0,200.0,325.0,337.0,False,SOFT,26.0,True,Haas F1 Team,6161.773,2026-09-26 11:49:39.238,1,14.0,False,,False,True
6378.819,OCO,31,108.021,27.0,1.0,,,38.931,44.309,24.781,6309.75,6354.059,6378.84,182.0,203.0,338.0,343.0,True,SOFT,27.0,True,Haas F1 Team,6270.798,2026-09-26 11:51:28.263,1,14.0,False,,False,True
6489.653,OCO,31,110.834,28.0,1.0,,,40.832,44.858,25.144,6419.672,6464.53,6489.674,175.0,203.0,321.0,337.0,False,SOFT,28.0,True,Haas F1 Team,6378.819,2026-09-26 11:53:16.284,1,14.0,False,,False,True
6597.953,OCO,31,108.3,29.0,1.0,,,39.083,44.237,24.98,6528.757,6572.994,6597.974,184.0,200.0,326.0,338.0,False,SOFT,29.0,True,Haas F1 Team,6489.653,2026-09-26 11:55:07.118,12,14.0,False,,False,True
6729.029,OCO,31,131.076,30.0,1.0,,6727.734,39.09,51.35,40.636,6637.064,6688.414,6729.05,192.0,155.0,,240.0,False,SOFT,30.0,True,Haas F1 Team,6597.953,2026-09-26 11:56:55.418,124,13.0,False,,False,False
6893.806,OCO,31,,31.0,2.0,6749.132,,68.218,59.61,36.958,6797.413,6856.869,6894.036,104.0,137.0,303.0,224.0,False,MEDIUM,1.0,True,Haas F1 Team,6729.029,2026-09-26 11:59:06.494,4,13.0,False,,False,False
7023.196,OCO,31,129.39,32.0,2.0,,,46.348,54.473,28.569,6940.175,6994.648,7023.217,102.0,174.0,294.0,280.0,False,MEDIUM,2.0,True,Haas F1 Team,6893.806,2026-09-26 12:01:51.271,4,13.0,False,,False,False
7160.932,OCO,31,137.736,33.0,2.0,,,43.875,56.219,37.642,7067.092,7123.311,7160.953,113.0,124.0,195.0,179.0,False,MEDIUM,3.0,True,Haas F1 Team,7023.196,2026-09-26 12:04:00.661,4,13.0,False,,False,False
7325.53,OCO,31,,34.0,2.0,,,63.168,64.095,37.291,7224.249,7288.342,7325.612,154.0,140.0,223.0,228.0,False,MEDIUM,4.0,True,Haas F1 Team,7160.932,2026-09-26 12:06:18.397,4,13.0,False,,False,False
7470.636,OCO,31,145.106,35.0,2.0,,,51.924,60.574,32.608,7377.475,7438.049,7470.657,175.0,149.0,294.0,278.0,False,MEDIUM,5.0,True,Haas F1 Team,7325.53,2026-09-26 12:09:02.995,41,13.0,False,,False,False
7611.463,OCO,31,140.827,36.0,2.0,,7610.192,41.285,55.981,43.561,7511.942,7567.923,7611.484,174.0,149.0,,223.0,False,MEDIUM,6.0,True,Haas F1 Team,7470.636,2026-09-26 12:11:28.101,124,8.0,False,,False,False
7773.297,OCO,31,,37.0,3.0,7626.348,,60.593,61.555,39.67,7672.167,7733.703,7773.318,146.0,132.0,243.0,200.0,False,MEDIUM,7.0,False,Haas F1 Team,7611.463,2026-09-26 12:13:48.928,4,8.0,False,,False,False
7926.319,OCO,31,,38.0,3.0,,,55.266,64.072,33.75,7828.689,7892.75,7926.651,135.0,133.0,334.0,233.0,False,MEDIUM,8.0,False,Haas F1 Team,7773.297,2026-09-26 12:16:30.762,41,8.0,False,,False,False
8035.227,OCO,31,108.908,39.0,3.0,,,39.548,44.435,24.925,7965.888,8010.323,8035.248,187.0,198.0,330.0,338.0,False,MEDIUM,9.0,False,Haas F1 Team,7926.319,2026-09-26 12:19:03.784,1,8.0,False,,False,True
8143.758,OCO,31,108.531,40.0,3.0,,,39.388,43.896,25.247,8074.636,8118.532,8143.779,191.0,207.0,315.0,330.0,False,MEDIUM,10.0,False,Haas F1 Team,8035.227,2026-09-26 12:20:52.692,12,7.0,False,,False,True
8251.618,OCO,31,107.86,41.0,3.0,,,38.8,43.745,25.315,8182.579,8226.324,8251.639,189.0,205.0,312.0,327.0,True,MEDIUM,11.0,False,Haas F1 Team,8143.758,2026-09-26 12:22:41.223,1,7.0,False,,False,True
8359.114,OCO,31,107.496,42.0,3.0,,,38.618,43.605,25.273,8290.257,8333.862,8359.135,193.0,216.0,313.0,328.0,True,MEDIUM,12.0,False,Haas F1 Team,8251.618,2026-09-26 12:24:29.083,1,7.0,False,,False,True
8466.31,OCO,31,107.196,43.0,3.0,,,38.504,43.528,25.164,8397.639,8441.167,8466.331,196.0,210.0,314.0,329.0,True,MEDIUM,13.0,False,Haas F1 Team,8359.114,2026-09-26 12:26:16.579,1,7.0,False,,False,True
8573.378,OCO,31,107.068,44.0,3.0,,,38.379,43.447,25.242,8504.71,8548.157,8573.399,201.0,209.0,311.0,327.0,True,MEDIUM,14.0,False,Haas F1 Team,8466.31,2026-09-26 12:28:03.775,1,7.0,False,,False,True
8680.552,OCO,31,107.174,45.0,3.0,,,38.296,43.571,25.307,8611.695,8655.266,8680.573,196.0,202.0,310.0,327.0,False,MEDIUM,15.0,False,Haas F1 Team,8573.378,2026-09-26 12:29:50.843,1,7.0,False,,False,True
8787.88,OCO,31,107.328,46.0,3.0,,,38.36,43.616,25.352,8718.933,8762.549,8787.901,198.0,210.0,309.0,326.0,False,MEDIUM,16.0,False,Haas F1 Team,8680.552,2026-09-26 12:31:38.017,1,7.0,False,,False,True
8895.441,OCO,31,107.561,47.0,3.0,,,38.507,43.702,25.352,8826.408,8870.11,8895.462,190.0,210.0,307.0,325.0,False,MEDIUM,17.0,False,Haas F1 Team,8787.88,2026-09-26 12:33:25.345,1,7.0,False,,False,True
9003.139,OCO,31,107.698,48.0,3.0,,,38.631,43.698,25.369,8934.093,8977.791,9003.16,192.0,208.0,307.0,326.0,False,MEDIUM,18.0,False,Haas F1 Team,8895.441,2026-09-26 12:35:12.906,1,7.0,False,,False,True
9110.272,OCO,31,107.133,49.0,3.0,,,38.343,43.434,25.356,9041.503,9084.937,9110.293,199.0,208.0,307.0,326.0,False,MEDIUM,19.0,False,Haas F1 Team,9003.139,2026-09-26 12:37:00.604,1,7.0,False,,False,True
9217.896,OCO,31,107.624,50.0,3.0,,,38.808,43.341,25.475,9149.101,9192.442,9217.917,196.0,212.0,304.0,322.0,False,MEDIUM,20.0,False,Haas F1 Team,9110.272,2026-09-26 12:38:47.737,12,7.0,False,,False,True
9326.821,OCO,31,108.925,51.0,3.0,,,38.421,44.673,25.831,9256.338,9301.011,9326.842,195.0,193.0,322.0,322.0,False,MEDIUM,21.0,False,Haas F1 Team,9217.896,2026-09-26 12:40:35.361,12,8.0,True,TRACK LIMITS AT TURN 15 LAP 51 ,False,True
3534.864,LIN,41,121.36,1.0,1.0,,,,47.844,25.044,,3509.948,3534.991,161.0,192.0,329.0,338.0,False,MEDIUM,1.0,True,Racing Bulls,3413.247,2026-09-26 11:03:50.712,1,14.0,False,,False,False
3646.533,LIN,41,111.669,2.0,1.0,,,40.51,46.072,25.087,3575.442,3621.514,3646.601,170.0,200.0,323.0,333.0,True,MEDIUM,2.0,True,Racing Bulls,3534.864,2026-09-26 11:05:52.329,1,14.0,False,,False,True
3757.322,LIN,41,110.789,3.0,1.0,,,39.868,45.767,25.154,3686.469,3732.236,3757.39,179.0,199.0,321.0,331.0,True,MEDIUM,3.0,True,Racing Bulls,3646.533,2026-09-26 11:07:43.998,1,14.0,False,,False,True
3867.578,LIN,41,110.256,4.0,1.0,,,39.539,45.512,25.205,3796.929,3842.441,3867.646,186.0,195.0,319.0,332.0,True,MEDIUM,4.0,True,Racing Bulls,3757.322,2026-09-26 11:09:34.787,1,14.0,False,,False,True
3977.829,LIN,41,110.251,5.0,1.0,,,39.508,45.309,25.434,3907.154,3952.463,3977.897,189.0,193.0,317.0,328.0,True,MEDIUM,5.0,True,Racing Bulls,3867.578,2026-09-26 11:11:25.043,1,14.0,False,,False,True
4088.799,LIN,41,110.97,6.0,1.0,,,40.342,45.362,25.266,4018.239,4063.601,4088.867,185.0,193.0,316.0,330.0,False,MEDIUM,6.0,True,Racing Bulls,3977.829,2026-09-26 11:13:15.294,1,15.0,False,,False,True
4198.78,LIN,41,109.981,7.0,1.0,,,39.351,45.214,25.416,4128.218,4173.432,4198.848,192.0,197.0,314.0,329.0,True,MEDIUM,7.0,True,Racing Bulls,4088.799,2026-09-26 11:15:06.264,1,15.0,False,,False,True
4308.59,LIN,41,109.81,8.0,1.0,,,39.319,45.073,25.418,4238.167,4283.24,4308.658,190.0,198.0,314.0,327.0,True,MEDIUM,8.0,True,Racing Bulls,4198.78,2026-09-26 11:16:56.245,12,15.0,False,,False,True
4418.447,LIN,41,109.857,9.0,1.0,,,39.079,45.406,25.372,4347.737,4393.143,4418.515,192.0,199.0,314.0,328.0,False,MEDIUM,9.0,True,Racing Bulls,4308.59,2026-09-26 11:18:46.055,1,15.0,False,,False,True
4528.101,LIN,41,109.654,10.0,1.0,,,39.155,45.147,25.352,4457.67,4502.817,4528.169,200.0,197.0,312.0,327.0,True,MEDIUM,10.0,True,Racing Bulls,4418.447,2026-09-26 11:20:35.912,1,15.0,False,,False,True
4637.466,LIN,41,109.365,11.0,1.0,,,39.018,44.959,25.388,4567.187,4612.146,4637.534,194.0,193.0,314.0,327.0,True,MEDIUM,11.0,True,Racing Bulls,4528.101,2026-09-26 11:22:25.566,1,15.0,False,,False,True
4746.805,LIN,41,109.339,12.0,1.0,,,39.005,45.09,25.244,4676.539,4721.629,4746.873,194.0,197.0,316.0,329.0,True,MEDIUM,12.0,True,Racing Bulls,4637.466,2026-09-26 11:24:14.931,1,15.0,False,,False,True
4856.108,LIN,41,109.303,13.0,1.0,,,39.066,44.995,25.242,4785.939,4830.934,4856.176,197.0,208.0,317.0,330.0,True,MEDIUM,13.0,True,Racing Bulls,4746.805,2026-09-26 11:26:04.270,1,15.0,False,,False,True
4965.423,LIN,41,109.315,14.0,1.0,,,38.93,45.103,25.282,4895.106,4940.209,4965.491,195.0,198.0,316.0,331.0,False,MEDIUM,14.0,True,Racing Bulls,4856.108,2026-09-26 11:27:53.573,1,15.0,False,,False,True
5075.098,LIN,41,109.675,15.0,1.0,,,39.199,45.218,25.258,5004.69,5049.908,5075.166,191.0,198.0,314.0,330.0,False,MEDIUM,15.0,True,Racing Bulls,4965.423,2026-09-26 11:29:42.888,1,15.0,False,,False,True
5184.597,LIN,41,109.499,16.0,1.0,,,39.161,44.962,25.376,5114.327,5159.289,5184.665,194.0,202.0,315.0,329.0,False,MEDIUM,16.0,True,Racing Bulls,5075.098,2026-09-26 11:31:32.563,1,15.0,False,,False,True
5293.699,LIN,41,109.102,17.0,1.0,,,38.997,44.835,25.27,5223.662,5268.497,5293.767,198.0,200.0,315.0,328.0,True,MEDIUM,17.0,True,Racing Bulls,5184.597,2026-09-26 11:33:22.062,1,15.0,False,,False,True
5403.079,LIN,41,109.38,18.0,1.0,,,38.953,44.959,25.468,5332.72,5377.679,5403.147,196.0,199.0,313.0,327.0,False,MEDIUM,18.0,True,Racing Bulls,5293.699,2026-09-26 11:35:11.164,1,15.0,False,,False,True
5512.359,LIN,41,109.28,19.0,1.0,,,39.09,44.865,25.325,5442.237,5487.102,5512.427,198.0,198.0,312.0,328.0,False,MEDIUM,19.0,True,Racing Bulls,5403.079,2026-09-26 11:37:00.544,1,15.0,False,,False,True
5621.602,LIN,41,109.243,20.0,1.0,,,39.039,44.884,25.32,5551.466,5596.35,5621.67,198.0,204.0,312.0,328.0,False,MEDIUM,20.0,True,Racing Bulls,5512.359,2026-09-26 11:38:49.824,1,15.0,False,,False,True
5730.728,LIN,41,109.126,21.0,1.0,,,38.851,44.92,25.355,5660.521,5705.441,5730.796,187.0,206.0,311.0,328.0,False,MEDIUM,21.0,True,Racing Bulls,5621.602,2026-09-26 11:40:39.067,1,15.0,False,,False,True
5839.87,LIN,41,109.142,22.0,1.0,,,39.014,44.798,25.33,5769.81,5814.608,5839.938,194.0,201.0,311.0,327.0,False,MEDIUM,22.0,True,Racing Bulls,5730.728,2026-09-26 11:42:28.193,1,15.0,False,,False,True
5949.042,LIN,41,109.172,23.0,1.0,,,38.917,44.812,25.443,5878.855,5923.667,5949.11,195.0,201.0,310.0,327.0,False,MEDIUM,23.0,True,Racing Bulls,5839.87,2026-09-26 11:44:17.335,1,15.0,False,,False,True
6058.453,LIN,41,109.411,24.0,1.0,,,38.971,44.981,25.459,5988.081,6033.062,6058.521,194.0,202.0,311.0,327.0,False,MEDIUM,24.0,True,Racing Bulls,5949.042,2026-09-26 11:46:06.507,1,15.0,False,,False,True
6167.677,LIN,41,109.224,25.0,1.0,,,38.955,44.91,25.359,6097.476,6142.386,6167.745,197.0,207.0,309.0,327.0,False,MEDIUM,25.0,True,Racing Bulls,6058.453,2026-09-26 11:47:55.918,1,15.0,False,,False,True
6276.77,LIN,41,109.093,26.0,1.0,,,38.84,44.726,25.527,6206.585,6251.311,6276.838,195.0,204.0,310.0,326.0,True,MEDIUM,26.0,True,Racing Bulls,6167.677,2026-09-26 11:49:45.142,1,15.0,False,,False,True
6385.659,LIN,41,108.889,27.0,1.0,,,38.807,44.688,25.394,6315.645,6360.333,6385.727,195.0,201.0,309.0,326.0,True,MEDIUM,27.0,True,Racing Bulls,6276.77,2026-09-26 11:51:34.235,1,15.0,False,,False,True
6494.7,LIN,41,109.041,28.0,1.0,,,38.919,44.685,25.437,6424.646,6469.331,6494.768,192.0,198.0,310.0,327.0,False,MEDIUM,28.0,True,Racing Bulls,6385.659,2026-09-26 11:53:23.124,1,15.0,False,,False,True
6603.643,LIN,41,108.943,29.0,1.0,,,38.853,44.671,25.419,6533.621,6578.292,6603.711,200.0,204.0,309.0,326.0,False,MEDIUM,29.0,True,Racing Bulls,6494.7,2026-09-26 11:55:12.165,12,15.0,False,,False,True
6737.648,LIN,41,134.005,30.0,1.0,,6736.446,38.9,53.37,41.735,6642.611,6695.981,6737.716,186.0,159.0,,214.0,False,MEDIUM,30.0,True,Racing Bulls,6603.643,2026-09-26 11:57:01.108,124,14.0,False,,False,False
6903.359,LIN,41,,31.0,2.0,6758.491,,68.757,59.636,37.319,6806.626,6866.192,6903.61,101.0,154.0,293.0,181.0,False,SOFT,1.0,True,Racing Bulls,6737.648,2026-09-26 11:59:15.113,4,15.0,False,,False,False
7029.342,LIN,41,125.983,32.0,2.0,,,43.281,53.968,28.734,6946.708,7000.676,7029.41,94.0,191.0,273.0,268.0,False,SOFT,2.0,True,Racing Bulls,6903.359,2026-09-26 12:02:00.824,4,15.0,False,,False,False
7162.016,LIN,41,132.674,33.0,2.0,,,40.515,54.337,37.822,7069.925,7124.262,7162.084,135.0,129.0,245.0,183.0,False,SOFT,3.0,True,Racing Bulls,7029.342,2026-09-26 12:04:06.807,4,14.0,False,,False,False
7326.407,LIN,41,,34.0,2.0,,,63.015,63.844,37.544,7225.094,7289.03,7326.569,170.0,141.0,229.0,217.0,False,SOFT,4.0,True,Racing Bulls,7162.016,2026-09-26 12:06:19.481,4,14.0,False,,False,False
7470.803,LIN,41,144.396,35.0,2.0,,,52.101,60.199,32.096,7378.576,7438.775,7470.871,190.0,141.0,308.0,278.0,False,SOFT,5.0,True,Racing Bulls,7326.407,2026-09-26 12:09:03.872,41,14.0,False,,False,False
7613.458,LIN,41,142.655,36.0,2.0,,7612.237,43.184,56.313,43.158,7514.055,7570.368,7613.526,149.0,123.0,,207.0,False,SOFT,6.0,True,Racing Bulls,7470.803,2026-09-26 12:11:28.268,124,10.0,False,,False,False
7775.723,LIN,41,,37.0,3.0,7628.261,,62.25,59.833,40.106,7675.852,7735.746,7775.832,131.0,157.0,260.0,231.0,False,SOFT,7.0,False,Racing Bulls,7613.458,2026-09-26 12:13:50.923,4,10.0,False,,False,False
7926.72,LIN,41,,38.0,3.0,,,54.714,63.57,32.807,7830.417,7894.141,7926.97,172.0,151.0,344.0,246.0,False,SOFT,8.0,False,Racing Bulls,7775.723,2026-09-26 12:16:33.188,41,10.0,False,,False,False
8036.011,LIN,41,109.291,39.0,3.0,,,40.076,44.778,24.437,7966.864,8011.642,8036.079,193.0,204.0,348.0,344.0,False,SOFT,9.0,False,Racing Bulls,7926.72,2026-09-26 12:19:04.185,1,10.0,False,,False,True
8144.655,LIN,41,108.644,40.0,3.0,,,39.718,44.436,24.49,8075.797,8120.233,8144.723,186.0,209.0,339.0,345.0,True,SOFT,10.0,False,Racing Bulls,8036.011,2026-09-26 12:20:53.476,12,9.0,False,,False,True
8252.584,LIN,41,107.929,41.0,3.0,,,38.95,44.428,24.551,8183.673,8228.101,8252.652,182.0,204.0,335.0,344.0,True,SOFT,11.0,False,Racing Bulls,8144.655,2026-09-26 12:22:42.120,1,9.0,False,,False,True
8360.028,LIN,41,107.444,42.0,3.0,,,38.77,44.211,24.463,8291.422,8335.633,8360.096,189.0,201.0,337.0,344.0,True,SOFT,12.0,False,Racing Bulls,8252.584,2026-09-26 12:24:30.049,1,9.0,False,,False,True
8467.587,LIN,41,107.559,43.0,3.0,,,38.709,44.322,24.528,8398.805,8443.127,8467.655,186.0,209.0,328.0,343.0,False,SOFT,13.0,False,Racing Bulls,8360.028,2026-09-26 12:26:17.493,1,9.0,False,,False,True
8574.436,LIN,41,106.849,44.0,3.0,,,38.398,44.026,24.425,8506.053,8550.079,8574.504,188.0,209.0,337.0,344.0,True,SOFT,14.0,False,Racing Bulls,8467.587,2026-09-26 12:28:05.052,1,9.0,False,,False,True
8681.652,LIN,41,107.216,45.0,3.0,,,38.546,44.111,24.559,8613.05,8657.161,8681.72,188.0,206.0,332.0,343.0,False,SOFT,15.0,False,Racing Bulls,8574.436,2026-09-26 12:29:51.901,1,9.0,False,,False,True
8788.647,LIN,41,106.995,46.0,3.0,,,38.376,44.2,24.419,8720.096,8764.296,8788.715,188.0,208.0,338.0,344.0,False,SOFT,16.0,False,Racing Bulls,8681.652,2026-09-26 12:31:39.117,1,9.0,False,,False,True
8896.391,LIN,41,107.744,47.0,3.0,,,38.846,44.344,24.554,8827.561,8871.905,8896.459,185.0,204.0,334.0,343.0,False,SOFT,17.0,False,Racing Bulls,8788.647,2026-09-26 12:33:26.112,1,9.0,False,,False,True
9003.8,LIN,41,107.409,48.0,3.0,,,38.561,43.928,24.92,8935.02,8978.948,9003.868,194.0,209.0,314.0,331.0,False,SOFT,18.0,False,Racing Bulls,8896.391,2026-09-26 12:35:13.856,1,8.0,False,,False,True
9110.657,LIN,41,106.857,49.0,3.0,,,38.352,43.816,24.689,9042.22,9086.036,9110.725,200.0,209.0,326.0,336.0,False,SOFT,19.0,False,Racing Bulls,9003.8,2026-09-26 12:37:01.265,1,8.0,False,,False,True
9218.452,LIN,41,107.795,50.0,3.0,,,38.885,44.175,24.735,9149.61,9193.785,9218.52,194.0,202.0,324.0,334.0,False,SOFT,20.0,False,Racing Bulls,9110.657,2026-09-26 12:38:48.122,12,8.0,False,,False,True
9326.775,LIN,41,108.323,51.0,3.0,,,38.403,45.039,24.881,9256.923,9301.962,9326.843,194.0,200.0,313.0,345.0,False,SOFT,21.0,False,Racing Bulls,9218.452,2026-09-26 12:40:35.917,12,7.0,True,TRACK LIMITS AT TURN 15 LAP 51 ,False,True
3531.539,COL,43,118.035,1.0,1.0,,,,46.191,24.974,,3506.742,3531.999,165.0,198.0,332.0,338.0,False,MEDIUM,1.0,True,Alpine,3413.247,2026-09-26 11:03:50.712,1,9.0,False,,False,False
3641.986,COL,43,110.447,2.0,1.0,,,40.092,45.265,25.09,3571.691,3616.956,3642.046,176.0,195.0,328.0,334.0,True,MEDIUM,2.0,True,Alpine,3531.539,2026-09-26 11:05:49.004,1,9.0,False,,False,True
3751.703,COL,43,109.717,3.0,1.0,,,39.481,45.11,25.126,3681.527,3726.637,3751.763,178.0,207.0,326.0,331.0,True,MEDIUM,3.0,True,Alpine,3641.986,2026-09-26 11:07:39.451,1,9.0,False,,False,True
3861.535,COL,43,109.832,4.0,1.0,,,39.267,45.165,25.4,3791.03,3836.195,3861.595,183.0,196.0,323.0,325.0,False,MEDIUM,4.0,True,Alpine,3751.703,2026-09-26 11:09:29.168,1,9.0,False,,False,True
3970.83,COL,43,109.295,5.0,1.0,,,39.268,44.809,25.218,3900.863,3945.672,3970.89,187.0,203.0,323.0,327.0,True,MEDIUM,5.0,True,Alpine,3861.535,2026-09-26 11:11:19.000,1,9.0,False,,False,True
4079.631,COL,43,108.801,6.0,1.0,,,38.885,44.835,25.081,4009.775,4054.61,4079.691,191.0,195.0,324.0,330.0,True,MEDIUM,6.0,True,Alpine,3970.83,2026-09-26 11:13:08.295,1,9.0,False,,False,True
4188.998,COL,43,109.367,7.0,1.0,,,39.102,44.947,25.318,4118.793,4163.74,4189.058,195.0,201.0,322.0,327.0,False,MEDIUM,7.0,True,Alpine,4079.631,2026-09-26 11:14:57.096,1,9.0,False,,False,True
4298.53,COL,43,109.532,8.0,1.0,,,39.036,45.137,25.359,4228.094,4273.231,4298.59,187.0,201.0,321.0,323.0,False,MEDIUM,8.0,True,Alpine,4188.998,2026-09-26 11:16:46.463,1,9.0,False,,False,True
4407.872,COL,43,109.342,9.0,1.0,,,38.875,44.972,25.495,4337.465,4382.437,4407.932,192.0,190.0,317.0,320.0,False,MEDIUM,9.0,True,Alpine,4298.53,2026-09-26 11:18:35.995,12,9.0,False,,False,True
4517.361,COL,43,109.489,10.0,1.0,,,39.2,44.794,25.495,4447.132,4491.926,4517.421,195.0,199.0,314.0,316.0,False,MEDIUM,10.0,True,Alpine,4407.872,2026-09-26 11:20:25.337,1,9.0,False,,False,True
4626.219,COL,43,108.858,11.0,1.0,,,38.825,44.596,25.437,4556.246,4600.842,4626.279,194.0,199.0,314.0,319.0,False,MEDIUM,11.0,True,Alpine,4517.361,2026-09-26 11:22:14.826,1,9.0,False,,False,True
4735.133,COL,43,108.914,12.0,1.0,,,38.94,44.631,25.343,4665.219,4709.85,4735.193,194.0,204.0,317.0,321.0,False,MEDIUM,12.0,True,Alpine,4626.219,2026-09-26 11:24:03.684,1,9.0,False,,False,True
4844.105,COL,43,108.972,13.0,1.0,,,38.804,44.655,25.513,4773.997,4818.652,4844.165,192.0,201.0,314.0,318.0,False,MEDIUM,13.0,True,Alpine,4735.133,2026-09-26 11:25:52.598,1,9.0,False,,False,True
4952.648,COL,43,108.543,14.0,1.0,,,38.842,44.274,25.427,4883.007,4927.281,4952.708,191.0,206.0,314.0,320.0,True,MEDIUM,14.0,True,Alpine,4844.105,2026-09-26 11:27:41.570,1,9.0,False,,False,True
5061.393,COL,43,108.745,15.0,1.0,,,38.794,44.548,25.403,4991.502,5036.05,5061.453,191.0,209.0,314.0,320.0,False,MEDIUM,15.0,True,Alpine,4952.648,2026-09-26 11:29:30.113,1,9.0,False,,False,True
5170.021,COL,43,108.628,16.0,1.0,,,38.918,44.274,25.436,5100.371,5144.645,5170.081,195.0,204.0,315.0,319.0,False,MEDIUM,16.0,True,Alpine,5061.393,2026-09-26 11:31:18.858,1,9.0,False,,False,True
5278.505,COL,43,108.484,17.0,1.0,,,38.774,44.283,25.427,5208.855,5253.138,5278.565,190.0,207.0,314.0,318.0,True,MEDIUM,17.0,True,Alpine,5170.021,2026-09-26 11:33:07.486,1,9.0,False,,False,True
5387.337,COL,43,108.832,18.0,1.0,,,38.856,44.481,25.495,5317.421,5361.902,5387.397,195.0,206.0,313.0,318.0,False,MEDIUM,18.0,True,Alpine,5278.505,2026-09-26 11:34:55.970,1,9.0,False,,False,True
5496.096,COL,43,108.759,19.0,1.0,,,38.783,44.506,25.47,5426.18,5470.686,5496.156,195.0,210.0,312.0,318.0,False,MEDIUM,19.0,True,Alpine,5387.337,2026-09-26 11:36:44.802,1,9.0,False,,False,True
5605.133,COL,43,109.037,20.0,1.0,,,38.997,44.497,25.543,5535.153,5579.65,5605.193,196.0,196.0,311.0,318.0,False,MEDIUM,20.0,True,Alpine,5496.096,2026-09-26 11:38:33.561,1,9.0,False,,False,True
5714.254,COL,43,109.121,21.0,1.0,,,38.967,44.726,25.428,5644.16,5688.886,5714.314,200.0,199.0,311.0,320.0,False,MEDIUM,21.0,True,Alpine,5605.133,2026-09-26 11:40:22.598,1,9.0,False,,False,True
5823.153,COL,43,108.899,22.0,1.0,,,39.085,44.336,25.478,5753.399,5797.735,5823.213,199.0,202.0,309.0,317.0,False,MEDIUM,22.0,True,Alpine,5714.254,2026-09-26 11:42:11.719,1,10.0,False,,False,True
5932.707,COL,43,109.554,23.0,1.0,,,39.656,44.475,25.423,5862.869,5907.344,5932.767,196.0,206.0,317.0,319.0,False,MEDIUM,23.0,True,Alpine,5823.153,2026-09-26 11:44:00.618,1,10.0,False,,False,True
6041.61,COL,43,108.903,24.0,1.0,,,38.871,44.508,25.524,5971.638,6016.146,6041.67,194.0,207.0,314.0,322.0,False,MEDIUM,24.0,True,Alpine,5932.707,2026-09-26 11:45:50.172,1,10.0,False,,False,True
6150.909,COL,43,109.299,25.0,1.0,,,39.075,44.755,25.469,6080.745,6125.5,6150.969,193.0,203.0,312.0,320.0,False,MEDIUM,25.0,True,Alpine,6041.61,2026-09-26 11:47:39.075,1,10.0,False,,False,True
6259.761,COL,43,108.852,26.0,1.0,,,38.885,44.379,25.588,6189.854,6234.233,6259.821,201.0,208.0,311.0,319.0,False,MEDIUM,26.0,True,Alpine,6150.909,2026-09-26 11:49:28.374,1,10.0,False,,False,True
6368.671,COL,43,108.91,27.0,1.0,,,38.817,44.591,25.502,6298.638,6343.229,6368.731,198.0,205.0,310.0,317.0,False,MEDIUM,27.0,True,Alpine,6259.761,2026-09-26 11:51:17.226,1,10.0,False,,False,True
6477.426,COL,43,108.755,28.0,1.0,,,38.868,44.319,25.568,6407.599,6451.918,6477.486,194.0,207.0,310.0,317.0,False,MEDIUM,28.0,True,Alpine,6368.671,2026-09-26 11:53:06.136,1,10.0,False,,False,True
6586.229,COL,43,108.803,29.0,1.0,,,38.899,44.343,25.561,6516.385,6560.728,6586.289,201.0,202.0,310.0,318.0,False,MEDIUM,29.0,True,Alpine,6477.426,2026-09-26 11:54:54.891,12,10.0,False,,False,True
6712.497,COL,43,126.268,30.0,1.0,,6711.288,39.013,44.447,42.808,6625.302,6669.749,6712.557,201.0,193.0,,196.0,False,MEDIUM,30.0,True,Alpine,6586.229,2026-09-26 11:56:43.694,124,10.0,False,,False,False
6878.423,COL,43,,31.0,2.0,6731.946,,70.285,56.884,38.702,6782.904,6839.847,6878.603,82.0,172.0,257.0,196.0,False,SOFT,1.0,True,Alpine,6712.497,2026-09-26 11:58:49.962,4,11.0,False,,False,False
7009.707,COL,43,131.284,32.0,2.0,,,45.821,56.802,28.661,6924.304,6981.106,7009.767,101.0,174.0,280.0,289.0,False,SOFT,2.0,True,Alpine,6878.423,2026-09-26 12:01:35.888,4,10.0,False,,False,False
7157.715,COL,43,148.008,33.0,2.0,,,45.643,64.433,37.932,7055.41,7119.843,7157.775,92.0,164.0,235.0,174.0,False,SOFT,3.0,True,Alpine,7009.707,2026-09-26 12:03:47.172,4,10.0,False,,False,False
7321.062,COL,43,,34.0,2.0,,,62.757,62.506,38.072,7220.578,7283.05,7321.152,151.0,172.0,259.0,238.0,False,SOFT,4.0,True,Alpine,7157.715,2026-09-26 12:06:15.180,4,10.0,False,,False,False
7470.062,COL,43,149.0,35.0,2.0,,,52.182,62.46,34.358,7373.304,7435.764,7470.122,141.0,143.0,313.0,238.0,False,SOFT,5.0,True,Alpine,7321.062,2026-09-26 12:08:58.527,41,10.0,False,,False,False
7721.412,COL,43,,36.0,2.0,,7720.131,,84.85,56.095,,7665.377,7721.523,98.0,101.0,,158.0,False,SOFT,6.0,True,Alpine,7470.062,2026-09-26 12:11:27.527,124,17.0,False,,False,False
3529.31,HAM,44,115.806,1.0,1.0,,,,45.252,25.43,,3503.949,3529.53,185.0,198.0,326.0,341.0,False,SOFT,1.0,True,Ferrari,3413.247,2026-09-26 11:03:50.712,1,6.0,False,,False,False
3640.038,HAM,44,110.728,2.0,1.0,,,40.386,45.122,25.22,3569.747,3614.869,3640.089,176.0,198.0,323.0,334.0,True,SOFT,2.0,True,Ferrari,3529.31,2026-09-26 11:05:46.775,1,7.0,False,,False,True
3749.437,HAM,44,109.399,3.0,1.0,,,39.272,45.05,25.077,3679.361,3724.411,3749.488,185.0,198.0,333.0,338.0,True,SOFT,3.0,True,Ferrari,3640.038,2026-09-26 11:07:37.503,1,7.0,False,,False,True
3859.346,HAM,44,109.909,4.0,1.0,,,39.582,45.172,25.155,3789.07,3834.242,3859.397,180.0,209.0,325.0,328.0,False,SOFT,4.0,True,Ferrari,3749.437,2026-09-26 11:09:26.902,1,7.0,False,,False,True
3968.207,HAM,44,108.861,5.0,1.0,,,39.217,44.534,25.11,3898.614,3943.148,3968.258,190.0,210.0,331.0,336.0,True,SOFT,5.0,True,Ferrari,3859.346,2026-09-26 11:11:16.811,1,7.0,False,,False,True
4077.082,HAM,44,108.875,6.0,1.0,,,39.004,44.698,25.173,4007.262,4051.96,4077.133,188.0,199.0,324.0,332.0,False,SOFT,6.0,True,Ferrari,3968.207,2026-09-26 11:13:05.672,1,7.0,False,,False,True
4186.143,HAM,44,109.061,7.0,1.0,,,38.841,44.874,25.346,4115.974,4160.848,4186.194,194.0,204.0,319.0,330.0,False,SOFT,7.0,True,Ferrari,4077.082,2026-09-26 11:14:54.547,1,7.0,False,,False,True
4294.931,HAM,44,108.788,8.0,1.0,,,38.919,44.494,25.375,4225.113,4269.607,4294.982,196.0,212.0,320.0,330.0,True,SOFT,8.0,True,Ferrari,4186.143,2026-09-26 11:16:43.608,1,7.0,False,,False,True
4403.516,HAM,44,108.585,9.0,1.0,,,38.643,44.684,25.258,4333.625,4378.309,4403.567,198.0,204.0,323.0,331.0,True,SOFT,9.0,True,Ferrari,4294.931,2026-09-26 11:18:32.396,12,7.0,False,,False,True
4512.224,HAM,44,108.708,10.0,1.0,,,39.318,44.136,25.254,4442.885,4487.021,4512.275,194.0,210.0,320.0,330.0,False,SOFT,10.0,True,Ferrari,4403.516,2026-09-26 11:20:20.981,1,7.0,False,,False,True
4620.573,HAM,44,108.349,11.0,1.0,,,38.66,44.457,25.232,4550.935,4595.392,4620.624,189.0,208.0,323.0,329.0,True,SOFT,11.0,True,Ferrari,4512.224,2026-09-26 11:22:09.689,1,7.0,False,,False,True
4728.957,HAM,44,108.384,12.0,1.0,,,38.771,44.451,25.162,4659.395,4703.846,4729.008,192.0,212.0,322.0,331.0,False,SOFT,12.0,True,Ferrari,4620.573,2026-09-26 11:23:58.038,1,7.0,False,,False,True
4836.999,HAM,44,108.042,13.0,1.0,,,38.724,44.158,25.16,4767.732,4811.89,4837.05,196.0,208.0,325.0,332.0,True,SOFT,13.0,True,Ferrari,4728.957,2026-09-26 11:25:46.422,1,7.0,False,,False,True
4945.083,HAM,44,108.084,14.0,1.0,,,38.612,44.446,25.026,4875.662,4920.108,4945.134,191.0,210.0,325.0,334.0,False,SOFT,14.0,True,Ferrari,4836.999,2026-09-26 11:27:34.464,1,7.0,False,,False,True
5053.201,HAM,44,108.118,15.0,1.0,,,38.69,44.432,24.996,4983.824,5028.256,5053.252,191.0,207.0,327.0,338.0,False,SOFT,15.0,True,Ferrari,4945.083,2026-09-26 11:29:22.548,1,7.0,False,,False,True
5162.534,HAM,44,109.333,16.0,1.0,,,38.971,45.365,24.997,5092.223,5137.588,5162.585,189.0,190.0,319.0,332.0,False,SOFT,16.0,True,Ferrari,5053.201,2026-09-26 11:31:10.666,1,6.0,False,,False,True
5270.784,HAM,44,108.25,17.0,1.0,,,38.72,44.098,25.432,5201.305,5245.403,5270.835,192.0,207.0,312.0,327.0,False,SOFT,17.0,True,Ferrari,5162.534,2026-09-26 11:32:59.999,1,6.0,False,,False,True
5379.36,HAM,44,108.576,18.0,1.0,,,38.771,44.281,25.524,5309.606,5353.887,5379.411,191.0,208.0,310.0,324.0,False,SOFT,18.0,True,Ferrari,5270.784,2026-09-26 11:34:48.249,1,6.0,False,,False,True
5487.697,HAM,44,108.337,19.0,1.0,,,38.83,44.039,25.468,5418.241,5462.28,5487.748,193.0,214.0,310.0,325.0,False,SOFT,19.0,True,Ferrari,5379.36,2026-09-26 11:36:36.825,1,6.0,False,,False,True
5595.76,HAM,44,108.063,20.0,1.0,,,38.69,43.932,25.441,5526.438,5570.37,5595.811,194.0,216.0,310.0,326.0,False,SOFT,20.0,True,Ferrari,5487.697,2026-09-26 11:38:25.162,1,6.0,False,,False,True
5703.829,HAM,44,108.069,21.0,1.0,,,38.619,44.022,25.428,5634.43,5678.452,5703.88,196.0,213.0,311.0,327.0,False,SOFT,21.0,True,Ferrari,5595.76,2026-09-26 11:40:13.225,1,6.0,False,,False,True
5811.809,HAM,44,107.98,22.0,1.0,,,38.707,43.847,25.426,5742.587,5786.434,5811.86,191.0,211.0,309.0,325.0,True,SOFT,22.0,True,Ferrari,5703.829,2026-09-26 11:42:01.294,1,6.0,False,,False,True
5919.87,HAM,44,108.061,23.0,1.0,,,38.649,43.875,25.537,5850.509,5894.384,5919.921,197.0,212.0,310.0,326.0,False,SOFT,23.0,True,Ferrari,5811.809,2026-09-26 11:43:49.274,1,6.0,False,,False,True
6027.805,HAM,44,107.935,24.0,1.0,,,38.494,43.866,25.575,5958.415,6002.281,6027.856,198.0,214.0,310.0,326.0,True,SOFT,24.0,True,Ferrari,5919.87,2026-09-26 11:45:37.335,1,6.0,False,,False,True
6135.931,HAM,44,108.126,25.0,1.0,,,38.703,43.991,25.432,6066.559,6110.55,6135.982,192.0,210.0,309.0,327.0,False,SOFT,25.0,True,Ferrari,6027.805,2026-09-26 11:47:25.270,1,6.0,False,,False,True
6243.86,HAM,44,107.929,26.0,1.0,,,38.526,43.881,25.522,6174.508,6218.389,6243.911,197.0,210.0,309.0,325.0,True,SOFT,26.0,True,Ferrari,6135.931,2026-09-26 11:49:13.396,1,6.0,False,,False,True
6351.467,HAM,44,107.607,27.0,1.0,,,38.451,43.691,25.465,6282.362,6326.053,6351.518,197.0,211.0,309.0,324.0,True,SOFT,27.0,True,Ferrari,6243.86,2026-09-26 11:51:01.325,1,6.0,False,,False,True
6458.954,HAM,44,107.487,28.0,1.0,,,38.457,43.56,25.47,6389.975,6433.535,6459.005,204.0,208.0,309.0,326.0,True,SOFT,28.0,True,Ferrari,6351.467,2026-09-26 11:52:48.932,1,6.0,False,,False,True
6566.555,HAM,44,107.601,29.0,1.0,,,38.446,43.679,25.476,6497.451,6541.13,6566.606,206.0,211.0,310.0,326.0,False,SOFT,29.0,True,Ferrari,6458.954,2026-09-26 11:54:36.419,1,6.0,False,,False,True
6680.464,HAM,44,113.909,30.0,1.0,,,38.345,43.775,31.789,6604.951,6648.726,6680.515,197.0,210.0,131.0,327.0,False,SOFT,30.0,True,Ferrari,6566.555,2026-09-26 11:56:24.020,124,6.0,False,,False,False
6833.763,HAM,44,,31.0,1.0,,6832.473,51.444,60.464,41.368,6732.046,6792.616,6833.814,144.0,153.0,,182.0,False,SOFT,31.0,True,Ferrari,6680.464,2026-09-26 11:58:17.929,4,6.0,False,,False,False
6991.305,HAM,44,,32.0,2.0,6854.629,,59.199,60.6,37.713,6893.181,6953.643,6991.414,119.0,167.0,266.0,150.0,False,MEDIUM,1.0,True,Ferrari,6833.763,2026-09-26 12:00:51.228,4,6.0,False,,False,False
7150.402,HAM,44,,33.0,2.0,,,53.65,69.331,36.081,7045.05,7114.372,7150.496,87.0,169.0,242.0,206.0,False,MEDIUM,2.0,True,Ferrari,6991.305,2026-09-26 12:03:28.770,4,6.0,False,,False,False
7315.735,HAM,44,,34.0,2.0,,,64.582,63.429,37.398,7215.138,7278.388,7315.849,123.0,172.0,245.0,232.0,False,MEDIUM,3.0,True,Ferrari,7150.402,2026-09-26 12:06:07.867,4,6.0,False,,False,False
7469.555,HAM,44,,35.0,2.0,,,52.702,64.211,36.889,7368.524,7432.763,7469.805,160.0,160.0,296.0,223.0,False,MEDIUM,4.0,True,Ferrari,7315.735,2026-09-26 12:08:53.200,41,6.0,False,,False,False
7608.907,HAM,44,139.352,36.0,2.0,,7607.591,40.663,54.981,43.708,7510.269,7565.25,7608.958,177.0,157.0,,205.0,False,MEDIUM,5.0,True,Ferrari,7469.555,2026-09-26 12:11:27.020,124,6.0,False,,False,False
7770.266,HAM,44,,37.0,3.0,7624.05,,60.818,61.768,38.72,7669.857,7731.605,7770.317,165.0,176.0,257.0,204.0,False,MEDIUM,6.0,False,Ferrari,7608.907,2026-09-26 12:13:46.372,4,6.0,False,,False,False
7925.026,HAM,44,,38.0,3.0,,,55.488,64.835,34.495,7825.838,7890.694,7925.279,148.0,149.0,340.0,232.0,False,MEDIUM,7.0,False,Ferrari,7770.266,2026-09-26 12:16:27.731,41,6.0,False,,False,False
8033.9,HAM,44,108.874,39.0,3.0,,,39.837,44.277,24.76,7964.914,8009.191,8033.951,193.0,204.0,333.0,339.0,False,MEDIUM,8.0,False,Ferrari,7925.026,2026-09-26 12:19:02.491,1,6.0,False,,False,True
8141.458,HAM,44,107.558,40.0,3.0,,,38.811,43.812,24.935,8072.762,8116.574,8141.509,195.0,216.0,324.0,334.0,False,MEDIUM,9.0,False,Ferrari,8033.9,2026-09-26 12:20:51.365,12,5.0,False,,False,True
8248.783,HAM,44,107.325,41.0,3.0,,,38.385,43.832,25.108,8179.894,8223.726,8248.834,198.0,210.0,316.0,330.0,True,MEDIUM,10.0,False,Ferrari,8141.458,2026-09-26 12:22:38.923,1,5.0,False,,False,True
8356.359,HAM,44,107.576,42.0,3.0,,,38.659,43.773,25.144,8287.493,8331.266,8356.41,201.0,217.0,314.0,328.0,False,MEDIUM,11.0,False,Ferrari,8248.783,2026-09-26 12:24:26.248,1,6.0,False,,False,True
8463.915,HAM,44,107.556,43.0,3.0,,,38.545,44.06,24.951,8394.955,8439.015,8463.966,196.0,211.0,319.0,332.0,False,MEDIUM,12.0,False,Ferrari,8356.359,2026-09-26 12:26:13.824,1,6.0,False,,False,True
8570.338,HAM,44,106.423,44.0,3.0,,,38.066,43.382,24.975,8502.032,8545.414,8570.389,203.0,218.0,318.0,330.0,True,MEDIUM,13.0,False,Ferrari,8463.915,2026-09-26 12:28:01.380,1,6.0,False,,False,True
8676.629,HAM,44,106.291,45.0,3.0,,,38.036,43.179,25.076,8608.425,8651.604,8676.68,204.0,214.0,314.0,329.0,True,MEDIUM,14.0,False,Ferrari,8570.338,2026-09-26 12:29:47.803,1,6.0,False,,False,True
8782.853,HAM,44,106.224,46.0,3.0,,,37.999,43.177,25.048,8714.679,8757.856,8782.904,204.0,214.0,315.0,329.0,True,MEDIUM,15.0,False,Ferrari,8676.629,2026-09-26 12:31:34.094,1,6.0,False,,False,True
8889.363,HAM,44,106.51,47.0,3.0,,,38.131,43.264,25.115,8821.035,8864.299,8889.414,202.0,214.0,313.0,328.0,False,MEDIUM,16.0,False,Ferrari,8782.853,2026-09-26 12:33:20.318,1,6.0,False,,False,True
8995.839,HAM,44,106.476,48.0,3.0,,,38.118,43.182,25.176,8927.532,8970.714,8995.89,202.0,214.0,313.0,329.0,False,MEDIUM,17.0,False,Ferrari,8889.363,2026-09-26 12:35:06.828,1,6.0,False,,False,True
9102.009,HAM,44,106.17,49.0,3.0,,,37.964,43.086,25.12,9033.854,9076.94,9102.06,204.0,212.0,312.0,329.0,True,MEDIUM,18.0,False,Ferrari,8995.839,2026-09-26 12:36:53.304,1,6.0,False,,False,True
9208.315,HAM,44,106.306,50.0,3.0,,,37.977,43.126,25.203,9140.037,9183.163,9208.366,208.0,213.0,311.0,327.0,False,MEDIUM,19.0,False,Ferrari,9102.009,2026-09-26 12:38:39.474,12,6.0,False,,False,True
9318.054,HAM,44,109.739,51.0,3.0,,,38.239,45.239,26.261,9246.605,9291.844,9318.105,198.0,185.0,284.0,328.0,False,MEDIUM,20.0,False,Ferrari,9208.315,2026-09-26 12:40:25.780,12,6.0,True,TRACK LIMITS AT TURN 15 LAP 51 ,False,True
3537.827,BOR,5,124.323,1.0,1.0,,,,48.912,25.724,,3512.194,3537.945,164.0,182.0,322.0,334.0,False,MEDIUM,1.0,True,Audi,3413.247,2026-09-26 11:03:50.712,1,18.0,False,,False,False
3649.649,BOR,5,111.822,2.0,1.0,,,40.27,45.833,25.719,3578.136,3623.969,3649.688,180.0,192.0,319.0,331.0,True,MEDIUM,2.0,True,Audi,3537.827,2026-09-26 11:05:55.292,1,18.0,False,,False,True
3760.035,BOR,5,110.386,3.0,1.0,,,39.466,45.362,25.558,3689.154,3734.516,3760.074,180.0,194.0,325.0,334.0,True,MEDIUM,3.0,True,Audi,3649.649,2026-09-26 11:07:47.114,1,18.0,False,,False,True
3870.361,BOR,5,110.326,4.0,1.0,,,39.434,45.484,25.408,3799.508,3844.992,3870.4,188.0,198.0,328.0,329.0,True,MEDIUM,4.0,True,Audi,3760.035,2026-09-26 11:09:37.500,1,18.0,False,,False,True
3980.913,BOR,5,110.552,5.0,1.0,,,39.518,45.678,25.356,3909.918,3955.596,3980.952,187.0,201.0,326.0,330.0,False,MEDIUM,5.0,True,Audi,3870.361,2026-09-26 11:11:27.826,1,18.0,False,,False,True
4090.748,BOR,5,109.835,6.0,1.0,,,39.447,45.362,25.026,4020.399,4065.761,4090.787,188.0,200.0,327.0,338.0,True,MEDIUM,6.0,True,Audi,3980.913,2026-09-26 11:13:18.378,1,18.0,False,,False,True
4201.488,BOR,5,110.74,7.0,1.0,,,40.038,45.406,25.296,4130.825,4176.231,4201.527,185.0,202.0,325.0,333.0,False,MEDIUM,7.0,True,Audi,4090.748,2026-09-26 11:15:08.213,1,18.0,False,,False,True
4311.543,BOR,5,110.055,8.0,1.0,,,39.418,45.259,25.378,4240.945,4286.204,4311.582,189.0,204.0,320.0,332.0,False,MEDIUM,8.0,True,Audi,4201.488,2026-09-26 11:16:58.953,12,18.0,False,,False,True
4421.727,BOR,5,110.184,9.0,1.0,,,39.366,45.696,25.122,4350.948,4396.644,4421.766,190.0,197.0,336.0,339.0,False,MEDIUM,9.0,True,Audi,4311.543,2026-09-26 11:18:49.008,1,18.0,False,,False,True
4531.704,BOR,5,109.977,10.0,1.0,,,39.648,45.323,25.006,4461.414,4506.737,4531.743,186.0,198.0,335.0,338.0,False,MEDIUM,10.0,True,Audi,4421.727,2026-09-26 11:20:39.192,1,18.0,False,,False,True
4641.871,BOR,5,110.167,11.0,1.0,,,39.582,45.341,25.244,4571.325,4616.666,4641.91,187.0,198.0,321.0,331.0,False,MEDIUM,11.0,True,Audi,4531.704,2026-09-26 11:22:29.169,1,18.0,False,,False,True
4751.268,BOR,5,109.397,12.0,1.0,,,39.174,45.378,24.845,4681.084,4726.462,4751.307,189.0,203.0,339.0,341.0,True,MEDIUM,12.0,True,Audi,4641.871,2026-09-26 11:24:19.336,1,18.0,False,,False,True
4862.328,BOR,5,111.06,13.0,1.0,,,40.511,45.39,25.159,4791.818,4837.208,4862.367,189.0,202.0,327.0,331.0,False,MEDIUM,13.0,True,Audi,4751.268,2026-09-26 11:26:08.733,1,18.0,False,,False,True
4972.113,BOR,5,109.785,14.0,1.0,,,39.289,45.18,25.316,4901.656,4946.836,4972.152,190.0,206.0,318.0,333.0,False,MEDIUM,14.0,True,Audi,4862.328,2026-09-26 11:27:59.793,1,18.0,False,,False,True
5081.453,BOR,5,109.34,15.0,1.0,,,39.144,44.99,25.206,5011.296,5056.286,5081.492,191.0,205.0,319.0,332.0,True,MEDIUM,15.0,True,Audi,4972.113,2026-09-26 11:29:49.578,1,18.0,False,,False,True
5190.905,BOR,5,109.452,16.0,1.0,,,39.334,45.087,25.031,5120.826,5165.913,5190.944,195.0,210.0,332.0,333.0,False,MEDIUM,16.0,True,Audi,5081.453,2026-09-26 11:31:38.918,1,18.0,False,,False,True
5300.243,BOR,5,109.338,17.0,1.0,,,39.405,44.83,25.103,5230.349,5275.179,5300.282,193.0,202.0,333.0,321.0,True,MEDIUM,17.0,True,Audi,5190.905,2026-09-26 11:33:28.370,1,18.0,False,,False,True
5409.955,BOR,5,109.712,18.0,1.0,,,39.245,44.75,25.717,5339.527,5384.277,5409.994,196.0,211.0,308.0,323.0,False,MEDIUM,18.0,True,Audi,5300.243,2026-09-26 11:35:17.708,1,17.0,False,,False,True
5519.652,BOR,5,109.697,19.0,1.0,,,39.145,44.86,25.692,5449.139,5493.999,5519.691,195.0,209.0,305.0,320.0,False,MEDIUM,19.0,True,Audi,5409.955,2026-09-26 11:37:07.420,1,17.0,False,,False,True
5628.869,BOR,5,109.217,20.0,1.0,,,38.968,44.557,25.692,5558.659,5603.216,5628.908,200.0,209.0,309.0,326.0,True,MEDIUM,20.0,True,Audi,5519.652,2026-09-26 11:38:57.117,1,17.0,False,,False,True
5737.865,BOR,5,108.996,21.0,1.0,,,38.838,44.548,25.61,5667.746,5712.294,5737.904,199.0,208.0,311.0,327.0,True,MEDIUM,21.0,True,Audi,5628.869,2026-09-26 11:40:46.334,1,17.0,False,,False,True
5846.97,BOR,5,109.105,22.0,1.0,,,38.996,44.479,25.63,5776.9,5821.379,5847.009,193.0,207.0,311.0,326.0,False,MEDIUM,22.0,True,Audi,5737.865,2026-09-26 11:42:35.330,1,17.0,False,,False,True
5956.176,BOR,5,109.206,23.0,1.0,,,38.961,44.655,25.59,5885.97,5930.625,5956.215,198.0,211.0,314.0,327.0,False,MEDIUM,23.0,True,Audi,5846.97,2026-09-26 11:44:24.435,1,17.0,False,,False,True
6065.684,BOR,5,109.508,24.0,1.0,,,39.057,44.929,25.522,5995.272,6040.201,6065.723,192.0,208.0,317.0,327.0,False,MEDIUM,24.0,True,Audi,5956.176,2026-09-26 11:46:13.641,1,17.0,False,,False,True
6174.677,BOR,5,108.993,25.0,1.0,,,39.153,44.434,25.406,6104.876,6149.31,6174.716,192.0,211.0,322.0,329.0,True,MEDIUM,25.0,True,Audi,6065.684,2026-09-26 11:48:03.149,1,17.0,False,,False,True
6284.52,BOR,5,109.843,26.0,1.0,,,39.678,44.616,25.549,6214.394,6259.01,6284.559,194.0,209.0,316.0,317.0,False,MEDIUM,26.0,True,Audi,6174.677,2026-09-26 11:49:52.142,1,17.0,False,,False,True
6393.787,BOR,5,109.267,27.0,1.0,,,39.023,44.285,25.959,6323.582,6367.867,6393.826,196.0,214.0,302.0,316.0,False,MEDIUM,27.0,True,Audi,6284.52,2026-09-26 11:51:41.985,1,16.0,False,,False,True
6502.959,BOR,5,109.172,28.0,1.0,,,38.989,44.258,25.925,6432.815,6477.073,6502.998,200.0,212.0,302.0,321.0,False,MEDIUM,28.0,True,Audi,6393.787,2026-09-26 11:53:31.252,1,16.0,False,,False,True
6611.868,BOR,5,108.909,29.0,1.0,,,38.929,44.207,25.773,6541.927,6586.134,6611.907,198.0,211.0,302.0,320.0,True,MEDIUM,29.0,True,Audi,6502.959,2026-09-26 11:55:20.424,12,16.0,False,,False,True
6748.295,BOR,5,136.427,30.0,1.0,,6747.076,39.082,55.828,41.517,6650.989,6706.817,6748.334,180.0,168.0,,198.0,False,MEDIUM,30.0,True,Audi,6611.868,2026-09-26 11:57:09.333,124,16.0,False,,False,False
6913.477,BOR,5,,31.0,2.0,6767.518,,67.353,59.516,38.299,6815.701,6875.217,6913.577,152.0,145.0,270.0,185.0,False,SOFT,1.0,True,Audi,6748.295,2026-09-26 11:59:25.760,4,16.0,False,,False,False
7044.305,BOR,5,130.828,32.0,2.0,,,48.397,53.974,28.457,6961.913,7015.887,7044.344,123.0,197.0,286.0,279.0,False,SOFT,2.0,True,Audi,6913.477,2026-09-26 12:02:10.942,4,16.0,False,,False,False
7165.97,BOR,5,121.665,33.0,2.0,,,43.197,48.804,29.664,7087.541,7136.345,7166.009,116.0,206.0,238.0,291.0,False,SOFT,3.0,True,Audi,7044.305,2026-09-26 12:04:21.770,4,16.0,False,,False,False
7328.686,BOR,5,,34.0,2.0,,,62.09,62.905,37.703,7228.168,7291.173,7328.868,139.0,155.0,253.0,209.0,False,SOFT,4.0,True,Audi,7165.97,2026-09-26 12:06:23.435,4,16.0,False,,False,False
7471.466,BOR,5,142.78,35.0,2.0,,,53.418,58.652,30.71,7382.143,7440.795,7471.505,174.0,164.0,301.0,293.0,False,SOFT,5.0,True,Audi,7328.686,2026-09-26 12:09:06.151,41,16.0,False,,False,False
7617.839,BOR,5,146.373,36.0,2.0,,7616.53,44.963,58.063,43.347,7516.468,7574.531,7617.878,167.0,141.0,,197.0,False,SOFT,6.0,True,Audi,7471.466,2026-09-26 12:11:28.931,124,13.0,False,,False,False
7778.407,BOR,5,,37.0,3.0,7631.839,,60.851,61.26,38.501,7678.815,7739.989,7778.554,135.0,157.0,215.0,188.0,False,SOFT,7.0,False,Audi,7617.839,2026-09-26 12:13:55.304,4,13.0,False,,False,False
7927.416,BOR,5,149.009,38.0,3.0,,,55.873,61.652,31.484,7834.319,7895.971,7927.455,172.0,103.0,329.0,307.0,False,SOFT,8.0,False,Audi,7778.407,2026-09-26 12:16:35.872,41,13.0,False,,False,False
8040.613,BOR,5,113.197,39.0,3.0,,,42.074,45.672,25.451,7969.529,8015.201,8040.652,191.0,205.0,316.0,316.0,False,SOFT,9.0,False,Audi,7927.416,2026-09-26 12:19:04.881,1,15.0,False,,False,True
8149.712,BOR,5,109.099,40.0,3.0,,,39.447,44.501,25.151,8080.099,8124.6,8149.751,192.0,199.0,321.0,328.0,False,SOFT,10.0,False,Audi,8040.613,2026-09-26 12:20:58.078,12,14.0,False,,False,True
8257.712,BOR,5,108.0,41.0,3.0,,,38.306,44.178,25.516,8188.057,8232.235,8257.751,198.0,215.0,318.0,330.0,False,SOFT,11.0,False,Audi,8149.712,2026-09-26 12:22:47.177,1,14.0,True,TRACK LIMITS AT TURN 16 LAP 41 ,False,True
8364.637,BOR,5,106.925,42.0,3.0,,,38.333,43.763,24.829,8296.084,8339.847,8364.676,195.0,210.0,325.0,326.0,True,SOFT,12.0,False,Audi,8257.712,2026-09-26 12:24:35.177,1,14.0,False,,False,True
8471.529,BOR,5,106.892,43.0,3.0,,,38.317,44.089,24.486,8402.993,8447.082,8471.568,198.0,213.0,337.0,335.0,True,SOFT,13.0,False,Audi,8364.637,2026-09-26 12:26:22.102,1,14.0,False,,False,True
8579.374,BOR,5,107.845,44.0,3.0,,,39.014,44.192,24.639,8510.582,8554.774,8579.413,193.0,212.0,317.0,338.0,False,SOFT,14.0,False,Audi,8471.529,2026-09-26 12:28:08.994,1,13.0,False,,False,True
8686.146,BOR,5,106.772,45.0,3.0,,,38.221,43.378,25.173,8617.634,8661.012,8686.185,203.0,209.0,316.0,330.0,True,SOFT,15.0,False,Audi,8579.374,2026-09-26 12:29:56.839,1,13.0,False,,False,True
8792.482,BOR,5,106.336,46.0,3.0,,,38.054,43.53,24.752,8724.239,8767.769,8792.521,202.0,212.0,322.0,330.0,True,SOFT,16.0,False,Audi,8686.146,2026-09-26 12:31:43.611,1,13.0,False,,False,True
8899.456,BOR,5,106.974,47.0,3.0,,,37.988,44.226,24.76,8830.509,8874.735,8899.495,197.0,209.0,325.0,330.0,False,SOFT,17.0,False,Audi,8792.482,2026-09-26 12:33:29.947,1,13.0,False,,False,True
9007.22,BOR,5,107.764,48.0,3.0,,,38.238,44.456,25.07,8937.733,8982.189,9007.259,183.0,211.0,323.0,339.0,False,SOFT,18.0,False,Audi,8899.456,2026-09-26 12:35:16.921,1,13.0,False,,False,True
9114.459,BOR,5,107.239,49.0,3.0,,,38.244,44.262,24.733,9045.503,9089.765,9114.498,189.0,213.0,325.0,332.0,False,SOFT,19.0,False,Audi,9007.22,2026-09-26 12:37:04.685,1,13.0,False,,False,True
9222.26,BOR,5,107.801,50.0,3.0,,,38.305,44.576,24.92,9152.803,9197.379,9222.299,182.0,205.0,322.0,326.0,False,SOFT,20.0,False,Audi,9114.459,2026-09-26 12:38:51.924,12,13.0,False,,False,True
9329.865,BOR,5,107.605,51.0,3.0,,,38.352,44.592,24.661,9260.651,9305.243,9329.904,189.0,190.0,330.0,334.0,False,SOFT,21.0,False,Audi,9222.26,2026-09-26 12:40:39.725,12,13.0,True,TRACK LIMITS AT TURN 15 LAP 51 ,False,True
3536.272,SAI,55,122.768,1.0,1.0,,,,48.751,25.027,,3511.362,3536.401,150.0,185.0,340.0,343.0,False,MEDIUM,1.0,True,Williams,3413.247,2026-09-26 11:03:50.712,1,15.0,False,,False,False
3647.654,SAI,55,111.382,2.0,1.0,,,40.694,45.869,24.819,3576.983,3622.852,3647.671,175.0,188.0,337.0,344.0,True,MEDIUM,2.0,True,Williams,3536.272,2026-09-26 11:05:53.737,1,15.0,False,,False,True
3758.454,SAI,55,110.8,3.0,1.0,,,39.724,45.7,25.376,3687.395,3733.095,3758.471,176.0,189.0,334.0,326.0,True,MEDIUM,3.0,True,Williams,3647.654,2026-09-26 11:07:45.119,1,15.0,False,,False,True
3868.752,SAI,55,110.298,4.0,1.0,,,39.488,45.62,25.19,3797.959,3843.579,3868.769,176.0,194.0,329.0,335.0,True,MEDIUM,4.0,True,Williams,3758.454,2026-09-26 11:09:35.919,1,15.0,False,,False,True
3979.811,SAI,55,111.059,5.0,1.0,,,40.385,45.259,25.415,3909.154,3954.413,3979.828,176.0,193.0,324.0,331.0,False,MEDIUM,5.0,True,Williams,3868.752,2026-09-26 11:11:26.217,1,16.0,False,,False,True
4090.0,SAI,55,110.189,6.0,1.0,,,39.5,45.364,25.325,4019.328,4064.692,4090.017,183.0,191.0,325.0,329.0,True,MEDIUM,6.0,True,Williams,3979.811,2026-09-26 11:13:17.276,1,16.0,False,,False,True
4200.414,SAI,55,110.414,7.0,1.0,,,39.775,45.358,25.281,4129.792,4175.15,4200.431,192.0,194.0,325.0,334.0,False,MEDIUM,7.0,True,Williams,4090.0,2026-09-26 11:15:07.465,1,16.0,False,,False,True
4310.339,SAI,55,109.925,8.0,1.0,,,39.251,45.366,25.308,4239.682,4285.048,4310.356,186.0,191.0,324.0,333.0,True,MEDIUM,8.0,True,Williams,4200.414,2026-09-26 11:16:57.879,12,16.0,False,,False,True
4421.521,SAI,55,111.182,9.0,1.0,,,40.069,45.656,25.457,4350.425,4396.081,4421.538,187.0,184.0,325.0,333.0,False,MEDIUM,9.0,True,Williams,4310.339,2026-09-26 11:18:47.804,1,17.0,False,,False,True
4531.456,SAI,55,109.935,10.0,1.0,,,39.334,45.384,25.217,4460.872,4506.256,4531.473,192.0,192.0,327.0,333.0,False,MEDIUM,10.0,True,Williams,4421.521,2026-09-26 11:20:38.986,1,17.0,False,,False,True
4641.285,SAI,55,109.829,11.0,1.0,,,39.391,45.158,25.28,4570.864,4616.022,4641.302,177.0,194.0,323.0,330.0,True,MEDIUM,11.0,True,Williams,4531.456,2026-09-26 11:22:28.921,1,17.0,False,,False,True
4751.129,SAI,55,109.844,12.0,1.0,,,39.259,45.377,25.208,4680.561,4725.938,4751.146,189.0,191.0,326.0,334.0,False,MEDIUM,12.0,True,Williams,4641.285,2026-09-26 11:24:18.750,1,17.0,False,,False,True
4861.966,SAI,55,110.837,13.0,1.0,,,40.222,45.167,25.448,4791.368,4836.535,4861.983,186.0,192.0,320.0,329.0,False,MEDIUM,13.0,True,Williams,4751.129,2026-09-26 11:26:08.594,1,17.0,False,,False,True
4971.285,SAI,55,109.319,14.0,1.0,,,39.038,44.918,25.363,4901.021,4945.939,4971.302,188.0,198.0,320.0,332.0,True,MEDIUM,14.0,True,Williams,4861.966,2026-09-26 11:27:59.431,1,17.0,False,,False,True
5080.632,SAI,55,109.347,15.0,1.0,,,39.162,44.983,25.202,5010.464,5055.447,5080.649,189.0,197.0,320.0,333.0,False,MEDIUM,15.0,True,Williams,4971.285,2026-09-26 11:29:48.750,1,17.0,False,,False,True
5190.661,SAI,55,110.029,16.0,1.0,,,39.64,45.069,25.32,5120.289,5165.358,5190.678,194.0,201.0,321.0,330.0,False,MEDIUM,16.0,True,Williams,5080.632,2026-09-26 11:31:38.097,1,17.0,False,,False,True
5300.218,SAI,55,109.557,17.0,1.0,,,39.107,45.059,25.391,5229.785,5274.844,5300.235,190.0,191.0,322.0,325.0,False,MEDIUM,17.0,True,Williams,5190.661,2026-09-26 11:33:28.126,1,17.0,False,,False,True
5411.314,SAI,55,111.096,18.0,1.0,,,40.077,45.431,25.588,5340.312,5385.743,5411.331,185.0,192.0,323.0,328.0,False,MEDIUM,18.0,True,Williams,5300.218,2026-09-26 11:35:17.683,1,18.0,False,,False,True
5521.269,SAI,55,109.955,19.0,1.0,,,39.327,45.195,25.433,5450.658,5495.853,5521.286,189.0,192.0,320.0,330.0,False,MEDIUM,19.0,True,Williams,5411.314,2026-09-26 11:37:08.779,1,18.0,False,,False,True
5634.724,SAI,55,113.455,20.0,1.0,,5633.4,39.612,45.108,28.735,5560.898,5606.006,5634.741,185.0,194.0,,330.0,False,MEDIUM,20.0,True,Williams,5521.269,2026-09-26 11:38:58.734,1,19.0,False,,False,False
5762.451,SAI,55,127.727,21.0,2.0,5654.188,,57.001,45.077,25.649,5691.742,5736.819,5762.468,181.0,194.0,313.0,320.0,False,SOFT,5.0,False,Williams,5634.724,2026-09-26 11:40:52.189,1,19.0,False,,False,False
5871.374,SAI,55,108.923,22.0,2.0,,,39.088,44.3,25.535,5801.556,5845.856,5871.391,194.0,197.0,313.0,327.0,True,SOFT,6.0,False,Williams,5762.451,2026-09-26 11:42:59.916,1,19.0,False,,False,True
5980.3,SAI,55,108.926,23.0,2.0,,,39.044,44.345,25.537,5910.435,5954.78,5980.317,194.0,195.0,311.0,327.0,False,SOFT,7.0,False,Williams,5871.374,2026-09-26 11:44:48.839,1,19.0,False,,False,True
6089.154,SAI,55,108.854,24.0,2.0,,,38.989,44.292,25.573,6019.306,6063.598,6089.171,192.0,200.0,315.0,323.0,True,SOFT,8.0,False,Williams,5980.3,2026-09-26 11:46:37.765,1,19.0,False,,False,True
6197.765,SAI,55,108.611,25.0,2.0,,,38.785,44.209,25.617,6127.956,6172.165,6197.782,197.0,201.0,312.0,326.0,True,SOFT,9.0,False,Williams,6089.154,2026-09-26 11:48:26.619,1,19.0,False,,False,True
6306.492,SAI,55,108.727,26.0,2.0,,,38.868,44.416,25.443,6236.65,6281.066,6306.509,193.0,201.0,313.0,328.0,False,SOFT,10.0,False,Williams,6197.765,2026-09-26 11:50:15.230,1,19.0,False,,False,True
6415.147,SAI,55,108.655,27.0,2.0,,,38.886,44.234,25.535,6345.395,6389.629,6415.164,194.0,203.0,312.0,326.0,False,SOFT,11.0,False,Williams,6306.492,2026-09-26 11:52:03.957,1,19.0,False,,False,True
6523.844,SAI,55,108.697,28.0,2.0,,,38.749,44.431,25.517,6453.913,6498.344,6523.861,198.0,201.0,314.0,327.0,False,SOFT,12.0,False,Williams,6415.147,2026-09-26 11:53:52.612,1,19.0,False,,False,True
6632.547,SAI,55,108.703,29.0,2.0,,,38.856,44.465,25.382,6562.717,6607.182,6632.564,194.0,202.0,315.0,329.0,False,SOFT,13.0,False,Williams,6523.844,2026-09-26 11:55:41.309,12,19.0,False,,False,True
6776.136,SAI,55,143.589,30.0,2.0,,6774.913,40.105,63.64,39.844,6672.669,6736.309,6776.153,125.0,145.0,,144.0,False,SOFT,14.0,False,Williams,6632.547,2026-09-26 11:57:30.012,124,18.0,False,,False,False
6943.704,SAI,55,,31.0,3.0,6796.347,,68.605,62.78,36.124,6844.914,6907.709,6943.753,115.0,113.0,275.0,188.0,False,SOFT,5.0,False,Williams,6776.136,2026-09-26 11:59:53.601,4,18.0,False,,False,False
7077.596,SAI,55,133.892,32.0,3.0,,,45.52,58.884,29.488,6989.241,7048.125,7077.613,125.0,167.0,283.0,252.0,False,SOFT,6.0,False,Williams,6943.704,2026-09-26 12:02:41.169,4,18.0,False,,False,False
7196.686,SAI,55,119.09,33.0,3.0,,,42.942,50.042,26.106,7120.555,7170.597,7196.703,101.0,187.0,305.0,320.0,False,SOFT,7.0,False,Williams,7077.596,2026-09-26 12:04:55.061,4,18.0,False,,False,False
7331.711,SAI,55,135.025,34.0,3.0,,,40.03,56.991,38.004,7236.733,7293.724,7331.728,172.0,128.0,250.0,180.0,False,SOFT,8.0,False,Williams,7196.686,2026-09-26 12:06:54.151,4,18.0,False,,False,False
7471.753,SAI,55,140.042,35.0,3.0,,,53.111,57.966,28.965,7384.839,7442.805,7471.77,163.0,157.0,314.0,315.0,False,SOFT,9.0,False,Williams,7331.711,2026-09-26 12:09:09.176,41,18.0,False,,False,False
7616.318,SAI,55,144.565,36.0,3.0,,7615.044,42.888,59.224,42.453,7514.658,7573.882,7616.335,152.0,141.0,,198.0,False,SOFT,10.0,False,Williams,7471.753,2026-09-26 12:11:29.218,124,12.0,False,,False,False
7777.997,SAI,55,,37.0,4.0,7630.933,,61.099,61.362,39.251,7677.545,7738.933,7778.073,97.0,142.0,211.0,201.0,False,SOFT,11.0,False,Williams,7616.318,2026-09-26 12:13:53.783,4,12.0,False,,False,False
7927.157,SAI,55,149.16,38.0,4.0,,,54.985,62.62,31.555,7832.999,7895.619,7927.174,163.0,100.0,344.0,297.0,False,SOFT,12.0,False,Williams,7777.997,2026-09-26 12:16:35.462,41,12.0,False,,False,False
8037.928,SAI,55,110.771,39.0,4.0,,,40.868,45.16,24.743,7968.042,8013.202,8037.945,181.0,189.0,344.0,340.0,False,SOFT,13.0,False,Williams,7927.157,2026-09-26 12:19:04.622,1,12.0,False,,False,True
8147.156,SAI,55,109.228,40.0,4.0,,,39.663,44.633,24.932,8077.608,8122.241,8147.173,186.0,196.0,335.0,335.0,False,SOFT,14.0,False,Williams,8037.928,2026-09-26 12:20:55.393,12,11.0,False,,False,True
8254.875,SAI,55,107.719,41.0,4.0,,,38.524,44.34,24.855,8185.697,8230.037,8254.892,191.0,202.0,329.0,337.0,True,SOFT,15.0,False,Williams,8147.156,2026-09-26 12:22:44.621,1,11.0,False,,False,True
8362.213,SAI,55,107.338,42.0,4.0,,,38.489,44.094,24.755,8293.381,8337.475,8362.23,192.0,203.0,332.0,338.0,True,SOFT,16.0,False,Williams,8254.875,2026-09-26 12:24:32.340,1,11.0,False,,False,True
8469.405,SAI,55,107.192,43.0,4.0,,,38.379,44.082,24.731,8400.609,8444.691,8469.422,199.0,205.0,332.0,339.0,True,SOFT,17.0,False,Williams,8362.213,2026-09-26 12:26:19.678,1,11.0,False,,False,True
8576.766,SAI,55,107.361,44.0,4.0,,,38.401,44.123,24.837,8507.823,8551.946,8576.783,195.0,204.0,329.0,336.0,False,SOFT,18.0,False,Williams,8469.405,2026-09-26 12:28:06.870,1,11.0,False,,False,True
8683.941,SAI,55,107.175,45.0,4.0,,,38.292,44.067,24.816,8615.075,8659.142,8683.958,195.0,198.0,329.0,337.0,True,SOFT,19.0,False,Williams,8576.766,2026-09-26 12:29:54.231,1,11.0,False,,False,True
8791.019,SAI,55,107.078,46.0,4.0,,,38.178,44.131,24.769,8722.136,8766.267,8791.036,199.0,202.0,329.0,337.0,True,SOFT,20.0,False,Williams,8683.941,2026-09-26 12:31:41.406,1,11.0,False,,False,True
8898.408,SAI,55,107.389,47.0,4.0,,,38.379,44.236,24.774,8829.415,8873.651,8898.425,196.0,201.0,329.0,338.0,False,SOFT,21.0,False,Williams,8791.019,2026-09-26 12:33:28.484,1,11.0,False,,False,True
9005.748,SAI,55,107.34,48.0,4.0,,,38.396,44.42,24.524,8936.821,8981.241,9005.765,195.0,204.0,343.0,347.0,False,SOFT,22.0,False,Williams,8898.408,2026-09-26 12:35:15.873,1,11.0,False,,False,True
9112.485,SAI,55,106.737,49.0,4.0,,,38.31,43.869,24.558,9044.075,9087.944,9112.502,200.0,204.0,335.0,344.0,True,SOFT,23.0,False,Williams,9005.748,2026-09-26 12:37:03.213,1,10.0,False,,False,True
9219.72,SAI,55,107.235,50.0,4.0,,,38.531,44.201,24.503,9151.033,9195.234,9219.737,193.0,200.0,336.0,345.0,False,SOFT,24.0,False,Williams,9112.485,2026-09-26 12:38:49.950,12,10.0,False,,False,True
9328.089,SAI,55,108.369,51.0,4.0,,,38.699,44.899,24.771,9258.436,9303.335,9328.106,191.0,186.0,333.0,343.0,False,SOFT,25.0,False,Williams,9219.72,2026-09-26 12:40:37.185,12,10.0,True,TRACK LIMITS AT TURN 15 LAP 51 ,False,True
3528.104,HAD,6,114.6,1.0,1.0,,,,45.404,24.907,,3503.284,3528.3,182.0,193.0,339.0,341.0,False,SOFT,1.0,True,Red Bull Racing,3413.247,2026-09-26 11:03:50.712,1,5.0,False,,False,False
3638.08,HAD,6,109.976,2.0,1.0,,,39.999,45.047,24.93,3568.135,3613.182,3638.112,186.0,198.0,329.0,342.0,True,SOFT,2.0,True,Red Bull Racing,3528.104,2026-09-26 11:05:45.569,1,4.0,False,,False,True
3746.913,HAD,6,108.833,3.0,1.0,,,39.269,44.692,24.872,3677.381,3722.073,3746.945,193.0,209.0,338.0,340.0,True,SOFT,3.0,True,Red Bull Racing,3638.08,2026-09-26 11:07:35.545,1,4.0,False,,False,True
3856.235,HAD,6,109.322,4.0,1.0,,,39.631,44.324,25.367,3786.576,3830.9,3856.267,189.0,205.0,316.0,327.0,False,SOFT,4.0,True,Red Bull Racing,3746.913,2026-09-26 11:09:24.378,1,3.0,False,,False,True
3964.682,HAD,6,108.447,5.0,1.0,,,38.722,44.244,25.481,3894.989,3939.233,3964.714,196.0,204.0,317.0,322.0,True,SOFT,5.0,True,Red Bull Racing,3856.235,2026-09-26 11:11:13.700,1,3.0,False,,False,True
4072.676,HAD,6,107.994,6.0,1.0,,,38.518,44.164,25.312,4003.232,4047.396,4072.708,197.0,215.0,318.0,326.0,True,SOFT,6.0,True,Red Bull Racing,3964.682,2026-09-26 11:13:02.147,1,3.0,False,,False,True
4181.709,HAD,6,109.033,7.0,1.0,,,39.116,44.73,25.187,4111.824,4156.554,4181.741,194.0,208.0,322.0,332.0,False,SOFT,7.0,True,Red Bull Racing,4072.676,2026-09-26 11:14:50.141,1,4.0,False,,False,True
4289.644,HAD,6,107.935,8.0,1.0,,,38.39,44.412,25.133,4220.131,4264.543,4289.676,198.0,209.0,324.0,333.0,True,SOFT,8.0,True,Red Bull Racing,4181.709,2026-09-26 11:16:39.174,1,4.0,False,,False,True
4397.892,HAD,6,108.248,9.0,1.0,,,38.504,44.716,25.028,4328.18,4372.896,4397.924,194.0,202.0,331.0,338.0,False,SOFT,9.0,True,Red Bull Racing,4289.644,2026-09-26 11:18:27.109,12,4.0,False,,False,True
4506.535,HAD,6,108.643,10.0,1.0,,,38.85,44.679,25.114,4436.774,4481.453,4506.567,189.0,204.0,323.0,332.0,False,SOFT,10.0,True,Red Bull Racing,4397.892,2026-09-26 11:20:15.357,1,4.0,False,,False,True
4614.901,HAD,6,108.366,11.0,1.0,,,38.568,44.746,25.052,4545.135,4589.881,4614.933,188.0,204.0,324.0,334.0,False,SOFT,11.0,True,Red Bull Racing,4506.535,2026-09-26 11:22:04.000,1,4.0,False,,False,True
4723.044,HAD,6,108.143,12.0,1.0,,,38.53,44.671,24.942,4653.463,4698.134,4723.076,193.0,209.0,327.0,336.0,False,SOFT,12.0,True,Red Bull Racing,4614.901,2026-09-26 11:23:52.366,1,4.0,False,,False,True
4831.174,HAD,6,108.13,13.0,1.0,,,38.567,44.524,25.039,4761.643,4806.167,4831.206,185.0,206.0,326.0,334.0,False,SOFT,13.0,True,Red Bull Racing,4723.044,2026-09-26 11:25:40.509,1,4.0,False,,False,True
4939.185,HAD,6,108.011,14.0,1.0,,,38.484,44.467,25.06,4869.69,4914.157,4939.217,194.0,200.0,324.0,335.0,False,SOFT,14.0,True,Red Bull Racing,4831.174,2026-09-26 11:27:28.639,1,4.0,False,,False,True
5047.365,HAD,6,108.18,15.0,1.0,,,38.592,44.609,24.979,4977.809,5022.418,5047.397,196.0,206.0,324.0,336.0,False,SOFT,15.0,True,Red Bull Racing,4939.185,2026-09-26 11:29:16.650,1,4.0,False,,False,True
5155.248,HAD,6,107.883,16.0,1.0,,,38.513,44.394,24.976,5085.91,5130.304,5155.28,199.0,210.0,325.0,334.0,True,SOFT,16.0,True,Red Bull Racing,5047.365,2026-09-26 11:31:04.830,1,4.0,False,,False,True
5263.157,HAD,6,107.909,17.0,1.0,,,38.455,44.406,25.048,5193.735,5238.141,5263.189,195.0,206.0,323.0,333.0,False,SOFT,17.0,True,Red Bull Racing,5155.248,2026-09-26 11:32:52.713,1,4.0,False,,False,True
5371.178,HAD,6,108.021,18.0,1.0,,,38.517,44.448,25.056,5301.706,5346.154,5371.21,197.0,208.0,322.0,332.0,False,SOFT,18.0,True,Red Bull Racing,5263.157,2026-09-26 11:34:40.622,1,4.0,False,,False,True
5478.776,HAD,6,107.598,19.0,1.0,,,38.413,44.413,24.772,5409.623,5454.036,5478.808,199.0,209.0,334.0,338.0,True,SOFT,19.0,True,Red Bull Racing,5371.178,2026-09-26 11:36:28.643,1,4.0,False,,False,True
5587.097,HAD,6,108.321,20.0,1.0,,,38.955,44.413,24.953,5517.763,5562.176,5587.129,199.0,206.0,325.0,337.0,False,SOFT,20.0,True,Red Bull Racing,5478.776,2026-09-26 11:38:16.241,1,4.0,False,,False,True
5694.644,HAD,6,107.547,21.0,1.0,,,38.336,44.382,24.829,5625.465,5669.847,5694.676,199.0,207.0,329.0,338.0,True,SOFT,21.0,True,Red Bull Racing,5587.097,2026-09-26 11:40:04.562,1,4.0,False,,False,True
5802.45,HAD,6,107.806,22.0,1.0,,,38.437,44.431,24.938,5733.113,5777.544,5802.482,199.0,209.0,325.0,336.0,False,SOFT,22.0,True,Red Bull Racing,5694.644,2026-09-26 11:41:52.109,1,4.0,False,,False,True
5909.894,HAD,6,107.444,23.0,1.0,,,38.385,44.137,24.922,5840.867,5885.004,5909.926,198.0,211.0,327.0,337.0,True,SOFT,23.0,True,Red Bull Racing,5802.45,2026-09-26 11:43:39.915,1,4.0,False,,False,True
6017.143,HAD,6,107.249,24.0,1.0,,,38.249,44.093,24.907,5948.175,5992.268,6017.175,203.0,209.0,329.0,339.0,True,SOFT,24.0,True,Red Bull Racing,5909.894,2026-09-26 11:45:27.359,1,4.0,False,,False,True
6124.625,HAD,6,107.482,25.0,1.0,,,38.289,44.299,24.894,6055.464,6099.763,6124.657,207.0,209.0,326.0,338.0,False,SOFT,25.0,True,Red Bull Racing,6017.143,2026-09-26 11:47:14.608,1,4.0,False,,False,True
6231.797,HAD,6,107.172,26.0,1.0,,,38.247,44.206,24.719,6162.904,6207.11,6231.829,197.0,210.0,336.0,342.0,True,SOFT,26.0,True,Red Bull Racing,6124.625,2026-09-26 11:49:02.090,1,4.0,False,,False,True
6339.789,HAD,6,107.992,27.0,1.0,,,38.672,44.494,24.826,6270.501,6314.995,6339.821,199.0,208.0,327.0,339.0,False,SOFT,27.0,True,Red Bull Racing,6231.797,2026-09-26 11:50:49.262,1,4.0,False,,False,True
6447.038,HAD,6,107.249,28.0,1.0,,,38.191,44.128,24.93,6378.012,6422.14,6447.07,201.0,208.0,328.0,338.0,False,SOFT,28.0,True,Red Bull Racing,6339.789,2026-09-26 11:52:37.254,1,4.0,False,,False,True
6554.375,HAD,6,107.337,29.0,1.0,,,38.233,44.246,24.858,6485.303,6529.549,6554.407,203.0,207.0,329.0,338.0,False,SOFT,29.0,True,Red Bull Racing,6447.038,2026-09-26 11:54:24.503,1,4.0,False,,False,True
6661.749,HAD,6,107.374,30.0,1.0,,,38.267,44.209,24.898,6592.674,6636.883,6661.781,200.0,207.0,327.0,338.0,False,SOFT,30.0,True,Red Bull Racing,6554.375,2026-09-26 11:56:11.840,12,4.0,False,,False,True
6819.304,HAD,6,,31.0,1.0,,6817.791,52.051,60.43,45.013,6713.893,6774.372,6819.445,112.0,144.0,,146.0,False,SOFT,31.0,True,Red Bull Racing,6661.749,2026-09-26 11:57:59.214,24,4.0,False,,False,False
6982.043,HAD,6,,32.0,2.0,6839.776,,64.113,59.23,39.332,6883.549,6942.78,6982.075,120.0,168.0,242.0,190.0,False,MEDIUM,1.0,True,Red Bull Racing,6819.304,2026-09-26 12:00:36.769,4,4.0,False,,False,False
7147.486,HAD,6,,33.0,2.0,,,60.706,67.638,37.198,7042.682,7110.438,7147.653,73.0,176.0,200.0,190.0,False,MEDIUM,2.0,True,Red Bull Racing,6982.043,2026-09-26 12:03:19.508,4,4.0,False,,False,False
7313.363,HAD,6,,34.0,2.0,,,65.416,61.696,38.711,7213.057,7274.684,7313.531,123.0,173.0,246.0,225.0,False,MEDIUM,3.0,True,Red Bull Racing,7147.486,2026-09-26 12:06:04.951,4,4.0,False,,False,False
7469.293,HAD,6,,35.0,2.0,,,52.814,62.689,40.461,7366.241,7428.915,7469.443,141.0,147.0,293.0,193.0,False,MEDIUM,4.0,True,Red Bull Racing,7313.363,2026-09-26 12:08:50.828,41,4.0,False,,False,False
7605.556,HAD,6,136.263,36.0,2.0,,7604.298,39.453,53.521,43.289,7508.778,7562.299,7605.588,184.0,121.0,,215.0,False,MEDIUM,5.0,True,Red Bull Racing,7469.293,2026-09-26 12:11:26.758,124,4.0,False,,False,False
7766.569,HAD,6,,37.0,3.0,7619.457,,58.844,62.113,40.046,7664.442,7726.586,7766.699,130.0,185.0,257.0,151.0,False,MEDIUM,6.0,False,Red Bull Racing,7605.556,2026-09-26 12:13:43.021,4,4.0,False,,False,False
7924.488,HAD,6,,38.0,3.0,,,57.337,62.951,37.67,7823.967,7886.85,7925.001,123.0,105.0,338.0,203.0,False,MEDIUM,7.0,False,Red Bull Racing,7766.569,2026-09-26 12:16:24.034,41,4.0,False,,False,False
8032.741,HAD,6,108.253,39.0,3.0,,,39.364,44.017,24.872,7963.884,8007.901,8032.773,192.0,209.0,333.0,335.0,False,MEDIUM,8.0,False,Red Bull Racing,7924.488,2026-09-26 12:19:01.953,1,4.0,False,,False,True
8139.369,HAD,6,106.628,40.0,3.0,,,38.347,43.193,25.088,8071.12,8114.313,8139.401,204.0,219.0,314.0,329.0,True,MEDIUM,9.0,False,Red Bull Racing,8032.741,2026-09-26 12:20:50.206,12,3.0,False,,False,True
8245.62,HAD,6,106.251,41.0,3.0,,,37.718,43.444,25.089,8177.119,8220.563,8245.652,205.0,218.0,313.0,328.0,True,MEDIUM,10.0,False,Red Bull Racing,8139.369,2026-09-26 12:22:36.834,1,3.0,False,,False,True
8351.775,HAD,6,106.155,42.0,3.0,,,37.846,43.246,25.063,8283.498,8326.744,8351.807,204.0,213.0,313.0,327.0,True,MEDIUM,11.0,False,Red Bull Racing,8245.62,2026-09-26 12:24:23.085,1,3.0,False,,False,True
8457.942,HAD,6,106.167,43.0,3.0,,,37.718,43.36,25.089,8389.525,8432.885,8457.974,204.0,216.0,312.0,327.0,False,MEDIUM,12.0,False,Red Bull Racing,8351.775,2026-09-26 12:26:09.240,1,3.0,False,,False,True
8563.788,HAD,6,105.846,44.0,3.0,,,37.534,43.254,25.058,8495.508,8538.762,8563.82,209.0,218.0,310.0,326.0,True,MEDIUM,13.0,False,Red Bull Racing,8457.942,2026-09-26 12:27:55.407,1,3.0,False,,False,True
8669.521,HAD,6,105.733,45.0,3.0,,,37.478,43.085,25.17,8601.298,8644.383,8669.553,207.0,214.0,309.0,326.0,True,MEDIUM,14.0,False,Red Bull Racing,8563.788,2026-09-26 12:29:41.253,1,3.0,False,,False,True
8775.377,HAD,6,105.856,46.0,3.0,,,37.517,43.11,25.229,8707.07,8750.18,8775.409,210.0,214.0,309.0,325.0,False,MEDIUM,15.0,False,Red Bull Racing,8669.521,2026-09-26 12:31:26.986,1,3.0,False,,False,True
8881.221,HAD,6,105.844,47.0,3.0,,,37.512,43.204,25.128,8812.921,8856.125,8881.253,207.0,220.0,308.0,325.0,False,MEDIUM,16.0,False,Red Bull Racing,8775.377,2026-09-26 12:33:12.842,1,3.0,False,,False,True
8987.013,HAD,6,105.792,48.0,3.0,,,37.544,43.119,25.129,8918.797,8961.916,8987.045,206.0,219.0,309.0,326.0,False,MEDIUM,17.0,False,Red Bull Racing,8881.221,2026-09-26 12:34:58.686,1,3.0,False,,False,True
9092.631,HAD,6,105.618,49.0,3.0,,,37.426,43.145,25.047,9024.471,9067.616,9092.663,207.0,219.0,309.0,326.0,True,MEDIUM,18.0,False,Red Bull Racing,8987.013,2026-09-26 12:36:44.478,1,3.0,False,,False,True
9198.563,HAD,6,105.932,50.0,3.0,,,37.485,43.338,25.109,9130.148,9173.486,9198.595,212.0,211.0,309.0,326.0,False,MEDIUM,19.0,False,Red Bull Racing,9092.631,2026-09-26 12:38:30.096,12,3.0,False,,False,True
9306.368,HAD,6,107.805,51.0,3.0,,,37.534,44.792,25.479,9236.129,9280.921,9306.4,205.0,207.0,285.0,325.0,False,MEDIUM,20.0,False,Red Bull Racing,9198.563,2026-09-26 12:40:16.028,12,3.0,False,,False,True
3525.408,RUS,63,111.904,1.0,1.0,,,,44.47,25.661,,3499.772,3525.51,187.0,201.0,308.0,322.0,False,MEDIUM,3.0,False,Mercedes,3413.247,2026-09-26 11:03:50.712,1,1.0,False,,False,False
3634.943,RUS,63,109.535,2.0,1.0,,,39.418,44.492,25.625,3564.85,3609.342,3634.967,188.0,208.0,309.0,322.0,True,MEDIUM,4.0,False,Mercedes,3525.408,2026-09-26 11:05:42.873,1,1.0,False,,False,True
3743.801,RUS,63,108.858,3.0,1.0,,,38.852,44.227,25.779,3673.819,3718.046,3743.825,192.0,206.0,309.0,322.0,True,MEDIUM,5.0,False,Mercedes,3634.943,2026-09-26 11:07:32.408,1,1.0,False,,False,True
3852.42,RUS,63,108.619,4.0,1.0,,,38.904,44.135,25.58,3782.729,3826.864,3852.444,191.0,203.0,309.0,321.0,True,MEDIUM,6.0,False,Mercedes,3743.801,2026-09-26 11:09:21.266,1,1.0,False,,False,True
3960.589,RUS,63,108.169,5.0,1.0,,,38.55,44.074,25.545,3890.994,3935.068,3960.613,199.0,202.0,310.0,322.0,True,MEDIUM,7.0,False,Mercedes,3852.42,2026-09-26 11:11:09.885,1,1.0,False,,False,True
4068.521,RUS,63,107.932,6.0,1.0,,,38.614,43.892,25.426,3999.227,4043.119,4068.545,196.0,204.0,311.0,326.0,True,MEDIUM,8.0,False,Mercedes,3960.589,2026-09-26 11:12:58.054,1,1.0,False,,False,True
4176.333,RUS,63,107.812,7.0,1.0,,,38.434,43.907,25.471,4106.979,4150.886,4176.357,196.0,207.0,311.0,324.0,True,MEDIUM,9.0,False,Mercedes,4068.521,2026-09-26 11:14:45.986,1,1.0,False,,False,True
4284.02,RUS,63,107.687,8.0,1.0,,,38.33,43.835,25.522,4214.687,4258.522,4284.044,197.0,202.0,310.0,323.0,True,MEDIUM,10.0,False,Mercedes,4176.333,2026-09-26 11:16:33.798,1,1.0,False,,False,True
4392.036,RUS,63,108.016,9.0,1.0,,,38.235,44.178,25.603,4322.279,4366.457,4392.06,197.0,199.0,311.0,323.0,False,MEDIUM,11.0,False,Mercedes,4284.02,2026-09-26 11:18:21.485,12,1.0,False,,False,True
4499.927,RUS,63,107.891,10.0,1.0,,,38.468,43.927,25.496,4430.528,4474.455,4499.951,192.0,205.0,310.0,322.0,False,MEDIUM,12.0,False,Mercedes,4392.036,2026-09-26 11:20:09.501,1,1.0,False,,False,True
4607.796,RUS,63,107.869,11.0,1.0,,,38.395,43.958,25.516,4538.346,4582.304,4607.82,197.0,206.0,310.0,322.0,False,MEDIUM,13.0,False,Mercedes,4499.927,2026-09-26 11:21:57.392,1,1.0,False,,False,True
4715.293,RUS,63,107.497,12.0,1.0,,,38.178,43.901,25.418,4645.998,4689.899,4715.317,195.0,206.0,310.0,323.0,True,MEDIUM,14.0,False,Mercedes,4607.796,2026-09-26 11:23:45.261,1,1.0,False,,False,True
4822.9,RUS,63,107.607,13.0,1.0,,,38.265,43.885,25.457,4753.582,4797.467,4822.924,194.0,206.0,310.0,322.0,False,MEDIUM,15.0,False,Mercedes,4715.293,2026-09-26 11:25:32.758,1,1.0,False,,False,True
4930.466,RUS,63,107.566,14.0,1.0,,,38.35,43.749,25.467,4861.274,4905.023,4930.49,200.0,208.0,310.0,325.0,False,MEDIUM,16.0,False,Mercedes,4822.9,2026-09-26 11:27:20.365,1,1.0,False,,False,True
5038.477,RUS,63,108.011,15.0,1.0,,,38.617,44.042,25.352,4969.107,5013.149,5038.501,195.0,205.0,311.0,325.0,False,MEDIUM,17.0,False,Mercedes,4930.466,2026-09-26 11:29:07.931,1,1.0,False,,False,True
5145.98,RUS,63,107.503,16.0,1.0,,,38.311,43.817,25.375,5076.812,5120.629,5146.004,197.0,205.0,310.0,324.0,False,MEDIUM,18.0,False,Mercedes,5038.477,2026-09-26 11:30:55.942,1,1.0,False,,False,True
5253.905,RUS,63,107.925,17.0,1.0,,,38.444,44.061,25.42,5184.448,5228.509,5253.929,191.0,207.0,311.0,325.0,False,MEDIUM,19.0,False,Mercedes,5145.98,2026-09-26 11:32:43.445,1,1.0,False,,False,True
5361.775,RUS,63,107.87,18.0,1.0,,,38.457,43.953,25.46,5292.386,5336.339,5361.799,197.0,207.0,311.0,323.0,False,MEDIUM,20.0,False,Mercedes,5253.905,2026-09-26 11:34:31.370,1,1.0,False,,False,True
5469.355,RUS,63,107.58,19.0,1.0,,,38.193,43.935,25.452,5399.992,5443.927,5469.379,199.0,207.0,310.0,324.0,False,MEDIUM,21.0,False,Mercedes,5361.775,2026-09-26 11:36:19.240,1,1.0,False,,False,True
5576.927,RUS,63,107.572,20.0,1.0,,,38.229,43.933,25.41,5507.608,5551.541,5576.951,200.0,207.0,311.0,324.0,False,MEDIUM,22.0,False,Mercedes,5469.355,2026-09-26 11:38:06.820,1,1.0,False,,False,True
5684.392,RUS,63,107.465,21.0,1.0,,,38.183,43.967,25.315,5615.134,5659.101,5684.416,201.0,212.0,310.0,323.0,True,MEDIUM,23.0,False,Mercedes,5576.927,2026-09-26 11:39:54.392,1,1.0,False,,False,True
5791.583,RUS,63,107.191,22.0,1.0,,,38.171,43.704,25.316,5722.587,5766.291,5791.607,201.0,209.0,311.0,325.0,True,MEDIUM,24.0,False,Mercedes,5684.392,2026-09-26 11:41:41.857,1,1.0,False,,False,True
5898.692,RUS,63,107.109,23.0,1.0,,,38.069,43.65,25.39,5829.676,5873.326,5898.716,200.0,209.0,313.0,326.0,True,MEDIUM,25.0,False,Mercedes,5791.583,2026-09-26 11:43:29.048,1,1.0,False,,False,True
6006.055,RUS,63,107.363,24.0,1.0,,,38.228,43.768,25.367,5936.944,5980.712,6006.079,197.0,204.0,315.0,325.0,False,MEDIUM,26.0,False,Mercedes,5898.692,2026-09-26 11:45:16.157,1,1.0,False,,False,True
6113.419,RUS,63,107.364,25.0,1.0,,,38.166,43.777,25.421,6044.245,6088.022,6113.443,197.0,210.0,311.0,324.0,False,MEDIUM,27.0,False,Mercedes,6006.055,2026-09-26 11:47:03.520,1,1.0,False,,False,True
6220.595,RUS,63,107.176,26.0,1.0,,,38.04,43.74,25.396,6151.483,6195.223,6220.619,200.0,208.0,311.0,325.0,False,MEDIUM,28.0,False,Mercedes,6113.419,2026-09-26 11:48:50.884,1,1.0,False,,False,True
6327.653,RUS,63,107.058,27.0,1.0,,,37.957,43.731,25.37,6258.576,6302.307,6327.677,203.0,208.0,311.0,324.0,True,MEDIUM,29.0,False,Mercedes,6220.595,2026-09-26 11:50:38.060,1,1.0,False,,False,True
6434.658,RUS,63,107.005,28.0,1.0,,,37.837,43.786,25.382,6365.514,6409.3,6434.682,196.0,212.0,311.0,324.0,True,MEDIUM,30.0,False,Mercedes,6327.653,2026-09-26 11:52:25.118,1,1.0,False,,False,True
6541.649,RUS,63,106.991,29.0,1.0,,,37.986,43.656,25.349,6472.668,6516.324,6541.673,200.0,212.0,311.0,326.0,True,MEDIUM,31.0,False,Mercedes,6434.658,2026-09-26 11:54:12.123,1,1.0,False,,False,True
6648.586,RUS,63,106.937,30.0,1.0,,,37.927,43.65,25.36,6579.6,6623.25,6648.61,197.0,208.0,311.0,325.0,True,MEDIUM,32.0,False,Mercedes,6541.649,2026-09-26 11:55:59.114,12,1.0,False,,False,True
6796.834,RUS,63,148.248,31.0,1.0,,6795.528,46.717,59.279,42.252,6695.327,6754.606,6796.858,106.0,162.0,,187.0,False,MEDIUM,33.0,False,Mercedes,6648.586,2026-09-26 11:57:46.051,124,1.0,False,,False,False
6977.986,RUS,63,,32.0,2.0,6816.289,,69.98,68.433,42.633,6866.972,6935.377,6978.05,75.0,130.0,204.0,181.0,False,SOFT,1.0,False,Mercedes,6796.834,2026-09-26 12:00:14.299,4,1.0,False,,False,False
7145.233,RUS,63,,33.0,2.0,,,60.133,67.147,40.039,7038.071,7105.389,7145.404,70.0,149.0,129.0,213.0,False,SOFT,2.0,False,Mercedes,6977.986,2026-09-26 12:03:15.451,4,1.0,False,,False,False
7309.834,RUS,63,,34.0,2.0,,,64.481,61.047,39.106,7209.794,7270.875,7309.858,154.0,137.0,221.0,221.0,False,SOFT,3.0,False,Mercedes,7145.233,2026-09-26 12:06:02.698,4,1.0,False,,False,False
7468.493,RUS,63,,35.0,2.0,,,53.49,62.156,42.972,7363.408,7425.617,7468.652,137.0,118.0,299.0,183.0,False,SOFT,4.0,False,Mercedes,7309.834,2026-09-26 12:08:47.299,41,1.0,False,,False,False
7597.492,RUS,63,128.999,36.0,2.0,,7596.309,37.957,49.594,41.448,7506.474,7556.068,7597.516,193.0,131.0,,119.0,False,SOFT,5.0,False,Mercedes,7468.493,2026-09-26 12:11:25.958,124,1.0,False,,False,False
7762.288,RUS,63,,37.0,3.0,7611.351,,63.316,61.528,39.93,7660.854,7722.428,7762.458,99.0,142.0,225.0,215.0,False,SOFT,6.0,False,Mercedes,7597.492,2026-09-26 12:13:34.957,4,1.0,False,,False,False
7923.81,RUS,63,,38.0,3.0,,,59.141,62.459,39.969,7821.568,7883.941,7924.038,120.0,141.0,327.0,186.0,False,SOFT,7.0,False,Mercedes,7762.288,2026-09-26 12:16:19.753,41,1.0,False,,False,False
8030.142,RUS,63,106.332,39.0,3.0,,,37.835,43.243,25.254,7961.669,8004.912,8030.166,200.0,207.0,311.0,327.0,True,SOFT,8.0,False,Mercedes,7923.81,2026-09-26 12:19:01.275,1,1.0,False,,False,True
8136.181,RUS,63,106.039,40.0,3.0,,,37.949,42.852,25.238,8068.115,8110.967,8136.205,205.0,209.0,310.0,325.0,True,SOFT,9.0,False,Mercedes,8030.142,2026-09-26 12:20:47.607,12,1.0,False,,False,True
8241.801,RUS,63,105.62,41.0,3.0,,,37.545,42.867,25.208,8173.75,8216.617,8241.825,206.0,211.0,310.0,326.0,True,SOFT,10.0,False,Mercedes,8136.181,2026-09-26 12:22:33.646,1,1.0,False,,False,True
8347.281,RUS,63,105.48,42.0,3.0,,,37.418,42.903,25.159,8279.243,8322.146,8347.305,203.0,212.0,309.0,325.0,True,SOFT,11.0,False,Mercedes,8241.801,2026-09-26 12:24:19.266,1,1.0,False,,False,True
8453.002,RUS,63,105.721,43.0,3.0,,,37.408,43.067,25.246,8384.713,8427.78,8453.026,205.0,212.0,310.0,324.0,False,SOFT,12.0,False,Mercedes,8347.281,2026-09-26 12:26:04.746,1,1.0,False,,False,True
8558.166,RUS,63,105.164,44.0,3.0,,,37.13,42.863,25.171,8490.156,8533.019,8558.19,203.0,217.0,309.0,325.0,True,SOFT,13.0,False,Mercedes,8453.002,2026-09-26 12:27:50.467,1,1.0,False,,False,True
8663.221,RUS,63,105.055,45.0,3.0,,,37.244,42.646,25.165,8595.434,8638.08,8663.245,208.0,217.0,309.0,324.0,True,SOFT,14.0,False,Mercedes,8558.166,2026-09-26 12:29:35.631,1,1.0,False,,False,True
8768.48,RUS,63,105.259,46.0,3.0,,,37.253,42.802,25.204,8700.498,8743.3,8768.504,209.0,217.0,310.0,324.0,False,SOFT,15.0,False,Mercedes,8663.221,2026-09-26 12:31:20.686,1,1.0,False,,False,True
8873.517,RUS,63,105.037,47.0,3.0,,,37.095,42.663,25.279,8805.599,8848.262,8873.541,209.0,214.0,308.0,321.0,True,SOFT,16.0,False,Mercedes,8768.48,2026-09-26 12:33:05.945,1,1.0,False,,False,True
8978.513,RUS,63,104.996,48.0,3.0,,,37.083,42.693,25.22,8910.624,8953.317,8978.537,205.0,217.0,309.0,322.0,True,SOFT,17.0,False,Mercedes,8873.517,2026-09-26 12:34:50.982,1,1.0,False,,False,True
9083.429,RUS,63,104.916,49.0,3.0,,,37.056,42.656,25.204,9015.593,9058.249,9083.453,207.0,217.0,309.0,323.0,True,SOFT,18.0,False,Mercedes,8978.513,2026-09-26 12:36:35.978,1,1.0,False,,False,True
9188.434,RUS,63,105.005,50.0,3.0,,,37.143,42.615,25.247,9120.596,9163.211,9188.458,208.0,215.0,309.0,322.0,False,SOFT,19.0,False,Mercedes,9083.429,2026-09-26 12:38:20.894,12,1.0,False,,False,True
9295.664,RUS,63,107.23,51.0,3.0,,,37.324,44.674,25.232,9225.782,9270.456,9295.688,204.0,209.0,308.0,317.0,False,SOFT,20.0,False,Mercedes,9188.434,2026-09-26 12:40:05.899,12,1.0,False,,False,True
3540.27,BOT,77,126.766,1.0,1.0,,,,50.331,25.883,,3514.626,3540.428,171.0,187.0,316.0,329.0,False,MEDIUM,1.0,True,Cadillac,3413.247,2026-09-26 11:03:50.712,1,21.0,False,,False,False
3652.257,BOT,77,111.987,2.0,1.0,,,40.286,45.988,25.713,3580.573,3626.561,3652.274,185.0,199.0,321.0,328.0,True,MEDIUM,2.0,True,Cadillac,3540.27,2026-09-26 11:05:57.735,1,21.0,False,,False,True
3764.383,BOT,77,112.126,3.0,1.0,,,40.273,46.151,25.702,3692.547,3738.698,3764.4,176.0,188.0,315.0,331.0,False,MEDIUM,3.0,True,Cadillac,3652.257,2026-09-26 11:07:49.722,1,20.0,False,,False,True
3876.231,BOT,77,111.848,4.0,1.0,,,40.19,45.661,25.997,3804.59,3850.251,3876.248,180.0,197.0,306.0,319.0,True,MEDIUM,4.0,True,Cadillac,3764.383,2026-09-26 11:09:41.848,1,20.0,False,,False,True
3988.199,BOT,77,111.968,5.0,1.0,,,40.383,45.507,26.078,3916.631,3962.138,3988.216,175.0,199.0,304.0,318.0,False,MEDIUM,5.0,True,Cadillac,3876.231,2026-09-26 11:11:33.696,1,20.0,False,,False,True
4100.126,BOT,77,111.927,6.0,1.0,,,40.428,45.563,25.936,4028.644,4074.207,4100.143,181.0,207.0,304.0,320.0,False,MEDIUM,6.0,True,Cadillac,3988.199,2026-09-26 11:13:25.664,1,20.0,False,,False,True
4211.916,BOT,77,111.79,7.0,1.0,,,40.152,45.577,26.061,4140.295,4185.872,4211.933,185.0,201.0,302.0,320.0,True,MEDIUM,7.0,True,Cadillac,4100.126,2026-09-26 11:15:17.591,1,20.0,False,,False,True
4323.782,BOT,77,111.866,8.0,1.0,,,40.207,45.571,26.088,4252.14,4297.711,4323.799,185.0,203.0,302.0,318.0,False,MEDIUM,8.0,True,Cadillac,4211.916,2026-09-26 11:17:09.381,12,20.0,False,,False,True
4436.106,BOT,77,112.324,9.0,1.0,,,40.054,46.023,26.247,4363.853,4409.876,4436.123,185.0,191.0,300.0,314.0,False,MEDIUM,9.0,True,Cadillac,4323.782,2026-09-26 11:19:01.247,1,20.0,False,,False,True
4547.878,BOT,77,111.772,10.0,1.0,,,40.15,45.496,26.126,4476.273,4521.769,4547.895,190.0,203.0,300.0,317.0,True,MEDIUM,10.0,True,Cadillac,4436.106,2026-09-26 11:20:53.571,1,20.0,False,,False,True
4660.725,BOT,77,112.847,11.0,1.0,,,40.998,45.612,26.237,4588.893,4634.505,4660.742,184.0,202.0,299.0,314.0,False,MEDIUM,11.0,True,Cadillac,4547.878,2026-09-26 11:22:45.343,1,20.0,False,,False,True
4772.864,BOT,77,112.139,12.0,1.0,,,40.233,45.757,26.149,4700.975,4746.732,4772.881,188.0,211.0,299.0,315.0,False,MEDIUM,12.0,True,Cadillac,4660.725,2026-09-26 11:24:38.190,1,20.0,False,,False,True
4884.904,BOT,77,112.04,13.0,1.0,,,40.489,45.839,25.712,4813.37,4859.209,4884.921,187.0,205.0,318.0,326.0,False,MEDIUM,13.0,True,Cadillac,4772.864,2026-09-26 11:26:30.329,1,21.0,False,,False,True
4996.514,BOT,77,111.61,14.0,1.0,,,39.945,45.577,26.088,4924.866,4970.443,4996.531,183.0,199.0,299.0,319.0,True,MEDIUM,14.0,True,Cadillac,4884.904,2026-09-26 11:28:22.369,1,20.0,False,,False,True
5107.967,BOT,77,111.453,15.0,1.0,,,39.875,45.445,26.133,5036.406,5081.851,5107.984,191.0,209.0,297.0,317.0,True,MEDIUM,15.0,True,Cadillac,4996.514,2026-09-26 11:30:13.979,1,20.0,False,,False,True
5220.04,BOT,77,112.073,16.0,1.0,,,40.181,45.661,26.231,5148.165,5193.826,5220.057,189.0,203.0,298.0,317.0,False,MEDIUM,16.0,True,Cadillac,5107.967,2026-09-26 11:32:05.432,1,20.0,False,,False,True
5332.032,BOT,77,111.992,17.0,1.0,,,40.375,45.846,25.771,5260.432,5306.278,5332.049,182.0,189.0,307.0,327.0,False,MEDIUM,17.0,True,Cadillac,5220.04,2026-09-26 11:33:57.505,1,20.0,False,,False,True
5443.607,BOT,77,111.575,18.0,1.0,,,39.93,45.417,26.228,5371.979,5417.396,5443.624,189.0,204.0,298.0,316.0,False,MEDIUM,18.0,True,Cadillac,5332.032,2026-09-26 11:35:49.497,1,20.0,False,,False,True
5555.996,BOT,77,112.389,19.0,1.0,,,40.74,45.838,25.811,5484.364,5530.202,5556.013,187.0,201.0,302.0,330.0,False,MEDIUM,19.0,True,Cadillac,5443.607,2026-09-26 11:37:41.072,1,20.0,False,,False,True
5668.906,BOT,77,112.91,20.0,1.0,,,40.856,45.945,26.109,5596.869,5642.814,5668.923,183.0,184.0,300.0,329.0,False,MEDIUM,20.0,True,Cadillac,5555.996,2026-09-26 11:39:33.461,1,20.0,False,,False,True
5780.099,BOT,77,111.193,21.0,1.0,,,39.578,45.441,26.174,5708.501,5753.942,5780.116,187.0,204.0,297.0,318.0,True,MEDIUM,21.0,True,Cadillac,5668.906,2026-09-26 11:41:26.371,1,20.0,False,,False,True
5891.79,BOT,77,111.691,22.0,1.0,,,40.109,45.367,26.215,5820.225,5865.592,5891.807,194.0,210.0,298.0,318.0,False,MEDIUM,22.0,True,Cadillac,5780.099,2026-09-26 11:43:17.564,1,20.0,False,,False,True
6003.465,BOT,77,111.675,23.0,1.0,,,40.083,45.358,26.234,5931.89,5977.248,6003.482,184.0,203.0,297.0,319.0,False,MEDIUM,23.0,True,Cadillac,5891.79,2026-09-26 11:45:09.255,1,20.0,False,,False,True
6116.607,BOT,77,113.142,24.0,1.0,,,41.151,46.025,25.966,6044.633,6090.658,6116.624,156.0,202.0,302.0,320.0,False,MEDIUM,24.0,True,Cadillac,6003.465,2026-09-26 11:47:00.930,1,20.0,False,,False,True
6227.882,BOT,77,111.275,25.0,1.0,,,39.635,45.507,26.133,6156.259,6201.766,6227.899,186.0,206.0,299.0,318.0,False,MEDIUM,25.0,True,Cadillac,6116.607,2026-09-26 11:48:54.072,1,20.0,False,,False,True
6346.893,BOT,77,119.011,26.0,1.0,,6345.664,42.653,46.598,29.76,6270.552,6317.15,6346.91,100.0,205.0,,323.0,False,MEDIUM,26.0,True,Cadillac,6227.882,2026-09-26 11:50:45.347,1,20.0,False,,False,False
6480.468,BOT,77,133.575,27.0,2.0,6368.665,,59.287,48.002,26.286,6406.197,6454.199,6480.485,192.0,203.0,304.0,322.0,False,SOFT,1.0,True,Cadillac,6346.893,2026-09-26 11:52:44.358,1,20.0,False,,False,False
6592.681,BOT,77,112.213,28.0,2.0,,,39.563,46.928,25.722,6520.048,6566.976,6592.698,189.0,199.0,311.0,325.0,False,SOFT,2.0,True,Cadillac,6480.468,2026-09-26 11:54:57.933,12,20.0,False,,False,True
6724.034,BOT,77,131.353,29.0,2.0,,,41.434,53.11,36.809,6634.132,6687.242,6724.051,179.0,147.0,198.0,207.0,False,SOFT,3.0,True,Cadillac,6592.681,2026-09-26 11:56:50.146,124,20.0,False,,False,False
6876.825,BOT,77,,30.0,2.0,,,56.613,57.657,38.485,6780.7,6838.404,6876.843,91.0,161.0,271.0,201.0,False,SOFT,4.0,True,Cadillac,6724.034,2026-09-26 11:59:01.499,4,19.0,False,,False,False
7008.944,BOT,77,132.119,31.0,2.0,,,46.167,56.499,29.453,6923.009,6979.508,7008.961,114.0,165.0,286.0,275.0,False,SOFT,5.0,True,Cadillac,6876.825,2026-09-26 12:01:34.290,4,19.0,False,,False,False
7156.948,BOT,77,148.004,32.0,2.0,,,44.209,65.851,37.944,7053.17,7119.021,7156.965,109.0,137.0,275.0,202.0,False,SOFT,6.0,True,Cadillac,7008.944,2026-09-26 12:03:46.409,4,19.0,False,,False,False
7276.785,BOT,77,119.837,33.0,2.0,,,46.801,46.559,26.477,7203.766,7250.325,7276.802,160.0,196.0,293.0,314.0,False,SOFT,7.0,True,Cadillac,7156.948,2026-09-26 12:06:14.413,4,19.0,False,,False,False
7389.189,BOT,77,112.404,34.0,2.0,,,40.477,45.707,26.22,7317.279,7362.986,7389.206,185.0,213.0,297.0,317.0,False,SOFT,8.0,True,Cadillac,7276.785,2026-09-26 12:08:14.250,4,19.0,False,,False,False
7500.79,BOT,77,111.601,35.0,2.0,,,40.012,45.427,26.162,7429.218,7474.645,7500.807,186.0,201.0,290.0,316.0,False,SOFT,9.0,True,Cadillac,7389.189,2026-09-26 12:10:06.654,412,19.0,False,,False,False
7658.32,BOT,77,,36.0,2.0,,7657.012,54.737,60.428,42.331,7555.721,7616.176,7658.337,109.0,101.0,,203.0,False,SOFT,10.0,True,Cadillac,7500.79,2026-09-26 12:11:58.255,24,16.0,False,,False,False
7819.001,BOT,77,,37.0,3.0,7672.121,,61.277,60.074,39.384,7719.66,7779.697,7819.14,99.0,167.0,261.0,215.0,False,SOFT,11.0,False,Cadillac,7658.32,2026-09-26 12:14:35.785,4,16.0,False,,False,False
7934.303,BOT,77,115.302,38.0,3.0,,,42.005,46.093,27.204,7861.023,7907.116,7934.32,182.0,195.0,296.0,289.0,False,SOFT,12.0,False,Cadillac,7819.001,2026-09-26 12:17:16.466,41,16.0,False,,False,False
8045.557,BOT,77,111.254,39.0,3.0,,,40.433,45.069,25.752,7974.753,8019.822,8045.574,192.0,210.0,306.0,324.0,False,SOFT,13.0,False,Cadillac,7934.303,2026-09-26 12:19:11.768,12,16.0,False,,False,True
8157.04,BOT,77,111.483,40.0,3.0,,,40.998,44.795,25.69,8086.572,8131.367,8157.057,191.0,206.0,305.0,324.0,False,SOFT,14.0,False,Cadillac,8045.557,2026-09-26 12:21:03.022,21,16.0,False,,False,True
8266.658,BOT,77,109.618,41.0,3.0,,,39.364,44.551,25.703,8196.421,8240.972,8266.675,187.0,211.0,304.0,321.0,True,SOFT,15.0,False,Cadillac,8157.04,2026-09-26 12:22:54.505,1,16.0,False,,False,True
8376.583,BOT,77,109.925,42.0,3.0,,,39.394,44.809,25.722,8306.069,8350.878,8376.6,196.0,207.0,303.0,319.0,False,SOFT,16.0,False,Cadillac,8266.658,2026-09-26 12:24:44.123,1,16.0,False,,False,True
8486.552,BOT,77,109.969,43.0,3.0,,,39.306,44.95,25.713,8415.906,8460.856,8486.569,194.0,208.0,302.0,320.0,False,SOFT,17.0,False,Cadillac,8376.583,2026-09-26 12:26:34.048,1,16.0,False,,False,True
8596.458,BOT,77,109.906,44.0,3.0,,,39.273,44.863,25.77,8525.842,8570.705,8596.475,190.0,204.0,301.0,322.0,False,SOFT,18.0,False,Cadillac,8486.552,2026-09-26 12:28:24.017,1,16.0,False,,False,True
8706.102,BOT,77,109.644,45.0,3.0,,,39.192,44.612,25.84,8635.667,8680.279,8706.119,193.0,205.0,300.0,318.0,False,SOFT,19.0,False,Cadillac,8596.458,2026-09-26 12:30:13.923,1,16.0,False,,False,True
8815.749,BOT,77,109.647,46.0,3.0,,,39.194,44.68,25.773,8745.313,8789.993,8815.766,192.0,207.0,301.0,320.0,False,SOFT,20.0,False,Cadillac,8706.102,2026-09-26 12:32:03.567,1,16.0,False,,False,True
8925.247,BOT,77,109.498,47.0,3.0,,,39.041,44.654,25.803,8854.807,8899.461,8925.264,192.0,217.0,300.0,320.0,True,SOFT,21.0,False,Cadillac,8815.749,2026-09-26 12:33:53.214,1,16.0,False,,False,True
9034.505,BOT,77,109.258,48.0,3.0,,,39.003,44.501,25.754,8964.267,9008.768,9034.522,197.0,207.0,300.0,320.0,True,SOFT,22.0,False,Cadillac,8925.247,2026-09-26 12:35:42.712,1,16.0,False,,False,True
9143.357,BOT,77,108.852,49.0,3.0,,,38.79,44.348,25.714,9073.312,9117.66,9143.374,198.0,206.0,300.0,320.0,True,SOFT,23.0,False,Cadillac,9034.505,2026-09-26 12:37:31.970,1,16.0,False,,False,True
9293.357,BOT,77,,50.0,3.0,,,,,,,,,,,,,,SOFT,24.0,False,Cadillac,9143.357,2026-09-26 12:39:20.822,12,,False,,True,False
3526.688,PIA,81,113.184,1.0,1.0,,,,44.719,25.653,,3501.214,3526.875,173.0,189.0,310.0,318.0,False,SOFT,1.0,True,McLaren,3413.247,2026-09-26 11:03:50.712,1,2.0,False,,False,False
3636.495,PIA,81,109.807,2.0,1.0,,,39.531,44.561,25.715,3566.242,3610.803,3636.518,181.0,200.0,310.0,317.0,True,SOFT,2.0,True,McLaren,3526.688,2026-09-26 11:05:44.153,1,2.0,False,,False,True
3745.997,PIA,81,109.502,3.0,1.0,,,39.166,44.529,25.807,3675.684,3720.213,3746.02,178.0,197.0,307.0,316.0,True,SOFT,3.0,True,McLaren,3636.495,2026-09-26 11:07:33.960,1,2.0,False,,False,True
3855.036,PIA,81,109.039,4.0,1.0,,,38.834,44.425,25.78,3784.854,3829.279,3855.059,182.0,202.0,307.0,314.0,True,SOFT,4.0,True,McLaren,3745.997,2026-09-26 11:09:23.462,1,2.0,False,,False,True
3963.752,PIA,81,108.716,5.0,1.0,,,38.756,44.169,25.791,3893.815,3937.984,3963.775,188.0,202.0,305.0,312.0,True,SOFT,5.0,True,McLaren,3855.036,2026-09-26 11:11:12.501,1,2.0,False,,False,True
4071.751,PIA,81,107.999,6.0,1.0,,,38.491,43.889,25.619,4002.266,4046.155,4071.774,187.0,203.0,306.0,315.0,True,SOFT,6.0,True,McLaren,3963.752,2026-09-26 11:13:01.217,1,2.0,False,,False,True
4179.943,PIA,81,108.192,7.0,1.0,,,38.511,43.862,25.819,4110.285,4154.147,4179.966,190.0,201.0,306.0,315.0,False,SOFT,7.0,True,McLaren,4071.751,2026-09-26 11:14:49.216,1,2.0,False,,False,True
4288.254,PIA,81,108.311,8.0,1.0,,,38.489,43.95,25.872,4218.455,4262.405,4288.277,194.0,202.0,305.0,313.0,False,SOFT,8.0,True,McLaren,4179.943,2026-09-26 11:16:37.408,1,2.0,False,,False,True
4396.886,PIA,81,108.632,9.0,1.0,,,38.611,44.248,25.773,4326.888,4371.136,4396.909,196.0,194.0,305.0,314.0,False,SOFT,9.0,True,McLaren,4288.254,2026-09-26 11:18:25.719,12,2.0,False,,False,True
4505.113,PIA,81,108.227,10.0,1.0,,,38.469,44.046,25.712,4435.378,4479.424,4505.136,198.0,204.0,305.0,312.0,False,SOFT,10.0,True,McLaren,4396.886,2026-09-26 11:20:14.351,1,2.0,False,,False,True
4613.666,PIA,81,108.553,11.0,1.0,,,38.687,44.072,25.794,4543.823,4587.895,4613.689,189.0,200.0,303.0,312.0,False,SOFT,11.0,True,McLaren,4505.113,2026-09-26 11:22:02.578,1,2.0,False,,False,True
4721.735,PIA,81,108.069,12.0,1.0,,,38.312,44.011,25.746,4652.001,4696.012,4721.758,191.0,202.0,304.0,313.0,False,SOFT,12.0,True,McLaren,4613.666,2026-09-26 11:23:51.131,1,2.0,False,,False,True
4829.808,PIA,81,108.073,13.0,1.0,,,38.426,43.907,25.74,4760.184,4804.091,4829.831,189.0,204.0,304.0,313.0,False,SOFT,13.0,True,McLaren,4721.735,2026-09-26 11:25:39.200,1,2.0,False,,False,True
4937.706,PIA,81,107.898,14.0,1.0,,,38.399,43.769,25.73,4868.23,4911.999,4937.729,192.0,207.0,302.0,313.0,True,SOFT,14.0,True,McLaren,4829.808,2026-09-26 11:27:27.273,1,2.0,False,,False,True
5045.698,PIA,81,107.992,15.0,1.0,,,38.514,43.843,25.635,4976.243,5020.086,5045.721,193.0,205.0,303.0,314.0,False,SOFT,15.0,True,McLaren,4937.706,2026-09-26 11:29:15.171,1,2.0,False,,False,True
5153.649,PIA,81,107.951,16.0,1.0,,,38.431,43.686,25.834,5084.152,5127.838,5153.672,190.0,203.0,302.0,313.0,False,SOFT,16.0,True,McLaren,5045.698,2026-09-26 11:31:03.163,1,2.0,False,,False,True
5261.608,PIA,81,107.959,17.0,1.0,,,38.42,43.762,25.777,5192.092,5235.854,5261.631,195.0,200.0,303.0,313.0,False,SOFT,17.0,True,McLaren,5153.649,2026-09-26 11:32:51.114,1,2.0,False,,False,True
5369.617,PIA,81,108.009,18.0,1.0,,,38.439,43.758,25.812,5300.07,5343.828,5369.64,193.0,204.0,303.0,312.0,False,SOFT,18.0,True,McLaren,5261.608,2026-09-26 11:34:39.073,1,2.0,False,,False,True
5477.655,PIA,81,108.038,19.0,1.0,,,38.385,43.881,25.772,5408.025,5451.906,5477.678,195.0,204.0,303.0,312.0,False,SOFT,19.0,True,McLaren,5369.617,2026-09-26 11:36:27.082,1,2.0,False,,False,True
5585.493,PIA,81,107.838,20.0,1.0,,,38.346,43.802,25.69,5516.024,5559.826,5585.516,198.0,204.0,303.0,314.0,True,SOFT,20.0,True,McLaren,5477.655,2026-09-26 11:38:15.120,1,2.0,False,,False,True
5693.235,PIA,81,107.742,21.0,1.0,,,38.314,43.77,25.658,5623.83,5667.6,5693.258,191.0,207.0,303.0,315.0,True,SOFT,21.0,True,McLaren,5585.493,2026-09-26 11:40:02.958,1,2.0,False,,False,True
5800.808,PIA,81,107.573,22.0,1.0,,,38.276,43.617,25.68,5731.534,5775.151,5800.831,194.0,207.0,303.0,314.0,True,SOFT,22.0,True,McLaren,5693.235,2026-09-26 11:41:50.700,1,2.0,False,,False,True
5908.4,PIA,81,107.592,23.0,1.0,,,38.315,43.577,25.7,5839.146,5882.723,5908.423,198.0,204.0,305.0,315.0,False,SOFT,23.0,True,McLaren,5800.808,2026-09-26 11:43:38.273,1,2.0,False,,False,True
6015.84,PIA,81,107.44,24.0,1.0,,,38.228,43.472,25.74,5946.651,5990.123,6015.863,199.0,207.0,303.0,315.0,True,SOFT,24.0,True,McLaren,5908.4,2026-09-26 11:45:25.865,1,2.0,False,,False,True
6123.204,PIA,81,107.364,25.0,1.0,,,38.073,43.663,25.628,6053.936,6097.599,6123.227,200.0,206.0,304.0,315.0,True,SOFT,25.0,True,McLaren,6015.84,2026-09-26 11:47:13.305,1,2.0,False,,False,True
6230.456,PIA,81,107.252,26.0,1.0,,,38.247,43.552,25.453,6161.474,6205.026,6230.479,201.0,206.0,308.0,320.0,True,SOFT,26.0,True,McLaren,6123.204,2026-09-26 11:49:00.669,1,2.0,False,,False,True
6338.103,PIA,81,107.647,27.0,1.0,,,38.208,43.774,25.665,6268.687,6312.461,6338.126,195.0,208.0,304.0,315.0,False,SOFT,27.0,True,McLaren,6230.456,2026-09-26 11:50:47.921,1,2.0,False,,False,True
6445.477,PIA,81,107.374,28.0,1.0,,,38.129,43.507,25.738,6376.255,6419.762,6445.5,200.0,204.0,303.0,314.0,False,SOFT,28.0,True,McLaren,6338.103,2026-09-26 11:52:35.568,1,2.0,False,,False,True
6552.871,PIA,81,107.394,29.0,1.0,,,38.126,43.629,25.639,6483.626,6527.255,6552.894,198.0,207.0,304.0,315.0,False,SOFT,29.0,True,McLaren,6445.477,2026-09-26 11:54:22.942,1,2.0,False,,False,True
6660.049,PIA,81,107.178,30.0,1.0,,,38.028,43.505,25.645,6590.922,6634.427,6660.072,197.0,208.0,304.0,316.0,True,SOFT,30.0,True,McLaren,6552.871,2026-09-26 11:56:10.336,12,2.0,False,,False,True
6812.84,PIA,81,,31.0,1.0,,6811.408,51.86,59.408,41.385,6712.11,6771.478,6812.89,110.0,151.0,,190.0,False,SOFT,31.0,True,McLaren,6660.049,2026-09-26 11:57:57.514,24,2.0,False,,False,False
6978.73,PIA,81,,32.0,2.0,6832.048,,67.566,58.178,40.261,6880.349,6938.492,6978.853,104.0,163.0,257.0,188.0,False,MEDIUM,1.0,True,McLaren,6812.84,2026-09-26 12:00:30.305,4,2.0,False,,False,False
7145.83,PIA,81,,33.0,2.0,,,61.174,67.105,38.837,7040.042,7107.016,7145.915,84.0,174.0,209.0,199.0,False,MEDIUM,2.0,True,McLaren,6978.73,2026-09-26 12:03:16.195,4,2.0,False,,False,False
7310.35,PIA,81,,34.0,2.0,,,65.095,61.343,38.007,7211.114,7272.366,7310.391,152.0,173.0,253.0,240.0,False,MEDIUM,3.0,True,McLaren,7145.83,2026-09-26 12:06:03.295,4,2.0,False,,False,False
7468.843,PIA,81,,35.0,2.0,,,54.12,62.506,41.884,7364.505,7426.992,7468.93,142.0,161.0,288.0,179.0,False,MEDIUM,4.0,True,McLaren,7310.35,2026-09-26 12:08:47.815,41,2.0,False,,False,False
7603.199,PIA,81,134.356,36.0,2.0,,7601.925,39.389,52.904,42.063,7508.255,7561.159,7603.222,169.0,126.0,,210.0,False,MEDIUM,5.0,True,McLaren,7468.843,2026-09-26 12:11:26.308,124,3.0,False,,False,False
7765.218,PIA,81,,37.0,3.0,7616.94,,60.601,61.578,39.812,7663.851,7725.543,7765.278,127.0,174.0,271.0,182.0,False,MEDIUM,6.0,False,McLaren,7603.199,2026-09-26 12:13:40.664,4,3.0,False,,False,False
7924.469,PIA,81,,38.0,3.0,,,57.531,62.911,38.893,7822.863,7885.717,7924.938,121.0,158.0,328.0,192.0,False,MEDIUM,7.0,False,McLaren,7765.218,2026-09-26 12:16:22.683,41,3.0,False,,False,False
8032.567,PIA,81,108.098,39.0,3.0,,,38.847,43.927,25.324,7963.339,8007.266,8032.59,179.0,201.0,312.0,320.0,False,MEDIUM,8.0,False,McLaren,7924.469,2026-09-26 12:19:01.934,1,3.0,False,,False,True
8151.162,PIA,81,118.595,40.0,3.0,,,48.302,45.189,25.104,8080.892,8126.081,8151.185,181.0,199.0,321.0,332.0,False,MEDIUM,9.0,False,McLaren,8032.567,2026-09-26 12:20:50.032,12,15.0,True,TRACK LIMITS AT TURN 1 LAP 40 ,False,True
8258.353,PIA,81,107.191,41.0,3.0,,,38.213,44.131,24.847,8189.398,8233.529,8258.376,191.0,194.0,327.0,335.0,False,MEDIUM,10.0,False,McLaren,8151.162,2026-09-26 12:22:48.627,1,15.0,False,,False,True
8366.115,PIA,81,107.762,42.0,3.0,,,38.53,44.238,24.994,8296.906,8341.144,8366.138,178.0,197.0,321.0,329.0,False,MEDIUM,11.0,False,McLaren,8258.353,2026-09-26 12:24:35.818,1,15.0,False,,False,True
8473.193,PIA,81,107.078,43.0,3.0,,,38.169,44.017,24.892,8404.307,8448.324,8473.216,189.0,197.0,322.0,333.0,True,MEDIUM,12.0,False,McLaren,8366.115,2026-09-26 12:26:23.580,1,15.0,False,,False,True
8580.448,PIA,81,107.255,44.0,3.0,,,38.087,44.303,24.865,8511.303,8555.606,8580.471,188.0,200.0,325.0,334.0,False,MEDIUM,13.0,False,McLaren,8473.193,2026-09-26 12:28:10.658,1,15.0,False,,False,True
8688.126,PIA,81,107.678,45.0,3.0,,,38.35,44.558,24.77,8618.821,8663.379,8688.149,182.0,196.0,333.0,334.0,False,MEDIUM,14.0,False,McLaren,8580.448,2026-09-26 12:29:57.913,1,15.0,False,,False,True
8795.721,PIA,81,107.595,46.0,3.0,,,38.72,44.267,24.608,8726.869,8771.136,8795.744,185.0,201.0,332.0,339.0,False,MEDIUM,15.0,False,McLaren,8688.126,2026-09-26 12:31:45.591,1,15.0,False,,False,True
8902.805,PIA,81,107.084,47.0,3.0,,,38.294,43.741,25.049,8834.038,8877.779,8902.828,190.0,201.0,313.0,328.0,False,MEDIUM,16.0,False,McLaren,8795.721,2026-09-26 12:33:33.186,1,14.0,False,,False,True
9009.407,PIA,81,106.602,48.0,3.0,,,37.883,43.633,25.086,8940.711,8984.344,9009.43,195.0,205.0,317.0,330.0,True,MEDIUM,17.0,False,McLaren,8902.805,2026-09-26 12:35:20.270,1,14.0,False,,False,True
9116.048,PIA,81,106.641,49.0,3.0,,,37.909,43.773,24.959,9047.339,9091.112,9116.071,197.0,202.0,319.0,329.0,False,MEDIUM,18.0,False,McLaren,9009.407,2026-09-26 12:37:06.872,1,14.0,False,,False,True
9223.027,PIA,81,106.979,50.0,3.0,,,38.042,44.149,24.788,9154.113,9198.262,9223.05,195.0,204.0,327.0,334.0,False,MEDIUM,19.0,False,McLaren,9116.048,2026-09-26 12:38:53.513,12,14.0,False,,False,True
9332.057,PIA,81,109.03,51.0,3.0,,,38.197,45.647,25.186,9261.247,9306.894,9332.08,183.0,192.0,318.0,328.0,False,MEDIUM,20.0,False,McLaren,9223.027,2026-09-26 12:40:40.492,12,14.0,True,TRACK LIMITS AT TURN 15 LAP 51 ,False,True
3532.979,BEA,87,119.475,1.0,1.0,,,,46.804,24.781,,3508.336,3533.346,167.0,188.0,340.0,348.0,False,SOFT,1.0,True,Haas F1 Team,3413.247,2026-09-26 11:03:50.712,1,12.0,False,,False,False
3643.98,BEA,87,111.001,2.0,1.0,,,40.536,45.212,25.253,3573.515,3618.727,3643.98,176.0,189.0,325.0,335.0,True,SOFT,2.0,True,Haas F1 Team,3532.979,2026-09-26 11:05:50.444,1,11.0,False,,False,True
3753.96,BEA,87,109.98,3.0,1.0,,,39.794,45.087,25.099,3683.774,3728.861,3753.96,181.0,197.0,330.0,337.0,True,SOFT,3.0,True,Haas F1 Team,3643.98,2026-09-26 11:07:41.445,1,11.0,False,,False,True
3864.019,BEA,87,110.059,4.0,1.0,,,39.854,45.037,25.168,3793.814,3838.851,3864.019,184.0,191.0,327.0,336.0,False,SOFT,4.0,True,Haas F1 Team,3753.96,2026-09-26 11:09:31.425,1,11.0,False,,False,True
3973.323,BEA,87,109.304,5.0,1.0,,,39.584,44.698,25.022,3903.603,3948.301,3973.323,182.0,195.0,333.0,331.0,True,SOFT,5.0,True,Haas F1 Team,3864.019,2026-09-26 11:11:21.484,1,11.0,False,,False,True
4083.153,BEA,87,109.83,6.0,1.0,,,39.633,44.732,25.465,4012.956,4057.688,4083.153,189.0,208.0,312.0,327.0,False,SOFT,6.0,True,Haas F1 Team,3973.323,2026-09-26 11:13:10.788,1,10.0,False,,False,True
4192.824,BEA,87,109.671,7.0,1.0,,,39.477,44.551,25.643,4122.63,4167.181,4192.824,189.0,207.0,310.0,326.0,False,SOFT,7.0,True,Haas F1 Team,4083.153,2026-09-26 11:15:00.618,1,10.0,False,,False,True
4301.998,BEA,87,109.174,8.0,1.0,,,39.15,44.487,25.537,4231.974,4276.461,4301.998,189.0,205.0,312.0,326.0,True,SOFT,8.0,True,Haas F1 Team,4192.824,2026-09-26 11:16:50.289,12,10.0,False,,False,True
4411.456,BEA,87,109.458,9.0,1.0,,,38.918,44.967,25.573,4340.916,4385.883,4411.456,193.0,207.0,311.0,325.0,False,SOFT,9.0,True,Haas F1 Team,4301.998,2026-09-26 11:18:39.463,21,10.0,False,,False,True
4520.773,BEA,87,109.317,10.0,1.0,,,39.028,44.737,25.552,4450.484,4495.221,4520.773,192.0,213.0,310.0,324.0,False,SOFT,10.0,True,Haas F1 Team,4411.456,2026-09-26 11:20:28.921,1,10.0,False,,False,True
4630.107,BEA,87,109.334,11.0,1.0,,,39.016,44.696,25.622,4559.789,4604.485,4630.107,193.0,212.0,309.0,324.0,False,SOFT,11.0,True,Haas F1 Team,4520.773,2026-09-26 11:22:18.238,1,10.0,False,,False,True
4739.066,BEA,87,108.959,12.0,1.0,,,38.962,44.489,25.508,4669.069,4713.558,4739.066,192.0,208.0,311.0,325.0,True,SOFT,12.0,True,Haas F1 Team,4630.107,2026-09-26 11:24:07.572,1,10.0,False,,False,True
4848.205,BEA,87,109.139,13.0,1.0,,,38.915,44.669,25.555,4777.981,4822.65,4848.205,189.0,213.0,309.0,324.0,False,SOFT,13.0,True,Haas F1 Team,4739.066,2026-09-26 11:25:56.531,1,10.0,False,,False,True
4957.196,BEA,87,108.991,14.0,1.0,,,38.869,44.522,25.6,4887.074,4931.596,4957.196,196.0,213.0,308.0,325.0,False,SOFT,14.0,True,Haas F1 Team,4848.205,2026-09-26 11:27:45.670,1,10.0,False,,False,True
5066.022,BEA,87,108.826,15.0,1.0,,,38.918,44.429,25.479,4996.114,5040.543,5066.022,194.0,213.0,308.0,327.0,True,SOFT,15.0,True,Haas F1 Team,4957.196,2026-09-26 11:29:34.661,1,10.0,False,,False,True
5175.157,BEA,87,109.135,16.0,1.0,,,39.066,44.443,25.626,5105.088,5149.531,5175.157,195.0,206.0,308.0,324.0,False,SOFT,16.0,True,Haas F1 Team,5066.022,2026-09-26 11:31:23.487,1,10.0,False,,False,True
5285.186,BEA,87,110.029,17.0,1.0,,,39.863,44.736,25.43,5215.02,5259.756,5285.186,189.0,215.0,312.0,326.0,False,SOFT,17.0,True,Haas F1 Team,5175.157,2026-09-26 11:33:12.622,1,11.0,False,,False,True
5394.29,BEA,87,109.104,18.0,1.0,,,38.935,44.591,25.578,5324.121,5368.712,5394.29,195.0,206.0,310.0,324.0,False,SOFT,18.0,True,Haas F1 Team,5285.186,2026-09-26 11:35:02.651,1,11.0,False,,False,True
5503.083,BEA,87,108.793,19.0,1.0,,,38.944,44.338,25.511,5433.234,5477.572,5503.083,196.0,214.0,308.0,324.0,True,SOFT,19.0,True,Haas F1 Team,5394.29,2026-09-26 11:36:51.755,1,11.0,False,,False,True
5611.721,BEA,87,108.638,20.0,1.0,,,38.84,44.333,25.465,5541.923,5586.256,5611.721,194.0,215.0,307.0,325.0,True,SOFT,20.0,True,Haas F1 Team,5503.083,2026-09-26 11:38:40.548,1,11.0,False,,False,True
5720.893,BEA,87,109.172,21.0,1.0,,,38.677,44.447,26.048,5650.398,5694.845,5720.893,198.0,212.0,310.0,327.0,False,SOFT,21.0,True,Haas F1 Team,5611.721,2026-09-26 11:40:29.186,1,11.0,False,,False,True
5829.948,BEA,87,109.055,22.0,1.0,,,38.885,44.605,25.565,5759.778,5804.383,5829.948,196.0,208.0,307.0,325.0,False,SOFT,22.0,True,Haas F1 Team,5720.893,2026-09-26 11:42:18.358,1,11.0,False,,False,True
5938.977,BEA,87,109.029,23.0,1.0,,,38.881,44.503,25.645,5868.829,5913.332,5938.977,198.0,211.0,307.0,324.0,False,SOFT,23.0,True,Haas F1 Team,5829.948,2026-09-26 11:44:07.413,1,11.0,False,,False,True
6048.048,BEA,87,109.071,24.0,1.0,,,38.927,44.59,25.554,5977.904,6022.494,6048.048,198.0,215.0,308.0,326.0,False,SOFT,24.0,True,Haas F1 Team,5938.977,2026-09-26 11:45:56.442,1,11.0,False,,False,True
6156.791,BEA,87,108.743,25.0,1.0,,,38.743,44.412,25.588,6086.791,6131.203,6156.791,192.0,213.0,307.0,326.0,False,SOFT,25.0,True,Haas F1 Team,6048.048,2026-09-26 11:47:45.513,1,11.0,False,,False,True
6265.339,BEA,87,108.548,26.0,1.0,,,38.644,44.244,25.66,6195.435,6239.679,6265.339,197.0,211.0,308.0,325.0,True,SOFT,26.0,True,Haas F1 Team,6156.791,2026-09-26 11:49:34.256,1,11.0,False,,False,True
6373.968,BEA,87,108.629,27.0,1.0,,,38.633,44.435,25.561,6303.972,6348.407,6373.968,196.0,212.0,307.0,325.0,False,SOFT,27.0,True,Haas F1 Team,6265.339,2026-09-26 11:51:22.804,1,11.0,False,,False,True
6482.553,BEA,87,108.585,28.0,1.0,,,38.633,44.487,25.465,,6457.088,6482.553,199.0,208.0,312.0,326.0,False,SOFT,28.0,True,Haas F1 Team,6373.968,2026-09-26 11:53:11.433,1,11.0,False,,False,True
6591.531,BEA,87,108.978,29.0,1.0,,,38.9,44.543,25.535,6521.453,6565.996,6591.531,193.0,212.0,308.0,325.0,False,SOFT,29.0,True,Haas F1 Team,6482.553,2026-09-26 11:55:00.018,12,11.0,False,,False,True
6718.771,BEA,87,127.24,30.0,1.0,,6717.468,38.81,47.508,40.922,6630.341,6677.849,6718.771,198.0,156.0,,226.0,False,SOFT,30.0,True,Haas F1 Team,6591.531,2026-09-26 11:56:48.996,124,11.0,False,,False,False
6884.708,BEA,87,,31.0,2.0,6738.756,,68.422,58.451,38.981,6787.408,6845.792,6884.708,97.0,141.0,251.0,201.0,False,MEDIUM,1.0,True,Haas F1 Team,6718.771,2026-09-26 11:58:56.236,4,12.0,False,,False,False
7013.053,BEA,87,128.345,32.0,2.0,,,43.799,54.341,30.205,6928.507,6982.848,7013.053,119.0,185.0,254.0,256.0,False,MEDIUM,2.0,True,Haas F1 Team,6884.708,2026-09-26 12:01:42.173,4,11.0,False,,False,False
7158.718,BEA,87,145.665,33.0,2.0,,,43.752,64.446,37.467,7056.805,7121.251,7158.718,94.0,162.0,213.0,193.0,False,MEDIUM,3.0,True,Haas F1 Team,7013.053,2026-09-26 12:03:50.518,4,11.0,False,,False,False
7322.514,BEA,87,,34.0,2.0,,,62.771,63.196,37.862,7221.593,7284.656,7322.612,168.0,173.0,280.0,225.0,False,MEDIUM,4.0,True,Haas F1 Team,7158.718,2026-09-26 12:06:16.183,4,11.0,False,,False,False
7470.182,BEA,87,147.668,35.0,2.0,,,51.397,62.404,33.867,7373.911,7436.315,7470.182,156.0,121.0,314.0,237.0,False,MEDIUM,5.0,True,Haas F1 Team,7322.514,2026-09-26 12:08:59.979,41,11.0,False,,False,False
7612.361,BEA,87,142.179,36.0,2.0,,7611.15,43.292,55.828,43.059,7513.474,7569.302,7612.361,146.0,115.0,,209.0,False,MEDIUM,6.0,True,Haas F1 Team,7470.182,2026-09-26 12:11:27.647,124,9.0,False,,False,False
7774.742,BEA,87,,37.0,3.0,7627.441,,61.616,60.725,39.96,7674.057,7734.849,7774.84,85.0,149.0,237.0,221.0,False,MEDIUM,7.0,False,Haas F1 Team,7612.361,2026-09-26 12:13:49.826,4,9.0,False,,False,False
7926.549,BEA,87,,38.0,3.0,,,54.579,63.828,33.503,7829.401,7893.255,7926.731,151.0,141.0,342.0,234.0,False,MEDIUM,8.0,False,Haas F1 Team,7774.742,2026-09-26 12:16:32.207,41,9.0,False,,False,False
8035.969,BEA,87,109.42,39.0,3.0,,,39.867,44.631,24.922,7966.416,8011.047,8035.969,191.0,197.0,333.0,337.0,False,MEDIUM,9.0,False,Haas F1 Team,7926.549,2026-09-26 12:19:04.014,1,9.0,False,,False,True
8144.422,BEA,87,108.453,40.0,3.0,,,39.257,44.23,24.966,8075.226,8119.456,8144.422,191.0,208.0,325.0,338.0,True,MEDIUM,10.0,False,Haas F1 Team,8035.969,2026-09-26 12:20:53.434,12,8.0,False,,False,True
8252.206,BEA,87,107.784,41.0,3.0,,,38.816,43.991,24.977,8183.238,8227.229,8252.206,190.0,208.0,324.0,336.0,True,MEDIUM,11.0,False,Haas F1 Team,8144.422,2026-09-26 12:22:41.887,1,8.0,False,,False,True
8359.722,BEA,87,107.516,42.0,3.0,,,38.581,44.011,24.924,8290.787,8334.798,8359.722,195.0,212.0,325.0,336.0,True,MEDIUM,12.0,False,Haas F1 Team,8252.206,2026-09-26 12:24:29.671,1,8.0,False,,False,True
8467.186,BEA,87,107.464,43.0,3.0,,,38.602,43.912,24.95,8398.324,8442.236,8467.186,192.0,210.0,322.0,333.0,True,MEDIUM,13.0,False,Haas F1 Team,8359.722,2026-09-26 12:26:17.187,1,8.0,False,,False,True
8574.225,BEA,87,107.039,44.0,3.0,,,38.275,43.801,24.963,8505.461,8549.262,8574.225,192.0,205.0,322.0,333.0,True,MEDIUM,14.0,False,Haas F1 Team,8467.186,2026-09-26 12:28:04.651,1,8.0,False,,False,True
8681.203,BEA,87,106.978,45.0,3.0,,,38.351,43.697,24.93,8612.576,8656.273,8681.203,200.0,211.0,322.0,336.0,True,MEDIUM,15.0,False,Haas F1 Team,8574.225,2026-09-26 12:29:51.690,1,8.0,False,,False,True
8788.428,BEA,87,107.225,46.0,3.0,,,38.391,43.917,24.917,8719.594,8763.511,8788.428,194.0,215.0,324.0,336.0,False,MEDIUM,16.0,False,Haas F1 Team,8681.203,2026-09-26 12:31:38.668,1,8.0,False,,False,True
8896.08,BEA,87,107.652,47.0,3.0,,,38.729,43.924,24.999,8827.157,8871.081,8896.08,192.0,212.0,321.0,335.0,False,MEDIUM,17.0,False,Haas F1 Team,8788.428,2026-09-26 12:33:25.893,1,8.0,False,,False,True
9004.745,BEA,87,108.665,48.0,3.0,,,39.548,44.159,24.958,8935.628,8979.787,9004.745,205.0,207.0,321.0,337.0,False,MEDIUM,18.0,False,Haas F1 Team,8896.08,2026-09-26 12:35:13.545,1,9.0,False,,False,True
9112.0,BEA,87,107.255,49.0,3.0,,,38.358,43.916,24.981,9043.103,9087.019,9112.0,203.0,206.0,318.0,336.0,False,MEDIUM,19.0,False,Haas F1 Team,9004.745,2026-09-26 12:37:02.210,1,9.0,False,,False,True
9219.243,BEA,87,107.243,50.0,3.0,,,38.33,44.054,24.859,9150.33,9194.384,9219.243,196.0,207.0,325.0,340.0,False,MEDIUM,20.0,False,Haas F1 Team,9112.0,2026-09-26 12:38:49.465,12,9.0,False,,False,True
9327.603,BEA,87,108.36,51.0,3.0,,,38.476,44.971,24.913,9257.719,9302.69,9327.603,198.0,194.0,320.0,334.0,False,MEDIUM,21.0,False,Haas F1 Team,9219.243,2026-09-26 12:40:36.708,12,9.0,True,TRACK LIMITS AT TURN 15 LAP 51 ,False,True
