Time,Driver,DriverNumber,LapTime,LapNumber,Stint,PitOutTime,PitInTime,Sector1Time,Sector2Time,Sector3Time,Sector1SessionTime,Sector2SessionTime,Sector3SessionTime,SpeedI1,SpeedI2,SpeedFL,SpeedST,IsPersonalBest,Compound,TyreLife,FreshTyre,Team,LapStartTime,LapStartDate,TrackStatus,Position,Deleted,DeletedReason,FastF1Generated,IsAccurate
3540.108,NOR,1,98.115,1.0,1.0,,,,34.453,25.729,,3514.505,3540.288,213.0,183.0,273.0,298.0,False,MEDIUM,1.0,True,McLaren,3441.749,2026-05-03 17:04:02.494,1,3.0,False,,False,False
3632.878,NOR,1,92.77,2.0,1.0,,,32.593,34.6,25.577,3572.761,3607.361,3632.938,211.0,184.0,271.0,317.0,True,MEDIUM,2.0,True,McLaren,3540.108,2026-05-03 17:05:40.853,1,3.0,False,,False,True
3726.141,NOR,1,93.263,3.0,1.0,,,32.816,34.702,25.745,3665.754,3700.456,3726.201,209.0,185.0,270.0,313.0,False,MEDIUM,3.0,True,McLaren,3632.878,2026-05-03 17:07:13.623,1,3.0,False,,False,True
3819.955,NOR,1,93.814,4.0,1.0,,,33.089,34.864,25.861,3759.29,3794.154,3820.015,205.0,186.0,273.0,310.0,False,MEDIUM,4.0,True,McLaren,3726.141,2026-05-03 17:08:46.886,1,3.0,False,,False,True
3913.797,NOR,1,93.842,5.0,1.0,,,32.883,35.214,25.745,3852.898,3888.112,3913.857,210.0,183.0,281.0,308.0,False,MEDIUM,5.0,True,McLaren,3819.955,2026-05-03 17:10:20.700,12,3.0,False,,False,True
4044.147,NOR,1,130.35,6.0,1.0,,,40.675,51.989,37.686,3954.532,4006.521,4044.207,84.0,108.0,249.0,98.0,False,MEDIUM,6.0,True,McLaren,3913.797,2026-05-03 17:11:54.542,24,2.0,False,,False,False
4181.989,NOR,1,137.842,7.0,1.0,,,41.553,54.69,41.599,4085.76,4140.45,4182.049,119.0,108.0,192.0,132.0,False,MEDIUM,7.0,True,McLaren,4044.147,2026-05-03 17:14:04.892,4,2.0,False,,False,False
4324.388,NOR,1,142.399,8.0,1.0,,,50.043,54.546,37.81,4232.092,4286.638,4324.448,108.0,97.0,240.0,110.0,False,MEDIUM,8.0,True,McLaren,4181.989,2026-05-03 17:16:22.734,4,2.0,False,,False,False
4472.014,NOR,1,147.626,9.0,1.0,,,48.536,55.467,43.623,4372.984,4428.451,4472.074,138.0,84.0,228.0,156.0,False,MEDIUM,9.0,True,McLaren,4324.388,2026-05-03 17:18:45.133,4,2.0,False,,False,False
4611.133,NOR,1,139.119,10.0,1.0,,,48.549,55.495,35.075,4520.623,4576.118,4611.193,120.0,94.0,223.0,211.0,False,MEDIUM,10.0,True,McLaren,4472.014,2026-05-03 17:21:12.759,4,2.0,False,,False,False
4761.96,NOR,1,,11.0,1.0,,,47.831,47.757,55.27,4659.161,4706.894,4762.243,134.0,125.0,276.0,63.0,False,MEDIUM,11.0,True,McLaren,4611.133,2026-05-03 17:23:31.878,41,2.0,False,,False,False
4854.516,NOR,1,92.556,12.0,1.0,,,32.418,34.694,25.444,4794.438,4829.132,4854.576,213.0,189.0,281.0,310.0,True,MEDIUM,12.0,True,McLaren,4761.96,2026-05-03 17:26:02.705,1,2.0,False,,False,True
4947.41,NOR,1,92.894,13.0,1.0,,,32.681,34.671,25.542,4887.257,4921.928,4947.47,213.0,188.0,274.0,306.0,False,MEDIUM,13.0,True,McLaren,4854.516,2026-05-03 17:27:35.261,1,1.0,False,,False,True
5040.204,NOR,1,92.794,14.0,1.0,,,32.324,34.849,25.621,4979.794,5014.643,5040.264,212.0,187.0,276.0,306.0,False,MEDIUM,14.0,True,McLaren,4947.41,2026-05-03 17:29:08.155,1,1.0,False,,False,True
5133.191,NOR,1,92.987,15.0,1.0,,,32.39,34.976,25.621,5072.654,5107.63,5133.251,209.0,187.0,276.0,305.0,False,MEDIUM,15.0,True,McLaren,5040.204,2026-05-03 17:30:40.949,1,1.0,False,,False,True
5226.061,NOR,1,92.87,16.0,1.0,,,32.306,34.906,25.658,5165.557,5200.463,5226.121,211.0,187.0,275.0,305.0,False,MEDIUM,16.0,True,McLaren,5133.191,2026-05-03 17:32:13.936,12,1.0,False,,False,True
5319.155,NOR,1,93.094,17.0,1.0,,,32.405,35.03,25.659,5258.526,5293.556,5319.215,210.0,187.0,276.0,304.0,False,MEDIUM,17.0,True,McLaren,5226.061,2026-05-03 17:33:46.806,1,1.0,False,,False,True
5412.195,NOR,1,93.04,18.0,1.0,,,32.364,35.022,25.654,5351.579,5386.601,5412.255,211.0,185.0,276.0,305.0,False,MEDIUM,18.0,True,McLaren,5319.155,2026-05-03 17:35:19.900,1,1.0,False,,False,True
5505.203,NOR,1,93.008,19.0,1.0,,,32.283,35.061,25.664,5444.538,5479.599,5505.263,209.0,186.0,276.0,305.0,False,MEDIUM,19.0,True,McLaren,5412.195,2026-05-03 17:36:52.940,1,1.0,False,,False,True
5598.396,NOR,1,93.193,20.0,1.0,,,32.444,35.079,25.67,5537.707,5572.786,5598.456,210.0,187.0,276.0,304.0,False,MEDIUM,20.0,True,McLaren,5505.203,2026-05-03 17:38:25.948,1,1.0,False,,False,True
5691.277,NOR,1,92.881,21.0,1.0,,,32.334,34.827,25.72,5630.79,5665.617,5691.337,211.0,186.0,276.0,304.0,False,MEDIUM,21.0,True,McLaren,5598.396,2026-05-03 17:39:59.141,1,1.0,False,,False,True
5784.325,NOR,1,93.048,22.0,1.0,,,32.369,34.868,25.811,5723.706,5758.574,5784.385,209.0,187.0,275.0,303.0,False,MEDIUM,22.0,True,McLaren,5691.277,2026-05-03 17:41:32.022,1,1.0,False,,False,True
5877.423,NOR,1,93.098,23.0,1.0,,,32.291,35.073,25.734,5816.676,5851.749,5877.483,209.0,187.0,276.0,305.0,False,MEDIUM,23.0,True,McLaren,5784.325,2026-05-03 17:43:05.070,1,1.0,False,,False,True
5970.516,NOR,1,93.093,24.0,1.0,,,32.353,35.069,25.671,5909.836,5944.905,5970.576,211.0,186.0,278.0,306.0,False,MEDIUM,24.0,True,McLaren,5877.423,2026-05-03 17:44:38.168,1,1.0,False,,False,True
6063.9,NOR,1,93.384,25.0,1.0,,,32.476,35.253,25.655,6003.052,6038.305,6063.96,209.0,187.0,278.0,306.0,False,MEDIUM,25.0,True,McLaren,5970.516,2026-05-03 17:46:11.261,1,1.0,False,,False,True
6156.959,NOR,1,93.059,26.0,1.0,,,32.397,34.932,25.73,6096.357,6131.289,6157.019,212.0,186.0,279.0,306.0,False,MEDIUM,26.0,True,McLaren,6063.9,2026-05-03 17:47:44.645,1,1.0,False,,False,True
6255.463,NOR,1,98.504,27.0,1.0,,6249.959,32.644,35.079,30.781,6189.663,6224.742,6255.523,210.0,186.0,,313.0,False,MEDIUM,27.0,True,McLaren,6156.959,2026-05-03 17:49:17.704,1,1.0,False,,False,False
6362.616,NOR,1,107.153,28.0,2.0,6272.511,,46.898,34.483,25.772,6302.421,6336.904,6362.676,213.0,188.0,274.0,301.0,False,HARD,1.0,True,McLaren,6255.463,2026-05-03 17:50:56.208,1,3.0,False,,False,False
6456.067,NOR,1,93.451,29.0,2.0,,,32.814,34.969,25.668,6395.49,6430.459,6456.127,214.0,187.0,275.0,314.0,False,HARD,2.0,True,McLaren,6362.616,2026-05-03 17:52:43.361,1,2.0,False,,False,True
6548.314,NOR,1,92.247,30.0,2.0,,,32.402,34.47,25.375,6488.529,6522.999,6548.374,214.0,188.0,282.0,313.0,True,HARD,3.0,True,McLaren,6456.067,2026-05-03 17:54:16.812,1,2.0,False,,False,True
6640.383,NOR,1,92.069,31.0,2.0,,,32.221,34.432,25.416,6580.595,6615.027,6640.443,214.0,188.0,284.0,317.0,True,HARD,4.0,True,McLaren,6548.314,2026-05-03 17:55:49.059,1,2.0,False,,False,True
6732.538,NOR,1,92.155,32.0,2.0,,,32.204,34.587,25.364,6672.647,6707.234,6732.598,212.0,187.0,282.0,316.0,False,HARD,5.0,True,McLaren,6640.383,2026-05-03 17:57:21.128,1,2.0,False,,False,True
6824.529,NOR,1,91.991,33.0,2.0,,,31.956,34.58,25.455,6764.554,6799.134,6824.589,212.0,186.0,282.0,319.0,True,HARD,6.0,True,McLaren,6732.538,2026-05-03 17:58:53.283,1,2.0,False,,False,True
6916.849,NOR,1,92.32,34.0,2.0,,,32.266,34.684,25.37,6856.855,6891.539,6916.909,213.0,185.0,282.0,318.0,False,HARD,7.0,True,McLaren,6824.529,2026-05-03 18:00:25.274,1,2.0,False,,False,True
7008.718,NOR,1,91.869,35.0,2.0,,,31.893,34.8,25.176,6948.802,6983.602,7008.778,210.0,187.0,283.0,321.0,True,HARD,8.0,True,McLaren,6916.849,2026-05-03 18:01:57.594,1,2.0,False,,False,True
7101.044,NOR,1,92.326,36.0,2.0,,,32.166,34.835,25.325,7040.944,7075.779,7101.104,209.0,186.0,271.0,330.0,False,HARD,9.0,True,McLaren,7008.718,2026-05-03 18:03:29.463,1,2.0,False,,False,True
7193.435,NOR,1,92.391,37.0,2.0,,,32.206,34.813,25.372,7133.31,7168.123,7193.495,212.0,183.0,284.0,318.0,False,HARD,10.0,True,McLaren,7101.044,2026-05-03 18:05:01.789,1,2.0,False,,False,True
7285.818,NOR,1,92.383,38.0,2.0,,,32.187,34.915,25.281,7225.682,7260.597,7285.878,212.0,186.0,282.0,323.0,False,HARD,11.0,True,McLaren,7193.435,2026-05-03 18:06:34.180,1,2.0,False,,False,True
7378.475,NOR,1,92.657,39.0,2.0,,,32.544,34.824,25.289,7318.422,7353.246,7378.535,211.0,183.0,286.0,322.0,False,HARD,12.0,True,McLaren,7285.818,2026-05-03 18:08:06.563,1,2.0,False,,False,True
7471.115,NOR,1,92.64,40.0,2.0,,,32.468,34.753,25.419,7411.003,7445.756,7471.175,208.0,186.0,284.0,322.0,False,HARD,13.0,True,McLaren,7378.475,2026-05-03 18:09:39.220,1,2.0,False,,False,True
7563.791,NOR,1,92.676,41.0,2.0,,,32.599,34.767,25.31,7503.774,7538.541,7563.851,210.0,183.0,284.0,320.0,False,HARD,14.0,True,McLaren,7471.115,2026-05-03 18:11:11.860,1,2.0,False,,False,True
7656.453,NOR,1,92.662,42.0,2.0,,,32.325,34.922,25.415,7596.176,7631.098,7656.513,213.0,186.0,286.0,319.0,False,HARD,15.0,True,McLaren,7563.791,2026-05-03 18:12:44.536,1,2.0,True,TRACK LIMITS AT TURN 5 LAP 42 ,False,True
7748.944,NOR,1,92.491,43.0,2.0,,,32.159,34.897,25.435,7688.672,7723.569,7749.004,207.0,186.0,284.0,318.0,False,HARD,16.0,True,McLaren,7656.453,2026-05-03 18:14:17.198,1,2.0,False,,False,True
7841.535,NOR,1,92.591,44.0,2.0,,,32.378,34.747,25.466,7781.382,7816.129,7841.595,212.0,186.0,285.0,317.0,False,HARD,17.0,True,McLaren,7748.944,2026-05-03 18:15:49.689,1,2.0,False,,False,True
7934.004,NOR,1,92.469,45.0,2.0,,,32.091,34.829,25.549,7873.686,7908.515,7934.064,211.0,186.0,283.0,314.0,False,HARD,18.0,True,McLaren,7841.535,2026-05-03 18:17:22.280,1,2.0,False,,False,True
8026.719,NOR,1,92.715,46.0,2.0,,,32.259,34.78,25.676,7966.323,8001.103,8026.779,211.0,186.0,280.0,313.0,False,HARD,19.0,True,McLaren,7934.004,2026-05-03 18:18:54.749,1,2.0,False,,False,True
8118.954,NOR,1,92.235,47.0,2.0,,,32.136,34.698,25.401,8058.915,8093.613,8119.014,213.0,186.0,281.0,315.0,False,HARD,20.0,True,McLaren,8026.719,2026-05-03 18:20:27.464,1,2.0,False,,False,True
8211.352,NOR,1,92.398,48.0,2.0,,,32.189,34.767,25.442,8151.203,8185.97,8211.412,212.0,185.0,281.0,316.0,False,HARD,21.0,True,McLaren,8118.954,2026-05-03 18:21:59.699,12,2.0,False,,False,True
8303.621,NOR,1,92.269,49.0,2.0,,,32.263,34.571,25.435,8243.675,8278.246,8303.681,211.0,187.0,280.0,317.0,False,HARD,22.0,True,McLaren,8211.352,2026-05-03 18:23:32.097,1,2.0,False,,False,True
8396.049,NOR,1,92.428,50.0,2.0,,,32.249,34.72,25.459,8335.93,8370.65,8396.109,207.0,187.0,282.0,318.0,False,HARD,23.0,True,McLaren,8303.621,2026-05-03 18:25:04.366,1,2.0,False,,False,True
8488.443,NOR,1,92.394,51.0,2.0,,,32.203,34.802,25.389,8428.312,8463.114,8488.503,214.0,185.0,284.0,324.0,False,HARD,24.0,True,McLaren,8396.049,2026-05-03 18:26:36.794,1,2.0,False,,False,True
8580.907,NOR,1,92.464,52.0,2.0,,,32.159,35.004,25.301,8520.662,8555.666,8580.967,212.0,183.0,285.0,323.0,False,HARD,25.0,True,McLaren,8488.443,2026-05-03 18:28:09.188,1,2.0,False,,False,True
8673.645,NOR,1,92.738,53.0,2.0,,,32.57,34.784,25.384,8613.537,8648.321,8673.705,210.0,187.0,285.0,316.0,False,HARD,26.0,True,McLaren,8580.907,2026-05-03 18:29:41.652,1,2.0,False,,False,True
8765.683,NOR,1,92.038,54.0,2.0,,,31.961,34.654,25.423,8705.666,8740.32,8765.743,212.0,187.0,282.0,316.0,False,HARD,27.0,True,McLaren,8673.645,2026-05-03 18:31:14.390,1,2.0,False,,False,True
8858.176,NOR,1,92.493,55.0,2.0,,,32.37,34.848,25.275,8798.113,8832.961,8858.236,212.0,186.0,283.0,321.0,False,HARD,28.0,True,McLaren,8765.683,2026-05-03 18:32:46.428,1,2.0,False,,False,True
8951.025,NOR,1,92.849,56.0,2.0,,,32.413,34.893,25.543,8890.649,8925.542,8951.085,212.0,187.0,283.0,315.0,False,HARD,29.0,True,McLaren,8858.176,2026-05-03 18:34:18.921,1,2.0,False,,False,True
9044.499,NOR,1,93.474,57.0,2.0,,,32.345,34.947,26.182,8983.43,9018.377,9044.559,212.0,186.0,282.0,315.0,False,HARD,30.0,True,McLaren,8951.025,2026-05-03 18:35:51.770,12,2.0,False,,False,True
3547.236,GAS,10,105.243,1.0,1.0,,,,37.363,26.123,,3521.251,3547.606,204.0,176.0,277.0,303.0,False,MEDIUM,1.0,True,Alpine,3441.749,2026-05-03 17:04:02.494,1,12.0,False,,False,False
3642.812,GAS,10,95.576,2.0,1.0,,,34.166,35.189,26.221,3581.432,3616.621,3642.842,203.0,183.0,258.0,312.0,True,MEDIUM,2.0,True,Alpine,3547.236,2026-05-03 17:05:47.981,1,11.0,False,,False,True
3737.858,GAS,10,95.046,3.0,1.0,,,33.854,35.291,25.901,3676.696,3711.987,3737.888,212.0,181.0,262.0,320.0,True,MEDIUM,3.0,True,Alpine,3642.812,2026-05-03 17:07:23.557,1,11.0,False,,False,True
3832.714,GAS,10,94.856,4.0,1.0,,,33.93,35.021,25.905,3771.818,3806.839,3832.744,211.0,185.0,260.0,311.0,True,MEDIUM,4.0,True,Alpine,3737.858,2026-05-03 17:08:58.603,1,11.0,False,,False,True
3982.714,GAS,10,,5.0,1.0,,,,,,,,,,,,,,MEDIUM,5.0,True,Alpine,3832.714,2026-05-03 17:10:33.459,124,,False,,True,False
3549.917,PER,11,107.924,1.0,1.0,,,,37.85,26.42,,3523.718,3550.03,205.0,175.0,279.0,295.0,False,MEDIUM,1.0,True,Cadillac,3441.749,2026-05-03 17:04:02.494,1,17.0,False,,False,False
3646.7,PER,11,96.783,2.0,1.0,,,34.763,36.096,25.924,3584.774,3620.87,3646.794,210.0,183.0,276.0,291.0,True,MEDIUM,2.0,True,Cadillac,3549.917,2026-05-03 17:05:50.662,1,17.0,False,,False,True
3743.709,PER,11,97.009,3.0,1.0,,,34.616,36.358,26.035,3681.41,3717.768,3743.803,203.0,183.0,276.0,277.0,False,MEDIUM,3.0,True,Cadillac,3646.7,2026-05-03 17:07:27.445,1,18.0,False,,False,True
3840.016,PER,11,96.307,4.0,1.0,,,34.425,35.585,26.297,3778.228,3813.813,3840.11,210.0,183.0,277.0,282.0,True,MEDIUM,4.0,True,Cadillac,3743.709,2026-05-03 17:09:04.454,1,18.0,False,,False,True
3936.844,PER,11,96.828,5.0,1.0,,,34.235,35.829,26.764,3874.345,3910.174,3936.938,208.0,178.0,245.0,292.0,False,MEDIUM,5.0,True,Cadillac,3840.016,2026-05-03 17:10:40.761,124,14.0,False,,False,False
4071.521,PER,11,134.677,6.0,1.0,,,44.577,51.251,38.849,3981.515,4032.766,4071.615,179.0,129.0,273.0,102.0,False,MEDIUM,6.0,True,Cadillac,3936.844,2026-05-03 17:12:17.589,4,14.0,False,,False,False
4200.414,PER,11,128.893,7.0,1.0,,,39.402,48.06,41.431,4111.017,4159.077,4200.508,152.0,100.0,273.0,98.0,False,MEDIUM,7.0,True,Cadillac,4071.521,2026-05-03 17:14:32.266,4,13.0,False,,False,False
4341.863,PER,11,141.449,8.0,1.0,,,42.953,57.7,40.796,4243.461,4301.161,4341.957,115.0,58.0,196.0,95.0,False,MEDIUM,8.0,True,Cadillac,4200.414,2026-05-03 17:16:41.159,4,13.0,False,,False,False
4484.986,PER,11,143.123,9.0,1.0,,,44.365,58.947,39.811,4386.322,4445.269,4485.08,105.0,88.0,246.0,120.0,False,MEDIUM,9.0,True,Cadillac,4341.863,2026-05-03 17:19:02.608,4,13.0,False,,False,False
4625.158,PER,11,140.172,10.0,1.0,,,46.616,58.783,34.773,4531.696,4590.479,4625.252,99.0,107.0,217.0,144.0,False,MEDIUM,10.0,True,Cadillac,4484.986,2026-05-03 17:21:25.731,4,13.0,False,,False,False
4767.564,PER,11,142.406,11.0,1.0,,,46.572,45.727,50.107,4671.824,4717.551,4767.658,115.0,124.0,278.0,39.0,False,MEDIUM,11.0,True,Cadillac,4625.158,2026-05-03 17:23:45.903,41,13.0,False,,False,False
4864.515,PER,11,96.951,12.0,1.0,,,33.776,36.869,26.306,4801.434,4838.303,4864.609,209.0,184.0,272.0,294.0,False,MEDIUM,12.0,True,Cadillac,4767.564,2026-05-03 17:26:08.309,1,13.0,True,TRACK LIMITS AT TURN 11 LAP 12 ,False,True
4961.12,PER,11,96.605,13.0,1.0,,,34.553,35.995,26.057,4899.162,4935.157,4961.214,203.0,182.0,279.0,282.0,False,MEDIUM,13.0,True,Cadillac,4864.515,2026-05-03 17:27:45.260,1,15.0,False,,False,True
5057.691,PER,11,96.571,14.0,1.0,,,34.885,35.611,26.075,4996.099,5031.71,5057.785,209.0,182.0,276.0,293.0,False,MEDIUM,14.0,True,Cadillac,4961.12,2026-05-03 17:29:21.865,1,15.0,False,,False,True
5153.905,PER,11,96.214,15.0,1.0,,,34.085,35.75,26.379,5091.87,5127.62,5153.999,206.0,183.0,277.0,303.0,True,MEDIUM,15.0,True,Cadillac,5057.691,2026-05-03 17:30:58.436,12,15.0,False,,False,True
5250.309,PER,11,96.404,16.0,1.0,,,34.233,35.989,26.182,5188.232,5224.221,5250.403,206.0,182.0,278.0,301.0,False,MEDIUM,16.0,True,Cadillac,5153.905,2026-05-03 17:32:34.650,1,15.0,False,,False,True
5346.745,PER,11,96.436,17.0,1.0,,,34.134,35.977,26.325,5284.537,5320.514,5346.839,208.0,182.0,276.0,290.0,False,MEDIUM,17.0,True,Cadillac,5250.309,2026-05-03 17:34:11.054,1,15.0,False,,False,True
5443.303,PER,11,96.558,18.0,1.0,,,34.039,36.051,26.468,5380.878,5416.929,5443.397,205.0,182.0,275.0,285.0,False,MEDIUM,18.0,True,Cadillac,5346.745,2026-05-03 17:35:47.490,1,15.0,False,,False,True
5539.708,PER,11,96.405,19.0,1.0,,,34.08,35.893,26.432,5477.477,5513.37,5539.802,206.0,182.0,278.0,291.0,False,MEDIUM,19.0,True,Cadillac,5443.303,2026-05-03 17:37:24.048,1,15.0,False,,False,True
5636.206,PER,11,96.498,20.0,1.0,,,34.125,36.033,26.34,5573.927,5609.96,5636.3,203.0,182.0,278.0,293.0,False,MEDIUM,20.0,True,Cadillac,5539.708,2026-05-03 17:39:00.453,1,15.0,False,,False,True
5732.726,PER,11,96.52,21.0,1.0,,,34.131,36.094,26.295,5670.431,5706.525,5732.82,203.0,180.0,280.0,296.0,False,MEDIUM,21.0,True,Cadillac,5636.206,2026-05-03 17:40:36.951,1,15.0,False,,False,True
5828.981,PER,11,96.255,22.0,1.0,,,33.943,35.882,26.43,5766.763,5802.645,5829.075,208.0,183.0,276.0,291.0,False,MEDIUM,22.0,True,Cadillac,5732.726,2026-05-03 17:42:13.471,1,15.0,False,,False,True
5925.598,PER,11,96.617,23.0,1.0,,,34.193,36.081,26.343,5863.268,5899.349,5925.692,203.0,182.0,280.0,297.0,False,MEDIUM,23.0,True,Cadillac,5828.981,2026-05-03 17:43:49.726,1,15.0,False,,False,True
6021.951,PER,11,96.353,24.0,1.0,,,33.973,36.086,26.294,5959.665,5995.751,6022.045,207.0,184.0,278.0,294.0,False,MEDIUM,24.0,True,Cadillac,5925.598,2026-05-03 17:45:26.343,1,15.0,False,,False,True
6118.683,PER,11,96.732,25.0,1.0,,,34.042,36.314,26.376,6056.087,6092.401,6118.777,204.0,184.0,276.0,295.0,False,MEDIUM,25.0,True,Cadillac,6021.951,2026-05-03 17:47:02.696,1,15.0,False,,False,True
6214.961,PER,11,96.278,26.0,1.0,,,33.963,35.878,26.437,6152.74,6188.618,6215.055,205.0,184.0,277.0,290.0,False,MEDIUM,26.0,True,Cadillac,6118.683,2026-05-03 17:48:39.428,1,15.0,False,,False,True
6311.346,PER,11,96.385,27.0,1.0,,,33.927,35.978,26.48,6248.982,6284.96,6311.44,207.0,183.0,278.0,290.0,False,MEDIUM,27.0,True,Cadillac,6214.961,2026-05-03 17:50:15.706,1,15.0,False,,False,True
6408.265,PER,11,96.919,28.0,1.0,,,34.169,36.368,26.382,6345.609,6381.977,6408.359,202.0,180.0,281.0,291.0,False,MEDIUM,28.0,True,Cadillac,6311.346,2026-05-03 17:51:52.091,1,15.0,False,,False,True
6510.547,PER,11,102.282,29.0,1.0,,6505.241,34.077,36.082,32.123,6442.436,6478.518,6510.641,204.0,182.0,,299.0,False,MEDIUM,29.0,True,Cadillac,6408.265,2026-05-03 17:53:29.010,1,15.0,False,,False,False
6620.4,PER,11,109.853,30.0,2.0,6528.425,,48.761,35.174,25.918,6559.402,6594.576,6620.494,212.0,188.0,285.0,283.0,False,HARD,1.0,True,Cadillac,6510.547,2026-05-03 17:55:11.292,1,16.0,False,,False,False
6715.295,PER,11,94.895,31.0,2.0,,,32.995,35.639,26.261,6653.489,6689.128,6715.389,211.0,186.0,276.0,290.0,True,HARD,2.0,True,Cadillac,6620.4,2026-05-03 17:57:01.145,1,16.0,False,,False,True
6810.674,PER,11,95.379,32.0,2.0,,,33.465,35.692,26.222,6748.854,6784.546,6810.768,208.0,185.0,281.0,284.0,False,HARD,3.0,True,Cadillac,6715.295,2026-05-03 17:58:36.040,1,16.0,False,,False,True
6905.685,PER,11,95.011,33.0,2.0,,,33.134,35.651,26.226,6843.902,6879.553,6905.779,211.0,185.0,280.0,286.0,False,HARD,4.0,True,Cadillac,6810.674,2026-05-03 18:00:11.419,1,16.0,False,,False,True
7000.997,PER,11,95.312,34.0,2.0,,,33.417,35.695,26.2,6939.196,6974.891,7001.091,209.0,185.0,277.0,295.0,False,HARD,5.0,True,Cadillac,6905.685,2026-05-03 18:01:46.430,1,16.0,False,,False,True
7096.645,PER,11,95.648,35.0,2.0,,,33.576,35.946,26.126,7034.667,7070.613,7096.739,206.0,183.0,280.0,295.0,False,HARD,6.0,True,Cadillac,7000.997,2026-05-03 18:03:21.742,1,16.0,False,,False,True
7194.507,PER,11,97.862,36.0,2.0,,,33.519,36.116,28.227,7130.258,7166.374,7194.601,208.0,171.0,285.0,279.0,False,HARD,7.0,True,Cadillac,7096.645,2026-05-03 18:04:57.390,1,16.0,False,,False,True
7290.24,PER,11,95.733,37.0,2.0,,,33.724,35.673,26.336,7228.325,7263.998,7290.334,205.0,182.0,280.0,281.0,False,HARD,8.0,True,Cadillac,7194.507,2026-05-03 18:06:35.252,1,16.0,False,,False,True
7385.779,PER,11,95.539,38.0,2.0,,,33.559,35.875,26.105,7323.893,7359.768,7385.873,208.0,184.0,281.0,297.0,False,HARD,9.0,True,Cadillac,7290.24,2026-05-03 18:08:10.985,1,16.0,False,,False,True
7481.608,PER,11,95.829,39.0,2.0,,,33.769,35.878,26.182,7419.642,7455.52,7481.702,206.0,183.0,282.0,289.0,False,HARD,10.0,True,Cadillac,7385.779,2026-05-03 18:09:46.524,1,16.0,False,,False,True
7578.778,PER,11,97.17,40.0,2.0,,,33.602,36.429,27.139,7515.304,7551.733,7578.872,207.0,164.0,286.0,260.0,False,HARD,11.0,True,Cadillac,7481.608,2026-05-03 18:11:22.353,1,16.0,False,,False,True
7676.128,PER,11,97.35,41.0,2.0,,,33.548,37.053,26.749,7612.42,7649.473,7676.222,211.0,117.0,278.0,296.0,False,HARD,12.0,True,Cadillac,7578.778,2026-05-03 18:12:59.523,1,16.0,False,,False,True
7772.806,PER,11,96.678,42.0,2.0,,,33.682,36.926,26.07,7709.904,7746.83,7772.9,208.0,183.0,281.0,304.0,False,HARD,13.0,True,Cadillac,7676.128,2026-05-03 18:14:36.873,1,15.0,False,,False,True
7869.985,PER,11,97.179,43.0,2.0,,,33.711,37.059,26.409,7806.611,7843.67,7870.079,208.0,131.0,286.0,304.0,False,HARD,14.0,True,Cadillac,7772.806,2026-05-03 18:16:13.551,1,15.0,False,,False,True
7965.542,PER,11,95.557,44.0,2.0,,,33.8,35.652,26.105,7903.879,7939.531,7965.636,206.0,181.0,280.0,300.0,False,HARD,15.0,True,Cadillac,7869.985,2026-05-03 18:17:50.730,1,15.0,False,,False,True
8061.918,PER,11,96.376,45.0,2.0,,,33.806,36.619,25.951,7999.442,8036.061,8062.012,205.0,181.0,286.0,304.0,False,HARD,16.0,True,Cadillac,7965.542,2026-05-03 18:19:26.287,1,15.0,False,,False,True
8158.327,PER,11,96.409,46.0,2.0,,,33.554,36.47,26.385,8095.566,8132.036,8158.421,206.0,179.0,262.0,305.0,False,HARD,17.0,True,Cadillac,8061.918,2026-05-03 18:21:02.663,12,15.0,False,,False,True
8255.219,PER,11,96.892,47.0,2.0,,,34.222,36.034,26.636,8192.643,8228.677,8255.313,206.0,183.0,260.0,296.0,False,HARD,18.0,True,Cadillac,8158.327,2026-05-03 18:22:39.072,1,15.0,False,,False,True
8351.853,PER,11,96.634,48.0,2.0,,,34.132,36.058,26.444,8289.445,8325.503,8351.947,208.0,181.0,279.0,298.0,False,HARD,19.0,True,Cadillac,8255.219,2026-05-03 18:24:15.964,1,15.0,False,,False,True
8448.74,PER,11,96.887,49.0,2.0,,,34.011,36.14,26.736,8385.958,8422.098,8448.834,209.0,180.0,273.0,296.0,False,HARD,20.0,True,Cadillac,8351.853,2026-05-03 18:25:52.598,1,15.0,False,,False,True
8545.296,PER,11,96.556,50.0,2.0,,,34.657,35.626,26.273,8483.491,8519.117,8545.39,208.0,182.0,277.0,302.0,False,HARD,21.0,True,Cadillac,8448.74,2026-05-03 18:27:29.485,1,15.0,False,,False,True
8641.607,PER,11,96.311,51.0,2.0,,,33.688,35.833,26.79,8579.078,8614.911,8641.701,206.0,180.0,250.0,311.0,False,HARD,22.0,True,Cadillac,8545.296,2026-05-03 18:29:06.041,1,16.0,False,,False,True
8737.421,PER,11,95.814,52.0,2.0,,,34.02,35.861,25.933,8675.721,8711.582,8737.515,206.0,183.0,279.0,302.0,False,HARD,23.0,True,Cadillac,8641.607,2026-05-03 18:30:42.352,1,16.0,False,,False,True
8832.777,PER,11,95.356,53.0,2.0,,,33.675,35.6,26.081,8771.19,8806.79,8832.871,211.0,183.0,284.0,299.0,False,HARD,24.0,True,Cadillac,8737.421,2026-05-03 18:32:18.166,1,16.0,False,,False,True
8928.279,PER,11,95.502,54.0,2.0,,,33.566,35.719,26.217,8866.437,8902.156,8928.373,209.0,183.0,289.0,294.0,False,HARD,25.0,True,Cadillac,8832.777,2026-05-03 18:33:53.522,1,16.0,False,,False,True
9023.529,PER,11,95.25,55.0,2.0,,,33.514,35.681,26.055,8961.887,8997.568,9023.623,211.0,182.0,284.0,306.0,False,HARD,26.0,True,Cadillac,8928.279,2026-05-03 18:35:29.024,12,16.0,False,,False,True
9118.779,PER,11,95.25,56.0,2.0,,,33.597,35.613,26.04,9057.22,9092.833,9118.873,207.0,182.0,268.0,318.0,False,HARD,27.0,True,Cadillac,9023.529,2026-05-03 18:37:04.274,1,16.0,False,,False,True
3539.236,ANT,12,97.243,1.0,1.0,,,,34.209,25.71,,3513.708,3539.433,213.0,189.0,267.0,311.0,False,MEDIUM,1.0,True,Mercedes,3441.749,2026-05-03 17:04:02.494,1,2.0,False,,False,False
3632.172,ANT,12,92.936,2.0,1.0,,,32.563,34.481,25.892,3571.898,3606.379,3632.271,211.0,188.0,259.0,316.0,True,MEDIUM,2.0,True,Mercedes,3539.236,2026-05-03 17:05:39.981,1,2.0,False,,False,True
3725.396,ANT,12,93.224,3.0,1.0,,,32.814,34.577,25.833,3665.085,3699.662,3725.495,210.0,186.0,263.0,310.0,False,MEDIUM,3.0,True,Mercedes,3632.172,2026-05-03 17:07:12.917,1,2.0,False,,False,True
3818.982,ANT,12,93.586,4.0,1.0,,,32.729,35.095,25.762,3758.224,3793.319,3819.081,212.0,184.0,283.0,303.0,False,MEDIUM,4.0,True,Mercedes,3725.396,2026-05-03 17:08:46.141,1,1.0,False,,False,True
3913.584,ANT,12,94.602,5.0,1.0,,,32.893,35.572,26.137,3851.974,3887.546,3913.683,209.0,186.0,257.0,313.0,False,MEDIUM,5.0,True,Mercedes,3818.982,2026-05-03 17:10:19.727,12,2.0,False,,False,True
4045.677,ANT,12,132.093,6.0,1.0,,,41.747,51.819,38.527,3955.43,4007.249,4045.776,85.0,101.0,241.0,92.0,False,MEDIUM,6.0,True,Mercedes,3913.584,2026-05-03 17:11:54.329,24,3.0,False,,False,False
4182.778,ANT,12,137.101,7.0,1.0,,,40.592,55.122,41.387,4086.368,4141.49,4182.877,121.0,107.0,226.0,140.0,False,MEDIUM,7.0,True,Mercedes,4045.677,2026-05-03 17:14:06.422,4,3.0,False,,False,False
4325.406,ANT,12,142.628,8.0,1.0,,,50.121,54.811,37.696,4232.998,4287.809,4325.505,90.0,80.0,247.0,97.0,False,MEDIUM,8.0,True,Mercedes,4182.778,2026-05-03 17:16:23.523,4,3.0,False,,False,False
4473.426,ANT,12,148.02,9.0,1.0,,,48.055,56.357,43.608,4373.56,4429.917,4473.525,157.0,77.0,231.0,169.0,False,MEDIUM,9.0,True,Mercedes,4325.406,2026-05-03 17:18:46.151,4,3.0,False,,False,False
4612.197,ANT,12,138.771,10.0,1.0,,,48.165,55.71,34.896,4521.69,4577.4,4612.296,119.0,85.0,207.0,235.0,False,MEDIUM,10.0,True,Mercedes,4473.426,2026-05-03 17:21:14.171,4,3.0,False,,False,False
4762.357,ANT,12,,11.0,1.0,,,48.216,47.879,54.069,4660.551,4708.442,4762.542,133.0,118.0,281.0,61.0,False,MEDIUM,11.0,True,Mercedes,4612.197,2026-05-03 17:23:32.942,41,3.0,False,,False,False
4855.4,ANT,12,93.043,12.0,1.0,,,32.726,34.667,25.65,4795.182,4829.849,4855.499,215.0,187.0,260.0,320.0,False,MEDIUM,12.0,True,Mercedes,4762.357,2026-05-03 17:26:03.102,1,3.0,False,,False,True
4948.47,ANT,12,93.07,13.0,1.0,,,32.789,34.815,25.466,4888.288,4923.103,4948.569,211.0,187.0,273.0,319.0,False,MEDIUM,13.0,True,Mercedes,4855.4,2026-05-03 17:27:36.145,1,2.0,False,,False,True
5041.784,ANT,12,93.314,14.0,1.0,,,33.294,34.303,25.717,4981.863,5016.166,5041.883,212.0,186.0,267.0,304.0,False,MEDIUM,14.0,True,Mercedes,4948.47,2026-05-03 17:29:09.215,1,2.0,False,,False,True
5134.964,ANT,12,93.18,15.0,1.0,,,32.618,34.662,25.9,5074.501,5109.163,5135.063,209.0,186.0,258.0,313.0,False,MEDIUM,15.0,True,Mercedes,5041.784,2026-05-03 17:30:42.529,1,2.0,False,,False,True
5228.622,ANT,12,93.658,16.0,1.0,,,32.887,34.798,25.973,5167.95,5202.748,5228.721,210.0,185.0,260.0,310.0,False,MEDIUM,16.0,True,Mercedes,5134.964,2026-05-03 17:32:15.709,12,2.0,False,,False,True
5321.675,ANT,12,93.053,17.0,1.0,,,32.586,34.57,25.897,5261.307,5295.877,5321.774,211.0,185.0,269.0,309.0,False,MEDIUM,17.0,True,Mercedes,5228.622,2026-05-03 17:33:49.367,1,2.0,False,,False,True
5414.919,ANT,12,93.244,18.0,1.0,,,32.549,34.76,25.935,5354.323,5389.083,5415.018,211.0,184.0,265.0,311.0,False,MEDIUM,18.0,True,Mercedes,5321.675,2026-05-03 17:35:22.420,1,2.0,False,,False,True
5508.264,ANT,12,93.345,19.0,1.0,,,32.774,34.648,25.923,5447.792,5482.44,5508.363,208.0,184.0,269.0,310.0,False,MEDIUM,19.0,True,Mercedes,5414.919,2026-05-03 17:36:55.664,1,2.0,True,TRACK LIMITS AT TURN 5 LAP 19 ,False,True
5601.275,ANT,12,93.011,20.0,1.0,,,32.577,34.549,25.885,5540.94,5575.489,5601.374,210.0,184.0,269.0,310.0,False,MEDIUM,20.0,True,Mercedes,5508.264,2026-05-03 17:38:29.009,1,2.0,False,,False,True
5694.424,ANT,12,93.149,21.0,1.0,,,32.71,34.534,25.905,5634.084,5668.618,5694.523,211.0,185.0,269.0,309.0,False,MEDIUM,21.0,True,Mercedes,5601.275,2026-05-03 17:40:02.020,1,2.0,False,,False,True
5787.203,ANT,12,92.779,22.0,1.0,,,32.5,34.488,25.791,5727.023,5761.511,5787.302,210.0,186.0,269.0,309.0,True,MEDIUM,22.0,True,Mercedes,5694.424,2026-05-03 17:41:35.169,1,2.0,False,,False,True
5880.197,ANT,12,92.994,23.0,1.0,,,32.513,34.581,25.9,5819.815,5854.396,5880.296,210.0,184.0,267.0,312.0,False,MEDIUM,23.0,True,Mercedes,5787.203,2026-05-03 17:43:07.948,1,2.0,False,,False,True
5972.999,ANT,12,92.802,24.0,1.0,,,32.418,34.518,25.866,5912.714,5947.232,5973.098,212.0,184.0,265.0,314.0,False,MEDIUM,24.0,True,Mercedes,5880.197,2026-05-03 17:44:40.942,1,2.0,False,,False,True
6066.067,ANT,12,93.068,25.0,1.0,,,32.423,34.87,25.775,6005.521,6040.391,6066.166,211.0,186.0,267.0,312.0,False,MEDIUM,25.0,True,Mercedes,5972.999,2026-05-03 17:46:13.744,1,2.0,False,,False,True
6163.951,ANT,12,97.884,26.0,1.0,,6158.637,32.448,34.563,30.873,6098.614,6133.177,6164.05,209.0,184.0,,313.0,False,MEDIUM,26.0,True,Mercedes,6066.067,2026-05-03 17:47:46.812,1,2.0,False,,False,False
6269.552,ANT,12,105.601,27.0,2.0,6180.687,,46.283,34.093,25.225,6210.333,6244.426,6269.651,218.0,188.0,266.0,326.0,False,HARD,1.0,True,Mercedes,6163.951,2026-05-03 17:49:24.696,1,4.0,False,,False,False
6362.466,ANT,12,92.914,28.0,2.0,,,32.308,34.583,26.023,6301.959,6336.542,6362.565,216.0,185.0,258.0,292.0,False,HARD,2.0,True,Mercedes,6269.552,2026-05-03 17:51:10.297,1,2.0,False,,False,True
6454.797,ANT,12,92.331,29.0,2.0,,,32.558,33.975,25.798,6395.123,6429.098,6454.896,214.0,187.0,275.0,290.0,True,HARD,3.0,True,Mercedes,6362.466,2026-05-03 17:52:43.211,1,1.0,False,,False,True
6547.007,ANT,12,92.21,30.0,2.0,,,32.108,34.411,25.691,6487.004,6521.415,6547.106,212.0,187.0,272.0,301.0,True,HARD,4.0,True,Mercedes,6454.797,2026-05-03 17:54:15.542,1,1.0,False,,False,True
6639.265,ANT,12,92.258,31.0,2.0,,,31.992,34.515,25.751,6579.098,6613.613,6639.364,212.0,187.0,273.0,301.0,False,HARD,5.0,True,Mercedes,6547.007,2026-05-03 17:55:47.752,1,1.0,False,,False,True
6731.311,ANT,12,92.046,32.0,2.0,,,32.068,34.325,25.653,6671.432,6705.757,6731.41,213.0,187.0,273.0,309.0,True,HARD,6.0,True,Mercedes,6639.265,2026-05-03 17:57:20.010,1,1.0,False,,False,True
6823.424,ANT,12,92.113,33.0,2.0,,,32.066,34.475,25.572,6763.476,6797.951,6823.523,212.0,186.0,273.0,309.0,False,HARD,7.0,True,Mercedes,6731.311,2026-05-03 17:58:52.056,1,1.0,False,,False,True
6915.392,ANT,12,91.968,34.0,2.0,,,31.959,34.466,25.543,6855.482,6889.948,6915.491,211.0,187.0,271.0,312.0,True,HARD,8.0,True,Mercedes,6823.424,2026-05-03 18:00:24.169,1,1.0,False,,False,True
7007.879,ANT,12,92.487,35.0,2.0,,,32.212,34.578,25.697,6947.703,6982.281,7007.978,214.0,186.0,268.0,304.0,False,HARD,9.0,True,Mercedes,6915.392,2026-05-03 18:01:56.137,1,1.0,False,,False,True
7100.233,ANT,12,92.354,36.0,2.0,,,32.185,34.587,25.582,7040.163,7074.75,7100.332,212.0,185.0,274.0,313.0,False,HARD,10.0,True,Mercedes,7007.879,2026-05-03 18:03:28.624,1,1.0,False,,False,True
7192.716,ANT,12,92.483,37.0,2.0,,,32.188,34.704,25.591,7132.52,7167.224,7192.815,211.0,183.0,279.0,312.0,False,HARD,11.0,True,Mercedes,7100.233,2026-05-03 18:05:00.978,1,1.0,False,,False,True
7285.139,ANT,12,92.423,38.0,2.0,,,32.221,34.621,25.581,7225.036,7259.657,7285.238,211.0,185.0,275.0,311.0,False,HARD,12.0,True,Mercedes,7192.716,2026-05-03 18:06:33.461,1,1.0,False,,False,True
7377.521,ANT,12,92.382,39.0,2.0,,,32.232,34.598,25.552,7317.47,7352.068,7377.62,214.0,187.0,278.0,313.0,False,HARD,13.0,True,Mercedes,7285.139,2026-05-03 18:08:05.884,1,1.0,False,,False,True
7470.399,ANT,12,92.878,40.0,2.0,,,32.548,34.608,25.722,7410.168,7444.776,7470.498,213.0,186.0,275.0,317.0,False,HARD,14.0,True,Mercedes,7377.521,2026-05-03 18:09:38.266,1,1.0,False,,False,True
7562.73,ANT,12,92.331,41.0,2.0,,,32.274,34.579,25.478,7502.772,7537.351,7562.829,211.0,186.0,284.0,309.0,False,HARD,15.0,True,Mercedes,7470.399,2026-05-03 18:11:11.144,1,1.0,False,,False,True
7655.226,ANT,12,92.496,42.0,2.0,,,32.173,34.72,25.603,7595.002,7629.722,7655.325,213.0,186.0,278.0,311.0,False,HARD,16.0,True,Mercedes,7562.73,2026-05-03 18:12:43.475,1,1.0,False,,False,True
7747.412,ANT,12,92.186,43.0,2.0,,,32.087,34.567,25.532,7687.412,7721.979,7747.511,210.0,185.0,277.0,314.0,False,HARD,17.0,True,Mercedes,7655.226,2026-05-03 18:14:15.971,1,1.0,False,,False,True
7839.623,ANT,12,92.211,44.0,2.0,,,32.144,34.561,25.506,7779.655,7814.216,7839.722,213.0,185.0,279.0,319.0,False,HARD,18.0,True,Mercedes,7747.412,2026-05-03 18:15:48.157,1,1.0,False,,False,True
7932.022,ANT,12,92.399,45.0,2.0,,,32.121,34.66,25.618,7871.843,7906.503,7932.121,213.0,186.0,278.0,311.0,False,HARD,19.0,True,Mercedes,7839.623,2026-05-03 18:17:20.368,1,1.0,True,TRACK LIMITS AT TURN 11 LAP 45 ,False,True
8024.553,ANT,12,92.531,46.0,2.0,,,32.103,34.801,25.627,7964.224,7999.025,8024.652,211.0,185.0,279.0,314.0,False,HARD,20.0,True,Mercedes,7932.022,2026-05-03 18:18:52.767,1,1.0,False,,False,True
8117.335,ANT,12,92.782,47.0,2.0,,,32.714,34.489,25.579,8057.366,8091.855,8117.434,211.0,186.0,276.0,313.0,False,HARD,21.0,True,Mercedes,8024.553,2026-05-03 18:20:25.298,1,1.0,False,,False,True
8209.712,ANT,12,92.377,48.0,2.0,,,32.149,34.682,25.546,8149.583,8184.265,8209.811,214.0,185.0,278.0,314.0,False,HARD,22.0,True,Mercedes,8117.335,2026-05-03 18:21:58.080,12,1.0,False,,False,True
8301.955,ANT,12,92.243,49.0,2.0,,,32.084,34.65,25.509,8241.895,8276.545,8302.054,212.0,185.0,276.0,317.0,False,HARD,23.0,True,Mercedes,8209.712,2026-05-03 18:23:30.457,1,1.0,False,,False,True
8394.052,ANT,12,92.097,50.0,2.0,,,32.102,34.587,25.408,8334.156,8368.743,8394.151,213.0,186.0,281.0,320.0,False,HARD,24.0,True,Mercedes,8301.955,2026-05-03 18:25:02.700,1,1.0,False,,False,True
8486.47,ANT,12,92.418,51.0,2.0,,,32.144,34.714,25.56,8426.295,8461.009,8486.569,213.0,186.0,281.0,321.0,False,HARD,25.0,True,Mercedes,8394.052,2026-05-03 18:26:34.797,1,1.0,False,,False,True
8578.897,ANT,12,92.427,52.0,2.0,,,32.267,34.588,25.572,8518.836,8553.424,8578.996,210.0,186.0,274.0,314.0,False,HARD,26.0,True,Mercedes,8486.47,2026-05-03 18:28:07.215,1,1.0,False,,False,True
8671.251,ANT,12,92.354,53.0,2.0,,,32.07,34.676,25.608,8611.066,8645.742,8671.35,212.0,185.0,273.0,316.0,False,HARD,27.0,True,Mercedes,8578.897,2026-05-03 18:29:39.642,1,1.0,False,,False,True
8763.237,ANT,12,91.986,54.0,2.0,,,32.04,34.599,25.347,8703.39,8737.989,8763.336,213.0,186.0,281.0,321.0,False,HARD,28.0,True,Mercedes,8671.251,2026-05-03 18:31:11.996,1,1.0,False,,False,True
8855.584,ANT,12,92.347,55.0,2.0,,,32.376,34.451,25.52,8795.712,8830.163,8855.683,211.0,186.0,276.0,315.0,False,HARD,29.0,True,Mercedes,8763.237,2026-05-03 18:32:43.982,1,1.0,False,,False,True
8948.17,ANT,12,92.586,56.0,2.0,,,32.122,34.808,25.656,8887.805,8922.613,8948.269,213.0,186.0,279.0,316.0,False,HARD,30.0,True,Mercedes,8855.584,2026-05-03 18:34:16.329,1,1.0,False,,False,True
9041.262,ANT,12,93.092,57.0,2.0,,,32.418,34.81,25.864,8980.687,9015.497,9041.361,214.0,186.0,269.0,322.0,False,HARD,31.0,True,Mercedes,8948.17,2026-05-03 18:35:48.915,12,1.0,False,,False,True
3551.945,ALO,14,109.952,1.0,1.0,,,,38.503,27.007,,3525.173,3551.974,200.0,181.0,263.0,297.0,False,MEDIUM,1.0,True,Aston Martin,3441.749,2026-05-03 17:04:02.494,1,20.0,False,,False,False
3648.572,ALO,14,96.627,2.0,1.0,,,34.472,35.834,26.321,3586.446,3622.28,3648.601,204.0,180.0,271.0,304.0,True,MEDIUM,2.0,True,Aston Martin,3551.945,2026-05-03 17:05:52.690,1,20.0,False,,False,True
3745.077,ALO,14,96.505,3.0,1.0,,,34.435,35.967,26.103,3683.036,3719.003,3745.106,203.0,181.0,273.0,299.0,True,MEDIUM,3.0,True,Aston Martin,3648.572,2026-05-03 17:07:29.317,1,20.0,False,,False,True
3841.527,ALO,14,96.45,4.0,1.0,,,34.101,36.003,26.346,3779.207,3815.21,3841.556,204.0,181.0,275.0,302.0,True,MEDIUM,4.0,True,Aston Martin,3745.077,2026-05-03 17:09:05.822,1,20.0,False,,False,True
3941.669,ALO,14,100.142,5.0,1.0,,,33.915,36.24,29.987,3875.471,3911.711,3941.698,205.0,180.0,102.0,278.0,False,MEDIUM,5.0,True,Aston Martin,3841.527,2026-05-03 17:10:42.272,124,17.0,False,,False,False
4076.851,ALO,14,135.182,6.0,1.0,,,44.673,51.274,39.235,3986.371,4037.645,4076.88,186.0,150.0,221.0,84.0,False,MEDIUM,6.0,True,Aston Martin,3941.669,2026-05-03 17:12:22.414,4,17.0,False,,False,False
4206.807,ALO,14,129.956,7.0,1.0,,,39.034,49.822,41.1,4115.914,4165.736,4206.836,171.0,136.0,214.0,105.0,False,MEDIUM,7.0,True,Aston Martin,4076.851,2026-05-03 17:14:37.596,4,17.0,False,,False,False
4349.188,ALO,14,142.381,8.0,1.0,,,40.614,59.926,41.841,4247.45,4307.376,4349.217,155.0,50.0,220.0,108.0,False,MEDIUM,8.0,True,Aston Martin,4206.807,2026-05-03 17:16:47.552,4,17.0,False,,False,False
4491.417,ALO,14,142.229,9.0,1.0,,,40.463,63.484,38.282,4389.68,4453.164,4491.446,136.0,107.0,215.0,209.0,False,MEDIUM,9.0,True,Aston Martin,4349.188,2026-05-03 17:19:09.933,4,17.0,False,,False,False
4631.612,ALO,14,140.195,10.0,1.0,,,44.824,60.795,34.576,4536.27,4597.065,4631.641,92.0,69.0,215.0,240.0,False,MEDIUM,10.0,True,Aston Martin,4491.417,2026-05-03 17:21:32.162,4,17.0,False,,False,False
4769.427,ALO,14,137.815,11.0,1.0,,,44.428,48.072,45.315,4676.069,4724.141,4769.456,137.0,160.0,278.0,40.0,False,MEDIUM,11.0,True,Aston Martin,4631.612,2026-05-03 17:23:52.357,41,17.0,False,,False,False
4866.227,ALO,14,96.8,12.0,1.0,,,34.086,36.435,26.279,4803.542,4839.977,4866.256,206.0,180.0,282.0,289.0,False,MEDIUM,12.0,True,Aston Martin,4769.427,2026-05-03 17:26:10.172,1,17.0,False,,False,True
4962.576,ALO,14,96.349,13.0,1.0,,,34.305,35.916,26.128,4900.561,4936.477,4962.605,203.0,180.0,275.0,303.0,True,MEDIUM,13.0,True,Aston Martin,4866.227,2026-05-03 17:27:46.972,1,17.0,False,,False,True
5059.058,ALO,14,96.482,14.0,1.0,,,34.407,35.928,26.147,4997.012,5032.94,5059.087,208.0,179.0,263.0,311.0,False,MEDIUM,14.0,True,Aston Martin,4962.576,2026-05-03 17:29:23.321,1,17.0,False,,False,True
5156.693,ALO,14,97.635,15.0,1.0,,,35.336,36.016,26.283,5094.423,5130.439,5156.722,203.0,180.0,268.0,311.0,False,MEDIUM,15.0,True,Aston Martin,5059.058,2026-05-03 17:30:59.803,12,17.0,False,,False,True
5252.836,ALO,14,96.143,16.0,1.0,,,33.918,35.931,26.294,5190.64,5226.571,5252.865,197.0,180.0,271.0,304.0,True,MEDIUM,16.0,True,Aston Martin,5156.693,2026-05-03 17:32:37.438,1,17.0,False,,False,True
5349.289,ALO,14,96.453,17.0,1.0,,,33.761,36.262,26.43,5286.626,5322.888,5349.318,201.0,180.0,271.0,297.0,False,MEDIUM,17.0,True,Aston Martin,5252.836,2026-05-03 17:34:13.581,1,17.0,False,,False,True
5446.228,ALO,14,96.939,18.0,1.0,,,34.132,36.336,26.471,5383.45,5419.786,5446.257,194.0,179.0,270.0,304.0,False,MEDIUM,18.0,True,Aston Martin,5349.289,2026-05-03 17:35:50.034,1,17.0,False,,False,True
5543.064,ALO,14,96.836,19.0,1.0,,,34.232,36.064,26.54,5480.489,5516.553,5543.093,204.0,181.0,272.0,303.0,False,MEDIUM,19.0,True,Aston Martin,5446.228,2026-05-03 17:37:26.973,1,17.0,False,,False,True
5639.285,ALO,14,96.221,20.0,1.0,,,33.989,35.784,26.448,5577.082,5612.866,5639.314,203.0,181.0,270.0,299.0,False,MEDIUM,20.0,True,Aston Martin,5543.064,2026-05-03 17:39:03.809,1,16.0,False,,False,True
5735.846,ALO,14,96.561,21.0,1.0,,,33.714,36.197,26.65,5673.028,5709.225,5735.875,203.0,181.0,272.0,292.0,False,MEDIUM,21.0,True,Aston Martin,5639.285,2026-05-03 17:40:40.030,1,16.0,False,,False,True
5832.14,ALO,14,96.294,22.0,1.0,,,33.715,36.016,26.563,5769.59,5805.606,5832.169,198.0,181.0,269.0,295.0,False,MEDIUM,22.0,True,Aston Martin,5735.846,2026-05-03 17:42:16.591,1,16.0,False,,False,True
5928.526,ALO,14,96.386,23.0,1.0,,,33.654,36.078,26.654,5865.823,5901.901,5928.555,201.0,182.0,266.0,294.0,False,MEDIUM,23.0,True,Aston Martin,5832.14,2026-05-03 17:43:52.885,1,16.0,True,TRACK LIMITS AT TURN 5 LAP 23 ,False,True
6025.192,ALO,14,96.666,24.0,1.0,,,33.735,36.178,26.753,5962.29,5998.468,6025.221,201.0,181.0,271.0,293.0,False,MEDIUM,24.0,True,Aston Martin,5928.526,2026-05-03 17:45:29.271,1,16.0,False,,False,True
6121.669,ALO,14,96.477,25.0,1.0,,,33.469,36.274,26.734,6058.69,6094.964,6121.698,202.0,182.0,269.0,293.0,False,MEDIUM,25.0,True,Aston Martin,6025.192,2026-05-03 17:47:05.937,1,16.0,False,,False,True
6217.938,ALO,14,96.269,26.0,1.0,,,33.537,35.955,26.777,6155.235,6191.19,6217.967,203.0,182.0,271.0,292.0,False,MEDIUM,26.0,True,Aston Martin,6121.669,2026-05-03 17:48:42.414,1,16.0,False,,False,True
6314.009,ALO,14,96.071,27.0,1.0,,,33.539,35.912,26.62,6251.506,6287.418,6314.038,203.0,183.0,273.0,295.0,True,MEDIUM,27.0,True,Aston Martin,6217.938,2026-05-03 17:50:18.683,1,16.0,False,,False,True
6409.994,ALO,14,95.985,28.0,1.0,,,33.452,35.977,26.556,6347.49,6383.467,6410.023,203.0,183.0,270.0,296.0,True,MEDIUM,28.0,True,Aston Martin,6314.009,2026-05-03 17:51:54.754,1,16.0,False,,False,True
6506.074,ALO,14,96.08,29.0,1.0,,,33.629,35.917,26.534,6443.652,6479.569,6506.103,202.0,182.0,271.0,297.0,False,MEDIUM,29.0,True,Aston Martin,6409.994,2026-05-03 17:53:30.739,1,14.0,True,TRACK LIMITS AT TURN 5 LAP 29 ,False,True
6602.265,ALO,14,96.191,30.0,1.0,,,33.74,35.868,26.583,6539.843,6575.711,6602.294,198.0,183.0,270.0,292.0,False,MEDIUM,30.0,True,Aston Martin,6506.074,2026-05-03 17:55:06.819,1,14.0,False,,False,True
6698.655,ALO,14,96.39,31.0,1.0,,,33.697,35.938,26.755,6635.991,6671.929,6698.684,201.0,182.0,266.0,289.0,False,MEDIUM,31.0,True,Aston Martin,6602.265,2026-05-03 17:56:43.010,1,14.0,False,,False,True
6794.99,ALO,14,96.335,32.0,1.0,,,33.567,35.876,26.892,6732.251,6768.127,6795.019,201.0,182.0,271.0,288.0,False,MEDIUM,32.0,True,Aston Martin,6698.655,2026-05-03 17:58:19.400,1,14.0,False,,False,True
6891.698,ALO,14,96.708,33.0,1.0,,,33.582,36.656,26.47,6828.601,6865.257,6891.727,200.0,181.0,275.0,307.0,False,MEDIUM,33.0,True,Aston Martin,6794.99,2026-05-03 17:59:55.735,1,15.0,False,,False,True
6987.342,ALO,14,95.644,34.0,1.0,,,33.555,35.827,26.262,6925.282,6961.109,6987.371,203.0,182.0,272.0,307.0,True,MEDIUM,34.0,True,Aston Martin,6891.698,2026-05-03 18:01:32.443,1,15.0,False,,False,True
7083.885,ALO,14,96.543,35.0,1.0,,,33.832,36.031,26.68,7021.203,7057.234,7083.914,204.0,180.0,272.0,289.0,False,MEDIUM,35.0,True,Aston Martin,6987.342,2026-05-03 18:03:08.087,1,15.0,False,,False,True
7180.336,ALO,14,96.451,36.0,1.0,,,33.604,36.152,26.695,7117.518,7153.67,7180.365,200.0,182.0,270.0,293.0,False,MEDIUM,36.0,True,Aston Martin,7083.885,2026-05-03 18:04:44.630,1,15.0,False,,False,True
7276.894,ALO,14,96.558,37.0,1.0,,,33.619,36.103,26.836,7213.984,7250.087,7276.923,203.0,182.0,265.0,287.0,False,MEDIUM,37.0,True,Aston Martin,7180.336,2026-05-03 18:06:21.081,1,15.0,False,,False,True
7373.764,ALO,14,96.87,38.0,1.0,,,33.803,36.135,26.932,7310.726,7346.861,7373.793,205.0,183.0,270.0,289.0,False,MEDIUM,38.0,True,Aston Martin,7276.894,2026-05-03 18:07:57.639,1,15.0,False,,False,True
7470.158,ALO,14,96.394,39.0,1.0,,,33.528,35.997,26.869,7407.321,7443.318,7470.187,204.0,182.0,266.0,289.0,False,MEDIUM,39.0,True,Aston Martin,7373.764,2026-05-03 18:09:34.509,1,15.0,False,,False,True
7567.875,ALO,14,97.717,40.0,1.0,,,35.001,35.835,26.881,7505.188,7541.023,7567.904,201.0,180.0,259.0,293.0,False,MEDIUM,40.0,True,Aston Martin,7470.158,2026-05-03 18:11:10.903,1,15.0,False,,False,True
7669.664,ALO,14,101.789,41.0,1.0,,7664.258,33.744,36.309,31.736,7601.648,7637.957,7669.693,202.0,181.0,,290.0,False,MEDIUM,41.0,True,Aston Martin,7567.875,2026-05-03 18:12:48.620,1,15.0,False,,False,False
7779.011,ALO,14,109.347,42.0,2.0,7687.56,,47.823,35.177,26.347,7717.516,7752.693,7779.04,209.0,184.0,269.0,295.0,False,SOFT,1.0,True,Aston Martin,7669.664,2026-05-03 18:14:30.409,1,16.0,False,,False,False
7874.561,ALO,14,95.55,43.0,2.0,,,33.03,35.525,26.995,7812.07,7847.595,7874.59,209.0,179.0,279.0,275.0,True,SOFT,2.0,True,Aston Martin,7779.011,2026-05-03 18:16:19.756,1,16.0,False,,False,True
7968.073,ALO,14,93.512,44.0,2.0,,,32.733,35.079,25.7,7907.323,7942.402,7968.102,207.0,185.0,274.0,316.0,False,SOFT,3.0,True,Aston Martin,7874.561,2026-05-03 18:17:55.306,1,16.0,True,TRACK LIMITS AT TURN 5 LAP 44 ,False,True
8062.667,ALO,14,94.594,45.0,2.0,,,33.059,35.618,25.917,8001.161,8036.779,8062.696,207.0,183.0,277.0,306.0,True,SOFT,4.0,True,Aston Martin,7968.073,2026-05-03 18:19:28.818,1,16.0,False,,False,True
8159.056,ALO,14,96.389,46.0,2.0,,,33.197,36.452,26.74,8095.893,8132.345,8159.085,208.0,183.0,269.0,329.0,False,SOFT,5.0,True,Aston Martin,8062.667,2026-05-03 18:21:03.412,12,16.0,True,TRACK LIMITS AT TURN 17 LAP 46 ,False,True
8255.247,ALO,14,96.191,47.0,2.0,,,33.84,36.147,26.204,8192.925,8229.072,8255.276,204.0,182.0,277.0,291.0,False,SOFT,6.0,True,Aston Martin,8159.056,2026-05-03 18:22:39.801,1,16.0,False,,False,True
8352.012,ALO,14,96.765,48.0,2.0,,,34.601,36.054,26.11,8289.877,8325.931,8352.041,207.0,182.0,282.0,295.0,False,SOFT,7.0,True,Aston Martin,8255.247,2026-05-03 18:24:15.992,1,16.0,False,,False,True
8449.689,ALO,14,97.677,49.0,2.0,,,34.196,36.34,27.141,8386.237,8422.577,8449.718,206.0,179.0,259.0,266.0,False,SOFT,8.0,True,Aston Martin,8352.012,2026-05-03 18:25:52.757,1,16.0,False,,False,True
8545.805,ALO,14,96.116,50.0,2.0,,,34.269,35.73,26.117,8483.987,8519.717,8545.834,208.0,182.0,256.0,302.0,False,SOFT,9.0,True,Aston Martin,8449.689,2026-05-03 18:27:30.434,1,16.0,False,,False,True
8640.964,ALO,14,95.159,51.0,2.0,,,33.589,35.796,25.774,8579.423,8615.219,8640.993,211.0,183.0,259.0,319.0,False,SOFT,10.0,True,Aston Martin,8545.805,2026-05-03 18:29:06.550,1,15.0,False,,False,True
8736.055,ALO,14,95.091,52.0,2.0,,,33.052,35.804,26.235,8674.045,8709.849,8736.084,208.0,184.0,272.0,294.0,False,SOFT,11.0,True,Aston Martin,8640.964,2026-05-03 18:30:41.709,1,15.0,False,,False,True
8831.07,ALO,14,95.015,53.0,2.0,,,32.89,35.866,26.259,8768.974,8804.84,8831.099,206.0,186.0,275.0,291.0,False,SOFT,12.0,True,Aston Martin,8736.055,2026-05-03 18:32:16.800,1,15.0,False,,False,True
8926.04,ALO,14,94.97,54.0,2.0,,,32.731,36.012,26.227,8863.83,8899.842,8926.069,207.0,186.0,274.0,293.0,False,SOFT,13.0,True,Aston Martin,8831.07,2026-05-03 18:33:51.815,1,15.0,False,,False,True
9020.984,ALO,14,94.944,55.0,2.0,,,32.754,35.922,26.268,8958.823,8994.745,9021.013,209.0,186.0,271.0,292.0,False,SOFT,14.0,True,Aston Martin,8926.04,2026-05-03 18:35:26.785,12,15.0,False,,False,True
9116.23,ALO,14,95.246,56.0,2.0,,,32.89,35.877,26.479,9053.903,9089.78,9116.259,209.0,185.0,269.0,275.0,False,SOFT,15.0,True,Aston Martin,9020.984,2026-05-03 18:37:01.729,1,15.0,False,,False,True
3538.087,LEC,16,96.094,1.0,1.0,,,,34.486,26.068,,3512.364,3538.277,211.0,188.0,268.0,287.0,False,MEDIUM,1.0,True,Ferrari,3441.749,2026-05-03 17:04:02.494,1,1.0,False,,False,False
3631.123,LEC,16,93.036,2.0,1.0,,,32.306,34.696,26.034,3570.481,3605.177,3631.211,212.0,187.0,265.0,298.0,True,MEDIUM,2.0,True,Ferrari,3538.087,2026-05-03 17:05:38.832,1,1.0,False,,False,True
3724.48,LEC,16,93.357,3.0,1.0,,,32.59,34.697,26.07,3663.801,3698.498,3724.568,209.0,187.0,270.0,298.0,False,MEDIUM,3.0,True,Ferrari,3631.123,2026-05-03 17:07:11.868,1,1.0,False,,False,True
3819.21,LEC,16,94.73,4.0,1.0,,,32.82,35.26,26.65,3757.388,3792.648,3819.298,210.0,185.0,275.0,293.0,False,MEDIUM,4.0,True,Ferrari,3724.48,2026-05-03 17:08:45.225,1,2.0,False,,False,True
3912.907,LEC,16,93.697,5.0,1.0,,,33.187,34.271,26.239,3852.485,3886.756,3912.995,211.0,183.0,267.0,299.0,False,MEDIUM,5.0,True,Ferrari,3819.21,2026-05-03 17:10:19.955,12,1.0,False,,False,True
4042.37,LEC,16,129.463,6.0,1.0,,,39.229,52.226,38.008,3952.224,4004.45,4042.458,93.0,140.0,270.0,117.0,False,MEDIUM,6.0,True,Ferrari,3912.907,2026-05-03 17:11:53.652,24,1.0,False,,False,False
4180.384,LEC,16,138.014,7.0,1.0,,,41.184,55.067,41.763,4083.642,4138.709,4180.472,136.0,139.0,176.0,137.0,False,MEDIUM,7.0,True,Ferrari,4042.37,2026-05-03 17:14:03.115,4,1.0,False,,False,False
4323.192,LEC,16,142.808,8.0,1.0,,,49.733,53.527,39.548,4230.205,4283.732,4323.28,142.0,144.0,175.0,147.0,False,MEDIUM,8.0,True,Ferrari,4180.384,2026-05-03 17:16:21.129,4,1.0,False,,False,False
4470.676,LEC,16,147.484,9.0,1.0,,,47.881,55.025,44.578,4371.161,4426.186,4470.764,171.0,106.0,194.0,144.0,False,MEDIUM,9.0,True,Ferrari,4323.192,2026-05-03 17:18:43.937,4,1.0,False,,False,False
4609.438,LEC,16,138.762,10.0,1.0,,,48.254,54.401,36.107,4519.018,4573.419,4609.526,162.0,116.0,218.0,162.0,False,MEDIUM,10.0,True,Ferrari,4470.676,2026-05-03 17:21:11.421,4,1.0,False,,False,False
4761.3,LEC,16,,11.0,1.0,,,48.092,48.067,55.734,4657.754,4705.766,4761.474,178.0,142.0,284.0,64.0,False,MEDIUM,11.0,True,Ferrari,4609.438,2026-05-03 17:23:30.183,41,1.0,False,,False,False
4854.178,LEC,16,92.878,12.0,1.0,,,32.29,34.628,25.96,4793.678,4828.306,4854.266,213.0,188.0,270.0,296.0,True,MEDIUM,12.0,True,Ferrari,4761.3,2026-05-03 17:26:02.045,1,1.0,False,,False,True
4948.559,LEC,16,94.381,13.0,1.0,,,32.533,35.784,26.064,4886.799,4922.583,4948.647,212.0,185.0,282.0,302.0,False,MEDIUM,13.0,True,Ferrari,4854.178,2026-05-03 17:27:34.923,1,3.0,False,,False,True
5042.303,LEC,16,93.744,14.0,1.0,,,32.501,35.49,25.753,4981.148,5016.638,5042.391,210.0,185.0,276.0,315.0,False,MEDIUM,14.0,True,Ferrari,4948.559,2026-05-03 17:29:09.304,1,3.0,False,,False,True
5135.863,LEC,16,93.56,15.0,1.0,,,32.977,34.789,25.794,5075.368,5110.157,5135.951,206.0,183.0,250.0,312.0,False,MEDIUM,15.0,True,Ferrari,5042.303,2026-05-03 17:30:43.048,1,3.0,False,,False,True
5229.399,LEC,16,93.536,16.0,1.0,,,33.073,34.727,25.736,5169.024,5203.751,5229.487,212.0,184.0,277.0,311.0,False,MEDIUM,16.0,True,Ferrari,5135.863,2026-05-03 17:32:16.608,12,3.0,False,,False,True
5324.856,LEC,16,95.457,17.0,1.0,,,34.048,35.517,25.892,5263.535,5299.052,5324.944,169.0,184.0,274.0,309.0,False,MEDIUM,17.0,True,Ferrari,5229.399,2026-05-03 17:33:50.144,1,3.0,False,,False,True
5418.548,LEC,16,93.692,18.0,1.0,,,32.874,34.835,25.983,5357.818,5392.653,5418.636,211.0,185.0,275.0,306.0,False,MEDIUM,18.0,True,Ferrari,5324.856,2026-05-03 17:35:25.601,1,3.0,False,,False,True
5512.087,LEC,16,93.539,19.0,1.0,,,32.757,34.899,25.883,5451.393,5486.292,5512.175,210.0,185.0,275.0,306.0,False,MEDIUM,19.0,True,Ferrari,5418.548,2026-05-03 17:36:59.293,1,3.0,False,,False,True
5605.776,LEC,16,93.689,20.0,1.0,,,32.831,34.98,25.878,5545.006,5579.986,5605.864,210.0,185.0,278.0,305.0,False,MEDIUM,20.0,True,Ferrari,5512.087,2026-05-03 17:38:32.832,1,3.0,False,,False,True
5704.28,LEC,16,98.504,21.0,1.0,,5698.981,32.83,34.697,30.977,5638.694,5673.391,5704.368,209.0,186.0,,303.0,False,MEDIUM,21.0,True,Ferrari,5605.776,2026-05-03 17:40:06.521,1,5.0,False,,False,False
5813.255,LEC,16,108.975,22.0,2.0,5722.343,,48.356,35.418,25.201,5752.724,5788.142,5813.343,214.0,186.0,288.0,312.0,False,HARD,1.0,True,Ferrari,5704.28,2026-05-03 17:41:45.025,1,11.0,False,,False,False
5907.141,LEC,16,93.886,23.0,2.0,,,32.676,34.841,26.369,5846.019,5880.86,5907.229,206.0,185.0,275.0,320.0,False,HARD,2.0,True,Ferrari,5813.255,2026-05-03 17:43:34.000,1,10.0,False,,False,True
6000.729,LEC,16,93.588,24.0,2.0,,,32.758,35.473,25.357,5939.987,5975.46,6000.817,207.0,186.0,285.0,319.0,False,HARD,3.0,True,Ferrari,5907.141,2026-05-03 17:45:07.886,1,9.0,False,,False,True
6093.715,LEC,16,92.986,25.0,2.0,,,32.642,34.901,25.443,6033.459,6068.36,6093.803,212.0,185.0,289.0,316.0,False,HARD,4.0,True,Ferrari,6000.729,2026-05-03 17:46:41.474,1,9.0,False,,False,True
6187.62,LEC,16,93.905,26.0,2.0,,,32.807,35.61,25.488,6126.61,6162.22,6187.708,211.0,185.0,275.0,310.0,False,HARD,5.0,True,Ferrari,6093.715,2026-05-03 17:48:14.460,1,8.0,False,,False,True
6280.542,LEC,16,92.922,27.0,2.0,,,32.69,34.645,25.587,6220.398,6255.043,6280.63,208.0,184.0,280.0,312.0,False,HARD,6.0,True,Ferrari,6187.62,2026-05-03 17:49:48.365,1,8.0,False,,False,True
6373.194,LEC,16,92.652,28.0,2.0,,,32.567,34.436,25.649,6313.197,6347.633,6373.282,211.0,183.0,276.0,319.0,True,HARD,7.0,True,Ferrari,6280.542,2026-05-03 17:51:21.287,1,7.0,False,,False,True
6465.98,LEC,16,92.786,29.0,2.0,,,32.732,34.512,25.542,6406.014,6440.526,6466.068,210.0,184.0,289.0,316.0,False,HARD,8.0,True,Ferrari,6373.194,2026-05-03 17:52:53.939,1,6.0,False,,False,True
6559.396,LEC,16,93.416,30.0,2.0,,,33.182,34.743,25.491,6499.25,6533.993,6559.484,212.0,185.0,289.0,322.0,False,HARD,9.0,True,Ferrari,6465.98,2026-05-03 17:54:26.725,1,6.0,False,,False,True
6652.341,LEC,16,92.945,31.0,2.0,,,32.711,34.453,25.781,6592.195,6626.648,6652.429,213.0,185.0,273.0,311.0,False,HARD,10.0,True,Ferrari,6559.396,2026-05-03 17:56:00.141,1,4.0,False,,False,True
6745.336,LEC,16,92.995,32.0,2.0,,,32.55,34.623,25.822,6684.979,6719.602,6745.424,211.0,184.0,278.0,305.0,False,HARD,11.0,True,Ferrari,6652.341,2026-05-03 17:57:33.086,1,4.0,False,,False,True
6838.411,LEC,16,93.075,33.0,2.0,,,32.527,34.697,25.851,6777.951,6812.648,6838.499,210.0,184.0,277.0,304.0,False,HARD,12.0,True,Ferrari,6745.336,2026-05-03 17:59:06.081,1,4.0,False,,False,True
6931.382,LEC,16,92.971,34.0,2.0,,,32.48,34.729,25.762,6870.979,6905.708,6931.47,212.0,182.0,279.0,305.0,False,HARD,13.0,True,Ferrari,6838.411,2026-05-03 18:00:39.156,1,4.0,False,,False,True
7024.375,LEC,16,92.993,35.0,2.0,,,32.362,34.904,25.727,6963.832,6998.736,7024.463,207.0,184.0,280.0,306.0,False,HARD,14.0,True,Ferrari,6931.382,2026-05-03 18:02:12.127,1,4.0,False,,False,True
7117.254,LEC,16,92.879,36.0,2.0,,,32.476,34.717,25.686,7056.939,7091.656,7117.342,212.0,183.0,281.0,307.0,False,HARD,15.0,True,Ferrari,7024.375,2026-05-03 18:03:45.120,1,4.0,False,,False,True
7210.409,LEC,16,93.155,37.0,2.0,,,32.388,35.012,25.755,7149.73,7184.742,7210.497,209.0,182.0,280.0,305.0,False,HARD,16.0,True,Ferrari,7117.254,2026-05-03 18:05:17.999,1,4.0,False,,False,True
7303.402,LEC,16,92.993,38.0,2.0,,,32.393,34.915,25.685,7242.89,7277.805,7303.49,213.0,185.0,280.0,304.0,False,HARD,17.0,True,Ferrari,7210.409,2026-05-03 18:06:51.154,1,4.0,False,,False,True
7396.157,LEC,16,92.755,39.0,2.0,,,32.401,34.698,25.656,7335.891,7370.589,7396.245,213.0,186.0,281.0,307.0,False,HARD,18.0,True,Ferrari,7303.402,2026-05-03 18:08:24.147,1,4.0,False,,False,True
7488.924,LEC,16,92.767,40.0,2.0,,,32.366,34.653,25.748,7428.611,7463.264,7489.012,210.0,184.0,280.0,307.0,False,HARD,19.0,True,Ferrari,7396.157,2026-05-03 18:09:56.902,1,4.0,False,,False,True
7581.61,LEC,16,92.686,41.0,2.0,,,32.341,34.73,25.615,7521.353,7556.083,7581.698,213.0,184.0,281.0,307.0,False,HARD,20.0,True,Ferrari,7488.924,2026-05-03 18:11:29.669,1,4.0,False,,False,True
7674.652,LEC,16,93.042,42.0,2.0,,,32.45,34.911,25.681,7614.148,7649.059,7674.74,212.0,186.0,283.0,306.0,False,HARD,21.0,True,Ferrari,7581.61,2026-05-03 18:13:02.355,1,4.0,False,,False,True
7767.264,LEC,16,92.612,43.0,2.0,,,32.264,34.738,25.61,7707.004,7741.742,7767.352,213.0,184.0,284.0,310.0,True,HARD,22.0,True,Ferrari,7674.652,2026-05-03 18:14:35.397,1,4.0,False,,False,True
7859.779,LEC,16,92.515,44.0,2.0,,,32.323,34.622,25.57,7799.675,7834.297,7859.867,213.0,182.0,283.0,311.0,True,HARD,23.0,True,Ferrari,7767.264,2026-05-03 18:16:08.009,1,4.0,False,,False,True
7952.653,LEC,16,92.874,45.0,2.0,,,32.502,34.867,25.505,7892.369,7927.236,7952.741,212.0,184.0,280.0,315.0,False,HARD,24.0,True,Ferrari,7859.779,2026-05-03 18:17:40.524,1,4.0,False,,False,True
8046.121,LEC,16,93.468,46.0,2.0,,,32.72,34.919,25.829,7985.461,8020.38,8046.209,209.0,181.0,291.0,309.0,False,HARD,25.0,True,Ferrari,7952.653,2026-05-03 18:19:13.398,1,4.0,False,,False,True
8139.799,LEC,16,93.678,47.0,2.0,,,33.285,34.361,26.032,8079.494,8113.855,8139.887,212.0,185.0,288.0,300.0,False,HARD,26.0,True,Ferrari,8046.121,2026-05-03 18:20:46.866,1,3.0,False,,False,True
8232.691,LEC,16,92.892,48.0,2.0,,,32.22,34.846,25.826,8172.107,8206.953,8232.779,213.0,183.0,274.0,304.0,False,HARD,27.0,True,Ferrari,8139.799,2026-05-03 18:22:20.544,12,3.0,False,,False,True
8325.425,LEC,16,92.734,49.0,2.0,,,32.36,34.61,25.764,8265.139,8299.749,8325.513,212.0,185.0,281.0,306.0,False,HARD,28.0,True,Ferrari,8232.691,2026-05-03 18:23:53.436,1,3.0,False,,False,True
8417.991,LEC,16,92.566,50.0,2.0,,,32.222,34.621,25.723,8357.735,8392.356,8418.079,213.0,185.0,283.0,311.0,False,HARD,29.0,True,Ferrari,8325.425,2026-05-03 18:25:26.170,1,3.0,False,,False,True
8510.569,LEC,16,92.578,51.0,2.0,,,32.062,34.705,25.811,8450.141,8484.846,8510.657,212.0,186.0,281.0,307.0,False,HARD,30.0,True,Ferrari,8417.991,2026-05-03 18:26:58.736,1,3.0,False,,False,True
8603.148,LEC,16,92.579,52.0,2.0,,,32.144,34.812,25.623,8542.801,8577.613,8603.236,212.0,186.0,284.0,309.0,False,HARD,31.0,True,Ferrari,8510.569,2026-05-03 18:28:31.314,1,3.0,False,,False,True
8695.827,LEC,16,92.679,53.0,2.0,,,32.17,34.722,25.787,8635.406,8670.128,8695.915,213.0,185.0,285.0,313.0,False,HARD,32.0,True,Ferrari,8603.148,2026-05-03 18:30:03.893,1,3.0,False,,False,True
8788.494,LEC,16,92.667,54.0,2.0,,,32.188,34.697,25.782,8728.103,8762.8,8788.582,212.0,186.0,281.0,306.0,False,HARD,33.0,True,Ferrari,8695.827,2026-05-03 18:31:36.572,1,3.0,False,,False,True
8881.435,LEC,16,92.941,55.0,2.0,,,32.136,35.017,25.788,8820.718,8855.735,8881.523,214.0,186.0,280.0,305.0,False,HARD,34.0,True,Ferrari,8788.494,2026-05-03 18:33:09.239,1,3.0,False,,False,True
8975.646,LEC,16,94.211,56.0,2.0,,,32.217,35.405,26.589,8913.74,8949.145,8975.734,215.0,186.0,277.0,293.0,False,HARD,35.0,True,Ferrari,8881.435,2026-05-03 18:34:42.180,1,4.0,False,,False,True
9085.48,LEC,16,109.834,57.0,2.0,,,41.346,40.868,27.62,9017.08,9057.948,9085.568,206.0,180.0,214.0,277.0,False,HARD,36.0,True,Ferrari,8975.646,2026-05-03 18:36:16.391,12,6.0,True,TRACK LIMITS AT TURN 7 LAP 57 ,False,True
3549.624,STR,18,107.631,1.0,1.0,,,,38.092,26.585,,3523.3,3549.859,204.0,183.0,266.0,297.0,False,MEDIUM,1.0,True,Aston Martin,3441.749,2026-05-03 17:04:02.494,1,16.0,False,,False,False
3646.193,STR,18,96.569,2.0,1.0,,,34.568,36.011,25.99,3584.289,3620.3,3646.29,207.0,182.0,267.0,315.0,True,MEDIUM,2.0,True,Aston Martin,3549.624,2026-05-03 17:05:50.369,1,16.0,False,,False,True
3743.212,STR,18,97.019,3.0,1.0,,,34.324,36.037,26.658,3680.614,3716.651,3743.309,205.0,182.0,271.0,291.0,False,MEDIUM,3.0,True,Aston Martin,3646.193,2026-05-03 17:07:26.938,1,17.0,False,,False,True
3839.63,STR,18,96.418,4.0,1.0,,,34.128,35.764,26.526,3777.437,3813.201,3839.727,206.0,183.0,266.0,303.0,True,MEDIUM,4.0,True,Aston Martin,3743.212,2026-05-03 17:09:03.957,1,17.0,False,,False,True
3938.824,STR,18,99.194,5.0,1.0,,,33.807,37.093,28.294,3873.534,3910.627,3938.921,205.0,181.0,178.0,278.0,False,MEDIUM,5.0,True,Aston Martin,3839.63,2026-05-03 17:10:40.375,124,16.0,False,,False,False
4075.546,STR,18,136.722,6.0,1.0,,,45.722,51.938,39.062,3984.643,4036.581,4075.643,196.0,151.0,256.0,82.0,False,MEDIUM,6.0,True,Aston Martin,3938.824,2026-05-03 17:12:19.569,4,16.0,False,,False,False
4204.051,STR,18,128.505,7.0,1.0,,,38.383,48.857,41.265,4114.026,4162.883,4204.148,170.0,113.0,218.0,98.0,False,MEDIUM,7.0,True,Aston Martin,4075.546,2026-05-03 17:14:36.291,4,15.0,False,,False,False
4345.509,STR,18,141.458,8.0,1.0,,,41.308,59.376,40.774,4245.456,4304.832,4345.606,117.0,55.0,212.0,102.0,False,MEDIUM,8.0,True,Aston Martin,4204.051,2026-05-03 17:16:44.796,4,15.0,False,,False,False
4488.156,STR,18,142.647,9.0,1.0,,,42.959,60.632,39.056,4388.565,4449.197,4488.253,109.0,79.0,214.0,172.0,False,MEDIUM,9.0,True,Aston Martin,4345.509,2026-05-03 17:19:06.254,4,15.0,False,,False,False
4627.332,STR,18,139.176,10.0,1.0,,,45.681,59.716,33.779,4533.934,4593.65,4627.429,106.0,92.0,256.0,147.0,False,MEDIUM,10.0,True,Aston Martin,4488.156,2026-05-03 17:21:28.901,4,15.0,False,,False,False
4768.502,STR,18,141.17,11.0,1.0,,,46.719,46.079,48.372,4674.148,4720.227,4768.599,142.0,164.0,279.0,38.0,False,MEDIUM,11.0,True,Aston Martin,4627.332,2026-05-03 17:23:48.077,41,15.0,False,,False,False
4865.944,STR,18,97.442,12.0,1.0,,,34.243,36.78,26.419,4802.842,4839.622,4866.041,206.0,183.0,267.0,306.0,False,MEDIUM,12.0,True,Aston Martin,4768.502,2026-05-03 17:26:09.247,1,16.0,False,,False,True
4962.029,STR,18,96.085,13.0,1.0,,,34.162,35.757,26.166,4900.203,4935.96,4962.126,205.0,181.0,263.0,308.0,True,MEDIUM,13.0,True,Aston Martin,4865.944,2026-05-03 17:27:46.689,1,16.0,False,,False,True
5058.611,STR,18,96.582,14.0,1.0,,,34.558,35.87,26.154,4996.684,5032.554,5058.708,204.0,180.0,268.0,311.0,False,MEDIUM,14.0,True,Aston Martin,4962.029,2026-05-03 17:29:22.774,1,16.0,False,,False,True
5159.564,STR,18,100.953,15.0,1.0,,,34.239,36.064,30.65,5092.947,5129.011,5159.661,204.0,181.0,264.0,306.0,False,MEDIUM,15.0,True,Aston Martin,5058.611,2026-05-03 17:30:59.356,12,18.0,True,TRACK LIMITS AT TURN 17 LAP 15 ,False,True
5256.538,STR,18,96.974,16.0,1.0,,,34.067,36.17,26.737,5193.728,5229.898,5256.635,206.0,181.0,271.0,294.0,False,MEDIUM,16.0,True,Aston Martin,5159.564,2026-05-03 17:32:40.309,1,18.0,False,,False,True
5352.909,STR,18,96.371,17.0,1.0,,,33.661,36.11,26.6,5290.296,5326.406,5353.006,205.0,182.0,268.0,296.0,False,MEDIUM,17.0,True,Aston Martin,5256.538,2026-05-03 17:34:17.283,1,18.0,True,TRACK LIMITS AT TURN 5 LAP 17 ,False,True
5449.448,STR,18,96.539,18.0,1.0,,,33.809,36.077,26.653,5386.815,5422.892,5449.545,207.0,183.0,269.0,296.0,False,MEDIUM,18.0,True,Aston Martin,5352.909,2026-05-03 17:35:53.654,1,18.0,False,,False,True
5546.47,STR,18,97.022,19.0,1.0,,,33.863,36.318,26.841,5483.408,5519.726,5546.567,205.0,182.0,266.0,294.0,False,MEDIUM,19.0,True,Aston Martin,5449.448,2026-05-03 17:37:30.193,1,18.0,False,,False,True
5643.321,STR,18,96.851,20.0,1.0,,,33.896,36.208,26.747,5580.463,5616.671,5643.418,205.0,182.0,267.0,295.0,False,MEDIUM,20.0,True,Aston Martin,5546.47,2026-05-03 17:39:07.215,1,18.0,False,,False,True
5744.764,STR,18,101.443,21.0,1.0,,5739.713,33.888,36.193,31.362,5677.306,5713.499,5744.861,204.0,182.0,,301.0,False,MEDIUM,21.0,True,Aston Martin,5643.321,2026-05-03 17:40:44.066,1,18.0,False,,False,False
5855.293,STR,18,110.529,22.0,2.0,5762.375,,48.548,35.778,26.203,5793.409,5829.187,5855.39,208.0,186.0,270.0,296.0,False,SOFT,4.0,False,Aston Martin,5744.764,2026-05-03 17:42:25.509,1,18.0,False,,False,False
5950.683,STR,18,95.39,23.0,2.0,,,33.294,36.086,26.01,5888.684,5924.77,5950.78,207.0,186.0,263.0,313.0,True,SOFT,5.0,False,Aston Martin,5855.293,2026-05-03 17:44:16.038,1,17.0,False,,False,True
6047.824,STR,18,97.141,24.0,2.0,,,33.858,36.545,26.738,5984.638,6021.183,6047.921,207.0,185.0,269.0,288.0,False,SOFT,6.0,False,Aston Martin,5950.683,2026-05-03 17:45:51.428,1,17.0,False,,False,True
6143.745,STR,18,95.921,25.0,2.0,,,33.309,36.026,26.586,6081.23,6117.256,6143.842,206.0,184.0,263.0,289.0,False,SOFT,7.0,False,Aston Martin,6047.824,2026-05-03 17:47:28.569,1,17.0,False,,False,True
6239.769,STR,18,96.024,26.0,2.0,,,33.577,35.856,26.591,6177.419,6213.275,6239.866,206.0,184.0,268.0,288.0,False,SOFT,8.0,False,Aston Martin,6143.745,2026-05-03 17:49:04.490,1,17.0,False,,False,True
6335.587,STR,18,95.818,27.0,2.0,,,33.286,35.845,26.687,6273.152,6308.997,6335.684,207.0,185.0,265.0,288.0,False,SOFT,9.0,False,Aston Martin,6239.769,2026-05-03 17:50:40.514,1,17.0,False,,False,True
6431.529,STR,18,95.942,28.0,2.0,,,33.275,35.903,26.764,6368.959,6404.862,6431.626,207.0,185.0,265.0,287.0,False,SOFT,10.0,False,Aston Martin,6335.587,2026-05-03 17:52:16.332,1,17.0,False,,False,True
6527.302,STR,18,95.773,29.0,2.0,,,33.29,35.863,26.62,6464.916,6500.779,6527.399,207.0,185.0,267.0,289.0,False,SOFT,11.0,False,Aston Martin,6431.529,2026-05-03 17:53:52.274,1,17.0,False,,False,True
6622.807,STR,18,95.505,30.0,2.0,,,33.513,35.585,26.407,6560.912,6596.497,6622.904,206.0,185.0,269.0,295.0,False,SOFT,12.0,False,Aston Martin,6527.302,2026-05-03 17:55:28.047,1,17.0,False,,False,True
6718.239,STR,18,95.432,31.0,2.0,,,33.281,35.645,26.506,6656.185,6691.83,6718.336,208.0,184.0,269.0,292.0,False,SOFT,13.0,False,Aston Martin,6622.807,2026-05-03 17:57:03.552,1,17.0,False,,False,True
6813.84,STR,18,95.601,32.0,2.0,,,33.349,35.696,26.556,6751.685,6787.381,6813.937,206.0,184.0,271.0,292.0,False,SOFT,14.0,False,Aston Martin,6718.239,2026-05-03 17:58:38.984,1,17.0,False,,False,True
6909.043,STR,18,95.203,33.0,2.0,,,33.156,35.638,26.409,6847.093,6882.731,6909.14,207.0,185.0,270.0,294.0,True,SOFT,15.0,False,Aston Martin,6813.84,2026-05-03 18:00:14.585,1,17.0,False,,False,True
7004.892,STR,18,95.849,34.0,2.0,,,33.385,35.928,26.536,6942.525,6978.453,7004.989,206.0,184.0,271.0,292.0,False,SOFT,16.0,False,Aston Martin,6909.043,2026-05-03 18:01:49.788,1,17.0,False,,False,True
7103.405,STR,18,98.513,35.0,2.0,,,33.348,38.795,26.37,7038.337,7077.132,7103.502,207.0,181.0,275.0,303.0,False,SOFT,17.0,False,Aston Martin,7004.892,2026-05-03 18:03:25.637,1,17.0,False,,False,True
7199.423,STR,18,96.018,36.0,2.0,,,33.5,35.993,26.525,7137.002,7172.995,7199.52,206.0,182.0,270.0,295.0,False,SOFT,18.0,False,Aston Martin,7103.405,2026-05-03 18:05:04.150,1,17.0,False,,False,True
7300.447,STR,18,101.024,37.0,2.0,,7295.485,33.507,35.922,31.595,7233.027,7268.949,7300.544,205.0,184.0,,292.0,False,SOFT,19.0,False,Aston Martin,7199.423,2026-05-03 18:06:40.168,1,17.0,False,,False,False
7409.994,STR,18,109.547,38.0,3.0,7317.542,,47.841,35.496,26.21,7348.385,7383.881,7410.091,211.0,184.0,270.0,302.0,False,SOFT,1.0,True,Aston Martin,7300.447,2026-05-03 18:08:21.192,1,17.0,False,,False,False
7505.106,STR,18,95.112,39.0,3.0,,,33.264,35.512,26.336,7443.355,7478.867,7505.203,206.0,186.0,271.0,295.0,True,SOFT,2.0,True,Aston Martin,7409.994,2026-05-03 18:10:10.739,1,17.0,False,,False,True
7600.064,STR,18,94.958,40.0,3.0,,,33.199,35.501,26.258,7538.402,7573.903,7600.161,209.0,185.0,271.0,295.0,True,SOFT,3.0,True,Aston Martin,7505.106,2026-05-03 18:11:45.851,1,17.0,False,,False,True
7695.208,STR,18,95.144,41.0,3.0,,,33.211,35.579,26.354,7633.372,7668.951,7695.305,207.0,185.0,270.0,293.0,False,SOFT,4.0,True,Aston Martin,7600.064,2026-05-03 18:13:20.809,1,17.0,False,,False,True
7790.532,STR,18,95.324,42.0,3.0,,,33.272,35.65,26.402,7728.577,7764.227,7790.629,208.0,185.0,270.0,291.0,False,SOFT,5.0,True,Aston Martin,7695.208,2026-05-03 18:14:55.953,1,17.0,False,,False,True
7885.757,STR,18,95.225,43.0,3.0,,,33.036,35.704,26.485,7823.665,7859.369,7885.854,208.0,187.0,244.0,290.0,False,SOFT,6.0,True,Aston Martin,7790.532,2026-05-03 18:16:31.277,1,17.0,False,,False,True
7983.136,STR,18,97.379,44.0,3.0,,,35.224,35.799,26.356,7921.078,7956.877,7983.233,210.0,184.0,274.0,296.0,False,SOFT,7.0,True,Aston Martin,7885.757,2026-05-03 18:18:06.502,1,17.0,False,,False,True
8077.956,STR,18,94.82,45.0,3.0,,,33.012,35.556,26.252,8016.245,8051.801,8078.053,210.0,184.0,269.0,298.0,True,SOFT,8.0,True,Aston Martin,7983.136,2026-05-03 18:19:43.881,1,17.0,False,,False,True
8173.13,STR,18,95.174,46.0,3.0,,,33.029,35.699,26.446,8111.082,8146.781,8173.227,208.0,184.0,268.0,293.0,False,SOFT,9.0,True,Aston Martin,8077.956,2026-05-03 18:21:18.701,12,17.0,False,,False,True
8268.345,STR,18,95.215,47.0,3.0,,,33.078,35.754,26.383,8206.305,8242.059,8268.442,209.0,186.0,272.0,293.0,False,SOFT,10.0,True,Aston Martin,8173.13,2026-05-03 18:22:53.875,1,17.0,False,,False,True
8363.48,STR,18,95.135,48.0,3.0,,,32.987,35.72,26.428,8301.429,8337.149,8363.577,208.0,185.0,272.0,292.0,False,SOFT,11.0,True,Aston Martin,8268.345,2026-05-03 18:24:29.090,1,17.0,False,,False,True
8458.578,STR,18,95.098,49.0,3.0,,,32.974,35.77,26.354,8396.551,8432.321,8458.675,210.0,186.0,271.0,293.0,False,SOFT,12.0,True,Aston Martin,8363.48,2026-05-03 18:26:04.225,1,17.0,False,,False,True
8553.765,STR,18,95.187,50.0,3.0,,,33.096,35.724,26.367,8491.771,8527.495,8553.862,209.0,185.0,272.0,293.0,False,SOFT,13.0,True,Aston Martin,8458.578,2026-05-03 18:27:39.323,1,17.0,False,,False,True
8648.656,STR,18,94.891,51.0,3.0,,,32.923,35.69,26.278,8586.785,8622.475,8648.753,209.0,185.0,272.0,295.0,False,SOFT,14.0,True,Aston Martin,8553.765,2026-05-03 18:29:14.510,1,17.0,False,,False,True
8743.415,STR,18,94.759,52.0,3.0,,,32.821,35.703,26.235,8681.574,8717.277,8743.512,209.0,183.0,272.0,296.0,True,SOFT,15.0,True,Aston Martin,8648.656,2026-05-03 18:30:49.401,1,17.0,False,,False,True
8838.226,STR,18,94.811,53.0,3.0,,,32.95,35.644,26.217,8776.462,8812.106,8838.323,211.0,186.0,272.0,296.0,False,SOFT,16.0,True,Aston Martin,8743.415,2026-05-03 18:32:24.160,1,17.0,False,,False,True
8933.032,STR,18,94.806,54.0,3.0,,,32.926,35.582,26.298,8871.249,8906.831,8933.129,211.0,185.0,270.0,295.0,False,SOFT,17.0,True,Aston Martin,8838.226,2026-05-03 18:33:58.971,1,17.0,False,,False,True
9029.181,STR,18,96.149,55.0,3.0,,,32.944,35.626,27.579,8966.073,9001.699,9029.278,212.0,185.0,271.0,226.0,False,SOFT,18.0,True,Aston Martin,8933.032,2026-05-03 18:35:33.777,12,17.0,False,,False,True
9123.897,STR,18,94.716,56.0,3.0,,,33.623,35.444,25.649,9062.901,9098.345,9123.994,211.0,182.0,266.0,324.0,True,SOFT,19.0,True,Aston Martin,9029.181,2026-05-03 18:37:09.926,1,17.0,False,,False,True
3546.976,ALB,23,104.983,1.0,1.0,,,,36.586,26.418,,3520.712,3547.114,211.0,186.0,255.0,293.0,False,MEDIUM,1.0,True,Williams,3441.749,2026-05-03 17:04:02.494,1,10.0,False,,False,False
3642.38,ALB,23,95.404,2.0,1.0,,,33.896,35.234,26.274,3580.965,3616.199,3642.473,210.0,184.0,255.0,305.0,True,MEDIUM,2.0,True,Williams,3546.976,2026-05-03 17:05:47.721,1,10.0,False,,False,True
3737.312,ALB,23,94.932,3.0,1.0,,,33.763,35.17,25.999,3676.236,3711.406,3737.405,210.0,185.0,259.0,314.0,True,MEDIUM,3.0,True,Williams,3642.38,2026-05-03 17:07:23.125,1,10.0,False,,False,True
3832.082,ALB,23,94.77,4.0,1.0,,,33.744,35.219,25.807,3771.149,3806.368,3832.175,209.0,185.0,271.0,324.0,True,MEDIUM,4.0,True,Williams,3737.312,2026-05-03 17:08:58.057,1,10.0,False,,False,True
3927.97,ALB,23,95.888,5.0,1.0,,,33.837,35.798,26.253,3866.012,3901.81,3928.063,208.0,185.0,276.0,287.0,False,MEDIUM,5.0,True,Williams,3832.082,2026-05-03 17:10:32.827,12,9.0,False,,False,True
4063.297,ALB,23,135.327,6.0,1.0,,,41.435,49.604,44.288,3969.498,4019.102,4063.39,175.0,130.0,197.0,123.0,False,MEDIUM,6.0,True,Williams,3927.97,2026-05-03 17:12:08.715,24,9.0,False,,False,False
4191.267,ALB,23,127.97,7.0,1.0,,,36.259,49.483,42.228,4099.649,4149.132,4191.36,192.0,105.0,240.0,90.0,False,MEDIUM,7.0,True,Williams,4063.297,2026-05-03 17:14:24.042,4,8.0,False,,False,False
4335.947,ALB,23,144.68,8.0,1.0,,,46.479,57.298,40.903,4237.839,4295.137,4336.04,99.0,67.0,220.0,100.0,False,MEDIUM,8.0,True,Williams,4191.267,2026-05-03 17:16:32.012,4,8.0,False,,False,False
4479.462,ALB,23,143.515,9.0,1.0,,,44.037,57.731,41.747,4380.077,4437.808,4479.555,130.0,66.0,187.0,163.0,False,MEDIUM,9.0,True,Williams,4335.947,2026-05-03 17:18:56.692,4,8.0,False,,False,False
4619.574,ALB,23,140.112,10.0,1.0,,,47.224,57.169,35.719,4526.779,4583.948,4619.667,96.0,69.0,229.0,140.0,False,MEDIUM,10.0,True,Williams,4479.462,2026-05-03 17:21:20.207,4,8.0,False,,False,False
4764.75,ALB,23,145.176,11.0,1.0,,,46.281,47.048,51.847,4665.948,4712.996,4764.843,97.0,125.0,280.0,55.0,False,MEDIUM,11.0,True,Williams,4619.574,2026-05-03 17:23:40.319,41,8.0,False,,False,False
4859.956,ALB,23,95.206,12.0,1.0,,,33.695,35.604,25.907,4798.538,4834.142,4860.049,209.0,186.0,262.0,322.0,False,MEDIUM,12.0,True,Williams,4764.75,2026-05-03 17:26:05.495,1,8.0,False,,False,True
4954.509,ALB,23,94.553,13.0,1.0,,,33.662,35.118,25.773,4893.711,4928.829,4954.602,207.0,184.0,276.0,321.0,True,MEDIUM,13.0,True,Williams,4859.956,2026-05-03 17:27:40.701,1,8.0,False,,False,True
5048.67,ALB,23,94.161,14.0,1.0,,,33.205,35.073,25.883,4987.807,5022.88,5048.763,208.0,184.0,277.0,311.0,True,MEDIUM,14.0,True,Williams,4954.509,2026-05-03 17:29:15.254,1,8.0,False,,False,True
5144.14,ALB,23,95.47,15.0,1.0,,,33.462,36.126,25.882,5082.225,5118.351,5144.233,209.0,183.0,260.0,322.0,False,MEDIUM,15.0,True,Williams,5048.67,2026-05-03 17:30:49.415,1,9.0,False,,False,True
5239.385,ALB,23,95.245,16.0,1.0,,,33.854,35.354,26.037,5178.087,5213.441,5239.478,205.0,183.0,279.0,322.0,False,MEDIUM,16.0,True,Williams,5144.14,2026-05-03 17:32:24.885,12,9.0,False,,False,True
5335.209,ALB,23,95.824,17.0,1.0,,,34.501,35.289,26.034,5273.979,5309.268,5335.302,207.0,182.0,276.0,312.0,False,MEDIUM,17.0,True,Williams,5239.385,2026-05-03 17:34:00.130,1,10.0,False,,False,True
5430.398,ALB,23,95.189,18.0,1.0,,,33.781,35.369,26.039,5369.083,5404.452,5430.491,207.0,182.0,279.0,316.0,False,MEDIUM,18.0,True,Williams,5335.209,2026-05-03 17:35:35.954,1,10.0,False,,False,True
5525.377,ALB,23,94.979,19.0,1.0,,,33.663,35.309,26.007,5464.154,5499.463,5525.47,207.0,182.0,277.0,317.0,False,MEDIUM,19.0,True,Williams,5430.398,2026-05-03 17:37:11.143,1,10.0,False,,False,True
5620.589,ALB,23,95.212,20.0,1.0,,,33.784,35.397,26.031,5559.254,5594.651,5620.682,206.0,182.0,275.0,318.0,False,MEDIUM,20.0,True,Williams,5525.377,2026-05-03 17:38:46.122,1,10.0,False,,False,True
5715.468,ALB,23,94.879,21.0,1.0,,,33.615,35.3,25.964,5654.297,5689.597,5715.561,207.0,185.0,278.0,317.0,False,MEDIUM,21.0,True,Williams,5620.589,2026-05-03 17:40:21.334,1,9.0,False,,False,True
5810.268,ALB,23,94.8,22.0,1.0,,,33.59,35.238,25.972,5749.151,5784.389,5810.361,207.0,184.0,280.0,315.0,False,MEDIUM,22.0,True,Williams,5715.468,2026-05-03 17:41:56.213,1,8.0,False,,False,True
5905.365,ALB,23,95.097,23.0,1.0,,,33.777,35.328,25.992,5844.138,5879.466,5905.458,209.0,184.0,269.0,315.0,False,MEDIUM,23.0,True,Williams,5810.268,2026-05-03 17:43:31.013,1,8.0,False,,False,True
6001.266,ALB,23,95.901,24.0,1.0,,,33.612,36.142,26.147,5939.07,5975.212,6001.359,209.0,182.0,282.0,322.0,False,MEDIUM,24.0,True,Williams,5905.365,2026-05-03 17:45:06.110,1,10.0,False,,False,True
6096.385,ALB,23,95.119,25.0,1.0,,,33.722,35.303,26.094,6035.081,6070.384,6096.478,208.0,185.0,278.0,313.0,False,MEDIUM,25.0,True,Williams,6001.266,2026-05-03 17:46:42.011,1,10.0,False,,False,True
6191.349,ALB,23,94.964,26.0,1.0,,,33.571,35.358,26.035,6130.049,6165.407,6191.442,207.0,183.0,280.0,316.0,False,MEDIUM,26.0,True,Williams,6096.385,2026-05-03 17:48:17.130,1,10.0,False,,False,True
6291.113,ALB,23,99.764,27.0,1.0,,6285.912,33.673,35.145,30.946,6225.115,6260.26,6291.206,208.0,184.0,,322.0,False,MEDIUM,27.0,True,Williams,6191.349,2026-05-03 17:49:52.094,1,11.0,False,,False,False
6398.911,ALB,23,107.798,28.0,2.0,6308.74,,47.468,34.621,25.709,6338.674,6373.295,6399.004,215.0,189.0,249.0,321.0,False,HARD,1.0,True,Williams,6291.113,2026-05-03 17:51:31.858,1,12.0,False,,False,False
6492.786,ALB,23,93.875,29.0,2.0,,,33.21,34.972,25.693,6432.214,6467.186,6492.879,208.0,186.0,271.0,315.0,True,HARD,2.0,True,Williams,6398.911,2026-05-03 17:53:19.656,1,12.0,False,,False,True
6586.57,ALB,23,93.784,30.0,2.0,,,33.258,34.81,25.716,6526.137,6560.947,6586.663,211.0,186.0,277.0,315.0,True,HARD,3.0,True,Williams,6492.786,2026-05-03 17:54:53.531,1,12.0,False,,False,True
6680.407,ALB,23,93.837,31.0,2.0,,,33.142,34.87,25.825,6619.805,6654.675,6680.5,211.0,184.0,280.0,317.0,False,HARD,4.0,True,Williams,6586.57,2026-05-03 17:56:27.315,1,12.0,False,,False,True
6774.601,ALB,23,94.194,32.0,2.0,,,33.232,35.097,25.865,6713.732,6748.829,6774.694,210.0,183.0,271.0,314.0,False,HARD,5.0,True,Williams,6680.407,2026-05-03 17:58:01.152,1,10.0,False,,False,True
6868.841,ALB,23,94.24,33.0,2.0,,,33.293,35.104,25.843,6807.987,6843.091,6868.934,211.0,185.0,275.0,313.0,False,HARD,6.0,True,Williams,6774.601,2026-05-03 17:59:35.346,1,10.0,False,,False,True
6963.274,ALB,23,94.433,34.0,2.0,,,33.363,35.117,25.953,6902.297,6937.414,6963.367,210.0,184.0,276.0,311.0,False,HARD,7.0,True,Williams,6868.841,2026-05-03 18:01:09.586,1,10.0,False,,False,True
7057.57,ALB,23,94.296,35.0,2.0,,,33.302,35.247,25.747,6996.669,7031.916,7057.663,210.0,180.0,283.0,314.0,False,HARD,8.0,True,Williams,6963.274,2026-05-03 18:02:44.019,1,10.0,False,,False,True
7151.771,ALB,23,94.201,36.0,2.0,,,33.172,35.251,25.778,7090.835,7126.086,7151.864,211.0,184.0,283.0,312.0,False,HARD,9.0,True,Williams,7057.57,2026-05-03 18:04:18.315,1,10.0,False,,False,True
7246.256,ALB,23,94.485,37.0,2.0,,,33.091,35.38,26.014,7184.955,7220.335,7246.349,207.0,184.0,271.0,309.0,False,HARD,10.0,True,Williams,7151.771,2026-05-03 18:05:52.516,1,10.0,False,,False,True
7340.696,ALB,23,94.44,38.0,2.0,,,33.305,35.117,26.018,7279.654,7314.771,7340.789,210.0,184.0,270.0,309.0,False,HARD,11.0,True,Williams,7246.256,2026-05-03 18:07:27.001,1,10.0,False,,False,True
7435.033,ALB,23,94.337,39.0,2.0,,,33.28,35.029,26.028,7374.069,7409.098,7435.126,210.0,184.0,277.0,310.0,False,HARD,12.0,True,Williams,7340.696,2026-05-03 18:09:01.441,1,10.0,False,,False,True
7529.472,ALB,23,94.439,40.0,2.0,,,33.306,35.169,25.964,7468.432,7503.601,7529.565,207.0,183.0,279.0,315.0,False,HARD,13.0,True,Williams,7435.033,2026-05-03 18:10:35.778,1,10.0,False,,False,True
7623.644,ALB,23,94.172,41.0,2.0,,,33.2,35.07,25.902,7562.765,7597.835,7623.737,210.0,185.0,279.0,311.0,False,HARD,14.0,True,Williams,7529.472,2026-05-03 18:12:10.217,1,10.0,False,,False,True
7718.01,ALB,23,94.366,42.0,2.0,,,33.177,35.213,25.976,7656.914,7692.127,7718.103,209.0,184.0,275.0,310.0,False,HARD,15.0,True,Williams,7623.644,2026-05-03 18:13:44.389,1,10.0,False,,False,True
7812.3,ALB,23,94.29,43.0,2.0,,,33.084,35.28,25.926,7751.187,7786.467,7812.393,209.0,183.0,277.0,309.0,False,HARD,16.0,True,Williams,7718.01,2026-05-03 18:15:18.755,1,10.0,False,,False,True
7906.439,ALB,23,94.139,44.0,2.0,,,33.002,35.108,26.029,7845.395,7880.503,7906.532,209.0,186.0,276.0,307.0,False,HARD,17.0,True,Williams,7812.3,2026-05-03 18:16:53.045,1,10.0,False,,False,True
8000.749,ALB,23,94.31,45.0,2.0,,,33.156,35.091,26.063,7939.688,7974.779,8000.842,210.0,185.0,275.0,308.0,False,HARD,18.0,True,Williams,7906.439,2026-05-03 18:18:27.184,1,10.0,False,,False,True
8094.948,ALB,23,94.199,46.0,2.0,,,33.156,35.034,26.009,,8069.032,8095.041,209.0,184.0,277.0,309.0,False,HARD,19.0,True,Williams,8000.749,2026-05-03 18:20:01.494,1,10.0,False,,False,True
8189.509,ALB,23,94.561,47.0,2.0,,,33.21,34.971,26.38,8128.251,8163.222,8189.602,210.0,184.0,279.0,310.0,False,HARD,20.0,True,Williams,8094.948,2026-05-03 18:21:35.693,12,10.0,False,,False,True
8283.834,ALB,23,94.325,48.0,2.0,,,33.382,34.917,26.026,8222.984,8257.901,8283.927,210.0,185.0,277.0,310.0,False,HARD,21.0,True,Williams,8189.509,2026-05-03 18:23:10.254,1,10.0,False,,False,True
8378.014,ALB,23,94.18,49.0,2.0,,,33.228,34.959,25.993,8317.155,8352.114,8378.107,210.0,186.0,276.0,308.0,False,HARD,22.0,True,Williams,8283.834,2026-05-03 18:24:44.579,1,10.0,False,,False,True
8472.37,ALB,23,94.356,50.0,2.0,,,33.295,35.014,26.047,8411.402,8446.416,8472.463,208.0,184.0,279.0,309.0,False,HARD,23.0,True,Williams,8378.014,2026-05-03 18:26:18.759,1,10.0,False,,False,True
8566.777,ALB,23,94.407,51.0,2.0,,,33.227,35.131,26.049,8505.69,8540.821,8566.87,209.0,184.0,278.0,310.0,False,HARD,24.0,True,Williams,8472.37,2026-05-03 18:27:53.115,1,10.0,False,,False,True
8661.064,ALB,23,94.287,52.0,2.0,,,33.118,35.169,26.0,8599.988,8635.157,8661.157,211.0,185.0,279.0,310.0,False,HARD,25.0,True,Williams,8566.777,2026-05-03 18:29:27.522,1,10.0,False,,False,True
8755.415,ALB,23,94.351,53.0,2.0,,,33.294,35.164,25.893,8694.451,8729.615,8755.508,211.0,185.0,277.0,311.0,False,HARD,26.0,True,Williams,8661.064,2026-05-03 18:31:01.809,1,10.0,False,,False,True
8849.668,ALB,23,94.253,54.0,2.0,,,33.296,34.963,25.994,8788.804,8823.767,8849.761,210.0,186.0,282.0,310.0,False,HARD,27.0,True,Williams,8755.415,2026-05-03 18:32:36.160,1,10.0,False,,False,True
8943.777,ALB,23,94.109,55.0,2.0,,,33.208,35.015,25.886,8882.969,8917.984,8943.87,211.0,186.0,281.0,311.0,False,HARD,28.0,True,Williams,8849.668,2026-05-03 18:34:10.413,1,10.0,False,,False,True
9037.94,ALB,23,94.163,56.0,2.0,,,33.13,35.053,25.98,8977.0,9012.053,9038.033,211.0,185.0,279.0,311.0,False,HARD,29.0,True,Williams,8943.777,2026-05-03 18:35:44.522,12,10.0,False,,False,True
9132.238,ALB,23,94.298,57.0,2.0,,,33.156,35.255,25.887,9071.189,9106.444,9132.331,212.0,183.0,263.0,327.0,False,HARD,30.0,True,Williams,9037.94,2026-05-03 18:37:18.685,1,10.0,False,,False,True
3556.244,HUL,27,114.251,1.0,1.0,,3550.357,,37.861,32.305,,3524.051,3556.459,202.0,185.0,,289.0,False,MEDIUM,1.0,True,Audi,3441.749,2026-05-03 17:04:02.494,1,22.0,False,,False,False
3676.518,HUL,27,120.274,2.0,2.0,3583.967,,58.859,35.18,26.235,3615.172,3650.352,3676.587,210.0,187.0,264.0,300.0,False,MEDIUM,1.0,True,Audi,3556.244,2026-05-03 17:05:56.989,1,22.0,False,,False,False
3771.448,HUL,27,94.93,3.0,2.0,,,33.374,35.066,26.49,3709.961,3745.027,3771.517,210.0,186.0,260.0,290.0,True,MEDIUM,2.0,True,Audi,3676.518,2026-05-03 17:07:57.263,1,22.0,False,,False,True
3865.971,HUL,27,94.523,4.0,2.0,,,33.228,34.897,26.398,3804.745,3839.642,3866.04,210.0,186.0,262.0,293.0,True,MEDIUM,3.0,True,Audi,3771.448,2026-05-03 17:09:32.193,1,22.0,False,,False,True
3975.458,HUL,27,109.487,5.0,2.0,,,33.252,36.287,39.948,3899.292,3935.579,3975.527,209.0,181.0,243.0,210.0,False,MEDIUM,4.0,True,Audi,3865.971,2026-05-03 17:11:06.716,124,20.0,False,,False,False
4110.608,HUL,27,135.15,6.0,2.0,,,38.954,49.759,46.437,4014.481,4064.24,4110.677,167.0,133.0,224.0,92.0,False,MEDIUM,5.0,True,Audi,3975.458,2026-05-03 17:12:56.203,4,19.0,False,,False,False
4282.019,HUL,27,,7.0,2.0,,4275.306,37.13,43.74,90.511,4147.984,4191.696,4282.088,185.0,83.0,,57.0,False,MEDIUM,6.0,True,Audi,4110.608,2026-05-03 17:15:11.353,4,19.0,False,,False,False
3546.904,VER,3,104.911,1.0,1.0,,,,36.327,27.361,,3519.796,3547.114,207.0,173.0,247.0,306.0,False,MEDIUM,1.0,True,Red Bull Racing,3441.749,2026-05-03 17:04:02.494,1,9.0,False,,False,False
3640.368,VER,3,93.464,2.0,1.0,,,32.94,34.738,25.786,3579.882,3614.62,3640.406,214.0,186.0,260.0,310.0,True,MEDIUM,2.0,True,Red Bull Racing,3546.904,2026-05-03 17:05:47.649,1,8.0,False,,False,True
3733.607,VER,3,93.239,3.0,1.0,,,32.585,34.865,25.789,3672.991,3707.856,3733.645,211.0,185.0,262.0,313.0,True,MEDIUM,3.0,True,Red Bull Racing,3640.368,2026-05-03 17:07:21.113,1,8.0,False,,False,True
3827.143,VER,3,93.536,4.0,1.0,,,32.735,34.937,25.864,3766.38,3801.317,3827.181,210.0,184.0,261.0,313.0,False,MEDIUM,4.0,True,Red Bull Racing,3733.607,2026-05-03 17:08:54.352,1,8.0,False,,False,True
3921.233,VER,3,94.09,5.0,1.0,,,32.98,35.12,25.99,3860.161,3895.281,3921.271,212.0,184.0,239.0,314.0,False,MEDIUM,5.0,True,Red Bull Racing,3827.143,2026-05-03 17:10:27.888,12,8.0,False,,False,True
4062.181,VER,3,140.948,6.0,1.0,,4056.745,42.754,52.183,46.011,3964.025,4016.208,4062.219,166.0,136.0,,102.0,False,MEDIUM,6.0,True,Red Bull Racing,3921.233,2026-05-03 17:12:01.978,24,8.0,False,,False,False
4204.835,VER,3,142.654,7.0,2.0,4079.396,,52.723,49.164,40.767,4114.942,4164.106,4204.873,176.0,141.0,223.0,86.0,False,HARD,1.0,True,Red Bull Racing,4062.181,2026-05-03 17:14:22.926,4,16.0,False,,False,False
4346.774,VER,3,141.939,8.0,2.0,,,41.268,60.077,40.594,4246.141,4306.218,4346.812,103.0,53.0,222.0,110.0,False,HARD,2.0,True,Red Bull Racing,4204.835,2026-05-03 17:16:45.580,4,16.0,False,,False,False
4489.357,VER,3,142.583,9.0,2.0,,,42.138,62.696,37.749,4388.95,4451.646,4489.395,95.0,92.0,226.0,192.0,False,HARD,3.0,True,Red Bull Racing,4346.774,2026-05-03 17:19:07.519,4,16.0,False,,False,False
4629.529,VER,3,140.172,10.0,2.0,,,45.957,60.071,34.144,4535.352,4595.423,4629.567,100.0,90.0,226.0,258.0,False,HARD,4.0,True,Red Bull Racing,4489.357,2026-05-03 17:21:30.102,4,16.0,False,,False,False
4768.972,VER,3,139.443,11.0,2.0,,,46.07,45.171,48.202,4675.637,4720.808,4769.01,121.0,165.0,283.0,38.0,False,HARD,5.0,True,Red Bull Racing,4629.529,2026-05-03 17:23:50.274,41,16.0,False,,False,False
4864.756,VER,3,95.784,12.0,2.0,,,33.534,36.532,25.718,4802.544,4839.076,4864.794,209.0,185.0,263.0,322.0,False,HARD,6.0,True,Red Bull Racing,4768.972,2026-05-03 17:26:09.717,1,14.0,False,,False,True
4958.316,VER,3,93.56,13.0,2.0,,,32.983,34.8,25.777,4897.777,4932.577,4958.354,215.0,185.0,260.0,315.0,False,HARD,7.0,True,Red Bull Racing,4864.756,2026-05-03 17:27:45.501,1,12.0,False,,False,True
5051.946,VER,3,93.63,14.0,2.0,,,32.814,35.007,25.809,4991.168,5026.175,5051.984,212.0,185.0,282.0,324.0,False,HARD,8.0,True,Red Bull Racing,4958.316,2026-05-03 17:29:19.061,1,12.0,False,,False,True
5145.498,VER,3,93.552,15.0,2.0,,,32.814,35.278,25.46,,5120.076,5145.536,214.0,185.0,264.0,332.0,False,HARD,9.0,True,Red Bull Racing,5051.946,2026-05-03 17:30:52.691,1,10.0,False,,False,True
5239.616,VER,3,94.118,16.0,2.0,,,33.054,35.238,25.826,5178.59,5213.828,5239.654,214.0,184.0,276.0,327.0,False,HARD,10.0,True,Red Bull Racing,5145.498,2026-05-03 17:32:26.243,12,10.0,False,,False,True
5333.415,VER,3,93.799,17.0,2.0,,,33.113,34.995,25.691,5272.767,5307.762,5333.453,213.0,183.0,280.0,322.0,False,HARD,11.0,True,Red Bull Racing,5239.616,2026-05-03 17:34:00.361,1,9.0,False,,False,True
5427.085,VER,3,93.67,18.0,2.0,,,32.704,35.093,25.873,5366.157,5401.25,5427.123,212.0,185.0,264.0,312.0,False,HARD,12.0,True,Red Bull Racing,5333.415,2026-05-03 17:35:34.160,1,8.0,False,,False,True
5520.466,VER,3,93.381,19.0,2.0,,,32.522,34.966,25.893,5459.645,5494.611,5520.504,212.0,185.0,259.0,315.0,False,HARD,13.0,True,Red Bull Racing,5427.085,2026-05-03 17:37:07.830,1,8.0,False,,False,True
5614.328,VER,3,93.862,20.0,2.0,,,33.11,34.996,25.756,5553.614,5588.61,5614.366,212.0,183.0,284.0,316.0,False,HARD,14.0,True,Red Bull Racing,5520.466,2026-05-03 17:38:41.211,1,8.0,False,,False,True
5707.669,VER,3,93.341,21.0,2.0,,,32.489,35.035,25.817,5646.855,5681.89,5707.707,212.0,186.0,266.0,310.0,False,HARD,15.0,True,Red Bull Racing,5614.328,2026-05-03 17:40:15.073,1,6.0,False,,False,True
5800.993,VER,3,93.324,22.0,2.0,,,32.626,34.9,25.798,5740.333,5775.233,5801.031,212.0,185.0,268.0,310.0,False,HARD,16.0,True,Red Bull Racing,5707.669,2026-05-03 17:41:48.414,1,5.0,False,,False,True
5894.348,VER,3,93.355,23.0,2.0,,,32.468,35.03,25.857,5833.499,5868.529,5894.386,211.0,186.0,264.0,312.0,False,HARD,17.0,True,Red Bull Racing,5800.993,2026-05-03 17:43:21.738,1,5.0,False,,False,True
5987.458,VER,3,93.11,24.0,2.0,,,32.616,34.806,25.688,5927.002,5961.808,5987.496,214.0,186.0,264.0,316.0,True,HARD,18.0,True,Red Bull Racing,5894.348,2026-05-03 17:44:55.093,1,5.0,False,,False,True
6080.957,VER,3,93.499,25.0,2.0,,,32.632,35.306,25.561,6020.128,6055.434,6080.995,214.0,187.0,266.0,318.0,False,HARD,19.0,True,Red Bull Racing,5987.458,2026-05-03 17:46:28.203,1,5.0,False,,False,True
6174.801,VER,3,93.844,26.0,2.0,,,32.748,35.404,25.692,6113.743,6149.147,6174.839,213.0,183.0,267.0,325.0,False,HARD,20.0,True,Red Bull Racing,6080.957,2026-05-03 17:48:01.702,1,4.0,False,,False,True
6268.273,VER,3,93.472,27.0,2.0,,,32.604,34.898,25.97,6207.443,6242.341,6268.311,213.0,186.0,263.0,306.0,False,HARD,21.0,True,Red Bull Racing,6174.801,2026-05-03 17:49:35.546,1,3.0,False,,False,True
6362.051,VER,3,93.778,28.0,2.0,,,32.682,34.989,26.107,6300.993,6335.982,6362.089,213.0,186.0,269.0,305.0,False,HARD,22.0,True,Red Bull Racing,6268.273,2026-05-03 17:51:09.018,1,1.0,False,,False,True
6456.401,VER,3,94.35,29.0,2.0,,,32.511,35.479,26.36,6394.6,6430.079,6456.439,213.0,186.0,268.0,291.0,False,HARD,23.0,True,Red Bull Racing,6362.051,2026-05-03 17:52:42.796,1,3.0,False,,False,True
6550.573,VER,3,94.172,30.0,2.0,,,33.217,35.019,25.936,6489.656,6524.675,6550.611,212.0,186.0,260.0,311.0,False,HARD,24.0,True,Red Bull Racing,6456.401,2026-05-03 17:54:17.146,1,3.0,False,,False,True
6643.854,VER,3,93.281,31.0,2.0,,,32.645,34.792,25.844,6583.256,6618.048,6643.892,212.0,187.0,268.0,311.0,False,HARD,25.0,True,Red Bull Racing,6550.573,2026-05-03 17:55:51.318,1,3.0,False,,False,True
6737.436,VER,3,93.582,32.0,2.0,,,32.659,34.932,25.991,6676.551,6711.483,6737.474,212.0,186.0,266.0,307.0,False,HARD,26.0,True,Red Bull Racing,6643.854,2026-05-03 17:57:24.599,1,3.0,False,,False,True
6830.978,VER,3,93.542,33.0,2.0,,,32.559,34.999,25.984,6770.033,6805.032,6831.016,213.0,185.0,269.0,307.0,False,HARD,27.0,True,Red Bull Racing,6737.436,2026-05-03 17:58:58.181,1,3.0,False,,False,True
6924.44,VER,3,93.462,34.0,2.0,,,32.505,35.076,25.881,6863.521,6898.597,6924.478,214.0,187.0,265.0,308.0,False,HARD,28.0,True,Red Bull Racing,6830.978,2026-05-03 18:00:31.723,1,3.0,False,,False,True
7017.89,VER,3,93.45,35.0,2.0,,,32.522,34.937,25.991,6957.0,6991.937,7017.928,214.0,187.0,264.0,308.0,False,HARD,29.0,True,Red Bull Racing,6924.44,2026-05-03 18:02:05.185,1,3.0,False,,False,True
7111.244,VER,3,93.354,36.0,2.0,,,32.448,35.032,25.874,7050.376,7085.408,7111.282,211.0,188.0,271.0,309.0,False,HARD,30.0,True,Red Bull Racing,7017.89,2026-05-03 18:03:38.635,1,3.0,False,,False,True
7204.357,VER,3,93.113,37.0,2.0,,,32.275,34.857,25.981,7143.557,7178.414,7204.395,210.0,185.0,267.0,308.0,False,HARD,31.0,True,Red Bull Racing,7111.244,2026-05-03 18:05:11.989,1,3.0,False,,False,True
7297.505,VER,3,93.148,38.0,2.0,,,32.46,34.804,25.884,7236.855,7271.659,7297.543,212.0,187.0,268.0,311.0,False,HARD,32.0,True,Red Bull Racing,7204.357,2026-05-03 18:06:45.102,1,3.0,False,,False,True
7390.673,VER,3,93.168,39.0,2.0,,,32.419,34.793,25.956,7329.962,7364.755,7390.711,213.0,187.0,265.0,309.0,False,HARD,33.0,True,Red Bull Racing,7297.505,2026-05-03 18:08:18.250,1,3.0,False,,False,True
7484.178,VER,3,93.505,40.0,2.0,,,32.504,34.933,26.068,7423.215,7458.148,7484.216,212.0,181.0,270.0,310.0,False,HARD,34.0,True,Red Bull Racing,7390.673,2026-05-03 18:09:51.418,1,3.0,False,,False,True
7577.953,VER,3,93.775,41.0,2.0,,,32.602,35.135,26.038,7516.818,7551.953,7577.991,210.0,185.0,267.0,307.0,False,HARD,35.0,True,Red Bull Racing,7484.178,2026-05-03 18:11:24.923,1,3.0,False,,False,True
7671.335,VER,3,93.382,42.0,2.0,,,32.465,34.912,26.005,7610.456,7645.368,7671.373,213.0,187.0,268.0,307.0,False,HARD,36.0,True,Red Bull Racing,7577.953,2026-05-03 18:12:58.698,1,3.0,False,,False,True
7765.074,VER,3,93.739,43.0,2.0,,,32.505,35.118,26.116,7703.878,7738.996,7765.112,213.0,186.0,269.0,306.0,False,HARD,37.0,True,Red Bull Racing,7671.335,2026-05-03 18:14:32.080,1,3.0,False,,False,True
7858.725,VER,3,93.651,44.0,2.0,,,32.412,35.029,26.21,7797.524,7832.553,7858.763,215.0,187.0,268.0,306.0,False,HARD,38.0,True,Red Bull Racing,7765.074,2026-05-03 18:16:05.819,1,3.0,False,,False,True
7952.173,VER,3,93.448,45.0,2.0,,,32.439,34.922,26.087,7891.202,7926.124,7952.211,213.0,188.0,269.0,306.0,False,HARD,39.0,True,Red Bull Racing,7858.725,2026-05-03 18:17:39.470,1,3.0,False,,False,True
8045.866,VER,3,93.693,46.0,2.0,,,32.459,35.079,26.155,7984.67,8019.749,8045.904,213.0,188.0,266.0,305.0,False,HARD,40.0,True,Red Bull Racing,7952.173,2026-05-03 18:19:12.918,1,3.0,False,,False,True
8140.849,VER,3,94.983,47.0,2.0,,,33.212,35.883,25.888,8079.116,8114.999,8140.887,213.0,184.0,274.0,316.0,False,HARD,41.0,True,Red Bull Racing,8045.866,2026-05-03 18:20:46.611,1,4.0,False,,False,True
8235.217,VER,3,94.368,48.0,2.0,,,32.932,35.271,26.165,8173.819,8209.09,8235.255,213.0,184.0,280.0,313.0,False,HARD,42.0,True,Red Bull Racing,8140.849,2026-05-03 18:22:21.594,12,5.0,False,,False,True
8329.617,VER,3,94.4,49.0,2.0,,,33.206,35.187,26.007,8268.461,8303.648,8329.655,211.0,185.0,274.0,317.0,False,HARD,43.0,True,Red Bull Racing,8235.217,2026-05-03 18:23:55.962,1,5.0,False,,False,True
8423.209,VER,3,93.592,50.0,2.0,,,32.683,35.044,25.865,8362.338,8397.382,8423.247,212.0,184.0,273.0,314.0,False,HARD,44.0,True,Red Bull Racing,8329.617,2026-05-03 18:25:30.362,1,5.0,False,,False,True
8517.104,VER,3,93.895,51.0,2.0,,,32.724,35.058,26.113,8455.971,8491.029,8517.142,214.0,186.0,272.0,312.0,False,HARD,45.0,True,Red Bull Racing,8423.209,2026-05-03 18:27:03.954,1,5.0,False,,False,True
8611.035,VER,3,93.931,52.0,2.0,,,32.572,35.269,26.09,8549.714,8584.983,8611.073,213.0,186.0,270.0,311.0,False,HARD,46.0,True,Red Bull Racing,8517.104,2026-05-03 18:28:37.849,1,5.0,False,,False,True
8704.908,VER,3,93.873,53.0,2.0,,,32.605,35.153,26.115,8643.678,8678.831,8704.946,213.0,187.0,273.0,309.0,False,HARD,47.0,True,Red Bull Racing,8611.035,2026-05-03 18:30:11.780,1,5.0,False,,False,True
8799.151,VER,3,94.243,54.0,2.0,,,32.642,35.278,26.323,8737.588,8772.866,8799.189,214.0,188.0,267.0,309.0,False,HARD,48.0,True,Red Bull Racing,8704.908,2026-05-03 18:31:45.653,1,5.0,False,,False,True
8895.024,VER,3,95.873,55.0,2.0,,,33.478,35.839,26.556,8832.667,8868.506,8895.062,213.0,185.0,268.0,323.0,False,HARD,49.0,True,Red Bull Racing,8799.151,2026-05-03 18:33:19.896,1,5.0,False,,False,True
8990.601,VER,3,95.577,56.0,2.0,,,32.976,35.948,26.653,8928.038,8963.986,8990.639,213.0,184.0,269.0,324.0,False,HARD,50.0,True,Red Bull Racing,8895.024,2026-05-03 18:34:55.769,1,6.0,False,,False,True
9085.215,VER,3,94.614,57.0,2.0,,,33.098,35.275,26.241,9023.737,9059.012,9085.253,211.0,182.0,249.0,330.0,False,HARD,51.0,True,Red Bull Racing,8990.601,2026-05-03 18:36:31.346,12,5.0,False,,False,True
3544.834,LAW,30,102.841,1.0,1.0,,,,36.127,25.913,,3519.118,3544.951,199.0,186.0,256.0,310.0,False,MEDIUM,1.0,True,Racing Bulls,3441.749,2026-05-03 17:04:02.494,1,8.0,False,,False,False
3641.913,LAW,30,97.079,2.0,1.0,,,33.722,36.87,26.487,3578.672,3615.542,3642.029,212.0,186.0,255.0,293.0,True,MEDIUM,2.0,True,Racing Bulls,3544.834,2026-05-03 17:05:45.579,1,9.0,False,,False,True
3736.727,LAW,30,94.814,3.0,1.0,,,33.437,35.147,26.23,3675.466,3710.613,3736.843,213.0,186.0,262.0,305.0,True,MEDIUM,3.0,True,Racing Bulls,3641.913,2026-05-03 17:07:22.658,1,9.0,False,,False,True
3831.911,LAW,30,95.184,4.0,1.0,,,33.415,35.368,26.401,3770.258,3805.626,3832.027,212.0,186.0,260.0,300.0,False,MEDIUM,4.0,True,Racing Bulls,3736.727,2026-05-03 17:08:57.472,1,9.0,False,,False,True
3954.763,LAW,30,122.852,5.0,1.0,,,34.619,35.83,52.403,3866.646,3902.476,3954.879,208.0,182.0,153.0,301.0,False,MEDIUM,5.0,True,Racing Bulls,3831.911,2026-05-03 17:10:32.656,124,19.0,False,,False,False
4117.851,LAW,30,,6.0,1.0,,4111.785,50.513,49.357,63.212,4005.398,4054.758,4118.076,143.0,100.0,,102.0,False,MEDIUM,6.0,True,Racing Bulls,3954.763,2026-05-03 17:12:35.508,4,20.0,False,,False,False
3547.493,OCO,31,105.5,1.0,1.0,,,,37.375,25.924,,3521.701,3547.796,209.0,185.0,289.0,296.0,False,MEDIUM,1.0,True,Haas F1 Team,3441.749,2026-05-03 17:04:02.494,1,13.0,False,,False,False
3644.961,OCO,31,97.468,2.0,1.0,,,35.371,36.014,26.083,3582.917,3618.931,3645.014,213.0,183.0,278.0,325.0,True,MEDIUM,2.0,True,Haas F1 Team,3547.493,2026-05-03 17:05:48.238,1,14.0,False,,False,True
3740.142,OCO,31,95.181,3.0,1.0,,,34.036,35.311,25.834,3679.05,3714.361,3740.195,211.0,185.0,276.0,325.0,True,MEDIUM,3.0,True,Haas F1 Team,3644.961,2026-05-03 17:07:25.706,1,14.0,False,,False,True
3835.606,OCO,31,95.464,4.0,1.0,,,34.01,35.389,26.065,3774.205,3809.594,3835.659,211.0,185.0,277.0,309.0,False,MEDIUM,4.0,True,Haas F1 Team,3740.142,2026-05-03 17:09:00.887,1,14.0,False,,False,True
3930.912,OCO,31,95.306,5.0,1.0,,,33.823,35.446,26.037,3869.482,3904.928,3930.965,210.0,184.0,276.0,314.0,False,MEDIUM,5.0,True,Haas F1 Team,3835.606,2026-05-03 17:10:36.351,12,12.0,False,,False,True
4066.253,OCO,31,135.341,6.0,1.0,,,45.536,48.146,41.659,3976.501,4024.647,4066.306,193.0,128.0,203.0,142.0,False,MEDIUM,6.0,True,Haas F1 Team,3930.912,2026-05-03 17:12:11.657,24,12.0,False,,False,False
4195.159,OCO,31,128.906,7.0,1.0,,,37.501,48.15,43.255,4103.807,4151.957,4195.212,198.0,99.0,246.0,84.0,False,MEDIUM,7.0,True,Haas F1 Team,4066.253,2026-05-03 17:14:26.998,4,11.0,False,,False,False
4339.06,OCO,31,143.901,8.0,1.0,,,45.215,58.318,40.368,4240.427,4298.745,4339.113,96.0,53.0,230.0,98.0,False,MEDIUM,8.0,True,Haas F1 Team,4195.159,2026-05-03 17:16:35.904,4,11.0,False,,False,False
4482.215,OCO,31,143.155,9.0,1.0,,,44.659,58.107,40.389,4383.772,4441.879,4482.268,97.0,66.0,234.0,150.0,False,MEDIUM,9.0,True,Haas F1 Team,4339.06,2026-05-03 17:18:59.805,4,11.0,False,,False,False
4622.195,OCO,31,139.98,10.0,1.0,,,47.124,57.919,34.937,4529.392,4587.311,4622.248,95.0,83.0,239.0,162.0,False,MEDIUM,10.0,True,Haas F1 Team,4482.215,2026-05-03 17:21:22.960,4,11.0,False,,False,False
4766.335,OCO,31,144.14,11.0,1.0,,,47.089,46.108,50.943,4669.337,4715.445,4766.388,121.0,128.0,284.0,47.0,False,MEDIUM,11.0,True,Haas F1 Team,4622.195,2026-05-03 17:23:42.940,41,11.0,False,,False,False
4861.548,OCO,31,95.213,12.0,1.0,,,33.691,35.613,25.909,4800.079,4835.692,4861.601,210.0,186.0,281.0,301.0,False,MEDIUM,12.0,True,Haas F1 Team,4766.335,2026-05-03 17:26:07.080,1,11.0,False,,False,True
4956.618,OCO,31,95.07,13.0,1.0,,,33.916,35.39,25.764,4895.517,4930.907,4956.671,210.0,185.0,276.0,294.0,True,MEDIUM,13.0,True,Haas F1 Team,4861.548,2026-05-03 17:27:42.293,1,11.0,False,,False,True
5051.48,OCO,31,94.862,14.0,1.0,,,33.69,35.293,25.879,4990.361,5025.654,5051.533,212.0,184.0,278.0,309.0,True,MEDIUM,14.0,True,Haas F1 Team,4956.618,2026-05-03 17:29:17.363,1,11.0,False,,False,True
5147.145,OCO,31,95.665,15.0,1.0,,,34.035,35.537,26.093,5085.568,5121.105,5147.198,211.0,184.0,277.0,321.0,False,MEDIUM,15.0,True,Haas F1 Team,5051.48,2026-05-03 17:30:52.225,1,12.0,False,,False,True
5242.341,OCO,31,95.196,16.0,1.0,,,33.716,35.456,26.024,5180.914,5216.37,5242.394,211.0,184.0,281.0,316.0,False,MEDIUM,16.0,True,Haas F1 Team,5147.145,2026-05-03 17:32:27.890,12,12.0,False,,False,True
5337.468,OCO,31,95.127,17.0,1.0,,,33.727,35.455,25.945,5276.121,5311.576,5337.521,211.0,184.0,278.0,312.0,False,MEDIUM,17.0,True,Haas F1 Team,5242.341,2026-05-03 17:34:03.086,1,12.0,False,,False,True
5432.694,OCO,31,95.226,18.0,1.0,,,33.745,35.535,25.946,5371.266,5406.801,5432.747,210.0,183.0,281.0,315.0,False,MEDIUM,18.0,True,Haas F1 Team,5337.468,2026-05-03 17:35:38.213,1,12.0,False,,False,True
5527.66,OCO,31,94.966,19.0,1.0,,,33.522,35.479,25.965,5466.269,5501.748,5527.713,209.0,183.0,281.0,316.0,False,MEDIUM,19.0,True,Haas F1 Team,5432.694,2026-05-03 17:37:13.439,1,12.0,False,,False,True
5622.87,OCO,31,95.21,20.0,1.0,,,33.664,35.576,25.97,5561.377,5596.953,5622.923,209.0,182.0,281.0,318.0,False,MEDIUM,20.0,True,Haas F1 Team,5527.66,2026-05-03 17:38:48.405,1,12.0,False,,False,True
5717.987,OCO,31,95.117,21.0,1.0,,,33.593,35.607,25.917,5656.516,5692.123,5718.04,209.0,182.0,281.0,316.0,False,MEDIUM,21.0,True,Haas F1 Team,5622.87,2026-05-03 17:40:23.615,1,11.0,False,,False,True
5814.157,OCO,31,96.17,22.0,1.0,,,33.604,36.195,26.371,5751.644,5787.839,5814.21,209.0,183.0,283.0,271.0,False,MEDIUM,22.0,True,Haas F1 Team,5717.987,2026-05-03 17:41:58.732,1,12.0,False,,False,True
5909.158,OCO,31,95.001,23.0,1.0,,,33.681,35.441,25.879,5847.891,5883.332,5909.211,210.0,183.0,278.0,320.0,False,MEDIUM,23.0,True,Haas F1 Team,5814.157,2026-05-03 17:43:34.902,1,12.0,False,,False,True
6004.371,OCO,31,95.213,24.0,1.0,,,33.823,35.486,25.904,5943.034,5978.52,6004.424,212.0,185.0,284.0,315.0,False,MEDIUM,24.0,True,Haas F1 Team,5909.158,2026-05-03 17:45:09.903,1,12.0,False,,False,True
6099.774,OCO,31,95.403,25.0,1.0,,,33.702,35.717,25.984,6038.126,6073.843,6099.827,210.0,185.0,282.0,314.0,False,MEDIUM,25.0,True,Haas F1 Team,6004.371,2026-05-03 17:46:45.116,1,12.0,False,,False,True
6194.785,OCO,31,95.011,26.0,1.0,,,33.447,35.522,26.042,6133.274,6168.796,6194.838,210.0,184.0,281.0,314.0,False,MEDIUM,26.0,True,Haas F1 Team,6099.774,2026-05-03 17:48:20.519,1,11.0,False,,False,True
6290.254,OCO,31,95.469,27.0,1.0,,,33.665,35.687,26.117,6228.503,6264.19,6290.307,208.0,185.0,278.0,309.0,False,MEDIUM,27.0,True,Haas F1 Team,6194.785,2026-05-03 17:49:55.530,1,10.0,False,,False,True
6385.722,OCO,31,95.468,28.0,1.0,,,33.831,35.598,26.039,6324.138,6359.736,6385.775,209.0,184.0,281.0,310.0,False,MEDIUM,28.0,True,Haas F1 Team,6290.254,2026-05-03 17:51:30.999,1,10.0,False,,False,True
6481.248,OCO,31,95.526,29.0,1.0,,,33.511,35.71,26.305,6419.286,6454.996,6481.301,209.0,184.0,277.0,307.0,False,MEDIUM,29.0,True,Haas F1 Team,6385.722,2026-05-03 17:53:06.467,1,9.0,False,,False,True
6576.641,OCO,31,95.393,30.0,1.0,,,33.602,35.655,26.136,6514.903,6550.558,6576.694,209.0,184.0,281.0,306.0,False,MEDIUM,30.0,True,Haas F1 Team,6481.248,2026-05-03 17:54:41.993,1,9.0,False,,False,True
6676.977,OCO,31,100.336,31.0,1.0,,6671.591,33.441,35.398,31.497,6610.135,6645.533,6677.03,210.0,186.0,,310.0,False,MEDIUM,31.0,True,Haas F1 Team,6576.641,2026-05-03 17:56:17.386,1,10.0,False,,False,False
6786.431,OCO,31,109.454,32.0,2.0,6695.658,,48.709,34.877,25.868,6725.739,6760.616,6786.484,216.0,191.0,279.0,306.0,False,HARD,1.0,True,Haas F1 Team,6676.977,2026-05-03 17:57:57.722,1,13.0,False,,False,False
6880.143,OCO,31,93.712,33.0,2.0,,,32.71,35.083,25.919,6819.194,6854.277,6880.196,215.0,189.0,278.0,305.0,True,HARD,2.0,True,Haas F1 Team,6786.431,2026-05-03 17:59:47.176,1,12.0,False,,False,True
6974.194,OCO,31,94.051,34.0,2.0,,,32.781,35.359,25.911,6912.977,6948.336,6974.247,212.0,187.0,279.0,306.0,False,HARD,3.0,True,Haas F1 Team,6880.143,2026-05-03 18:01:20.888,1,12.0,False,,False,True
7068.064,OCO,31,93.87,35.0,2.0,,,32.718,35.265,25.887,7006.965,7042.23,7068.117,214.0,186.0,279.0,306.0,False,HARD,4.0,True,Haas F1 Team,6974.194,2026-05-03 18:02:54.939,1,12.0,False,,False,True
7162.314,OCO,31,94.25,36.0,2.0,,,32.911,35.358,25.981,7101.028,7136.386,7162.367,212.0,187.0,279.0,305.0,False,HARD,5.0,True,Haas F1 Team,7068.064,2026-05-03 18:04:28.809,1,12.0,False,,False,True
7256.675,OCO,31,94.361,37.0,2.0,,,32.983,35.361,26.017,7195.35,7230.711,7256.728,211.0,186.0,279.0,305.0,False,HARD,6.0,True,Haas F1 Team,7162.314,2026-05-03 18:06:03.059,1,12.0,False,,False,True
7351.213,OCO,31,94.538,38.0,2.0,,,33.133,35.425,25.98,7289.861,7325.286,7351.266,212.0,186.0,282.0,304.0,False,HARD,7.0,True,Haas F1 Team,7256.675,2026-05-03 18:07:37.420,1,12.0,False,,False,True
7445.642,OCO,31,94.429,39.0,2.0,,,33.03,35.406,25.993,7384.296,7419.702,7445.695,212.0,185.0,280.0,305.0,False,HARD,8.0,True,Haas F1 Team,7351.213,2026-05-03 18:09:11.958,1,12.0,False,,False,True
7540.106,OCO,31,94.464,40.0,2.0,,,33.158,35.392,25.914,7478.853,7514.245,7540.159,209.0,184.0,282.0,305.0,False,HARD,9.0,True,Haas F1 Team,7445.642,2026-05-03 18:10:46.387,1,12.0,False,,False,True
7634.555,OCO,31,94.449,41.0,2.0,,,33.009,35.514,25.926,7573.168,7608.682,7634.608,212.0,187.0,282.0,306.0,False,HARD,10.0,True,Haas F1 Team,7540.106,2026-05-03 18:12:20.851,1,12.0,False,,False,True
7729.144,OCO,31,94.589,42.0,2.0,,,33.019,35.555,26.015,7667.627,7703.182,7729.197,212.0,184.0,283.0,308.0,False,HARD,11.0,True,Haas F1 Team,7634.555,2026-05-03 18:13:55.300,1,12.0,False,,False,True
7823.736,OCO,31,94.592,43.0,2.0,,,33.189,35.412,25.991,7762.386,7797.798,7823.789,212.0,187.0,282.0,305.0,False,HARD,12.0,True,Haas F1 Team,7729.144,2026-05-03 18:15:29.889,1,12.0,False,,False,True
7918.263,OCO,31,94.527,44.0,2.0,,,33.04,35.515,25.972,7856.829,7892.344,7918.316,214.0,186.0,282.0,304.0,False,HARD,13.0,True,Haas F1 Team,7823.736,2026-05-03 18:17:04.481,1,12.0,False,,False,True
8013.069,OCO,31,94.806,45.0,2.0,,,32.99,35.607,26.209,7951.306,7986.913,8013.122,211.0,185.0,281.0,303.0,False,HARD,14.0,True,Haas F1 Team,7918.263,2026-05-03 18:18:39.008,1,12.0,False,,False,True
8108.724,OCO,31,95.655,46.0,2.0,,,33.245,36.421,25.989,8046.367,8082.788,8108.777,211.0,182.0,288.0,317.0,False,HARD,15.0,True,Haas F1 Team,8013.069,2026-05-03 18:20:13.814,1,13.0,False,,False,True
8203.275,OCO,31,94.551,47.0,2.0,,,33.415,35.406,25.73,8142.192,8177.598,8203.328,213.0,183.0,278.0,319.0,False,HARD,16.0,True,Haas F1 Team,8108.724,2026-05-03 18:21:49.469,12,13.0,False,,False,True
8297.535,OCO,31,94.26,48.0,2.0,,,33.311,35.213,25.736,8236.639,8271.852,8297.588,210.0,184.0,283.0,319.0,False,HARD,17.0,True,Haas F1 Team,8203.275,2026-05-03 18:23:24.020,1,13.0,False,,False,True
8391.794,OCO,31,94.259,49.0,2.0,,,33.033,35.459,25.767,8330.621,8366.08,8391.847,212.0,183.0,286.0,317.0,False,HARD,18.0,True,Haas F1 Team,8297.535,2026-05-03 18:24:58.280,1,13.0,False,,False,True
8488.473,OCO,31,96.679,50.0,2.0,,,33.093,37.155,26.431,8424.94,8462.095,8488.526,208.0,183.0,246.0,316.0,False,HARD,19.0,True,Haas F1 Team,8391.794,2026-05-03 18:26:32.539,1,13.0,False,,False,True
8583.326,OCO,31,94.853,51.0,2.0,,,33.859,35.306,25.688,8522.385,8557.691,8583.379,210.0,183.0,288.0,317.0,False,HARD,20.0,True,Haas F1 Team,8488.473,2026-05-03 18:28:09.218,1,13.0,False,,False,True
8677.765,OCO,31,94.439,52.0,2.0,,,33.152,35.399,25.888,8616.531,8651.93,8677.818,213.0,184.0,282.0,314.0,False,HARD,21.0,True,Haas F1 Team,8583.326,2026-05-03 18:29:44.071,1,13.0,False,,False,True
8772.192,OCO,31,94.427,53.0,2.0,,,33.012,35.513,25.902,8710.83,8746.343,8772.245,212.0,184.0,283.0,313.0,False,HARD,22.0,True,Haas F1 Team,8677.765,2026-05-03 18:31:18.510,1,13.0,False,,False,True
8866.316,OCO,31,94.124,54.0,2.0,,,33.026,35.308,25.79,8805.271,8840.579,8866.369,213.0,185.0,286.0,312.0,False,HARD,23.0,True,Haas F1 Team,8772.192,2026-05-03 18:32:52.937,1,13.0,False,,False,True
8960.732,OCO,31,94.416,55.0,2.0,,,32.967,35.547,25.902,8899.336,8934.883,8960.785,212.0,182.0,285.0,312.0,False,HARD,24.0,True,Haas F1 Team,8866.316,2026-05-03 18:34:27.061,1,13.0,False,,False,True
9055.139,OCO,31,94.407,56.0,2.0,,,33.071,35.469,25.867,8993.856,9029.325,9055.192,212.0,186.0,283.0,311.0,False,HARD,25.0,True,Haas F1 Team,8960.732,2026-05-03 18:36:01.477,12,13.0,False,,False,True
3548.542,LIN,41,106.549,1.0,1.0,,,,37.844,26.021,,3522.657,3548.74,202.0,185.0,276.0,306.0,False,MEDIUM,1.0,True,Racing Bulls,3441.749,2026-05-03 17:04:02.494,1,15.0,False,,False,False
3645.282,LIN,41,96.74,2.0,1.0,,,34.996,35.818,25.926,3583.625,3619.443,3645.369,212.0,185.0,268.0,319.0,True,MEDIUM,2.0,True,Racing Bulls,3548.542,2026-05-03 17:05:49.287,1,15.0,False,,False,True
3741.492,LIN,41,96.21,3.0,1.0,,,34.525,35.732,25.953,3679.894,3715.626,3741.579,207.0,184.0,257.0,299.0,True,MEDIUM,3.0,True,Racing Bulls,3645.282,2026-05-03 17:07:26.027,1,15.0,False,,False,True
3837.147,LIN,41,95.655,4.0,1.0,,,33.944,35.655,26.056,3775.523,3811.178,3837.234,212.0,183.0,263.0,308.0,True,MEDIUM,4.0,True,Racing Bulls,3741.492,2026-05-03 17:09:02.237,1,15.0,False,,False,True
3934.27,LIN,41,97.123,5.0,1.0,,,33.677,36.382,27.064,3870.911,3907.293,3934.357,212.0,183.0,263.0,309.0,False,MEDIUM,5.0,True,Racing Bulls,3837.147,2026-05-03 17:10:37.892,124,13.0,False,,False,False
4068.478,LIN,41,134.208,6.0,1.0,,,44.482,48.237,41.489,3978.839,4027.076,4068.565,175.0,128.0,211.0,135.0,False,MEDIUM,6.0,True,Racing Bulls,3934.27,2026-05-03 17:12:15.015,4,13.0,False,,False,False
4197.183,LIN,41,128.705,7.0,1.0,,,37.857,48.28,42.568,4106.422,4154.702,4197.27,182.0,124.0,221.0,85.0,False,MEDIUM,7.0,True,Racing Bulls,4068.478,2026-05-03 17:14:29.223,4,12.0,False,,False,False
4340.171,LIN,41,142.988,8.0,1.0,,,44.134,58.493,40.361,4241.404,4299.897,4340.258,98.0,55.0,204.0,104.0,False,MEDIUM,8.0,True,Racing Bulls,4197.183,2026-05-03 17:16:37.928,4,12.0,False,,False,False
4483.367,LIN,41,143.196,9.0,1.0,,,44.502,58.409,40.285,4384.76,4443.169,4483.454,101.0,72.0,208.0,146.0,False,MEDIUM,9.0,True,Racing Bulls,4340.171,2026-05-03 17:19:00.916,4,12.0,False,,False,False
4624.311,LIN,41,140.944,10.0,1.0,,,46.754,58.795,35.395,4530.208,4589.003,4624.398,95.0,91.0,218.0,160.0,False,MEDIUM,10.0,True,Racing Bulls,4483.367,2026-05-03 17:21:24.112,4,12.0,False,,False,False
4767.004,LIN,41,142.693,11.0,1.0,,,45.924,45.661,51.108,4670.322,4715.983,4767.091,126.0,132.0,275.0,46.0,False,MEDIUM,11.0,True,Racing Bulls,4624.311,2026-05-03 17:23:45.056,41,12.0,False,,False,False
4863.78,LIN,41,96.776,12.0,1.0,,,33.856,36.82,26.1,4800.947,4837.767,4863.867,211.0,185.0,265.0,311.0,False,MEDIUM,12.0,True,Racing Bulls,4767.004,2026-05-03 17:26:07.749,1,12.0,False,,False,True
4959.486,LIN,41,95.706,13.0,1.0,,,33.598,36.345,25.763,4897.465,4933.81,4959.573,211.0,183.0,271.0,315.0,False,MEDIUM,13.0,True,Racing Bulls,4863.78,2026-05-03 17:27:44.525,1,13.0,False,,False,True
5054.719,LIN,41,95.233,14.0,1.0,,,33.496,35.842,25.895,4993.069,5028.911,5054.806,212.0,184.0,269.0,314.0,True,MEDIUM,14.0,True,Racing Bulls,4959.486,2026-05-03 17:29:20.231,1,13.0,False,,False,True
5150.883,LIN,41,96.164,15.0,1.0,,,33.968,36.037,26.159,5088.774,5124.811,5150.97,211.0,185.0,266.0,310.0,False,MEDIUM,15.0,True,Racing Bulls,5054.719,2026-05-03 17:30:55.464,12,13.0,False,,False,True
5246.7,LIN,41,95.817,16.0,1.0,,,33.648,35.857,26.312,5184.618,5220.475,5246.787,212.0,183.0,265.0,300.0,False,MEDIUM,16.0,True,Racing Bulls,5150.883,2026-05-03 17:32:31.628,21,13.0,False,,False,True
5342.65,LIN,41,95.95,17.0,1.0,,,33.668,35.841,26.441,5280.455,5316.296,5342.737,212.0,182.0,257.0,295.0,False,MEDIUM,17.0,True,Racing Bulls,5246.7,2026-05-03 17:34:07.445,1,13.0,False,,False,True
5438.59,LIN,41,95.94,18.0,1.0,,,33.705,35.777,26.458,5376.442,5412.219,5438.677,211.0,183.0,267.0,299.0,False,MEDIUM,18.0,True,Racing Bulls,5342.65,2026-05-03 17:35:43.395,1,13.0,False,,False,True
5535.455,LIN,41,96.865,19.0,1.0,,,33.711,36.688,26.466,5472.388,5509.076,5535.542,212.0,182.0,269.0,300.0,False,MEDIUM,19.0,True,Racing Bulls,5438.59,2026-05-03 17:37:19.335,1,14.0,False,,False,True
5631.877,LIN,41,96.422,20.0,1.0,,,34.424,35.772,26.226,5569.966,5605.738,5631.964,205.0,183.0,253.0,309.0,False,MEDIUM,20.0,True,Racing Bulls,5535.455,2026-05-03 17:38:56.200,1,14.0,False,,False,True
5727.889,LIN,41,96.012,21.0,1.0,,,34.202,35.567,26.243,5666.166,5701.733,5727.976,209.0,182.0,252.0,312.0,False,MEDIUM,21.0,True,Racing Bulls,5631.877,2026-05-03 17:40:32.622,1,14.0,False,,False,True
5823.842,LIN,41,95.953,22.0,1.0,,,34.124,35.53,26.299,5762.1,5797.63,5823.929,211.0,182.0,252.0,307.0,False,MEDIUM,22.0,True,Racing Bulls,5727.889,2026-05-03 17:42:08.634,1,14.0,False,,False,True
5919.54,LIN,41,95.698,23.0,1.0,,,33.978,35.373,26.347,5857.907,5893.28,5919.627,211.0,183.0,251.0,307.0,False,MEDIUM,23.0,True,Racing Bulls,5823.842,2026-05-03 17:43:44.587,1,14.0,False,,False,True
6015.431,LIN,41,95.891,24.0,1.0,,,33.953,35.552,26.386,5953.58,5989.132,6015.518,212.0,184.0,250.0,306.0,False,MEDIUM,24.0,True,Racing Bulls,5919.54,2026-05-03 17:45:20.285,1,14.0,False,,False,True
6111.469,LIN,41,96.038,25.0,1.0,,,33.888,35.68,26.47,6049.406,6085.086,6111.556,212.0,182.0,248.0,303.0,False,MEDIUM,25.0,True,Racing Bulls,6015.431,2026-05-03 17:46:56.176,1,14.0,False,,False,True
6207.304,LIN,41,95.835,26.0,1.0,,,33.84,35.591,26.404,6145.396,6180.987,6207.391,211.0,183.0,250.0,302.0,False,MEDIUM,26.0,True,Racing Bulls,6111.469,2026-05-03 17:48:32.214,1,14.0,False,,False,True
6303.374,LIN,41,96.07,27.0,1.0,,,33.771,35.8,26.499,6241.162,6276.962,6303.461,212.0,184.0,267.0,298.0,False,MEDIUM,27.0,True,Racing Bulls,6207.304,2026-05-03 17:50:08.049,1,13.0,False,,False,True
6404.297,LIN,41,100.923,28.0,1.0,,6398.974,33.437,35.694,31.792,6336.898,6372.592,6404.384,212.0,184.0,,295.0,False,MEDIUM,28.0,True,Racing Bulls,6303.374,2026-05-03 17:51:44.119,1,14.0,False,,False,False
6513.324,LIN,41,109.027,29.0,2.0,6421.672,,47.962,35.117,25.948,6452.346,6487.463,6513.411,215.0,188.0,266.0,301.0,False,HARD,1.0,True,Racing Bulls,6404.297,2026-05-03 17:53:25.042,1,16.0,False,,False,False
6607.382,LIN,41,94.058,30.0,2.0,,,32.711,35.166,26.181,6546.122,6581.288,6607.469,216.0,188.0,261.0,296.0,True,HARD,2.0,True,Racing Bulls,6513.324,2026-05-03 17:55:14.069,1,15.0,False,,False,True
6701.557,LIN,41,94.175,31.0,2.0,,,32.902,35.173,26.1,6640.371,6675.544,6701.644,214.0,186.0,264.0,300.0,False,HARD,3.0,True,Racing Bulls,6607.382,2026-05-03 17:56:48.127,1,15.0,False,,False,True
6795.935,LIN,41,94.378,32.0,2.0,,,33.105,35.231,26.042,6734.749,6769.98,6796.022,213.0,185.0,266.0,302.0,False,HARD,4.0,True,Racing Bulls,6701.557,2026-05-03 17:58:22.302,1,15.0,False,,False,True
6891.006,LIN,41,95.071,33.0,2.0,,,33.427,35.369,26.275,6829.449,6864.818,6891.093,214.0,184.0,265.0,298.0,False,HARD,5.0,True,Racing Bulls,6795.935,2026-05-03 17:59:56.680,1,14.0,False,,False,True
6986.029,LIN,41,95.023,34.0,2.0,,,33.2,35.599,26.224,6924.293,6959.892,6986.116,214.0,185.0,265.0,299.0,False,HARD,6.0,True,Racing Bulls,6891.006,2026-05-03 18:01:31.751,1,14.0,False,,False,True
7080.893,LIN,41,94.864,35.0,2.0,,,32.987,35.51,26.367,7019.103,7054.613,7080.98,214.0,184.0,261.0,296.0,False,HARD,7.0,True,Racing Bulls,6986.029,2026-05-03 18:03:06.774,1,14.0,False,,False,True
7175.756,LIN,41,94.863,36.0,2.0,,,33.1,35.574,26.189,7114.08,7149.654,7175.843,214.0,185.0,268.0,297.0,False,HARD,8.0,True,Racing Bulls,7080.893,2026-05-03 18:04:41.638,1,14.0,False,,False,True
7270.814,LIN,41,95.058,37.0,2.0,,,33.09,35.633,26.335,7208.933,7244.566,7270.901,213.0,185.0,267.0,295.0,False,HARD,9.0,True,Racing Bulls,7175.756,2026-05-03 18:06:16.501,1,14.0,False,,False,True
7365.543,LIN,41,94.729,38.0,2.0,,,33.054,35.359,26.316,7303.955,7339.314,7365.63,214.0,186.0,264.0,285.0,False,HARD,10.0,True,Racing Bulls,7270.814,2026-05-03 18:07:51.559,1,14.0,False,,False,True
7460.091,LIN,41,94.548,39.0,2.0,,,32.963,35.428,26.157,7398.593,7434.021,7460.178,212.0,185.0,267.0,300.0,False,HARD,11.0,True,Racing Bulls,7365.543,2026-05-03 18:09:26.288,1,14.0,False,,False,True
7554.772,LIN,41,94.681,40.0,2.0,,,33.038,35.381,26.262,7493.216,7528.597,7554.859,213.0,185.0,270.0,294.0,False,HARD,12.0,True,Racing Bulls,7460.091,2026-05-03 18:11:00.836,1,14.0,False,,False,True
7649.448,LIN,41,94.676,41.0,2.0,,,32.956,35.391,26.329,7587.815,7623.206,7649.535,215.0,185.0,264.0,294.0,False,HARD,13.0,True,Racing Bulls,7554.772,2026-05-03 18:12:35.517,1,14.0,False,,False,True
7743.958,LIN,41,94.51,42.0,2.0,,,33.025,35.39,26.095,7682.56,7717.95,7744.045,212.0,185.0,270.0,302.0,False,HARD,14.0,True,Racing Bulls,7649.448,2026-05-03 18:14:10.193,1,14.0,False,,False,True
7838.644,LIN,41,94.686,43.0,2.0,,,33.056,35.481,26.149,7777.101,7812.582,7838.731,212.0,184.0,273.0,299.0,False,HARD,15.0,True,Racing Bulls,7743.958,2026-05-03 18:15:44.703,1,14.0,False,,False,True
7937.061,LIN,41,98.417,44.0,2.0,,,36.742,35.518,26.157,7875.473,7910.991,7937.148,200.0,182.0,267.0,300.0,False,HARD,16.0,True,Racing Bulls,7838.644,2026-05-03 18:17:19.389,1,14.0,False,,False,True
8031.659,LIN,41,94.598,45.0,2.0,,,32.977,35.471,26.15,7970.125,8005.596,8031.746,213.0,185.0,266.0,302.0,False,HARD,17.0,True,Racing Bulls,7937.061,2026-05-03 18:18:57.806,1,14.0,False,,False,True
8126.237,LIN,41,94.578,46.0,2.0,,,33.285,35.354,25.939,8065.031,8100.385,8126.324,213.0,184.0,276.0,304.0,False,HARD,18.0,True,Racing Bulls,8031.659,2026-05-03 18:20:32.404,1,14.0,False,,False,True
8220.816,LIN,41,94.579,47.0,2.0,,,33.286,35.476,25.817,8159.61,8195.086,8220.903,213.0,183.0,276.0,306.0,False,HARD,19.0,True,Racing Bulls,8126.237,2026-05-03 18:22:06.982,12,14.0,False,,False,True
8316.174,LIN,41,95.358,48.0,2.0,,,33.095,36.076,26.187,8253.998,8290.074,8316.261,213.0,185.0,277.0,305.0,False,HARD,20.0,True,Racing Bulls,8220.816,2026-05-03 18:23:41.561,1,14.0,False,,False,True
8410.992,LIN,41,94.818,49.0,2.0,,,33.278,35.525,26.015,8349.539,8385.064,8411.079,215.0,185.0,273.0,307.0,False,HARD,21.0,True,Racing Bulls,8316.174,2026-05-03 18:25:16.919,1,14.0,False,,False,True
8505.597,LIN,41,94.605,50.0,2.0,,,33.198,35.331,26.076,8444.277,8479.608,8505.684,214.0,185.0,279.0,307.0,False,HARD,22.0,True,Racing Bulls,8410.992,2026-05-03 18:26:51.737,1,14.0,False,,False,True
8600.15,LIN,41,94.553,51.0,2.0,,,33.016,35.47,26.067,8538.7,8574.17,8600.237,213.0,184.0,275.0,306.0,False,HARD,23.0,True,Racing Bulls,8505.597,2026-05-03 18:28:26.342,1,14.0,False,,False,True
8694.448,LIN,41,94.298,52.0,2.0,,,33.06,35.245,25.993,8633.297,8668.542,8694.535,214.0,185.0,278.0,306.0,False,HARD,24.0,True,Racing Bulls,8600.15,2026-05-03 18:30:00.895,1,14.0,False,,False,True
8791.791,LIN,41,97.343,53.0,2.0,,,32.961,38.4,25.982,8727.496,8765.896,8791.878,187.0,180.0,274.0,315.0,False,HARD,25.0,True,Racing Bulls,8694.448,2026-05-03 18:31:35.193,1,14.0,False,,False,True
8886.623,LIN,41,94.832,54.0,2.0,,,33.526,35.336,25.97,8825.404,8860.74,8886.71,213.0,185.0,277.0,311.0,False,HARD,26.0,True,Racing Bulls,8791.791,2026-05-03 18:33:12.536,1,14.0,False,,False,True
8981.105,LIN,41,94.482,55.0,2.0,,,33.071,35.335,26.076,8919.781,8955.116,8981.192,215.0,185.0,280.0,308.0,False,HARD,27.0,True,Racing Bulls,8886.623,2026-05-03 18:34:47.368,1,14.0,False,,False,True
9086.047,LIN,41,104.942,56.0,2.0,,,35.663,40.132,29.147,9016.855,9056.987,9086.134,207.0,181.0,214.0,207.0,False,HARD,28.0,True,Racing Bulls,8981.105,2026-05-03 18:36:21.850,12,14.0,False,,False,True
3543.549,COL,43,101.556,1.0,1.0,,,,35.479,26.585,,3517.177,3543.742,211.0,181.0,259.0,280.0,False,MEDIUM,1.0,True,Alpine,3441.749,2026-05-03 17:04:02.494,1,7.0,False,,False,False
3637.662,COL,43,94.113,2.0,1.0,,,33.119,35.025,25.969,3576.745,3611.77,3637.739,211.0,186.0,268.0,309.0,True,MEDIUM,2.0,True,Alpine,3543.549,2026-05-03 17:05:44.294,1,7.0,False,,False,True
3732.122,COL,43,94.46,3.0,1.0,,,33.077,35.266,26.117,3670.816,3706.082,3732.199,211.0,184.0,258.0,315.0,False,MEDIUM,3.0,True,Alpine,3637.662,2026-05-03 17:07:18.407,1,7.0,False,,False,True
3826.461,COL,43,94.339,4.0,1.0,,,33.1,35.171,26.068,3765.299,3800.47,3826.538,212.0,185.0,267.0,305.0,False,MEDIUM,4.0,True,Alpine,3732.122,2026-05-03 17:08:52.867,1,7.0,False,,False,True
3921.197,COL,43,94.736,5.0,1.0,,,33.038,35.262,26.436,3859.576,3894.838,3921.274,212.0,185.0,269.0,275.0,False,MEDIUM,5.0,True,Alpine,3826.461,2026-05-03 17:10:27.206,12,7.0,False,,False,True
4057.37,COL,43,136.173,6.0,1.0,,,42.236,51.997,41.94,3963.51,4015.507,4057.447,150.0,100.0,228.0,112.0,False,MEDIUM,6.0,True,Alpine,3921.197,2026-05-03 17:12:01.942,24,7.0,False,,False,False
4189.366,COL,43,131.996,7.0,1.0,,,36.807,53.545,41.644,4094.254,4147.799,4189.443,185.0,91.0,239.0,95.0,False,MEDIUM,7.0,True,Alpine,4057.37,2026-05-03 17:14:18.115,4,7.0,False,,False,False
4332.493,COL,43,143.127,8.0,1.0,,,47.528,56.998,38.601,4236.971,4293.969,4332.57,91.0,65.0,244.0,102.0,False,MEDIUM,8.0,True,Alpine,4189.366,2026-05-03 17:16:30.111,4,7.0,False,,False,False
4478.859,COL,43,146.366,9.0,1.0,,,45.832,58.158,42.376,4378.402,4436.56,4478.936,125.0,63.0,219.0,167.0,False,MEDIUM,9.0,True,Alpine,4332.493,2026-05-03 17:18:53.238,4,7.0,False,,False,False
4616.992,COL,43,138.133,10.0,1.0,,,47.025,57.22,33.888,4525.961,4583.181,4617.069,95.0,69.0,235.0,242.0,False,MEDIUM,10.0,True,Alpine,4478.859,2026-05-03 17:21:19.604,4,7.0,False,,False,False
4764.271,COL,43,147.279,11.0,1.0,,,48.18,47.122,51.977,4665.249,4712.371,4764.348,91.0,121.0,281.0,57.0,False,MEDIUM,11.0,True,Alpine,4616.992,2026-05-03 17:23:37.737,41,7.0,False,,False,False
4859.405,COL,43,95.134,12.0,1.0,,,33.645,35.491,25.998,4797.993,4833.484,4859.482,206.0,187.0,274.0,294.0,False,MEDIUM,12.0,True,Alpine,4764.271,2026-05-03 17:26:05.016,1,7.0,False,,False,True
4953.651,COL,43,94.246,13.0,1.0,,,33.068,35.319,25.859,4892.55,4927.869,4953.728,212.0,184.0,278.0,318.0,False,MEDIUM,13.0,True,Alpine,4859.405,2026-05-03 17:27:40.150,1,7.0,False,,False,True
5047.592,COL,43,93.941,14.0,1.0,,,32.931,35.12,25.89,4986.659,5021.779,5047.669,213.0,186.0,275.0,318.0,True,MEDIUM,14.0,True,Alpine,4953.651,2026-05-03 17:29:14.396,1,7.0,False,,False,True
5141.716,COL,43,94.124,15.0,1.0,,,32.941,35.36,25.823,5080.61,5115.97,5141.793,211.0,185.0,273.0,317.0,False,MEDIUM,15.0,True,Alpine,5047.592,2026-05-03 17:30:48.337,1,7.0,False,,False,True
5235.853,COL,43,94.137,16.0,1.0,,,32.925,35.235,25.977,5174.718,5209.953,5235.93,210.0,183.0,274.0,314.0,False,MEDIUM,16.0,True,Alpine,5141.716,2026-05-03 17:32:22.461,12,7.0,False,,False,True
5330.253,COL,43,94.4,17.0,1.0,,,33.163,35.345,25.892,5269.093,5304.438,5330.33,212.0,183.0,272.0,317.0,False,MEDIUM,17.0,True,Alpine,5235.853,2026-05-03 17:33:56.598,1,7.0,False,,False,True
5424.907,COL,43,94.654,18.0,1.0,,,33.282,35.335,26.037,5363.612,5398.947,5424.984,211.0,183.0,279.0,313.0,False,MEDIUM,18.0,True,Alpine,5330.253,2026-05-03 17:35:30.998,1,7.0,False,,False,True
5519.412,COL,43,94.505,19.0,1.0,,,33.058,35.452,25.995,5458.042,5493.494,5519.489,210.0,184.0,276.0,313.0,False,MEDIUM,19.0,True,Alpine,5424.907,2026-05-03 17:37:05.652,1,7.0,False,,False,True
5614.003,COL,43,94.591,20.0,1.0,,,33.15,35.425,26.016,5552.639,5588.064,5614.08,211.0,184.0,278.0,311.0,False,MEDIUM,20.0,True,Alpine,5519.412,2026-05-03 17:38:40.157,1,7.0,False,,False,True
5708.97,COL,43,94.967,21.0,1.0,,,33.899,35.27,25.798,5647.979,5683.249,5709.047,208.0,184.0,279.0,319.0,False,MEDIUM,21.0,True,Alpine,5614.003,2026-05-03 17:40:14.748,1,7.0,False,,False,True
5803.245,COL,43,94.275,22.0,1.0,,,33.198,35.177,25.9,5742.245,5777.422,5803.322,210.0,184.0,280.0,313.0,False,MEDIUM,22.0,True,Alpine,5708.97,2026-05-03 17:41:49.715,1,6.0,False,,False,True
5897.254,COL,43,94.009,23.0,1.0,,,32.804,35.273,25.932,5836.126,5871.399,5897.331,208.0,185.0,278.0,315.0,False,MEDIUM,23.0,True,Alpine,5803.245,2026-05-03 17:43:23.990,1,6.0,False,,False,True
5991.457,COL,43,94.203,24.0,1.0,,,32.907,35.347,25.949,5930.238,5965.585,5991.534,211.0,184.0,278.0,314.0,False,MEDIUM,24.0,True,Alpine,5897.254,2026-05-03 17:44:57.999,1,6.0,False,,False,True
6085.694,COL,43,94.237,25.0,1.0,,,32.884,35.367,25.986,6024.418,6059.785,6085.771,211.0,187.0,277.0,311.0,False,MEDIUM,25.0,True,Alpine,5991.457,2026-05-03 17:46:32.202,1,6.0,False,,False,True
6179.685,COL,43,93.991,26.0,1.0,,,32.766,35.252,25.973,6118.537,6153.789,6179.762,212.0,185.0,276.0,312.0,False,MEDIUM,26.0,True,Alpine,6085.694,2026-05-03 17:48:06.439,1,6.0,False,,False,True
6273.96,COL,43,94.275,27.0,1.0,,,32.961,35.272,26.042,6212.723,6247.995,6274.037,209.0,185.0,278.0,313.0,False,MEDIUM,27.0,True,Alpine,6179.685,2026-05-03 17:49:40.430,1,5.0,False,,False,True
6368.351,COL,43,94.391,28.0,1.0,,,32.939,35.293,26.159,6306.976,6342.269,6368.428,210.0,186.0,280.0,309.0,False,MEDIUM,28.0,True,Alpine,6273.96,2026-05-03 17:51:14.705,1,5.0,False,,False,True
6462.674,COL,43,94.323,29.0,1.0,,,32.946,35.329,26.048,6401.374,6436.703,6462.751,210.0,185.0,279.0,310.0,False,MEDIUM,29.0,True,Alpine,6368.351,2026-05-03 17:52:49.096,1,4.0,False,,False,True
6556.866,COL,43,94.192,30.0,1.0,,,32.873,35.332,25.987,6495.624,6530.956,6556.943,209.0,187.0,281.0,311.0,False,MEDIUM,30.0,True,Alpine,6462.674,2026-05-03 17:54:23.419,1,4.0,False,,False,True
6656.298,COL,43,99.432,31.0,1.0,,6650.804,32.855,35.16,31.417,6589.798,6624.958,6656.375,206.0,187.0,,310.0,False,MEDIUM,31.0,True,Alpine,6556.866,2026-05-03 17:55:57.611,1,7.0,False,,False,False
6765.024,COL,43,108.726,32.0,2.0,6673.924,,48.074,34.879,25.773,6704.449,6739.328,6765.101,213.0,189.0,280.0,309.0,False,HARD,1.0,True,Alpine,6656.298,2026-05-03 17:57:37.043,1,8.0,False,,False,False
6858.059,COL,43,93.035,33.0,2.0,,,32.531,34.849,25.655,6797.632,6832.481,6858.136,215.0,189.0,278.0,309.0,True,HARD,2.0,True,Alpine,6765.024,2026-05-03 17:59:25.769,1,8.0,False,,False,True
6951.129,COL,43,93.07,34.0,2.0,,,32.333,34.947,25.79,6890.469,6925.416,6951.206,214.0,188.0,277.0,310.0,False,HARD,3.0,True,Alpine,6858.059,2026-05-03 18:00:58.804,1,8.0,False,,False,True
7044.291,COL,43,93.162,35.0,2.0,,,32.394,34.993,25.775,6983.6,7018.593,7044.368,213.0,187.0,276.0,311.0,False,HARD,4.0,True,Alpine,6951.129,2026-05-03 18:02:31.874,1,8.0,False,,False,True
7137.632,COL,43,93.341,36.0,2.0,,,32.462,35.088,25.791,7076.83,7111.918,7137.709,213.0,185.0,277.0,314.0,False,HARD,5.0,True,Alpine,7044.291,2026-05-03 18:04:05.036,1,8.0,False,,False,True
7231.388,COL,43,93.756,37.0,2.0,,,32.709,35.189,25.858,7170.418,7205.607,7231.465,210.0,184.0,278.0,310.0,False,HARD,6.0,True,Alpine,7137.632,2026-05-03 18:05:38.377,1,8.0,False,,False,True
7325.112,COL,43,93.724,38.0,2.0,,,32.588,35.219,25.917,7264.053,7299.272,7325.189,211.0,186.0,270.0,309.0,False,HARD,7.0,True,Alpine,7231.388,2026-05-03 18:07:12.133,1,8.0,False,,False,True
7418.829,COL,43,93.717,39.0,2.0,,,32.65,35.135,25.932,7357.839,7392.974,7418.906,214.0,186.0,280.0,310.0,False,HARD,8.0,True,Alpine,7325.112,2026-05-03 18:08:45.857,1,8.0,False,,False,True
7512.563,COL,43,93.734,40.0,2.0,,,32.566,35.219,25.949,7451.472,7486.691,7512.64,211.0,185.0,277.0,310.0,False,HARD,9.0,True,Alpine,7418.829,2026-05-03 18:10:19.574,1,8.0,False,,False,True
7606.366,COL,43,93.803,41.0,2.0,,,32.636,35.344,25.823,7545.276,7580.62,7606.443,212.0,185.0,282.0,310.0,False,HARD,10.0,True,Alpine,7512.563,2026-05-03 18:11:53.308,1,8.0,False,,False,True
7700.225,COL,43,93.859,42.0,2.0,,,32.697,35.298,25.864,7639.14,7674.438,7700.302,209.0,185.0,281.0,311.0,False,HARD,11.0,True,Alpine,7606.366,2026-05-03 18:13:27.111,1,8.0,False,,False,True
7793.641,COL,43,93.416,43.0,2.0,,,32.498,35.182,25.736,7732.8,7767.982,7793.718,213.0,185.0,281.0,312.0,False,HARD,12.0,True,Alpine,7700.225,2026-05-03 18:15:00.970,1,8.0,False,,False,True
7887.025,COL,43,93.384,44.0,2.0,,,32.541,35.173,25.67,7826.259,7861.432,7887.102,211.0,187.0,281.0,316.0,False,HARD,13.0,True,Alpine,7793.641,2026-05-03 18:16:34.386,1,8.0,False,,False,True
7980.976,COL,43,93.951,45.0,2.0,,,32.704,35.293,25.954,7919.806,7955.099,7981.053,212.0,185.0,278.0,309.0,False,HARD,14.0,True,Alpine,7887.025,2026-05-03 18:18:07.770,1,8.0,False,,False,True
8074.588,COL,43,93.612,46.0,2.0,,,32.605,35.272,25.735,8013.658,8048.93,8074.665,213.0,186.0,281.0,310.0,False,HARD,15.0,True,Alpine,7980.976,2026-05-03 18:19:41.721,1,8.0,False,,False,True
8167.92,COL,43,93.332,47.0,2.0,,,32.408,35.119,25.805,8107.073,8142.192,8167.997,213.0,186.0,281.0,311.0,False,HARD,16.0,True,Alpine,8074.588,2026-05-03 18:21:15.333,12,8.0,False,,False,True
8261.641,COL,43,93.721,48.0,2.0,,,32.644,35.271,25.806,8200.641,8235.912,8261.718,211.0,186.0,281.0,312.0,False,HARD,17.0,True,Alpine,8167.92,2026-05-03 18:22:48.665,1,8.0,False,,False,True
8355.021,COL,43,93.38,49.0,2.0,,,32.431,35.249,25.7,8294.149,8329.398,8355.098,212.0,185.0,283.0,316.0,False,HARD,18.0,True,Alpine,8261.641,2026-05-03 18:24:22.386,1,8.0,False,,False,True
8449.197,COL,43,94.176,50.0,2.0,,,32.703,35.503,25.97,8387.801,8423.304,8449.274,210.0,184.0,284.0,307.0,False,HARD,19.0,True,Alpine,8355.021,2026-05-03 18:25:55.766,1,8.0,False,,False,True
8542.972,COL,43,93.775,51.0,2.0,,,32.746,35.302,25.727,8482.02,8517.322,8543.049,211.0,185.0,283.0,311.0,False,HARD,20.0,True,Alpine,8449.197,2026-05-03 18:27:29.942,1,8.0,False,,False,True
8636.763,COL,43,93.791,52.0,2.0,,,32.407,35.574,25.81,8575.456,8611.03,8636.84,209.0,186.0,280.0,310.0,False,HARD,21.0,True,Alpine,8542.972,2026-05-03 18:29:03.717,1,8.0,False,,False,True
8730.291,COL,43,93.528,53.0,2.0,,,32.418,35.341,25.769,8669.258,8704.599,8730.368,213.0,186.0,280.0,310.0,False,HARD,22.0,True,Alpine,8636.763,2026-05-03 18:30:37.508,1,8.0,False,,False,True
8823.595,COL,43,93.304,54.0,2.0,,,32.361,35.101,25.842,8762.729,8797.83,8823.672,214.0,187.0,280.0,311.0,False,HARD,23.0,True,Alpine,8730.291,2026-05-03 18:32:11.036,1,8.0,False,,False,True
8916.93,COL,43,93.335,55.0,2.0,,,32.504,35.172,25.659,8856.176,8891.348,8917.007,213.0,184.0,282.0,313.0,False,HARD,24.0,True,Alpine,8823.595,2026-05-03 18:33:44.340,1,8.0,False,,False,True
9009.989,COL,43,93.059,56.0,2.0,,,32.271,35.086,25.702,8949.278,8984.364,9010.066,211.0,185.0,282.0,319.0,False,HARD,25.0,True,Alpine,8916.93,2026-05-03 18:35:17.675,12,8.0,False,,False,True
9103.137,COL,43,93.148,57.0,2.0,,,32.432,35.27,25.446,9042.498,9077.768,9103.214,212.0,187.0,268.0,331.0,False,HARD,26.0,True,Alpine,9009.989,2026-05-03 18:36:50.734,1,8.0,False,,False,True
3542.676,HAM,44,100.683,1.0,1.0,,,,35.479,25.471,,3517.439,3542.725,215.0,187.0,285.0,301.0,False,MEDIUM,1.0,True,Ferrari,3441.749,2026-05-03 17:04:02.494,1,6.0,False,,False,False
3636.221,HAM,44,93.545,2.0,1.0,,,32.78,35.071,25.694,3575.505,3610.576,3636.27,213.0,186.0,272.0,317.0,True,MEDIUM,2.0,True,Ferrari,3542.676,2026-05-03 17:05:43.421,1,6.0,False,,False,True
3730.01,HAM,44,93.789,3.0,1.0,,,32.999,35.048,25.742,3669.269,3704.317,3730.059,209.0,186.0,275.0,309.0,False,MEDIUM,3.0,True,Ferrari,3636.221,2026-05-03 17:07:16.966,1,6.0,False,,False,True
3823.981,HAM,44,93.971,4.0,1.0,,,33.103,35.127,25.741,3763.162,3798.289,3824.03,207.0,185.0,274.0,314.0,False,MEDIUM,4.0,True,Ferrari,3730.01,2026-05-03 17:08:50.755,1,6.0,False,,False,True
3918.165,HAM,44,94.184,5.0,1.0,,,33.02,35.272,25.892,3857.05,3892.322,3918.214,205.0,185.0,277.0,313.0,False,MEDIUM,5.0,True,Ferrari,3823.981,2026-05-03 17:10:24.726,12,6.0,False,,False,True
4053.191,HAM,44,135.026,6.0,1.0,,,41.582,54.703,38.741,3959.796,4014.499,4053.24,97.0,102.0,264.0,126.0,False,MEDIUM,6.0,True,Ferrari,3918.165,2026-05-03 17:11:58.910,24,6.0,False,,False,False
4187.461,HAM,44,134.27,7.0,1.0,,,36.947,55.983,41.34,4090.187,4146.17,4187.51,108.0,98.0,255.0,108.0,False,MEDIUM,7.0,True,Ferrari,4053.191,2026-05-03 17:14:13.936,4,6.0,False,,False,False
4330.32,HAM,44,142.859,8.0,1.0,,,48.68,56.568,37.611,4236.19,4292.758,4330.369,92.0,67.0,274.0,111.0,False,MEDIUM,8.0,True,Ferrari,4187.461,2026-05-03 17:16:28.206,4,6.0,False,,False,False
4477.52,HAM,44,147.2,9.0,1.0,,,47.245,57.573,42.382,4377.614,4435.187,4477.569,130.0,64.0,225.0,136.0,False,MEDIUM,9.0,True,Ferrari,4330.32,2026-05-03 17:18:51.065,4,6.0,False,,False,False
4615.41,HAM,44,137.89,10.0,1.0,,,47.441,57.12,33.329,4525.01,4582.13,4615.459,106.0,75.0,257.0,243.0,False,MEDIUM,10.0,True,Ferrari,4477.52,2026-05-03 17:21:18.265,4,6.0,False,,False,False
4763.678,HAM,44,148.268,11.0,1.0,,,49.037,46.595,52.636,4664.496,4711.091,4763.727,93.0,118.0,286.0,59.0,False,MEDIUM,11.0,True,Ferrari,4615.41,2026-05-03 17:23:36.155,41,6.0,False,,False,False
4858.404,HAM,44,94.726,12.0,1.0,,,33.883,35.081,25.762,4797.61,4832.691,4858.453,210.0,186.0,274.0,307.0,False,MEDIUM,12.0,True,Ferrari,4763.678,2026-05-03 17:26:04.423,1,6.0,False,,False,True
4952.158,HAM,44,93.754,13.0,1.0,,,33.028,35.102,25.624,4891.481,4926.583,4952.207,209.0,182.0,277.0,320.0,False,MEDIUM,13.0,True,Ferrari,4858.404,2026-05-03 17:27:39.149,1,6.0,False,,False,True
5045.712,HAM,44,93.554,14.0,1.0,,,32.776,35.07,25.708,4984.983,5020.053,5045.761,210.0,185.0,274.0,326.0,False,MEDIUM,14.0,True,Ferrari,4952.158,2026-05-03 17:29:12.903,1,6.0,False,,False,True
5139.489,HAM,44,93.777,15.0,1.0,,,32.951,35.081,25.745,5078.712,5113.793,5139.538,210.0,183.0,274.0,323.0,False,MEDIUM,15.0,True,Ferrari,5045.712,2026-05-03 17:30:46.457,1,6.0,False,,False,True
5233.194,HAM,44,93.705,16.0,1.0,,,32.944,35.012,25.749,5172.482,5207.494,5233.243,211.0,183.0,273.0,318.0,False,MEDIUM,16.0,True,Ferrari,5139.489,2026-05-03 17:32:20.234,12,6.0,False,,False,True
5327.199,HAM,44,94.005,17.0,1.0,,,33.038,35.293,25.674,5266.281,5301.574,5327.248,207.0,183.0,275.0,311.0,False,MEDIUM,17.0,True,Ferrari,5233.194,2026-05-03 17:33:53.939,1,6.0,False,,False,True
5421.431,HAM,44,94.232,18.0,1.0,,,33.188,35.201,25.843,5360.436,5395.637,5421.48,208.0,182.0,275.0,310.0,False,MEDIUM,18.0,True,Ferrari,5327.199,2026-05-03 17:35:27.944,1,6.0,False,,False,True
5515.455,HAM,44,94.024,19.0,1.0,,,33.086,35.19,25.748,5454.566,5489.756,5515.504,206.0,183.0,280.0,319.0,False,MEDIUM,19.0,True,Ferrari,5421.431,2026-05-03 17:37:02.176,1,6.0,False,,False,True
5609.672,HAM,44,94.217,20.0,1.0,,,33.108,35.284,25.825,5548.612,5583.896,5609.721,198.0,184.0,276.0,316.0,False,MEDIUM,20.0,True,Ferrari,5515.455,2026-05-03 17:38:36.200,1,5.0,False,,False,True
5703.869,HAM,44,94.197,21.0,1.0,,,33.075,35.275,25.847,5642.796,5678.071,5703.918,203.0,184.0,279.0,311.0,False,MEDIUM,21.0,True,Ferrari,5609.672,2026-05-03 17:40:10.417,1,4.0,False,,False,True
5798.036,HAM,44,94.167,22.0,1.0,,,33.027,35.208,25.932,5736.945,5772.153,5798.085,205.0,184.0,274.0,308.0,False,MEDIUM,22.0,True,Ferrari,5703.869,2026-05-03 17:41:44.614,1,4.0,False,,False,True
5891.962,HAM,44,93.926,23.0,1.0,,,32.873,35.15,25.903,5830.958,5866.108,5892.011,206.0,185.0,276.0,309.0,False,MEDIUM,23.0,True,Ferrari,5798.036,2026-05-03 17:43:18.781,1,4.0,False,,False,True
5986.019,HAM,44,94.057,24.0,1.0,,,32.839,35.313,25.905,5924.85,5960.163,5986.068,209.0,185.0,279.0,307.0,False,MEDIUM,24.0,True,Ferrari,5891.962,2026-05-03 17:44:52.707,1,4.0,False,,False,True
6080.209,HAM,44,94.19,25.0,1.0,,,32.872,35.445,25.873,6018.94,6054.385,6080.258,205.0,185.0,278.0,308.0,False,MEDIUM,25.0,True,Ferrari,5986.019,2026-05-03 17:46:26.764,1,4.0,False,,False,True
6175.193,HAM,44,94.984,26.0,1.0,,,32.723,35.577,26.684,6112.981,6148.558,6175.242,209.0,185.0,279.0,307.0,False,MEDIUM,26.0,True,Ferrari,6080.209,2026-05-03 17:48:00.954,1,5.0,False,,False,True
6274.589,HAM,44,99.396,27.0,1.0,,6269.2,33.188,35.201,31.007,6208.43,6243.631,6274.638,204.0,184.0,,313.0,False,MEDIUM,27.0,True,Ferrari,6175.193,2026-05-03 17:49:35.938,1,6.0,False,,False,False
6382.458,HAM,44,107.869,28.0,2.0,6292.967,,47.745,34.578,25.546,6322.383,6356.961,6382.507,216.0,188.0,278.0,310.0,False,HARD,1.0,True,Ferrari,6274.589,2026-05-03 17:51:15.334,1,8.0,False,,False,False
6475.134,HAM,44,92.676,29.0,2.0,,,32.276,34.769,25.631,6414.783,6449.552,6475.183,211.0,187.0,279.0,308.0,True,HARD,2.0,True,Ferrari,6382.458,2026-05-03 17:53:03.203,1,8.0,False,,False,True
6567.846,HAM,44,92.712,30.0,2.0,,,32.284,34.838,25.59,6507.467,6542.305,6567.895,212.0,187.0,280.0,308.0,False,HARD,3.0,True,Ferrari,6475.134,2026-05-03 17:54:35.879,1,8.0,False,,False,True
6660.71,HAM,44,92.864,31.0,2.0,,,32.326,34.851,25.687,6600.221,6635.072,6660.759,211.0,186.0,280.0,308.0,False,HARD,4.0,True,Ferrari,6567.846,2026-05-03 17:56:08.591,1,8.0,False,,False,True
6753.831,HAM,44,93.121,32.0,2.0,,,32.479,34.874,25.768,6693.238,6728.112,6753.88,210.0,185.0,276.0,310.0,False,HARD,5.0,True,Ferrari,6660.71,2026-05-03 17:57:41.455,1,7.0,False,,False,True
6846.811,HAM,44,92.98,33.0,2.0,,,32.395,34.831,25.754,6786.275,6821.106,6846.86,211.0,186.0,277.0,310.0,False,HARD,6.0,True,Ferrari,6753.831,2026-05-03 17:59:14.576,1,7.0,False,,False,True
6939.985,HAM,44,93.174,34.0,2.0,,,32.498,34.994,25.682,6879.358,6914.352,6940.034,213.0,184.0,280.0,318.0,False,HARD,7.0,True,Ferrari,6846.811,2026-05-03 18:00:47.556,1,7.0,False,,False,True
7032.924,HAM,44,92.939,35.0,2.0,,,32.464,34.927,25.548,6972.498,7007.425,7032.973,212.0,184.0,277.0,316.0,False,HARD,8.0,True,Ferrari,6939.985,2026-05-03 18:02:20.730,1,7.0,False,,False,True
7126.593,HAM,44,93.669,36.0,2.0,,,32.603,35.035,26.031,7065.576,7100.611,7126.642,211.0,185.0,254.0,313.0,False,HARD,9.0,True,Ferrari,7032.924,2026-05-03 18:03:53.669,1,7.0,False,,False,True
7221.396,HAM,44,94.803,37.0,2.0,,,32.806,35.528,26.469,7159.448,7194.976,7221.445,209.0,185.0,257.0,303.0,False,HARD,10.0,True,Ferrari,7126.593,2026-05-03 18:05:27.338,1,7.0,False,,False,True
7314.948,HAM,44,93.552,38.0,2.0,,,32.751,35.043,25.758,7254.196,7289.239,7314.997,209.0,185.0,285.0,311.0,False,HARD,11.0,True,Ferrari,7221.396,2026-05-03 18:07:02.141,1,7.0,False,,False,True
7408.046,HAM,44,93.098,39.0,2.0,,,32.35,35.057,25.691,7347.347,7382.404,7408.095,211.0,186.0,278.0,310.0,False,HARD,12.0,True,Ferrari,7314.948,2026-05-03 18:08:35.693,1,7.0,False,,False,True
7501.497,HAM,44,93.451,40.0,2.0,,,32.52,35.215,25.716,7440.615,7475.83,7501.546,210.0,185.0,280.0,311.0,False,HARD,13.0,True,Ferrari,7408.046,2026-05-03 18:10:08.791,1,7.0,False,,False,True
7594.78,HAM,44,93.283,41.0,2.0,,,32.498,35.061,25.724,7534.044,7569.105,7594.829,210.0,186.0,281.0,311.0,False,HARD,14.0,True,Ferrari,7501.497,2026-05-03 18:11:42.242,1,7.0,False,,False,True
7688.017,HAM,44,93.237,42.0,2.0,,,32.407,35.066,25.764,7627.236,7662.302,7688.066,210.0,186.0,281.0,306.0,False,HARD,15.0,True,Ferrari,7594.78,2026-05-03 18:13:15.525,1,7.0,False,,False,True
7781.146,HAM,44,93.129,43.0,2.0,,,32.487,34.988,25.654,7720.553,7755.541,7781.195,212.0,185.0,282.0,313.0,False,HARD,16.0,True,Ferrari,7688.017,2026-05-03 18:14:48.762,1,7.0,False,,False,True
7874.039,HAM,44,92.893,44.0,2.0,,,32.477,35.037,25.379,7813.672,7848.709,7874.088,209.0,184.0,286.0,317.0,False,HARD,17.0,True,Ferrari,7781.146,2026-05-03 18:16:21.891,1,7.0,False,,False,True
7967.168,HAM,44,93.129,45.0,2.0,,,32.469,34.995,25.665,7906.557,7941.552,7967.217,203.0,186.0,282.0,315.0,False,HARD,18.0,True,Ferrari,7874.039,2026-05-03 18:17:54.784,1,7.0,False,,False,True
8060.303,HAM,44,93.135,46.0,2.0,,,32.768,34.791,25.576,7999.985,8034.776,8060.352,205.0,185.0,285.0,312.0,False,HARD,19.0,True,Ferrari,7967.168,2026-05-03 18:19:27.913,1,7.0,False,,False,True
8153.643,HAM,44,93.34,47.0,2.0,,,32.489,35.128,25.723,8092.841,8127.969,8153.692,212.0,186.0,278.0,307.0,False,HARD,20.0,True,Ferrari,8060.303,2026-05-03 18:21:01.048,12,7.0,False,,False,True
8247.218,HAM,44,93.575,48.0,2.0,,,32.536,35.194,25.845,8186.228,8221.422,8247.267,212.0,185.0,281.0,291.0,False,HARD,21.0,True,Ferrari,8153.643,2026-05-03 18:22:34.388,1,7.0,False,,False,True
8340.853,HAM,44,93.635,49.0,2.0,,,32.612,35.194,25.829,8279.879,8315.073,8340.902,210.0,184.0,283.0,292.0,False,HARD,22.0,True,Ferrari,8247.218,2026-05-03 18:24:07.963,1,7.0,False,,False,True
8434.359,HAM,44,93.506,50.0,2.0,,,32.646,35.17,25.69,8373.548,8408.718,8434.408,209.0,185.0,286.0,306.0,False,HARD,23.0,True,Ferrari,8340.853,2026-05-03 18:25:41.598,1,7.0,False,,False,True
8527.929,HAM,44,93.57,51.0,2.0,,,32.477,35.335,25.758,8466.885,8502.22,8527.978,211.0,184.0,284.0,294.0,False,HARD,24.0,True,Ferrari,8434.359,2026-05-03 18:27:15.104,1,7.0,False,,False,True
8622.563,HAM,44,94.634,52.0,2.0,,,33.098,35.721,25.815,8561.076,8596.797,8622.612,210.0,179.0,280.0,301.0,False,HARD,25.0,True,Ferrari,8527.929,2026-05-03 18:28:48.674,1,7.0,False,,False,True
8716.865,HAM,44,94.302,53.0,2.0,,,33.03,35.476,25.796,8655.642,8691.118,8716.914,212.0,182.0,282.0,310.0,False,HARD,26.0,True,Ferrari,8622.563,2026-05-03 18:30:23.308,1,7.0,False,,False,True
8811.195,HAM,44,94.33,54.0,2.0,,,32.72,35.605,26.005,8749.634,8785.239,8811.244,209.0,182.0,283.0,304.0,False,HARD,27.0,True,Ferrari,8716.865,2026-05-03 18:31:57.610,1,7.0,False,,False,True
8905.502,HAM,44,94.307,55.0,2.0,,,32.834,35.641,25.832,8844.078,8879.719,8905.551,211.0,179.0,281.0,304.0,False,HARD,28.0,True,Ferrari,8811.195,2026-05-03 18:33:31.940,1,7.0,False,,False,True
9000.069,HAM,44,94.567,56.0,2.0,,,32.834,35.64,26.093,,8974.025,9000.118,206.0,179.0,276.0,309.0,False,HARD,29.0,True,Ferrari,8905.502,2026-05-03 18:35:06.247,12,7.0,False,,False,True
9095.019,HAM,44,94.95,57.0,2.0,,,32.821,36.114,26.015,9032.939,9069.053,9095.068,210.0,182.0,276.0,299.0,False,HARD,30.0,True,Ferrari,9000.069,2026-05-03 18:36:40.814,1,7.0,False,,False,True
3551.242,BOR,5,109.249,1.0,1.0,,,,37.806,26.906,,3524.575,3551.374,187.0,184.0,252.0,288.0,False,MEDIUM,1.0,True,Audi,3441.749,2026-05-03 17:04:02.494,1,18.0,False,,False,False
3648.041,BOR,5,96.799,2.0,1.0,,,33.955,36.04,26.804,3585.278,3621.318,3648.122,209.0,182.0,253.0,294.0,True,MEDIUM,2.0,True,Audi,3551.242,2026-05-03 17:05:51.987,1,19.0,False,,False,True
3744.425,BOR,5,96.384,3.0,1.0,,,33.959,36.089,26.336,3682.081,3718.17,3744.506,207.0,181.0,265.0,296.0,True,MEDIUM,3.0,True,Audi,3648.041,2026-05-03 17:07:28.786,1,19.0,False,,False,True
3840.958,BOR,5,96.533,4.0,1.0,,,34.18,35.664,26.689,3778.686,3814.35,3841.039,203.0,181.0,266.0,300.0,False,MEDIUM,4.0,True,Audi,3744.425,2026-05-03 17:09:05.170,1,19.0,False,,False,True
3938.237,BOR,5,97.279,5.0,1.0,,,33.897,36.094,27.288,3874.936,3911.03,3938.318,207.0,181.0,207.0,283.0,False,MEDIUM,5.0,True,Audi,3840.958,2026-05-03 17:10:41.703,124,15.0,False,,False,False
4073.732,BOR,5,135.495,6.0,1.0,,,45.499,50.475,39.521,3983.817,4034.292,4073.813,184.0,121.0,237.0,108.0,False,MEDIUM,6.0,True,Audi,3938.237,2026-05-03 17:12:18.982,4,15.0,False,,False,False
4202.502,BOR,5,128.77,7.0,1.0,,,39.016,48.186,41.568,4112.829,4161.015,4202.583,191.0,122.0,227.0,90.0,False,MEDIUM,7.0,True,Audi,4073.732,2026-05-03 17:14:34.477,4,14.0,False,,False,False
4343.253,BOR,5,140.751,8.0,1.0,,,41.904,58.134,40.713,4244.487,4302.621,4343.334,119.0,54.0,190.0,96.0,False,MEDIUM,8.0,True,Audi,4202.502,2026-05-03 17:16:43.247,4,14.0,False,,False,False
4485.871,BOR,5,142.618,9.0,1.0,,,44.019,58.609,39.99,4387.353,4445.962,4485.952,118.0,115.0,234.0,137.0,False,MEDIUM,9.0,True,Audi,4343.253,2026-05-03 17:19:03.998,4,14.0,False,,False,False
4626.645,BOR,5,140.774,10.0,1.0,,,46.963,58.869,34.942,4532.915,4591.784,4626.726,101.0,104.0,238.0,153.0,False,MEDIUM,10.0,True,Audi,4485.871,2026-05-03 17:21:26.616,4,14.0,False,,False,False
4768.149,BOR,5,141.504,11.0,1.0,,,46.105,45.16,50.239,4672.831,4717.991,4768.23,149.0,129.0,263.0,40.0,False,MEDIUM,11.0,True,Audi,4626.645,2026-05-03 17:23:47.390,41,14.0,False,,False,False
4865.309,BOR,5,97.16,12.0,1.0,,,33.726,36.792,26.642,4801.956,4838.748,4865.39,208.0,182.0,267.0,282.0,False,MEDIUM,12.0,True,Audi,4768.149,2026-05-03 17:26:08.894,1,15.0,False,,False,True
4960.858,BOR,5,95.549,13.0,1.0,,,33.996,35.113,26.44,4899.386,4934.499,4960.939,211.0,180.0,258.0,301.0,True,MEDIUM,13.0,True,Audi,4865.309,2026-05-03 17:27:46.054,1,14.0,False,,False,True
5056.665,BOR,5,95.807,14.0,1.0,,,34.078,35.269,26.46,4995.017,5030.286,5056.746,211.0,182.0,258.0,297.0,False,MEDIUM,14.0,True,Audi,4960.858,2026-05-03 17:29:21.603,1,14.0,False,,False,True
5152.387,BOR,5,95.722,15.0,1.0,,,33.653,35.555,26.514,5090.399,5125.954,5152.468,210.0,181.0,259.0,303.0,False,MEDIUM,15.0,True,Audi,5056.665,2026-05-03 17:30:57.410,12,14.0,False,,False,True
5247.872,BOR,5,95.485,16.0,1.0,,,33.546,35.495,26.444,5186.014,5221.509,5247.953,210.0,181.0,261.0,301.0,True,MEDIUM,16.0,True,Audi,5152.387,2026-05-03 17:32:33.132,1,14.0,False,,False,True
5343.365,BOR,5,95.493,17.0,1.0,,,33.644,35.456,26.393,5281.597,5317.053,5343.446,209.0,181.0,267.0,299.0,False,MEDIUM,17.0,True,Audi,5247.872,2026-05-03 17:34:08.617,1,14.0,False,,False,True
5439.208,BOR,5,95.843,18.0,1.0,,,33.675,35.746,26.422,5377.121,5412.867,5439.289,208.0,180.0,272.0,303.0,False,MEDIUM,18.0,True,Audi,5343.365,2026-05-03 17:35:44.110,1,14.0,False,,False,True
5535.001,BOR,5,95.793,19.0,1.0,,,33.708,35.457,26.628,5472.997,5508.454,5535.082,207.0,179.0,262.0,291.0,False,MEDIUM,19.0,True,Audi,5439.208,2026-05-03 17:37:19.953,1,13.0,False,,False,True
5630.79,BOR,5,95.789,20.0,1.0,,,33.58,35.773,26.436,5568.662,5604.435,5630.871,209.0,182.0,266.0,297.0,False,MEDIUM,20.0,True,Audi,5535.001,2026-05-03 17:38:55.746,1,13.0,False,,False,True
5725.94,BOR,5,95.15,21.0,1.0,,,33.331,35.428,26.391,5664.202,5699.63,5726.021,209.0,182.0,264.0,297.0,True,MEDIUM,21.0,True,Audi,5630.79,2026-05-03 17:40:31.535,1,13.0,False,,False,True
5820.989,BOR,5,95.049,22.0,1.0,,,33.261,35.468,26.32,5759.282,5794.75,5821.07,208.0,183.0,264.0,297.0,True,MEDIUM,22.0,True,Audi,5725.94,2026-05-03 17:42:06.685,1,13.0,False,,False,True
5915.642,BOR,5,94.653,23.0,1.0,,,33.213,35.117,26.323,5854.283,5889.4,5915.723,209.0,183.0,263.0,299.0,True,MEDIUM,23.0,True,Audi,5820.989,2026-05-03 17:43:41.734,1,13.0,False,,False,True
6010.638,BOR,5,94.996,24.0,1.0,,,33.352,35.389,26.255,5949.075,5984.464,6010.719,209.0,183.0,263.0,300.0,False,MEDIUM,24.0,True,Audi,5915.642,2026-05-03 17:45:16.387,1,13.0,False,,False,True
6105.639,BOR,5,95.001,25.0,1.0,,,33.263,35.735,26.003,6043.982,6079.717,6105.72,203.0,182.0,260.0,310.0,False,MEDIUM,25.0,True,Audi,6010.638,2026-05-03 17:46:51.383,1,13.0,False,,False,True
6200.55,BOR,5,94.911,26.0,1.0,,,33.422,35.448,26.041,6139.142,6174.59,6200.631,209.0,184.0,257.0,310.0,False,MEDIUM,26.0,True,Audi,6105.639,2026-05-03 17:48:26.384,1,13.0,False,,False,True
6295.802,BOR,5,95.252,27.0,1.0,,,33.419,35.312,26.521,6234.05,6269.362,6295.883,210.0,182.0,262.0,296.0,False,MEDIUM,27.0,True,Audi,6200.55,2026-05-03 17:50:01.295,1,12.0,False,,False,True
6390.775,BOR,5,94.973,28.0,1.0,,,33.525,35.434,26.014,6329.408,6364.842,6390.856,210.0,184.0,260.0,309.0,False,MEDIUM,28.0,True,Audi,6295.802,2026-05-03 17:51:36.547,1,11.0,False,,False,True
6485.798,BOR,5,95.023,29.0,1.0,,,33.452,35.513,26.058,6424.308,6459.821,6485.879,210.0,183.0,261.0,308.0,False,MEDIUM,29.0,True,Audi,6390.775,2026-05-03 17:53:11.520,1,10.0,False,,False,True
6580.824,BOR,5,95.026,30.0,1.0,,,33.372,35.441,26.213,6519.251,6554.692,6580.905,208.0,184.0,264.0,298.0,False,MEDIUM,30.0,True,Audi,6485.798,2026-05-03 17:54:46.543,1,10.0,False,,False,True
6676.028,BOR,5,95.204,31.0,1.0,,,33.319,35.41,26.475,6614.224,6649.634,6676.109,210.0,183.0,268.0,297.0,False,MEDIUM,31.0,True,Audi,6580.824,2026-05-03 17:56:21.569,1,9.0,False,,False,True
6776.5,BOR,5,100.472,32.0,1.0,,6770.817,33.276,35.196,32.0,6709.385,6744.581,6776.581,209.0,183.0,,305.0,False,MEDIUM,32.0,True,Audi,6676.028,2026-05-03 17:57:56.773,1,12.0,False,,False,False
6885.329,BOR,5,108.829,33.0,2.0,6794.743,,48.591,34.416,25.822,6825.172,6859.588,6885.41,214.0,185.0,267.0,304.0,False,HARD,1.0,True,Audi,6776.5,2026-05-03 17:59:37.245,1,13.0,False,,False,False
6978.888,BOR,5,93.559,34.0,2.0,,,32.64,35.155,25.764,6918.05,6953.205,6978.969,213.0,185.0,260.0,309.0,True,HARD,2.0,True,Audi,6885.329,2026-05-03 18:01:26.074,1,13.0,False,,False,True
7072.79,BOR,5,93.902,35.0,2.0,,,32.803,35.163,25.936,7011.772,7046.935,7072.871,213.0,184.0,264.0,300.0,False,HARD,3.0,True,Audi,6978.888,2026-05-03 18:02:59.633,1,13.0,False,,False,True
7166.38,BOR,5,93.59,36.0,2.0,,,32.445,35.269,25.876,7105.316,7140.585,7166.461,213.0,186.0,264.0,301.0,False,HARD,4.0,True,Audi,7072.79,2026-05-03 18:04:33.535,1,13.0,False,,False,True
7260.125,BOR,5,93.745,37.0,2.0,,,32.519,35.301,25.925,7198.98,7234.281,7260.206,213.0,185.0,266.0,301.0,False,HARD,5.0,True,Audi,7166.38,2026-05-03 18:06:07.125,1,13.0,False,,False,True
7354.057,BOR,5,93.932,38.0,2.0,,,32.665,35.359,25.908,7292.871,7328.23,7354.138,212.0,185.0,265.0,304.0,False,HARD,6.0,True,Audi,7260.125,2026-05-03 18:07:40.870,1,13.0,False,,False,True
7448.012,BOR,5,93.955,39.0,2.0,,,32.807,35.188,25.96,7386.945,7422.133,7448.093,212.0,185.0,265.0,305.0,False,HARD,7.0,True,Audi,7354.057,2026-05-03 18:09:14.802,1,13.0,False,,False,True
7542.047,BOR,5,94.035,40.0,2.0,,,32.782,35.369,25.884,7480.875,7516.244,7542.128,212.0,184.0,263.0,304.0,False,HARD,8.0,True,Audi,7448.012,2026-05-03 18:10:48.757,1,13.0,False,,False,True
7635.686,BOR,5,93.639,41.0,2.0,,,32.707,35.255,25.677,7574.835,7610.09,7635.767,213.0,184.0,265.0,313.0,False,HARD,9.0,True,Audi,7542.047,2026-05-03 18:12:22.792,1,13.0,False,,False,True
7729.728,BOR,5,94.042,42.0,2.0,,,32.881,35.15,26.011,7668.648,7703.798,7729.809,212.0,182.0,269.0,310.0,False,HARD,10.0,True,Audi,7635.686,2026-05-03 18:13:56.431,1,13.0,False,,False,True
7824.466,BOR,5,94.738,43.0,2.0,,,33.27,35.409,26.059,7763.079,7798.488,7824.547,210.0,181.0,272.0,302.0,False,HARD,11.0,True,Audi,7729.728,2026-05-03 18:15:30.473,1,13.0,False,,False,True
7918.976,BOR,5,94.51,44.0,2.0,,,33.011,35.519,25.98,7857.558,7893.077,7919.057,212.0,183.0,271.0,302.0,False,HARD,12.0,True,Audi,7824.466,2026-05-03 18:17:05.211,1,13.0,False,,False,True
8013.403,BOR,5,94.427,45.0,2.0,,,32.871,35.523,26.033,7951.928,7987.451,8013.484,213.0,183.0,286.0,295.0,False,HARD,13.0,True,Audi,7918.976,2026-05-03 18:18:39.721,1,13.0,False,,False,True
8108.266,BOR,5,94.863,46.0,2.0,,,33.407,35.2,26.256,8046.891,8082.091,8108.347,213.0,183.0,264.0,291.0,False,HARD,14.0,True,Audi,8013.403,2026-05-03 18:20:14.148,1,12.0,False,,False,True
8202.437,BOR,5,94.171,47.0,2.0,,,32.954,35.407,25.81,8141.301,8176.708,8202.518,211.0,183.0,261.0,318.0,False,HARD,15.0,True,Audi,8108.266,2026-05-03 18:21:49.011,12,12.0,False,,False,True
8296.278,BOR,5,93.841,48.0,2.0,,,32.777,35.278,25.786,8235.295,8270.573,8296.359,209.0,183.0,258.0,318.0,False,HARD,16.0,True,Audi,8202.437,2026-05-03 18:23:23.182,1,12.0,False,,False,True
8390.548,BOR,5,94.27,49.0,2.0,,,32.715,35.814,25.741,8329.074,8364.888,8390.629,213.0,186.0,263.0,319.0,False,HARD,17.0,True,Audi,8296.278,2026-05-03 18:24:57.023,1,12.0,False,,False,True
8484.957,BOR,5,94.409,50.0,2.0,,,32.755,35.723,25.931,8423.384,8459.107,8485.038,212.0,184.0,266.0,302.0,False,HARD,18.0,True,Audi,8390.548,2026-05-03 18:26:31.293,1,12.0,False,,False,True
8580.7,BOR,5,95.743,51.0,2.0,,,32.917,36.526,26.3,8517.955,8554.481,8580.781,213.0,179.0,244.0,314.0,False,HARD,19.0,True,Audi,8484.957,2026-05-03 18:28:05.702,1,12.0,False,,False,True
8675.451,BOR,5,94.751,52.0,2.0,,,33.624,35.369,25.758,8614.405,8649.774,8675.532,213.0,181.0,268.0,315.0,False,HARD,20.0,True,Audi,8580.7,2026-05-03 18:29:41.445,1,12.0,False,,False,True
8769.305,BOR,5,93.854,53.0,2.0,,,32.707,35.332,25.815,8708.239,8743.571,8769.386,214.0,183.0,266.0,311.0,False,HARD,21.0,True,Audi,8675.451,2026-05-03 18:31:16.196,1,12.0,False,,False,True
8863.031,BOR,5,93.726,54.0,2.0,,,32.656,35.259,25.811,8802.042,8837.301,8863.112,213.0,184.0,268.0,311.0,False,HARD,22.0,True,Audi,8769.305,2026-05-03 18:32:50.050,1,12.0,False,,False,True
8956.531,BOR,5,93.5,55.0,2.0,,,32.653,35.061,25.786,8895.765,8930.826,8956.612,212.0,185.0,267.0,312.0,True,HARD,23.0,True,Audi,8863.031,2026-05-03 18:34:23.776,1,12.0,False,,False,True
9050.619,BOR,5,94.088,56.0,2.0,,,32.882,35.313,25.893,8989.494,9024.807,9050.7,214.0,185.0,275.0,309.0,False,HARD,24.0,True,Audi,8956.531,2026-05-03 18:35:57.276,12,12.0,False,,False,True
3547.228,SAI,55,105.235,1.0,1.0,,,,36.562,27.239,,3520.207,3547.457,208.0,180.0,251.0,305.0,False,MEDIUM,1.0,True,Williams,3441.749,2026-05-03 17:04:02.494,1,11.0,False,,False,False
3643.117,SAI,55,95.889,2.0,1.0,,,34.802,35.03,26.057,3582.103,3617.133,3643.19,211.0,186.0,256.0,322.0,True,MEDIUM,2.0,True,Williams,3547.228,2026-05-03 17:05:47.973,1,12.0,False,,False,True
3738.412,SAI,55,95.295,3.0,1.0,,,34.279,35.056,25.96,3677.469,3712.525,3738.485,211.0,185.0,254.0,314.0,True,MEDIUM,3.0,True,Williams,3643.117,2026-05-03 17:07:23.862,1,12.0,False,,False,True
3833.256,SAI,55,94.844,4.0,1.0,,,34.167,34.955,25.722,3772.652,3807.607,3833.329,212.0,185.0,264.0,321.0,True,MEDIUM,4.0,True,Williams,3738.412,2026-05-03 17:08:59.157,1,12.0,False,,False,True
3929.937,SAI,55,96.681,5.0,1.0,,,34.299,35.643,26.739,3867.628,3903.271,3930.01,208.0,184.0,258.0,290.0,False,MEDIUM,5.0,True,Williams,3833.256,2026-05-03 17:10:34.001,12,10.0,False,,False,True
4064.238,SAI,55,134.301,6.0,1.0,,,43.913,47.461,42.927,3973.923,4021.384,4064.311,176.0,130.0,205.0,120.0,False,MEDIUM,6.0,True,Williams,3929.937,2026-05-03 17:12:10.682,24,10.0,False,,False,False
4192.662,SAI,55,128.424,7.0,1.0,,,37.028,49.207,42.189,4101.339,4150.546,4192.735,176.0,92.0,244.0,80.0,False,MEDIUM,7.0,True,Williams,4064.238,2026-05-03 17:14:24.983,4,9.0,False,,False,False
4337.32,SAI,55,144.658,8.0,1.0,,,46.192,57.307,41.159,4238.927,4296.234,4337.393,94.0,63.0,223.0,91.0,False,MEDIUM,8.0,True,Williams,4192.662,2026-05-03 17:16:33.407,4,9.0,False,,False,False
4480.61,SAI,55,143.29,9.0,1.0,,,44.337,57.019,41.934,4381.73,4438.749,4480.683,110.0,68.0,222.0,123.0,False,MEDIUM,9.0,True,Williams,4337.32,2026-05-03 17:18:58.065,4,9.0,False,,False,False
4620.849,SAI,55,140.239,10.0,1.0,,,47.092,57.138,36.009,4527.775,4584.913,4620.922,91.0,85.0,224.0,161.0,False,MEDIUM,10.0,True,Williams,4480.61,2026-05-03 17:21:21.355,4,9.0,False,,False,False
4765.212,SAI,55,144.363,11.0,1.0,,,46.368,46.694,51.301,4667.29,4713.984,4765.285,120.0,123.0,269.0,48.0,False,MEDIUM,11.0,True,Williams,4620.849,2026-05-03 17:23:41.594,41,9.0,False,,False,False
4860.373,SAI,55,95.161,12.0,1.0,,,33.837,35.506,25.818,4799.122,4834.628,4860.446,213.0,186.0,259.0,321.0,False,MEDIUM,12.0,True,Williams,4765.212,2026-05-03 17:26:05.957,1,9.0,False,,False,True
4955.257,SAI,55,94.884,13.0,1.0,,,33.952,35.201,25.731,4894.398,4929.599,4955.33,211.0,184.0,271.0,317.0,False,MEDIUM,13.0,True,Williams,4860.373,2026-05-03 17:27:41.118,1,9.0,False,,False,True
5049.235,SAI,55,93.978,14.0,1.0,,,33.339,34.981,25.658,4988.669,5023.65,5049.308,210.0,184.0,271.0,319.0,True,MEDIUM,14.0,True,Williams,4955.257,2026-05-03 17:29:16.002,1,9.0,False,,False,True
5143.458,SAI,55,94.223,15.0,1.0,,,33.518,34.855,25.85,5082.826,5117.681,5143.531,212.0,184.0,261.0,314.0,False,MEDIUM,15.0,True,Williams,5049.235,2026-05-03 17:30:49.980,1,8.0,False,,False,True
5238.225,SAI,55,94.767,16.0,1.0,,,33.601,35.206,25.96,5177.132,5212.338,5238.298,211.0,184.0,265.0,317.0,False,MEDIUM,16.0,True,Williams,5143.458,2026-05-03 17:32:24.203,12,8.0,False,,False,True
5333.044,SAI,55,94.819,17.0,1.0,,,33.444,35.308,26.067,5271.742,5307.05,5333.117,212.0,182.0,267.0,315.0,False,MEDIUM,17.0,True,Williams,5238.225,2026-05-03 17:33:58.970,1,8.0,False,,False,True
5428.507,SAI,55,95.463,18.0,1.0,,,34.208,35.321,25.934,5367.325,5402.646,5428.58,210.0,182.0,269.0,316.0,False,MEDIUM,18.0,True,Williams,5333.044,2026-05-03 17:35:33.789,1,9.0,False,,False,True
5523.28,SAI,55,94.773,19.0,1.0,,,33.519,35.3,25.954,5462.099,5497.399,5523.353,210.0,183.0,272.0,317.0,False,MEDIUM,19.0,True,Williams,5428.507,2026-05-03 17:37:09.252,1,9.0,False,,False,True
5618.08,SAI,55,94.8,20.0,1.0,,,33.525,35.315,25.96,5556.878,5592.193,5618.153,210.0,183.0,278.0,315.0,False,MEDIUM,20.0,True,Williams,5523.28,2026-05-03 17:38:44.025,1,9.0,False,,False,True
5713.048,SAI,55,94.968,21.0,1.0,,,33.466,35.401,26.101,5651.619,5687.02,5713.121,211.0,185.0,264.0,312.0,False,MEDIUM,21.0,True,Williams,5618.08,2026-05-03 17:40:18.825,1,8.0,False,,False,True
5807.649,SAI,55,94.601,22.0,1.0,,,33.346,35.241,26.014,5746.467,5781.708,5807.722,209.0,185.0,273.0,312.0,False,MEDIUM,22.0,True,Williams,5713.048,2026-05-03 17:41:53.793,1,7.0,False,,False,True
5902.3,SAI,55,94.651,23.0,1.0,,,33.307,35.237,26.107,5841.029,5876.266,5902.373,210.0,185.0,272.0,311.0,False,MEDIUM,23.0,True,Williams,5807.649,2026-05-03 17:43:28.394,1,7.0,False,,False,True
5996.924,SAI,55,94.624,24.0,1.0,,,33.253,35.284,26.087,5935.626,5970.91,5996.997,210.0,184.0,270.0,311.0,False,MEDIUM,24.0,True,Williams,5902.3,2026-05-03 17:45:03.045,1,7.0,False,,False,True
6092.221,SAI,55,95.297,25.0,1.0,,,33.334,35.903,26.06,6030.331,6066.234,6092.294,211.0,185.0,275.0,309.0,False,MEDIUM,25.0,True,Williams,5996.924,2026-05-03 17:46:37.669,1,7.0,False,,False,True
6188.357,SAI,55,96.136,26.0,1.0,,,33.381,36.239,26.516,6125.675,6161.914,6188.43,212.0,184.0,273.0,299.0,False,MEDIUM,26.0,True,Williams,6092.221,2026-05-03 17:48:12.966,1,9.0,False,,False,True
6283.199,SAI,55,94.842,27.0,1.0,,,33.668,35.249,25.925,6222.098,6257.347,6283.272,210.0,184.0,277.0,318.0,False,MEDIUM,27.0,True,Williams,6188.357,2026-05-03 17:49:49.102,1,9.0,False,,False,True
6383.059,SAI,55,99.86,28.0,1.0,,6377.667,33.553,35.338,30.969,6316.825,6352.163,6383.132,211.0,184.0,,313.0,False,MEDIUM,28.0,True,Williams,6283.199,2026-05-03 17:51:23.944,1,9.0,False,,False,False
6491.593,SAI,55,108.534,29.0,2.0,6401.365,,48.32,34.474,25.74,6431.452,6465.926,6491.666,218.0,190.0,275.0,310.0,False,HARD,1.0,True,Williams,6383.059,2026-05-03 17:53:03.804,1,11.0,False,,False,False
6584.619,SAI,55,93.026,30.0,2.0,,,32.706,34.713,25.607,6524.372,6559.085,6584.692,214.0,187.0,273.0,314.0,True,HARD,2.0,True,Williams,6491.593,2026-05-03 17:54:52.338,1,11.0,False,,False,True
6677.93,SAI,55,93.311,31.0,2.0,,,32.807,34.819,25.685,6617.499,6652.318,6678.003,214.0,186.0,277.0,315.0,False,HARD,3.0,True,Williams,6584.619,2026-05-03 17:56:25.364,1,11.0,False,,False,True
6771.667,SAI,55,93.737,32.0,2.0,,,33.028,34.886,25.823,6711.031,6745.917,6771.74,212.0,187.0,260.0,319.0,False,HARD,4.0,True,Williams,6677.93,2026-05-03 17:57:58.675,1,9.0,False,,False,True
6865.214,SAI,55,93.547,33.0,2.0,,,32.983,34.738,25.826,6804.723,6839.461,6865.287,213.0,185.0,281.0,309.0,False,HARD,5.0,True,Williams,6771.667,2026-05-03 17:59:32.412,1,9.0,False,,False,True
6959.256,SAI,55,94.042,34.0,2.0,,,32.919,35.205,25.918,6898.206,6933.411,6959.329,213.0,186.0,275.0,308.0,False,HARD,6.0,True,Williams,6865.214,2026-05-03 18:01:05.959,1,9.0,False,,False,True
7053.224,SAI,55,93.968,35.0,2.0,,,32.789,35.303,25.876,6992.118,7027.421,7053.297,212.0,184.0,274.0,309.0,False,HARD,7.0,True,Williams,6959.256,2026-05-03 18:02:40.001,1,9.0,False,,False,True
7147.042,SAI,55,93.818,36.0,2.0,,,32.821,35.152,25.845,7086.118,7121.27,7147.115,212.0,186.0,272.0,310.0,False,HARD,8.0,True,Williams,7053.224,2026-05-03 18:04:13.969,1,9.0,False,,False,True
7241.124,SAI,55,94.082,37.0,2.0,,,32.907,35.259,25.916,7180.022,7215.281,7241.197,210.0,186.0,271.0,311.0,False,HARD,9.0,True,Williams,7147.042,2026-05-03 18:05:47.787,1,9.0,False,,False,True
7335.361,SAI,55,94.237,38.0,2.0,,,33.089,35.232,25.916,7274.286,7309.518,7335.434,211.0,184.0,275.0,311.0,False,HARD,10.0,True,Williams,7241.124,2026-05-03 18:07:21.869,1,9.0,False,,False,True
7429.595,SAI,55,94.234,39.0,2.0,,,33.097,35.183,25.954,7368.531,7403.714,7429.668,213.0,184.0,280.0,315.0,False,HARD,11.0,True,Williams,7335.361,2026-05-03 18:08:56.106,1,9.0,False,,False,True
7523.583,SAI,55,93.988,40.0,2.0,,,33.087,35.018,25.883,7462.755,7497.773,7523.656,209.0,184.0,280.0,310.0,False,HARD,12.0,True,Williams,7429.595,2026-05-03 18:10:30.340,1,9.0,False,,False,True
7617.898,SAI,55,94.315,41.0,2.0,,,33.181,35.204,25.93,7556.837,7592.041,7617.971,210.0,184.0,274.0,309.0,False,HARD,13.0,True,Williams,7523.583,2026-05-03 18:12:04.328,1,9.0,False,,False,True
7712.292,SAI,55,94.394,42.0,2.0,,,33.046,35.349,25.999,7651.017,7686.366,7712.365,209.0,185.0,273.0,308.0,False,HARD,14.0,True,Williams,7617.898,2026-05-03 18:13:38.643,1,9.0,False,,False,True
7806.533,SAI,55,94.241,43.0,2.0,,,33.051,35.254,25.936,7745.416,7780.67,7806.606,212.0,185.0,275.0,309.0,False,HARD,15.0,True,Williams,7712.292,2026-05-03 18:15:13.037,1,9.0,False,,False,True
7900.399,SAI,55,93.866,44.0,2.0,,,32.919,34.999,25.948,7839.525,7874.524,7900.472,213.0,185.0,275.0,309.0,False,HARD,16.0,True,Williams,7806.533,2026-05-03 18:16:47.278,1,9.0,False,,False,True
7994.445,SAI,55,94.046,45.0,2.0,,,33.018,35.061,25.967,7933.49,7968.551,7994.518,213.0,186.0,277.0,309.0,False,HARD,17.0,True,Williams,7900.399,2026-05-03 18:18:21.144,1,9.0,False,,False,True
8088.515,SAI,55,94.07,46.0,2.0,,,33.012,35.133,25.925,8027.53,8062.663,8088.588,213.0,185.0,276.0,310.0,False,HARD,18.0,True,Williams,7994.445,2026-05-03 18:19:55.190,1,9.0,False,,False,True
8182.493,SAI,55,93.978,47.0,2.0,,,32.969,35.085,25.924,8121.557,8156.642,8182.566,213.0,184.0,277.0,311.0,False,HARD,19.0,True,Williams,8088.515,2026-05-03 18:21:29.260,12,9.0,False,,False,True
8276.497,SAI,55,94.004,48.0,2.0,,,32.957,35.209,25.838,8215.523,8250.732,8276.57,213.0,185.0,279.0,313.0,False,HARD,20.0,True,Williams,8182.493,2026-05-03 18:23:03.238,1,9.0,False,,False,True
8370.477,SAI,55,93.98,49.0,2.0,,,32.875,35.208,25.897,8309.445,8344.653,8370.55,213.0,184.0,272.0,312.0,False,HARD,21.0,True,Williams,8276.497,2026-05-03 18:24:37.242,1,9.0,False,,False,True
8464.37,SAI,55,93.893,50.0,2.0,,,32.934,35.121,25.838,8403.484,8438.605,8464.443,213.0,184.0,278.0,313.0,False,HARD,22.0,True,Williams,8370.477,2026-05-03 18:26:11.222,1,9.0,False,,False,True
8558.472,SAI,55,94.102,51.0,2.0,,,33.144,35.195,25.763,8497.587,8532.782,8558.545,210.0,187.0,275.0,313.0,False,HARD,23.0,True,Williams,8464.37,2026-05-03 18:27:45.115,1,9.0,False,,False,True
8652.644,SAI,55,94.172,52.0,2.0,,,33.03,35.313,25.829,8591.575,8626.888,8652.717,212.0,186.0,277.0,315.0,False,HARD,24.0,True,Williams,8558.472,2026-05-03 18:29:19.217,1,9.0,False,,False,True
8746.633,SAI,55,93.989,53.0,2.0,,,32.995,35.256,25.738,8685.712,8720.968,8746.706,214.0,185.0,282.0,317.0,False,HARD,25.0,True,Williams,8652.644,2026-05-03 18:30:53.389,1,9.0,False,,False,True
8840.491,SAI,55,93.858,54.0,2.0,,,33.02,35.1,25.738,8779.726,8814.826,8840.564,213.0,186.0,280.0,318.0,False,HARD,26.0,True,Williams,8746.633,2026-05-03 18:32:27.378,1,9.0,False,,False,True
8934.442,SAI,55,93.951,55.0,2.0,,,33.05,35.202,25.699,8873.614,8908.816,8934.515,213.0,186.0,279.0,319.0,False,HARD,27.0,True,Williams,8840.491,2026-05-03 18:34:01.236,1,9.0,False,,False,True
9028.783,SAI,55,94.341,56.0,2.0,,,33.202,35.225,25.914,8967.717,9002.942,9028.856,215.0,184.0,277.0,318.0,False,HARD,28.0,True,Williams,8934.442,2026-05-03 18:35:35.187,12,9.0,False,,False,True
9123.338,SAI,55,94.555,57.0,2.0,,,33.396,35.308,25.851,9062.252,9097.56,9123.411,214.0,184.0,279.0,316.0,False,HARD,29.0,True,Williams,9028.783,2026-05-03 18:37:09.528,1,9.0,False,,False,True
3551.62,HAD,6,109.627,1.0,1.0,3451.308,,,38.922,25.914,,3525.829,3551.62,196.0,181.0,262.0,314.0,False,HARD,1.0,True,Red Bull Racing,3441.749,2026-05-03 17:04:02.494,1,19.0,False,,False,False
3647.688,HAD,6,96.068,2.0,1.0,,,33.998,36.071,25.999,3585.618,3621.689,3647.688,206.0,183.0,262.0,289.0,True,HARD,2.0,True,Red Bull Racing,3551.62,2026-05-03 17:05:52.365,1,18.0,False,,False,True
3742.876,HAD,6,95.188,3.0,1.0,,,33.917,35.496,25.775,3681.605,3717.101,3742.876,207.0,183.0,260.0,324.0,True,HARD,3.0,True,Red Bull Racing,3647.688,2026-05-03 17:07:28.433,1,16.0,False,,False,True
3837.709,HAD,6,94.833,4.0,1.0,,,33.538,35.375,25.92,3776.414,3811.789,3837.709,208.0,182.0,262.0,312.0,True,HARD,4.0,True,Red Bull Racing,3742.876,2026-05-03 17:09:03.621,1,16.0,False,,False,True
3987.709,HAD,6,,5.0,1.0,,,,,,,,,,,,,,HARD,5.0,True,Red Bull Racing,3837.709,2026-05-03 17:10:38.454,124,,False,,True,False
3541.251,RUS,63,99.258,1.0,1.0,,,,34.73,25.557,,3515.802,3541.509,213.0,186.0,257.0,331.0,False,MEDIUM,1.0,True,Mercedes,3441.749,2026-05-03 17:04:02.494,1,5.0,False,,False,False
3634.445,RUS,63,93.194,2.0,1.0,,,33.022,34.637,25.535,3574.321,3608.958,3634.493,213.0,187.0,283.0,322.0,True,MEDIUM,2.0,True,Mercedes,3541.251,2026-05-03 17:05:41.996,1,5.0,False,,False,True
3728.019,RUS,63,93.574,3.0,1.0,,,32.852,34.905,25.817,3667.345,3702.25,3728.067,213.0,186.0,263.0,317.0,False,MEDIUM,3.0,True,Mercedes,3634.445,2026-05-03 17:07:15.190,1,4.0,False,,False,True
3821.892,RUS,63,93.873,4.0,1.0,,,32.893,34.913,26.067,3760.96,3795.873,3821.94,212.0,186.0,263.0,313.0,False,MEDIUM,4.0,True,Mercedes,3728.019,2026-05-03 17:08:48.764,1,4.0,False,,False,True
3915.729,RUS,63,93.837,5.0,1.0,,,32.666,35.055,26.116,3854.606,3889.661,3915.777,211.0,186.0,259.0,316.0,False,MEDIUM,5.0,True,Mercedes,3821.892,2026-05-03 17:10:22.637,12,4.0,False,,False,True
4046.657,RUS,63,130.928,6.0,1.0,,,42.079,50.039,38.81,3957.856,4007.895,4046.705,112.0,105.0,242.0,74.0,False,MEDIUM,6.0,True,Mercedes,3915.729,2026-05-03 17:11:56.474,24,4.0,False,,False,False
4184.141,RUS,63,137.484,7.0,1.0,,,41.531,55.3,40.653,4088.236,4143.536,4184.189,136.0,97.0,229.0,124.0,False,MEDIUM,7.0,True,Mercedes,4046.657,2026-05-03 17:14:07.402,4,4.0,False,,False,False
4327.091,RUS,63,142.95,8.0,1.0,,,50.101,55.634,37.215,4234.29,4289.924,4327.139,86.0,73.0,238.0,117.0,False,MEDIUM,8.0,True,Mercedes,4184.141,2026-05-03 17:16:24.886,4,4.0,False,,False,False
4474.536,RUS,63,147.445,9.0,1.0,,,48.471,56.496,42.478,4375.61,4432.106,4474.584,150.0,70.0,231.0,143.0,False,MEDIUM,9.0,True,Mercedes,4327.091,2026-05-03 17:18:47.836,4,4.0,False,,False,False
4612.929,RUS,63,138.393,10.0,1.0,,,48.656,56.276,33.461,4523.24,4579.516,4612.977,115.0,77.0,254.0,172.0,False,MEDIUM,10.0,True,Mercedes,4474.536,2026-05-03 17:21:15.281,4,4.0,False,,False,False
4762.887,RUS,63,149.958,11.0,1.0,,,49.351,47.238,53.369,4662.328,4709.566,4762.935,132.0,107.0,253.0,62.0,False,MEDIUM,11.0,True,Mercedes,4612.929,2026-05-03 17:23:33.674,41,4.0,False,,False,False
4857.838,RUS,63,94.951,12.0,1.0,,,34.169,34.829,25.953,4797.104,4831.933,4857.886,212.0,187.0,260.0,305.0,False,MEDIUM,12.0,True,Mercedes,4762.887,2026-05-03 17:26:03.632,1,5.0,False,,False,True
4951.421,RUS,63,93.583,13.0,1.0,,,32.744,35.089,25.75,4890.63,4925.719,4951.469,208.0,186.0,274.0,313.0,False,MEDIUM,13.0,True,Mercedes,4857.838,2026-05-03 17:27:38.583,1,5.0,False,,False,True
5045.239,RUS,63,93.818,14.0,1.0,,,32.804,35.067,25.947,4984.273,5019.34,5045.287,208.0,186.0,266.0,320.0,False,MEDIUM,14.0,True,Mercedes,4951.421,2026-05-03 17:29:12.166,1,5.0,False,,False,True
5138.734,RUS,63,93.495,15.0,1.0,,,32.665,35.069,25.761,5077.952,5113.021,5138.782,212.0,185.0,271.0,317.0,False,MEDIUM,15.0,True,Mercedes,5045.239,2026-05-03 17:30:45.984,1,5.0,False,,False,True
5232.299,RUS,63,93.565,16.0,1.0,,,32.708,34.962,25.895,5171.49,5206.452,5232.347,211.0,185.0,258.0,320.0,False,MEDIUM,16.0,True,Mercedes,5138.734,2026-05-03 17:32:19.479,12,5.0,False,,False,True
5326.289,RUS,63,93.99,17.0,1.0,,,32.802,35.385,25.803,5265.149,5300.534,5326.337,211.0,183.0,276.0,324.0,False,MEDIUM,17.0,True,Mercedes,5232.299,2026-05-03 17:33:53.044,1,5.0,False,,False,True
5420.347,RUS,63,94.058,18.0,1.0,,,33.056,35.137,25.865,5359.393,5394.53,5420.395,209.0,184.0,266.0,323.0,False,MEDIUM,18.0,True,Mercedes,5326.289,2026-05-03 17:35:27.034,1,5.0,False,,False,True
5514.22,RUS,63,93.873,19.0,1.0,,,32.939,35.158,25.776,5453.334,5488.492,5514.268,207.0,184.0,276.0,312.0,False,MEDIUM,19.0,True,Mercedes,5420.347,2026-05-03 17:37:01.092,1,5.0,False,,False,True
5613.334,RUS,63,99.114,20.0,1.0,,5608.001,32.987,35.077,31.05,5547.255,5582.332,5613.382,211.0,185.0,,319.0,False,MEDIUM,20.0,True,Mercedes,5514.22,2026-05-03 17:38:34.965,1,6.0,False,,False,False
5719.307,RUS,63,105.973,21.0,2.0,5629.953,,46.129,34.405,25.439,5659.511,5693.916,5719.355,216.0,190.0,253.0,332.0,False,HARD,1.0,True,Mercedes,5613.334,2026-05-03 17:40:14.079,1,12.0,False,,False,False
5811.943,RUS,63,92.636,22.0,2.0,,,32.687,34.455,25.494,5752.042,5786.497,5811.991,214.0,187.0,290.0,326.0,True,HARD,2.0,True,Mercedes,5719.307,2026-05-03 17:42:00.052,1,10.0,False,,False,True
5905.695,RUS,63,93.752,23.0,2.0,,,32.843,35.148,25.761,5844.834,5879.982,5905.743,212.0,187.0,277.0,318.0,False,HARD,3.0,True,Mercedes,5811.943,2026-05-03 17:43:32.688,1,9.0,False,,False,True
6000.058,RUS,63,94.363,24.0,2.0,,,33.614,35.004,25.745,5939.357,5974.361,6000.106,209.0,186.0,274.0,315.0,False,HARD,4.0,True,Mercedes,5905.695,2026-05-03 17:45:06.440,1,8.0,False,,False,True
6093.127,RUS,63,93.069,25.0,2.0,,,32.511,35.007,25.551,6032.617,6067.624,6093.175,211.0,188.0,275.0,322.0,False,HARD,5.0,True,Mercedes,6000.058,2026-05-03 17:46:40.803,1,8.0,False,,False,True
6186.55,RUS,63,93.423,26.0,2.0,,,32.833,34.695,25.895,6126.008,6160.703,6186.598,213.0,186.0,270.0,310.0,False,HARD,6.0,True,Mercedes,6093.127,2026-05-03 17:48:13.872,1,7.0,False,,False,True
6279.755,RUS,63,93.205,27.0,2.0,,,32.599,34.749,25.857,6219.197,6253.946,6279.803,211.0,187.0,268.0,310.0,False,HARD,7.0,True,Mercedes,6186.55,2026-05-03 17:49:47.295,1,7.0,False,,False,True
6372.712,RUS,63,92.957,28.0,2.0,,,32.441,34.633,25.883,6312.244,6346.877,6372.76,213.0,187.0,264.0,311.0,False,HARD,8.0,True,Mercedes,6279.755,2026-05-03 17:51:20.500,1,6.0,False,,False,True
6465.618,RUS,63,92.906,29.0,2.0,,,32.525,34.607,25.774,6405.285,6439.892,6465.666,212.0,186.0,270.0,313.0,False,HARD,9.0,True,Mercedes,6372.712,2026-05-03 17:52:53.457,1,5.0,False,,False,True
6559.257,RUS,63,93.639,30.0,2.0,,,33.013,34.85,25.776,6498.679,6533.529,6559.305,212.0,186.0,252.0,328.0,False,HARD,10.0,True,Mercedes,6465.618,2026-05-03 17:54:26.363,1,5.0,False,,False,True
6653.491,RUS,63,94.234,31.0,2.0,,,33.604,34.783,25.847,6592.909,6627.692,6653.539,212.0,184.0,250.0,333.0,False,HARD,11.0,True,Mercedes,6559.257,2026-05-03 17:56:00.002,1,5.0,False,,False,True
6746.817,RUS,63,93.326,32.0,2.0,,,33.032,34.492,25.802,6686.571,6721.063,6746.865,210.0,185.0,258.0,320.0,False,HARD,12.0,True,Mercedes,6653.491,2026-05-03 17:57:34.236,1,5.0,False,,False,True
6840.364,RUS,63,93.547,33.0,2.0,,,33.039,34.82,25.688,6779.904,6814.724,6840.412,214.0,185.0,285.0,318.0,False,HARD,13.0,True,Mercedes,6746.817,2026-05-03 17:59:07.562,1,5.0,False,,False,True
6934.694,RUS,63,94.33,34.0,2.0,,,33.083,34.937,26.31,6873.495,6908.432,6934.742,212.0,185.0,277.0,302.0,False,HARD,14.0,True,Mercedes,6840.364,2026-05-03 18:00:41.109,1,5.0,False,,False,True
7029.646,RUS,63,94.952,35.0,2.0,,,33.681,34.827,26.444,6968.423,7003.25,7029.694,213.0,185.0,267.0,289.0,False,HARD,15.0,True,Mercedes,6934.694,2026-05-03 18:02:15.439,1,6.0,False,,False,True
7123.368,RUS,63,93.722,36.0,2.0,,,32.909,35.094,25.719,7062.603,7097.697,7123.416,211.0,185.0,271.0,320.0,False,HARD,16.0,True,Mercedes,7029.646,2026-05-03 18:03:50.391,1,6.0,False,,False,True
7216.571,RUS,63,93.203,37.0,2.0,,,32.78,34.87,25.553,7156.196,7191.066,7216.619,212.0,184.0,277.0,323.0,False,HARD,17.0,True,Mercedes,7123.368,2026-05-03 18:05:24.113,1,6.0,False,,False,True
7309.808,RUS,63,93.237,38.0,2.0,,,32.689,34.943,25.605,7249.308,7284.251,7309.856,212.0,185.0,282.0,318.0,False,HARD,18.0,True,Mercedes,7216.571,2026-05-03 18:06:57.316,1,6.0,False,,False,True
7402.785,RUS,63,92.977,39.0,2.0,,,32.38,34.876,25.721,7342.236,7377.112,7402.833,213.0,185.0,281.0,317.0,False,HARD,19.0,True,Mercedes,7309.808,2026-05-03 18:08:30.553,1,6.0,False,,False,True
7495.962,RUS,63,93.177,40.0,2.0,,,32.518,35.03,25.629,7435.351,7470.381,7496.01,211.0,185.0,280.0,315.0,False,HARD,20.0,True,Mercedes,7402.785,2026-05-03 18:10:03.530,1,6.0,False,,False,True
7588.86,RUS,63,92.898,41.0,2.0,,,32.517,34.805,25.576,7528.527,7563.332,7588.908,212.0,187.0,280.0,318.0,False,HARD,21.0,True,Mercedes,7495.962,2026-05-03 18:11:36.707,1,6.0,False,,False,True
7682.058,RUS,63,93.198,42.0,2.0,,,32.502,34.916,25.78,7621.41,7656.326,7682.106,211.0,186.0,273.0,317.0,False,HARD,22.0,True,Mercedes,7588.86,2026-05-03 18:13:09.605,1,6.0,False,,False,True
7775.351,RUS,63,93.293,43.0,2.0,,,32.571,35.038,25.684,7714.677,7749.715,7775.399,212.0,187.0,279.0,319.0,False,HARD,23.0,True,Mercedes,7682.058,2026-05-03 18:14:42.803,1,6.0,False,,False,True
7869.098,RUS,63,93.747,44.0,2.0,,,32.575,35.405,25.767,7807.974,7843.379,7869.146,211.0,186.0,274.0,313.0,False,HARD,24.0,True,Mercedes,7775.351,2026-05-03 18:16:16.096,1,6.0,False,,False,True
7962.168,RUS,63,93.07,45.0,2.0,,,32.51,34.887,25.673,7901.656,7936.543,7962.216,212.0,187.0,275.0,313.0,False,HARD,25.0,True,Mercedes,7869.098,2026-05-03 18:17:49.843,1,6.0,False,,False,True
8055.47,RUS,63,93.302,46.0,2.0,,,32.508,34.979,25.815,7994.724,8029.703,8055.518,212.0,187.0,279.0,313.0,False,HARD,26.0,True,Mercedes,7962.168,2026-05-03 18:19:22.913,1,6.0,False,,False,True
8148.731,RUS,63,93.261,47.0,2.0,,,32.491,35.063,25.707,8088.009,8123.072,8148.779,213.0,186.0,280.0,313.0,False,HARD,27.0,True,Mercedes,8055.47,2026-05-03 18:20:56.215,1,6.0,False,,False,True
8242.003,RUS,63,93.272,48.0,2.0,,,32.603,34.938,25.731,8181.382,8216.32,8242.051,213.0,187.0,277.0,315.0,False,HARD,28.0,True,Mercedes,8148.731,2026-05-03 18:22:29.476,12,6.0,False,,False,True
8334.744,RUS,63,92.741,49.0,2.0,,,32.328,34.767,25.646,8274.379,8309.146,8334.792,214.0,185.0,280.0,316.0,False,HARD,29.0,True,Mercedes,8242.003,2026-05-03 18:24:02.748,1,6.0,False,,False,True
8427.445,RUS,63,92.701,50.0,2.0,,,32.411,34.709,25.581,8367.203,8401.912,8427.493,214.0,187.0,278.0,316.0,False,HARD,30.0,True,Mercedes,8334.744,2026-05-03 18:25:35.489,1,6.0,False,,False,True
8520.252,RUS,63,92.807,51.0,2.0,,,32.364,34.92,25.523,8459.857,8494.777,8520.3,214.0,186.0,283.0,322.0,False,HARD,31.0,True,Mercedes,8427.445,2026-05-03 18:27:08.190,1,6.0,False,,False,True
8613.129,RUS,63,92.877,52.0,2.0,,,32.334,35.1,25.443,8552.634,8587.734,8613.177,213.0,188.0,283.0,321.0,False,HARD,32.0,True,Mercedes,8520.252,2026-05-03 18:28:40.997,1,6.0,False,,False,True
8705.575,RUS,63,92.446,53.0,2.0,,,32.127,34.89,25.429,8645.304,8680.194,8705.623,213.0,185.0,281.0,324.0,True,HARD,33.0,True,Mercedes,8613.129,2026-05-03 18:30:13.874,1,6.0,False,,False,True
8799.385,RUS,63,93.81,54.0,2.0,,,32.84,35.12,25.85,8738.463,8773.583,8799.433,214.0,186.0,286.0,310.0,False,HARD,34.0,True,Mercedes,8705.575,2026-05-03 18:31:46.320,1,6.0,False,,False,True
8895.588,RUS,63,96.203,55.0,2.0,,,33.883,35.665,26.655,8833.316,8868.981,8895.636,211.0,184.0,253.0,327.0,False,HARD,35.0,True,Mercedes,8799.385,2026-05-03 18:33:20.130,1,6.0,False,,False,True
8989.775,RUS,63,94.187,56.0,2.0,,,33.226,35.525,25.436,8928.862,8964.387,8989.823,210.0,184.0,265.0,331.0,False,HARD,36.0,True,Mercedes,8895.588,2026-05-03 18:34:56.333,1,5.0,False,,False,True
9084.317,RUS,63,94.542,57.0,2.0,,,32.86,35.629,26.053,9022.683,9058.312,9084.365,214.0,183.0,273.0,334.0,False,HARD,37.0,True,Mercedes,8989.775,2026-05-03 18:36:30.520,12,4.0,False,,False,True
3552.487,BOT,77,110.494,1.0,1.0,,,,39.11,26.234,,3526.366,3552.525,195.0,186.0,284.0,293.0,False,MEDIUM,1.0,True,Cadillac,3441.749,2026-05-03 17:04:02.494,1,21.0,False,,False,False
3649.275,BOT,77,96.788,2.0,1.0,,,34.971,35.873,25.944,3587.496,3623.369,3649.313,212.0,187.0,276.0,306.0,True,MEDIUM,2.0,True,Cadillac,3552.487,2026-05-03 17:05:53.232,1,21.0,False,,False,True
3745.882,BOT,77,96.607,3.0,1.0,,,34.59,36.087,25.93,3683.903,3719.99,3745.92,209.0,185.0,277.0,307.0,True,MEDIUM,3.0,True,Cadillac,3649.275,2026-05-03 17:07:30.020,1,21.0,False,,False,True
3842.499,BOT,77,96.617,4.0,1.0,,,34.585,36.051,25.981,3780.505,3816.556,3842.537,207.0,185.0,277.0,302.0,False,MEDIUM,4.0,True,Cadillac,3745.882,2026-05-03 17:09:06.627,1,21.0,False,,False,True
3945.141,BOT,77,102.642,5.0,1.0,,,34.423,36.772,31.447,3876.96,3913.732,3945.179,206.0,185.0,83.0,281.0,False,MEDIUM,5.0,True,Cadillac,3842.499,2026-05-03 17:10:43.244,124,18.0,False,,False,False
4082.47,BOT,77,137.329,6.0,1.0,,4077.173,44.266,51.216,41.847,3989.445,4040.661,4082.508,192.0,160.0,,98.0,False,MEDIUM,6.0,True,Cadillac,3945.141,2026-05-03 17:12:25.886,4,18.0,False,,False,False
4211.17,BOT,77,128.7,7.0,2.0,4100.692,,51.346,41.493,35.861,4133.854,4175.347,4211.208,179.0,158.0,233.0,123.0,False,SOFT,1.0,True,Cadillac,4082.47,2026-05-03 17:14:43.215,4,18.0,False,,False,False
4351.312,BOT,77,140.142,8.0,2.0,,,38.863,59.037,42.242,4250.071,4309.108,4351.35,153.0,56.0,268.0,122.0,False,SOFT,2.0,True,Cadillac,4211.17,2026-05-03 17:16:51.915,4,18.0,False,,False,False
4495.165,BOT,77,143.853,9.0,2.0,,,40.627,63.467,39.759,4391.977,4455.444,4495.203,136.0,85.0,272.0,175.0,False,SOFT,3.0,True,Cadillac,4351.312,2026-05-03 17:19:12.057,4,18.0,False,,False,False
4633.283,BOT,77,138.118,10.0,2.0,,,42.34,61.164,34.614,4537.543,4598.707,4633.321,99.0,59.0,251.0,165.0,False,SOFT,4.0,True,Cadillac,4495.165,2026-05-03 17:21:35.910,4,18.0,False,,False,False
4770.103,BOT,77,136.82,11.0,2.0,,,44.735,46.705,45.38,4678.056,4724.761,4770.141,159.0,181.0,285.0,43.0,False,SOFT,5.0,True,Cadillac,4633.283,2026-05-03 17:23:54.028,41,18.0,False,,False,False
4866.522,BOT,77,96.419,12.0,2.0,,,34.192,36.154,26.073,4804.333,4840.487,4866.56,213.0,188.0,280.0,273.0,True,SOFT,6.0,True,Cadillac,4770.103,2026-05-03 17:26:10.848,1,18.0,False,,False,True
4963.132,BOT,77,96.61,13.0,2.0,,,34.593,36.087,25.93,4901.153,4937.24,4963.17,207.0,187.0,277.0,308.0,False,SOFT,7.0,True,Cadillac,4866.522,2026-05-03 17:27:47.267,1,18.0,False,,False,True
5059.458,BOT,77,96.326,14.0,2.0,,,34.514,35.922,25.89,4997.684,5033.606,5059.496,207.0,184.0,278.0,306.0,True,SOFT,8.0,True,Cadillac,4963.132,2026-05-03 17:29:23.877,1,18.0,False,,False,True
5155.813,BOT,77,96.355,15.0,2.0,,,34.098,36.047,26.21,5093.594,5129.641,5155.851,211.0,184.0,276.0,306.0,False,SOFT,9.0,True,Cadillac,5059.458,2026-05-03 17:31:00.203,12,16.0,False,,False,True
5251.893,BOT,77,96.08,16.0,2.0,,,33.755,36.117,26.208,5189.606,5225.723,5251.931,210.0,185.0,279.0,301.0,True,SOFT,10.0,True,Cadillac,5155.813,2026-05-03 17:32:36.558,1,16.0,False,,False,True
5348.659,BOT,77,96.766,17.0,2.0,,,34.034,36.35,26.382,5285.965,5322.315,5348.697,209.0,185.0,273.0,298.0,False,SOFT,11.0,True,Cadillac,5251.893,2026-05-03 17:34:12.638,1,16.0,False,,False,True
5445.378,BOT,77,96.719,18.0,2.0,,,34.158,36.205,26.356,5382.855,5419.06,5445.416,208.0,185.0,274.0,299.0,False,SOFT,12.0,True,Cadillac,5348.659,2026-05-03 17:35:49.404,1,16.0,False,,False,True
5542.28,BOT,77,96.902,19.0,2.0,,,34.268,36.289,26.345,5479.684,5515.973,5542.318,209.0,184.0,277.0,293.0,False,SOFT,13.0,True,Cadillac,5445.378,2026-05-03 17:37:26.123,1,16.0,False,,False,True
5640.184,BOT,77,97.904,20.0,2.0,,,34.36,37.279,26.265,5576.678,5613.957,5640.222,202.0,183.0,278.0,307.0,False,SOFT,14.0,True,Cadillac,5542.28,2026-05-03 17:39:03.025,1,17.0,False,,False,True
5742.981,BOT,77,102.797,21.0,2.0,,5737.576,34.603,36.586,31.608,5674.825,5711.411,5743.019,207.0,183.0,,287.0,False,SOFT,15.0,True,Cadillac,5640.184,2026-05-03 17:40:40.929,1,17.0,False,,False,False
5854.629,BOT,77,111.648,22.0,3.0,5761.376,,49.751,35.662,26.235,5792.77,5828.432,5854.667,210.0,190.0,279.0,276.0,False,MEDIUM,1.0,True,Cadillac,5742.981,2026-05-03 17:42:23.726,1,17.0,False,,False,False
5951.004,BOT,77,96.375,23.0,3.0,,,33.355,36.158,26.862,5888.022,5924.18,5951.042,209.0,188.0,281.0,294.0,False,MEDIUM,2.0,True,Cadillac,5854.629,2026-05-03 17:44:15.374,1,18.0,False,,False,True
6048.452,BOT,77,97.448,24.0,3.0,,,34.355,36.669,26.424,5985.397,6022.066,6048.49,206.0,187.0,276.0,286.0,False,MEDIUM,3.0,True,Cadillac,5951.004,2026-05-03 17:45:51.749,1,18.0,False,,False,True
6144.901,BOT,77,96.449,25.0,3.0,,,34.11,36.163,26.176,6082.6,6118.763,6144.939,210.0,185.0,276.0,290.0,False,MEDIUM,4.0,True,Cadillac,6048.452,2026-05-03 17:47:29.197,1,18.0,False,,False,True
6241.163,BOT,77,96.262,26.0,3.0,,,34.133,35.972,26.157,6179.072,6215.044,6241.201,208.0,185.0,279.0,298.0,False,MEDIUM,5.0,True,Cadillac,6144.901,2026-05-03 17:49:05.646,1,18.0,False,,False,True
6337.734,BOT,77,96.571,27.0,3.0,,,34.104,36.107,26.36,6275.305,6311.412,6337.772,206.0,185.0,276.0,298.0,False,MEDIUM,6.0,True,Cadillac,6241.163,2026-05-03 17:50:41.908,1,18.0,False,,False,True
6434.383,BOT,77,96.649,28.0,3.0,,,34.098,36.198,26.353,6371.87,6408.068,6434.421,207.0,183.0,280.0,291.0,False,MEDIUM,7.0,True,Cadillac,6337.734,2026-05-03 17:52:18.479,1,18.0,False,,False,True
6530.864,BOT,77,96.481,29.0,3.0,,,33.985,36.161,26.335,6468.406,6504.567,6530.902,207.0,184.0,278.0,293.0,False,MEDIUM,8.0,True,Cadillac,6434.383,2026-05-03 17:53:55.128,1,18.0,False,,False,True
6633.448,BOT,77,102.584,30.0,3.0,,6628.107,34.192,36.379,32.013,6565.094,6601.473,6633.486,201.0,184.0,,296.0,False,MEDIUM,9.0,True,Cadillac,6530.864,2026-05-03 17:55:31.609,1,18.0,False,,False,False
6742.227,BOT,77,108.779,31.0,4.0,6645.117,,46.409,36.03,26.34,6679.895,6715.925,6742.265,208.0,184.0,283.0,280.0,False,MEDIUM,10.0,False,Cadillac,6633.448,2026-05-03 17:57:14.193,1,18.0,False,,False,False
6841.97,BOT,77,99.743,32.0,4.0,,,34.25,37.357,28.136,6776.515,6813.872,6842.008,207.0,182.0,276.0,207.0,False,MEDIUM,11.0,False,Cadillac,6742.227,2026-05-03 17:59:02.972,1,18.0,False,,False,True
6939.657,BOT,77,97.687,33.0,4.0,,,34.721,36.209,26.757,6876.729,6912.938,6939.695,201.0,183.0,275.0,295.0,False,MEDIUM,12.0,False,Cadillac,6841.97,2026-05-03 18:00:42.715,1,18.0,False,,False,True
7037.514,BOT,77,97.857,34.0,4.0,,,35.174,36.464,26.219,6974.869,7011.333,7037.552,206.0,182.0,283.0,288.0,False,MEDIUM,13.0,False,Cadillac,6939.657,2026-05-03 18:02:20.402,1,18.0,False,,False,True
7134.628,BOT,77,97.114,35.0,4.0,,,34.373,36.342,26.399,7071.925,7108.267,7134.666,203.0,182.0,281.0,295.0,False,MEDIUM,14.0,False,Cadillac,7037.514,2026-05-03 18:03:58.259,1,18.0,False,,False,True
7233.29,BOT,77,98.662,36.0,4.0,,,34.391,37.967,26.304,7169.057,7207.024,7233.328,202.0,180.0,281.0,303.0,False,MEDIUM,15.0,False,Cadillac,7134.628,2026-05-03 18:05:35.373,1,18.0,False,,False,True
7331.37,BOT,77,98.08,37.0,4.0,,,34.727,36.831,26.522,7268.055,7304.886,7331.408,199.0,181.0,281.0,293.0,False,MEDIUM,16.0,False,Cadillac,7233.29,2026-05-03 18:07:14.035,1,18.0,False,,False,True
7429.129,BOT,77,97.759,38.0,4.0,,,34.528,36.701,26.53,7365.936,7402.637,7429.167,205.0,183.0,278.0,290.0,False,MEDIUM,17.0,False,Cadillac,7331.37,2026-05-03 18:08:52.115,1,18.0,False,,False,True
7528.362,BOT,77,99.233,39.0,4.0,,,35.711,36.834,26.688,7464.878,7501.712,7528.4,203.0,182.0,283.0,288.0,False,MEDIUM,18.0,False,Cadillac,7429.129,2026-05-03 18:10:29.874,1,18.0,False,,False,True
7628.557,BOT,77,100.195,40.0,4.0,,,37.314,36.502,26.379,7565.714,7602.216,7628.595,205.0,181.0,282.0,296.0,False,MEDIUM,19.0,False,Cadillac,7528.362,2026-05-03 18:12:09.107,1,18.0,False,,False,True
7726.412,BOT,77,97.855,41.0,4.0,,,34.669,36.747,26.439,7663.264,7700.011,7726.45,204.0,182.0,284.0,293.0,False,MEDIUM,20.0,False,Cadillac,7628.557,2026-05-03 18:13:49.302,1,18.0,False,,False,True
7826.535,BOT,77,100.123,42.0,4.0,,,34.569,39.095,26.459,7761.019,7800.114,7826.573,205.0,181.0,281.0,306.0,False,MEDIUM,21.0,False,Cadillac,7726.412,2026-05-03 18:15:27.157,1,18.0,False,,False,True
7924.176,BOT,77,97.641,43.0,4.0,,,34.73,36.503,26.408,7861.303,7897.806,7924.214,204.0,182.0,284.0,294.0,False,MEDIUM,22.0,False,Cadillac,7826.535,2026-05-03 18:17:07.280,1,18.0,False,,False,True
8022.056,BOT,77,97.88,44.0,4.0,,,34.689,36.544,26.647,7958.903,7995.447,8022.094,207.0,182.0,278.0,298.0,False,MEDIUM,23.0,False,Cadillac,7924.176,2026-05-03 18:18:44.921,1,18.0,False,,False,True
8122.711,BOT,77,100.655,45.0,4.0,,,34.68,39.534,26.441,8056.774,8096.308,8122.749,206.0,178.0,283.0,296.0,False,MEDIUM,24.0,False,Cadillac,8022.056,2026-05-03 18:20:22.801,1,18.0,False,,False,True
8221.716,BOT,77,99.005,46.0,4.0,,,34.535,36.917,27.553,8157.284,8194.201,8221.754,201.0,182.0,279.0,236.0,False,MEDIUM,25.0,False,Cadillac,8122.711,2026-05-03 18:22:03.456,12,18.0,False,,False,True
8319.423,BOT,77,97.707,47.0,4.0,,,34.913,36.44,26.354,8256.667,8293.107,8319.461,208.0,182.0,277.0,299.0,False,MEDIUM,26.0,False,Cadillac,8221.716,2026-05-03 18:23:42.461,1,18.0,False,,False,True
8417.525,BOT,77,98.102,48.0,4.0,,,34.668,36.515,26.919,8354.129,8390.644,8417.563,205.0,183.0,277.0,296.0,False,MEDIUM,27.0,False,Cadillac,8319.423,2026-05-03 18:25:20.168,1,18.0,False,,False,True
8519.789,BOT,77,102.264,49.0,4.0,,,36.954,38.619,26.691,8454.517,8493.136,8519.827,202.0,179.0,282.0,293.0,False,MEDIUM,28.0,False,Cadillac,8417.525,2026-05-03 18:26:58.270,1,18.0,False,,False,True
8618.159,BOT,77,98.37,50.0,4.0,,,35.406,36.595,26.369,8555.233,8591.828,8618.197,207.0,182.0,283.0,302.0,False,MEDIUM,29.0,False,Cadillac,8519.789,2026-05-03 18:28:40.534,1,18.0,False,,False,True
8715.442,BOT,77,97.283,51.0,4.0,,,34.276,36.62,26.387,8652.473,8689.093,8715.48,204.0,182.0,283.0,295.0,False,MEDIUM,30.0,False,Cadillac,8618.159,2026-05-03 18:30:18.904,1,18.0,False,,False,True
8814.62,BOT,77,99.178,52.0,4.0,,,36.186,36.589,26.403,8751.666,8788.255,8814.658,203.0,184.0,276.0,295.0,False,MEDIUM,31.0,False,Cadillac,8715.442,2026-05-03 18:31:56.187,1,18.0,False,,False,True
8911.942,BOT,77,97.322,53.0,4.0,,,34.511,36.462,26.349,8849.169,8885.631,8911.98,205.0,182.0,285.0,292.0,False,MEDIUM,32.0,False,Cadillac,8814.62,2026-05-03 18:33:35.365,1,18.0,False,,False,True
9009.537,BOT,77,97.595,54.0,4.0,,,34.248,36.415,26.932,8946.228,8982.643,9009.575,207.0,183.0,276.0,302.0,False,MEDIUM,33.0,False,Cadillac,8911.942,2026-05-03 18:35:12.687,12,18.0,False,,False,True
9109.521,BOT,77,99.984,55.0,4.0,,,36.528,36.971,26.485,9046.103,9083.074,9109.559,199.0,179.0,281.0,308.0,False,MEDIUM,34.0,False,Cadillac,9009.537,2026-05-03 18:36:50.282,1,18.0,False,,False,True
3540.693,PIA,81,98.7,1.0,1.0,,,,34.706,25.632,,3515.302,3540.904,214.0,186.0,266.0,314.0,False,MEDIUM,1.0,True,McLaren,3441.749,2026-05-03 17:04:02.494,1,4.0,False,,False,False
3634.218,PIA,81,93.525,2.0,1.0,,,32.905,34.639,25.981,3573.652,3608.291,3634.272,213.0,187.0,265.0,316.0,True,MEDIUM,2.0,True,McLaren,3540.693,2026-05-03 17:05:41.438,1,4.0,False,,False,True
3728.582,PIA,81,94.364,3.0,1.0,,,33.666,34.945,25.753,3667.938,3702.883,3728.636,211.0,186.0,268.0,322.0,False,MEDIUM,3.0,True,McLaren,3634.218,2026-05-03 17:07:14.963,1,5.0,False,,False,True
3822.671,PIA,81,94.089,4.0,1.0,,,33.29,34.946,25.853,3761.926,3796.872,3822.725,211.0,186.0,272.0,318.0,False,MEDIUM,4.0,True,McLaren,3728.582,2026-05-03 17:08:49.327,1,5.0,False,,False,True
3916.162,PIA,81,93.491,5.0,1.0,,,32.972,35.003,25.516,3855.697,3890.7,3916.216,207.0,186.0,279.0,322.0,True,MEDIUM,5.0,True,McLaren,3822.671,2026-05-03 17:10:23.416,12,5.0,False,,False,True
4048.069,PIA,81,131.907,6.0,1.0,,,42.587,51.84,37.48,3958.803,4010.643,4048.123,97.0,105.0,248.0,99.0,False,MEDIUM,6.0,True,McLaren,3916.162,2026-05-03 17:11:56.907,24,5.0,True,TRACK LIMITS AT TURN 15 LAP 6 ,False,False
4185.383,PIA,81,137.314,7.0,1.0,,,40.925,55.651,40.738,4089.048,4144.699,4185.437,111.0,102.0,233.0,100.0,False,MEDIUM,7.0,True,McLaren,4048.069,2026-05-03 17:14:08.814,4,5.0,False,,False,False
4329.013,PIA,81,143.63,8.0,1.0,,,49.504,56.192,37.934,4234.941,4291.133,4329.067,85.0,64.0,234.0,154.0,False,MEDIUM,8.0,True,McLaren,4185.383,2026-05-03 17:16:26.128,4,5.0,False,,False,False
4476.389,PIA,81,147.376,9.0,1.0,,,47.453,57.423,42.5,4376.52,4433.943,4476.443,122.0,66.0,227.0,114.0,False,MEDIUM,9.0,True,McLaren,4329.013,2026-05-03 17:18:49.758,4,5.0,False,,False,False
4614.924,PIA,81,138.535,10.0,1.0,,,47.889,56.288,34.358,4524.332,4580.62,4614.978,101.0,77.0,237.0,242.0,False,MEDIUM,10.0,True,McLaren,4476.389,2026-05-03 17:21:17.134,4,5.0,False,,False,False
4763.332,PIA,81,148.408,11.0,1.0,,,48.402,47.036,52.97,4663.38,4710.416,4763.386,99.0,109.0,281.0,61.0,False,MEDIUM,11.0,True,McLaren,4614.924,2026-05-03 17:23:35.669,41,5.0,False,,False,False
4856.85,PIA,81,93.518,12.0,1.0,,,32.973,34.946,25.599,4796.359,4831.305,4856.904,213.0,189.0,276.0,313.0,False,MEDIUM,12.0,True,McLaren,4763.332,2026-05-03 17:26:04.077,1,4.0,False,,False,True
4950.313,PIA,81,93.463,13.0,1.0,,,32.81,34.989,25.664,4889.714,4924.703,4950.367,211.0,187.0,276.0,314.0,True,MEDIUM,13.0,True,McLaren,4856.85,2026-05-03 17:27:37.595,1,4.0,False,,False,True
5043.533,PIA,81,93.22,14.0,1.0,,,32.598,34.938,25.684,4982.965,5017.903,5043.587,212.0,187.0,277.0,316.0,True,MEDIUM,14.0,True,McLaren,4950.313,2026-05-03 17:29:11.058,1,4.0,False,,False,True
5137.03,PIA,81,93.497,15.0,1.0,,,32.717,35.101,25.679,5076.304,5111.405,5137.084,211.0,185.0,272.0,313.0,False,MEDIUM,15.0,True,McLaren,5043.533,2026-05-03 17:30:44.278,1,4.0,False,,False,True
5230.774,PIA,81,93.744,16.0,1.0,,,32.911,35.104,25.729,5169.995,5205.099,5230.828,211.0,186.0,277.0,313.0,False,MEDIUM,16.0,True,McLaren,5137.03,2026-05-03 17:32:17.775,12,4.0,False,,False,True
5325.355,PIA,81,94.581,17.0,1.0,,,32.832,35.996,25.753,5263.66,5299.656,5325.409,207.0,184.0,278.0,319.0,False,MEDIUM,17.0,True,McLaren,5230.774,2026-05-03 17:33:51.519,1,4.0,False,,False,True
5419.368,PIA,81,94.013,18.0,1.0,,,33.104,35.169,25.74,5358.513,5393.682,5419.422,211.0,185.0,280.0,316.0,False,MEDIUM,18.0,True,McLaren,5325.355,2026-05-03 17:35:26.100,1,4.0,False,,False,True
5513.086,PIA,81,93.718,19.0,1.0,,,32.829,35.179,25.71,5452.251,5487.43,5513.14,208.0,185.0,280.0,318.0,False,MEDIUM,19.0,True,McLaren,5419.368,2026-05-03 17:37:00.113,1,4.0,False,,False,True
5606.563,PIA,81,93.477,20.0,1.0,,,32.812,35.122,25.543,5545.952,5581.074,5606.617,212.0,184.0,279.0,320.0,False,MEDIUM,20.0,True,McLaren,5513.086,2026-05-03 17:38:33.831,1,4.0,False,,False,True
5700.104,PIA,81,93.541,21.0,1.0,,,32.751,35.036,25.754,5639.368,5674.404,5700.158,211.0,185.0,280.0,318.0,False,MEDIUM,21.0,True,McLaren,5606.563,2026-05-03 17:40:07.308,1,3.0,False,,False,True
5793.978,PIA,81,93.874,22.0,1.0,,,32.708,35.309,25.857,5732.866,5768.175,5794.032,207.0,186.0,281.0,306.0,False,MEDIUM,22.0,True,McLaren,5700.104,2026-05-03 17:41:40.849,1,3.0,False,,False,True
5887.808,PIA,81,93.83,23.0,1.0,,,32.636,35.224,25.97,5826.668,5861.892,5887.862,210.0,186.0,279.0,305.0,False,MEDIUM,23.0,True,McLaren,5793.978,2026-05-03 17:43:14.723,1,3.0,False,,False,True
5981.448,PIA,81,93.64,24.0,1.0,,,32.652,35.072,25.916,5920.514,5955.586,5981.502,212.0,186.0,275.0,305.0,False,MEDIUM,24.0,True,McLaren,5887.808,2026-05-03 17:44:48.553,1,3.0,False,,False,True
6075.999,PIA,81,94.551,25.0,1.0,,,32.841,35.826,25.884,6014.343,6050.169,6076.053,211.0,187.0,273.0,304.0,False,MEDIUM,25.0,True,McLaren,5981.448,2026-05-03 17:46:22.193,1,3.0,False,,False,True
6170.07,PIA,81,94.071,26.0,1.0,,,32.838,35.349,25.884,6108.891,6144.24,6170.124,211.0,186.0,274.0,304.0,False,MEDIUM,26.0,True,McLaren,6075.999,2026-05-03 17:47:56.744,1,3.0,False,,False,True
6264.02,PIA,81,93.95,27.0,1.0,,,32.71,35.273,25.967,6202.834,6238.107,6264.074,211.0,186.0,278.0,302.0,False,MEDIUM,27.0,True,McLaren,6170.07,2026-05-03 17:49:30.815,1,2.0,False,,False,True
6363.011,PIA,81,98.991,28.0,1.0,,6357.473,32.765,35.098,31.128,6296.839,6331.937,6363.065,211.0,188.0,,303.0,False,MEDIUM,28.0,True,McLaren,6264.02,2026-05-03 17:51:04.765,1,4.0,False,,False,False
6470.505,PIA,81,107.494,29.0,2.0,6380.507,,47.324,34.434,25.736,6410.389,6444.823,6470.559,213.0,188.0,272.0,306.0,False,HARD,1.0,True,McLaren,6363.011,2026-05-03 17:52:43.756,1,7.0,False,,False,False
6562.454,PIA,81,91.949,30.0,2.0,,,31.898,34.519,25.532,6502.457,6536.976,6562.508,215.0,187.0,281.0,314.0,True,HARD,2.0,True,McLaren,6470.505,2026-05-03 17:54:31.250,1,7.0,False,,False,True
6654.893,PIA,81,92.439,31.0,2.0,,,32.073,34.83,25.536,6594.581,6629.411,6654.947,213.0,187.0,280.0,316.0,False,HARD,3.0,True,McLaren,6562.454,2026-05-03 17:56:03.199,1,6.0,False,,False,True
6747.291,PIA,81,92.398,32.0,2.0,,,32.236,34.709,25.453,6687.183,6721.892,6747.345,212.0,187.0,281.0,323.0,False,HARD,4.0,True,McLaren,6654.893,2026-05-03 17:57:35.638,1,6.0,False,,False,True
6840.611,PIA,81,93.32,33.0,2.0,,,33.037,34.837,25.446,6780.382,6815.219,6840.665,209.0,185.0,286.0,322.0,False,HARD,5.0,True,McLaren,6747.291,2026-05-03 17:59:08.036,1,6.0,False,,False,True
6934.828,PIA,81,94.217,34.0,2.0,,,33.241,35.074,25.902,6873.906,6908.98,6934.882,212.0,187.0,289.0,319.0,False,HARD,6.0,True,McLaren,6840.611,2026-05-03 18:00:41.356,1,6.0,False,,False,True
7029.085,PIA,81,94.257,35.0,2.0,,,32.687,36.21,25.36,6967.569,7003.779,7029.139,216.0,184.0,282.0,318.0,False,HARD,7.0,True,McLaren,6934.828,2026-05-03 18:02:15.573,1,5.0,False,,False,True
7122.353,PIA,81,93.268,36.0,2.0,,,32.403,35.299,25.566,7061.542,7096.841,7122.407,213.0,188.0,283.0,309.0,False,HARD,8.0,True,McLaren,7029.085,2026-05-03 18:03:49.830,1,5.0,False,,False,True
7215.189,PIA,81,92.836,37.0,2.0,,,32.187,35.011,25.638,7154.594,7189.605,7215.243,212.0,187.0,280.0,308.0,False,HARD,9.0,True,McLaren,7122.353,2026-05-03 18:05:23.098,1,5.0,False,,False,True
7307.739,PIA,81,92.55,38.0,2.0,,,32.19,34.863,25.497,7247.433,7282.296,7307.793,210.0,188.0,280.0,310.0,False,HARD,10.0,True,McLaren,7215.189,2026-05-03 18:06:55.934,1,5.0,False,,False,True
7400.332,PIA,81,92.593,39.0,2.0,,,32.04,35.02,25.533,7339.833,7374.853,7400.386,212.0,187.0,283.0,312.0,False,HARD,11.0,True,McLaren,7307.739,2026-05-03 18:08:28.484,1,5.0,False,,False,True
7492.856,PIA,81,92.524,40.0,2.0,,,32.056,34.846,25.622,7432.442,7467.288,7492.91,212.0,187.0,281.0,310.0,False,HARD,12.0,True,McLaren,7400.332,2026-05-03 18:10:01.077,1,5.0,False,,False,True
7585.656,PIA,81,92.8,41.0,2.0,,,32.305,34.873,25.622,7525.215,7560.088,7585.71,212.0,187.0,280.0,308.0,False,HARD,13.0,True,McLaren,7492.856,2026-05-03 18:11:33.601,1,5.0,False,,False,True
7678.32,PIA,81,92.664,42.0,2.0,,,32.163,34.908,25.593,7617.873,7652.781,7678.374,212.0,186.0,284.0,312.0,False,HARD,14.0,True,McLaren,7585.656,2026-05-03 18:13:06.401,1,5.0,False,,False,True
7771.158,PIA,81,92.838,43.0,2.0,,,32.384,34.8,25.654,7710.758,7745.558,7771.212,211.0,187.0,281.0,309.0,False,HARD,15.0,True,McLaren,7678.32,2026-05-03 18:14:39.065,1,5.0,False,,False,True
7863.942,PIA,81,92.784,44.0,2.0,,,32.152,34.994,25.638,7803.364,7838.358,7863.996,214.0,187.0,281.0,309.0,False,HARD,16.0,True,McLaren,7771.158,2026-05-03 18:16:11.903,1,5.0,False,,False,True
7956.24,PIA,81,92.298,45.0,2.0,,,32.012,34.817,25.469,7896.008,7930.825,7956.294,210.0,187.0,282.0,311.0,False,HARD,17.0,True,McLaren,7863.942,2026-05-03 18:17:44.687,1,5.0,False,,False,True
8048.736,PIA,81,92.496,46.0,2.0,,,32.078,34.855,25.563,7988.372,8023.227,8048.79,214.0,187.0,283.0,312.0,False,HARD,18.0,True,McLaren,7956.24,2026-05-03 18:19:16.985,1,5.0,False,,False,True
8141.346,PIA,81,92.61,47.0,2.0,,,32.306,34.882,25.422,8081.096,8115.978,8141.4,213.0,186.0,284.0,322.0,False,HARD,19.0,True,McLaren,8048.736,2026-05-03 18:20:49.481,1,5.0,False,,False,True
8234.924,PIA,81,93.578,48.0,2.0,,,32.872,35.18,25.526,8174.272,8209.452,8234.978,210.0,183.0,282.0,317.0,False,HARD,20.0,True,McLaren,8141.346,2026-05-03 18:22:22.091,12,4.0,False,,False,True
8327.683,PIA,81,92.759,49.0,2.0,,,32.304,34.912,25.543,8267.282,8302.194,8327.737,213.0,188.0,281.0,313.0,False,HARD,21.0,True,McLaren,8234.924,2026-05-03 18:23:55.669,1,4.0,False,,False,True
8420.108,PIA,81,92.425,50.0,2.0,,,32.073,34.649,25.703,8359.81,8394.459,8420.162,214.0,187.0,284.0,314.0,False,HARD,22.0,True,McLaren,8327.683,2026-05-03 18:25:28.428,1,4.0,False,,False,True
8512.524,PIA,81,92.416,51.0,2.0,,,32.095,34.769,25.552,8452.257,8487.026,8512.578,214.0,187.0,285.0,312.0,False,HARD,23.0,True,McLaren,8420.108,2026-05-03 18:27:00.853,1,4.0,False,,False,True
8604.973,PIA,81,92.449,52.0,2.0,,,32.186,34.83,25.433,8544.764,8579.594,8605.027,214.0,185.0,283.0,315.0,False,HARD,24.0,True,McLaren,8512.524,2026-05-03 18:28:33.269,1,4.0,False,,False,True
8697.193,PIA,81,92.22,53.0,2.0,,,32.094,34.772,25.354,8637.121,8671.893,8697.247,215.0,187.0,286.0,318.0,False,HARD,25.0,True,McLaren,8604.973,2026-05-03 18:30:05.718,1,4.0,False,,False,True
8789.179,PIA,81,91.986,54.0,2.0,,,32.078,34.575,25.333,8729.325,8763.9,8789.233,214.0,186.0,286.0,321.0,False,HARD,26.0,True,McLaren,8697.193,2026-05-03 18:31:37.938,1,4.0,False,,False,True
8881.875,PIA,81,92.696,55.0,2.0,,,32.27,34.974,25.452,8821.503,8856.477,8881.929,214.0,186.0,288.0,323.0,False,HARD,27.0,True,McLaren,8789.179,2026-05-03 18:33:09.924,1,4.0,False,,False,True
8975.121,PIA,81,93.246,56.0,2.0,,,32.448,35.285,25.513,8914.377,8949.662,8975.175,213.0,185.0,287.0,312.0,False,HARD,28.0,True,McLaren,8881.875,2026-05-03 18:34:42.620,1,3.0,False,,False,True
9068.358,PIA,81,93.237,57.0,2.0,,,32.345,35.237,25.655,9007.52,9042.757,9068.412,213.0,186.0,284.0,308.0,False,HARD,29.0,True,McLaren,8975.121,2026-05-03 18:36:15.866,12,3.0,False,,False,True
3547.751,BEA,87,105.758,1.0,1.0,,,,37.513,25.825,,3522.073,3548.024,206.0,185.0,288.0,286.0,False,MEDIUM,1.0,True,Haas F1 Team,3441.749,2026-05-03 17:04:02.494,1,14.0,False,,False,False
3644.697,BEA,87,96.946,2.0,1.0,,,34.8,35.808,26.338,3582.619,3618.427,3644.765,208.0,186.0,272.0,316.0,True,MEDIUM,2.0,True,Haas F1 Team,3547.751,2026-05-03 17:05:48.496,1,13.0,False,,False,True
3739.589,BEA,87,94.892,3.0,1.0,,,33.577,35.332,25.983,3678.342,3713.674,3739.657,211.0,184.0,281.0,305.0,True,MEDIUM,3.0,True,Haas F1 Team,3644.697,2026-05-03 17:07:25.442,1,13.0,False,,False,True
3834.63,BEA,87,95.041,4.0,1.0,,,33.759,35.26,26.022,3773.416,3808.676,3834.698,210.0,183.0,283.0,315.0,False,MEDIUM,4.0,True,Haas F1 Team,3739.589,2026-05-03 17:09:00.334,1,13.0,False,,False,True
3930.426,BEA,87,95.796,5.0,1.0,,,33.608,35.698,26.49,3868.306,3904.004,3930.494,203.0,181.0,281.0,297.0,False,MEDIUM,5.0,True,Haas F1 Team,3834.63,2026-05-03 17:10:35.375,12,11.0,False,,False,True
4065.301,BEA,87,134.875,6.0,1.0,,,44.924,48.134,41.817,3975.418,4023.552,4065.369,180.0,121.0,209.0,128.0,False,MEDIUM,6.0,True,Haas F1 Team,3930.426,2026-05-03 17:12:11.171,24,11.0,False,,False,False
4194.658,BEA,87,129.357,7.0,1.0,,,37.359,48.33,43.668,4102.728,4151.058,4194.726,176.0,94.0,250.0,77.0,False,MEDIUM,7.0,True,Haas F1 Team,4065.301,2026-05-03 17:14:26.046,4,10.0,False,,False,False
4338.051,BEA,87,143.393,8.0,1.0,,,44.754,57.993,40.646,4239.48,4297.473,4338.119,95.0,55.0,232.0,76.0,False,MEDIUM,8.0,True,Haas F1 Team,4194.658,2026-05-03 17:16:35.403,4,10.0,False,,False,False
4481.352,BEA,87,143.301,9.0,1.0,,,44.407,57.49,41.404,4382.526,4440.016,4481.42,105.0,72.0,222.0,145.0,False,MEDIUM,9.0,True,Haas F1 Team,4338.051,2026-05-03 17:18:58.796,4,10.0,False,,False,False
4621.138,BEA,87,139.786,10.0,1.0,,,47.051,57.473,35.262,4528.471,4585.944,4621.206,90.0,88.0,236.0,156.0,False,MEDIUM,10.0,True,Haas F1 Team,4481.352,2026-05-03 17:21:22.097,4,10.0,False,,False,False
4765.792,BEA,87,144.654,11.0,1.0,,,46.78,46.559,51.315,4667.986,4714.545,4765.86,121.0,133.0,283.0,46.0,False,MEDIUM,11.0,True,Haas F1 Team,4621.138,2026-05-03 17:23:41.883,41,10.0,False,,False,False
4861.061,BEA,87,95.269,12.0,1.0,,,33.8,35.516,25.953,4799.66,4835.176,4861.129,210.0,182.0,283.0,311.0,False,MEDIUM,12.0,True,Haas F1 Team,4765.792,2026-05-03 17:26:06.537,1,10.0,False,,False,True
4956.093,BEA,87,95.032,13.0,1.0,,,33.863,35.306,25.863,4894.992,4930.298,4956.161,207.0,182.0,281.0,307.0,False,MEDIUM,13.0,True,Haas F1 Team,4861.061,2026-05-03 17:27:41.806,1,10.0,False,,False,True
5050.71,BEA,87,94.617,14.0,1.0,,,33.448,35.231,25.938,4989.609,5024.84,5050.778,207.0,182.0,280.0,301.0,True,MEDIUM,14.0,True,Haas F1 Team,4956.093,2026-05-03 17:29:16.838,1,10.0,False,,False,True
5145.821,BEA,87,95.111,15.0,1.0,,,33.344,35.524,26.243,5084.122,5119.646,5145.889,209.0,181.0,284.0,309.0,False,MEDIUM,15.0,True,Haas F1 Team,5050.71,2026-05-03 17:30:51.455,1,11.0,False,,False,True
5240.697,BEA,87,94.876,16.0,1.0,,,33.807,35.205,25.864,5179.696,5214.901,5240.765,209.0,180.0,280.0,316.0,False,MEDIUM,16.0,True,Haas F1 Team,5145.821,2026-05-03 17:32:26.566,12,11.0,False,,False,True
5335.904,BEA,87,95.207,17.0,1.0,,,33.871,35.451,25.885,5274.636,5310.087,5335.972,208.0,179.0,285.0,321.0,False,MEDIUM,17.0,True,Haas F1 Team,5240.697,2026-05-03 17:34:01.442,1,11.0,False,,False,True
5431.08,BEA,87,95.176,18.0,1.0,,,33.831,35.47,25.875,5369.803,5405.273,5431.148,206.0,180.0,279.0,323.0,False,MEDIUM,18.0,True,Haas F1 Team,5335.904,2026-05-03 17:35:36.649,1,11.0,False,,False,True
5526.177,BEA,87,95.097,19.0,1.0,,,33.796,35.436,25.865,5464.944,5500.38,5526.245,208.0,181.0,281.0,324.0,False,MEDIUM,19.0,True,Haas F1 Team,5431.08,2026-05-03 17:37:11.825,1,11.0,False,,False,True
5621.282,BEA,87,95.105,20.0,1.0,,,33.822,35.439,25.844,5560.067,5595.506,5621.35,206.0,181.0,282.0,325.0,False,MEDIUM,20.0,True,Haas F1 Team,5526.177,2026-05-03 17:38:46.922,1,11.0,False,,False,True
5716.553,BEA,87,95.271,21.0,1.0,,,33.966,35.486,25.819,5655.316,5690.802,5716.621,208.0,180.0,281.0,320.0,False,MEDIUM,21.0,True,Haas F1 Team,5621.282,2026-05-03 17:40:22.027,1,10.0,False,,False,True
5811.524,BEA,87,94.971,22.0,1.0,,,33.677,35.312,25.982,5750.298,5785.61,5811.592,207.0,180.0,284.0,318.0,False,MEDIUM,22.0,True,Haas F1 Team,5716.553,2026-05-03 17:41:57.298,1,9.0,False,,False,True
5908.053,BEA,87,96.529,23.0,1.0,,,34.154,36.188,26.187,5845.746,5881.934,5908.121,209.0,179.0,284.0,310.0,False,MEDIUM,23.0,True,Haas F1 Team,5811.524,2026-05-03 17:43:32.269,1,11.0,False,,False,True
6003.16,BEA,87,95.107,24.0,1.0,,,33.767,35.307,26.033,5941.888,5977.195,6003.228,209.0,182.0,278.0,320.0,False,MEDIUM,24.0,True,Haas F1 Team,5908.053,2026-05-03 17:45:08.798,1,11.0,False,,False,True
6098.175,BEA,87,95.015,25.0,1.0,,,33.495,35.506,26.014,6036.723,6072.229,6098.243,208.0,184.0,284.0,314.0,False,MEDIUM,25.0,True,Haas F1 Team,6003.16,2026-05-03 17:46:43.905,1,11.0,False,,False,True
6197.863,BEA,87,99.688,26.0,1.0,,6192.473,33.414,35.395,30.879,6131.657,6167.052,6197.931,209.0,181.0,,332.0,False,MEDIUM,26.0,True,Haas F1 Team,6098.175,2026-05-03 17:48:18.920,1,12.0,False,,False,False
6306.397,BEA,87,108.534,27.0,2.0,6215.883,,48.026,34.724,25.784,6245.957,6280.681,6306.465,214.0,183.0,282.0,310.0,False,HARD,1.0,True,Haas F1 Team,6197.863,2026-05-03 17:49:58.608,1,14.0,False,,False,False
6400.141,BEA,87,93.744,28.0,2.0,,,33.077,34.875,25.792,6339.542,6374.417,6400.209,210.0,185.0,284.0,316.0,True,HARD,2.0,True,Haas F1 Team,6306.397,2026-05-03 17:51:47.142,1,13.0,False,,False,True
6494.202,BEA,87,94.061,29.0,2.0,,,33.097,35.258,25.706,6433.306,6468.564,6494.27,207.0,181.0,285.0,317.0,False,HARD,3.0,True,Haas F1 Team,6400.141,2026-05-03 17:53:20.886,1,13.0,False,,False,True
6588.043,BEA,87,93.841,30.0,2.0,,,33.077,35.033,25.731,6527.347,6562.38,6588.111,208.0,184.0,287.0,319.0,False,HARD,4.0,True,Haas F1 Team,6494.202,2026-05-03 17:54:54.947,1,13.0,False,,False,True
6682.128,BEA,87,94.085,31.0,2.0,,,32.994,35.181,25.91,6621.105,6656.286,6682.196,208.0,183.0,282.0,315.0,False,HARD,5.0,True,Haas F1 Team,6588.043,2026-05-03 17:56:28.788,1,13.0,False,,False,True
6776.23,BEA,87,94.102,32.0,2.0,,,33.116,35.182,25.804,6715.312,6750.494,6776.298,210.0,183.0,285.0,315.0,False,HARD,6.0,True,Haas F1 Team,6682.128,2026-05-03 17:58:02.873,1,11.0,False,,False,True
6870.097,BEA,87,93.867,33.0,2.0,,,33.002,35.096,25.769,6809.3,6844.396,6870.165,211.0,184.0,287.0,316.0,False,HARD,7.0,True,Haas F1 Team,6776.23,2026-05-03 17:59:36.975,1,11.0,False,,False,True
6964.4,BEA,87,94.303,34.0,2.0,,,33.235,35.289,25.779,6903.4,6938.689,6964.468,211.0,182.0,287.0,316.0,False,HARD,8.0,True,Haas F1 Team,6870.097,2026-05-03 18:01:10.842,1,11.0,False,,False,True
7058.598,BEA,87,94.198,35.0,2.0,,,33.156,35.34,25.702,6997.624,7032.964,7058.666,211.0,183.0,287.0,318.0,False,HARD,9.0,True,Haas F1 Team,6964.4,2026-05-03 18:02:45.145,1,11.0,False,,False,True
7152.871,BEA,87,94.273,36.0,2.0,,,33.182,35.358,25.733,7091.848,7127.206,7152.939,209.0,181.0,287.0,318.0,False,HARD,10.0,True,Haas F1 Team,7058.598,2026-05-03 18:04:19.343,1,11.0,False,,False,True
7247.116,BEA,87,94.245,37.0,2.0,,,33.187,35.291,25.767,7186.126,7221.417,7247.184,209.0,183.0,287.0,320.0,False,HARD,11.0,True,Haas F1 Team,7152.871,2026-05-03 18:05:53.616,1,11.0,False,,False,True
7341.485,BEA,87,94.369,38.0,2.0,,,33.376,35.225,25.768,7280.56,7315.785,7341.553,209.0,182.0,284.0,322.0,False,HARD,12.0,True,Haas F1 Team,7247.116,2026-05-03 18:07:27.861,1,11.0,False,,False,True
7435.888,BEA,87,94.403,39.0,2.0,,,33.383,35.163,25.857,7374.936,7410.099,7435.956,209.0,181.0,283.0,324.0,False,HARD,13.0,True,Haas F1 Team,7341.485,2026-05-03 18:09:02.230,1,11.0,False,,False,True
7530.247,BEA,87,94.359,40.0,2.0,,,33.441,35.17,25.748,7469.397,7504.567,7530.315,207.0,181.0,283.0,327.0,False,HARD,14.0,True,Haas F1 Team,7435.888,2026-05-03 18:10:36.633,1,11.0,False,,False,True
7624.691,BEA,87,94.444,41.0,2.0,,,33.491,35.262,25.691,7563.806,7599.068,7624.759,212.0,182.0,283.0,321.0,False,HARD,15.0,True,Haas F1 Team,7530.247,2026-05-03 18:12:10.992,1,11.0,False,,False,True
7719.099,BEA,87,94.408,42.0,2.0,,,33.396,35.257,25.755,7658.155,7693.412,7719.167,209.0,182.0,283.0,321.0,False,HARD,16.0,True,Haas F1 Team,7624.691,2026-05-03 18:13:45.436,1,11.0,False,,False,True
7813.978,BEA,87,94.879,43.0,2.0,,,33.431,35.467,25.981,7752.598,7788.065,7814.046,204.0,182.0,286.0,317.0,False,HARD,17.0,True,Haas F1 Team,7719.099,2026-05-03 18:15:19.844,1,11.0,False,,False,True
7908.46,BEA,87,94.482,44.0,2.0,,,33.342,35.301,25.839,7847.388,7882.689,7908.528,210.0,183.0,286.0,312.0,False,HARD,18.0,True,Haas F1 Team,7813.978,2026-05-03 18:16:54.723,1,11.0,False,,False,True
8003.048,BEA,87,94.588,45.0,2.0,,,33.221,35.44,25.927,7941.749,7977.189,8003.116,210.0,184.0,285.0,312.0,False,HARD,19.0,True,Haas F1 Team,7908.46,2026-05-03 18:18:29.205,1,11.0,False,,False,True
8097.401,BEA,87,94.353,46.0,2.0,,,33.212,35.318,25.823,8036.328,8071.646,8097.469,208.0,184.0,287.0,312.0,False,HARD,20.0,True,Haas F1 Team,8003.048,2026-05-03 18:20:03.793,1,11.0,False,,False,True
8194.936,BEA,87,97.535,47.0,2.0,,,34.937,36.353,26.245,8132.406,8168.759,8195.004,189.0,182.0,285.0,308.0,False,HARD,21.0,True,Haas F1 Team,8097.401,2026-05-03 18:21:38.146,12,11.0,True,TRACK LIMITS AT TURN 7 LAP 47 ,False,True
8289.689,BEA,87,94.753,48.0,2.0,,,33.345,35.384,26.024,8228.349,8263.733,8289.757,212.0,185.0,285.0,310.0,False,HARD,22.0,True,Haas F1 Team,8194.936,2026-05-03 18:23:15.681,1,11.0,False,,False,True
8384.031,BEA,87,94.342,49.0,2.0,,,33.094,35.303,25.945,8322.851,8358.154,8384.099,212.0,186.0,286.0,309.0,False,HARD,23.0,True,Haas F1 Team,8289.689,2026-05-03 18:24:50.434,1,11.0,False,,False,True
8478.318,BEA,87,94.287,50.0,2.0,,,33.156,35.168,25.963,8417.255,8452.423,8478.386,212.0,185.0,286.0,309.0,False,HARD,24.0,True,Haas F1 Team,8384.031,2026-05-03 18:26:24.776,1,11.0,False,,False,True
8572.765,BEA,87,94.447,51.0,2.0,,,33.134,35.359,25.954,8511.52,8546.879,8572.833,209.0,182.0,287.0,309.0,False,HARD,25.0,True,Haas F1 Team,8478.318,2026-05-03 18:27:59.063,1,11.0,False,,False,True
8667.485,BEA,87,94.72,52.0,2.0,,,33.114,35.561,26.045,8605.947,8641.508,8667.553,208.0,183.0,287.0,309.0,False,HARD,26.0,True,Haas F1 Team,8572.765,2026-05-03 18:29:33.510,1,11.0,False,,False,True
8761.841,BEA,87,94.356,53.0,2.0,,,33.07,35.39,25.896,8700.623,8736.013,8761.909,211.0,184.0,288.0,309.0,False,HARD,27.0,True,Haas F1 Team,8667.485,2026-05-03 18:31:08.230,1,11.0,False,,False,True
8857.256,BEA,87,95.415,54.0,2.0,,,32.943,36.504,25.968,8794.852,8831.356,8857.324,211.0,182.0,288.0,317.0,False,HARD,28.0,True,Haas F1 Team,8761.841,2026-05-03 18:32:42.586,1,11.0,False,,False,True
8953.152,BEA,87,95.896,55.0,2.0,,,34.829,35.118,25.949,8892.153,8927.271,8953.22,212.0,185.0,290.0,317.0,False,HARD,29.0,True,Haas F1 Team,8857.256,2026-05-03 18:34:18.001,1,11.0,False,,False,True
9047.666,BEA,87,94.514,56.0,2.0,,,33.153,35.399,25.962,8986.373,9021.772,9047.734,207.0,182.0,289.0,314.0,False,HARD,30.0,True,Haas F1 Team,8953.152,2026-05-03 18:35:53.897,12,11.0,False,,False,True
