Time,Driver,DriverNumber,LapTime,LapNumber,Stint,PitOutTime,PitInTime,Sector1Time,Sector2Time,Sector3Time,Sector1SessionTime,Sector2SessionTime,Sector3SessionTime,SpeedI1,SpeedI2,SpeedFL,SpeedST,IsPersonalBest,Compound,TyreLife,FreshTyre,Team,LapStartTime,LapStartDate,TrackStatus,Position,Deleted,DeletedReason,FastF1Generated,IsAccurate
3410.495,NOR,1,90.629,1.0,1.0,,,,39.379,21.696,,3388.909,3410.714,151.0,181.0,257.0,265.0,False,MEDIUM,1.0,True,McLaren,3319.645,2026-06-07 13:03:11.904,12,8.0,False,,False,False
3491.179,NOR,1,80.684,2.0,1.0,,,21.738,37.534,21.412,3432.256,3469.79,3491.202,178.0,177.0,258.0,273.0,True,MEDIUM,2.0,True,McLaren,3410.495,2026-06-07 13:04:42.754,1,8.0,False,,False,True
3571.374,NOR,1,80.195,3.0,1.0,,,21.482,37.614,21.099,3512.684,3550.298,3571.397,177.0,187.0,259.0,277.0,True,MEDIUM,3.0,True,McLaren,3491.179,2026-06-07 13:06:03.438,1,8.0,False,,False,True
3650.865,NOR,1,79.491,4.0,1.0,,,21.206,37.169,21.116,3592.603,3629.772,3650.888,189.0,182.0,259.0,276.0,True,MEDIUM,4.0,True,McLaren,3571.374,2026-06-07 13:07:23.633,1,8.0,False,,False,True
3729.853,NOR,1,78.988,5.0,1.0,,,20.871,36.96,21.157,3671.759,3708.719,3729.876,184.0,179.0,259.0,276.0,True,MEDIUM,5.0,True,McLaren,3650.865,2026-06-07 13:08:43.124,1,8.0,False,,False,True
3808.086,NOR,1,78.233,6.0,1.0,,,20.752,36.693,20.788,3750.628,3787.321,3808.109,190.0,190.0,259.0,275.0,True,MEDIUM,6.0,True,McLaren,3729.853,2026-06-07 13:10:02.112,1,8.0,False,,False,True
3886.329,NOR,1,78.243,7.0,1.0,,,20.606,36.68,20.957,3828.715,3865.395,3886.352,191.0,187.0,259.0,275.0,False,MEDIUM,7.0,True,McLaren,3808.086,2026-06-07 13:11:20.345,1,8.0,False,,False,True
3964.408,NOR,1,78.079,8.0,1.0,,,20.598,36.576,20.905,3906.95,3943.526,3964.431,193.0,192.0,261.0,278.0,True,MEDIUM,8.0,True,McLaren,3886.329,2026-06-07 13:12:38.588,1,8.0,False,,False,True
4042.467,NOR,1,78.059,9.0,1.0,,,20.876,36.456,20.727,3985.307,4021.763,4042.49,183.0,194.0,260.0,277.0,True,MEDIUM,9.0,True,McLaren,3964.408,2026-06-07 13:13:56.667,1,8.0,False,,False,True
4121.095,NOR,1,78.628,10.0,1.0,,,20.611,36.654,21.363,4063.101,4099.755,4121.118,189.0,185.0,259.0,278.0,False,MEDIUM,10.0,True,McLaren,4042.467,2026-06-07 13:15:14.726,1,8.0,False,,False,True
4199.508,NOR,1,78.413,11.0,1.0,,,20.555,36.981,20.877,4141.673,4178.654,4199.531,196.0,187.0,256.0,277.0,False,MEDIUM,11.0,True,McLaren,4121.095,2026-06-07 13:16:33.354,1,8.0,False,,False,True
4277.23,NOR,1,77.722,12.0,1.0,,,20.68,36.379,20.663,4220.211,4256.59,4277.253,193.0,193.0,260.0,270.0,True,MEDIUM,12.0,True,McLaren,4199.508,2026-06-07 13:17:51.767,1,8.0,False,,False,True
4355.621,NOR,1,78.391,13.0,1.0,,,20.76,36.899,20.732,4298.013,4334.912,4355.644,184.0,189.0,261.0,276.0,False,MEDIUM,13.0,True,McLaren,4277.23,2026-06-07 13:19:09.489,1,8.0,False,,False,True
4433.791,NOR,1,78.17,14.0,1.0,,,20.523,36.851,20.796,4376.167,4413.018,4433.814,190.0,187.0,262.0,279.0,False,MEDIUM,14.0,True,McLaren,4355.621,2026-06-07 13:20:27.880,1,8.0,False,,False,True
4512.414,NOR,1,78.623,15.0,1.0,,,20.671,37.009,20.943,4454.485,4491.494,4512.437,189.0,190.0,260.0,279.0,False,MEDIUM,15.0,True,McLaren,4433.791,2026-06-07 13:21:46.050,1,8.0,False,,False,True
4591.052,NOR,1,78.638,16.0,1.0,,,20.822,36.824,20.992,4533.259,4570.083,4591.075,186.0,191.0,260.0,275.0,False,MEDIUM,16.0,True,McLaren,4512.414,2026-06-07 13:23:04.673,1,8.0,False,,False,True
4669.794,NOR,1,78.742,17.0,1.0,,,20.606,37.153,20.983,4611.681,4648.834,4669.817,185.0,187.0,261.0,277.0,False,MEDIUM,17.0,True,McLaren,4591.052,2026-06-07 13:24:23.311,1,8.0,False,,False,True
4748.788,NOR,1,78.994,18.0,1.0,,,20.986,36.999,21.009,4690.803,4727.802,4748.811,189.0,185.0,262.0,279.0,False,MEDIUM,18.0,True,McLaren,4669.794,2026-06-07 13:25:42.053,1,8.0,False,,False,True
4827.494,NOR,1,78.706,19.0,1.0,,,20.768,36.957,20.981,4769.579,4806.536,4827.517,188.0,188.0,262.0,280.0,False,MEDIUM,19.0,True,McLaren,4748.788,2026-06-07 13:27:01.047,1,8.0,False,,False,True
4905.806,NOR,1,78.312,20.0,1.0,,,20.696,36.744,20.872,4848.213,4884.957,4905.829,185.0,191.0,261.0,279.0,False,MEDIUM,20.0,True,McLaren,4827.494,2026-06-07 13:28:19.753,1,8.0,False,,False,True
4984.872,NOR,1,79.066,21.0,1.0,,,20.635,36.935,21.496,4926.464,4963.399,4984.895,187.0,186.0,261.0,279.0,False,MEDIUM,21.0,True,McLaren,4905.806,2026-06-07 13:29:38.065,1,8.0,False,,False,True
5062.797,NOR,1,77.925,22.0,1.0,,,20.317,36.612,20.996,5005.212,5041.824,5062.82,196.0,189.0,261.0,279.0,False,MEDIUM,22.0,True,McLaren,4984.872,2026-06-07 13:30:57.131,1,8.0,False,,False,True
5141.046,NOR,1,78.249,23.0,1.0,,,20.647,36.713,20.889,5083.467,5120.18,5141.069,195.0,191.0,262.0,279.0,False,MEDIUM,23.0,True,McLaren,5062.797,2026-06-07 13:32:15.056,1,8.0,False,,False,True
5219.722,NOR,1,78.676,24.0,1.0,,,20.743,36.994,20.939,5161.812,5198.806,5219.745,194.0,188.0,261.0,280.0,False,MEDIUM,24.0,True,McLaren,5141.046,2026-06-07 13:33:33.305,1,8.0,False,,False,True
5298.038,NOR,1,78.316,25.0,1.0,,,20.78,36.744,20.792,5240.525,5277.269,5298.061,191.0,192.0,262.0,279.0,False,MEDIUM,25.0,True,McLaren,5219.722,2026-06-07 13:34:51.981,1,8.0,False,,False,True
5376.516,NOR,1,78.478,26.0,1.0,,,20.6,36.848,21.03,5318.661,5355.509,5376.539,191.0,191.0,261.0,280.0,False,MEDIUM,26.0,True,McLaren,5298.038,2026-06-07 13:36:10.297,1,8.0,False,,False,True
5454.892,NOR,1,78.376,27.0,1.0,,,20.645,36.776,20.955,5397.184,5433.96,5454.915,189.0,190.0,262.0,280.0,False,MEDIUM,27.0,True,McLaren,5376.516,2026-06-07 13:37:28.775,1,8.0,False,,False,True
5533.356,NOR,1,78.464,28.0,1.0,,,20.576,36.746,21.142,5475.491,5512.237,5533.379,196.0,190.0,263.0,277.0,False,MEDIUM,28.0,True,McLaren,5454.892,2026-06-07 13:38:47.151,1,8.0,False,,False,True
5611.554,NOR,1,78.198,29.0,1.0,,,20.736,36.722,20.74,5554.115,5590.837,5611.577,196.0,185.0,263.0,278.0,False,MEDIUM,29.0,True,McLaren,5533.356,2026-06-07 13:40:05.615,1,8.0,False,,False,True
5689.875,NOR,1,78.321,30.0,1.0,,,20.577,36.833,20.911,5632.154,5668.987,5689.898,192.0,189.0,260.0,279.0,False,MEDIUM,30.0,True,McLaren,5611.554,2026-06-07 13:41:23.813,1,8.0,False,,False,True
5768.175,NOR,1,78.3,31.0,1.0,,,20.568,36.845,20.887,5710.466,5747.311,5768.198,197.0,190.0,259.0,280.0,False,MEDIUM,31.0,True,McLaren,5689.875,2026-06-07 13:42:42.134,1,7.0,False,,False,True
5846.364,NOR,1,78.189,32.0,1.0,,,20.594,36.761,20.834,5788.792,5825.553,5846.387,195.0,190.0,259.0,267.0,False,MEDIUM,32.0,True,McLaren,5768.175,2026-06-07 13:44:00.434,1,6.0,False,,False,True
5926.594,NOR,1,80.23,33.0,1.0,,,20.865,38.298,21.067,5867.252,5905.55,5926.617,177.0,188.0,254.0,209.0,False,MEDIUM,33.0,True,McLaren,5846.364,2026-06-07 13:45:18.623,1,6.0,True,TRACK LIMITS AT TURN 16 LAP 33 ,False,True
6004.264,NOR,1,77.67,34.0,1.0,,,20.565,36.469,20.636,5947.182,5983.651,6004.287,195.0,192.0,249.0,268.0,True,MEDIUM,34.0,True,McLaren,5926.594,2026-06-07 13:46:38.853,1,6.0,False,,False,True
6082.097,NOR,1,77.833,35.0,1.0,,,20.533,36.554,20.746,6024.82,6061.374,6082.12,197.0,190.0,247.0,270.0,False,MEDIUM,35.0,True,McLaren,6004.264,2026-06-07 13:47:56.523,1,6.0,False,,False,True
6160.321,NOR,1,78.224,36.0,1.0,,,20.542,36.866,20.816,6102.662,6139.528,6160.344,193.0,190.0,261.0,274.0,False,MEDIUM,36.0,True,McLaren,6082.097,2026-06-07 13:49:14.356,1,6.0,False,,False,True
6239.06,NOR,1,78.739,37.0,1.0,,,20.564,37.024,21.151,6180.908,6217.932,6239.083,192.0,188.0,259.0,274.0,False,MEDIUM,37.0,True,McLaren,6160.321,2026-06-07 13:50:32.580,1,6.0,False,,False,True
6318.068,NOR,1,79.008,38.0,1.0,,,20.732,36.97,21.306,6259.815,6296.785,6318.091,189.0,191.0,257.0,275.0,False,MEDIUM,38.0,True,McLaren,6239.06,2026-06-07 13:51:51.319,1,6.0,False,,False,True
6397.379,NOR,1,79.311,39.0,1.0,,,20.905,37.081,21.325,6338.996,6376.077,6397.402,186.0,192.0,259.0,273.0,False,MEDIUM,39.0,True,McLaren,6318.068,2026-06-07 13:53:10.327,1,6.0,False,,False,True
6476.327,NOR,1,78.948,40.0,1.0,,,20.672,37.148,21.128,6418.074,6455.222,6476.35,192.0,186.0,260.0,279.0,False,MEDIUM,40.0,True,McLaren,6397.379,2026-06-07 13:54:29.638,1,6.0,False,,False,True
6557.208,NOR,1,80.881,41.0,1.0,,,20.981,38.093,21.807,6497.331,6535.424,6557.231,178.0,180.0,253.0,277.0,False,MEDIUM,41.0,True,McLaren,6476.327,2026-06-07 13:55:48.586,1,6.0,False,,False,True
6637.352,NOR,1,80.144,42.0,1.0,,,21.282,37.697,21.165,6578.513,6616.21,6637.375,201.0,185.0,255.0,268.0,False,MEDIUM,42.0,True,McLaren,6557.208,2026-06-07 13:57:09.467,1,6.0,False,,False,True
6716.575,NOR,1,79.223,43.0,1.0,,,20.998,37.437,20.788,6658.373,6695.81,6716.598,204.0,192.0,254.0,265.0,False,MEDIUM,43.0,True,McLaren,6637.352,2026-06-07 13:58:29.611,1,6.0,False,,False,True
6794.519,NOR,1,,44.0,1.0,,6794.542,20.617,41.184,,6737.292,6778.573,,180.0,140.0,,205.0,False,MEDIUM,44.0,True,McLaren,6716.575,2026-06-07 13:59:48.834,1,6.0,False,,False,False
3409.971,GAS,10,90.105,1.0,1.0,,,,39.269,21.649,,3388.405,3410.12,151.0,178.0,257.0,268.0,False,MEDIUM,1.0,True,Alpine,3319.645,2026-06-07 13:03:11.904,12,7.0,False,,False,False
3490.686,GAS,10,80.715,2.0,1.0,,,21.782,37.45,21.483,3431.807,3469.257,3490.74,184.0,182.0,253.0,279.0,True,MEDIUM,2.0,True,Alpine,3409.971,2026-06-07 13:04:42.230,1,7.0,False,,False,True
3570.759,GAS,10,80.073,3.0,1.0,,,21.429,37.648,20.996,3512.169,3549.817,3570.813,178.0,185.0,254.0,271.0,True,MEDIUM,3.0,True,Alpine,3490.686,2026-06-07 13:06:02.945,1,7.0,False,,False,True
3649.883,GAS,10,79.124,4.0,1.0,,,21.231,36.89,21.003,3592.044,3628.934,3649.937,186.0,184.0,255.0,271.0,True,MEDIUM,4.0,True,Alpine,3570.759,2026-06-07 13:07:23.018,1,7.0,False,,False,True
3728.975,GAS,10,79.092,5.0,1.0,,,20.995,37.121,20.976,3670.932,3708.053,3729.029,181.0,188.0,254.0,270.0,True,MEDIUM,5.0,True,Alpine,3649.883,2026-06-07 13:08:42.142,1,7.0,False,,False,True
3807.28,GAS,10,78.305,6.0,1.0,,,20.683,36.674,20.948,3749.712,3786.386,3807.334,192.0,187.0,254.0,270.0,True,MEDIUM,6.0,True,Alpine,3728.975,2026-06-07 13:10:01.234,1,7.0,False,,False,True
3885.86,GAS,10,78.58,7.0,1.0,,,20.895,36.69,20.995,3828.229,3864.919,3885.914,193.0,182.0,255.0,271.0,False,MEDIUM,7.0,True,Alpine,3807.28,2026-06-07 13:11:19.539,1,7.0,False,,False,True
3963.806,GAS,10,77.946,8.0,1.0,,,20.595,36.653,20.698,3906.509,3943.162,3963.86,191.0,186.0,256.0,271.0,True,MEDIUM,8.0,True,Alpine,3885.86,2026-06-07 13:12:38.119,1,7.0,False,,False,True
4041.936,GAS,10,78.13,9.0,1.0,,,20.431,36.686,21.013,3984.291,4020.977,4041.99,197.0,185.0,254.0,271.0,False,MEDIUM,9.0,True,Alpine,3963.806,2026-06-07 13:13:56.065,1,7.0,False,,False,True
4119.976,GAS,10,78.04,10.0,1.0,,,20.6,36.592,20.848,4062.59,4099.182,4120.03,195.0,184.0,255.0,271.0,False,MEDIUM,10.0,True,Alpine,4041.936,2026-06-07 13:15:14.195,1,7.0,False,,False,True
4198.38,GAS,10,78.404,11.0,1.0,,,20.819,36.793,20.792,4140.849,4177.642,4198.434,188.0,185.0,255.0,270.0,False,MEDIUM,11.0,True,Alpine,4119.976,2026-06-07 13:16:32.235,1,7.0,False,,False,True
4276.738,GAS,10,78.358,12.0,1.0,,,20.65,36.819,20.889,4219.084,4255.903,4276.792,187.0,189.0,256.0,271.0,False,MEDIUM,12.0,True,Alpine,4198.38,2026-06-07 13:17:50.639,1,7.0,False,,False,True
4355.071,GAS,10,78.333,13.0,1.0,,,20.48,36.809,21.044,4297.272,4334.081,4355.125,193.0,186.0,255.0,271.0,False,MEDIUM,13.0,True,Alpine,4276.738,2026-06-07 13:19:08.997,1,7.0,False,,False,True
4433.275,GAS,10,78.204,14.0,1.0,,,20.581,36.7,20.923,4375.706,4412.406,4433.329,194.0,184.0,255.0,271.0,False,MEDIUM,14.0,True,Alpine,4355.071,2026-06-07 13:20:27.330,1,7.0,False,,False,True
4511.367,GAS,10,78.092,15.0,1.0,,,20.563,36.571,20.958,4453.892,4490.463,4511.421,197.0,186.0,256.0,272.0,False,MEDIUM,15.0,True,Alpine,4433.275,2026-06-07 13:21:45.534,1,7.0,False,,False,True
4590.495,GAS,10,79.128,16.0,1.0,,,20.533,37.21,21.385,4531.954,4569.164,4590.549,189.0,182.0,252.0,271.0,False,MEDIUM,16.0,True,Alpine,4511.367,2026-06-07 13:23:03.626,1,7.0,False,,False,True
4669.277,GAS,10,78.782,17.0,1.0,,,20.656,36.929,21.197,4611.205,4648.134,4669.331,195.0,185.0,256.0,271.0,False,MEDIUM,17.0,True,Alpine,4590.495,2026-06-07 13:24:22.754,1,7.0,False,,False,True
4748.332,GAS,10,79.055,18.0,1.0,,,20.964,37.022,21.069,4690.295,4727.317,4748.386,191.0,182.0,256.0,271.0,False,MEDIUM,18.0,True,Alpine,4669.277,2026-06-07 13:25:41.536,1,7.0,False,,False,True
4827.019,GAS,10,78.687,19.0,1.0,,,20.752,36.971,20.964,4769.138,4806.109,4827.073,190.0,184.0,257.0,271.0,False,MEDIUM,19.0,True,Alpine,4748.332,2026-06-07 13:27:00.591,1,7.0,False,,False,True
4905.25,GAS,10,78.231,20.0,1.0,,,20.535,36.749,20.947,4847.608,4884.357,4905.304,196.0,186.0,256.0,271.0,False,MEDIUM,20.0,True,Alpine,4827.019,2026-06-07 13:28:19.278,1,7.0,False,,False,True
4983.636,GAS,10,78.386,21.0,1.0,,,20.553,36.755,21.078,4925.857,4962.612,4983.69,196.0,184.0,256.0,272.0,False,MEDIUM,21.0,True,Alpine,4905.25,2026-06-07 13:29:37.509,1,7.0,False,,False,True
5062.111,GAS,10,78.475,22.0,1.0,,,20.492,36.986,20.997,5004.182,5041.168,5062.165,196.0,183.0,256.0,272.0,False,MEDIUM,22.0,True,Alpine,4983.636,2026-06-07 13:30:55.895,1,7.0,False,,False,True
5140.572,GAS,10,78.461,23.0,1.0,,,20.566,36.842,21.053,5082.731,5119.573,5140.626,197.0,188.0,256.0,272.0,False,MEDIUM,23.0,True,Alpine,5062.111,2026-06-07 13:32:14.370,1,7.0,False,,False,True
5219.092,GAS,10,78.52,24.0,1.0,,,20.686,36.907,20.927,5161.312,5198.219,5219.146,194.0,186.0,256.0,271.0,False,MEDIUM,24.0,True,Alpine,5140.572,2026-06-07 13:33:32.831,1,7.0,False,,False,True
5297.478,GAS,10,78.386,25.0,1.0,,,20.533,36.907,20.946,5239.679,5276.586,5297.532,197.0,186.0,256.0,271.0,False,MEDIUM,25.0,True,Alpine,5219.092,2026-06-07 13:34:51.351,1,7.0,False,,False,True
5375.939,GAS,10,78.461,26.0,1.0,,,20.625,36.904,20.932,5318.157,5355.061,5375.993,195.0,187.0,256.0,272.0,False,MEDIUM,26.0,True,Alpine,5297.478,2026-06-07 13:36:09.737,1,7.0,False,,False,True
5454.46,GAS,10,78.521,27.0,1.0,,,20.522,37.072,20.927,5396.515,5433.587,5454.514,197.0,188.0,256.0,271.0,False,MEDIUM,27.0,True,Alpine,5375.939,2026-06-07 13:37:28.198,1,7.0,False,,False,True
5533.056,GAS,10,78.596,28.0,1.0,,,20.471,36.895,21.23,5474.985,5511.88,5533.11,195.0,185.0,255.0,272.0,False,MEDIUM,28.0,True,Alpine,5454.46,2026-06-07 13:38:46.719,1,7.0,False,,False,True
5611.112,GAS,10,78.056,29.0,1.0,,,20.508,36.767,20.781,5553.618,5590.385,5611.166,194.0,187.0,257.0,272.0,False,MEDIUM,29.0,True,Alpine,5533.056,2026-06-07 13:40:05.315,1,7.0,False,,False,True
5689.29,GAS,10,78.178,30.0,1.0,,,20.503,36.788,20.887,5631.669,5668.457,5689.344,197.0,188.0,256.0,271.0,False,MEDIUM,30.0,True,Alpine,5611.112,2026-06-07 13:41:23.371,1,7.0,False,,False,True
5767.65,GAS,10,78.36,31.0,1.0,,,20.548,36.907,20.905,5709.892,5746.799,5767.704,195.0,186.0,256.0,272.0,False,MEDIUM,31.0,True,Alpine,5689.29,2026-06-07 13:42:41.549,1,6.0,False,,False,True
5845.679,GAS,10,78.029,32.0,1.0,,,20.512,36.709,20.808,5788.216,5824.925,5845.733,197.0,189.0,257.0,272.0,False,MEDIUM,32.0,True,Alpine,5767.65,2026-06-07 13:43:59.909,1,5.0,False,,False,True
5924.486,GAS,10,78.807,33.0,1.0,,,20.663,37.063,21.081,5866.396,5903.459,5924.54,194.0,184.0,256.0,271.0,False,MEDIUM,33.0,True,Alpine,5845.679,2026-06-07 13:45:17.938,1,5.0,False,,False,True
6003.145,GAS,10,78.659,34.0,1.0,,,20.793,36.991,20.875,5945.333,5982.324,6003.199,195.0,185.0,255.0,271.0,False,MEDIUM,34.0,True,Alpine,5924.486,2026-06-07 13:46:36.745,1,5.0,False,,False,True
6081.477,GAS,10,78.332,35.0,1.0,,,20.572,36.845,20.915,6023.771,6060.616,6081.531,195.0,188.0,255.0,271.0,False,MEDIUM,35.0,True,Alpine,6003.145,2026-06-07 13:47:55.404,1,5.0,False,,False,True
6159.655,GAS,10,78.178,36.0,1.0,,,20.577,36.834,20.767,6102.108,6138.942,6159.709,194.0,185.0,257.0,272.0,False,MEDIUM,36.0,True,Alpine,6081.477,2026-06-07 13:49:13.736,1,5.0,False,,False,True
6238.604,GAS,10,78.949,37.0,1.0,,,20.681,37.176,21.092,6180.39,6217.566,6238.658,197.0,187.0,257.0,272.0,False,MEDIUM,37.0,True,Alpine,6159.655,2026-06-07 13:50:31.914,1,5.0,False,,False,True
6317.672,GAS,10,79.068,38.0,1.0,,,20.706,37.063,21.299,6259.364,6296.427,6317.726,197.0,184.0,257.0,272.0,False,MEDIUM,38.0,True,Alpine,6238.604,2026-06-07 13:51:50.863,1,5.0,False,,False,True
6396.899,GAS,10,79.227,39.0,1.0,,,20.758,37.083,21.386,6338.484,6375.567,6396.953,195.0,185.0,256.0,272.0,False,MEDIUM,39.0,True,Alpine,6317.672,2026-06-07 13:53:09.931,1,5.0,False,,False,True
6475.923,GAS,10,79.024,40.0,1.0,,,20.673,37.145,21.206,6417.626,6454.771,6475.977,195.0,186.0,261.0,271.0,False,MEDIUM,40.0,True,Alpine,6396.899,2026-06-07 13:54:29.158,1,5.0,False,,False,True
6554.857,GAS,10,78.934,41.0,1.0,,,20.722,37.197,21.015,6496.699,6533.896,6554.911,190.0,186.0,257.0,277.0,False,MEDIUM,41.0,True,Alpine,6475.923,2026-06-07 13:55:48.182,1,5.0,False,,False,True
6633.513,GAS,10,78.656,42.0,1.0,,,20.719,37.083,20.854,6575.63,6612.713,6633.567,195.0,188.0,257.0,270.0,False,MEDIUM,42.0,True,Alpine,6554.857,2026-06-07 13:57:07.116,1,5.0,False,,False,True
6712.422,GAS,10,78.909,43.0,1.0,,,20.639,37.231,21.039,6654.206,6691.437,6712.476,193.0,187.0,257.0,270.0,False,MEDIUM,43.0,True,Alpine,6633.513,2026-06-07 13:58:25.772,1,5.0,False,,False,True
6791.199,GAS,10,78.777,44.0,1.0,,,20.67,37.085,21.022,6733.146,6770.231,6791.253,194.0,182.0,257.0,271.0,False,MEDIUM,44.0,True,Alpine,6712.422,2026-06-07 13:59:44.681,1,5.0,False,,False,True
6888.388,GAS,10,97.189,45.0,1.0,,6863.524,20.809,37.074,39.306,6812.062,6849.136,6888.442,194.0,186.0,,271.0,False,MEDIUM,45.0,True,Alpine,6791.199,2026-06-07 14:01:03.458,1,7.0,False,,False,False
6972.031,GAS,10,83.643,46.0,2.0,6889.152,,24.394,38.026,21.223,6912.836,6950.862,6972.085,172.0,182.0,255.0,267.0,False,HARD,1.0,True,Alpine,6888.388,2026-06-07 14:02:40.647,1,7.0,False,,False,False
7050.706,GAS,10,78.675,47.0,2.0,,,20.898,36.914,20.863,6992.983,7029.897,7050.76,194.0,185.0,255.0,270.0,False,HARD,2.0,True,Alpine,6972.031,2026-06-07 14:04:04.290,1,7.0,False,,False,True
7128.924,GAS,10,78.218,48.0,2.0,,,20.65,36.728,20.84,7071.41,7108.138,7128.978,194.0,187.0,255.0,273.0,False,HARD,3.0,True,Alpine,7050.706,2026-06-07 14:05:22.965,1,7.0,False,,False,True
7209.646,GAS,10,80.722,49.0,2.0,,,21.953,37.73,21.039,7150.931,7188.661,7209.7,132.0,184.0,255.0,272.0,False,HARD,4.0,True,Alpine,7128.924,2026-06-07 14:06:41.183,1,7.0,False,,False,True
7288.571,GAS,10,78.925,50.0,2.0,,,20.469,36.696,21.76,7230.169,7266.865,7288.625,195.0,187.0,224.0,272.0,False,HARD,5.0,True,Alpine,7209.646,2026-06-07 14:08:01.905,1,7.0,False,,False,True
7367.919,GAS,10,79.348,51.0,2.0,,,21.751,36.847,20.75,7310.376,7347.223,7367.973,199.0,188.0,257.0,273.0,False,HARD,6.0,True,Alpine,7288.571,2026-06-07 14:09:20.830,1,7.0,False,,False,True
7445.869,GAS,10,77.95,52.0,2.0,,,20.649,36.744,20.557,7388.622,7425.366,7445.923,197.0,188.0,257.0,273.0,False,HARD,7.0,True,Alpine,7367.919,2026-06-07 14:10:40.178,1,7.0,False,,False,True
7522.924,GAS,10,77.055,53.0,2.0,,,20.234,36.289,20.532,7466.157,7502.446,7522.978,199.0,188.0,257.0,275.0,True,HARD,8.0,True,Alpine,7445.869,2026-06-07 14:11:58.128,1,7.0,False,,False,True
7600.211,GAS,10,77.287,54.0,2.0,,,20.267,36.416,20.604,7543.245,7579.661,7600.265,199.0,190.0,257.0,272.0,False,HARD,9.0,True,Alpine,7522.924,2026-06-07 14:13:15.183,1,7.0,False,,False,True
7677.337,GAS,10,77.126,55.0,2.0,,,20.252,36.258,20.616,7620.517,7656.775,7677.391,201.0,187.0,256.0,273.0,False,HARD,10.0,True,Alpine,7600.211,2026-06-07 14:14:32.470,1,7.0,False,,False,True
7754.846,GAS,10,77.509,56.0,2.0,,,20.391,36.416,20.702,7697.782,7734.198,7754.9,196.0,190.0,257.0,274.0,False,HARD,11.0,True,Alpine,7677.337,2026-06-07 14:15:49.596,1,7.0,False,,False,True
7832.809,GAS,10,77.963,57.0,2.0,,,20.427,36.651,20.885,7775.327,7811.978,7832.863,199.0,186.0,258.0,273.0,False,HARD,12.0,True,Alpine,7754.846,2026-06-07 14:17:07.105,1,7.0,False,,False,True
7910.421,GAS,10,77.612,58.0,2.0,,,20.615,36.296,20.701,7853.478,7889.774,7910.475,194.0,189.0,258.0,273.0,False,HARD,13.0,True,Alpine,7832.809,2026-06-07 14:18:25.068,1,7.0,False,,False,True
8009.603,GAS,10,99.182,59.0,2.0,,,20.615,50.237,28.33,,7981.327,8009.657,194.0,161.0,182.0,115.0,False,HARD,14.0,True,Alpine,7910.421,2026-06-07 14:19:42.680,124,6.0,False,,False,False
8122.739,GAS,10,113.136,60.0,2.0,,8103.876,27.636,49.19,36.31,8037.293,8086.483,8122.793,160.0,138.0,,224.0,False,HARD,15.0,True,Alpine,8009.603,2026-06-07 14:21:21.862,4,6.0,False,,False,False
8215.922,GAS,10,93.183,61.0,3.0,8123.58,,27.682,40.548,24.953,8150.475,8191.023,8215.976,168.0,169.0,155.0,240.0,False,HARD,16.0,False,Alpine,8122.739,2026-06-07 14:23:14.998,4,6.0,False,,False,False
8334.363,GAS,10,118.441,62.0,3.0,,,34.367,51.347,32.727,8250.343,8301.69,8334.417,118.0,152.0,117.0,147.0,False,HARD,17.0,False,Alpine,8215.922,2026-06-07 14:24:48.181,4,6.0,False,,False,False
8427.322,GAS,10,92.959,63.0,3.0,,,29.641,40.888,22.43,8364.058,8404.946,8427.376,155.0,176.0,250.0,240.0,False,HARD,18.0,False,Alpine,8334.363,2026-06-07 14:26:46.622,4,6.0,False,,False,False
8511.999,GAS,10,84.677,64.0,3.0,,,22.968,39.465,22.244,8450.344,8489.809,8512.053,172.0,176.0,251.0,243.0,False,HARD,19.0,False,Alpine,8427.322,2026-06-07 14:28:19.581,4,6.0,False,,False,False
8593.809,GAS,10,81.81,65.0,3.0,,,22.448,37.703,21.659,8534.501,8572.204,8593.863,172.0,183.0,249.0,270.0,False,HARD,20.0,False,Alpine,8511.999,2026-06-07 14:29:44.258,412,5.0,False,,False,False
8708.21,GAS,10,114.401,66.0,3.0,,8685.664,23.574,49.917,40.91,8617.437,8667.354,8708.264,136.0,165.0,,191.0,False,HARD,21.0,False,Alpine,8593.809,2026-06-07 14:31:06.068,24,5.0,False,,False,False
8814.62,GAS,10,106.41,67.0,4.0,8708.96,,27.312,50.516,28.582,8735.576,8786.092,8814.674,156.0,132.0,229.0,231.0,False,HARD,22.0,False,Alpine,8708.21,2026-06-07 14:33:00.469,4,5.0,False,,False,False
11070.224,GAS,10,,68.0,4.0,,8919.387,23.829,54.814,,8838.635,8893.416,,112.0,114.0,,154.0,False,HARD,23.0,False,Alpine,8814.62,2026-06-07 14:34:46.879,451,5.0,False,,False,False
11166.746,GAS,10,96.522,69.0,5.0,11070.923,,27.964,40.872,27.686,11098.242,11139.114,11166.8,149.0,163.0,204.0,234.0,False,SOFT,5.0,False,Alpine,11070.224,2026-06-07 15:12:22.483,14,5.0,False,,False,False
11331.61,GAS,10,,70.0,5.0,,,30.533,49.943,84.452,11197.487,11247.252,11332.046,84.0,167.0,62.0,204.0,False,SOFT,6.0,False,Alpine,11166.746,2026-06-07 15:13:59.005,41,5.0,False,,False,False
11417.8,GAS,10,86.19,71.0,5.0,,,25.664,39.627,20.899,11357.328,11396.955,11417.854,155.0,183.0,257.0,266.0,False,SOFT,7.0,False,Alpine,11331.61,2026-06-07 15:16:43.869,12,4.0,False,,False,True
11495.261,GAS,10,77.461,72.0,5.0,,,20.568,36.405,20.488,11438.422,11474.827,11495.315,204.0,192.0,256.0,271.0,False,SOFT,8.0,False,Alpine,11417.8,2026-06-07 15:18:10.059,1,3.0,False,,False,True
11571.315,GAS,10,76.054,73.0,5.0,,,20.181,35.734,20.139,11515.496,11551.23,11571.369,206.0,194.0,257.0,271.0,True,SOFT,9.0,False,Alpine,11495.261,2026-06-07 15:19:27.520,1,3.0,False,,False,True
11647.914,GAS,10,76.599,74.0,5.0,,,19.994,35.426,21.179,11591.363,11626.789,11647.968,205.0,192.0,256.0,273.0,False,SOFT,10.0,False,Alpine,11571.315,2026-06-07 15:20:43.574,1,3.0,False,,False,True
11724.21,GAS,10,76.296,75.0,5.0,,,20.373,35.613,20.31,11668.341,11703.954,11724.264,202.0,194.0,257.0,273.0,False,SOFT,11.0,False,Alpine,11647.914,2026-06-07 15:22:00.173,1,3.0,False,,False,True
11800.109,GAS,10,75.899,76.0,5.0,,,20.091,35.554,20.254,11744.355,11779.909,11800.163,208.0,192.0,258.0,273.0,True,SOFT,12.0,False,Alpine,11724.21,2026-06-07 15:23:16.469,1,3.0,False,,False,True
11875.606,GAS,10,75.497,77.0,5.0,,,19.791,35.531,20.175,11819.954,11855.485,11875.66,205.0,193.0,259.0,273.0,True,SOFT,13.0,False,Alpine,11800.109,2026-06-07 15:24:32.368,1,3.0,False,,False,True
11951.487,GAS,10,75.881,78.0,5.0,,,19.923,35.652,20.306,11895.583,11931.235,11951.541,202.0,194.0,258.0,272.0,False,SOFT,14.0,False,Alpine,11875.606,2026-06-07 15:25:47.865,1,3.0,False,,False,True
3415.039,PER,11,95.173,1.0,1.0,,,,41.311,21.803,,3393.366,3415.042,155.0,174.0,259.0,259.0,False,SOFT,1.0,True,Cadillac,3319.645,2026-06-07 13:03:11.904,12,14.0,False,,False,False
3496.543,PER,11,81.504,2.0,1.0,,,21.897,38.022,21.585,3436.939,3474.961,3496.546,173.0,177.0,255.0,257.0,True,SOFT,2.0,True,Cadillac,3415.039,2026-06-07 13:04:47.298,1,14.0,False,,False,True
3577.022,PER,11,80.479,3.0,1.0,,,21.578,37.71,21.191,3518.124,3555.834,3577.025,172.0,182.0,259.0,260.0,True,SOFT,3.0,True,Cadillac,3496.543,2026-06-07 13:06:08.802,1,14.0,False,,False,True
3677.088,PER,11,100.066,4.0,1.0,,3650.721,21.416,37.433,41.217,3598.441,3635.874,3677.091,178.0,180.0,,260.0,False,SOFT,4.0,True,Cadillac,3577.022,2026-06-07 13:07:29.281,1,16.0,False,,False,False
3759.12,PER,11,82.032,5.0,2.0,3677.862,,23.857,37.316,20.859,3700.948,3738.264,3759.123,183.0,180.0,254.0,256.0,False,MEDIUM,1.0,True,Cadillac,3677.088,2026-06-07 13:09:09.347,1,16.0,False,,False,False
3838.644,PER,11,79.524,6.0,2.0,,,21.108,37.669,20.747,3780.231,3817.9,3838.647,173.0,186.0,254.0,257.0,True,MEDIUM,2.0,True,Cadillac,3759.12,2026-06-07 13:10:31.379,1,16.0,False,,False,True
3916.534,PER,11,77.89,7.0,2.0,,,20.694,36.464,20.732,3859.341,3895.805,3916.537,192.0,185.0,254.0,258.0,True,MEDIUM,3.0,True,Cadillac,3838.644,2026-06-07 13:11:50.903,1,16.0,False,,False,True
3995.228,PER,11,78.694,8.0,2.0,,,20.734,37.034,20.926,3937.271,3974.305,3995.231,192.0,183.0,253.0,258.0,False,MEDIUM,4.0,True,Cadillac,3916.534,2026-06-07 13:13:08.793,1,16.0,False,,False,True
4086.731,PER,11,91.503,9.0,2.0,,4067.749,20.836,36.978,33.689,4016.067,4053.045,4086.734,189.0,185.0,,258.0,False,MEDIUM,5.0,True,Cadillac,3995.228,2026-06-07 13:14:27.487,1,18.0,False,,False,False
4168.935,PER,11,82.204,10.0,3.0,4087.53,,23.706,37.421,21.077,4110.44,4147.861,4168.938,187.0,181.0,254.0,256.0,False,MEDIUM,6.0,False,Cadillac,4086.731,2026-06-07 13:15:58.990,1,18.0,False,,False,False
4247.671,PER,11,78.736,11.0,3.0,,,20.753,37.037,20.946,4189.691,4226.728,4247.674,191.0,183.0,245.0,257.0,False,MEDIUM,7.0,False,Cadillac,4168.935,2026-06-07 13:17:21.194,1,18.0,False,,False,True
4329.32,PER,11,81.649,12.0,3.0,,,23.13,37.183,21.336,4270.804,4307.987,4329.323,176.0,184.0,194.0,258.0,False,MEDIUM,8.0,False,Cadillac,4247.671,2026-06-07 13:18:39.930,1,18.0,False,,False,True
4409.543,PER,11,80.223,13.0,3.0,,,22.242,37.047,20.934,4351.565,4388.612,4409.546,188.0,182.0,254.0,258.0,False,MEDIUM,9.0,False,Cadillac,4329.32,2026-06-07 13:20:01.579,1,18.0,False,,False,True
4488.053,PER,11,78.51,14.0,3.0,,,20.78,36.748,20.982,4430.326,4467.074,4488.056,190.0,184.0,225.0,259.0,False,MEDIUM,10.0,False,Cadillac,4409.543,2026-06-07 13:21:21.802,1,18.0,False,,False,True
4568.864,PER,11,80.811,15.0,3.0,,,22.651,37.177,20.983,4510.707,4547.884,4568.867,186.0,182.0,254.0,259.0,False,MEDIUM,11.0,False,Cadillac,4488.053,2026-06-07 13:22:40.312,1,18.0,False,,False,True
4647.442,PER,11,78.578,16.0,3.0,,,20.695,36.894,20.989,4589.562,4626.456,4647.445,194.0,184.0,255.0,259.0,False,MEDIUM,12.0,False,Cadillac,4568.864,2026-06-07 13:24:01.123,1,18.0,False,,False,True
4726.571,PER,11,79.129,17.0,3.0,,,20.757,37.371,21.001,4668.202,4705.573,4726.574,186.0,182.0,250.0,257.0,False,MEDIUM,13.0,False,Cadillac,4647.442,2026-06-07 13:25:19.701,1,18.0,False,,False,True
4805.271,PER,11,78.7,18.0,3.0,,,20.79,37.049,20.861,4747.364,4784.413,4805.274,188.0,185.0,255.0,259.0,False,MEDIUM,14.0,False,Cadillac,4726.571,2026-06-07 13:26:38.830,1,18.0,False,,False,True
4884.178,PER,11,78.907,19.0,3.0,,,20.837,37.062,21.008,4826.111,4863.173,4884.181,187.0,184.0,255.0,259.0,False,MEDIUM,15.0,False,Cadillac,4805.271,2026-06-07 13:27:57.530,1,18.0,False,,False,True
4963.108,PER,11,78.93,20.0,3.0,,,20.95,36.998,20.982,4905.131,4942.129,4963.111,190.0,185.0,255.0,260.0,False,MEDIUM,16.0,False,Cadillac,4884.178,2026-06-07 13:29:16.437,1,18.0,False,,False,True
5042.199,PER,11,79.091,21.0,3.0,,,20.88,37.14,21.071,4983.991,5021.131,5042.202,186.0,184.0,260.0,260.0,False,MEDIUM,17.0,False,Cadillac,4963.108,2026-06-07 13:30:35.367,1,18.0,False,,False,True
5122.758,PER,11,80.559,22.0,3.0,,,22.077,37.413,21.069,5064.279,5101.692,5122.761,189.0,182.0,254.0,254.0,False,MEDIUM,18.0,False,Cadillac,5042.199,2026-06-07 13:31:54.458,1,18.0,False,,False,True
5202.258,PER,11,79.5,23.0,3.0,,,21.019,37.377,21.104,5143.78,5181.157,5202.261,187.0,182.0,254.0,256.0,False,MEDIUM,19.0,False,Cadillac,5122.758,2026-06-07 13:33:15.017,1,18.0,False,,False,True
5281.583,PER,11,79.325,24.0,3.0,,,21.064,37.229,21.032,5223.325,5260.554,5281.586,189.0,183.0,254.0,254.0,False,MEDIUM,20.0,False,Cadillac,5202.258,2026-06-07 13:34:34.517,1,18.0,False,,False,True
5361.121,PER,11,79.538,25.0,3.0,,,21.01,37.417,21.111,5302.596,5340.013,5361.124,191.0,182.0,255.0,253.0,False,MEDIUM,21.0,False,Cadillac,5281.583,2026-06-07 13:35:53.842,1,18.0,False,,False,True
5439.819,PER,11,78.698,26.0,3.0,,,20.777,37.061,20.86,5381.901,5418.962,5439.822,190.0,182.0,255.0,258.0,False,MEDIUM,22.0,False,Cadillac,5361.121,2026-06-07 13:37:13.380,1,18.0,False,,False,True
5518.589,PER,11,78.77,27.0,3.0,,,20.744,37.091,20.935,5460.566,5497.657,5518.592,190.0,183.0,255.0,258.0,False,MEDIUM,23.0,False,Cadillac,5439.819,2026-06-07 13:38:32.078,1,18.0,False,,False,True
5597.437,PER,11,78.848,28.0,3.0,,,20.791,37.151,20.906,5539.383,5576.534,5597.44,187.0,182.0,255.0,258.0,False,MEDIUM,24.0,False,Cadillac,5518.589,2026-06-07 13:39:50.848,1,18.0,False,,False,True
5676.309,PER,11,78.872,29.0,3.0,,,20.808,37.099,20.965,5618.248,5655.347,5676.312,190.0,183.0,255.0,259.0,False,MEDIUM,25.0,False,Cadillac,5597.437,2026-06-07 13:41:09.696,1,18.0,False,,False,True
5755.212,PER,11,78.903,30.0,3.0,,,20.714,37.153,21.036,5697.026,5734.179,5755.215,188.0,184.0,254.0,259.0,False,MEDIUM,26.0,False,Cadillac,5676.309,2026-06-07 13:42:28.568,1,18.0,False,,False,True
5834.55,PER,11,79.338,31.0,3.0,,,20.851,37.357,21.13,5776.066,5813.423,5834.553,190.0,184.0,256.0,252.0,False,MEDIUM,27.0,False,Cadillac,5755.212,2026-06-07 13:43:47.471,1,18.0,False,,False,True
5914.206,PER,11,79.656,32.0,3.0,,,20.883,37.54,21.233,5855.436,5892.976,5914.209,192.0,181.0,251.0,257.0,False,MEDIUM,28.0,False,Cadillac,5834.55,2026-06-07 13:45:06.809,1,18.0,False,,False,True
5994.123,PER,11,79.917,33.0,3.0,,,21.203,37.523,21.191,5935.412,5972.935,5994.126,181.0,181.0,255.0,257.0,False,MEDIUM,29.0,False,Cadillac,5914.206,2026-06-07 13:46:26.465,1,18.0,False,,False,True
6074.104,PER,11,79.981,34.0,3.0,,,20.947,37.464,21.57,6015.073,6052.537,6074.107,190.0,183.0,204.0,257.0,False,MEDIUM,30.0,False,Cadillac,5994.123,2026-06-07 13:47:46.382,1,18.0,False,,False,True
6155.58,PER,11,81.476,35.0,3.0,,,23.064,36.89,21.522,6097.171,6134.061,6155.583,188.0,175.0,255.0,259.0,False,MEDIUM,31.0,False,Cadillac,6074.104,2026-06-07 13:49:06.363,1,18.0,True,TRACK LIMITS AT TURN 10 LAP 35 ,False,True
6235.331,PER,11,79.751,36.0,3.0,,,21.124,37.422,21.205,6176.707,6214.129,6235.334,190.0,180.0,256.0,259.0,False,MEDIUM,32.0,False,Cadillac,6155.58,2026-06-07 13:50:27.839,1,18.0,False,,False,True
6315.13,PER,11,79.799,37.0,3.0,,,21.065,37.443,21.291,6256.399,6293.842,6315.133,188.0,183.0,254.0,258.0,False,MEDIUM,33.0,False,Cadillac,6235.331,2026-06-07 13:51:47.590,1,18.0,False,,False,True
6394.5,PER,11,79.37,38.0,3.0,,,21.08,37.219,21.071,6336.213,6373.432,6394.503,189.0,183.0,255.0,258.0,False,MEDIUM,34.0,False,Cadillac,6315.13,2026-06-07 13:53:07.389,1,18.0,False,,False,True
6476.187,PER,11,81.687,39.0,3.0,,,21.168,37.781,22.738,6415.671,6453.452,6476.19,186.0,177.0,205.0,257.0,False,MEDIUM,35.0,False,Cadillac,6394.5,2026-06-07 13:54:26.759,1,18.0,False,,False,True
6558.517,PER,11,82.33,40.0,3.0,,,22.881,38.076,21.373,6499.071,6537.147,6558.52,173.0,181.0,254.0,258.0,False,MEDIUM,36.0,False,Cadillac,6476.187,2026-06-07 13:55:48.446,1,18.0,False,,False,True
6639.356,PER,11,80.839,41.0,3.0,,,21.447,37.701,21.691,6579.967,6617.668,6639.359,182.0,180.0,251.0,259.0,False,MEDIUM,37.0,False,Cadillac,6558.517,2026-06-07 13:57:10.776,1,18.0,False,,False,True
6721.45,PER,11,82.094,42.0,3.0,,,21.185,39.572,21.337,6660.544,6700.116,6721.453,180.0,183.0,254.0,268.0,False,MEDIUM,38.0,False,Cadillac,6639.356,2026-06-07 13:58:31.615,1,18.0,False,,False,True
6802.489,PER,11,81.039,43.0,3.0,,,21.748,37.731,21.56,6743.201,6780.932,6802.492,189.0,183.0,255.0,269.0,False,MEDIUM,39.0,False,Cadillac,6721.45,2026-06-07 13:59:53.709,1,18.0,False,,False,True
6883.706,PER,11,81.217,44.0,3.0,,,21.955,38.015,21.247,6824.447,6862.462,6883.709,155.0,182.0,255.0,270.0,False,MEDIUM,40.0,False,Cadillac,6802.489,2026-06-07 14:01:14.748,1,18.0,False,,False,True
6963.273,PER,11,79.567,45.0,3.0,,,21.139,37.28,21.148,6904.848,6942.128,6963.276,190.0,183.0,255.0,269.0,False,MEDIUM,41.0,False,Cadillac,6883.706,2026-06-07 14:02:35.965,1,17.0,False,,False,True
7042.428,PER,11,79.155,46.0,3.0,,,20.727,37.216,21.212,6984.003,7021.219,7042.431,194.0,184.0,255.0,268.0,False,MEDIUM,42.0,False,Cadillac,6963.273,2026-06-07 14:03:55.532,1,17.0,False,,False,True
7121.46,PER,11,79.032,47.0,3.0,,,20.69,37.266,21.076,7063.121,7100.387,7121.463,196.0,178.0,255.0,267.0,False,MEDIUM,43.0,False,Cadillac,7042.428,2026-06-07 14:05:14.687,1,17.0,False,,False,True
7202.847,PER,11,81.387,48.0,3.0,,,21.621,38.358,21.408,7143.084,7181.442,7202.85,184.0,180.0,255.0,269.0,False,MEDIUM,44.0,False,Cadillac,7121.46,2026-06-07 14:06:33.719,1,17.0,False,,False,True
7283.764,PER,11,80.917,49.0,3.0,,,21.273,37.629,22.015,7224.123,7261.752,7283.767,184.0,182.0,199.0,270.0,False,MEDIUM,45.0,False,Cadillac,7202.847,2026-06-07 14:07:55.106,1,17.0,False,,False,True
7365.355,PER,11,81.591,50.0,3.0,,,21.994,37.708,21.889,7305.761,7343.469,7365.358,182.0,183.0,236.0,270.0,False,MEDIUM,46.0,False,Cadillac,7283.764,2026-06-07 14:09:16.023,1,17.0,False,,False,True
7448.296,PER,11,82.941,51.0,3.0,,,21.823,39.222,21.896,7387.181,7426.403,7448.299,184.0,162.0,255.0,269.0,False,MEDIUM,47.0,False,Cadillac,7365.355,2026-06-07 14:10:37.614,1,17.0,True,TRACK LIMITS AT TURN 10 LAP 51 ,False,True
7529.128,PER,11,80.832,52.0,3.0,,,21.418,37.858,21.556,7469.717,7507.575,7529.131,179.0,180.0,255.0,270.0,False,MEDIUM,48.0,False,Cadillac,7448.296,2026-06-07 14:12:00.555,1,17.0,False,,False,True
7609.961,PER,11,80.833,53.0,3.0,,,21.366,37.892,21.575,7550.497,7588.389,7609.964,193.0,182.0,255.0,270.0,False,MEDIUM,49.0,False,Cadillac,7529.128,2026-06-07 14:13:21.387,1,17.0,False,,False,True
7690.012,PER,11,80.051,54.0,3.0,,,21.028,37.604,21.419,7630.992,7668.596,7690.015,189.0,181.0,255.0,269.0,False,MEDIUM,50.0,False,Cadillac,7609.961,2026-06-07 14:14:42.220,1,17.0,False,,False,True
7771.875,PER,11,81.863,55.0,3.0,,,21.235,39.048,21.58,7711.25,7750.298,7771.878,186.0,172.0,254.0,268.0,False,MEDIUM,51.0,False,Cadillac,7690.012,2026-06-07 14:16:02.271,1,17.0,False,,False,True
7851.699,PER,11,79.824,56.0,3.0,,,21.055,37.619,21.15,7792.933,7830.552,7851.702,183.0,181.0,256.0,271.0,False,MEDIUM,52.0,False,Cadillac,7771.875,2026-06-07 14:17:24.134,1,17.0,False,,False,True
7932.754,PER,11,81.055,57.0,3.0,,,21.159,37.588,22.308,7872.861,7910.449,7932.757,187.0,178.0,221.0,269.0,False,MEDIUM,53.0,False,Cadillac,7851.699,2026-06-07 14:18:43.958,124,16.0,False,,False,False
8041.256,PER,11,108.502,58.0,3.0,,,31.009,46.948,30.545,7963.766,8010.714,8041.259,119.0,149.0,144.0,197.0,False,MEDIUM,54.0,False,Cadillac,7932.754,2026-06-07 14:20:05.013,4,16.0,False,,False,False
8158.447,PER,11,117.191,59.0,3.0,,8133.22,26.687,48.825,41.679,8067.946,8116.771,8158.45,137.0,167.0,,182.0,False,MEDIUM,55.0,False,Cadillac,8041.256,2026-06-07 14:21:53.515,4,16.0,False,,False,False
8254.037,PER,11,95.59,60.0,4.0,8159.123,,30.919,41.626,23.045,8189.369,8230.995,8254.04,146.0,176.0,249.0,255.0,False,SOFT,1.0,True,Cadillac,8158.447,2026-06-07 14:23:50.706,4,16.0,False,,False,False
8340.719,PER,11,86.682,61.0,4.0,,,21.613,40.781,24.288,8275.653,8316.434,8340.722,176.0,149.0,160.0,268.0,False,SOFT,2.0,True,Cadillac,8254.037,2026-06-07 14:25:26.296,4,16.0,False,,False,False
8432.38,PER,11,91.661,62.0,4.0,,,29.163,39.909,22.589,8369.885,8409.794,8432.383,150.0,177.0,248.0,258.0,False,SOFT,3.0,True,Cadillac,8340.719,2026-06-07 14:26:52.978,4,16.0,False,,False,False
8515.988,PER,11,83.608,63.0,4.0,,,21.65,38.694,23.264,8454.033,8492.727,8515.991,177.0,176.0,239.0,270.0,False,SOFT,4.0,True,Cadillac,8432.38,2026-06-07 14:28:24.639,4,16.0,False,,False,False
8597.243,PER,11,81.255,64.0,4.0,,,21.762,37.658,21.835,8537.753,8575.411,8597.246,176.0,187.0,254.0,273.0,False,SOFT,5.0,True,Cadillac,8515.988,2026-06-07 14:29:48.247,412,16.0,False,,False,False
8713.618,PER,11,116.375,65.0,4.0,,8690.586,27.859,47.764,40.752,8625.105,8672.869,8713.621,111.0,167.0,,184.0,False,SOFT,6.0,True,Cadillac,8597.243,2026-06-07 14:31:09.502,24,15.0,False,,False,False
8818.928,PER,11,105.31,66.0,5.0,8714.363,,28.467,49.438,27.405,8742.088,8791.526,8818.931,137.0,145.0,198.0,223.0,False,SOFT,7.0,False,Cadillac,8713.618,2026-06-07 14:33:05.877,4,15.0,False,,False,False
10952.299,PER,11,,67.0,5.0,,8926.028,28.699,51.477,,8847.775,8899.325,,92.0,136.0,,158.0,False,SOFT,8.0,False,Cadillac,8818.928,2026-06-07 14:34:51.187,451,15.0,False,,False,False
11101.455,PER,11,149.156,68.0,6.0,10952.953,11036.288,27.518,39.855,81.783,10979.82,11019.675,11101.458,144.0,179.0,,266.0,False,SOFT,7.0,False,Cadillac,10952.299,2026-06-07 15:10:24.558,14,15.0,False,,False,False
11189.242,PER,11,87.787,69.0,7.0,11102.289,,25.787,39.236,22.764,11127.245,11166.481,11189.245,172.0,176.0,249.0,268.0,False,SOFT,1.0,False,Cadillac,11101.455,2026-06-07 15:12:53.714,4,15.0,False,,False,False
11333.767,PER,11,144.525,70.0,7.0,,,22.652,48.534,73.339,11211.897,11260.431,11333.77,136.0,173.0,172.0,247.0,False,SOFT,2.0,False,Cadillac,11189.242,2026-06-07 15:14:21.501,41,15.0,False,,False,False
11423.701,PER,11,89.934,71.0,7.0,,,26.615,41.748,21.571,11360.385,11402.133,11423.704,153.0,176.0,263.0,272.0,False,SOFT,3.0,False,Cadillac,11333.767,2026-06-07 15:16:46.026,12,12.0,False,,False,True
11504.667,PER,11,80.966,72.0,7.0,,,21.547,37.777,21.642,11445.251,11483.028,11504.67,180.0,182.0,262.0,271.0,False,SOFT,4.0,False,Cadillac,11423.701,2026-06-07 15:18:15.960,1,12.0,False,,False,True
11584.524,PER,11,79.857,73.0,7.0,,,21.261,37.692,20.904,11525.931,11563.623,11584.527,169.0,184.0,257.0,269.0,False,SOFT,5.0,False,Cadillac,11504.667,2026-06-07 15:19:36.926,1,11.0,False,,False,True
11662.042,PER,11,77.518,74.0,7.0,,,20.624,36.348,20.546,11605.151,11641.499,11662.045,197.0,185.0,258.0,274.0,True,SOFT,6.0,False,Cadillac,11584.524,2026-06-07 15:20:56.783,1,11.0,False,,False,True
11739.435,PER,11,77.393,75.0,7.0,,,20.506,36.227,20.66,11682.551,11718.778,11739.438,192.0,190.0,258.0,273.0,True,SOFT,7.0,False,Cadillac,11662.042,2026-06-07 15:22:14.301,1,11.0,False,,False,True
11816.552,PER,11,77.117,76.0,7.0,,,20.368,36.238,20.511,11759.806,11796.044,11816.555,193.0,190.0,258.0,273.0,True,SOFT,8.0,False,Cadillac,11739.435,2026-06-07 15:23:31.694,1,11.0,False,,False,True
11893.446,PER,11,76.894,77.0,7.0,,,20.343,36.097,20.454,11836.898,11872.995,11893.449,198.0,192.0,259.0,273.0,True,SOFT,9.0,False,Cadillac,11816.552,2026-06-07 15:24:48.811,1,11.0,False,,False,True
11970.337,PER,11,76.891,78.0,7.0,,,20.437,35.919,20.535,11913.886,11949.805,11970.34,195.0,190.0,258.0,273.0,True,SOFT,10.0,False,Cadillac,11893.446,2026-06-07 15:26:05.705,1,11.0,False,,False,True
3402.391,ANT,12,82.525,1.0,1.0,,,,36.931,20.513,,3382.008,3402.542,187.0,187.0,253.0,264.0,False,MEDIUM,1.0,True,Mercedes,3319.645,2026-06-07 13:03:11.904,12,1.0,False,,False,False
3480.044,ANT,12,77.653,2.0,1.0,,,20.656,36.552,20.445,3423.077,3459.629,3480.074,186.0,189.0,254.0,266.0,True,MEDIUM,2.0,True,Mercedes,3402.391,2026-06-07 13:04:34.650,1,1.0,False,,False,True
3557.04,ANT,12,76.996,3.0,1.0,,,20.513,36.153,20.33,3500.587,3536.74,3557.07,192.0,187.0,255.0,267.0,True,MEDIUM,3.0,True,Mercedes,3480.044,2026-06-07 13:05:52.303,1,1.0,False,,False,True
3634.088,ANT,12,77.048,4.0,1.0,,,20.453,36.316,20.279,3577.523,3613.839,3634.118,192.0,187.0,256.0,265.0,False,MEDIUM,4.0,True,Mercedes,3557.04,2026-06-07 13:07:09.299,1,1.0,False,,False,True
3710.749,ANT,12,76.661,5.0,1.0,,,20.276,36.097,20.288,3654.394,3690.491,3710.779,200.0,187.0,256.0,266.0,True,MEDIUM,5.0,True,Mercedes,3634.088,2026-06-07 13:08:26.347,1,1.0,False,,False,True
3787.472,ANT,12,76.723,6.0,1.0,,,20.404,36.093,20.226,3731.183,3767.276,3787.502,199.0,191.0,255.0,267.0,False,MEDIUM,6.0,True,Mercedes,3710.749,2026-06-07 13:09:43.008,1,1.0,False,,False,True
3863.522,ANT,12,76.05,7.0,1.0,,,20.206,35.689,20.155,3807.708,3843.397,3863.552,199.0,194.0,256.0,268.0,True,MEDIUM,7.0,True,Mercedes,3787.472,2026-06-07 13:10:59.731,1,1.0,False,,False,True
3939.806,ANT,12,76.284,8.0,1.0,,,20.16,35.918,20.206,3883.712,3919.63,3939.836,201.0,190.0,256.0,270.0,False,MEDIUM,8.0,True,Mercedes,3863.522,2026-06-07 13:12:15.781,1,1.0,False,,False,True
4016.104,ANT,12,76.298,9.0,1.0,,,20.182,35.817,20.299,3960.018,3995.835,4016.134,198.0,187.0,257.0,271.0,False,MEDIUM,9.0,True,Mercedes,3939.806,2026-06-07 13:13:32.065,1,1.0,False,,False,True
4093.171,ANT,12,77.067,10.0,1.0,,,20.281,36.205,20.581,4036.415,4072.62,4093.201,194.0,192.0,257.0,269.0,False,MEDIUM,10.0,True,Mercedes,4016.104,2026-06-07 13:14:48.363,1,1.0,False,,False,True
4171.394,ANT,12,78.223,11.0,1.0,,,20.921,36.878,20.424,4114.122,4151.0,4171.424,197.0,189.0,257.0,266.0,False,MEDIUM,11.0,True,Mercedes,4093.171,2026-06-07 13:16:05.430,1,1.0,False,,False,True
4248.824,ANT,12,77.43,12.0,1.0,,,20.399,36.363,20.668,4191.823,4228.186,4248.854,199.0,187.0,258.0,268.0,False,MEDIUM,12.0,True,Mercedes,4171.394,2026-06-07 13:17:23.653,1,1.0,False,,False,True
4326.137,ANT,12,77.313,13.0,1.0,,,20.52,36.343,20.45,4269.374,4305.717,4326.167,198.0,187.0,256.0,267.0,False,MEDIUM,13.0,True,Mercedes,4248.824,2026-06-07 13:18:41.083,1,1.0,False,,False,True
4403.359,ANT,12,77.222,14.0,1.0,,,20.361,36.359,20.502,4346.528,4382.887,4403.389,197.0,187.0,256.0,267.0,False,MEDIUM,14.0,True,Mercedes,4326.137,2026-06-07 13:19:58.396,1,1.0,False,,False,True
4480.552,ANT,12,77.193,15.0,1.0,,,20.295,36.307,20.591,4423.684,4459.991,4480.582,198.0,189.0,256.0,268.0,False,MEDIUM,15.0,True,Mercedes,4403.359,2026-06-07 13:21:15.618,1,1.0,False,,False,True
4557.792,ANT,12,77.24,16.0,1.0,,,20.462,36.362,20.416,4501.044,4537.406,4557.822,194.0,187.0,257.0,268.0,False,MEDIUM,16.0,True,Mercedes,4480.552,2026-06-07 13:22:32.811,1,1.0,False,,False,True
4634.842,ANT,12,77.05,17.0,1.0,,,20.373,36.251,20.426,4578.195,4614.446,4634.872,194.0,193.0,257.0,265.0,False,MEDIUM,17.0,True,Mercedes,4557.792,2026-06-07 13:23:50.051,1,1.0,False,,False,True
4711.644,ANT,12,76.802,18.0,1.0,,,20.296,36.153,20.353,4655.168,4691.321,4711.674,195.0,193.0,257.0,267.0,False,MEDIUM,18.0,True,Mercedes,4634.842,2026-06-07 13:25:07.101,1,1.0,False,,False,True
4787.705,ANT,12,76.061,19.0,1.0,,,19.961,35.816,20.284,4731.635,4767.451,4787.735,203.0,194.0,257.0,268.0,False,MEDIUM,19.0,True,Mercedes,4711.644,2026-06-07 13:26:23.903,1,1.0,False,,False,True
4864.173,ANT,12,76.468,20.0,1.0,,,20.117,35.949,20.402,4807.852,4843.801,4864.203,206.0,191.0,257.0,269.0,False,MEDIUM,20.0,True,Mercedes,4787.705,2026-06-07 13:27:39.964,1,1.0,False,,False,True
4940.823,ANT,12,76.65,21.0,1.0,,,20.262,35.998,20.39,4884.465,4920.463,4940.853,196.0,191.0,257.0,270.0,False,MEDIUM,21.0,True,Mercedes,4864.173,2026-06-07 13:28:56.432,1,1.0,False,,False,True
5017.192,ANT,12,76.369,22.0,1.0,,,20.058,36.024,20.287,4960.911,4996.935,5017.222,201.0,192.0,257.0,270.0,False,MEDIUM,22.0,True,Mercedes,4940.823,2026-06-07 13:30:13.082,1,1.0,False,,False,True
5093.73,ANT,12,76.538,23.0,1.0,,,20.104,35.997,20.437,5037.326,5073.323,5093.76,204.0,190.0,257.0,270.0,False,MEDIUM,23.0,True,Mercedes,5017.192,2026-06-07 13:31:29.451,1,1.0,False,,False,True
5170.399,ANT,12,76.669,24.0,1.0,,,20.102,36.033,20.534,5113.862,5149.895,5170.429,206.0,189.0,256.0,272.0,False,MEDIUM,24.0,True,Mercedes,5093.73,2026-06-07 13:32:45.989,1,1.0,False,,False,True
5247.287,ANT,12,76.888,25.0,1.0,,,20.209,36.186,20.493,5190.638,5226.824,5247.317,198.0,187.0,257.0,272.0,False,MEDIUM,25.0,True,Mercedes,5170.399,2026-06-07 13:34:02.658,1,1.0,False,,False,True
5324.251,ANT,12,76.964,26.0,1.0,,,20.234,36.206,20.524,5267.551,5303.757,5324.281,197.0,190.0,258.0,273.0,False,MEDIUM,26.0,True,Mercedes,5247.287,2026-06-07 13:35:19.546,1,1.0,False,,False,True
5401.541,ANT,12,77.29,27.0,1.0,,,20.42,36.431,20.439,5344.701,5381.132,5401.571,196.0,187.0,257.0,271.0,False,MEDIUM,27.0,True,Mercedes,5324.251,2026-06-07 13:36:36.510,1,1.0,False,,False,True
5478.185,ANT,12,76.644,28.0,1.0,,,20.016,36.217,20.411,5421.587,5457.804,5478.215,201.0,190.0,258.0,272.0,False,MEDIUM,28.0,True,Mercedes,5401.541,2026-06-07 13:37:53.800,1,1.0,False,,False,True
5555.142,ANT,12,76.957,29.0,1.0,,,20.152,36.273,20.532,5498.367,5534.64,5555.172,197.0,190.0,262.0,271.0,False,MEDIUM,29.0,True,Mercedes,5478.185,2026-06-07 13:39:10.444,1,1.0,False,,False,True
5631.98,ANT,12,76.838,30.0,1.0,,,20.193,36.139,20.506,5575.365,5611.504,5632.01,198.0,194.0,262.0,280.0,False,MEDIUM,30.0,True,Mercedes,5555.142,2026-06-07 13:40:27.401,1,1.0,False,,False,True
5708.597,ANT,12,76.617,31.0,1.0,,,19.869,36.379,20.369,5651.879,5688.258,5708.627,200.0,193.0,258.0,280.0,False,MEDIUM,31.0,True,Mercedes,5631.98,2026-06-07 13:41:44.239,1,1.0,False,,False,True
5785.385,ANT,12,76.788,32.0,1.0,,,20.027,36.174,20.587,5728.654,5764.828,5785.415,204.0,191.0,262.0,270.0,False,MEDIUM,32.0,True,Mercedes,5708.597,2026-06-07 13:43:00.856,1,1.0,False,,False,True
5862.247,ANT,12,76.862,33.0,1.0,,,20.051,36.396,20.415,5805.466,5841.862,5862.277,198.0,190.0,258.0,279.0,False,MEDIUM,33.0,True,Mercedes,5785.385,2026-06-07 13:44:17.644,1,1.0,True,TRACK LIMITS AT TURN 10 LAP 33 ,False,True
5939.448,ANT,12,77.201,34.0,1.0,,,20.075,36.549,20.577,5882.352,5918.901,5939.478,201.0,191.0,262.0,271.0,False,MEDIUM,34.0,True,Mercedes,5862.247,2026-06-07 13:45:34.506,1,1.0,False,,False,True
6015.639,ANT,12,76.191,35.0,1.0,,,19.933,35.922,20.336,5959.411,5995.333,6015.669,204.0,193.0,257.0,279.0,False,MEDIUM,35.0,True,Mercedes,5939.448,2026-06-07 13:46:51.707,1,1.0,False,,False,True
6091.995,ANT,12,76.356,36.0,1.0,,,20.019,36.076,20.261,6035.688,6071.764,6092.025,203.0,192.0,258.0,271.0,False,MEDIUM,36.0,True,Mercedes,6015.639,2026-06-07 13:48:07.898,1,1.0,False,,False,True
6185.59,ANT,12,93.595,37.0,1.0,,6162.25,20.039,36.09,37.466,6112.064,6148.154,6185.62,202.0,193.0,,272.0,False,MEDIUM,37.0,True,Mercedes,6091.995,2026-06-07 13:49:24.254,1,1.0,False,,False,False
6267.804,ANT,12,82.214,38.0,2.0,6186.328,,24.422,37.245,20.547,6210.042,6247.287,6267.834,187.0,185.0,257.0,268.0,False,HARD,1.0,True,Mercedes,6185.59,2026-06-07 13:50:57.849,1,1.0,False,,False,False
6344.61,ANT,12,76.806,39.0,2.0,,,20.281,36.119,20.406,6288.115,6324.234,6344.64,197.0,188.0,258.0,269.0,False,HARD,2.0,True,Mercedes,6267.804,2026-06-07 13:52:20.063,1,1.0,False,,False,True
6421.367,ANT,12,76.757,40.0,2.0,,,20.387,36.0,20.37,6365.027,6401.027,6421.397,203.0,190.0,257.0,268.0,False,HARD,3.0,True,Mercedes,6344.61,2026-06-07 13:53:36.869,1,1.0,False,,False,True
6497.433,ANT,12,76.066,41.0,2.0,,,20.033,35.827,20.206,6441.43,6477.257,6497.463,202.0,192.0,258.0,269.0,False,HARD,4.0,True,Mercedes,6421.367,2026-06-07 13:54:53.626,1,1.0,False,,False,True
6573.775,ANT,12,76.342,42.0,2.0,,,20.019,35.902,20.421,6517.482,6553.384,6573.805,206.0,190.0,258.0,270.0,False,HARD,5.0,True,Mercedes,6497.433,2026-06-07 13:56:09.692,1,1.0,False,,False,True
6650.846,ANT,12,77.071,43.0,2.0,,,20.141,36.343,20.587,6593.946,6630.289,6650.876,201.0,189.0,258.0,270.0,False,HARD,6.0,True,Mercedes,6573.775,2026-06-07 13:57:26.034,1,1.0,False,,False,True
6726.562,ANT,12,75.716,44.0,2.0,,,19.841,35.731,20.144,6670.717,6706.448,6726.592,208.0,195.0,258.0,271.0,True,HARD,7.0,True,Mercedes,6650.846,2026-06-07 13:58:43.105,1,1.0,False,,False,True
6803.665,ANT,12,77.103,45.0,2.0,,,20.114,36.082,20.907,6746.706,6782.788,6803.695,199.0,186.0,263.0,273.0,False,HARD,8.0,True,Mercedes,6726.562,2026-06-07 13:59:58.821,1,1.0,False,,False,True
6880.641,ANT,12,76.976,46.0,2.0,,,20.44,36.043,20.493,6824.135,6860.178,6880.671,199.0,189.0,257.0,278.0,False,HARD,9.0,True,Mercedes,6803.665,2026-06-07 14:01:15.924,1,1.0,False,,False,True
6956.213,ANT,12,75.572,47.0,2.0,,,19.879,35.623,20.07,6900.55,6936.173,6956.243,203.0,195.0,258.0,271.0,True,HARD,10.0,True,Mercedes,6880.641,2026-06-07 14:02:32.900,1,1.0,False,,False,True
7032.46,ANT,12,76.247,48.0,2.0,,,19.898,36.023,20.326,6976.141,7012.164,7032.49,199.0,190.0,258.0,271.0,False,HARD,11.0,True,Mercedes,6956.213,2026-06-07 14:03:48.472,1,1.0,False,,False,True
7108.587,ANT,12,76.127,49.0,2.0,,,19.944,36.061,20.122,7052.434,7088.495,7108.617,200.0,189.0,259.0,274.0,False,HARD,12.0,True,Mercedes,7032.46,2026-06-07 14:05:04.719,1,1.0,False,,False,True
7185.445,ANT,12,76.858,50.0,2.0,,,20.004,36.654,20.2,7128.621,7165.275,7185.475,200.0,190.0,258.0,274.0,False,HARD,13.0,True,Mercedes,7108.587,2026-06-07 14:06:20.846,1,1.0,False,,False,True
7261.382,ANT,12,75.937,51.0,2.0,,,19.854,35.537,20.546,7205.329,7240.866,7261.412,207.0,193.0,264.0,274.0,False,HARD,14.0,True,Mercedes,7185.445,2026-06-07 14:07:37.704,1,1.0,False,,False,True
7337.6,ANT,12,76.218,52.0,2.0,,,19.82,35.871,20.527,7281.232,7317.103,7337.63,202.0,192.0,263.0,283.0,False,HARD,15.0,True,Mercedes,7261.382,2026-06-07 14:08:53.641,1,1.0,False,,False,True
7414.337,ANT,12,76.737,53.0,2.0,,,20.226,36.419,20.092,7357.856,7394.275,7414.367,182.0,192.0,259.0,277.0,False,HARD,16.0,True,Mercedes,7337.6,2026-06-07 14:10:09.859,1,1.0,False,,False,True
7490.226,ANT,12,75.889,54.0,2.0,,,19.841,35.782,20.266,7434.208,7469.99,7490.256,201.0,187.0,258.0,272.0,False,HARD,17.0,True,Mercedes,7414.337,2026-06-07 14:11:26.596,1,1.0,False,,False,True
7565.216,ANT,12,74.99,55.0,2.0,,,19.72,35.395,19.875,7509.976,7545.371,7565.246,205.0,194.0,258.0,270.0,True,HARD,18.0,True,Mercedes,7490.226,2026-06-07 14:12:42.485,1,1.0,False,,False,True
7640.518,ANT,12,75.302,56.0,2.0,,,19.841,35.461,20.0,7585.087,7620.548,7640.548,204.0,195.0,258.0,270.0,False,HARD,19.0,True,Mercedes,7565.216,2026-06-07 14:13:57.475,1,1.0,False,,False,True
7715.656,ANT,12,75.138,57.0,2.0,,,19.858,35.377,19.903,7660.406,7695.783,7715.686,206.0,196.0,258.0,268.0,False,HARD,20.0,True,Mercedes,7640.518,2026-06-07 14:15:12.777,1,1.0,False,,False,True
7791.468,ANT,12,75.812,58.0,2.0,,,19.925,35.676,20.211,7735.611,7771.287,7791.498,204.0,194.0,256.0,268.0,False,HARD,21.0,True,Mercedes,7715.656,2026-06-07 14:16:27.915,1,1.0,False,,False,True
7867.525,ANT,12,76.057,59.0,2.0,,,20.003,35.86,20.194,7811.501,7847.361,7867.555,204.0,190.0,258.0,269.0,False,HARD,22.0,True,Mercedes,7791.468,2026-06-07 14:17:43.727,1,1.0,False,,False,True
7949.997,ANT,12,82.472,60.0,2.0,,,19.871,35.677,26.924,7887.426,7923.103,7950.027,206.0,192.0,148.0,271.0,False,HARD,23.0,True,Mercedes,7867.525,2026-06-07 14:18:59.784,124,1.0,False,,False,False
8086.742,ANT,12,136.745,61.0,2.0,,8060.549,30.467,57.259,49.019,7980.494,8037.753,8086.772,139.0,106.0,,133.0,False,HARD,24.0,True,Mercedes,7949.997,2026-06-07 14:20:22.256,4,1.0,False,,False,False
8207.103,ANT,12,120.361,62.0,3.0,8087.516,,34.932,53.267,32.162,8121.704,8174.971,8207.133,126.0,98.0,145.0,157.0,False,SOFT,5.0,False,Mercedes,8086.742,2026-06-07 14:22:39.001,4,1.0,False,,False,False
8327.515,ANT,12,120.412,63.0,3.0,,,33.844,51.152,35.416,8240.977,8292.129,8327.545,143.0,146.0,104.0,163.0,False,SOFT,6.0,False,Mercedes,8207.103,2026-06-07 14:24:39.362,4,1.0,False,,False,False
8460.353,ANT,12,132.838,64.0,3.0,,,44.18,56.951,31.707,8371.725,8428.676,8460.383,120.0,144.0,158.0,152.0,False,SOFT,7.0,False,Mercedes,8327.515,2026-06-07 14:26:39.774,4,1.0,False,,False,False
8579.576,ANT,12,119.223,65.0,3.0,,,32.392,56.689,30.142,8492.775,8549.464,8579.606,147.0,64.0,251.0,164.0,False,SOFT,8.0,False,Mercedes,8460.353,2026-06-07 14:28:52.612,412,1.0,False,,False,False
8690.758,ANT,12,111.182,66.0,3.0,,8670.695,20.781,49.698,40.703,8600.387,8650.085,8690.788,191.0,122.0,,210.0,False,SOFT,9.0,False,Mercedes,8579.576,2026-06-07 14:30:51.835,24,1.0,False,,False,False
8796.24,ANT,12,105.482,67.0,4.0,8691.461,,27.893,49.277,28.312,8718.681,8767.958,8796.27,115.0,150.0,160.0,168.0,False,SOFT,10.0,False,Mercedes,8690.758,2026-06-07 14:32:43.017,4,1.0,False,,False,False
11059.06,ANT,12,,68.0,4.0,,8905.488,29.67,55.835,,8826.041,8881.947,,157.0,117.0,,132.0,False,SOFT,11.0,False,Mercedes,8796.24,2026-06-07 14:34:28.499,451,1.0,False,,False,False
11162.533,ANT,12,103.473,69.0,5.0,11059.751,,24.942,49.812,28.719,11084.032,11133.844,11162.563,178.0,105.0,188.0,151.0,False,SOFT,5.0,False,Mercedes,11059.06,2026-06-07 15:12:11.319,14,1.0,False,,False,False
11329.8,ANT,12,,70.0,5.0,,,29.94,48.839,88.532,11192.494,11241.304,11330.03,161.0,114.0,2.0,179.0,False,SOFT,6.0,False,Mercedes,11162.533,2026-06-07 15:13:54.792,41,1.0,False,,False,False
11410.071,ANT,12,80.271,71.0,5.0,,,23.269,36.623,20.379,11353.099,11389.722,11410.101,190.0,191.0,257.0,265.0,False,SOFT,7.0,False,Mercedes,11329.8,2026-06-07 15:16:42.059,12,1.0,False,,False,True
11485.808,ANT,12,75.737,72.0,5.0,,,20.096,35.611,20.03,11430.197,11465.808,11485.838,197.0,198.0,257.0,266.0,False,SOFT,8.0,False,Mercedes,11410.071,2026-06-07 15:18:02.330,1,1.0,False,,False,True
11560.393,ANT,12,74.585,73.0,5.0,,,19.715,35.103,19.767,11505.553,11540.656,11560.423,205.0,199.0,257.0,269.0,True,SOFT,9.0,False,Mercedes,11485.808,2026-06-07 15:19:18.067,1,1.0,False,,False,True
11634.351,ANT,12,73.958,74.0,5.0,,,19.573,34.721,19.664,11579.996,11614.717,11634.381,209.0,200.0,258.0,268.0,True,SOFT,10.0,False,Mercedes,11560.393,2026-06-07 15:20:32.652,1,1.0,False,,False,True
11708.359,ANT,12,74.008,75.0,5.0,,,19.626,34.73,19.652,11654.007,11688.737,11708.389,213.0,200.0,258.0,270.0,False,SOFT,11.0,False,Mercedes,11634.351,2026-06-07 15:21:46.610,1,1.0,False,,False,True
11781.84,ANT,12,73.481,76.0,5.0,,,19.379,34.566,19.536,11727.768,11762.334,11781.87,213.0,199.0,258.0,271.0,True,SOFT,12.0,False,Mercedes,11708.359,2026-06-07 15:23:00.618,1,1.0,False,,False,True
11855.568,ANT,12,73.728,77.0,5.0,,,19.403,34.699,19.626,11801.273,11835.972,11855.598,207.0,203.0,259.0,271.0,False,SOFT,13.0,False,Mercedes,11781.84,2026-06-07 15:24:14.099,1,1.0,False,,False,True
11931.182,ANT,12,75.614,78.0,5.0,,,19.722,35.243,20.649,11875.32,11910.563,11931.212,196.0,188.0,255.0,271.0,False,SOFT,14.0,False,Mercedes,11855.568,2026-06-07 15:25:27.827,1,1.0,False,,False,True
3417.131,ALO,14,97.265,1.0,1.0,,,,41.903,22.14,,3395.221,3417.261,164.0,171.0,253.0,259.0,False,MEDIUM,1.0,True,Aston Martin,3319.645,2026-06-07 13:03:11.904,12,17.0,False,,False,False
3499.474,ALO,14,82.343,2.0,1.0,,,22.096,38.491,21.756,3439.287,3477.778,3499.534,177.0,174.0,248.0,276.0,True,MEDIUM,2.0,True,Aston Martin,3417.131,2026-06-07 13:04:49.390,1,17.0,False,,False,True
3598.523,ALO,14,99.049,3.0,1.0,,3574.283,21.783,38.422,38.844,3521.317,3559.739,3598.583,186.0,176.0,,261.0,False,MEDIUM,3.0,True,Aston Martin,3499.474,2026-06-07 13:06:11.733,1,18.0,False,,False,False
3681.835,ALO,14,83.312,4.0,2.0,3599.362,,24.311,37.896,21.105,3622.894,3660.79,3681.895,180.0,181.0,249.0,264.0,False,SOFT,1.0,True,Aston Martin,3598.523,2026-06-07 13:07:50.782,1,18.0,False,,False,False
3762.161,ALO,14,80.326,5.0,2.0,,,21.289,37.813,21.224,3703.184,3740.997,3762.221,190.0,177.0,250.0,265.0,True,SOFT,2.0,True,Aston Martin,3681.835,2026-06-07 13:09:14.094,1,17.0,False,,False,True
3841.933,ALO,14,79.772,6.0,2.0,,,21.032,37.525,21.215,3783.253,3820.778,3841.993,190.0,178.0,250.0,265.0,True,SOFT,3.0,True,Aston Martin,3762.161,2026-06-07 13:10:34.420,1,17.0,False,,False,True
3921.093,ALO,14,79.16,7.0,2.0,,,20.833,37.326,21.001,3862.826,3900.152,3921.153,193.0,181.0,250.0,265.0,True,SOFT,4.0,True,Aston Martin,3841.933,2026-06-07 13:11:54.192,1,17.0,False,,False,True
4000.306,ALO,14,79.213,8.0,2.0,,,20.941,37.299,20.973,3942.094,3979.393,4000.366,192.0,180.0,250.0,265.0,False,SOFT,5.0,True,Aston Martin,3921.093,2026-06-07 13:13:13.352,1,17.0,False,,False,True
4079.737,ALO,14,79.431,9.0,2.0,,,20.85,37.4,21.181,4021.216,4058.616,4079.797,194.0,182.0,250.0,265.0,False,SOFT,6.0,True,Aston Martin,4000.306,2026-06-07 13:14:32.565,1,16.0,False,,False,True
4159.73,ALO,14,79.993,10.0,2.0,,,21.013,37.663,21.317,4100.81,4138.473,4159.79,193.0,180.0,250.0,265.0,False,SOFT,7.0,True,Aston Martin,4079.737,2026-06-07 13:15:51.996,1,16.0,False,,False,True
4239.325,ALO,14,79.595,11.0,2.0,,,20.944,37.632,21.019,4180.734,4218.366,4239.385,193.0,182.0,250.0,265.0,False,SOFT,8.0,True,Aston Martin,4159.73,2026-06-07 13:17:11.989,1,16.0,False,,False,True
4318.356,ALO,14,79.031,12.0,2.0,,,20.762,37.207,21.062,4260.147,4297.354,4318.416,195.0,183.0,250.0,265.0,True,SOFT,9.0,True,Aston Martin,4239.325,2026-06-07 13:18:31.584,1,16.0,False,,False,True
4397.388,ALO,14,79.032,13.0,2.0,,,20.802,37.128,21.102,4339.218,4376.346,4397.448,197.0,180.0,250.0,265.0,False,SOFT,10.0,True,Aston Martin,4318.356,2026-06-07 13:19:50.615,1,16.0,False,,False,True
4476.726,ALO,14,79.338,14.0,2.0,,,20.794,37.349,21.195,4418.242,4455.591,4476.786,195.0,179.0,250.0,265.0,False,SOFT,11.0,True,Aston Martin,4397.388,2026-06-07 13:21:09.647,1,16.0,False,,False,True
4556.141,ALO,14,79.415,15.0,2.0,,,20.838,37.394,21.183,4497.624,4535.018,4556.201,198.0,180.0,250.0,265.0,False,SOFT,12.0,True,Aston Martin,4476.726,2026-06-07 13:22:28.985,1,16.0,False,,False,True
4637.056,ALO,14,80.915,16.0,2.0,,,20.792,38.728,21.395,4576.993,4615.721,4637.116,191.0,178.0,250.0,227.0,False,SOFT,13.0,True,Aston Martin,4556.141,2026-06-07 13:23:48.400,1,16.0,False,,False,True
4718.576,ALO,14,81.52,17.0,2.0,,,22.633,37.87,21.017,4659.749,4697.619,4718.636,186.0,179.0,251.0,265.0,False,SOFT,14.0,True,Aston Martin,4637.056,2026-06-07 13:25:09.315,1,16.0,False,,False,True
4799.355,ALO,14,80.779,18.0,2.0,,,20.897,37.463,22.419,4739.533,4776.996,4799.415,195.0,179.0,251.0,266.0,False,SOFT,15.0,True,Aston Martin,4718.576,2026-06-07 13:26:30.835,1,16.0,False,,False,True
4879.291,ALO,14,79.936,19.0,2.0,,,21.2,37.546,21.19,4820.615,4858.161,4879.351,195.0,181.0,251.0,265.0,False,SOFT,16.0,True,Aston Martin,4799.355,2026-06-07 13:27:51.614,1,16.0,False,,False,True
4958.578,ALO,14,79.287,20.0,2.0,,,20.76,37.485,21.042,4900.111,4937.596,4958.638,200.0,182.0,250.0,266.0,False,SOFT,17.0,True,Aston Martin,4879.291,2026-06-07 13:29:11.550,1,16.0,False,,False,True
5037.824,ALO,14,79.246,21.0,2.0,,,20.762,37.361,21.123,4979.4,5016.761,5037.884,198.0,182.0,250.0,265.0,False,SOFT,18.0,True,Aston Martin,4958.578,2026-06-07 13:30:30.837,1,16.0,False,,False,True
5116.993,ALO,14,79.169,22.0,2.0,,,20.816,37.288,21.065,5058.7,5095.988,5117.053,199.0,182.0,250.0,265.0,False,SOFT,19.0,True,Aston Martin,5037.824,2026-06-07 13:31:50.083,1,16.0,False,,False,True
5196.15,ALO,14,79.157,23.0,2.0,,,20.785,37.204,21.168,5137.838,5175.042,5196.21,195.0,183.0,250.0,265.0,False,SOFT,20.0,True,Aston Martin,5116.993,2026-06-07 13:33:09.252,1,16.0,False,,False,True
5275.222,ALO,14,79.072,24.0,2.0,,,20.71,37.302,21.06,5216.92,5254.222,5275.282,195.0,184.0,251.0,265.0,False,SOFT,21.0,True,Aston Martin,5196.15,2026-06-07 13:34:28.409,1,16.0,False,,False,True
5354.239,ALO,14,79.017,25.0,2.0,,,20.701,37.225,21.091,5295.983,5333.208,5354.299,196.0,182.0,251.0,265.0,True,SOFT,22.0,True,Aston Martin,5275.222,2026-06-07 13:35:47.481,1,16.0,False,,False,True
5433.12,ALO,14,78.881,26.0,2.0,,,20.724,37.267,20.89,5375.023,5412.29,5433.18,197.0,183.0,251.0,265.0,True,SOFT,23.0,True,Aston Martin,5354.239,2026-06-07 13:37:06.498,1,16.0,False,,False,True
5512.407,ALO,14,79.287,27.0,2.0,,,20.716,37.452,21.119,5453.896,5491.348,5512.467,199.0,182.0,251.0,265.0,False,SOFT,24.0,True,Aston Martin,5433.12,2026-06-07 13:38:25.379,1,16.0,False,,False,True
5591.579,ALO,14,79.172,28.0,2.0,,,20.827,37.29,21.055,5533.294,5570.584,5591.639,196.0,180.0,251.0,266.0,False,SOFT,25.0,True,Aston Martin,5512.407,2026-06-07 13:39:44.666,1,16.0,False,,False,True
5670.83,ALO,14,79.251,29.0,2.0,,,20.682,37.476,21.093,5612.321,5649.797,5670.89,200.0,182.0,252.0,265.0,False,SOFT,26.0,True,Aston Martin,5591.579,2026-06-07 13:41:03.838,1,16.0,False,,False,True
5750.06,ALO,14,79.23,30.0,2.0,,,20.715,37.498,21.017,5691.605,5729.103,5750.12,200.0,182.0,251.0,265.0,False,SOFT,27.0,True,Aston Martin,5670.83,2026-06-07 13:42:23.089,1,16.0,False,,False,True
5829.074,ALO,14,79.014,31.0,2.0,,,20.652,37.339,21.023,5770.772,5808.111,5829.134,198.0,183.0,251.0,265.0,False,SOFT,28.0,True,Aston Martin,5750.06,2026-06-07 13:43:42.319,1,16.0,False,,False,True
5907.872,ALO,14,78.798,32.0,2.0,,,20.571,37.302,20.925,5849.705,5887.007,5907.932,197.0,182.0,251.0,265.0,True,SOFT,29.0,True,Aston Martin,5829.074,2026-06-07 13:45:01.333,1,16.0,False,,False,True
5986.568,ALO,14,78.696,33.0,2.0,,,20.69,37.177,20.829,5928.622,5965.799,5986.628,202.0,186.0,252.0,265.0,True,SOFT,30.0,True,Aston Martin,5907.872,2026-06-07 13:46:20.131,1,16.0,False,,False,True
6065.322,ALO,14,78.754,34.0,2.0,,,20.614,37.209,20.931,6007.242,6044.451,6065.382,200.0,185.0,251.0,265.0,False,SOFT,31.0,True,Aston Martin,5986.568,2026-06-07 13:47:38.827,1,16.0,False,,False,True
6144.459,ALO,14,79.137,35.0,2.0,,,20.631,37.397,21.109,6086.013,6123.41,6144.519,197.0,183.0,251.0,266.0,False,SOFT,32.0,True,Aston Martin,6065.322,2026-06-07 13:48:57.581,1,16.0,False,,False,True
6223.37,ALO,14,78.911,36.0,2.0,,,20.694,37.281,20.936,6165.213,6202.494,6223.43,199.0,182.0,252.0,266.0,False,SOFT,33.0,True,Aston Martin,6144.459,2026-06-07 13:50:16.718,1,16.0,False,,False,True
6302.38,ALO,14,79.01,37.0,2.0,,,20.814,37.24,20.956,6244.244,6281.484,6302.44,196.0,183.0,252.0,266.0,False,SOFT,34.0,True,Aston Martin,6223.37,2026-06-07 13:51:35.629,1,16.0,False,,False,True
6381.278,ALO,14,78.898,38.0,2.0,,,20.738,37.236,20.924,6323.178,6360.414,6381.338,196.0,182.0,252.0,267.0,False,SOFT,35.0,True,Aston Martin,6302.38,2026-06-07 13:52:54.639,1,16.0,False,,False,True
6460.174,ALO,14,78.896,39.0,2.0,,,20.656,37.276,20.964,6401.994,6439.27,6460.234,196.0,184.0,251.0,266.0,False,SOFT,36.0,True,Aston Martin,6381.278,2026-06-07 13:54:13.537,1,16.0,False,,False,True
6539.194,ALO,14,79.02,40.0,2.0,,,20.774,37.345,20.901,6481.008,6518.353,6539.254,199.0,184.0,251.0,267.0,False,SOFT,37.0,True,Aston Martin,6460.174,2026-06-07 13:55:32.433,1,16.0,False,,False,True
6618.409,ALO,14,79.215,41.0,2.0,,,20.691,37.455,21.069,6559.945,6597.4,6618.469,199.0,182.0,252.0,267.0,False,SOFT,38.0,True,Aston Martin,6539.194,2026-06-07 13:56:51.453,1,16.0,False,,False,True
6697.823,ALO,14,79.414,42.0,2.0,,,20.963,37.385,21.066,6639.432,6676.817,6697.883,196.0,184.0,252.0,267.0,False,SOFT,39.0,True,Aston Martin,6618.409,2026-06-07 13:58:10.668,1,16.0,False,,False,True
6777.522,ALO,14,79.699,43.0,2.0,,,20.91,37.577,21.212,6718.793,6756.37,6777.582,197.0,182.0,252.0,267.0,False,SOFT,40.0,True,Aston Martin,6697.823,2026-06-07 13:59:30.082,1,16.0,False,,False,True
6857.14,ALO,14,79.618,44.0,2.0,,,20.859,37.534,21.225,6798.441,6835.975,6857.2,198.0,180.0,251.0,267.0,False,SOFT,41.0,True,Aston Martin,6777.522,2026-06-07 14:00:49.781,1,16.0,False,,False,True
6937.053,ALO,14,79.913,45.0,2.0,,,21.12,37.674,21.119,6878.32,6915.994,6937.113,193.0,182.0,251.0,267.0,False,SOFT,42.0,True,Aston Martin,6857.14,2026-06-07 14:02:09.399,1,15.0,False,,False,True
7017.197,ALO,14,80.144,46.0,2.0,,,20.936,38.01,21.198,6958.049,6996.059,7017.257,195.0,179.0,251.0,268.0,False,SOFT,43.0,True,Aston Martin,6937.053,2026-06-07 14:03:29.312,1,15.0,False,,False,True
7098.459,ALO,14,81.262,47.0,2.0,,,21.137,38.554,21.571,7038.394,7076.948,7098.519,194.0,180.0,252.0,266.0,False,SOFT,44.0,True,Aston Martin,7017.197,2026-06-07 14:04:49.456,1,15.0,False,,False,True
7179.509,ALO,14,81.05,48.0,2.0,,,21.436,38.244,21.37,7119.955,7158.199,7179.569,194.0,180.0,251.0,268.0,False,SOFT,45.0,True,Aston Martin,7098.459,2026-06-07 14:06:10.718,1,15.0,False,,False,True
7261.149,ALO,14,81.64,49.0,2.0,,,21.053,39.099,21.488,7200.622,7239.721,7261.209,194.0,179.0,218.0,263.0,False,SOFT,46.0,True,Aston Martin,7179.509,2026-06-07 14:07:31.768,1,15.0,False,,False,True
7342.073,ALO,14,80.924,50.0,2.0,,,22.04,37.82,21.064,7283.249,7321.069,7342.133,193.0,181.0,252.0,267.0,False,SOFT,47.0,True,Aston Martin,7261.149,2026-06-07 14:08:53.408,1,15.0,False,,False,True
7423.318,ALO,14,81.245,51.0,2.0,,,21.853,38.255,21.137,7363.986,7402.241,7423.378,109.0,183.0,252.0,269.0,False,SOFT,48.0,True,Aston Martin,7342.073,2026-06-07 14:10:14.332,1,15.0,False,,False,True
7502.846,ALO,14,79.528,52.0,2.0,,,20.884,37.487,21.157,7444.262,7481.749,7502.906,198.0,184.0,252.0,267.0,False,SOFT,49.0,True,Aston Martin,7423.318,2026-06-07 14:11:35.577,1,15.0,False,,False,True
7582.831,ALO,14,79.985,53.0,2.0,,,20.863,37.904,21.218,7523.769,7561.673,7582.891,198.0,180.0,253.0,268.0,False,SOFT,50.0,True,Aston Martin,7502.846,2026-06-07 14:12:55.105,1,15.0,False,,False,True
7662.551,ALO,14,79.72,54.0,2.0,,,20.873,37.976,20.871,7603.764,7641.74,7662.611,195.0,183.0,253.0,268.0,False,SOFT,51.0,True,Aston Martin,7582.831,2026-06-07 14:14:15.090,1,15.0,False,,False,True
7743.519,ALO,14,80.968,55.0,2.0,,,20.848,38.603,21.517,7683.459,7722.062,7743.579,196.0,177.0,220.0,267.0,False,SOFT,52.0,True,Aston Martin,7662.551,2026-06-07 14:15:34.810,1,15.0,True,TRACK LIMITS AT TURN 10 LAP 55 ,False,True
7825.985,ALO,14,82.466,56.0,2.0,,,22.193,38.885,21.388,7765.772,7804.657,7826.045,187.0,179.0,251.0,265.0,False,SOFT,53.0,True,Aston Martin,7743.519,2026-06-07 14:16:55.778,1,15.0,False,,False,True
7905.613,ALO,14,79.628,57.0,2.0,,,21.004,37.489,21.135,7847.049,7884.538,7905.673,197.0,184.0,252.0,268.0,False,SOFT,54.0,True,Aston Martin,7825.985,2026-06-07 14:18:18.244,1,15.0,False,,False,True
8020.897,ALO,14,115.284,58.0,2.0,,7995.246,20.985,50.913,43.386,7926.658,7977.571,8020.957,194.0,161.0,,221.0,False,SOFT,55.0,True,Aston Martin,7905.613,2026-06-07 14:19:37.872,124,15.0,False,,False,False
8134.21,ALO,14,113.313,59.0,3.0,8022.018,8114.967,27.175,49.541,36.597,8048.132,8097.673,8134.27,167.0,167.0,,190.0,False,SOFT,1.0,True,Aston Martin,8020.897,2026-06-07 14:21:33.156,4,15.0,False,,False,False
8226.586,ALO,14,92.376,60.0,4.0,8135.22,,31.544,38.787,22.045,8165.814,8204.601,8226.646,174.0,179.0,249.0,265.0,False,SOFT,2.0,False,Aston Martin,8134.21,2026-06-07 14:23:26.469,4,15.0,False,,False,False
8336.767,ALO,14,110.181,61.0,4.0,,,27.688,51.131,31.362,8254.334,8305.465,8336.827,106.0,165.0,110.0,197.0,False,SOFT,3.0,False,Aston Martin,8226.586,2026-06-07 14:24:58.845,4,15.0,False,,False,False
8430.454,ALO,14,93.687,62.0,4.0,,,28.525,43.409,21.753,8365.352,8408.761,8430.514,161.0,175.0,251.0,253.0,False,SOFT,4.0,False,Aston Martin,8336.767,2026-06-07 14:26:49.026,4,15.0,False,,False,False
8514.436,ALO,14,83.982,63.0,4.0,,,21.833,39.317,22.832,8452.347,8491.664,8514.496,180.0,177.0,252.0,269.0,False,SOFT,5.0,False,Aston Martin,8430.454,2026-06-07 14:28:22.713,4,15.0,False,,False,False
8596.558,ALO,14,82.122,64.0,4.0,,,21.862,38.29,21.97,8536.358,8574.648,8596.618,176.0,182.0,253.0,269.0,False,SOFT,6.0,False,Aston Martin,8514.436,2026-06-07 14:29:46.695,412,15.0,False,,False,False
8712.109,ALO,14,115.551,65.0,4.0,,8688.727,25.548,49.813,40.19,8622.166,8671.979,8712.169,172.0,160.0,,163.0,False,SOFT,7.0,False,Aston Martin,8596.558,2026-06-07 14:31:08.817,24,14.0,False,,False,False
8818.404,ALO,14,106.295,66.0,5.0,8712.876,,29.061,49.681,27.553,8741.23,8790.911,8818.464,138.0,152.0,184.0,234.0,False,SOFT,8.0,False,Aston Martin,8712.109,2026-06-07 14:33:04.368,4,14.0,False,,False,False
10948.674,ALO,14,,67.0,5.0,,8924.621,27.951,51.724,,8846.525,8898.199,,101.0,151.0,,153.0,False,SOFT,9.0,False,Aston Martin,8818.404,2026-06-07 14:34:50.663,451,14.0,False,,False,False
11098.911,ALO,14,,68.0,6.0,10949.297,11034.777,30.29,40.033,80.003,10978.985,11019.119,11099.203,156.0,178.0,,262.0,False,SOFT,9.0,False,Aston Martin,10948.674,2026-06-07 15:10:20.933,14,14.0,False,,False,False
11188.228,ALO,14,89.317,69.0,7.0,11099.733,,26.761,39.723,22.833,11125.732,11165.455,11188.288,176.0,180.0,250.0,265.0,False,SOFT,9.0,False,Aston Martin,11098.911,2026-06-07 15:12:51.170,4,14.0,False,,False,False
11333.521,ALO,14,145.293,70.0,7.0,,,23.077,48.134,74.082,11211.365,11259.499,11333.581,135.0,174.0,159.0,261.0,False,SOFT,10.0,False,Aston Martin,11188.228,2026-06-07 15:14:20.487,41,14.0,False,,False,False
11424.073,ALO,14,90.552,71.0,7.0,,,26.381,42.901,21.27,11359.962,11402.863,11424.133,159.0,178.0,258.0,268.0,False,SOFT,11.0,False,Aston Martin,11333.521,2026-06-07 15:16:45.780,12,13.0,False,,False,True
11504.971,ALO,14,80.898,72.0,7.0,,,21.498,37.869,21.531,11445.631,11483.5,11505.031,189.0,181.0,260.0,280.0,False,SOFT,12.0,False,Aston Martin,11424.073,2026-06-07 15:18:16.332,1,13.0,False,,False,True
11585.121,ALO,14,80.15,73.0,7.0,,,21.241,38.089,20.82,11526.272,11564.361,11585.181,178.0,182.0,259.0,280.0,False,SOFT,13.0,False,Aston Martin,11504.971,2026-06-07 15:19:37.230,1,12.0,False,,False,True
11663.422,ALO,14,78.301,74.0,7.0,,,20.822,36.766,20.713,11606.003,11642.769,11663.482,199.0,184.0,255.0,280.0,True,SOFT,14.0,False,Aston Martin,11585.121,2026-06-07 15:20:57.380,1,12.0,False,,False,True
11741.478,ALO,14,78.056,75.0,7.0,,,20.605,36.686,20.765,11684.087,11720.773,11741.538,200.0,184.0,254.0,271.0,True,SOFT,15.0,False,Aston Martin,11663.422,2026-06-07 15:22:15.681,1,12.0,False,,False,True
11818.754,ALO,14,77.276,76.0,7.0,,,20.463,36.348,20.465,11762.001,11798.349,11818.814,201.0,190.0,255.0,270.0,True,SOFT,16.0,False,Aston Martin,11741.478,2026-06-07 15:23:33.737,1,12.0,False,,False,True
11895.874,ALO,14,77.12,77.0,7.0,,,20.291,36.402,20.427,11839.105,11875.507,11895.934,204.0,187.0,255.0,271.0,True,SOFT,17.0,False,Aston Martin,11818.754,2026-06-07 15:24:51.013,1,12.0,False,,False,True
11973.014,ALO,14,77.14,78.0,7.0,,,20.342,36.359,20.439,11916.276,11952.635,11973.074,203.0,190.0,255.0,270.0,False,SOFT,18.0,False,Aston Martin,11895.874,2026-06-07 15:26:08.133,1,12.0,False,,False,True
3405.38,LEC,16,85.514,1.0,1.0,,,,37.54,21.112,,3384.339,3405.558,172.0,182.0,252.0,266.0,False,MEDIUM,1.0,True,Ferrari,3319.645,2026-06-07 13:03:11.904,12,3.0,False,,False,False
3483.933,LEC,16,78.553,2.0,1.0,,,20.968,36.826,20.759,3426.353,3463.179,3483.938,198.0,185.0,253.0,267.0,True,MEDIUM,2.0,True,Ferrari,3405.38,2026-06-07 13:04:37.639,1,3.0,False,,False,True
3561.726,LEC,16,77.793,3.0,1.0,,,20.756,36.413,20.624,3504.694,3541.107,3561.731,196.0,188.0,259.0,268.0,True,MEDIUM,3.0,True,Ferrari,3483.933,2026-06-07 13:05:56.192,1,3.0,False,,False,True
3639.196,LEC,16,77.47,4.0,1.0,,,20.57,36.318,20.582,3582.301,3618.619,3639.201,192.0,187.0,254.0,276.0,True,MEDIUM,4.0,True,Ferrari,3561.726,2026-06-07 13:07:13.985,1,3.0,False,,False,True
3716.851,LEC,16,77.655,5.0,1.0,,,20.468,36.6,20.587,3659.669,3696.269,3716.856,200.0,187.0,254.0,268.0,False,MEDIUM,5.0,True,Ferrari,3639.196,2026-06-07 13:08:31.455,1,3.0,False,,False,True
3794.591,LEC,16,77.74,6.0,1.0,,,20.553,36.65,20.537,3737.409,3774.059,3794.596,194.0,187.0,252.0,259.0,False,MEDIUM,6.0,True,Ferrari,3716.851,2026-06-07 13:09:49.110,1,3.0,False,,False,True
3871.929,LEC,16,77.338,7.0,1.0,,,20.563,36.32,20.455,3815.159,3851.479,3871.934,202.0,189.0,253.0,258.0,True,MEDIUM,7.0,True,Ferrari,3794.591,2026-06-07 13:11:06.850,1,3.0,False,,False,True
3948.838,LEC,16,76.909,8.0,1.0,,,20.338,36.157,20.414,3892.272,3928.429,3948.843,200.0,192.0,253.0,261.0,True,MEDIUM,8.0,True,Ferrari,3871.929,2026-06-07 13:12:24.188,1,3.0,False,,False,True
4026.026,LEC,16,77.188,9.0,1.0,,,20.312,36.319,20.557,3969.155,4005.474,4026.031,196.0,187.0,253.0,262.0,False,MEDIUM,9.0,True,Ferrari,3948.838,2026-06-07 13:13:41.097,1,3.0,False,,False,True
4102.866,LEC,16,76.84,10.0,1.0,,,20.384,36.055,20.401,4046.415,4082.47,4102.871,197.0,191.0,253.0,262.0,True,MEDIUM,10.0,True,Ferrari,4026.026,2026-06-07 13:14:58.285,1,3.0,False,,False,True
4179.879,LEC,16,77.013,11.0,1.0,,,20.358,36.128,20.527,4123.229,4159.357,4179.884,199.0,190.0,254.0,263.0,False,MEDIUM,11.0,True,Ferrari,4102.866,2026-06-07 13:16:15.125,1,3.0,False,,False,True
4257.439,LEC,16,77.56,12.0,1.0,,,20.392,36.347,20.821,4200.276,4236.623,4257.444,194.0,188.0,258.0,266.0,False,MEDIUM,12.0,True,Ferrari,4179.879,2026-06-07 13:17:32.138,1,3.0,False,,False,True
4334.52,LEC,16,77.081,13.0,1.0,,,20.342,36.193,20.546,4277.786,4313.979,4334.525,197.0,188.0,253.0,264.0,False,MEDIUM,13.0,True,Ferrari,4257.439,2026-06-07 13:18:49.698,1,3.0,False,,False,True
4411.676,LEC,16,77.156,14.0,1.0,,,20.349,36.229,20.578,4354.874,4391.103,4411.681,198.0,190.0,254.0,264.0,False,MEDIUM,14.0,True,Ferrari,4334.52,2026-06-07 13:20:06.779,1,3.0,False,,False,True
4488.989,LEC,16,77.313,15.0,1.0,,,20.421,36.302,20.59,4432.102,4468.404,4488.994,200.0,190.0,253.0,263.0,False,MEDIUM,15.0,True,Ferrari,4411.676,2026-06-07 13:21:23.935,1,3.0,False,,False,True
4566.004,LEC,16,77.015,16.0,1.0,,,20.288,36.131,20.596,4509.282,4545.413,4566.009,204.0,187.0,253.0,263.0,False,MEDIUM,16.0,True,Ferrari,4488.989,2026-06-07 13:22:41.248,1,3.0,False,,False,True
4643.692,LEC,16,77.688,17.0,1.0,,,20.346,36.388,20.954,4586.355,4622.743,4643.697,199.0,187.0,258.0,262.0,False,MEDIUM,17.0,True,Ferrari,4566.004,2026-06-07 13:23:58.263,1,3.0,False,,False,True
4721.055,LEC,16,77.363,18.0,1.0,,,20.423,36.44,20.5,4664.12,4700.56,4721.06,198.0,189.0,253.0,265.0,False,MEDIUM,18.0,True,Ferrari,4643.692,2026-06-07 13:25:15.951,1,3.0,False,,False,True
4798.753,LEC,16,77.698,19.0,1.0,,,20.389,36.527,20.782,4741.449,4777.976,4798.758,201.0,187.0,259.0,266.0,False,MEDIUM,19.0,True,Ferrari,4721.055,2026-06-07 13:26:33.314,1,3.0,False,,False,True
4875.972,LEC,16,77.219,20.0,1.0,,,20.352,36.266,20.601,4819.11,4855.376,4875.977,195.0,188.0,253.0,264.0,False,MEDIUM,20.0,True,Ferrari,4798.753,2026-06-07 13:27:51.012,1,3.0,False,,False,True
4952.853,LEC,16,76.881,21.0,1.0,,,20.199,36.283,20.399,4896.176,4932.459,4952.858,203.0,190.0,253.0,263.0,False,MEDIUM,21.0,True,Ferrari,4875.972,2026-06-07 13:29:08.231,1,3.0,False,,False,True
5029.824,LEC,16,76.971,22.0,1.0,,,20.252,36.199,20.52,4973.11,5009.309,5029.829,200.0,189.0,253.0,263.0,False,MEDIUM,22.0,True,Ferrari,4952.853,2026-06-07 13:30:25.112,1,3.0,False,,False,True
5107.708,LEC,16,77.884,23.0,1.0,,,20.195,36.961,20.728,5050.024,5086.985,5107.713,203.0,185.0,253.0,265.0,False,MEDIUM,23.0,True,Ferrari,5029.824,2026-06-07 13:31:42.083,1,3.0,True,TRACK LIMITS AT TURN 10 LAP 23 ,False,True
5184.663,LEC,16,76.955,24.0,1.0,,,20.243,36.226,20.486,5127.956,5164.182,5184.668,208.0,189.0,254.0,265.0,False,MEDIUM,24.0,True,Ferrari,5107.708,2026-06-07 13:32:59.967,1,3.0,False,,False,True
5261.646,LEC,16,76.983,25.0,1.0,,,20.291,36.264,20.428,5204.959,5241.223,5261.651,202.0,192.0,253.0,262.0,False,MEDIUM,25.0,True,Ferrari,5184.663,2026-06-07 13:34:16.922,1,3.0,False,,False,True
5338.667,LEC,16,77.021,26.0,1.0,,,20.252,36.372,20.397,5281.903,5318.275,5338.672,203.0,190.0,255.0,266.0,False,MEDIUM,26.0,True,Ferrari,5261.646,2026-06-07 13:35:33.905,1,3.0,False,,False,True
5415.835,LEC,16,77.168,27.0,1.0,,,20.271,36.377,20.52,5358.943,5395.32,5415.84,203.0,187.0,255.0,268.0,False,MEDIUM,27.0,True,Ferrari,5338.667,2026-06-07 13:36:50.926,1,3.0,False,,False,True
5493.407,LEC,16,77.572,28.0,1.0,,,20.26,36.507,20.805,5436.1,5472.607,5493.412,201.0,187.0,255.0,268.0,False,MEDIUM,28.0,True,Ferrari,5415.835,2026-06-07 13:38:08.094,1,2.0,False,,False,True
5570.595,LEC,16,77.188,29.0,1.0,,,20.306,36.305,20.577,5513.718,5550.023,5570.6,204.0,189.0,254.0,268.0,False,MEDIUM,29.0,True,Ferrari,5493.407,2026-06-07 13:39:25.666,1,2.0,False,,False,True
5647.665,LEC,16,77.07,30.0,1.0,,,20.267,36.292,20.511,5590.867,5627.159,5647.67,201.0,188.0,255.0,268.0,False,MEDIUM,30.0,True,Ferrari,5570.595,2026-06-07 13:40:42.854,1,2.0,False,,False,True
5725.244,LEC,16,77.579,31.0,1.0,,,20.361,36.563,20.655,5668.031,5704.594,5725.249,200.0,186.0,254.0,269.0,False,MEDIUM,31.0,True,Ferrari,5647.665,2026-06-07 13:41:59.924,1,2.0,False,,False,True
5803.163,LEC,16,77.919,32.0,1.0,,,20.432,36.844,20.643,5745.681,5782.525,5803.168,195.0,187.0,255.0,270.0,False,MEDIUM,32.0,True,Ferrari,5725.244,2026-06-07 13:43:17.503,1,2.0,False,,False,True
5880.829,LEC,16,77.666,33.0,1.0,,,20.453,36.632,20.581,5823.621,5860.253,5880.834,203.0,188.0,255.0,269.0,False,MEDIUM,33.0,True,Ferrari,5803.163,2026-06-07 13:44:35.422,1,2.0,False,,False,True
5958.736,LEC,16,77.907,34.0,1.0,,,20.644,36.651,20.612,5901.478,5938.129,5958.741,196.0,189.0,255.0,270.0,False,MEDIUM,34.0,True,Ferrari,5880.829,2026-06-07 13:45:53.088,1,2.0,False,,False,True
6055.236,LEC,16,96.5,35.0,1.0,,6030.549,20.678,36.922,38.9,5979.419,6016.341,6055.241,194.0,187.0,,271.0,False,MEDIUM,35.0,True,Ferrari,5958.736,2026-06-07 13:47:10.995,1,3.0,False,,False,False
6138.662,LEC,16,83.426,36.0,2.0,6055.996,,25.177,37.496,20.753,6080.418,6117.914,6138.667,179.0,180.0,253.0,268.0,False,HARD,1.0,True,Ferrari,6055.236,2026-06-07 13:48:47.495,1,3.0,False,,False,False
6216.314,LEC,16,77.652,37.0,2.0,,,20.58,36.701,20.371,6159.247,6195.948,6216.319,194.0,184.0,254.0,258.0,False,HARD,2.0,True,Ferrari,6138.662,2026-06-07 13:50:10.921,1,3.0,False,,False,True
6293.186,LEC,16,76.872,38.0,2.0,,,20.324,36.166,20.382,6236.643,6272.809,6293.191,196.0,187.0,254.0,257.0,False,HARD,3.0,True,Ferrari,6216.314,2026-06-07 13:51:28.573,1,3.0,False,,False,True
6369.755,LEC,16,76.569,39.0,2.0,,,20.175,36.023,20.371,6313.366,6349.389,6369.76,200.0,188.0,255.0,260.0,True,HARD,4.0,True,Ferrari,6293.186,2026-06-07 13:52:45.445,1,3.0,False,,False,True
6446.319,LEC,16,76.564,40.0,2.0,,,20.104,35.945,20.515,6389.864,6425.809,6446.324,204.0,186.0,254.0,271.0,True,HARD,5.0,True,Ferrari,6369.755,2026-06-07 13:54:02.014,1,3.0,False,,False,True
6524.191,LEC,16,77.872,41.0,2.0,,,20.324,36.536,21.012,6466.648,6503.184,6524.196,199.0,185.0,259.0,259.0,False,HARD,6.0,True,Ferrari,6446.319,2026-06-07 13:55:18.578,1,3.0,False,,False,True
6601.727,LEC,16,77.536,42.0,2.0,,,20.61,36.52,20.406,6544.806,6581.326,6601.732,199.0,189.0,254.0,258.0,False,HARD,7.0,True,Ferrari,6524.191,2026-06-07 13:56:36.450,1,3.0,False,,False,True
6678.301,LEC,16,76.574,43.0,2.0,,,20.235,36.092,20.247,6621.967,6658.059,6678.306,195.0,192.0,254.0,257.0,False,HARD,8.0,True,Ferrari,6601.727,2026-06-07 13:57:53.986,1,3.0,False,,False,True
6754.646,LEC,16,76.345,44.0,2.0,,,20.117,35.866,20.362,6698.423,6734.289,6754.651,194.0,191.0,254.0,258.0,True,HARD,9.0,True,Ferrari,6678.301,2026-06-07 13:59:10.560,1,3.0,False,,False,True
6831.184,LEC,16,76.538,45.0,2.0,,,20.096,36.1,20.342,6774.747,6810.847,6831.189,197.0,193.0,254.0,258.0,False,HARD,10.0,True,Ferrari,6754.646,2026-06-07 14:00:26.905,1,3.0,False,,False,True
6907.455,LEC,16,76.271,46.0,2.0,,,20.088,35.96,20.223,6851.277,6887.237,6907.46,202.0,190.0,255.0,258.0,True,HARD,11.0,True,Ferrari,6831.184,2026-06-07 14:01:43.443,1,3.0,False,,False,True
6983.492,LEC,16,76.037,47.0,2.0,,,20.058,35.827,20.152,6927.518,6963.345,6983.497,201.0,193.0,254.0,258.0,True,HARD,12.0,True,Ferrari,6907.455,2026-06-07 14:02:59.714,1,3.0,False,,False,True
7059.709,LEC,16,76.217,48.0,2.0,,,20.059,35.948,20.21,7003.556,7039.504,7059.714,202.0,192.0,255.0,260.0,False,HARD,13.0,True,Ferrari,6983.492,2026-06-07 14:04:15.751,1,3.0,False,,False,True
7135.904,LEC,16,76.195,49.0,2.0,,,20.069,35.913,20.213,7079.783,7115.696,7135.909,200.0,190.0,255.0,260.0,False,HARD,14.0,True,Ferrari,7059.709,2026-06-07 14:05:31.968,1,3.0,False,,False,True
7212.115,LEC,16,76.211,50.0,2.0,,,19.974,35.914,20.323,7155.883,7191.797,7212.12,203.0,191.0,255.0,260.0,False,HARD,15.0,True,Ferrari,7135.904,2026-06-07 14:06:48.163,1,3.0,False,,False,True
7288.589,LEC,16,76.474,51.0,2.0,,,20.006,36.085,20.383,7232.126,7268.211,7288.594,207.0,191.0,256.0,272.0,False,HARD,16.0,True,Ferrari,7212.115,2026-06-07 14:08:04.374,1,3.0,False,,False,True
7365.285,LEC,16,76.696,52.0,2.0,,,20.261,36.085,20.35,7308.855,7344.94,7365.29,202.0,192.0,255.0,262.0,False,HARD,17.0,True,Ferrari,7288.589,2026-06-07 14:09:20.848,1,3.0,False,,False,True
7441.249,LEC,16,75.964,53.0,2.0,,,19.934,35.864,20.166,7385.224,7421.088,7441.254,203.0,192.0,255.0,260.0,True,HARD,18.0,True,Ferrari,7365.285,2026-06-07 14:10:37.544,1,3.0,False,,False,True
7517.399,LEC,16,76.15,54.0,2.0,,,20.11,35.892,20.148,7461.364,7497.256,7517.404,205.0,191.0,256.0,259.0,False,HARD,19.0,True,Ferrari,7441.249,2026-06-07 14:11:53.508,1,3.0,False,,False,True
7593.455,LEC,16,76.056,55.0,2.0,,,19.968,35.951,20.137,7537.372,7573.323,7593.46,205.0,191.0,256.0,261.0,False,HARD,20.0,True,Ferrari,7517.399,2026-06-07 14:13:09.658,1,3.0,False,,False,True
7670.543,LEC,16,77.088,56.0,2.0,,,20.094,36.834,20.16,7613.554,7650.388,7670.548,200.0,192.0,256.0,265.0,False,HARD,21.0,True,Ferrari,7593.455,2026-06-07 14:14:25.714,1,3.0,False,,False,True
7746.936,LEC,16,76.393,57.0,2.0,,,20.118,35.9,20.375,7690.666,7726.566,7746.941,200.0,189.0,256.0,263.0,False,HARD,22.0,True,Ferrari,7670.543,2026-06-07 14:15:42.802,1,3.0,False,,False,True
7823.314,LEC,16,76.378,58.0,2.0,,,20.16,36.021,20.197,7767.101,7803.122,7823.319,202.0,191.0,257.0,266.0,False,HARD,23.0,True,Ferrari,7746.936,2026-06-07 14:16:59.195,1,3.0,False,,False,True
7899.79,LEC,16,76.476,59.0,2.0,,,20.119,36.12,20.237,7843.438,7879.558,7899.795,200.0,194.0,256.0,261.0,False,HARD,24.0,True,Ferrari,7823.314,2026-06-07 14:18:15.573,1,3.0,False,,False,True
8021.447,LEC,16,121.657,60.0,2.0,,7987.296,20.065,49.146,52.446,7919.86,7969.006,8021.452,203.0,157.0,,176.0,False,HARD,25.0,True,Ferrari,7899.79,2026-06-07 14:19:32.049,124,3.0,False,,False,False
8136.752,LEC,16,115.305,61.0,3.0,8022.19,8117.658,27.736,49.272,38.297,8049.188,8098.46,8136.757,161.0,149.0,,193.0,False,SOFT,5.0,False,Ferrari,8021.447,2026-06-07 14:21:33.706,4,3.0,False,,False,False
8231.422,LEC,16,94.67,62.0,4.0,8137.533,,30.777,41.764,22.129,8167.534,8209.298,8231.427,152.0,173.0,251.0,263.0,False,SOFT,6.0,False,Ferrari,8136.752,2026-06-07 14:23:29.011,4,3.0,False,,False,False
8338.272,LEC,16,106.85,63.0,4.0,,,24.204,50.646,32.0,8255.631,8306.277,8338.277,148.0,153.0,117.0,180.0,False,SOFT,7.0,False,Ferrari,8231.422,2026-06-07 14:25:03.681,4,3.0,False,,False,False
8462.715,LEC,16,124.443,64.0,4.0,,,35.547,57.888,31.008,8373.824,8431.712,8462.72,98.0,135.0,217.0,157.0,False,SOFT,8.0,False,Ferrari,8338.272,2026-06-07 14:26:50.531,4,3.0,False,,False,False
8834.713,LEC,16,,65.0,4.0,,,,,,,,,,,,,,SOFT,9.0,False,Ferrari,8462.715,2026-06-07 14:28:54.974,412,,False,,True,False
3419.063,STR,18,99.197,1.0,1.0,,,,42.992,22.142,,3397.058,3419.089,151.0,175.0,252.0,260.0,False,MEDIUM,1.0,True,Aston Martin,3319.645,2026-06-07 13:03:11.904,12,18.0,False,,False,False
3501.145,STR,18,82.082,2.0,1.0,,,21.701,38.678,21.703,3440.764,3479.442,3501.145,175.0,179.0,249.0,267.0,True,MEDIUM,2.0,True,Aston Martin,3419.063,2026-06-07 13:04:51.322,1,18.0,False,,False,True
3583.045,STR,18,81.9,3.0,1.0,,,21.738,38.502,21.66,3522.883,3561.385,3583.045,180.0,178.0,248.0,260.0,True,MEDIUM,3.0,True,Aston Martin,3501.145,2026-06-07 13:06:13.404,1,17.0,False,,False,True
3681.554,STR,18,98.509,4.0,1.0,,3657.503,21.459,38.057,38.993,3604.504,3642.561,3681.554,184.0,179.0,,263.0,False,MEDIUM,4.0,True,Aston Martin,3583.045,2026-06-07 13:07:35.304,1,17.0,False,,False,False
3765.572,STR,18,84.018,5.0,2.0,3682.362,,24.665,38.192,21.161,3706.219,3744.411,3765.572,174.0,184.0,248.0,260.0,False,SOFT,1.0,True,Aston Martin,3681.554,2026-06-07 13:09:13.813,1,18.0,False,,False,False
3845.327,STR,18,79.755,6.0,2.0,,,21.18,37.352,21.223,3786.752,3824.104,3845.327,191.0,182.0,249.0,262.0,True,SOFT,2.0,True,Aston Martin,3765.572,2026-06-07 13:10:37.831,1,18.0,False,,False,True
3924.929,STR,18,79.602,7.0,2.0,,,20.91,37.465,21.227,3866.237,3903.702,3924.929,192.0,182.0,249.0,264.0,True,SOFT,3.0,True,Aston Martin,3845.327,2026-06-07 13:11:57.586,1,18.0,False,,False,True
4004.105,STR,18,79.176,8.0,2.0,,,20.857,37.072,21.247,3945.786,3982.858,4004.105,197.0,183.0,249.0,264.0,True,SOFT,4.0,True,Aston Martin,3924.929,2026-06-07 13:13:17.188,1,18.0,False,,False,True
4083.249,STR,18,79.144,9.0,2.0,,,20.654,37.18,21.31,4024.759,4061.939,4083.249,196.0,184.0,250.0,265.0,True,SOFT,5.0,True,Aston Martin,4004.105,2026-06-07 13:14:36.364,1,17.0,False,,False,True
4162.563,STR,18,79.314,10.0,2.0,,,20.835,37.11,21.369,4104.084,4141.194,4162.563,195.0,182.0,250.0,265.0,False,SOFT,6.0,True,Aston Martin,4083.249,2026-06-07 13:15:55.508,1,17.0,False,,False,True
4242.106,STR,18,79.543,11.0,2.0,,,20.981,37.352,21.21,4183.544,4220.896,4242.106,192.0,181.0,250.0,263.0,False,SOFT,7.0,True,Aston Martin,4162.563,2026-06-07 13:17:14.822,1,17.0,False,,False,True
4321.544,STR,18,79.438,12.0,2.0,,,20.812,37.406,21.22,4262.918,4300.324,4321.544,192.0,182.0,250.0,264.0,False,SOFT,8.0,True,Aston Martin,4242.106,2026-06-07 13:18:34.365,1,17.0,False,,False,True
4400.684,STR,18,79.14,13.0,2.0,,,20.777,37.218,21.145,4342.321,4379.539,4400.684,196.0,183.0,250.0,265.0,True,SOFT,9.0,True,Aston Martin,4321.544,2026-06-07 13:19:53.803,1,17.0,False,,False,True
4481.584,STR,18,80.9,14.0,2.0,,,20.772,37.475,22.653,4421.456,4458.931,4481.584,190.0,180.0,254.0,265.0,False,SOFT,10.0,True,Aston Martin,4400.684,2026-06-07 13:21:12.943,1,17.0,False,,False,True
4563.205,STR,18,81.621,15.0,2.0,,,21.085,39.176,21.36,4502.669,4541.845,4563.205,195.0,180.0,250.0,272.0,False,SOFT,11.0,True,Aston Martin,4481.584,2026-06-07 13:22:33.843,1,17.0,False,,False,True
4644.646,STR,18,81.441,16.0,2.0,,,20.973,37.591,22.877,4584.178,4621.769,4644.646,193.0,180.0,249.0,265.0,False,SOFT,12.0,True,Aston Martin,4563.205,2026-06-07 13:23:55.464,1,17.0,False,,False,True
4724.257,STR,18,79.611,17.0,2.0,,,21.177,37.18,21.254,4665.823,4703.003,4724.257,196.0,178.0,250.0,265.0,False,SOFT,13.0,True,Aston Martin,4644.646,2026-06-07 13:25:16.905,1,17.0,True,TRACK LIMITS AT TURN 10 LAP 17 ,False,True
4803.588,STR,18,79.331,18.0,2.0,,,20.898,37.254,21.179,4745.155,4782.409,4803.588,199.0,182.0,251.0,265.0,False,SOFT,14.0,True,Aston Martin,4724.257,2026-06-07 13:26:36.516,1,17.0,False,,False,True
4882.834,STR,18,79.246,19.0,2.0,,,20.885,37.304,21.057,4824.473,4861.777,4882.834,194.0,182.0,250.0,265.0,False,SOFT,15.0,True,Aston Martin,4803.588,2026-06-07 13:27:55.847,1,17.0,False,,False,True
4961.981,STR,18,79.147,20.0,2.0,,,20.864,37.214,21.069,4903.698,4940.912,4961.981,198.0,182.0,250.0,265.0,False,SOFT,16.0,True,Aston Martin,4882.834,2026-06-07 13:29:15.093,1,17.0,False,,False,True
5041.314,STR,18,79.333,21.0,2.0,,,20.784,37.456,21.093,4982.765,5020.221,5041.314,195.0,183.0,250.0,265.0,False,SOFT,17.0,True,Aston Martin,4961.981,2026-06-07 13:30:34.240,1,17.0,False,,False,True
5120.71,STR,18,79.396,22.0,2.0,,,20.865,37.217,21.314,5062.179,5099.396,5120.71,196.0,183.0,250.0,265.0,False,SOFT,18.0,True,Aston Martin,5041.314,2026-06-07 13:31:53.573,1,17.0,False,,False,True
5200.181,STR,18,79.471,23.0,2.0,,,21.087,37.302,21.082,5141.797,5179.099,5200.181,197.0,183.0,250.0,265.0,False,SOFT,19.0,True,Aston Martin,5120.71,2026-06-07 13:33:12.969,1,17.0,False,,False,True
5279.227,STR,18,79.046,24.0,2.0,,,20.843,37.152,21.051,5221.024,5258.176,5279.227,197.0,182.0,251.0,265.0,True,SOFT,20.0,True,Aston Martin,5200.181,2026-06-07 13:34:32.440,1,17.0,False,,False,True
5358.1,STR,18,78.873,25.0,2.0,,,20.706,37.154,21.013,5299.933,5337.087,5358.1,200.0,182.0,250.0,265.0,True,SOFT,21.0,True,Aston Martin,5279.227,2026-06-07 13:35:51.486,1,17.0,False,,False,True
5437.343,STR,18,79.243,26.0,2.0,,,20.74,37.12,21.383,5378.84,5415.96,5437.343,201.0,183.0,250.0,265.0,False,SOFT,22.0,True,Aston Martin,5358.1,2026-06-07 13:37:10.359,1,17.0,False,,False,True
5516.553,STR,18,79.21,27.0,2.0,,,20.951,37.219,21.04,5458.294,5495.513,5516.553,201.0,182.0,251.0,265.0,False,SOFT,23.0,True,Aston Martin,5437.343,2026-06-07 13:38:29.602,1,17.0,False,,False,True
5595.731,STR,18,79.178,28.0,2.0,,,20.761,37.204,21.213,5537.314,5574.518,5595.731,199.0,182.0,251.0,265.0,False,SOFT,24.0,True,Aston Martin,5516.553,2026-06-07 13:39:48.812,1,17.0,False,,False,True
5674.699,STR,18,78.968,29.0,2.0,,,20.716,37.225,21.027,5616.447,5653.672,5674.699,200.0,183.0,252.0,265.0,False,SOFT,25.0,True,Aston Martin,5595.731,2026-06-07 13:41:07.990,1,17.0,False,,False,True
5753.744,STR,18,79.045,30.0,2.0,,,20.629,37.209,21.207,5695.328,5732.537,5753.744,201.0,184.0,250.0,265.0,False,SOFT,26.0,True,Aston Martin,5674.699,2026-06-07 13:42:26.958,1,17.0,False,,False,True
5832.71,STR,18,78.966,31.0,2.0,,,20.712,37.164,21.09,5774.456,5811.62,5832.71,198.0,186.0,253.0,265.0,False,SOFT,27.0,True,Aston Martin,5753.744,2026-06-07 13:43:46.003,1,17.0,False,,False,True
5911.762,STR,18,79.052,32.0,2.0,,,20.65,37.211,21.191,5853.36,5890.571,5911.762,198.0,184.0,250.0,265.0,False,SOFT,28.0,True,Aston Martin,5832.71,2026-06-07 13:45:04.969,1,17.0,False,,False,True
5990.981,STR,18,79.219,33.0,2.0,,,20.918,37.193,21.108,5932.68,5969.873,5990.981,201.0,184.0,251.0,265.0,False,SOFT,29.0,True,Aston Martin,5911.762,2026-06-07 13:46:24.021,1,17.0,False,,False,True
6069.931,STR,18,78.95,34.0,2.0,,,20.753,37.21,20.987,6011.734,6048.944,6069.931,195.0,185.0,251.0,265.0,False,SOFT,30.0,True,Aston Martin,5990.981,2026-06-07 13:47:43.240,1,17.0,False,,False,True
6149.03,STR,18,79.099,35.0,2.0,,,20.798,37.245,21.056,6090.729,6127.974,6149.03,198.0,183.0,251.0,265.0,False,SOFT,31.0,True,Aston Martin,6069.931,2026-06-07 13:49:02.190,1,17.0,False,,False,True
6227.875,STR,18,78.845,36.0,2.0,,,20.721,37.194,20.93,6169.751,6206.945,6227.875,202.0,184.0,252.0,266.0,True,SOFT,32.0,True,Aston Martin,6149.03,2026-06-07 13:50:21.289,1,17.0,False,,False,True
6306.883,STR,18,79.008,37.0,2.0,,,20.706,36.363,21.939,6248.581,6284.944,6306.883,201.0,153.0,251.0,266.0,False,SOFT,33.0,True,Aston Martin,6227.875,2026-06-07 13:51:40.134,1,17.0,True,TRACK LIMITS AT TURN 10 LAP 37 ,False,True
6386.075,STR,18,79.192,38.0,2.0,,,20.729,37.07,21.393,6327.612,6364.682,6386.075,199.0,180.0,252.0,266.0,False,SOFT,34.0,True,Aston Martin,6306.883,2026-06-07 13:52:59.142,1,17.0,True,TRACK LIMITS AT TURN 10 LAP 38 ,False,True
6465.311,STR,18,79.236,39.0,2.0,,,20.803,37.228,21.205,6406.878,6444.106,6465.311,198.0,184.0,251.0,266.0,False,SOFT,35.0,True,Aston Martin,6386.075,2026-06-07 13:54:18.334,1,17.0,False,,False,True
6548.126,STR,18,82.815,40.0,2.0,,,23.934,37.731,21.15,6489.245,6526.976,6548.126,184.0,185.0,252.0,266.0,False,SOFT,36.0,True,Aston Martin,6465.311,2026-06-07 13:55:37.570,1,17.0,False,,False,True
6627.486,STR,18,79.36,41.0,2.0,,,20.797,37.399,21.164,6568.923,6606.322,6627.486,199.0,187.0,253.0,267.0,False,SOFT,37.0,True,Aston Martin,6548.126,2026-06-07 13:57:00.385,1,17.0,False,,False,True
6706.481,STR,18,78.995,42.0,2.0,,,20.72,37.085,21.19,6648.206,6685.291,6706.481,196.0,181.0,251.0,267.0,False,SOFT,38.0,True,Aston Martin,6627.486,2026-06-07 13:58:19.745,1,17.0,True,TRACK LIMITS AT TURN 10 LAP 42 ,False,True
6785.785,STR,18,79.304,43.0,2.0,,,20.783,37.423,21.098,6727.264,6764.687,6785.785,199.0,184.0,252.0,267.0,False,SOFT,39.0,True,Aston Martin,6706.481,2026-06-07 13:59:38.740,1,17.0,False,,False,True
6865.213,STR,18,79.428,44.0,2.0,,,20.875,37.442,21.111,6806.66,6844.102,6865.213,194.0,183.0,252.0,267.0,False,SOFT,40.0,True,Aston Martin,6785.785,2026-06-07 14:00:58.044,1,17.0,False,,False,True
6944.45,STR,18,79.237,45.0,2.0,,,20.856,37.312,21.069,6886.069,6923.381,6944.45,197.0,184.0,253.0,268.0,False,SOFT,41.0,True,Aston Martin,6865.213,2026-06-07 14:02:17.472,1,16.0,False,,False,True
7024.032,STR,18,79.582,46.0,2.0,,,20.851,37.524,21.207,6965.301,7002.825,7024.032,195.0,183.0,252.0,268.0,False,SOFT,42.0,True,Aston Martin,6944.45,2026-06-07 14:03:36.709,1,16.0,False,,False,True
7106.182,STR,18,82.15,47.0,2.0,,,20.924,39.821,21.405,7044.956,7084.777,7106.182,193.0,181.0,252.0,248.0,False,SOFT,43.0,True,Aston Martin,7024.032,2026-06-07 14:04:56.291,1,16.0,False,,False,True
7189.883,STR,18,83.701,48.0,2.0,,,20.906,40.842,21.953,7127.088,7167.93,7189.883,195.0,172.0,251.0,244.0,False,SOFT,44.0,True,Aston Martin,7106.182,2026-06-07 14:06:18.441,1,16.0,False,,False,True
7269.833,STR,18,79.95,49.0,2.0,,,21.097,37.628,21.225,7210.98,7248.608,7269.833,195.0,186.0,253.0,268.0,False,SOFT,45.0,True,Aston Martin,7189.883,2026-06-07 14:07:42.142,1,16.0,False,,False,True
7349.194,STR,18,79.361,50.0,2.0,,,20.907,37.416,21.038,7290.74,7328.156,7349.194,197.0,185.0,252.0,268.0,False,SOFT,46.0,True,Aston Martin,7269.833,2026-06-07 14:09:02.092,1,16.0,False,,False,True
7429.01,STR,18,79.816,51.0,2.0,,,20.961,37.784,21.071,7370.155,7407.939,7429.01,197.0,186.0,252.0,268.0,False,SOFT,47.0,True,Aston Martin,7349.194,2026-06-07 14:10:21.453,1,16.0,False,,False,True
7508.3,STR,18,79.29,52.0,2.0,,,20.739,37.442,21.109,7449.749,7487.191,7508.3,199.0,181.0,253.0,268.0,False,SOFT,48.0,True,Aston Martin,7429.01,2026-06-07 14:11:41.269,1,16.0,False,,False,True
7589.626,STR,18,81.326,53.0,2.0,,,20.878,38.856,21.592,7529.178,7568.034,7589.626,198.0,175.0,252.0,269.0,False,SOFT,49.0,True,Aston Martin,7508.3,2026-06-07 14:13:00.559,1,16.0,False,,False,True
7672.734,STR,18,83.108,54.0,2.0,,,22.86,38.799,21.449,7612.486,7651.285,7672.734,188.0,182.0,253.0,266.0,False,SOFT,50.0,True,Aston Martin,7589.626,2026-06-07 14:14:21.885,1,16.0,False,,False,True
7752.294,STR,18,79.56,55.0,2.0,,,20.875,37.608,21.077,7693.609,7731.217,7752.294,193.0,185.0,253.0,269.0,False,SOFT,51.0,True,Aston Martin,7672.734,2026-06-07 14:15:44.993,1,16.0,False,,False,True
7831.627,STR,18,79.333,56.0,2.0,,,20.79,37.526,21.017,7773.084,7810.61,7831.627,198.0,182.0,252.0,268.0,False,SOFT,52.0,True,Aston Martin,7752.294,2026-06-07 14:17:04.553,1,16.0,False,,False,True
8834.713,STR,18,,57.0,2.0,,,,,,,,,,,,,,SOFT,53.0,True,Aston Martin,7831.627,2026-06-07 14:18:23.886,124,,False,,True,False
3411.981,ALB,23,92.115,1.0,1.0,,,,40.148,21.575,,3390.444,3412.12,154.0,173.0,255.0,266.0,False,MEDIUM,1.0,True,Williams,3319.645,2026-06-07 13:03:11.904,12,10.0,False,,False,False
3493.041,ALB,23,81.06,2.0,1.0,,,21.614,37.984,21.462,3433.633,3471.617,3493.079,180.0,176.0,260.0,271.0,True,MEDIUM,2.0,True,Williams,3411.981,2026-06-07 13:04:44.240,1,10.0,False,,False,True
3573.382,ALB,23,80.341,3.0,1.0,,,21.324,37.624,21.393,3514.403,3552.027,3573.42,179.0,171.0,256.0,279.0,True,MEDIUM,3.0,True,Williams,3493.041,2026-06-07 13:06:05.300,1,10.0,False,,False,True
3653.27,ALB,23,79.888,4.0,1.0,,,21.229,37.447,21.212,3594.649,3632.096,3653.308,187.0,175.0,255.0,269.0,True,MEDIUM,4.0,True,Williams,3573.382,2026-06-07 13:07:25.641,1,10.0,False,,False,True
3732.932,ALB,23,79.662,5.0,1.0,,,21.155,37.262,21.245,3674.463,3711.725,3732.97,194.0,173.0,255.0,270.0,True,MEDIUM,5.0,True,Williams,3653.27,2026-06-07 13:08:45.529,1,10.0,False,,False,True
3812.306,ALB,23,79.374,6.0,1.0,,,21.066,37.215,21.093,3754.036,3791.251,3812.344,185.0,179.0,256.0,269.0,True,MEDIUM,6.0,True,Williams,3732.932,2026-06-07 13:10:05.191,1,10.0,False,,False,True
3891.253,ALB,23,78.947,7.0,1.0,,,21.004,36.942,21.001,3833.348,3870.29,3891.291,197.0,179.0,257.0,270.0,True,MEDIUM,7.0,True,Williams,3812.306,2026-06-07 13:11:24.565,1,10.0,False,,False,True
3969.995,ALB,23,78.742,8.0,1.0,,,20.935,36.783,21.024,3912.226,3949.009,3970.033,199.0,179.0,257.0,271.0,True,MEDIUM,8.0,True,Williams,3891.253,2026-06-07 13:12:43.512,1,10.0,False,,False,True
4048.642,ALB,23,78.647,9.0,1.0,,,20.848,36.883,20.916,3990.881,4027.764,4048.68,193.0,182.0,256.0,271.0,True,MEDIUM,9.0,True,Williams,3969.995,2026-06-07 13:14:02.254,1,10.0,False,,False,True
4127.129,ALB,23,78.487,10.0,1.0,,,20.784,36.78,20.923,4069.464,4106.244,4127.167,196.0,177.0,256.0,271.0,True,MEDIUM,10.0,True,Williams,4048.642,2026-06-07 13:15:20.901,1,10.0,False,,False,True
4205.707,ALB,23,78.578,11.0,1.0,,,20.75,36.849,20.979,4147.917,4184.766,4205.745,199.0,183.0,257.0,271.0,False,MEDIUM,11.0,True,Williams,4127.129,2026-06-07 13:16:39.388,1,10.0,False,,False,True
4284.071,ALB,23,78.364,12.0,1.0,,,20.734,36.737,20.893,4226.479,4263.216,4284.109,195.0,182.0,257.0,270.0,True,MEDIUM,12.0,True,Williams,4205.707,2026-06-07 13:17:57.966,1,10.0,False,,False,True
4362.905,ALB,23,78.834,13.0,1.0,,,20.87,36.998,20.966,4304.979,4341.977,4362.943,196.0,181.0,255.0,269.0,False,MEDIUM,13.0,True,Williams,4284.071,2026-06-07 13:19:16.330,1,10.0,False,,False,True
4441.741,ALB,23,78.836,14.0,1.0,,,20.898,36.962,20.976,4383.841,4420.803,4441.779,194.0,180.0,257.0,271.0,False,MEDIUM,14.0,True,Williams,4362.905,2026-06-07 13:20:35.164,1,10.0,True,TRACK LIMITS AT TURN 10 LAP 14 ,False,True
4520.194,ALB,23,78.453,15.0,1.0,,,20.711,36.808,20.934,4462.49,4499.298,4520.232,200.0,182.0,257.0,271.0,False,MEDIUM,15.0,True,Williams,4441.741,2026-06-07 13:21:54.000,1,10.0,False,,False,True
4598.94,ALB,23,78.746,16.0,1.0,,,20.81,36.871,21.065,4541.042,4577.913,4598.978,200.0,180.0,257.0,271.0,False,MEDIUM,16.0,True,Williams,4520.194,2026-06-07 13:23:12.453,1,10.0,False,,False,True
4677.665,ALB,23,78.725,17.0,1.0,,,20.839,36.831,21.055,4619.817,4656.648,4677.703,196.0,180.0,257.0,271.0,False,MEDIUM,17.0,True,Williams,4598.94,2026-06-07 13:24:31.199,1,10.0,False,,False,True
4756.488,ALB,23,78.823,18.0,1.0,,,20.895,36.936,20.992,4698.598,4735.534,4756.526,198.0,181.0,257.0,271.0,False,MEDIUM,18.0,True,Williams,4677.665,2026-06-07 13:25:49.924,1,10.0,False,,False,True
4835.35,ALB,23,78.862,19.0,1.0,,,20.718,37.081,21.063,4777.244,4814.325,4835.388,198.0,183.0,257.0,270.0,False,MEDIUM,19.0,True,Williams,4756.488,2026-06-07 13:27:08.747,1,10.0,False,,False,True
4914.074,ALB,23,78.724,20.0,1.0,,,20.808,36.851,21.065,4856.196,4893.047,4914.112,196.0,180.0,257.0,271.0,False,MEDIUM,20.0,True,Williams,4835.35,2026-06-07 13:28:27.609,1,10.0,False,,False,True
4993.188,ALB,23,79.114,21.0,1.0,,,20.943,36.965,21.206,4935.055,4972.02,4993.226,200.0,182.0,257.0,271.0,False,MEDIUM,21.0,True,Williams,4914.074,2026-06-07 13:29:46.333,1,10.0,False,,False,True
5072.738,ALB,23,79.55,22.0,1.0,,,20.795,37.623,21.132,5014.021,5051.644,5072.776,199.0,179.0,256.0,267.0,False,MEDIUM,22.0,True,Williams,4993.188,2026-06-07 13:31:05.447,1,10.0,False,,False,True
5151.858,ALB,23,79.12,23.0,1.0,,,20.807,37.235,21.078,5093.583,5130.818,5151.896,198.0,178.0,257.0,269.0,False,MEDIUM,23.0,True,Williams,5072.738,2026-06-07 13:32:24.997,1,10.0,False,,False,True
5230.989,ALB,23,79.131,24.0,1.0,,,20.856,37.194,21.081,5172.752,5209.946,5231.027,200.0,182.0,256.0,267.0,False,MEDIUM,24.0,True,Williams,5151.858,2026-06-07 13:33:44.117,1,10.0,False,,False,True
5310.122,ALB,23,79.133,25.0,1.0,,,20.872,37.249,21.012,5251.899,5289.148,5310.16,199.0,183.0,256.0,268.0,False,MEDIUM,25.0,True,Williams,5230.989,2026-06-07 13:35:03.248,1,10.0,False,,False,True
5389.441,ALB,23,79.319,26.0,1.0,,,20.82,37.442,21.057,5330.98,5368.422,5389.479,199.0,181.0,257.0,267.0,False,MEDIUM,26.0,True,Williams,5310.122,2026-06-07 13:36:22.381,1,10.0,False,,False,True
5468.416,ALB,23,78.975,27.0,1.0,,,20.975,37.014,20.986,5410.454,5447.468,5468.454,198.0,182.0,257.0,271.0,False,MEDIUM,27.0,True,Williams,5389.441,2026-06-07 13:37:41.700,1,10.0,False,,False,True
5547.413,ALB,23,78.997,28.0,1.0,,,20.78,37.196,21.021,5489.234,5526.43,5547.451,200.0,181.0,257.0,269.0,False,MEDIUM,28.0,True,Williams,5468.416,2026-06-07 13:39:00.675,1,10.0,False,,False,True
5626.532,ALB,23,79.119,29.0,1.0,,,20.814,37.217,21.088,5568.265,5605.482,5626.57,202.0,180.0,257.0,268.0,False,MEDIUM,29.0,True,Williams,5547.413,2026-06-07 13:40:19.672,1,10.0,False,,False,True
5705.584,ALB,23,79.052,30.0,1.0,,,20.663,37.33,21.059,5647.233,5684.563,5705.622,196.0,181.0,256.0,267.0,False,MEDIUM,30.0,True,Williams,5626.532,2026-06-07 13:41:38.791,1,10.0,False,,False,True
5785.315,ALB,23,79.731,31.0,1.0,,,20.817,37.293,21.621,5726.439,5763.732,5785.353,200.0,184.0,203.0,267.0,False,MEDIUM,31.0,True,Williams,5705.584,2026-06-07 13:42:57.843,1,10.0,False,,False,True
5866.164,ALB,23,80.849,32.0,1.0,,,21.656,37.596,21.597,5807.009,5844.605,5866.202,199.0,178.0,255.0,266.0,False,MEDIUM,32.0,True,Williams,5785.315,2026-06-07 13:44:17.574,1,10.0,False,,False,True
5945.672,ALB,23,79.508,33.0,1.0,,,21.119,37.205,21.184,5887.321,5924.526,5945.71,199.0,180.0,256.0,268.0,False,MEDIUM,33.0,True,Williams,5866.164,2026-06-07 13:45:38.423,1,10.0,False,,False,True
6025.347,ALB,23,79.675,34.0,1.0,,,21.015,37.422,21.238,5966.725,6004.147,6025.385,199.0,181.0,250.0,267.0,False,MEDIUM,34.0,True,Williams,5945.672,2026-06-07 13:46:57.931,1,10.0,False,,False,True
6104.969,ALB,23,79.622,35.0,1.0,,,21.047,37.495,21.08,6046.432,6083.927,6105.007,192.0,182.0,255.0,267.0,False,MEDIUM,35.0,True,Williams,6025.347,2026-06-07 13:48:17.606,1,10.0,False,,False,True
6184.295,ALB,23,79.326,36.0,1.0,,,20.847,37.403,21.076,6125.854,6163.257,6184.333,197.0,182.0,256.0,266.0,False,MEDIUM,36.0,True,Williams,6104.969,2026-06-07 13:49:37.228,1,10.0,False,,False,True
6263.731,ALB,23,79.436,37.0,1.0,,,20.827,37.43,21.179,6205.16,6242.59,6263.769,199.0,182.0,255.0,268.0,False,MEDIUM,37.0,True,Williams,6184.295,2026-06-07 13:50:56.554,1,10.0,False,,False,True
6343.622,ALB,23,79.891,38.0,1.0,,,20.89,37.749,21.252,6284.659,6322.408,6343.66,199.0,180.0,255.0,265.0,False,MEDIUM,38.0,True,Williams,6263.731,2026-06-07 13:52:15.990,1,10.0,False,,False,True
6426.394,ALB,23,82.772,39.0,1.0,,,23.332,38.074,21.366,6366.992,6405.066,6426.432,191.0,180.0,253.0,265.0,False,MEDIUM,39.0,True,Williams,6343.622,2026-06-07 13:53:35.881,1,10.0,False,,False,True
6506.125,ALB,23,79.731,40.0,1.0,,,21.001,37.546,21.184,6447.433,6484.979,6506.163,199.0,183.0,254.0,265.0,False,MEDIUM,40.0,True,Williams,6426.394,2026-06-07 13:54:58.653,1,10.0,False,,False,True
6585.549,ALB,23,79.424,41.0,1.0,,,20.786,37.45,21.188,6526.949,6564.399,6585.587,199.0,183.0,250.0,262.0,False,MEDIUM,41.0,True,Williams,6506.125,2026-06-07 13:56:18.384,1,10.0,False,,False,True
6665.4,ALB,23,79.851,42.0,1.0,,,21.005,37.605,21.241,6606.592,6644.197,6665.438,200.0,182.0,254.0,263.0,False,MEDIUM,42.0,True,Williams,6585.549,2026-06-07 13:57:37.808,1,10.0,False,,False,True
6764.4,ALB,23,99.0,43.0,1.0,,6739.589,20.964,37.755,40.281,6686.402,6724.157,6764.438,189.0,180.0,,264.0,False,MEDIUM,43.0,True,Williams,6665.4,2026-06-07 13:58:57.659,1,10.0,False,,False,False
6846.743,ALB,23,82.343,44.0,2.0,6765.136,,24.04,37.227,21.076,6788.478,6825.705,6846.781,191.0,177.0,251.0,264.0,False,SOFT,1.0,True,Williams,6764.4,2026-06-07 14:00:36.659,1,10.0,False,,False,False
6930.125,ALB,23,83.382,45.0,2.0,,,20.709,40.402,22.271,6867.49,6907.892,6930.163,197.0,172.0,249.0,265.0,False,SOFT,2.0,True,Williams,6846.743,2026-06-07 14:01:59.002,1,10.0,False,,False,True
7012.346,ALB,23,82.221,46.0,2.0,,,21.35,38.849,22.022,6951.513,6990.362,7012.384,175.0,173.0,250.0,262.0,False,SOFT,3.0,True,Williams,6930.125,2026-06-07 14:03:22.384,1,10.0,True,TRACK LIMITS AT TURN 10 LAP 46 ,False,True
7095.249,ALB,23,82.903,47.0,2.0,,,21.631,38.379,22.893,7034.015,7072.394,7095.287,190.0,169.0,244.0,265.0,False,SOFT,4.0,True,Williams,7012.346,2026-06-07 14:04:44.605,1,11.0,False,,False,True
7175.158,ALB,23,79.909,48.0,2.0,,,21.594,37.346,20.969,7116.881,7154.227,7175.196,191.0,186.0,253.0,267.0,False,SOFT,5.0,True,Williams,7095.249,2026-06-07 14:06:07.508,1,11.0,False,,False,True
7254.731,ALB,23,79.573,49.0,2.0,,,20.672,37.66,21.241,7195.868,7233.528,7254.769,200.0,172.0,254.0,263.0,False,SOFT,6.0,True,Williams,7175.158,2026-06-07 14:07:27.417,1,11.0,False,,False,True
7334.958,ALB,23,80.227,50.0,2.0,,,20.857,37.607,21.763,7275.626,7313.233,7334.996,188.0,175.0,250.0,268.0,False,SOFT,7.0,True,Williams,7254.731,2026-06-07 14:08:46.990,1,11.0,False,,False,True
7416.636,ALB,23,81.678,51.0,2.0,,,21.642,38.719,21.317,7356.638,7395.357,7416.674,145.0,174.0,251.0,267.0,False,SOFT,8.0,True,Williams,7334.958,2026-06-07 14:10:07.217,1,11.0,False,,False,True
7496.405,ALB,23,79.769,52.0,2.0,,,21.097,37.323,21.349,7437.771,7475.094,7496.443,199.0,175.0,251.0,268.0,False,SOFT,9.0,True,Williams,7416.636,2026-06-07 14:11:28.895,1,11.0,False,,False,True
7578.976,ALB,23,82.571,53.0,2.0,,,22.191,39.217,21.163,7518.634,7557.851,7579.014,189.0,177.0,253.0,267.0,False,SOFT,10.0,True,Williams,7496.405,2026-06-07 14:12:48.664,1,11.0,False,,False,True
7657.133,ALB,23,78.157,54.0,2.0,,,20.595,36.714,20.848,7599.609,7636.323,7657.171,201.0,185.0,258.0,269.0,True,SOFT,11.0,True,Williams,7578.976,2026-06-07 14:14:11.235,1,11.0,False,,False,True
7736.033,ALB,23,78.9,55.0,2.0,,,20.75,37.207,20.943,7677.921,7715.128,7736.071,197.0,180.0,259.0,267.0,False,SOFT,12.0,True,Williams,7657.133,2026-06-07 14:15:29.392,1,11.0,False,,False,True
7813.979,ALB,23,77.946,56.0,2.0,,,20.447,36.599,20.9,7756.518,7793.117,7814.017,199.0,184.0,255.0,276.0,True,SOFT,13.0,True,Williams,7736.033,2026-06-07 14:16:48.292,1,10.0,False,,False,True
7892.17,ALB,23,78.191,57.0,2.0,,,20.478,36.889,20.824,7834.495,7871.384,7892.208,197.0,183.0,254.0,267.0,False,SOFT,14.0,True,Williams,7813.979,2026-06-07 14:18:06.238,1,10.0,False,,False,True
7989.777,ALB,23,97.607,58.0,2.0,,,20.486,45.727,31.394,7912.694,7958.421,7989.815,202.0,156.0,192.0,113.0,False,SOFT,15.0,True,Williams,7892.17,2026-06-07 14:19:24.429,124,10.0,False,,False,False
8099.487,ALB,23,109.71,59.0,2.0,,8080.583,22.857,49.687,37.166,8012.672,8062.359,8099.525,174.0,140.0,,227.0,False,SOFT,16.0,True,Williams,7989.777,2026-06-07 14:21:02.036,4,10.0,False,,False,False
8211.122,ALB,23,111.635,60.0,3.0,8100.28,,26.655,53.33,31.65,8126.18,8179.51,8211.16,111.0,169.0,154.0,137.0,False,SOFT,17.0,False,Williams,8099.487,2026-06-07 14:22:51.746,4,10.0,False,,False,False
8330.688,ALB,23,119.566,61.0,3.0,,,34.146,50.802,34.618,8245.306,8296.108,8330.726,97.0,142.0,103.0,172.0,False,SOFT,18.0,False,Williams,8211.122,2026-06-07 14:24:43.381,4,10.0,False,,False,False
8421.937,ALB,23,91.249,62.0,3.0,,,28.437,40.411,22.401,8359.163,8399.574,8421.975,167.0,167.0,244.0,238.0,False,SOFT,19.0,False,Williams,8330.688,2026-06-07 14:26:42.947,4,10.0,False,,False,False
8505.282,ALB,23,83.345,63.0,3.0,,,22.22,39.112,22.013,8444.195,8483.307,8505.32,183.0,172.0,245.0,241.0,False,SOFT,20.0,False,Williams,8421.937,2026-06-07 14:28:14.196,4,10.0,False,,False,False
8586.27,ALB,23,80.988,64.0,3.0,,,21.977,37.668,21.343,8527.297,8564.965,8586.308,188.0,182.0,250.0,265.0,False,SOFT,21.0,False,Williams,8505.282,2026-06-07 14:29:37.541,412,10.0,False,,False,False
8700.083,ALB,23,113.813,65.0,3.0,,8678.352,21.231,51.356,41.226,8607.539,8658.895,8700.121,184.0,162.0,,183.0,False,SOFT,22.0,False,Williams,8586.27,2026-06-07 14:30:58.529,24,9.0,False,,False,False
8807.348,ALB,23,107.265,66.0,4.0,8701.092,,27.9,50.836,28.529,8728.021,8778.857,8807.386,174.0,154.0,197.0,232.0,False,SOFT,23.0,False,Williams,8700.083,2026-06-07 14:32:52.342,4,9.0,False,,False,False
10936.64,ALB,23,,67.0,4.0,,8913.2,25.469,54.151,,8832.947,8887.145,,84.0,116.0,,196.0,False,SOFT,24.0,False,Williams,8807.348,2026-06-07 14:34:39.607,451,9.0,False,,False,False
11081.73,ALB,23,145.09,68.0,5.0,10937.294,11020.291,26.728,40.533,77.829,10963.406,11003.939,11081.768,167.0,163.0,,240.0,False,SOFT,7.0,False,Williams,10936.64,2026-06-07 15:10:08.899,14,9.0,False,,False,False
11174.563,ALB,23,92.833,69.0,6.0,11082.438,,27.161,38.672,27.0,11108.929,11147.601,11174.601,176.0,172.0,236.0,268.0,False,SOFT,7.0,False,Williams,11081.73,2026-06-07 15:12:33.989,4,9.0,False,,False,False
11332.608,ALB,23,,70.0,6.0,,,27.471,51.439,79.126,11202.102,11253.58,11333.093,82.0,162.0,114.0,248.0,False,SOFT,8.0,False,Williams,11174.563,2026-06-07 15:14:06.822,41,9.0,False,,False,False
11422.412,ALB,23,89.804,71.0,6.0,,,26.242,41.881,21.681,11358.888,11400.769,11422.45,164.0,175.0,250.0,265.0,False,SOFT,9.0,False,Williams,11332.608,2026-06-07 15:16:44.867,12,9.0,False,,False,True
11503.763,ALB,23,81.351,72.0,6.0,,,21.168,38.76,21.423,11443.618,11482.378,11503.801,182.0,172.0,255.0,268.0,False,SOFT,10.0,False,Williams,11422.412,2026-06-07 15:18:14.671,1,9.0,False,,False,True
11581.921,ALB,23,78.158,73.0,6.0,,,21.16,36.428,20.57,11524.961,11561.389,11581.959,194.0,186.0,256.0,271.0,False,SOFT,11.0,False,Williams,11503.763,2026-06-07 15:19:36.022,1,8.0,False,,False,True
11658.697,ALB,23,76.776,74.0,6.0,,,20.309,36.099,20.368,11602.268,11638.367,11658.735,210.0,189.0,257.0,272.0,True,SOFT,12.0,False,Williams,11581.921,2026-06-07 15:20:54.180,1,8.0,False,,False,True
11735.173,ALB,23,76.476,75.0,6.0,,,20.241,35.876,20.359,11678.976,11714.852,11735.211,205.0,189.0,252.0,272.0,True,SOFT,13.0,False,Williams,11658.697,2026-06-07 15:22:10.956,1,8.0,False,,False,True
11811.777,ALB,23,76.604,76.0,6.0,,,20.333,35.974,20.297,11755.544,11791.518,11811.815,204.0,188.0,258.0,272.0,False,SOFT,14.0,False,Williams,11735.173,2026-06-07 15:23:27.432,1,8.0,False,,False,True
11888.183,ALB,23,76.406,77.0,6.0,,,20.331,35.795,20.28,11832.146,11867.941,11888.221,206.0,192.0,259.0,267.0,True,SOFT,15.0,False,Williams,11811.777,2026-06-07 15:24:44.036,1,8.0,False,,False,True
11964.576,ALB,23,76.393,78.0,6.0,,,20.308,35.859,20.226,11908.529,11944.388,11964.614,208.0,189.0,257.0,273.0,True,SOFT,16.0,False,Williams,11888.183,2026-06-07 15:26:00.442,1,8.0,False,,False,True
3413.616,HUL,27,93.75,1.0,1.0,,,,40.462,22.068,,3391.635,3413.761,161.0,173.0,260.0,267.0,False,MEDIUM,1.0,True,Audi,3319.645,2026-06-07 13:03:11.904,12,12.0,False,,False,False
3494.839,HUL,27,81.223,2.0,1.0,,,21.809,37.947,21.467,3435.466,3473.413,3494.88,186.0,180.0,258.0,278.0,True,MEDIUM,2.0,True,Audi,3413.616,2026-06-07 13:04:45.875,1,12.0,False,,False,True
3575.374,HUL,27,80.535,3.0,1.0,,,21.364,37.737,21.434,3516.244,3553.981,3575.415,190.0,179.0,260.0,275.0,True,MEDIUM,3.0,True,Audi,3494.839,2026-06-07 13:06:07.098,1,12.0,False,,False,True
3655.39,HUL,27,80.016,4.0,1.0,,,21.105,37.677,21.234,3596.52,3634.197,3655.431,189.0,181.0,262.0,279.0,True,MEDIUM,4.0,True,Audi,3575.374,2026-06-07 13:07:27.633,1,12.0,False,,False,True
3735.569,HUL,27,80.179,5.0,1.0,,,21.137,37.483,21.559,3676.568,3714.051,3735.61,190.0,181.0,260.0,280.0,False,MEDIUM,5.0,True,Audi,3655.39,2026-06-07 13:08:47.649,1,12.0,False,,False,True
3815.278,HUL,27,79.709,6.0,1.0,,,21.004,37.302,21.403,3756.614,3793.916,3815.319,194.0,178.0,257.0,281.0,True,MEDIUM,6.0,True,Audi,3735.569,2026-06-07 13:10:07.828,1,12.0,False,,False,True
3894.46,HUL,27,79.182,7.0,1.0,,,20.921,37.094,21.167,3836.24,3873.334,3894.501,199.0,181.0,260.0,283.0,True,MEDIUM,7.0,True,Audi,3815.278,2026-06-07 13:11:27.537,1,12.0,False,,False,True
3974.241,HUL,27,79.781,8.0,1.0,,,21.45,37.158,21.173,3915.951,3953.109,3974.282,177.0,181.0,260.0,281.0,False,MEDIUM,8.0,True,Audi,3894.46,2026-06-07 13:12:46.719,1,12.0,False,,False,True
4053.614,HUL,27,79.373,9.0,1.0,,,20.833,36.881,21.659,3995.115,4031.996,4053.655,196.0,180.0,255.0,280.0,False,MEDIUM,9.0,True,Audi,3974.241,2026-06-07 13:14:06.500,1,12.0,False,,False,True
4133.364,HUL,27,79.75,10.0,1.0,,,21.28,37.307,21.163,4074.935,4112.242,4133.405,177.0,181.0,255.0,280.0,False,MEDIUM,10.0,True,Audi,4053.614,2026-06-07 13:15:25.873,1,12.0,False,,False,True
4212.078,HUL,27,78.714,11.0,1.0,,,20.851,37.033,20.83,4154.256,4191.289,4212.119,198.0,189.0,255.0,269.0,True,MEDIUM,11.0,True,Audi,4133.364,2026-06-07 13:16:45.623,1,12.0,False,,False,True
4306.757,HUL,27,94.679,12.0,1.0,,4282.723,20.317,36.387,37.975,4232.436,4268.823,4306.798,206.0,187.0,,272.0,False,MEDIUM,12.0,True,Audi,4212.078,2026-06-07 13:18:04.337,1,14.0,False,,False,False
4387.106,HUL,27,80.349,13.0,2.0,4307.568,,23.274,36.605,20.47,4330.072,4366.677,4387.147,200.0,186.0,255.0,270.0,False,HARD,1.0,True,Audi,4306.757,2026-06-07 13:19:39.016,1,14.0,False,,False,False
4463.604,HUL,27,76.498,14.0,2.0,,,20.131,36.055,20.312,4407.278,4443.333,4463.645,212.0,190.0,255.0,270.0,True,HARD,2.0,True,Audi,4387.106,2026-06-07 13:20:59.365,1,14.0,False,,False,True
4539.936,HUL,27,76.332,15.0,2.0,,,20.158,35.917,20.257,4483.803,4519.72,4539.977,206.0,192.0,255.0,270.0,True,HARD,3.0,True,Audi,4463.604,2026-06-07 13:22:15.863,1,14.0,False,,False,True
4616.305,HUL,27,76.369,16.0,2.0,,,20.078,35.898,20.393,4560.055,4595.953,4616.346,208.0,191.0,256.0,271.0,False,HARD,4.0,True,Audi,4539.936,2026-06-07 13:23:32.195,1,14.0,False,,False,True
4693.038,HUL,27,76.733,17.0,2.0,,,20.093,36.143,20.497,4636.439,4672.582,4693.079,209.0,189.0,256.0,271.0,False,HARD,5.0,True,Audi,4616.305,2026-06-07 13:24:48.564,1,14.0,False,,False,True
4770.205,HUL,27,77.167,18.0,2.0,,,20.298,36.394,20.475,4713.377,4749.771,4770.246,208.0,189.0,256.0,272.0,False,HARD,6.0,True,Audi,4693.038,2026-06-07 13:26:05.297,1,14.0,False,,False,True
4847.029,HUL,27,76.824,19.0,2.0,,,20.128,36.308,20.388,4790.374,4826.682,4847.07,207.0,188.0,256.0,272.0,False,HARD,7.0,True,Audi,4770.205,2026-06-07 13:27:22.464,1,14.0,False,,False,True
4925.082,HUL,27,78.053,20.0,2.0,,,20.561,36.778,20.714,4867.631,4904.409,4925.123,201.0,188.0,255.0,269.0,False,HARD,8.0,True,Audi,4847.029,2026-06-07 13:28:39.288,1,14.0,False,,False,True
5003.125,HUL,27,78.043,21.0,2.0,,,20.261,36.726,21.056,4945.384,4982.11,5003.166,207.0,188.0,249.0,272.0,False,HARD,9.0,True,Audi,4925.082,2026-06-07 13:29:57.341,1,14.0,False,,False,True
5081.249,HUL,27,78.124,22.0,2.0,,,20.61,36.706,20.808,5023.776,5060.482,5081.29,202.0,187.0,256.0,272.0,False,HARD,10.0,True,Audi,5003.125,2026-06-07 13:31:15.384,1,14.0,False,,False,True
5159.648,HUL,27,78.399,23.0,2.0,,,20.507,36.861,21.031,5101.797,5138.658,5159.689,202.0,184.0,256.0,273.0,False,HARD,11.0,True,Audi,5081.249,2026-06-07 13:32:33.508,1,14.0,False,,False,True
5238.474,HUL,27,78.826,24.0,2.0,,,20.521,37.076,21.229,5180.21,5217.286,5238.515,200.0,185.0,255.0,273.0,False,HARD,12.0,True,Audi,5159.648,2026-06-07 13:33:51.907,1,14.0,False,,False,True
5317.664,HUL,27,79.19,25.0,2.0,,,20.649,37.18,21.361,5259.164,5296.344,5317.705,199.0,180.0,257.0,273.0,False,HARD,13.0,True,Audi,5238.474,2026-06-07 13:35:10.733,1,14.0,False,,False,True
5396.207,HUL,27,78.543,26.0,2.0,,,20.631,36.99,20.922,5338.336,5375.326,5396.248,202.0,185.0,262.0,273.0,False,HARD,14.0,True,Audi,5317.664,2026-06-07 13:36:29.923,1,14.0,False,,False,True
5475.463,HUL,27,79.256,27.0,2.0,,,20.775,37.228,21.253,5417.023,5454.251,5475.504,198.0,183.0,262.0,283.0,False,HARD,15.0,True,Audi,5396.207,2026-06-07 13:37:48.466,1,14.0,False,,False,True
5555.252,HUL,27,79.789,28.0,2.0,,,20.633,37.112,22.044,5496.137,5533.249,5555.293,199.0,180.0,221.0,283.0,False,HARD,16.0,True,Audi,5475.463,2026-06-07 13:39:07.722,1,14.0,False,,False,True
5635.122,HUL,27,79.87,29.0,2.0,,,21.547,37.188,21.135,5576.84,5614.028,5635.163,196.0,181.0,263.0,282.0,False,HARD,17.0,True,Audi,5555.252,2026-06-07 13:40:27.511,1,14.0,True,TRACK LIMITS AT TURN 10 LAP 29 ,False,True
5713.896,HUL,27,78.774,30.0,2.0,,,20.526,37.156,21.092,5655.689,5692.845,5713.937,201.0,182.0,262.0,283.0,False,HARD,18.0,True,Audi,5635.122,2026-06-07 13:41:47.381,1,14.0,False,,False,True
5794.936,HUL,27,81.04,31.0,2.0,,,20.744,38.418,21.878,5734.681,5773.099,5794.977,199.0,170.0,256.0,276.0,False,HARD,19.0,True,Audi,5713.896,2026-06-07 13:43:06.155,1,14.0,False,,False,True
5874.275,HUL,27,79.339,32.0,2.0,,,20.916,37.203,21.22,5815.893,5853.096,5874.316,196.0,184.0,256.0,271.0,False,HARD,20.0,True,Audi,5794.936,2026-06-07 13:44:27.195,1,14.0,False,,False,True
5953.281,HUL,27,79.006,33.0,2.0,,,20.582,37.132,21.292,5894.898,5932.03,5953.322,206.0,182.0,257.0,273.0,False,HARD,21.0,True,Audi,5874.275,2026-06-07 13:45:46.534,1,14.0,False,,False,True
6033.576,HUL,27,80.295,34.0,2.0,,,20.731,37.615,21.949,5974.053,6011.668,6033.617,198.0,182.0,253.0,273.0,False,HARD,22.0,True,Audi,5953.281,2026-06-07 13:47:05.540,1,14.0,False,,False,True
6115.16,HUL,27,81.584,35.0,2.0,,,21.161,38.549,21.874,6054.778,6093.327,6115.201,184.0,181.0,261.0,282.0,False,HARD,23.0,True,Audi,6033.576,2026-06-07 13:48:25.835,1,13.0,False,,False,True
6196.096,HUL,27,80.936,36.0,2.0,,,20.904,38.082,21.95,6136.105,6174.187,6196.137,189.0,181.0,264.0,282.0,False,HARD,24.0,True,Audi,6115.16,2026-06-07 13:49:47.419,1,13.0,False,,False,True
6277.26,HUL,27,81.164,37.0,2.0,,,21.252,38.105,21.807,6217.389,6255.494,6277.301,191.0,180.0,263.0,282.0,False,HARD,25.0,True,Audi,6196.096,2026-06-07 13:51:08.355,1,13.0,False,,False,True
6359.962,HUL,27,82.702,38.0,2.0,,,21.39,38.406,22.906,6298.691,6337.097,6360.003,188.0,166.0,261.0,281.0,False,HARD,26.0,True,Audi,6277.26,2026-06-07 13:52:29.519,1,13.0,False,,False,True
6441.923,HUL,27,81.961,39.0,2.0,,,21.404,38.541,22.016,6381.407,6419.948,6441.964,183.0,178.0,261.0,282.0,False,HARD,27.0,True,Audi,6359.962,2026-06-07 13:53:52.221,1,13.0,False,,False,True
6524.355,HUL,27,82.432,40.0,2.0,,,21.133,38.525,22.774,6463.097,6501.622,6524.396,190.0,180.0,216.0,281.0,False,HARD,28.0,True,Audi,6441.923,2026-06-07 13:55:14.182,1,13.0,False,,False,True
6606.257,HUL,27,81.902,41.0,2.0,,,21.791,38.074,22.037,6546.187,6584.261,6606.298,192.0,175.0,263.0,280.0,False,HARD,29.0,True,Audi,6524.355,2026-06-07 13:56:36.614,1,13.0,False,,False,True
6688.178,HUL,27,81.921,42.0,2.0,,,21.502,38.671,21.748,6627.8,6666.471,6688.219,186.0,179.0,263.0,282.0,False,HARD,30.0,True,Audi,6606.257,2026-06-07 13:57:58.516,1,13.0,False,,False,True
6769.67,HUL,27,81.492,43.0,2.0,,,21.71,38.241,21.541,6709.929,6748.17,6769.711,190.0,185.0,260.0,281.0,False,HARD,31.0,True,Audi,6688.178,2026-06-07 13:59:20.437,1,13.0,False,,False,True
6849.696,HUL,27,80.026,44.0,2.0,,,21.048,37.774,21.204,6790.759,6828.533,6849.737,197.0,183.0,263.0,282.0,False,HARD,32.0,True,Audi,6769.67,2026-06-07 14:00:41.929,1,13.0,False,,False,True
6930.871,HUL,27,81.175,45.0,2.0,,,20.898,38.027,22.25,6870.635,6908.662,6930.912,195.0,175.0,261.0,283.0,False,HARD,33.0,True,Audi,6849.696,2026-06-07 14:02:01.955,1,12.0,False,,False,True
7013.112,HUL,27,82.241,46.0,2.0,,,21.335,38.843,22.063,6952.247,6991.09,7013.153,185.0,175.0,261.0,281.0,False,HARD,34.0,True,Audi,6930.871,2026-06-07 14:03:23.130,1,12.0,False,,False,True
7095.394,HUL,27,82.282,47.0,2.0,,,21.765,38.468,22.049,7034.918,7073.386,7095.435,183.0,174.0,261.0,282.0,False,HARD,35.0,True,Audi,7013.112,2026-06-07 14:04:45.371,1,12.0,False,,False,True
7175.719,HUL,27,80.325,48.0,2.0,,,21.912,37.367,21.046,7117.347,7154.714,7175.76,194.0,183.0,262.0,283.0,False,HARD,36.0,True,Audi,7095.394,2026-06-07 14:06:07.653,1,12.0,False,,False,True
7255.327,HUL,27,79.608,49.0,2.0,,,20.645,37.432,21.531,7196.405,7233.837,7255.368,198.0,180.0,263.0,282.0,False,HARD,37.0,True,Audi,7175.719,2026-06-07 14:07:27.978,1,12.0,False,,False,True
7335.879,HUL,27,80.552,50.0,2.0,,,20.721,37.57,22.261,7276.089,7313.659,7335.92,202.0,182.0,228.0,282.0,False,HARD,38.0,True,Audi,7255.327,2026-06-07 14:08:47.586,1,12.0,False,,False,True
7417.258,HUL,27,81.379,51.0,2.0,,,21.902,38.217,21.26,7357.822,7396.039,7417.299,143.0,182.0,263.0,282.0,False,HARD,39.0,True,Audi,7335.879,2026-06-07 14:10:08.138,1,12.0,False,,False,True
7496.657,HUL,27,79.399,52.0,2.0,,,21.004,37.179,21.216,7438.303,7475.482,7496.698,193.0,183.0,264.0,281.0,False,HARD,40.0,True,Audi,7417.258,2026-06-07 14:11:29.517,1,12.0,False,,False,True
7579.658,HUL,27,83.001,53.0,2.0,,,22.41,39.135,21.456,7519.108,7558.243,7579.699,184.0,179.0,259.0,270.0,False,HARD,41.0,True,Audi,7496.657,2026-06-07 14:12:48.916,1,12.0,False,,False,True
7657.727,HUL,27,78.069,54.0,2.0,,,20.516,36.687,20.866,7600.215,7636.902,7657.768,202.0,187.0,264.0,282.0,False,HARD,42.0,True,Audi,7579.658,2026-06-07 14:14:11.917,1,12.0,False,,False,True
7736.606,HUL,27,78.879,55.0,2.0,,,20.554,37.272,21.053,7678.322,7715.594,7736.647,200.0,185.0,263.0,283.0,False,HARD,43.0,True,Audi,7657.727,2026-06-07 14:15:29.986,1,12.0,False,,False,True
7815.565,HUL,27,78.959,56.0,2.0,,,20.433,37.133,21.393,7757.08,7794.213,7815.606,205.0,182.0,262.0,283.0,False,HARD,44.0,True,Audi,7736.606,2026-06-07 14:16:48.865,1,12.0,False,,False,True
7894.689,HUL,27,79.124,57.0,2.0,,,20.636,36.798,21.69,7836.242,7873.04,7894.73,194.0,187.0,202.0,282.0,False,HARD,45.0,True,Audi,7815.565,2026-06-07 14:18:07.824,1,12.0,False,,False,True
8004.183,HUL,27,109.494,58.0,2.0,,7984.474,22.71,48.847,37.937,7917.44,7966.287,8004.224,128.0,155.0,,191.0,False,HARD,46.0,True,Audi,7894.689,2026-06-07 14:19:26.948,124,12.0,False,,False,False
8118.185,HUL,27,114.002,59.0,3.0,8005.017,8098.958,26.628,49.81,37.564,8030.852,8080.662,8118.226,149.0,148.0,,195.0,False,HARD,47.0,False,Audi,8004.183,2026-06-07 14:21:16.442,4,13.0,False,,False,False
8213.799,HUL,27,95.614,60.0,4.0,8118.892,,25.644,39.685,30.285,8143.87,8183.555,8213.84,173.0,151.0,153.0,266.0,False,HARD,48.0,False,Audi,8118.185,2026-06-07 14:23:10.444,4,13.0,False,,False,False
8332.845,HUL,27,119.046,61.0,4.0,,,34.424,50.968,33.654,8248.264,8299.232,8332.886,107.0,164.0,100.0,146.0,False,HARD,49.0,False,Audi,8213.799,2026-06-07 14:24:46.058,4,13.0,False,,False,False
8424.608,HUL,27,91.763,62.0,4.0,,,29.333,39.911,22.519,8362.219,8402.13,8424.649,161.0,176.0,255.0,265.0,False,HARD,50.0,False,Audi,8332.845,2026-06-07 14:26:45.104,4,13.0,False,,False,False
8508.649,HUL,27,84.041,63.0,4.0,,,22.077,39.254,22.71,8446.726,8485.98,8508.69,184.0,169.0,252.0,270.0,False,HARD,51.0,False,Audi,8424.608,2026-06-07 14:28:16.867,4,13.0,False,,False,False
8590.826,HUL,27,82.177,64.0,4.0,,,22.016,38.146,22.015,8530.706,8568.852,8590.867,182.0,180.0,252.0,271.0,False,HARD,52.0,False,Audi,8508.649,2026-06-07 14:29:40.908,412,13.0,False,,False,False
8704.166,HUL,27,113.34,65.0,4.0,,8682.555,24.758,48.678,39.904,8615.625,8664.303,8704.207,86.0,171.0,,223.0,False,HARD,53.0,False,Audi,8590.826,2026-06-07 14:31:03.085,24,12.0,False,,False,False
8812.292,HUL,27,108.126,66.0,5.0,8704.897,,30.291,48.429,29.406,8734.498,8782.927,8812.333,151.0,169.0,219.0,226.0,False,HARD,54.0,False,Audi,8704.166,2026-06-07 14:32:56.425,4,12.0,False,,False,False
10944.073,HUL,27,,67.0,5.0,,8917.84,23.626,55.285,,8836.088,8891.309,,100.0,124.0,,153.0,False,HARD,55.0,False,Audi,8812.292,2026-06-07 14:34:44.551,451,12.0,False,,False,False
11089.924,HUL,27,145.851,68.0,6.0,10944.809,11028.697,27.252,40.295,78.304,10971.366,11011.661,11089.965,159.0,173.0,,263.0,False,SOFT,1.0,True,Audi,10944.073,2026-06-07 15:10:16.332,14,12.0,False,,False,False
11179.898,HUL,27,89.974,69.0,7.0,11090.626,,26.972,38.836,24.166,11116.937,11155.773,11179.939,169.0,177.0,256.0,271.0,False,SOFT,2.0,False,Audi,11089.924,2026-06-07 15:12:42.183,4,12.0,False,,False,False
11333.359,HUL,27,,70.0,7.0,,,25.722,51.254,76.512,11205.727,11256.971,11334.734,108.0,169.0,141.0,255.0,False,SOFT,3.0,False,Audi,11179.898,2026-06-07 15:14:12.157,41,13.0,False,,False,False
11422.551,HUL,27,89.192,71.0,7.0,,,26.341,41.338,21.513,11359.741,11401.079,11422.592,153.0,177.0,264.0,270.0,False,SOFT,4.0,False,Audi,11333.359,2026-06-07 15:16:45.618,12,10.0,False,,False,True
11502.305,HUL,27,79.754,72.0,7.0,,,21.377,36.954,21.423,11443.969,11480.923,11502.346,190.0,182.0,218.0,283.0,False,SOFT,5.0,False,Audi,11422.551,2026-06-07 15:18:14.810,1,8.0,True,TRACK LIMITS AT TURN 10 LAP 72 ,False,True
11582.38,HUL,27,80.075,73.0,7.0,,,22.603,36.98,20.492,11524.949,11561.929,11582.421,149.0,188.0,265.0,284.0,False,SOFT,6.0,False,Audi,11502.305,2026-06-07 15:19:34.564,1,9.0,False,,False,True
11659.128,HUL,27,76.748,74.0,7.0,,,20.359,36.059,20.33,11602.78,11638.839,11659.169,207.0,185.0,265.0,285.0,False,SOFT,7.0,False,Audi,11582.38,2026-06-07 15:20:54.639,1,9.0,False,,False,True
11735.481,HUL,27,76.353,75.0,7.0,,,20.243,35.793,20.317,11679.412,11715.205,11735.522,200.0,192.0,266.0,285.0,False,SOFT,8.0,False,Audi,11659.128,2026-06-07 15:22:11.387,1,9.0,False,,False,True
11812.215,HUL,27,76.734,76.0,7.0,,,20.449,35.885,20.4,11755.971,11791.856,11812.256,205.0,188.0,265.0,285.0,False,SOFT,9.0,False,Audi,11735.481,2026-06-07 15:23:27.740,1,9.0,False,,False,True
11888.705,HUL,27,76.49,77.0,7.0,,,20.251,35.985,20.254,11832.507,11868.492,11888.746,207.0,190.0,266.0,284.0,False,SOFT,10.0,False,Audi,11812.215,2026-06-07 15:24:44.474,1,9.0,False,,False,True
11965.216,HUL,27,76.511,78.0,7.0,,,20.119,36.168,20.224,11908.865,11945.033,11965.257,206.0,191.0,266.0,284.0,False,SOFT,11.0,False,Audi,11888.705,2026-06-07 15:26:00.964,1,9.0,False,,False,True
3402.391,VER,3,,1.0,1.0,,,,,,,,,,,,,False,MEDIUM,1.0,True,Red Bull Racing,3319.645,2026-06-07 13:03:11.904,12,,False,,True,False
3411.184,LAW,30,91.318,1.0,1.0,,,,39.584,21.586,,3389.78,3411.417,148.0,179.0,259.0,269.0,False,MEDIUM,1.0,True,Racing Bulls,3319.645,2026-06-07 13:03:11.904,12,9.0,False,,False,False
3491.853,LAW,30,80.669,2.0,1.0,,,21.714,37.771,21.184,3432.93,3470.701,3491.885,161.0,183.0,255.0,273.0,True,MEDIUM,2.0,True,Racing Bulls,3411.184,2026-06-07 13:04:43.443,1,9.0,False,,False,True
3572.247,LAW,30,80.394,3.0,1.0,,,21.624,37.615,21.155,3513.509,3551.124,3572.279,175.0,183.0,260.0,269.0,True,MEDIUM,3.0,True,Racing Bulls,3491.853,2026-06-07 13:06:04.112,1,9.0,False,,False,True
3651.93,LAW,30,79.683,4.0,1.0,,,21.237,37.294,21.152,3593.516,3630.81,3651.962,180.0,183.0,254.0,277.0,True,MEDIUM,4.0,True,Racing Bulls,3572.247,2026-06-07 13:07:24.506,1,9.0,False,,False,True
3731.237,LAW,30,79.307,5.0,1.0,,,21.067,37.156,21.084,3673.029,3710.185,3731.269,187.0,185.0,256.0,270.0,True,MEDIUM,5.0,True,Racing Bulls,3651.93,2026-06-07 13:08:44.189,1,9.0,False,,False,True
3810.783,LAW,30,79.546,6.0,1.0,,,21.142,37.33,21.074,3752.411,3789.741,3810.815,180.0,184.0,255.0,268.0,False,MEDIUM,6.0,True,Racing Bulls,3731.237,2026-06-07 13:10:03.496,1,9.0,False,,False,True
3889.836,LAW,30,79.053,7.0,1.0,,,20.97,37.087,20.996,3831.785,3868.872,3889.868,197.0,188.0,255.0,269.0,True,MEDIUM,7.0,True,Racing Bulls,3810.783,2026-06-07 13:11:23.042,1,9.0,False,,False,True
3968.697,LAW,30,78.861,8.0,1.0,,,20.852,37.011,20.998,3910.72,3947.731,3968.729,190.0,184.0,255.0,269.0,True,MEDIUM,8.0,True,Racing Bulls,3889.836,2026-06-07 13:12:42.095,1,9.0,False,,False,True
4047.178,LAW,30,78.481,9.0,1.0,,,20.788,36.834,20.859,3989.517,4026.351,4047.21,190.0,185.0,256.0,269.0,True,MEDIUM,9.0,True,Racing Bulls,3968.697,2026-06-07 13:14:00.956,1,9.0,False,,False,True
4125.652,LAW,30,78.474,10.0,1.0,,,20.97,36.737,20.767,4068.18,4104.917,4125.684,186.0,185.0,255.0,269.0,True,MEDIUM,10.0,True,Racing Bulls,4047.178,2026-06-07 13:15:19.437,1,9.0,False,,False,True
4204.195,LAW,30,78.543,11.0,1.0,,,20.791,36.89,20.862,4146.475,4183.365,4204.227,193.0,185.0,255.0,269.0,False,MEDIUM,11.0,True,Racing Bulls,4125.652,2026-06-07 13:16:37.911,1,9.0,False,,False,True
4282.678,LAW,30,78.483,12.0,1.0,,,20.727,36.907,20.849,4224.954,4261.861,4282.71,192.0,182.0,255.0,269.0,False,MEDIUM,12.0,True,Racing Bulls,4204.195,2026-06-07 13:17:56.454,1,9.0,False,,False,True
4361.193,LAW,30,78.515,13.0,1.0,,,20.748,36.901,20.866,4303.458,4340.359,4361.225,193.0,184.0,255.0,270.0,False,MEDIUM,13.0,True,Racing Bulls,4282.678,2026-06-07 13:19:14.937,1,9.0,False,,False,True
4439.817,LAW,30,78.624,14.0,1.0,,,20.79,36.921,20.913,4382.015,4418.936,4439.849,192.0,187.0,256.0,270.0,False,MEDIUM,14.0,True,Racing Bulls,4361.193,2026-06-07 13:20:33.452,1,9.0,False,,False,True
4518.346,LAW,30,78.529,15.0,1.0,,,20.801,36.845,20.883,4460.65,4497.495,4518.378,191.0,184.0,255.0,269.0,False,MEDIUM,15.0,True,Racing Bulls,4439.817,2026-06-07 13:21:52.076,1,9.0,False,,False,True
4597.066,LAW,30,78.72,16.0,1.0,,,20.861,37.019,20.84,4539.239,4576.258,4597.098,186.0,183.0,256.0,270.0,False,MEDIUM,16.0,True,Racing Bulls,4518.346,2026-06-07 13:23:10.605,1,9.0,False,,False,True
4675.859,LAW,30,78.793,17.0,1.0,,,20.802,37.059,20.932,4617.9,4654.959,4675.891,192.0,184.0,256.0,270.0,False,MEDIUM,17.0,True,Racing Bulls,4597.066,2026-06-07 13:24:29.325,1,9.0,False,,False,True
4754.817,LAW,30,78.958,18.0,1.0,,,20.81,37.192,20.956,4696.701,4733.893,4754.849,192.0,183.0,255.0,270.0,False,MEDIUM,18.0,True,Racing Bulls,4675.859,2026-06-07 13:25:48.118,1,9.0,False,,False,True
4833.758,LAW,30,78.941,19.0,1.0,,,20.905,37.047,20.989,4775.754,4812.801,4833.79,190.0,185.0,256.0,270.0,False,MEDIUM,19.0,True,Racing Bulls,4754.817,2026-06-07 13:27:07.076,1,9.0,False,,False,True
4912.616,LAW,30,78.858,20.0,1.0,,,20.754,37.035,21.069,4854.544,4891.579,4912.648,194.0,186.0,256.0,270.0,False,MEDIUM,20.0,True,Racing Bulls,4833.758,2026-06-07 13:28:26.017,1,9.0,False,,False,True
4991.578,LAW,30,78.962,21.0,1.0,,,20.879,37.02,21.063,4933.527,4970.547,4991.61,190.0,186.0,255.0,269.0,False,MEDIUM,21.0,True,Racing Bulls,4912.616,2026-06-07 13:29:44.875,1,9.0,False,,False,True
5070.625,LAW,30,79.047,22.0,1.0,,,20.817,37.134,21.096,5012.427,5049.561,5070.657,194.0,185.0,256.0,270.0,False,MEDIUM,22.0,True,Racing Bulls,4991.578,2026-06-07 13:31:03.837,1,9.0,False,,False,True
5149.651,LAW,30,79.026,23.0,1.0,,,20.86,37.097,21.069,5091.517,5128.614,5149.683,192.0,187.0,256.0,270.0,False,MEDIUM,23.0,True,Racing Bulls,5070.625,2026-06-07 13:32:22.884,1,9.0,False,,False,True
5228.577,LAW,30,78.926,24.0,1.0,,,20.845,37.067,21.014,5170.528,5207.595,5228.609,193.0,185.0,255.0,270.0,False,MEDIUM,24.0,True,Racing Bulls,5149.651,2026-06-07 13:33:41.910,1,9.0,False,,False,True
5307.457,LAW,30,78.88,25.0,1.0,,,20.804,37.112,20.964,5249.413,5286.525,5307.489,189.0,184.0,256.0,270.0,False,MEDIUM,25.0,True,Racing Bulls,5228.577,2026-06-07 13:35:00.836,1,9.0,False,,False,True
5386.519,LAW,30,79.062,26.0,1.0,,,20.972,37.051,21.039,5328.461,5365.512,5386.551,193.0,185.0,256.0,270.0,False,MEDIUM,26.0,True,Racing Bulls,5307.457,2026-06-07 13:36:19.716,1,9.0,False,,False,True
5465.577,LAW,30,79.058,27.0,1.0,,,20.966,37.15,20.942,5407.517,5444.667,5465.609,192.0,184.0,255.0,270.0,False,MEDIUM,27.0,True,Racing Bulls,5386.519,2026-06-07 13:37:38.778,1,9.0,False,,False,True
5544.321,LAW,30,78.744,28.0,1.0,,,20.798,36.974,20.972,5486.407,5523.381,5544.353,195.0,187.0,256.0,270.0,False,MEDIUM,28.0,True,Racing Bulls,5465.577,2026-06-07 13:38:57.836,1,9.0,False,,False,True
5623.319,LAW,30,78.998,29.0,1.0,,,20.936,37.004,21.058,5565.289,5602.293,5623.351,191.0,186.0,256.0,270.0,False,MEDIUM,29.0,True,Racing Bulls,5544.321,2026-06-07 13:40:16.580,1,9.0,False,,False,True
5701.812,LAW,30,78.493,30.0,1.0,,,20.753,36.794,20.946,5644.104,5680.898,5701.844,193.0,185.0,256.0,270.0,False,MEDIUM,30.0,True,Racing Bulls,5623.319,2026-06-07 13:41:35.578,1,9.0,False,,False,True
5780.512,LAW,30,78.7,31.0,1.0,,,20.806,37.041,20.853,5722.65,5759.691,5780.544,193.0,187.0,255.0,269.0,False,MEDIUM,31.0,True,Racing Bulls,5701.812,2026-06-07 13:42:54.071,1,9.0,False,,False,True
5859.803,LAW,30,79.291,32.0,1.0,,,21.014,37.239,21.038,5801.558,5838.797,5859.835,182.0,187.0,256.0,270.0,False,MEDIUM,32.0,True,Racing Bulls,5780.512,2026-06-07 13:44:12.771,1,9.0,False,,False,True
5941.108,LAW,30,81.305,33.0,1.0,,,20.994,38.959,21.352,5880.829,5919.788,5941.14,184.0,179.0,257.0,271.0,False,MEDIUM,33.0,True,Racing Bulls,5859.803,2026-06-07 13:45:32.062,1,9.0,False,,False,True
6021.057,LAW,30,79.949,34.0,1.0,,,21.353,37.488,21.108,5962.493,5999.981,6021.089,181.0,185.0,257.0,270.0,False,MEDIUM,34.0,True,Racing Bulls,5941.108,2026-06-07 13:46:53.367,1,9.0,False,,False,True
6100.027,LAW,30,78.97,35.0,1.0,,,20.909,37.217,20.844,6041.998,6079.215,6100.059,189.0,186.0,257.0,271.0,False,MEDIUM,35.0,True,Racing Bulls,6021.057,2026-06-07 13:48:13.316,1,9.0,False,,False,True
6178.661,LAW,30,78.634,36.0,1.0,,,20.827,36.947,20.86,6120.886,6157.833,6178.693,189.0,187.0,257.0,271.0,False,MEDIUM,36.0,True,Racing Bulls,6100.027,2026-06-07 13:49:32.286,1,9.0,False,,False,True
6257.263,LAW,30,78.602,37.0,1.0,,,20.684,37.093,20.825,6199.377,6236.47,6257.295,194.0,187.0,257.0,270.0,False,MEDIUM,37.0,True,Racing Bulls,6178.661,2026-06-07 13:50:50.920,1,9.0,False,,False,True
6335.714,LAW,30,78.451,38.0,1.0,,,20.69,36.955,20.806,6277.985,6314.94,6335.746,196.0,188.0,257.0,270.0,True,MEDIUM,38.0,True,Racing Bulls,6257.263,2026-06-07 13:52:09.522,1,9.0,False,,False,True
6414.163,LAW,30,78.449,39.0,1.0,,,20.733,36.872,20.844,6356.479,6393.351,6414.195,197.0,189.0,257.0,271.0,True,MEDIUM,39.0,True,Racing Bulls,6335.714,2026-06-07 13:53:27.973,1,9.0,False,,False,True
6492.739,LAW,30,78.576,40.0,1.0,,,20.797,37.003,20.776,6434.992,6471.995,6492.771,194.0,187.0,257.0,270.0,False,MEDIUM,40.0,True,Racing Bulls,6414.163,2026-06-07 13:54:46.422,1,9.0,False,,False,True
6571.491,LAW,30,78.752,41.0,1.0,,,20.736,37.062,20.954,6513.507,6550.569,6571.523,196.0,187.0,257.0,271.0,False,MEDIUM,41.0,True,Racing Bulls,6492.739,2026-06-07 13:56:04.998,1,9.0,False,,False,True
6652.581,LAW,30,81.09,42.0,1.0,,,20.78,38.876,21.434,6592.303,6631.179,6652.613,191.0,175.0,256.0,271.0,False,MEDIUM,42.0,True,Racing Bulls,6571.491,2026-06-07 13:57:23.750,1,9.0,False,,False,True
6731.984,LAW,30,79.403,43.0,1.0,,,21.066,37.27,21.067,6673.679,6710.949,6732.016,189.0,187.0,256.0,271.0,False,MEDIUM,43.0,True,Racing Bulls,6652.581,2026-06-07 13:58:44.840,1,9.0,False,,False,True
6829.307,LAW,30,97.323,44.0,1.0,,6804.402,20.852,36.951,39.52,6752.868,6789.819,6829.339,194.0,183.0,,271.0,False,MEDIUM,44.0,True,Racing Bulls,6731.984,2026-06-07 14:00:04.243,1,9.0,False,,False,False
6914.287,LAW,30,84.98,45.0,2.0,6830.183,,24.934,38.647,21.399,6854.273,6892.92,6914.319,154.0,171.0,255.0,268.0,False,SOFT,5.0,False,Racing Bulls,6829.307,2026-06-07 14:01:41.566,1,8.0,False,,False,False
6993.167,LAW,30,78.88,46.0,2.0,,,21.095,36.959,20.826,6935.414,6972.373,6993.199,185.0,187.0,256.0,269.0,False,SOFT,6.0,False,Racing Bulls,6914.287,2026-06-07 14:03:06.546,1,8.0,False,,False,True
7071.149,LAW,30,77.982,47.0,2.0,,,20.704,36.637,20.641,7013.903,7050.54,7071.181,192.0,188.0,257.0,270.0,True,SOFT,7.0,False,Racing Bulls,6993.167,2026-06-07 14:04:25.426,1,8.0,False,,False,True
7149.086,LAW,30,77.937,48.0,2.0,,,20.9,36.411,20.626,7092.081,7128.492,7149.118,195.0,189.0,257.0,270.0,True,SOFT,8.0,False,Racing Bulls,7071.149,2026-06-07 14:05:43.408,1,8.0,False,,False,True
7226.87,LAW,30,77.784,49.0,2.0,,,20.773,36.407,20.604,7169.891,7206.298,7226.902,194.0,189.0,257.0,270.0,True,SOFT,9.0,False,Racing Bulls,7149.086,2026-06-07 14:07:01.345,1,8.0,False,,False,True
7304.127,LAW,30,77.257,50.0,2.0,,,20.565,36.21,20.482,7247.467,7283.677,7304.159,202.0,190.0,257.0,270.0,True,SOFT,10.0,False,Racing Bulls,7226.87,2026-06-07 14:08:19.129,1,8.0,False,,False,True
7381.633,LAW,30,77.506,51.0,2.0,,,20.626,36.336,20.544,7324.785,7361.121,7381.665,198.0,190.0,257.0,271.0,False,SOFT,11.0,False,Racing Bulls,7304.127,2026-06-07 14:09:36.386,1,8.0,False,,False,True
7459.338,LAW,30,77.705,52.0,2.0,,,20.697,36.45,20.558,7402.362,7438.812,7459.37,202.0,188.0,257.0,271.0,False,SOFT,12.0,False,Racing Bulls,7381.633,2026-06-07 14:10:53.892,1,8.0,False,,False,True
7537.15,LAW,30,77.812,53.0,2.0,,,20.597,36.529,20.686,7479.967,7516.496,7537.182,201.0,188.0,258.0,271.0,False,SOFT,13.0,False,Racing Bulls,7459.338,2026-06-07 14:12:11.597,1,8.0,False,,False,True
7614.678,LAW,30,77.528,54.0,2.0,,,20.489,36.335,20.704,7557.671,7594.006,7614.71,198.0,190.0,258.0,271.0,False,SOFT,14.0,False,Racing Bulls,7537.15,2026-06-07 14:13:29.409,1,8.0,False,,False,True
7692.322,LAW,30,77.644,55.0,2.0,,,20.538,36.404,20.702,7635.248,7671.652,7692.354,201.0,189.0,259.0,272.0,False,SOFT,15.0,False,Racing Bulls,7614.678,2026-06-07 14:14:46.937,1,8.0,False,,False,True
7770.34,LAW,30,78.018,56.0,2.0,,,20.604,36.842,20.572,7712.958,7749.8,7770.372,192.0,188.0,258.0,272.0,False,SOFT,16.0,False,Racing Bulls,7692.322,2026-06-07 14:16:04.581,1,8.0,False,,False,True
7847.91,LAW,30,77.57,57.0,2.0,,,20.542,36.427,20.601,7790.914,7827.341,7847.942,199.0,189.0,257.0,271.0,False,SOFT,17.0,False,Racing Bulls,7770.34,2026-06-07 14:17:22.599,1,8.0,False,,False,True
7926.491,LAW,30,78.581,58.0,2.0,,,20.574,36.289,21.718,7868.516,7904.805,7926.523,198.0,192.0,253.0,271.0,False,SOFT,18.0,False,Racing Bulls,7847.91,2026-06-07 14:18:40.169,12,8.0,False,,False,True
8033.724,LAW,30,107.233,59.0,2.0,,,28.108,49.669,29.456,7954.631,8004.3,8033.756,149.0,144.0,207.0,217.0,False,SOFT,19.0,False,Racing Bulls,7926.491,2026-06-07 14:19:58.750,24,8.0,False,,False,False
8147.91,LAW,30,114.186,60.0,2.0,,8128.83,27.321,48.373,38.492,8061.077,8109.45,8147.942,132.0,131.0,,234.0,False,SOFT,20.0,False,Racing Bulls,8033.724,2026-06-07 14:21:45.983,4,8.0,False,,False,False
8235.098,LAW,30,87.188,61.0,3.0,8148.72,,25.504,39.264,22.42,8173.446,8212.71,8235.13,148.0,174.0,234.0,258.0,False,SOFT,21.0,False,Racing Bulls,8147.91,2026-06-07 14:23:40.169,4,8.0,False,,False,False
8339.59,LAW,30,104.492,62.0,3.0,,,22.879,49.392,32.221,8258.009,8307.401,8339.622,140.0,164.0,118.0,172.0,False,SOFT,22.0,False,Racing Bulls,8235.098,2026-06-07 14:25:07.357,4,8.0,False,,False,False
8443.255,LAW,30,103.665,63.0,3.0,,,35.79,45.836,22.039,8375.412,8421.248,8443.287,94.0,170.0,257.0,226.0,False,SOFT,23.0,False,Racing Bulls,8339.59,2026-06-07 14:26:51.849,4,8.0,False,,False,False
8522.814,LAW,30,79.559,64.0,3.0,,,21.187,37.148,21.224,8464.474,8501.622,8522.846,186.0,182.0,256.0,271.0,False,SOFT,24.0,False,Racing Bulls,8443.255,2026-06-07 14:28:35.514,4,8.0,False,,False,False
8603.199,LAW,30,80.385,65.0,3.0,,,20.667,36.735,22.983,8543.513,8580.248,8603.231,193.0,186.0,257.0,274.0,False,SOFT,25.0,False,Racing Bulls,8522.814,2026-06-07 14:29:55.073,412,7.0,False,,False,False
8718.702,LAW,30,115.503,66.0,3.0,,8699.171,29.362,47.999,38.142,8632.593,8680.592,8718.734,76.0,131.0,,138.0,False,SOFT,26.0,False,Racing Bulls,8603.199,2026-06-07 14:31:15.458,24,7.0,False,,False,False
8822.448,LAW,30,103.746,67.0,4.0,8719.501,,26.507,52.133,25.106,8745.241,8797.374,8822.48,129.0,142.0,250.0,257.0,False,SOFT,7.0,False,Racing Bulls,8718.702,2026-06-07 14:33:10.961,4,7.0,False,,False,False
11076.1,LAW,30,,68.0,4.0,,8930.794,29.74,49.477,,8852.385,8901.736,,104.0,145.0,,181.0,False,SOFT,8.0,False,Racing Bulls,8822.448,2026-06-07 14:34:54.707,451,7.0,False,,False,False
11171.203,LAW,30,95.103,69.0,5.0,11076.876,,27.841,41.194,26.068,11103.973,11145.167,11171.235,136.0,174.0,222.0,247.0,False,SOFT,7.0,False,Racing Bulls,11076.1,2026-06-07 15:12:28.359,4,7.0,False,,False,False
11332.214,LAW,30,,70.0,5.0,,,28.32,50.673,82.003,11199.695,11250.33,11332.671,96.0,171.0,93.0,239.0,False,SOFT,8.0,False,Racing Bulls,11171.203,2026-06-07 15:14:03.462,41,7.0,False,,False,False
11420.894,LAW,30,88.68,71.0,5.0,,,26.221,40.929,21.53,11358.467,11399.396,11420.926,146.0,178.0,257.0,269.0,False,SOFT,9.0,False,Racing Bulls,11332.214,2026-06-07 15:16:44.473,12,7.0,False,,False,True
11500.007,LAW,30,79.113,72.0,5.0,,,21.195,37.262,20.656,11442.121,11479.383,11500.039,175.0,186.0,259.0,272.0,False,SOFT,10.0,False,Racing Bulls,11420.894,2026-06-07 15:18:13.153,1,6.0,False,,False,True
11577.652,LAW,30,77.645,73.0,5.0,,,21.037,36.192,20.416,11521.076,11557.268,11577.684,196.0,190.0,259.0,272.0,False,SOFT,11.0,False,Racing Bulls,11500.007,2026-06-07 15:19:32.266,1,6.0,False,,False,True
11654.048,LAW,30,76.396,74.0,5.0,,,20.303,35.932,20.161,11597.987,11633.919,11654.08,204.0,194.0,259.0,272.0,True,SOFT,12.0,False,Racing Bulls,11577.652,2026-06-07 15:20:49.911,1,6.0,False,,False,True
11730.095,LAW,30,76.047,75.0,5.0,,,20.18,35.798,20.069,11674.26,11710.058,11730.127,203.0,195.0,260.0,273.0,True,SOFT,13.0,False,Racing Bulls,11654.048,2026-06-07 15:22:06.307,1,6.0,False,,False,True
11805.849,LAW,30,75.754,76.0,5.0,,,20.047,35.665,20.042,11750.174,11785.839,11805.881,202.0,196.0,260.0,273.0,True,SOFT,14.0,False,Racing Bulls,11730.095,2026-06-07 15:23:22.354,1,6.0,False,,False,True
11881.742,LAW,30,75.893,77.0,5.0,,,20.071,35.708,20.114,11825.952,11861.66,11881.774,198.0,195.0,261.0,273.0,False,SOFT,15.0,False,Racing Bulls,11805.849,2026-06-07 15:24:38.108,1,6.0,False,,False,True
11957.705,LAW,30,75.963,78.0,5.0,,,20.031,35.735,20.197,11901.805,11937.54,11957.737,202.0,194.0,260.0,273.0,False,SOFT,16.0,False,Racing Bulls,11881.742,2026-06-07 15:25:54.001,1,6.0,False,,False,True
3416.429,OCO,31,96.563,1.0,1.0,,,,41.916,22.06,,3394.484,3416.558,143.0,178.0,260.0,263.0,False,MEDIUM,1.0,True,Haas F1 Team,3319.645,2026-06-07 13:03:11.904,12,16.0,False,,False,False
3498.092,OCO,31,81.663,2.0,1.0,,,21.934,38.056,21.673,3438.385,3476.441,3498.114,165.0,179.0,260.0,280.0,True,MEDIUM,2.0,True,Haas F1 Team,3416.429,2026-06-07 13:04:48.688,1,16.0,False,,False,True
3578.679,OCO,31,80.587,3.0,1.0,,,21.625,37.639,21.323,3519.739,3557.378,3578.701,174.0,181.0,261.0,271.0,True,MEDIUM,3.0,True,Haas F1 Team,3498.092,2026-06-07 13:06:10.351,1,16.0,False,,False,True
3658.916,OCO,31,80.237,4.0,1.0,,,21.43,37.497,21.31,3600.131,3637.628,3658.938,169.0,186.0,261.0,278.0,True,MEDIUM,4.0,True,Haas F1 Team,3578.679,2026-06-07 13:07:30.938,1,15.0,False,,False,True
3738.361,OCO,31,79.445,5.0,1.0,,,21.191,37.159,21.095,3680.129,3717.288,3738.383,168.0,185.0,261.0,277.0,True,MEDIUM,5.0,True,Haas F1 Team,3658.916,2026-06-07 13:08:51.175,1,15.0,False,,False,True
3817.943,OCO,31,79.582,6.0,1.0,,,21.182,37.22,21.18,3759.565,3796.785,3817.965,166.0,186.0,261.0,280.0,False,MEDIUM,6.0,True,Haas F1 Team,3738.361,2026-06-07 13:10:10.620,1,15.0,False,,False,True
3897.65,OCO,31,79.707,7.0,1.0,,,21.173,37.402,21.132,3839.138,3876.54,3897.672,168.0,184.0,261.0,278.0,False,MEDIUM,7.0,True,Haas F1 Team,3817.943,2026-06-07 13:11:30.202,1,15.0,False,,False,True
3976.972,OCO,31,79.322,8.0,1.0,,,21.057,37.073,21.192,3918.729,3955.802,3976.994,170.0,186.0,261.0,279.0,True,MEDIUM,8.0,True,Haas F1 Team,3897.65,2026-06-07 13:12:49.909,1,15.0,False,,False,True
4074.232,OCO,31,97.26,9.0,1.0,,4049.577,20.984,37.108,39.168,3997.978,4035.086,4074.254,173.0,186.0,,280.0,False,MEDIUM,9.0,True,Haas F1 Team,3976.972,2026-06-07 13:14:09.231,1,15.0,False,,False,False
4156.186,OCO,31,81.954,10.0,2.0,4074.983,,24.242,37.026,20.686,4098.496,4135.522,4156.208,176.0,184.0,255.0,268.0,False,HARD,1.0,True,Haas F1 Team,4074.232,2026-06-07 13:15:46.491,1,15.0,False,,False,False
4234.134,OCO,31,77.948,11.0,2.0,,,20.847,36.469,20.632,4177.055,4213.524,4234.156,185.0,189.0,255.0,269.0,True,HARD,2.0,True,Haas F1 Team,4156.186,2026-06-07 13:17:08.445,1,15.0,False,,False,True
4311.395,OCO,31,77.261,12.0,2.0,,,20.587,36.241,20.433,4254.743,4290.984,4311.417,188.0,192.0,255.0,269.0,True,HARD,3.0,True,Haas F1 Team,4234.134,2026-06-07 13:18:26.393,1,15.0,False,,False,True
4389.149,OCO,31,77.754,13.0,2.0,,,20.687,36.488,20.579,4332.104,4368.592,4389.171,191.0,188.0,255.0,270.0,False,HARD,4.0,True,Haas F1 Team,4311.395,2026-06-07 13:19:43.654,1,15.0,False,,False,True
4466.609,OCO,31,77.46,14.0,2.0,,,20.545,36.341,20.574,4409.716,4446.057,4466.631,193.0,187.0,255.0,270.0,False,HARD,5.0,True,Haas F1 Team,4389.149,2026-06-07 13:21:01.408,1,15.0,False,,False,True
4544.181,OCO,31,77.572,15.0,2.0,,,20.552,36.4,20.62,4487.183,4523.583,4544.203,187.0,189.0,255.0,270.0,False,HARD,6.0,True,Haas F1 Team,4466.609,2026-06-07 13:22:18.868,1,15.0,False,,False,True
4621.92,OCO,31,77.739,16.0,2.0,,,20.533,36.537,20.669,4564.736,4601.273,4621.942,190.0,188.0,255.0,270.0,False,HARD,7.0,True,Haas F1 Team,4544.181,2026-06-07 13:23:36.440,1,15.0,False,,False,True
4699.653,OCO,31,77.733,17.0,2.0,,,20.602,36.488,20.643,4642.544,4679.032,4699.675,193.0,189.0,255.0,270.0,False,HARD,8.0,True,Haas F1 Team,4621.92,2026-06-07 13:24:54.179,1,15.0,False,,False,True
4777.322,OCO,31,77.669,18.0,2.0,,,20.532,36.481,20.656,4720.207,4756.688,4777.344,191.0,189.0,255.0,270.0,False,HARD,9.0,True,Haas F1 Team,4699.653,2026-06-07 13:26:11.912,1,15.0,False,,False,True
4854.942,OCO,31,77.62,19.0,2.0,,,20.489,36.522,20.609,4797.833,4834.355,4854.964,195.0,189.0,255.0,270.0,False,HARD,10.0,True,Haas F1 Team,4777.322,2026-06-07 13:27:29.581,1,15.0,False,,False,True
4932.67,OCO,31,77.728,20.0,2.0,,,20.427,36.641,20.66,4875.391,4912.032,4932.692,191.0,188.0,255.0,271.0,False,HARD,11.0,True,Haas F1 Team,4854.942,2026-06-07 13:28:47.201,1,15.0,False,,False,True
5010.638,OCO,31,77.968,21.0,2.0,,,20.582,36.624,20.762,4953.274,4989.898,5010.66,190.0,187.0,255.0,271.0,False,HARD,12.0,True,Haas F1 Team,4932.67,2026-06-07 13:30:04.929,1,15.0,False,,False,True
5089.009,OCO,31,78.371,22.0,2.0,,,20.717,36.763,20.891,5031.377,5068.14,5089.031,188.0,185.0,255.0,270.0,False,HARD,13.0,True,Haas F1 Team,5010.638,2026-06-07 13:31:22.897,1,15.0,False,,False,True
5166.891,OCO,31,77.882,23.0,2.0,,,20.45,36.62,20.812,5109.481,5146.101,5166.913,195.0,187.0,256.0,271.0,False,HARD,14.0,True,Haas F1 Team,5089.009,2026-06-07 13:32:41.268,1,15.0,False,,False,True
5244.89,OCO,31,77.999,24.0,2.0,,,20.599,36.64,20.76,5187.512,5224.152,5244.912,188.0,190.0,255.0,271.0,False,HARD,15.0,True,Haas F1 Team,5166.891,2026-06-07 13:33:59.150,1,15.0,False,,False,True
5322.944,OCO,31,78.054,25.0,2.0,,,20.44,36.738,20.876,5265.352,5302.09,5322.966,194.0,186.0,255.0,271.0,False,HARD,16.0,True,Haas F1 Team,5244.89,2026-06-07 13:35:17.149,1,15.0,False,,False,True
5403.626,OCO,31,80.682,26.0,2.0,,,20.882,38.633,21.167,5343.848,5382.481,5403.648,175.0,184.0,254.0,266.0,False,HARD,17.0,True,Haas F1 Team,5322.944,2026-06-07 13:36:35.203,1,15.0,False,,False,True
5482.218,OCO,31,78.592,27.0,2.0,,,20.77,36.872,20.95,5424.418,5461.29,5482.24,187.0,186.0,256.0,271.0,False,HARD,18.0,True,Haas F1 Team,5403.626,2026-06-07 13:37:55.885,1,15.0,False,,False,True
5560.856,OCO,31,78.638,28.0,2.0,,,20.674,36.931,21.033,5502.914,5539.845,5560.878,188.0,185.0,256.0,271.0,False,HARD,19.0,True,Haas F1 Team,5482.218,2026-06-07 13:39:14.477,1,15.0,False,,False,True
5639.532,OCO,31,78.676,29.0,2.0,,,20.743,37.063,20.87,5581.621,5618.684,5639.554,188.0,186.0,256.0,271.0,False,HARD,20.0,True,Haas F1 Team,5560.856,2026-06-07 13:40:33.115,1,15.0,False,,False,True
5718.102,OCO,31,78.57,30.0,2.0,,,20.797,36.849,20.924,5660.351,5697.2,5718.124,190.0,186.0,256.0,271.0,False,HARD,21.0,True,Haas F1 Team,5639.532,2026-06-07 13:41:51.791,1,15.0,False,,False,True
5796.799,OCO,31,78.697,31.0,2.0,,,20.732,36.955,21.01,5738.856,5775.811,5796.821,190.0,187.0,256.0,271.0,False,HARD,22.0,True,Haas F1 Team,5718.102,2026-06-07 13:43:10.361,1,15.0,False,,False,True
5875.759,OCO,31,78.96,32.0,2.0,,,20.891,37.092,20.977,5817.712,5854.804,5875.781,183.0,187.0,256.0,271.0,False,HARD,23.0,True,Haas F1 Team,5796.799,2026-06-07 13:44:29.058,1,15.0,False,,False,True
5954.646,OCO,31,78.887,33.0,2.0,,,20.816,36.994,21.077,5896.597,5933.591,5954.668,182.0,186.0,257.0,272.0,False,HARD,24.0,True,Haas F1 Team,5875.759,2026-06-07 13:45:48.018,1,15.0,False,,False,True
6034.403,OCO,31,79.757,34.0,2.0,,,20.878,37.372,21.507,5975.546,6012.918,6034.425,176.0,186.0,256.0,272.0,False,HARD,25.0,True,Haas F1 Team,5954.646,2026-06-07 13:47:06.905,1,15.0,False,,False,True
6115.891,OCO,31,81.488,35.0,2.0,,,21.341,38.206,21.941,6055.766,6093.972,6115.913,164.0,180.0,262.0,272.0,False,HARD,26.0,True,Haas F1 Team,6034.403,2026-06-07 13:48:26.662,1,14.0,False,,False,True
6196.866,OCO,31,80.975,36.0,2.0,,,21.114,37.842,22.019,6137.027,6174.869,6196.888,168.0,184.0,262.0,279.0,False,HARD,27.0,True,Haas F1 Team,6115.891,2026-06-07 13:49:48.150,1,14.0,False,,False,True
6278.037,OCO,31,81.171,37.0,2.0,,,21.337,37.987,21.847,6218.225,6256.212,6278.059,175.0,183.0,261.0,280.0,False,HARD,28.0,True,Haas F1 Team,6196.866,2026-06-07 13:51:09.125,1,14.0,False,,False,True
6360.679,OCO,31,82.642,38.0,2.0,,,21.396,39.501,21.745,6299.455,6338.956,6360.701,169.0,181.0,262.0,266.0,False,HARD,29.0,True,Haas F1 Team,6278.037,2026-06-07 13:52:30.296,1,14.0,False,,False,True
6442.55,OCO,31,81.871,39.0,2.0,,,21.47,38.473,21.928,6382.171,6420.644,6442.572,166.0,179.0,262.0,276.0,False,HARD,30.0,True,Haas F1 Team,6360.679,2026-06-07 13:53:52.938,1,14.0,False,,False,True
6525.533,OCO,31,82.983,40.0,2.0,,,21.34,39.966,21.677,6463.912,6503.878,6525.555,167.0,178.0,257.0,278.0,False,HARD,31.0,True,Haas F1 Team,6442.55,2026-06-07 13:55:14.809,1,14.0,False,,False,True
6606.881,OCO,31,81.348,41.0,2.0,,,21.436,37.881,22.031,6546.991,6584.872,6606.903,178.0,181.0,263.0,271.0,False,HARD,32.0,True,Haas F1 Team,6525.533,2026-06-07 13:56:37.792,1,14.0,False,,False,True
6688.792,OCO,31,81.911,42.0,2.0,,,21.499,38.538,21.874,6628.402,6666.94,6688.814,163.0,180.0,262.0,280.0,False,HARD,33.0,True,Haas F1 Team,6606.881,2026-06-07 13:57:59.140,1,14.0,False,,False,True
6770.255,OCO,31,81.463,43.0,2.0,,,21.682,38.411,21.37,6710.496,6748.907,6770.277,165.0,185.0,262.0,280.0,False,HARD,34.0,True,Haas F1 Team,6688.792,2026-06-07 13:59:21.051,1,14.0,False,,False,True
6850.511,OCO,31,80.256,44.0,2.0,,,21.199,37.776,21.281,6791.476,6829.252,6850.533,177.0,186.0,262.0,281.0,False,HARD,35.0,True,Haas F1 Team,6770.255,2026-06-07 14:00:42.514,1,14.0,False,,False,True
6931.55,OCO,31,81.039,45.0,2.0,,,20.997,37.628,22.414,6871.53,6909.158,6931.572,181.0,183.0,261.0,280.0,False,HARD,36.0,True,Haas F1 Team,6850.511,2026-06-07 14:02:02.770,1,13.0,False,,False,True
7013.674,OCO,31,82.124,46.0,2.0,,,21.334,38.875,21.915,6952.906,6991.781,7013.696,169.0,178.0,262.0,276.0,False,HARD,37.0,True,Haas F1 Team,6931.55,2026-06-07 14:03:23.809,1,13.0,False,,False,True
7095.862,OCO,31,82.188,47.0,2.0,,,21.633,38.504,22.051,7035.329,7073.833,7095.884,163.0,179.0,261.0,280.0,False,HARD,38.0,True,Haas F1 Team,7013.674,2026-06-07 14:04:45.933,1,13.0,False,,False,True
7176.679,OCO,31,80.817,48.0,2.0,,,22.118,37.58,21.119,7118.002,7155.582,7176.701,175.0,185.0,262.0,280.0,False,HARD,39.0,True,Haas F1 Team,7095.862,2026-06-07 14:06:08.121,1,13.0,False,,False,True
7256.1,OCO,31,79.421,49.0,2.0,,,20.862,37.149,21.41,7197.563,7234.712,7256.122,179.0,186.0,262.0,280.0,False,HARD,40.0,True,Haas F1 Team,7176.679,2026-06-07 14:07:28.938,1,13.0,False,,False,True
7337.621,OCO,31,81.521,50.0,2.0,,,20.997,38.737,21.787,7277.119,7315.856,7337.643,187.0,178.0,217.0,280.0,False,HARD,41.0,True,Haas F1 Team,7256.1,2026-06-07 14:08:48.359,1,13.0,False,,False,True
7418.237,OCO,31,80.616,51.0,2.0,,,21.724,37.702,21.19,7359.367,7397.069,7418.259,179.0,184.0,261.0,272.0,False,HARD,42.0,True,Haas F1 Team,7337.621,2026-06-07 14:10:09.880,1,13.0,False,,False,True
7497.659,OCO,31,79.422,52.0,2.0,,,21.203,37.202,21.017,7439.462,7476.664,7497.681,176.0,185.0,257.0,279.0,False,HARD,43.0,True,Haas F1 Team,7418.237,2026-06-07 14:11:30.496,1,13.0,False,,False,True
7580.399,OCO,31,82.74,53.0,2.0,,,22.502,38.577,21.661,7520.183,7558.76,7580.421,139.0,180.0,262.0,271.0,False,HARD,44.0,True,Haas F1 Team,7497.659,2026-06-07 14:12:49.918,1,13.0,False,,False,True
7659.724,OCO,31,79.325,54.0,2.0,,,20.995,37.371,20.959,7601.416,7638.787,7659.746,180.0,185.0,257.0,280.0,False,HARD,45.0,True,Haas F1 Team,7580.399,2026-06-07 14:14:12.658,1,13.0,False,,False,True
7738.939,OCO,31,79.215,55.0,2.0,,,20.93,37.179,21.106,7680.676,7717.855,7738.961,187.0,184.0,257.0,271.0,False,HARD,46.0,True,Haas F1 Team,7659.724,2026-06-07 14:15:31.983,1,13.0,False,,False,True
7820.725,OCO,31,81.786,56.0,2.0,,,20.916,38.987,21.883,7759.877,7798.864,7820.747,182.0,178.0,235.0,271.0,False,HARD,47.0,True,Haas F1 Team,7738.939,2026-06-07 14:16:51.198,1,13.0,False,,False,True
7902.428,OCO,31,81.703,57.0,2.0,,,21.566,38.64,21.497,7842.313,7880.953,7902.45,182.0,181.0,252.0,266.0,False,HARD,48.0,True,Haas F1 Team,7820.725,2026-06-07 14:18:12.984,1,13.0,False,,False,True
8004.675,OCO,31,102.247,58.0,2.0,,,21.16,50.042,31.045,7923.61,7973.652,8004.697,183.0,154.0,202.0,187.0,False,HARD,49.0,True,Haas F1 Team,7902.428,2026-06-07 14:19:34.687,124,13.0,False,,False,False
8116.186,OCO,31,111.511,59.0,2.0,,8097.004,24.633,49.511,37.367,8029.33,8078.841,8116.208,156.0,154.0,,222.0,False,HARD,50.0,True,Haas F1 Team,8004.675,2026-06-07 14:21:16.934,4,12.0,False,,False,False
8212.897,OCO,31,96.711,60.0,3.0,8117.017,,26.346,40.322,30.043,8142.554,8182.876,8212.919,156.0,161.0,155.0,261.0,False,HARD,51.0,False,Haas F1 Team,8116.186,2026-06-07 14:23:08.445,4,12.0,False,,False,False
8332.221,OCO,31,119.324,61.0,3.0,,,34.818,50.424,34.082,8247.737,8298.161,8332.243,95.0,162.0,93.0,156.0,False,HARD,52.0,False,Haas F1 Team,8212.897,2026-06-07 14:24:45.156,4,12.0,False,,False,False
8423.98,OCO,31,91.759,62.0,3.0,,,28.637,40.639,22.483,8360.88,8401.519,8424.002,146.0,175.0,257.0,261.0,False,HARD,53.0,False,Haas F1 Team,8332.221,2026-06-07 14:26:44.480,4,12.0,False,,False,False
8508.072,OCO,31,84.092,63.0,3.0,,,22.258,39.226,22.608,8446.26,8485.486,8508.094,169.0,180.0,256.0,269.0,False,HARD,54.0,False,Haas F1 Team,8423.98,2026-06-07 14:28:16.239,4,12.0,False,,False,False
8589.981,OCO,31,81.909,64.0,3.0,,,22.019,37.902,21.988,8530.113,8568.015,8590.003,177.0,183.0,257.0,271.0,False,HARD,55.0,False,Haas F1 Team,8508.072,2026-06-07 14:29:40.331,412,12.0,False,,False,False
8702.415,OCO,31,112.434,65.0,3.0,,8681.836,24.698,48.853,38.883,8614.701,8663.554,8702.437,99.0,166.0,,170.0,False,HARD,56.0,False,Haas F1 Team,8589.981,2026-06-07 14:31:02.240,24,11.0,False,,False,False
8810.389,OCO,31,107.974,66.0,4.0,8703.27,,30.676,48.696,28.602,8733.113,8781.809,8810.411,149.0,156.0,218.0,203.0,False,HARD,57.0,False,Haas F1 Team,8702.415,2026-06-07 14:32:54.674,4,11.0,False,,False,False
10941.569,OCO,31,,67.0,4.0,,8916.246,24.547,54.564,,8835.119,8889.683,,107.0,137.0,,161.0,False,HARD,58.0,False,Haas F1 Team,8810.389,2026-06-07 14:34:42.648,451,11.0,False,,False,False
11086.855,OCO,31,145.286,68.0,5.0,10942.27,11024.979,27.481,39.21,78.595,10969.072,11008.282,11086.877,155.0,174.0,,267.0,False,SOFT,1.0,True,Haas F1 Team,10941.569,2026-06-07 15:10:13.828,14,11.0,False,,False,False
11178.374,OCO,31,91.519,69.0,6.0,11087.532,,28.733,39.123,23.663,11115.61,11154.733,11178.396,160.0,180.0,203.0,267.0,False,SOFT,2.0,False,Haas F1 Team,11086.855,2026-06-07 15:12:39.114,4,11.0,False,,False,False
11333.175,OCO,31,,70.0,6.0,,,26.1,51.133,77.588,11204.508,11255.658,11334.124,88.0,158.0,138.0,243.0,False,SOFT,3.0,False,Haas F1 Team,11178.374,2026-06-07 15:14:10.633,41,11.0,False,,False,False
11423.031,OCO,31,89.856,71.0,6.0,,,26.365,41.878,21.613,11359.562,11401.44,11423.053,154.0,181.0,262.0,269.0,False,SOFT,4.0,False,Haas F1 Team,11333.175,2026-06-07 15:16:45.434,12,11.0,False,,False,True
11504.056,OCO,31,81.025,72.0,6.0,,,21.602,38.022,21.401,11444.655,11482.677,11504.078,178.0,180.0,265.0,281.0,False,SOFT,5.0,False,Haas F1 Team,11423.031,2026-06-07 15:18:15.290,1,10.0,False,,False,True
11583.177,OCO,31,79.121,73.0,6.0,,,21.369,37.242,20.51,11525.447,11562.689,11583.199,183.0,190.0,264.0,283.0,False,SOFT,6.0,False,Haas F1 Team,11504.056,2026-06-07 15:19:36.315,1,10.0,False,,False,True
11660.399,OCO,31,77.222,74.0,6.0,,,20.597,36.189,20.436,11603.796,11639.985,11660.421,194.0,189.0,259.0,283.0,True,SOFT,7.0,False,Haas F1 Team,11583.177,2026-06-07 15:20:55.436,1,10.0,False,,False,True
11737.351,OCO,31,76.952,75.0,6.0,,,20.527,36.15,20.275,11680.948,11717.098,11737.373,190.0,191.0,259.0,274.0,True,SOFT,8.0,False,Haas F1 Team,11660.399,2026-06-07 15:22:12.658,1,10.0,False,,False,True
11814.343,OCO,31,76.992,76.0,6.0,,,20.359,36.162,20.471,11757.732,11793.894,11814.365,195.0,189.0,259.0,273.0,False,SOFT,9.0,False,Haas F1 Team,11737.351,2026-06-07 15:23:29.610,1,10.0,False,,False,True
11891.257,OCO,31,76.914,77.0,6.0,,,20.303,36.281,20.33,11834.668,11870.949,11891.279,193.0,187.0,259.0,273.0,True,SOFT,10.0,False,Haas F1 Team,11814.343,2026-06-07 15:24:46.602,1,10.0,False,,False,True
11968.314,OCO,31,77.057,78.0,6.0,,,20.346,36.216,20.495,11911.625,11947.841,11968.336,195.0,188.0,258.0,274.0,False,SOFT,11.0,False,Haas F1 Team,11891.257,2026-06-07 15:26:03.516,1,10.0,False,,False,True
3415.823,LIN,41,95.957,1.0,1.0,,,,42.161,21.886,,3394.121,3415.901,145.0,174.0,259.0,269.0,False,MEDIUM,1.0,True,Racing Bulls,3319.645,2026-06-07 13:03:11.904,12,15.0,False,,False,False
3497.225,LIN,41,81.402,2.0,1.0,,,21.738,38.17,21.494,3437.585,3475.755,3497.249,178.0,178.0,259.0,278.0,True,MEDIUM,2.0,True,Racing Bulls,3415.823,2026-06-07 13:04:48.082,1,15.0,False,,False,True
3577.853,LIN,41,80.628,3.0,1.0,,,21.573,37.777,21.278,3518.822,3556.599,3577.877,187.0,184.0,261.0,279.0,True,MEDIUM,3.0,True,Racing Bulls,3497.225,2026-06-07 13:06:09.484,1,15.0,False,,False,True
3657.969,LIN,41,80.116,4.0,1.0,,,21.227,37.627,21.262,3599.104,3636.731,3657.993,181.0,183.0,258.0,278.0,True,MEDIUM,4.0,True,Racing Bulls,3577.853,2026-06-07 13:07:30.112,1,14.0,False,,False,True
3737.388,LIN,41,79.419,5.0,1.0,,,21.042,37.447,20.93,3679.035,3716.482,3737.412,189.0,183.0,256.0,277.0,True,MEDIUM,5.0,True,Racing Bulls,3657.969,2026-06-07 13:08:50.228,1,14.0,False,,False,True
3817.102,LIN,41,79.714,6.0,1.0,,,21.199,37.366,21.149,3758.611,3795.977,3817.126,184.0,184.0,258.0,270.0,False,MEDIUM,6.0,True,Racing Bulls,3737.388,2026-06-07 13:10:09.647,1,14.0,False,,False,True
3896.811,LIN,41,79.709,7.0,1.0,,,21.051,37.585,21.073,3838.177,3875.762,3896.835,183.0,184.0,254.0,275.0,False,MEDIUM,7.0,True,Racing Bulls,3817.102,2026-06-07 13:11:29.361,1,14.0,False,,False,True
3976.008,LIN,41,79.197,8.0,1.0,,,20.909,37.352,20.936,3917.744,3955.096,3976.032,189.0,182.0,261.0,271.0,True,MEDIUM,8.0,True,Racing Bulls,3896.811,2026-06-07 13:12:49.070,1,14.0,False,,False,True
4055.17,LIN,41,79.162,9.0,1.0,,,20.966,37.139,21.057,3996.998,4034.137,4055.194,188.0,185.0,260.0,280.0,True,MEDIUM,9.0,True,Racing Bulls,3976.008,2026-06-07 13:14:08.267,1,14.0,False,,False,True
4134.985,LIN,41,79.815,10.0,1.0,,,21.097,37.42,21.298,4076.291,4113.711,4135.009,181.0,183.0,260.0,280.0,False,MEDIUM,10.0,True,Racing Bulls,4055.17,2026-06-07 13:15:27.429,1,14.0,False,,False,True
4213.974,LIN,41,78.989,11.0,1.0,,,21.131,36.968,20.89,4156.14,4193.108,4213.998,182.0,184.0,256.0,280.0,True,MEDIUM,11.0,True,Racing Bulls,4134.985,2026-06-07 13:16:47.244,1,14.0,False,,False,True
4293.165,LIN,41,79.191,12.0,1.0,,,21.035,37.187,20.969,4235.033,4272.22,4293.189,182.0,184.0,255.0,267.0,False,MEDIUM,12.0,True,Racing Bulls,4213.974,2026-06-07 13:18:06.233,1,13.0,False,,False,True
4372.164,LIN,41,78.999,13.0,1.0,,,21.012,36.993,20.994,4314.201,4351.194,4372.188,186.0,187.0,255.0,270.0,False,MEDIUM,13.0,True,Racing Bulls,4293.165,2026-06-07 13:19:25.424,1,13.0,False,,False,True
4450.506,LIN,41,78.342,14.0,1.0,,,20.815,36.817,20.71,4393.003,4429.82,4450.53,192.0,186.0,256.0,270.0,True,MEDIUM,14.0,True,Racing Bulls,4372.164,2026-06-07 13:20:44.423,1,13.0,False,,False,True
4528.917,LIN,41,78.411,15.0,1.0,,,20.683,36.814,20.914,4471.213,4508.027,4528.941,194.0,184.0,255.0,271.0,False,MEDIUM,15.0,True,Racing Bulls,4450.506,2026-06-07 13:22:02.765,1,13.0,False,,False,True
4607.469,LIN,41,78.552,16.0,1.0,,,20.723,36.961,20.868,4549.664,4586.625,4607.493,194.0,185.0,255.0,271.0,False,MEDIUM,16.0,True,Racing Bulls,4528.917,2026-06-07 13:23:21.176,1,13.0,False,,False,True
4686.875,LIN,41,79.406,17.0,1.0,,,20.879,37.509,21.018,4628.372,4665.881,4686.899,191.0,182.0,255.0,270.0,False,MEDIUM,17.0,True,Racing Bulls,4607.469,2026-06-07 13:24:39.728,1,13.0,True,TRACK LIMITS AT TURN 10 LAP 17 ,False,True
4765.403,LIN,41,78.528,18.0,1.0,,,20.723,36.958,20.847,4707.622,4744.58,4765.427,193.0,185.0,255.0,270.0,False,MEDIUM,18.0,True,Racing Bulls,4686.875,2026-06-07 13:25:59.134,1,13.0,False,,False,True
4843.843,LIN,41,78.44,19.0,1.0,,,20.648,36.879,20.913,4786.075,4822.954,4843.867,197.0,187.0,256.0,270.0,False,MEDIUM,19.0,True,Racing Bulls,4765.403,2026-06-07 13:27:17.662,1,13.0,False,,False,True
4922.328,LIN,41,78.485,20.0,1.0,,,20.745,36.919,20.821,4864.612,4901.531,4922.352,198.0,187.0,256.0,271.0,False,MEDIUM,20.0,True,Racing Bulls,4843.843,2026-06-07 13:28:36.102,1,13.0,False,,False,True
5000.786,LIN,41,78.458,21.0,1.0,,,20.682,36.977,20.799,4943.034,4980.011,5000.81,200.0,186.0,256.0,270.0,False,MEDIUM,21.0,True,Racing Bulls,4922.328,2026-06-07 13:29:54.587,1,13.0,False,,False,True
5079.469,LIN,41,78.683,22.0,1.0,,,20.703,37.026,20.954,5021.513,5058.539,5079.493,199.0,184.0,256.0,271.0,False,MEDIUM,22.0,True,Racing Bulls,5000.786,2026-06-07 13:31:13.045,1,13.0,False,,False,True
5158.21,LIN,41,78.741,23.0,1.0,,,20.686,37.081,20.974,5100.179,5137.26,5158.234,201.0,184.0,257.0,272.0,False,MEDIUM,23.0,True,Racing Bulls,5079.469,2026-06-07 13:32:31.728,1,13.0,False,,False,True
5237.222,LIN,41,79.012,24.0,1.0,,,20.802,37.118,21.092,5179.036,5216.154,5237.246,196.0,186.0,256.0,271.0,False,MEDIUM,24.0,True,Racing Bulls,5158.21,2026-06-07 13:33:50.469,1,13.0,False,,False,True
5316.374,LIN,41,79.152,25.0,1.0,,,20.907,37.234,21.011,5258.153,5295.387,5316.398,196.0,183.0,256.0,271.0,False,MEDIUM,25.0,True,Racing Bulls,5237.222,2026-06-07 13:35:09.481,1,13.0,False,,False,True
5395.508,LIN,41,79.134,26.0,1.0,,,20.913,37.172,21.049,5337.311,5374.483,5395.532,193.0,181.0,256.0,271.0,False,MEDIUM,26.0,True,Racing Bulls,5316.374,2026-06-07 13:36:28.633,1,13.0,False,,False,True
5474.795,LIN,41,79.287,27.0,1.0,,,20.856,37.394,21.037,5416.388,5453.782,5474.819,193.0,181.0,257.0,271.0,False,MEDIUM,27.0,True,Racing Bulls,5395.508,2026-06-07 13:37:47.767,1,13.0,False,,False,True
5553.813,LIN,41,79.018,28.0,1.0,,,20.776,37.197,21.045,5495.595,5532.792,5553.837,194.0,182.0,256.0,271.0,False,MEDIUM,28.0,True,Racing Bulls,5474.795,2026-06-07 13:39:07.054,1,13.0,False,,False,True
5634.328,LIN,41,80.515,29.0,1.0,,,21.55,38.042,20.923,5575.387,5613.429,5634.352,133.0,183.0,257.0,272.0,False,MEDIUM,29.0,True,Racing Bulls,5553.813,2026-06-07 13:40:26.072,1,13.0,False,,False,True
5713.375,LIN,41,79.047,30.0,1.0,,,20.829,37.174,21.044,5655.181,5692.355,5713.399,193.0,182.0,256.0,271.0,False,MEDIUM,30.0,True,Racing Bulls,5634.328,2026-06-07 13:41:46.587,1,13.0,False,,False,True
5792.688,LIN,41,79.313,31.0,1.0,,,20.796,37.437,21.08,5734.195,5771.632,5792.712,196.0,184.0,257.0,271.0,False,MEDIUM,31.0,True,Racing Bulls,5713.375,2026-06-07 13:43:05.634,1,13.0,False,,False,True
5871.891,LIN,41,79.203,32.0,1.0,,,20.908,37.252,21.043,5813.62,5850.872,5871.915,197.0,186.0,262.0,271.0,False,MEDIUM,32.0,True,Racing Bulls,5792.688,2026-06-07 13:44:24.947,1,13.0,False,,False,True
5951.965,LIN,41,80.074,33.0,1.0,,,20.888,37.929,21.257,5892.803,5930.732,5951.989,195.0,179.0,257.0,281.0,False,MEDIUM,33.0,True,Racing Bulls,5871.891,2026-06-07 13:45:44.150,1,13.0,True,TRACK LIMITS AT TURN 10 LAP 33 ,False,True
6032.934,LIN,41,80.969,34.0,1.0,,,21.06,38.017,21.892,5973.049,6011.066,6032.958,190.0,181.0,263.0,272.0,False,MEDIUM,34.0,True,Racing Bulls,5951.965,2026-06-07 13:47:04.224,1,13.0,False,,False,True
6114.692,LIN,41,81.758,35.0,1.0,,,21.475,38.448,21.835,6054.433,6092.881,6114.716,177.0,179.0,260.0,279.0,False,MEDIUM,35.0,True,Racing Bulls,6032.934,2026-06-07 13:48:25.193,1,12.0,False,,False,True
6195.766,LIN,41,81.074,36.0,1.0,,,21.08,38.068,21.926,6135.796,6173.864,6195.79,193.0,180.0,262.0,280.0,False,MEDIUM,36.0,True,Racing Bulls,6114.692,2026-06-07 13:49:46.951,1,12.0,False,,False,True
6276.888,LIN,41,81.122,37.0,1.0,,,21.213,38.133,21.776,6217.003,6255.136,6276.912,189.0,180.0,261.0,281.0,False,MEDIUM,37.0,True,Racing Bulls,6195.766,2026-06-07 13:51:08.025,1,12.0,False,,False,True
6358.631,LIN,41,81.743,38.0,1.0,,,21.529,38.14,22.074,6298.441,6336.581,6358.655,190.0,179.0,224.0,280.0,False,MEDIUM,38.0,True,Racing Bulls,6276.888,2026-06-07 13:52:29.147,1,12.0,False,,False,True
6441.482,LIN,41,82.851,39.0,1.0,,,22.415,38.529,21.907,6381.07,6419.599,6441.506,184.0,178.0,260.0,279.0,False,MEDIUM,39.0,True,Racing Bulls,6358.631,2026-06-07 13:53:50.890,1,12.0,False,,False,True
6523.295,LIN,41,81.813,40.0,1.0,,,21.287,38.552,21.974,6462.793,6501.345,6523.319,191.0,174.0,261.0,280.0,False,MEDIUM,40.0,True,Racing Bulls,6441.482,2026-06-07 13:55:13.741,1,12.0,False,,False,True
6605.914,LIN,41,82.619,41.0,1.0,,,22.454,38.143,22.022,6545.773,6583.916,6605.938,192.0,175.0,260.0,278.0,False,MEDIUM,41.0,True,Racing Bulls,6523.295,2026-06-07 13:56:35.554,1,12.0,False,,False,True
6687.82,LIN,41,81.906,42.0,1.0,,,21.653,38.522,21.731,6627.591,6666.113,6687.844,190.0,176.0,262.0,281.0,False,MEDIUM,42.0,True,Racing Bulls,6605.914,2026-06-07 13:57:58.173,1,12.0,False,,False,True
6769.275,LIN,41,81.455,43.0,1.0,,,21.8,38.065,21.59,6709.644,6747.709,6769.299,191.0,178.0,260.0,280.0,False,MEDIUM,43.0,True,Racing Bulls,6687.82,2026-06-07 13:59:20.079,1,12.0,False,,False,True
6849.182,LIN,41,79.907,44.0,1.0,,,21.128,37.629,21.15,6790.427,6828.056,6849.206,194.0,182.0,262.0,280.0,False,MEDIUM,44.0,True,Racing Bulls,6769.275,2026-06-07 14:00:41.534,1,12.0,False,,False,True
6930.508,LIN,41,81.326,45.0,1.0,,,21.13,37.927,22.269,6870.336,6908.263,6930.532,188.0,173.0,262.0,281.0,False,MEDIUM,45.0,True,Racing Bulls,6849.182,2026-06-07 14:02:01.441,1,11.0,False,,False,True
7012.803,LIN,41,82.295,46.0,1.0,,,21.44,38.882,21.973,6951.972,6990.854,7012.827,182.0,172.0,262.0,278.0,False,MEDIUM,46.0,True,Racing Bulls,6930.508,2026-06-07 14:03:22.767,1,11.0,False,,False,True
7095.051,LIN,41,82.248,47.0,1.0,,,21.712,38.525,22.011,7034.539,7073.064,7095.075,190.0,175.0,261.0,280.0,False,MEDIUM,47.0,True,Racing Bulls,7012.803,2026-06-07 14:04:45.062,1,10.0,False,,False,True
7173.933,LIN,41,78.882,48.0,1.0,,,21.096,36.892,20.894,7116.171,7153.063,7173.957,198.0,187.0,256.0,277.0,False,MEDIUM,48.0,True,Racing Bulls,7095.051,2026-06-07 14:06:07.310,1,10.0,False,,False,True
7252.588,LIN,41,78.655,49.0,1.0,,,20.622,37.134,20.899,7194.579,7231.713,7252.612,199.0,187.0,256.0,270.0,False,MEDIUM,49.0,True,Racing Bulls,7173.933,2026-06-07 14:07:26.192,1,10.0,False,,False,True
7331.334,LIN,41,78.746,50.0,1.0,,,20.741,37.011,20.994,7273.353,7310.364,7331.358,199.0,184.0,255.0,270.0,False,MEDIUM,50.0,True,Racing Bulls,7252.588,2026-06-07 14:08:44.847,1,10.0,False,,False,True
7410.225,LIN,41,78.891,51.0,1.0,,,20.753,37.206,20.932,7352.111,7389.317,7410.249,196.0,187.0,256.0,270.0,False,MEDIUM,51.0,True,Racing Bulls,7331.334,2026-06-07 14:10:03.593,1,10.0,False,,False,True
7492.134,LIN,41,81.909,52.0,1.0,,,20.819,38.437,22.653,7431.068,7469.505,7492.158,200.0,174.0,255.0,269.0,False,MEDIUM,52.0,True,Racing Bulls,7410.225,2026-06-07 14:11:22.484,1,9.0,False,,False,True
7571.382,LIN,41,79.248,53.0,1.0,,,20.914,37.269,21.065,7513.072,7550.341,7571.406,198.0,185.0,256.0,270.0,False,MEDIUM,53.0,True,Racing Bulls,7492.134,2026-06-07 14:12:44.393,1,9.0,False,,False,True
7650.324,LIN,41,78.942,54.0,1.0,,,20.723,37.31,20.909,7592.129,7629.439,7650.348,202.0,187.0,257.0,271.0,False,MEDIUM,54.0,True,Racing Bulls,7571.382,2026-06-07 14:14:03.641,1,9.0,False,,False,True
7729.324,LIN,41,79.0,55.0,1.0,,,20.627,37.184,21.189,7670.975,7708.159,7729.348,199.0,186.0,256.0,271.0,False,MEDIUM,55.0,True,Racing Bulls,7650.324,2026-06-07 14:15:22.583,1,9.0,False,,False,True
7808.976,LIN,41,79.652,56.0,1.0,,,20.735,37.248,21.669,7750.083,7787.331,7809.0,201.0,186.0,255.0,270.0,False,MEDIUM,56.0,True,Racing Bulls,7729.324,2026-06-07 14:16:41.583,1,9.0,False,,False,True
7889.97,LIN,41,80.994,57.0,1.0,,,21.716,38.214,21.064,7830.716,7868.93,7889.994,125.0,184.0,257.0,271.0,False,MEDIUM,57.0,True,Racing Bulls,7808.976,2026-06-07 14:18:01.235,1,9.0,False,,False,True
7986.79,LIN,41,96.82,58.0,1.0,,,20.835,44.553,31.432,7910.829,7955.382,7986.814,196.0,146.0,204.0,156.0,False,MEDIUM,58.0,True,Racing Bulls,7889.97,2026-06-07 14:19:22.229,124,9.0,False,,False,False
8097.902,LIN,41,111.112,59.0,1.0,,8078.704,23.486,50.364,37.262,8010.3,8060.664,8097.926,166.0,138.0,,223.0,False,MEDIUM,59.0,True,Racing Bulls,7986.79,2026-06-07 14:20:59.049,4,9.0,False,,False,False
8210.107,LIN,41,112.205,60.0,2.0,8098.722,,27.466,52.32,32.419,8125.392,8177.712,8210.131,145.0,134.0,160.0,140.0,False,MEDIUM,60.0,False,Racing Bulls,8097.902,2026-06-07 14:22:50.161,4,9.0,False,,False,False
8329.703,LIN,41,119.596,61.0,2.0,,,34.088,51.134,34.374,8244.219,8295.353,8329.727,119.0,123.0,109.0,150.0,False,MEDIUM,61.0,False,Racing Bulls,8210.107,2026-06-07 14:24:42.366,4,9.0,False,,False,False
8418.534,LIN,41,88.831,62.0,2.0,,,26.976,39.995,21.86,8356.703,8396.698,8418.558,157.0,173.0,255.0,249.0,False,MEDIUM,62.0,False,Racing Bulls,8329.703,2026-06-07 14:26:41.962,4,9.0,False,,False,False
8503.656,LIN,41,85.122,63.0,2.0,,,21.759,41.703,21.66,8440.317,8482.02,8503.68,190.0,180.0,254.0,262.0,False,MEDIUM,63.0,False,Racing Bulls,8418.534,2026-06-07 14:28:10.793,4,9.0,False,,False,False
8585.78,LIN,41,82.124,64.0,2.0,,,21.516,38.121,22.487,8525.196,8563.317,8585.804,186.0,183.0,248.0,268.0,False,MEDIUM,64.0,False,Racing Bulls,8503.656,2026-06-07 14:29:35.915,412,9.0,False,,False,False
8698.773,LIN,41,112.993,65.0,2.0,,8676.992,21.244,51.04,40.709,8607.048,8658.088,8698.797,192.0,158.0,,216.0,False,MEDIUM,65.0,False,Racing Bulls,8585.78,2026-06-07 14:30:58.039,24,8.0,False,,False,False
8805.856,LIN,41,107.083,66.0,3.0,8699.676,,27.871,49.616,29.596,8726.668,8776.284,8805.88,160.0,142.0,207.0,231.0,False,MEDIUM,66.0,False,Racing Bulls,8698.773,2026-06-07 14:32:51.032,4,8.0,False,,False,False
10934.178,LIN,41,,67.0,3.0,,8912.059,25.307,54.809,,8831.229,8886.161,,111.0,116.0,,190.0,False,MEDIUM,67.0,False,Racing Bulls,8805.856,2026-06-07 14:34:38.115,451,8.0,False,,False,False
11079.701,LIN,41,145.523,68.0,4.0,10934.915,11017.713,27.631,39.756,78.136,10961.833,11001.589,11079.725,166.0,172.0,,248.0,False,SOFT,1.0,True,Racing Bulls,10934.178,2026-06-07 15:10:06.437,14,8.0,False,,False,False
11172.444,LIN,41,92.743,69.0,5.0,11080.391,,26.363,40.423,25.957,11106.088,11146.511,11172.468,160.0,171.0,222.0,255.0,False,SOFT,1.0,False,Racing Bulls,11079.701,2026-06-07 15:12:31.960,4,8.0,False,,False,False
11332.571,LIN,41,,70.0,5.0,,,27.82,50.74,81.658,11200.273,11251.064,11333.452,96.0,165.0,104.0,234.0,False,SOFT,2.0,False,Racing Bulls,11172.444,2026-06-07 15:14:04.703,41,8.0,False,,False,False
11421.633,LIN,41,89.062,71.0,5.0,,,26.176,41.249,21.637,11358.771,11400.02,11421.657,148.0,177.0,259.0,272.0,False,SOFT,3.0,False,Racing Bulls,11332.571,2026-06-07 15:16:44.830,12,8.0,False,,False,True
11500.908,LIN,41,79.275,72.0,5.0,,,21.208,37.224,20.843,11442.865,11480.089,11500.932,187.0,184.0,261.0,281.0,False,SOFT,4.0,False,Racing Bulls,11421.633,2026-06-07 15:18:13.892,1,7.0,False,,False,True
11579.301,LIN,41,78.393,73.0,5.0,,,21.094,36.801,20.498,11522.026,11558.827,11579.325,192.0,190.0,259.0,281.0,False,SOFT,5.0,False,Racing Bulls,11500.908,2026-06-07 15:19:33.167,1,7.0,True,TRACK LIMITS AT TURN 10 LAP 73 ,False,True
11656.09,LIN,41,76.789,74.0,5.0,,,20.447,36.087,20.255,11599.772,11635.859,11656.114,201.0,190.0,259.0,273.0,True,SOFT,6.0,False,Racing Bulls,11579.301,2026-06-07 15:20:51.560,1,7.0,False,,False,True
11732.335,LIN,41,76.245,75.0,5.0,,,20.172,35.901,20.172,11676.286,11712.187,11732.359,204.0,194.0,260.0,274.0,True,SOFT,7.0,False,Racing Bulls,11656.09,2026-06-07 15:22:08.349,1,7.0,False,,False,True
11808.243,LIN,41,75.908,76.0,5.0,,,20.031,35.783,20.094,11752.39,11788.173,11808.267,203.0,194.0,260.0,273.0,True,SOFT,8.0,False,Racing Bulls,11732.335,2026-06-07 15:23:24.594,1,7.0,False,,False,True
11884.163,LIN,41,75.92,77.0,5.0,,,20.034,35.773,20.113,11828.301,11864.074,11884.187,201.0,195.0,260.0,273.0,False,SOFT,9.0,False,Racing Bulls,11808.243,2026-06-07 15:24:40.502,1,7.0,False,,False,True
11960.123,LIN,41,75.96,78.0,5.0,,,19.973,35.787,20.2,11904.16,11939.947,11960.147,205.0,194.0,260.0,273.0,False,SOFT,10.0,False,Racing Bulls,11884.163,2026-06-07 15:25:56.422,1,7.0,False,,False,True
3414.594,COL,43,94.728,1.0,1.0,,,,40.912,22.197,,3392.619,3414.745,146.0,173.0,255.0,269.0,False,MEDIUM,1.0,True,Alpine,3319.645,2026-06-07 13:03:11.904,12,13.0,False,,False,False
3495.752,COL,43,81.158,2.0,1.0,,,21.586,37.901,21.671,3436.23,3474.131,3495.802,179.0,175.0,256.0,281.0,True,MEDIUM,2.0,True,Alpine,3414.594,2026-06-07 13:04:46.853,1,13.0,False,,False,True
3576.235,COL,43,80.483,3.0,1.0,,,21.413,37.761,21.309,3517.215,3554.976,3576.285,179.0,183.0,255.0,279.0,True,MEDIUM,3.0,True,Alpine,3495.752,2026-06-07 13:06:08.011,1,13.0,False,,False,True
3656.394,COL,43,80.159,4.0,1.0,,,21.177,37.562,21.42,3597.462,3635.024,3656.444,185.0,177.0,258.0,272.0,True,MEDIUM,4.0,True,Alpine,3576.235,2026-06-07 13:07:28.494,1,13.0,False,,False,True
3736.478,COL,43,80.084,5.0,1.0,,,21.209,37.673,21.202,3677.653,3715.326,3736.528,180.0,184.0,258.0,272.0,True,MEDIUM,5.0,True,Alpine,3656.394,2026-06-07 13:08:48.653,1,13.0,False,,False,True
3816.368,COL,43,79.89,6.0,1.0,,,21.106,37.349,21.435,3757.634,3794.983,3816.418,182.0,180.0,253.0,276.0,True,MEDIUM,6.0,True,Alpine,3736.478,2026-06-07 13:10:08.737,1,13.0,False,,False,True
3895.795,COL,43,79.427,7.0,1.0,,,20.955,37.311,21.161,3837.373,3874.684,3895.845,186.0,180.0,256.0,271.0,True,MEDIUM,7.0,True,Alpine,3816.368,2026-06-07 13:11:28.627,1,13.0,False,,False,True
3975.426,COL,43,79.631,8.0,1.0,,,20.986,37.433,21.212,3916.831,3954.264,3975.476,192.0,179.0,256.0,271.0,False,MEDIUM,8.0,True,Alpine,3895.795,2026-06-07 13:12:48.054,1,13.0,False,,False,True
4054.25,COL,43,78.824,9.0,1.0,,,20.911,36.984,20.929,3996.387,4033.371,4054.3,187.0,183.0,257.0,271.0,True,MEDIUM,9.0,True,Alpine,3975.426,2026-06-07 13:14:07.685,1,13.0,False,,False,True
4134.393,COL,43,80.143,10.0,1.0,,,21.342,37.359,21.442,4075.642,4113.001,4134.443,182.0,181.0,257.0,272.0,False,MEDIUM,10.0,True,Alpine,4054.25,2026-06-07 13:15:26.509,1,13.0,False,,False,True
4213.075,COL,43,78.682,11.0,1.0,,,20.693,37.017,20.972,4155.136,4192.153,4213.125,188.0,185.0,260.0,282.0,True,MEDIUM,11.0,True,Alpine,4134.393,2026-06-07 13:16:46.652,1,13.0,False,,False,True
4291.966,COL,43,78.891,12.0,1.0,,,20.849,37.108,20.934,4233.974,4271.082,4292.016,188.0,185.0,256.0,280.0,False,MEDIUM,12.0,True,Alpine,4213.075,2026-06-07 13:18:05.334,1,12.0,False,,False,True
4370.383,COL,43,78.417,13.0,1.0,,,20.541,37.099,20.777,4312.557,4349.656,4370.433,190.0,187.0,256.0,270.0,True,MEDIUM,13.0,True,Alpine,4291.966,2026-06-07 13:19:24.225,1,12.0,False,,False,True
4448.735,COL,43,78.352,14.0,1.0,,,20.581,36.937,20.834,4391.014,4427.951,4448.785,192.0,184.0,256.0,271.0,True,MEDIUM,14.0,True,Alpine,4370.383,2026-06-07 13:20:42.642,1,12.0,False,,False,True
4527.544,COL,43,78.809,15.0,1.0,,,20.606,37.286,20.917,4469.391,4506.677,4527.594,189.0,181.0,256.0,271.0,False,MEDIUM,15.0,True,Alpine,4448.735,2026-06-07 13:22:00.994,1,12.0,True,TRACK LIMITS AT TURN 10 LAP 15 ,False,True
4606.037,COL,43,78.493,16.0,1.0,,,20.622,36.982,20.889,4548.216,4585.198,4606.087,186.0,184.0,256.0,272.0,False,MEDIUM,16.0,True,Alpine,4527.544,2026-06-07 13:23:19.803,1,12.0,False,,False,True
4684.264,COL,43,78.227,17.0,1.0,,,20.576,36.906,20.745,4626.663,4663.569,4684.314,195.0,184.0,257.0,272.0,True,MEDIUM,17.0,True,Alpine,4606.037,2026-06-07 13:24:38.296,1,12.0,False,,False,True
4762.94,COL,43,78.676,18.0,1.0,,,20.651,37.153,20.872,4704.965,4742.118,4762.99,192.0,185.0,257.0,272.0,False,MEDIUM,18.0,True,Alpine,4684.264,2026-06-07 13:25:56.523,1,12.0,False,,False,True
4841.635,COL,43,78.695,19.0,1.0,,,20.622,37.099,20.974,4783.612,4820.711,4841.685,188.0,185.0,257.0,271.0,False,MEDIUM,19.0,True,Alpine,4762.94,2026-06-07 13:27:15.199,1,12.0,False,,False,True
4920.395,COL,43,78.76,20.0,1.0,,,20.722,37.091,20.947,4862.407,4899.498,4920.445,190.0,185.0,257.0,271.0,False,MEDIUM,20.0,True,Alpine,4841.635,2026-06-07 13:28:33.894,1,12.0,False,,False,True
4999.103,COL,43,78.708,21.0,1.0,,,20.581,37.154,20.973,4941.026,4978.18,4999.153,193.0,182.0,257.0,272.0,False,MEDIUM,21.0,True,Alpine,4920.395,2026-06-07 13:29:52.654,1,12.0,False,,False,True
5077.887,COL,43,78.784,22.0,1.0,,,20.568,37.227,20.989,5019.721,5056.948,5077.937,195.0,185.0,257.0,272.0,False,MEDIUM,22.0,True,Alpine,4999.103,2026-06-07 13:31:11.362,1,12.0,False,,False,True
5157.014,COL,43,79.127,23.0,1.0,,,20.762,37.462,20.903,5098.699,5136.161,5157.064,184.0,186.0,257.0,271.0,False,MEDIUM,23.0,True,Alpine,5077.887,2026-06-07 13:32:30.146,1,12.0,False,,False,True
5236.101,COL,43,79.087,24.0,1.0,,,20.719,37.123,21.245,5177.783,5214.906,5236.151,187.0,184.0,253.0,273.0,False,MEDIUM,24.0,True,Alpine,5157.014,2026-06-07 13:33:49.273,1,12.0,False,,False,True
5315.239,COL,43,79.138,25.0,1.0,,,20.702,37.342,21.094,5256.853,5294.195,5315.289,189.0,184.0,256.0,272.0,False,MEDIUM,25.0,True,Alpine,5236.101,2026-06-07 13:35:08.360,1,12.0,False,,False,True
5394.36,COL,43,79.121,26.0,1.0,,,20.783,37.306,21.032,5336.072,5373.378,5394.41,185.0,185.0,257.0,272.0,False,MEDIUM,26.0,True,Alpine,5315.239,2026-06-07 13:36:27.498,1,12.0,False,,False,True
5473.54,COL,43,79.18,27.0,1.0,,,20.896,37.309,20.975,5415.306,5452.615,5473.59,187.0,184.0,256.0,272.0,False,MEDIUM,27.0,True,Alpine,5394.36,2026-06-07 13:37:46.619,1,12.0,False,,False,True
5552.294,COL,43,78.754,28.0,1.0,,,20.571,37.268,20.915,5494.161,5531.429,5552.344,190.0,180.0,257.0,272.0,False,MEDIUM,28.0,True,Alpine,5473.54,2026-06-07 13:39:05.799,1,12.0,False,,False,True
5632.131,COL,43,79.837,29.0,1.0,,,20.703,37.494,21.64,5573.047,5610.541,5632.181,188.0,183.0,242.0,272.0,False,MEDIUM,29.0,True,Alpine,5552.294,2026-06-07 13:40:24.553,1,12.0,False,,False,True
5712.261,COL,43,80.13,30.0,1.0,,,21.272,37.709,21.149,5653.453,5691.162,5712.311,188.0,182.0,257.0,270.0,False,MEDIUM,30.0,True,Alpine,5632.131,2026-06-07 13:41:44.390,1,12.0,False,,False,True
5791.643,COL,43,79.382,31.0,1.0,,,20.736,37.638,21.008,5733.047,5770.685,5791.693,185.0,184.0,257.0,271.0,False,MEDIUM,31.0,True,Alpine,5712.261,2026-06-07 13:43:04.520,1,12.0,False,,False,True
5871.165,COL,43,79.522,32.0,1.0,,,20.777,37.407,21.338,5812.47,5849.877,5871.215,189.0,184.0,258.0,271.0,False,MEDIUM,32.0,True,Alpine,5791.643,2026-06-07 13:44:23.902,1,12.0,False,,False,True
5950.907,COL,43,79.742,33.0,1.0,,,20.858,37.628,21.256,5892.073,5929.701,5950.957,189.0,181.0,257.0,272.0,False,MEDIUM,33.0,True,Alpine,5871.165,2026-06-07 13:45:43.424,1,12.0,False,,False,True
6032.634,COL,43,81.727,34.0,1.0,,,21.166,38.415,22.146,5972.123,6010.538,6032.684,174.0,181.0,256.0,271.0,False,MEDIUM,34.0,True,Alpine,5950.907,2026-06-07 13:47:03.166,1,12.0,False,,False,True
6132.483,COL,43,99.849,35.0,1.0,,6107.496,21.389,38.336,40.124,6054.073,6092.409,6132.533,179.0,177.0,,275.0,False,MEDIUM,35.0,True,Alpine,6032.634,2026-06-07 13:48:24.893,1,15.0,False,,False,False
6213.906,COL,43,81.423,36.0,2.0,6133.183,,23.894,37.116,20.413,6156.427,6193.543,6213.956,182.0,188.0,257.0,267.0,False,HARD,1.0,True,Alpine,6132.483,2026-06-07 13:50:04.742,1,15.0,False,,False,False
6291.324,COL,43,77.418,37.0,2.0,,,20.337,36.528,20.553,6234.293,6270.821,6291.374,194.0,190.0,256.0,271.0,True,HARD,2.0,True,Alpine,6213.906,2026-06-07 13:51:26.165,1,15.0,False,,False,True
6368.176,COL,43,76.852,38.0,2.0,,,20.149,36.342,20.361,6311.523,6347.865,6368.226,200.0,190.0,256.0,271.0,True,HARD,3.0,True,Alpine,6291.324,2026-06-07 13:52:43.583,1,15.0,False,,False,True
6448.233,COL,43,80.057,39.0,2.0,,,20.33,38.49,21.237,6388.556,6427.046,6448.283,201.0,184.0,253.0,269.0,False,HARD,4.0,True,Alpine,6368.176,2026-06-07 13:54:00.435,1,15.0,False,,False,True
6527.323,COL,43,79.09,40.0,2.0,,,20.46,37.326,21.304,6468.743,6506.069,6527.373,187.0,180.0,258.0,272.0,False,HARD,5.0,True,Alpine,6448.233,2026-06-07 13:55:20.492,1,15.0,False,,False,True
6607.866,COL,43,80.543,41.0,2.0,,,20.731,38.095,21.717,6548.104,6586.199,6607.916,184.0,184.0,257.0,271.0,False,HARD,6.0,True,Alpine,6527.323,2026-06-07 13:56:39.582,1,15.0,False,,False,True
6689.711,COL,43,81.845,42.0,2.0,,,21.267,38.712,21.866,6629.183,6667.895,6689.761,163.0,184.0,255.0,271.0,False,HARD,7.0,True,Alpine,6607.866,2026-06-07 13:58:00.125,1,15.0,False,,False,True
6771.355,COL,43,81.644,43.0,2.0,,,21.159,39.038,21.447,6710.92,6749.958,6771.405,168.0,180.0,255.0,273.0,False,HARD,8.0,True,Alpine,6689.711,2026-06-07 13:59:21.970,1,15.0,False,,False,True
6851.409,COL,43,80.054,44.0,2.0,,,20.816,37.914,21.324,6792.221,6830.135,6851.459,186.0,182.0,260.0,270.0,False,HARD,9.0,True,Alpine,6771.355,2026-06-07 14:00:43.614,1,15.0,False,,False,True
6932.303,COL,43,80.894,45.0,2.0,,,20.784,37.761,22.349,6872.243,6910.004,6932.353,186.0,182.0,246.0,277.0,False,HARD,10.0,True,Alpine,6851.409,2026-06-07 14:02:03.668,1,14.0,False,,False,True
7014.534,COL,43,82.231,46.0,2.0,,,21.42,38.852,21.959,6953.773,6992.625,7014.584,184.0,176.0,254.0,267.0,False,HARD,11.0,True,Alpine,6932.303,2026-06-07 14:03:24.562,1,14.0,False,,False,True
7096.659,COL,43,82.125,47.0,2.0,,,21.339,38.807,21.979,7035.923,7074.73,7096.709,172.0,177.0,250.0,266.0,False,HARD,12.0,True,Alpine,7014.534,2026-06-07 14:04:46.793,1,14.0,False,,False,True
7177.965,COL,43,81.306,48.0,2.0,,,21.706,38.089,21.511,7118.415,7156.504,7178.015,174.0,183.0,253.0,273.0,False,HARD,13.0,True,Alpine,7096.659,2026-06-07 14:06:08.918,1,14.0,False,,False,True
7258.495,COL,43,80.53,49.0,2.0,,,20.781,37.721,22.028,7198.796,7236.517,7258.545,190.0,172.0,241.0,268.0,False,HARD,14.0,True,Alpine,7177.965,2026-06-07 14:07:30.224,1,14.0,False,,False,True
7339.66,COL,43,81.165,50.0,2.0,,,21.522,38.402,21.241,7280.067,7318.469,7339.71,191.0,183.0,253.0,268.0,False,HARD,15.0,True,Alpine,7258.495,2026-06-07 14:08:50.754,1,14.0,False,,False,True
7419.295,COL,43,79.635,51.0,2.0,,,20.656,37.593,21.386,7360.366,7397.959,7419.345,184.0,179.0,253.0,271.0,False,HARD,16.0,True,Alpine,7339.66,2026-06-07 14:10:11.919,1,14.0,False,,False,True
7500.33,COL,43,81.035,52.0,2.0,,,20.842,39.031,21.162,7440.187,7479.218,7500.38,188.0,182.0,253.0,260.0,False,HARD,17.0,True,Alpine,7419.295,2026-06-07 14:11:31.554,1,14.0,False,,False,True
7580.99,COL,43,80.66,53.0,2.0,,,20.796,38.176,21.688,7521.176,7559.352,7581.04,177.0,181.0,253.0,273.0,False,HARD,18.0,True,Alpine,7500.33,2026-06-07 14:12:52.589,1,14.0,False,,False,True
7660.668,COL,43,79.678,54.0,2.0,,,20.947,37.67,21.061,7601.987,7639.657,7660.718,183.0,185.0,255.0,273.0,False,HARD,19.0,True,Alpine,7580.99,2026-06-07 14:14:13.249,1,14.0,False,,False,True
7739.926,COL,43,79.258,55.0,2.0,,,20.673,37.562,21.023,7681.391,7718.953,7739.976,193.0,182.0,257.0,277.0,False,HARD,20.0,True,Alpine,7660.668,2026-06-07 14:15:32.927,1,14.0,False,,False,True
7822.419,COL,43,82.493,56.0,2.0,,,20.837,40.482,21.174,7760.813,7801.295,7822.469,183.0,179.0,257.0,225.0,False,HARD,21.0,True,Alpine,7739.926,2026-06-07 14:16:52.185,1,14.0,False,,False,True
7902.942,COL,43,80.523,57.0,2.0,,,21.916,37.419,21.188,7844.385,7881.804,7902.992,189.0,183.0,259.0,272.0,False,HARD,22.0,True,Alpine,7822.419,2026-06-07 14:18:14.678,1,14.0,False,,False,True
8006.194,COL,43,103.252,58.0,2.0,,,21.102,51.575,30.575,7924.094,7975.669,8006.244,172.0,149.0,140.0,143.0,False,HARD,23.0,True,Alpine,7902.942,2026-06-07 14:19:35.201,124,14.0,False,,False,False
8121.599,COL,43,115.405,59.0,2.0,,8100.36,25.462,50.304,39.639,8031.706,8082.01,8121.649,147.0,147.0,,158.0,False,HARD,24.0,True,Alpine,8006.194,2026-06-07 14:21:18.453,4,14.0,False,,False,False
8215.154,COL,43,93.555,60.0,3.0,8122.439,,26.677,39.925,26.953,8148.326,8188.251,8215.204,176.0,174.0,175.0,241.0,False,HARD,25.0,False,Alpine,8121.599,2026-06-07 14:23:13.858,4,14.0,False,,False,False
8333.179,COL,43,118.025,61.0,3.0,,,34.601,51.008,32.416,8249.805,8300.813,8333.229,100.0,151.0,97.0,156.0,False,HARD,26.0,False,Alpine,8215.154,2026-06-07 14:24:47.413,4,14.0,False,,False,False
8426.219,COL,43,93.04,62.0,3.0,,,29.794,40.725,22.521,8363.023,8403.748,8426.269,149.0,165.0,248.0,240.0,False,HARD,27.0,False,Alpine,8333.179,2026-06-07 14:26:45.438,4,14.0,False,,False,False
8510.927,COL,43,84.708,63.0,3.0,,,22.562,40.152,21.994,8448.831,8488.983,8510.977,171.0,172.0,253.0,241.0,False,HARD,28.0,False,Alpine,8426.219,2026-06-07 14:28:18.478,4,14.0,False,,False,False
8592.591,COL,43,81.664,64.0,3.0,,,22.2,37.807,21.657,8533.177,8570.984,8592.641,178.0,186.0,252.0,270.0,False,HARD,29.0,False,Alpine,8510.927,2026-06-07 14:29:43.186,412,14.0,False,,False,False
8709.548,COL,43,116.957,65.0,3.0,,8686.961,26.222,49.951,40.784,8618.863,8668.814,8709.598,147.0,164.0,,216.0,False,HARD,30.0,False,Alpine,8592.591,2026-06-07 14:31:04.850,24,13.0,False,,False,False
8815.104,COL,43,105.556,66.0,4.0,8710.345,,27.147,50.663,27.746,8736.745,8787.408,8815.154,124.0,134.0,231.0,235.0,False,HARD,31.0,False,Alpine,8709.548,2026-06-07 14:33:01.807,4,13.0,False,,False,False
10945.481,COL,43,,67.0,4.0,,8920.45,26.531,52.591,,8841.791,8894.309,,65.0,117.0,,155.0,False,HARD,32.0,False,Alpine,8815.104,2026-06-07 14:34:47.363,451,13.0,False,,False,False
11095.715,COL,43,,68.0,5.0,10946.156,11031.885,28.257,41.963,80.068,10973.789,11015.697,11095.876,153.0,168.0,,234.0,False,SOFT,1.0,True,Alpine,10945.481,2026-06-07 15:10:17.740,14,13.0,False,,False,False
11185.456,COL,43,89.741,69.0,6.0,11096.376,,26.672,40.664,22.405,11122.437,11163.101,11185.506,163.0,176.0,226.0,244.0,False,SOFT,1.0,False,Alpine,11095.715,2026-06-07 15:12:47.974,4,13.0,False,,False,False
11333.327,COL,43,147.871,70.0,6.0,,,23.032,49.08,75.759,11208.538,11257.618,11333.377,122.0,170.0,153.0,177.0,False,SOFT,2.0,False,Alpine,11185.456,2026-06-07 15:14:17.715,41,12.0,False,,False,False
11432.673,COL,43,99.346,71.0,6.0,,,27.247,49.713,22.386,11360.624,11410.337,11432.723,141.0,171.0,245.0,237.0,False,SOFT,3.0,False,Alpine,11333.327,2026-06-07 15:16:45.586,12,15.0,False,,False,True
11512.372,COL,43,79.699,72.0,6.0,,,21.353,37.542,20.804,11454.076,11491.618,11512.422,185.0,187.0,255.0,274.0,False,SOFT,4.0,False,Alpine,11432.673,2026-06-07 15:18:24.932,1,15.0,False,,False,True
11591.014,COL,43,78.642,73.0,6.0,,,20.677,36.73,21.235,11533.099,11569.829,11591.064,196.0,186.0,257.0,276.0,False,SOFT,5.0,False,Alpine,11512.372,2026-06-07 15:19:44.631,1,15.0,False,,False,True
11667.33,COL,43,76.316,74.0,6.0,,,20.347,35.9,20.069,11611.411,11647.311,11667.38,200.0,195.0,259.0,277.0,True,SOFT,6.0,False,Alpine,11591.014,2026-06-07 15:21:03.273,1,15.0,False,,False,True
11743.861,COL,43,76.531,75.0,6.0,,,20.099,35.933,20.499,11687.479,11723.412,11743.911,200.0,194.0,259.0,276.0,False,SOFT,7.0,False,Alpine,11667.33,2026-06-07 15:22:19.589,1,15.0,False,,False,True
11821.38,COL,43,77.519,76.0,6.0,,,20.541,36.414,20.564,11764.452,11800.866,11821.43,192.0,192.0,260.0,276.0,False,SOFT,8.0,False,Alpine,11743.861,2026-06-07 15:23:36.120,1,15.0,False,,False,True
11898.475,COL,43,77.095,77.0,6.0,,,20.112,36.239,20.744,11841.542,11877.781,11898.525,196.0,193.0,259.0,277.0,False,SOFT,9.0,False,Alpine,11821.38,2026-06-07 15:24:53.639,1,15.0,False,,False,True
11975.129,COL,43,76.654,78.0,6.0,,,19.982,36.293,20.379,11918.507,11954.8,11975.179,203.0,193.0,265.0,276.0,False,SOFT,10.0,False,Alpine,11898.475,2026-06-07 15:26:10.734,1,15.0,False,,False,True
3404.203,HAM,44,84.337,1.0,1.0,,,,37.275,20.837,,3383.422,3404.37,178.0,187.0,252.0,266.0,False,MEDIUM,1.0,True,Ferrari,3319.645,2026-06-07 13:03:11.904,12,2.0,False,,False,False
3482.948,HAM,44,78.745,2.0,1.0,,,21.163,36.847,20.735,3425.382,3462.229,3482.964,191.0,189.0,252.0,262.0,True,MEDIUM,2.0,True,Ferrari,3404.203,2026-06-07 13:04:36.462,1,2.0,False,,False,True
3560.626,HAM,44,77.678,3.0,1.0,,,20.798,36.447,20.433,3503.762,3540.209,3560.642,190.0,189.0,253.0,257.0,True,MEDIUM,3.0,True,Ferrari,3482.948,2026-06-07 13:05:55.207,1,2.0,False,,False,True
3637.704,HAM,44,77.078,4.0,1.0,,,20.656,36.082,20.34,3581.298,3617.38,3637.72,190.0,191.0,254.0,260.0,True,MEDIUM,4.0,True,Ferrari,3560.626,2026-06-07 13:07:12.885,1,2.0,False,,False,True
3714.762,HAM,44,77.058,5.0,1.0,,,20.634,36.05,20.374,3658.354,3694.404,3714.778,193.0,191.0,253.0,259.0,True,MEDIUM,5.0,True,Ferrari,3637.704,2026-06-07 13:08:29.963,1,2.0,False,,False,True
3791.462,HAM,44,76.7,6.0,1.0,,,20.543,35.934,20.223,3735.321,3771.255,3791.478,196.0,193.0,254.0,261.0,True,MEDIUM,6.0,True,Ferrari,3714.762,2026-06-07 13:09:47.021,1,2.0,False,,False,True
3868.049,HAM,44,76.587,7.0,1.0,,,20.516,35.838,20.233,3811.994,3847.832,3868.065,197.0,193.0,254.0,266.0,True,MEDIUM,7.0,True,Ferrari,3791.462,2026-06-07 13:11:03.721,1,2.0,False,,False,True
3945.054,HAM,44,77.005,8.0,1.0,,,20.455,36.111,20.439,3888.52,3924.631,3945.07,196.0,189.0,254.0,266.0,False,MEDIUM,8.0,True,Ferrari,3868.049,2026-06-07 13:12:20.308,1,2.0,False,,False,True
4021.695,HAM,44,76.641,9.0,1.0,,,20.471,35.812,20.358,3965.541,4001.353,4021.711,202.0,193.0,254.0,266.0,False,MEDIUM,9.0,True,Ferrari,3945.054,2026-06-07 13:13:37.313,1,2.0,False,,False,True
4098.536,HAM,44,76.841,10.0,1.0,,,20.461,35.938,20.442,4042.172,4078.11,4098.552,200.0,192.0,254.0,264.0,False,MEDIUM,10.0,True,Ferrari,4021.695,2026-06-07 13:14:53.954,1,2.0,False,,False,True
4175.672,HAM,44,77.136,11.0,1.0,,,20.443,36.062,20.631,4118.995,4155.057,4175.688,204.0,191.0,259.0,270.0,False,MEDIUM,11.0,True,Ferrari,4098.536,2026-06-07 13:16:10.795,1,2.0,False,,False,True
4252.906,HAM,44,77.234,12.0,1.0,,,20.867,35.961,20.406,4196.555,4232.516,4252.922,193.0,191.0,254.0,266.0,False,MEDIUM,12.0,True,Ferrari,4175.672,2026-06-07 13:17:27.931,1,2.0,False,,False,True
4329.934,HAM,44,77.028,13.0,1.0,,,20.372,36.141,20.515,4273.294,4309.435,4329.95,198.0,187.0,255.0,268.0,False,MEDIUM,13.0,True,Ferrari,4252.906,2026-06-07 13:18:45.165,1,2.0,False,,False,True
4406.924,HAM,44,76.99,14.0,1.0,,,20.518,36.066,20.406,4350.468,4386.534,4406.94,196.0,190.0,254.0,267.0,False,MEDIUM,14.0,True,Ferrari,4329.934,2026-06-07 13:20:02.193,1,2.0,False,,False,True
4483.836,HAM,44,76.912,15.0,1.0,,,20.443,36.05,20.419,4427.383,4463.433,4483.852,198.0,190.0,254.0,265.0,False,MEDIUM,15.0,True,Ferrari,4406.924,2026-06-07 13:21:19.183,1,2.0,False,,False,True
4560.85,HAM,44,77.014,16.0,1.0,,,20.409,36.2,20.405,4504.261,4540.461,4560.866,195.0,190.0,254.0,265.0,False,MEDIUM,16.0,True,Ferrari,4483.836,2026-06-07 13:22:36.095,1,2.0,False,,False,True
4638.089,HAM,44,77.239,17.0,1.0,,,20.581,36.126,20.532,4581.447,4617.573,4638.105,197.0,193.0,255.0,266.0,False,MEDIUM,17.0,True,Ferrari,4560.85,2026-06-07 13:23:53.109,1,2.0,False,,False,True
4715.118,HAM,44,77.029,18.0,1.0,,,20.458,36.082,20.489,4658.563,4694.645,4715.134,197.0,190.0,254.0,265.0,False,MEDIUM,18.0,True,Ferrari,4638.089,2026-06-07 13:25:10.348,1,2.0,False,,False,True
4792.389,HAM,44,77.271,19.0,1.0,,,20.437,36.363,20.471,4735.571,4771.934,4792.405,197.0,189.0,254.0,258.0,False,MEDIUM,19.0,True,Ferrari,4715.118,2026-06-07 13:26:27.377,1,2.0,False,,False,True
4869.508,HAM,44,77.119,20.0,1.0,,,20.502,36.129,20.488,4812.907,4849.036,4869.524,195.0,189.0,254.0,259.0,False,MEDIUM,20.0,True,Ferrari,4792.389,2026-06-07 13:27:44.648,1,2.0,False,,False,True
4946.584,HAM,44,77.076,21.0,1.0,,,20.5,36.179,20.397,4890.024,4926.203,4946.6,199.0,191.0,254.0,258.0,False,MEDIUM,21.0,True,Ferrari,4869.508,2026-06-07 13:29:01.767,1,2.0,False,,False,True
5023.833,HAM,44,77.249,22.0,1.0,,,20.528,36.195,20.526,4967.128,5003.323,5023.849,196.0,189.0,253.0,259.0,False,MEDIUM,22.0,True,Ferrari,4946.584,2026-06-07 13:30:18.843,1,2.0,False,,False,True
5101.213,HAM,44,77.38,23.0,1.0,,,20.553,36.218,20.609,5044.402,5080.62,5101.229,199.0,187.0,254.0,257.0,False,MEDIUM,23.0,True,Ferrari,5023.833,2026-06-07 13:31:36.092,1,2.0,False,,False,True
5178.996,HAM,44,77.783,24.0,1.0,,,20.793,36.38,20.61,5122.022,5158.402,5179.012,191.0,186.0,254.0,262.0,False,MEDIUM,24.0,True,Ferrari,5101.213,2026-06-07 13:32:53.472,1,2.0,False,,False,True
5256.73,HAM,44,77.734,25.0,1.0,,,20.545,36.556,20.633,5199.557,5236.113,5256.746,197.0,186.0,254.0,257.0,False,MEDIUM,25.0,True,Ferrari,5178.996,2026-06-07 13:34:11.255,1,2.0,False,,False,True
5334.718,HAM,44,77.988,26.0,1.0,,,20.827,36.495,20.666,5277.573,5314.068,5334.734,195.0,186.0,254.0,257.0,False,MEDIUM,26.0,True,Ferrari,5256.73,2026-06-07 13:35:28.989,1,2.0,False,,False,True
5412.943,HAM,44,78.225,27.0,1.0,,,20.627,37.009,20.589,5355.361,5392.37,5412.959,185.0,185.0,255.0,257.0,False,MEDIUM,27.0,True,Ferrari,5334.718,2026-06-07 13:36:46.977,1,2.0,False,,False,True
5507.113,HAM,44,94.17,28.0,1.0,,5483.708,20.556,36.29,37.324,5433.515,5469.805,5507.129,195.0,190.0,,262.0,False,MEDIUM,28.0,True,Ferrari,5412.943,2026-06-07 13:38:05.202,1,3.0,False,,False,False
5587.942,HAM,44,80.829,29.0,2.0,5507.805,,23.514,36.798,20.517,5530.643,5567.441,5587.958,186.0,186.0,255.0,266.0,False,HARD,1.0,True,Ferrari,5507.113,2026-06-07 13:39:39.372,1,3.0,False,,False,False
5665.634,HAM,44,77.692,30.0,2.0,,,20.651,36.409,20.632,5608.609,5645.018,5665.65,196.0,187.0,256.0,269.0,False,HARD,2.0,True,Ferrari,5587.942,2026-06-07 13:41:00.201,1,3.0,False,,False,True
5742.153,HAM,44,76.519,31.0,2.0,,,20.33,35.956,20.233,5685.98,5721.936,5742.169,201.0,193.0,256.0,270.0,True,HARD,3.0,True,Ferrari,5665.634,2026-06-07 13:42:17.893,1,3.0,False,,False,True
5818.705,HAM,44,76.552,32.0,2.0,,,20.246,35.993,20.313,5762.415,5798.408,5818.721,199.0,192.0,256.0,265.0,False,HARD,4.0,True,Ferrari,5742.153,2026-06-07 13:43:34.412,1,3.0,False,,False,True
5895.365,HAM,44,76.66,33.0,2.0,,,20.29,35.963,20.407,5839.011,5874.974,5895.381,199.0,192.0,255.0,268.0,False,HARD,5.0,True,Ferrari,5818.705,2026-06-07 13:44:50.964,1,3.0,False,,False,True
5972.165,HAM,44,76.8,34.0,2.0,,,20.396,35.999,20.405,5915.777,5951.776,5972.181,197.0,190.0,254.0,265.0,False,HARD,6.0,True,Ferrari,5895.365,2026-06-07 13:46:07.624,1,3.0,False,,False,True
6048.923,HAM,44,76.758,35.0,2.0,,,20.37,35.971,20.417,5992.551,6028.522,6048.939,198.0,193.0,254.0,265.0,False,HARD,7.0,True,Ferrari,5972.165,2026-06-07 13:47:24.424,1,2.0,False,,False,True
6125.489,HAM,44,76.566,36.0,2.0,,,20.288,35.903,20.375,6069.227,6105.13,6125.505,201.0,192.0,255.0,265.0,False,HARD,8.0,True,Ferrari,6048.923,2026-06-07 13:48:41.182,1,2.0,False,,False,True
6202.923,HAM,44,77.434,37.0,2.0,,,20.607,36.186,20.641,6146.112,6182.298,6202.939,190.0,189.0,255.0,259.0,False,HARD,9.0,True,Ferrari,6125.489,2026-06-07 13:49:57.748,1,2.0,False,,False,True
6280.299,HAM,44,77.376,38.0,2.0,,,20.543,36.272,20.561,6223.482,6259.754,6280.315,181.0,189.0,255.0,260.0,False,HARD,10.0,True,Ferrari,6202.923,2026-06-07 13:51:15.182,1,2.0,False,,False,True
6358.77,HAM,44,78.471,39.0,2.0,,,20.708,36.84,20.923,6301.023,6337.863,6358.786,189.0,187.0,261.0,259.0,False,HARD,11.0,True,Ferrari,6280.299,2026-06-07 13:52:32.558,1,2.0,False,,False,True
6436.453,HAM,44,77.683,40.0,2.0,,,20.805,36.344,20.534,6379.591,6415.935,6436.469,174.0,188.0,254.0,259.0,False,HARD,12.0,True,Ferrari,6358.77,2026-06-07 13:53:51.029,1,2.0,False,,False,True
6513.842,HAM,44,77.389,41.0,2.0,,,20.672,36.327,20.39,6457.141,6493.468,6513.858,178.0,192.0,254.0,257.0,False,HARD,13.0,True,Ferrari,6436.453,2026-06-07 13:55:08.712,1,2.0,False,,False,True
6590.954,HAM,44,77.112,42.0,2.0,,,20.402,36.247,20.463,6534.26,6570.507,6590.97,183.0,190.0,255.0,258.0,False,HARD,14.0,True,Ferrari,6513.842,2026-06-07 13:56:26.101,1,2.0,False,,False,True
6668.214,HAM,44,77.26,43.0,2.0,,,20.603,36.213,20.444,6611.573,6647.786,6668.23,179.0,189.0,255.0,258.0,False,HARD,15.0,True,Ferrari,6590.954,2026-06-07 13:57:43.213,1,2.0,False,,False,True
6745.342,HAM,44,77.128,44.0,2.0,,,20.414,36.24,20.474,6688.644,6724.884,6745.358,189.0,191.0,260.0,259.0,False,HARD,16.0,True,Ferrari,6668.214,2026-06-07 13:59:00.473,1,2.0,False,,False,True
6822.135,HAM,44,76.793,45.0,2.0,,,20.399,36.008,20.386,6765.757,6801.765,6822.151,183.0,191.0,254.0,259.0,False,HARD,17.0,True,Ferrari,6745.342,2026-06-07 14:00:17.601,1,2.0,False,,False,True
6898.792,HAM,44,76.657,46.0,2.0,,,20.317,36.063,20.277,6842.468,6878.531,6898.808,195.0,191.0,255.0,256.0,False,HARD,18.0,True,Ferrari,6822.135,2026-06-07 14:01:34.394,1,2.0,False,,False,True
6975.641,HAM,44,76.849,47.0,2.0,,,20.347,36.146,20.356,6919.155,6955.301,6975.657,184.0,191.0,255.0,258.0,False,HARD,19.0,True,Ferrari,6898.792,2026-06-07 14:02:51.051,1,2.0,False,,False,True
7052.83,HAM,44,77.189,48.0,2.0,,,20.472,36.282,20.435,6996.129,7032.411,7052.846,190.0,191.0,255.0,258.0,False,HARD,20.0,True,Ferrari,6975.641,2026-06-07 14:04:07.900,1,2.0,False,,False,True
7130.018,HAM,44,77.188,49.0,2.0,,,20.377,36.306,20.505,7073.223,7109.529,7130.034,193.0,192.0,256.0,258.0,False,HARD,21.0,True,Ferrari,7052.83,2026-06-07 14:05:25.089,1,2.0,False,,False,True
7207.07,HAM,44,77.052,50.0,2.0,,,20.623,36.129,20.3,7150.657,7186.786,7207.086,194.0,188.0,255.0,258.0,False,HARD,22.0,True,Ferrari,7130.018,2026-06-07 14:06:42.277,1,2.0,False,,False,True
7283.765,HAM,44,76.695,51.0,2.0,,,20.293,36.028,20.374,7227.379,7263.407,7283.781,195.0,190.0,256.0,260.0,False,HARD,23.0,True,Ferrari,7207.07,2026-06-07 14:07:59.329,1,2.0,False,,False,True
7360.426,HAM,44,76.661,52.0,2.0,,,20.338,35.997,20.326,7304.119,7340.116,7360.442,191.0,193.0,255.0,260.0,False,HARD,24.0,True,Ferrari,7283.765,2026-06-07 14:09:16.024,1,2.0,False,,False,True
7437.103,HAM,44,76.677,53.0,2.0,,,20.217,36.049,20.411,7380.659,7416.708,7437.119,192.0,192.0,255.0,261.0,False,HARD,25.0,True,Ferrari,7360.426,2026-06-07 14:10:32.685,1,2.0,False,,False,True
7513.792,HAM,44,76.689,54.0,2.0,,,20.403,36.029,20.257,7457.522,7493.551,7513.808,197.0,193.0,256.0,261.0,False,HARD,26.0,True,Ferrari,7437.103,2026-06-07 14:11:49.362,1,2.0,False,,False,True
7590.559,HAM,44,76.767,55.0,2.0,,,20.418,36.006,20.343,7534.226,7570.232,7590.575,194.0,191.0,257.0,261.0,False,HARD,27.0,True,Ferrari,7513.792,2026-06-07 14:13:06.051,1,2.0,False,,False,True
7667.066,HAM,44,76.507,56.0,2.0,,,20.408,35.862,20.237,7610.983,7646.845,7667.082,192.0,190.0,256.0,263.0,True,HARD,28.0,True,Ferrari,7590.559,2026-06-07 14:14:22.818,1,2.0,False,,False,True
7743.722,HAM,44,76.656,57.0,2.0,,,20.232,35.966,20.458,7687.314,7723.28,7743.738,197.0,193.0,262.0,263.0,False,HARD,29.0,True,Ferrari,7667.066,2026-06-07 14:15:39.325,1,2.0,False,,False,True
7820.599,HAM,44,76.877,58.0,2.0,,,20.279,35.994,20.604,7764.017,7800.011,7820.615,198.0,188.0,260.0,263.0,False,HARD,30.0,True,Ferrari,7743.722,2026-06-07 14:16:55.981,1,2.0,False,,False,True
7896.877,HAM,44,76.278,59.0,2.0,,,20.156,35.861,20.261,7840.771,7876.632,7896.893,201.0,191.0,257.0,262.0,True,HARD,31.0,True,Ferrari,7820.599,2026-06-07 14:18:12.858,1,2.0,False,,False,True
8012.995,HAM,44,116.118,60.0,2.0,,7982.646,20.417,47.271,48.43,7917.31,7964.581,8013.011,196.0,168.0,,208.0,False,HARD,32.0,True,Ferrari,7896.877,2026-06-07 14:19:29.136,124,2.0,False,,False,False
8133.341,HAM,44,120.346,61.0,3.0,8013.799,8110.279,29.116,48.94,42.29,8042.127,8091.067,8133.357,159.0,148.0,,151.0,False,SOFT,5.0,False,Ferrari,8012.995,2026-06-07 14:21:25.254,4,2.0,False,,False,False
8225.602,HAM,44,92.261,62.0,4.0,8134.408,,30.31,38.843,23.108,8163.667,8202.51,8225.618,169.0,182.0,225.0,260.0,False,SOFT,6.0,False,Ferrari,8133.341,2026-06-07 14:23:25.600,4,2.0,False,,False,False
8336.384,HAM,44,110.782,63.0,4.0,,,27.219,51.554,32.009,8252.837,8304.391,8336.4,120.0,171.0,85.0,200.0,False,SOFT,7.0,False,Ferrari,8225.602,2026-06-07 14:24:57.861,4,2.0,False,,False,False
8461.778,HAM,44,125.394,64.0,4.0,,,36.327,58.244,30.823,8372.727,8430.971,8461.794,99.0,127.0,203.0,167.0,False,SOFT,8.0,False,Ferrari,8336.384,2026-06-07 14:26:48.643,4,2.0,False,,False,False
8579.956,HAM,44,118.178,65.0,4.0,,,31.838,56.421,29.919,8493.632,8550.053,8579.972,115.0,65.0,255.0,161.0,False,SOFT,9.0,False,Ferrari,8461.778,2026-06-07 14:28:54.037,412,2.0,False,,False,False
8693.228,HAM,44,113.272,66.0,4.0,,8672.367,21.414,51.221,40.637,8601.386,8652.607,8693.244,184.0,178.0,,245.0,False,SOFT,10.0,False,Ferrari,8579.956,2026-06-07 14:30:52.215,24,2.0,False,,False,False
8797.525,HAM,44,104.297,67.0,5.0,8694.945,,27.9,51.235,25.162,8721.144,8772.379,8797.541,92.0,179.0,153.0,236.0,False,SOFT,11.0,False,Ferrari,8693.228,2026-06-07 14:32:45.487,4,2.0,False,,False,False
11062.157,HAM,44,,68.0,5.0,,8906.762,30.106,54.975,,8827.822,8882.713,,120.0,129.0,,141.0,False,SOFT,12.0,False,Ferrari,8797.525,2026-06-07 14:34:29.784,451,2.0,False,,False,False
11164.35,HAM,44,102.193,69.0,6.0,11062.876,,26.297,45.913,29.983,11088.47,11134.383,11164.366,169.0,107.0,157.0,142.0,False,SOFT,5.0,False,Ferrari,11062.157,2026-06-07 15:12:14.416,14,2.0,False,,False,False
11330.484,HAM,44,,70.0,6.0,,,29.033,49.304,87.759,11193.573,11242.819,11330.718,135.0,125.0,2.0,159.0,False,SOFT,6.0,False,Ferrari,11164.35,2026-06-07 15:13:56.609,41,2.0,False,,False,False
11411.493,HAM,44,81.009,71.0,6.0,,,23.802,36.922,20.285,11354.302,11391.224,11411.509,180.0,193.0,256.0,265.0,False,SOFT,7.0,False,Ferrari,11330.484,2026-06-07 15:16:42.743,12,2.0,False,,False,True
11486.962,HAM,44,75.469,72.0,6.0,,,20.292,35.353,19.824,11431.801,11467.154,11486.978,207.0,196.0,257.0,269.0,True,SOFT,8.0,False,Ferrari,11411.493,2026-06-07 15:18:03.752,1,2.0,False,,False,True
11561.931,HAM,44,74.969,73.0,6.0,,,19.918,35.195,19.856,11506.896,11542.091,11561.947,212.0,197.0,258.0,270.0,True,SOFT,9.0,False,Ferrari,11486.962,2026-06-07 15:19:19.221,1,2.0,False,,False,True
11636.574,HAM,44,74.643,74.0,6.0,,,19.895,35.013,19.735,11581.842,11616.855,11636.59,210.0,197.0,258.0,270.0,True,SOFT,10.0,False,Ferrari,11561.931,2026-06-07 15:20:34.190,1,2.0,False,,False,True
11711.3,HAM,44,74.726,75.0,6.0,,,19.879,35.004,19.843,11656.469,11691.473,11711.316,208.0,197.0,258.0,270.0,False,SOFT,11.0,False,Ferrari,11636.574,2026-06-07 15:21:48.833,1,2.0,False,,False,True
11786.349,HAM,44,75.049,76.0,6.0,,,19.975,35.139,19.935,11731.291,11766.43,11786.365,208.0,196.0,257.0,270.0,False,SOFT,12.0,False,Ferrari,11711.3,2026-06-07 15:23:03.559,1,2.0,False,,False,True
11861.679,HAM,44,75.33,77.0,6.0,,,20.028,35.27,20.032,11806.393,11841.663,11861.695,210.0,196.0,257.0,270.0,False,SOFT,13.0,False,Ferrari,11786.349,2026-06-07 15:24:18.608,1,2.0,False,,False,True
11937.47,HAM,44,75.791,78.0,6.0,,,20.099,35.49,20.202,11881.794,11917.284,11937.486,201.0,194.0,255.0,270.0,False,SOFT,14.0,False,Ferrari,11861.679,2026-06-07 15:25:33.938,1,2.0,False,,False,True
3438.675,BOR,5,118.809,1.0,1.0,3330.676,3413.542,,42.861,41.083,,3397.745,3438.745,147.0,166.0,,265.0,False,SOFT,1.0,True,Audi,3319.645,2026-06-07 13:03:11.904,12,20.0,False,,False,False
3523.472,BOR,5,84.797,2.0,2.0,3439.402,,24.947,38.18,21.67,3463.636,3501.816,3523.486,165.0,178.0,252.0,267.0,False,HARD,1.0,True,Audi,3438.675,2026-06-07 13:05:10.934,1,20.0,False,,False,False
3604.739,BOR,5,81.267,3.0,2.0,,,21.319,38.017,21.931,3544.805,3582.822,3604.753,174.0,177.0,250.0,268.0,True,HARD,2.0,True,Audi,3523.472,2026-06-07 13:06:35.731,1,20.0,False,,False,True
3686.426,BOR,5,81.687,4.0,2.0,,,21.613,37.972,22.102,3626.366,3664.338,3686.44,168.0,178.0,249.0,273.0,False,HARD,3.0,True,Audi,3604.739,2026-06-07 13:07:56.998,1,20.0,False,,False,True
3768.106,BOR,5,81.68,5.0,2.0,,,21.607,38.366,21.707,3708.047,3746.413,3768.12,168.0,178.0,260.0,274.0,False,HARD,4.0,True,Audi,3686.426,2026-06-07 13:09:18.685,1,20.0,False,,False,True
3849.518,BOR,5,81.412,6.0,2.0,,,21.743,38.044,21.625,3789.863,3827.907,3849.532,169.0,177.0,260.0,273.0,False,HARD,5.0,True,Audi,3768.106,2026-06-07 13:10:40.365,1,20.0,False,,False,True
3930.627,BOR,5,81.109,7.0,2.0,,,21.623,37.838,21.648,3871.155,3908.993,3930.641,172.0,182.0,249.0,278.0,True,HARD,6.0,True,Audi,3849.518,2026-06-07 13:12:01.777,1,20.0,False,,False,True
4011.182,BOR,5,80.555,8.0,2.0,,,21.107,37.76,21.688,3951.748,3989.508,4011.196,181.0,180.0,260.0,279.0,True,HARD,7.0,True,Audi,3930.627,2026-06-07 13:13:22.886,1,20.0,False,,False,True
4091.855,BOR,5,80.673,9.0,2.0,,,20.998,37.718,21.957,4032.194,4069.912,4091.869,183.0,175.0,260.0,279.0,False,HARD,8.0,True,Audi,4011.182,2026-06-07 13:14:43.441,1,20.0,False,,False,True
4175.757,BOR,5,83.902,10.0,2.0,,,22.321,39.079,22.502,4114.19,4153.269,4175.771,116.0,178.0,235.0,273.0,False,HARD,9.0,True,Audi,4091.855,2026-06-07 13:16:04.114,1,20.0,False,,False,True
4258.458,BOR,5,82.701,11.0,2.0,,,21.992,37.96,22.749,4197.763,4235.723,4258.472,179.0,170.0,255.0,280.0,False,HARD,10.0,True,Audi,4175.757,2026-06-07 13:17:28.016,1,20.0,False,,False,True
4339.902,BOR,5,81.444,12.0,2.0,,,21.42,37.503,22.521,4279.892,4317.395,4339.916,178.0,176.0,233.0,281.0,False,HARD,11.0,True,Audi,4258.458,2026-06-07 13:18:50.717,1,20.0,False,,False,True
4421.794,BOR,5,81.892,13.0,2.0,,,22.448,37.759,21.685,4362.364,4400.123,4421.808,175.0,180.0,260.0,274.0,False,HARD,12.0,True,Audi,4339.902,2026-06-07 13:20:12.161,1,20.0,False,,False,True
4502.673,BOR,5,80.879,14.0,2.0,,,21.102,37.991,21.786,4442.91,4480.901,4502.687,185.0,176.0,260.0,281.0,False,HARD,13.0,True,Audi,4421.794,2026-06-07 13:21:34.053,1,20.0,False,,False,True
4583.756,BOR,5,81.083,15.0,2.0,,,21.188,37.846,22.049,4523.875,4561.721,4583.77,175.0,178.0,248.0,280.0,False,HARD,14.0,True,Audi,4502.673,2026-06-07 13:22:54.932,1,20.0,False,,False,True
4667.7,BOR,5,83.944,16.0,2.0,,,22.543,38.794,22.607,4606.313,4645.107,4667.714,182.0,174.0,259.0,281.0,False,HARD,15.0,True,Audi,4583.756,2026-06-07 13:24:16.015,1,20.0,False,,False,True
4746.03,BOR,5,78.33,17.0,2.0,,,20.559,36.667,21.104,4688.273,4724.94,4746.044,191.0,178.0,256.0,279.0,False,HARD,16.0,True,Audi,4667.7,2026-06-07 13:25:39.959,1,19.0,True,TRACK LIMITS AT TURN 10 LAP 17 ,False,True
4824.223,BOR,5,78.193,18.0,2.0,,,20.586,36.754,20.853,4766.63,4803.384,4824.237,192.0,186.0,256.0,271.0,True,HARD,17.0,True,Audi,4746.03,2026-06-07 13:26:58.289,1,19.0,False,,False,True
4902.131,BOR,5,77.908,19.0,2.0,,,20.55,36.616,20.742,4844.787,4881.403,4902.145,194.0,186.0,256.0,271.0,True,HARD,18.0,True,Audi,4824.223,2026-06-07 13:28:16.482,1,19.0,False,,False,True
4980.46,BOR,5,78.329,20.0,2.0,,,20.502,36.84,20.987,4922.647,4959.487,4980.474,196.0,184.0,255.0,271.0,False,HARD,19.0,True,Audi,4902.131,2026-06-07 13:29:34.390,1,19.0,False,,False,True
5058.929,BOR,5,78.469,21.0,2.0,,,20.467,36.884,21.118,5000.941,5037.825,5058.943,198.0,185.0,250.0,269.0,False,HARD,20.0,True,Audi,4980.46,2026-06-07 13:30:52.719,1,19.0,False,,False,True
5137.006,BOR,5,78.077,22.0,2.0,,,20.485,36.761,20.831,5079.428,5116.189,5137.02,199.0,187.0,256.0,271.0,False,HARD,21.0,True,Audi,5058.929,2026-06-07 13:32:11.188,1,19.0,False,,False,True
5215.048,BOR,5,78.042,23.0,2.0,,,20.503,36.675,20.864,5157.523,5194.198,5215.062,197.0,185.0,256.0,271.0,False,HARD,22.0,True,Audi,5137.006,2026-06-07 13:33:29.265,1,19.0,False,,False,True
5293.119,BOR,5,78.071,24.0,2.0,,,20.436,36.739,20.896,5235.498,5272.237,5293.133,199.0,184.0,257.0,271.0,False,HARD,23.0,True,Audi,5215.048,2026-06-07 13:34:47.307,1,19.0,False,,False,True
5371.543,BOR,5,78.424,25.0,2.0,,,20.567,36.993,20.864,5313.7,5350.693,5371.557,197.0,186.0,256.0,261.0,False,HARD,24.0,True,Audi,5293.119,2026-06-07 13:36:05.378,1,19.0,False,,False,True
5449.449,BOR,5,77.906,26.0,2.0,,,20.511,36.567,20.828,5392.068,5428.635,5449.463,203.0,184.0,257.0,271.0,True,HARD,25.0,True,Audi,5371.543,2026-06-07 13:37:23.802,1,19.0,False,,False,True
5527.545,BOR,5,78.096,27.0,2.0,,,20.512,36.665,20.919,5469.975,5506.64,5527.559,197.0,186.0,256.0,272.0,False,HARD,26.0,True,Audi,5449.449,2026-06-07 13:38:41.708,1,19.0,False,,False,True
5606.442,BOR,5,78.897,28.0,2.0,,,21.064,36.915,20.918,5548.623,5585.538,5606.456,198.0,186.0,256.0,272.0,False,HARD,27.0,True,Audi,5527.545,2026-06-07 13:39:59.804,1,19.0,False,,False,True
5684.884,BOR,5,78.442,29.0,2.0,,,20.591,36.874,20.977,5627.047,5663.921,5684.898,198.0,188.0,256.0,272.0,False,HARD,28.0,True,Audi,5606.442,2026-06-07 13:41:18.701,1,19.0,False,,False,True
5763.649,BOR,5,78.765,30.0,2.0,,,20.645,36.868,21.252,5705.543,5742.411,5763.663,201.0,184.0,253.0,272.0,False,HARD,29.0,True,Audi,5684.884,2026-06-07 13:42:37.143,1,19.0,True,TRACK LIMITS AT TURN 10 LAP 30 ,False,True
5841.939,BOR,5,78.29,31.0,2.0,,,20.626,36.784,20.88,5784.289,5821.073,5841.953,198.0,183.0,256.0,272.0,False,HARD,30.0,True,Audi,5763.649,2026-06-07 13:43:55.908,1,19.0,False,,False,True
5920.031,BOR,5,78.092,32.0,2.0,,,20.52,36.657,20.915,5862.473,5899.13,5920.045,197.0,183.0,256.0,271.0,False,HARD,31.0,True,Audi,5841.939,2026-06-07 13:45:14.198,1,19.0,False,,False,True
5998.168,BOR,5,78.137,33.0,2.0,,,20.601,36.686,20.85,5940.646,5977.332,5998.182,199.0,185.0,256.0,271.0,False,HARD,32.0,True,Audi,5920.031,2026-06-07 13:46:32.290,1,19.0,False,,False,True
6076.401,BOR,5,78.233,34.0,2.0,,,20.607,36.718,20.908,6018.789,6055.507,6076.415,200.0,184.0,257.0,271.0,False,HARD,33.0,True,Audi,5998.168,2026-06-07 13:47:50.427,1,19.0,False,,False,True
6156.414,BOR,5,80.013,35.0,2.0,,,21.214,37.679,21.12,6097.629,6135.308,6156.428,182.0,184.0,261.0,270.0,False,HARD,34.0,True,Audi,6076.401,2026-06-07 13:49:08.660,1,19.0,False,,False,True
6236.085,BOR,5,79.671,36.0,2.0,,,20.845,37.476,21.35,6177.273,6214.749,6236.099,185.0,180.0,260.0,275.0,False,HARD,35.0,True,Audi,6156.414,2026-06-07 13:50:28.673,1,19.0,False,,False,True
6315.99,BOR,5,79.905,37.0,2.0,,,20.873,37.429,21.603,6256.972,6294.401,6316.004,187.0,184.0,251.0,275.0,False,HARD,36.0,True,Audi,6236.085,2026-06-07 13:51:48.344,1,19.0,False,,False,True
6397.926,BOR,5,81.936,38.0,2.0,,,20.968,37.338,23.63,6336.972,6374.31,6397.94,193.0,182.0,205.0,279.0,False,HARD,37.0,True,Audi,6315.99,2026-06-07 13:53:08.249,1,19.0,False,,False,True
6478.295,BOR,5,80.369,39.0,2.0,,,21.762,37.442,21.165,6419.702,6457.144,6478.309,185.0,182.0,258.0,279.0,False,HARD,38.0,True,Audi,6397.926,2026-06-07 13:54:30.185,1,19.0,False,,False,True
6559.321,BOR,5,81.026,40.0,2.0,,,21.175,38.288,21.563,6499.484,6537.772,6559.335,176.0,180.0,251.0,271.0,False,HARD,39.0,True,Audi,6478.295,2026-06-07 13:55:50.554,1,19.0,False,,False,True
6640.114,BOR,5,80.793,41.0,2.0,,,21.251,37.874,21.668,6580.586,6618.46,6640.128,174.0,178.0,251.0,277.0,False,HARD,40.0,True,Audi,6559.321,2026-06-07 13:57:11.580,1,19.0,False,,False,True
6722.271,BOR,5,82.157,42.0,2.0,,,22.482,37.962,21.713,6662.61,6700.572,6722.285,186.0,175.0,251.0,281.0,False,HARD,41.0,True,Audi,6640.114,2026-06-07 13:58:32.373,1,19.0,False,,False,True
6820.291,BOR,5,98.02,43.0,2.0,,6796.308,21.386,37.911,38.723,6743.671,6781.582,6820.305,177.0,179.0,,282.0,False,HARD,42.0,True,Audi,6722.271,2026-06-07 13:59:54.530,1,19.0,False,,False,False
6902.051,BOR,5,81.76,44.0,3.0,6821.011,,23.956,37.038,20.766,6844.261,6881.299,6902.065,183.0,181.0,257.0,270.0,False,MEDIUM,1.0,True,Audi,6820.291,2026-06-07 14:01:32.550,1,19.0,False,,False,False
6979.467,BOR,5,77.416,45.0,3.0,,,20.499,36.41,20.507,6922.564,6958.974,6979.481,200.0,182.0,257.0,271.0,True,MEDIUM,2.0,True,Audi,6902.051,2026-06-07 14:02:54.310,1,18.0,False,,False,True
7056.27,BOR,5,76.803,46.0,3.0,,,20.279,35.982,20.542,6999.76,7035.742,7056.284,199.0,187.0,257.0,271.0,True,MEDIUM,3.0,True,Audi,6979.467,2026-06-07 14:04:11.726,1,18.0,False,,False,True
7133.13,BOR,5,76.86,47.0,3.0,,,20.245,36.045,20.57,7076.529,7112.574,7133.144,201.0,188.0,257.0,272.0,False,MEDIUM,4.0,True,Audi,7056.27,2026-06-07 14:05:28.529,1,18.0,False,,False,True
7210.312,BOR,5,77.182,48.0,3.0,,,20.282,36.144,20.756,7153.426,7189.57,7210.326,196.0,186.0,260.0,273.0,False,MEDIUM,5.0,True,Audi,7133.13,2026-06-07 14:06:45.389,1,18.0,False,,False,True
7289.665,BOR,5,79.353,49.0,3.0,,,20.412,38.004,20.937,7230.738,7268.742,7289.679,191.0,183.0,260.0,283.0,False,MEDIUM,6.0,True,Audi,7210.312,2026-06-07 14:08:02.571,1,18.0,False,,False,True
7372.565,BOR,5,82.9,50.0,3.0,,,21.092,36.999,24.809,7310.771,7347.77,7372.579,181.0,176.0,214.0,283.0,False,MEDIUM,7.0,True,Audi,7289.665,2026-06-07 14:09:21.924,1,18.0,False,,False,True
7450.961,BOR,5,78.396,51.0,3.0,,,21.04,36.528,20.828,7393.619,7430.147,7450.975,197.0,186.0,257.0,272.0,False,MEDIUM,8.0,True,Audi,7372.565,2026-06-07 14:10:44.824,1,18.0,False,,False,True
7529.514,BOR,5,78.553,52.0,3.0,,,20.314,36.653,21.586,7471.289,7507.942,7529.528,198.0,183.0,264.0,274.0,False,MEDIUM,9.0,True,Audi,7450.961,2026-06-07 14:12:03.220,1,18.0,False,,False,True
7610.832,BOR,5,81.318,53.0,3.0,,,21.364,37.889,22.065,7550.892,7588.781,7610.846,175.0,180.0,257.0,282.0,False,MEDIUM,10.0,True,Audi,7529.514,2026-06-07 14:13:21.773,1,18.0,False,,False,True
7690.412,BOR,5,79.58,54.0,3.0,,,21.392,36.716,21.472,7632.238,7668.954,7690.426,189.0,179.0,264.0,282.0,False,MEDIUM,11.0,True,Audi,7610.832,2026-06-07 14:14:43.091,1,18.0,False,,False,True
7772.297,BOR,5,81.885,55.0,3.0,,,21.191,38.93,21.764,7711.617,7750.547,7772.311,180.0,174.0,264.0,276.0,False,MEDIUM,12.0,True,Audi,7690.412,2026-06-07 14:16:02.671,1,18.0,False,,False,True
7857.165,BOR,5,84.868,56.0,3.0,,,21.017,37.713,26.138,7793.328,7831.041,7857.179,182.0,176.0,255.0,282.0,False,MEDIUM,13.0,True,Audi,7772.297,2026-06-07 14:17:24.556,1,18.0,False,,False,True
7939.674,BOR,5,82.509,57.0,3.0,,,20.548,36.466,25.495,7877.727,7914.193,7939.688,197.0,182.0,114.0,272.0,False,MEDIUM,14.0,True,Audi,7857.165,2026-06-07 14:18:49.424,124,17.0,False,,False,False
8056.945,BOR,5,117.271,58.0,3.0,,8037.549,28.104,49.291,39.876,7967.792,8017.083,8056.959,146.0,136.0,,141.0,False,MEDIUM,15.0,True,Audi,7939.674,2026-06-07 14:20:11.933,4,17.0,False,,False,False
8173.806,BOR,5,116.861,59.0,4.0,8057.643,8149.895,25.663,50.187,41.011,8082.622,8132.809,8173.82,157.0,138.0,,219.0,False,MEDIUM,16.0,False,Audi,8056.945,2026-06-07 14:22:09.204,4,17.0,False,,False,False
8257.621,BOR,5,83.815,60.0,5.0,8174.54,,24.037,38.016,21.762,8197.857,8235.873,8257.635,184.0,180.0,251.0,270.0,False,SOFT,1.0,True,Audi,8173.806,2026-06-07 14:24:06.065,4,17.0,False,,False,False
8341.559,BOR,5,83.938,61.0,5.0,,,21.163,38.384,24.391,8278.798,8317.182,8341.573,186.0,161.0,129.0,270.0,False,SOFT,2.0,True,Audi,8257.621,2026-06-07 14:25:29.880,4,17.0,False,,False,False
8435.501,BOR,5,93.942,62.0,5.0,,,31.443,41.125,21.374,8373.016,8414.141,8435.515,98.0,178.0,252.0,271.0,False,SOFT,3.0,True,Audi,8341.559,2026-06-07 14:26:53.818,4,17.0,False,,False,False
8516.59,BOR,5,81.089,63.0,5.0,,,21.173,37.315,22.601,8456.688,8494.003,8516.604,180.0,183.0,252.0,272.0,False,SOFT,4.0,True,Audi,8435.501,2026-06-07 14:28:27.760,4,17.0,False,,False,False
8599.47,BOR,5,82.88,64.0,5.0,,,21.848,37.867,23.165,8538.452,8576.319,8599.484,168.0,186.0,249.0,264.0,False,SOFT,5.0,True,Audi,8516.59,2026-06-07 14:29:48.849,412,17.0,False,,False,False
8714.548,BOR,5,115.078,65.0,5.0,,8692.586,29.458,45.817,39.803,8628.942,8674.759,8714.562,111.0,152.0,,155.0,False,SOFT,6.0,True,Audi,8599.47,2026-06-07 14:31:11.729,24,16.0,False,,False,False
8819.816,BOR,5,105.268,66.0,6.0,8715.282,,28.37,49.403,27.495,8742.932,8792.335,8819.83,137.0,140.0,195.0,228.0,False,SOFT,7.0,False,Audi,8714.548,2026-06-07 14:33:06.807,4,16.0,False,,False,False
10956.707,BOR,5,,67.0,6.0,,8927.606,29.752,50.415,,8849.791,8900.093,,96.0,129.0,,159.0,False,SOFT,8.0,False,Audi,8819.816,2026-06-07 14:34:52.075,451,16.0,False,,False,False
11102.967,BOR,5,146.26,68.0,7.0,10957.5,11039.682,27.134,39.725,79.401,10983.855,11023.58,11102.981,144.0,174.0,,262.0,False,SOFT,1.0,True,Audi,10956.707,2026-06-07 15:10:28.966,14,16.0,False,,False,False
11190.419,BOR,5,87.452,69.0,8.0,11103.732,,25.511,39.376,22.565,11128.492,11167.868,11190.433,162.0,176.0,243.0,265.0,False,SOFT,2.0,False,Audi,11102.967,2026-06-07 15:12:55.226,4,16.0,False,,False,False
11334.119,BOR,5,143.7,70.0,8.0,,,23.287,49.379,71.034,11213.72,11263.099,11334.133,135.0,160.0,180.0,221.0,False,SOFT,3.0,False,Audi,11190.419,2026-06-07 15:14:22.678,41,16.0,False,,False,False
11428.97,BOR,5,94.851,71.0,8.0,,,26.832,46.992,21.027,11360.965,11407.957,11428.984,133.0,181.0,254.0,265.0,False,SOFT,4.0,False,Audi,11334.119,2026-06-07 15:16:46.378,12,14.0,False,,False,True
11506.454,BOR,5,77.484,72.0,8.0,,,20.666,36.301,20.517,11449.65,11485.951,11506.468,195.0,189.0,259.0,273.0,False,SOFT,5.0,False,Audi,11428.97,2026-06-07 15:18:21.229,1,14.0,False,,False,True
11585.76,BOR,5,79.306,73.0,8.0,,,20.516,37.928,20.862,11526.984,11564.912,11585.774,183.0,184.0,262.0,274.0,False,SOFT,6.0,False,Audi,11506.454,2026-06-07 15:19:38.713,1,13.0,False,,False,True
11663.984,BOR,5,78.224,74.0,8.0,,,20.715,36.601,20.908,11606.489,11643.09,11663.998,186.0,182.0,265.0,287.0,False,SOFT,7.0,False,Audi,11585.76,2026-06-07 15:20:58.019,1,13.0,False,,False,True
11741.881,BOR,5,77.897,75.0,8.0,,,20.537,36.582,20.778,11684.535,11721.117,11741.895,193.0,184.0,266.0,286.0,False,SOFT,8.0,False,Audi,11663.984,2026-06-07 15:22:16.243,1,13.0,False,,False,True
11819.469,BOR,5,77.588,76.0,8.0,,,20.508,36.354,20.726,11762.403,11798.757,11819.483,201.0,186.0,255.0,286.0,False,SOFT,9.0,False,Audi,11741.881,2026-06-07 15:23:34.140,1,13.0,False,,False,True
11896.573,BOR,5,77.104,77.0,8.0,,,20.127,36.341,20.636,11839.61,11875.951,11896.587,197.0,184.0,265.0,286.0,False,SOFT,10.0,False,Audi,11819.469,2026-06-07 15:24:51.728,1,13.0,False,,False,True
11973.885,BOR,5,77.312,78.0,8.0,,,20.202,36.331,20.779,11916.789,11953.12,11973.899,201.0,187.0,257.0,285.0,False,SOFT,11.0,False,Audi,11896.573,2026-06-07 15:26:08.832,1,13.0,False,,False,True
3413.175,SAI,55,93.309,1.0,1.0,,,,40.537,21.921,,3391.466,3413.292,159.0,172.0,255.0,270.0,False,MEDIUM,1.0,True,Williams,3319.645,2026-06-07 13:03:11.904,12,11.0,False,,False,False
3494.313,SAI,55,81.138,2.0,1.0,,,21.733,38.016,21.389,3434.914,3472.93,3494.319,186.0,177.0,256.0,270.0,True,MEDIUM,2.0,True,Williams,3413.175,2026-06-07 13:04:45.434,1,11.0,False,,False,True
3574.826,SAI,55,80.513,3.0,1.0,,,21.397,37.757,21.359,3515.716,3553.473,3574.832,184.0,180.0,256.0,267.0,True,MEDIUM,3.0,True,Williams,3494.313,2026-06-07 13:06:06.572,1,11.0,False,,False,True
3654.979,SAI,55,80.153,4.0,1.0,,,21.307,37.611,21.235,3596.139,3633.75,3654.985,186.0,177.0,256.0,271.0,True,MEDIUM,4.0,True,Williams,3574.826,2026-06-07 13:07:27.085,1,11.0,False,,False,True
3734.875,SAI,55,79.896,5.0,1.0,,,21.27,37.339,21.287,3676.255,3713.594,3734.881,191.0,182.0,257.0,271.0,True,MEDIUM,5.0,True,Williams,3654.979,2026-06-07 13:08:47.238,1,11.0,False,,False,True
3814.574,SAI,55,79.699,6.0,1.0,,,21.037,37.481,21.181,3755.918,3793.399,3814.58,186.0,178.0,256.0,270.0,True,MEDIUM,6.0,True,Williams,3734.875,2026-06-07 13:10:07.134,1,11.0,False,,False,True
3893.938,SAI,55,79.364,7.0,1.0,,,21.05,37.313,21.001,3835.63,3872.943,3893.944,191.0,185.0,256.0,270.0,True,MEDIUM,7.0,True,Williams,3814.574,2026-06-07 13:11:26.833,1,11.0,False,,False,True
3973.06,SAI,55,79.122,8.0,1.0,,,20.903,37.217,21.002,3914.847,3952.064,3973.066,195.0,184.0,255.0,272.0,True,MEDIUM,8.0,True,Williams,3893.938,2026-06-07 13:12:46.197,1,11.0,False,,False,True
4052.128,SAI,55,79.068,9.0,1.0,,,20.871,37.238,20.959,3993.937,4031.175,4052.134,195.0,185.0,256.0,272.0,True,MEDIUM,9.0,True,Williams,3973.06,2026-06-07 13:14:05.319,1,11.0,False,,False,True
4130.853,SAI,55,78.725,10.0,1.0,,,20.823,36.735,21.167,4072.957,4109.692,4130.859,196.0,185.0,255.0,272.0,True,MEDIUM,10.0,True,Williams,4052.128,2026-06-07 13:15:24.387,1,11.0,False,,False,True
4209.713,SAI,55,78.86,11.0,1.0,,,20.895,36.873,21.092,4151.754,4188.627,4209.719,198.0,181.0,256.0,272.0,False,MEDIUM,11.0,True,Williams,4130.853,2026-06-07 13:16:43.112,1,11.0,False,,False,True
4288.571,SAI,55,78.858,12.0,1.0,,,20.715,36.904,21.239,4230.434,4267.338,4288.577,197.0,187.0,254.0,271.0,False,MEDIUM,12.0,True,Williams,4209.713,2026-06-07 13:18:01.972,1,11.0,True,TRACK LIMITS AT TURN 16 LAP 12 ,False,True
4367.224,SAI,55,78.653,13.0,1.0,,,20.688,36.976,20.989,4309.265,4346.241,4367.23,197.0,185.0,256.0,271.0,True,MEDIUM,13.0,True,Williams,4288.571,2026-06-07 13:19:20.830,1,11.0,False,,False,True
4446.444,SAI,55,79.22,14.0,1.0,,,20.724,37.231,21.265,4387.954,4425.185,4446.45,190.0,184.0,255.0,267.0,False,MEDIUM,14.0,True,Williams,4367.224,2026-06-07 13:20:39.483,1,11.0,False,,False,True
4524.969,SAI,55,78.525,15.0,1.0,,,20.73,36.811,20.984,4467.18,4503.991,4524.975,195.0,180.0,256.0,271.0,True,MEDIUM,15.0,True,Williams,4446.444,2026-06-07 13:21:58.703,1,11.0,False,,False,True
4603.471,SAI,55,78.502,16.0,1.0,,,20.625,36.832,21.045,4545.6,4582.432,4603.477,198.0,183.0,256.0,270.0,True,MEDIUM,16.0,True,Williams,4524.969,2026-06-07 13:23:17.228,1,11.0,False,,False,True
4681.857,SAI,55,78.386,17.0,1.0,,,20.628,36.858,20.9,4624.105,4660.963,4681.863,196.0,181.0,256.0,271.0,True,MEDIUM,17.0,True,Williams,4603.471,2026-06-07 13:24:35.730,1,11.0,False,,False,True
4760.333,SAI,55,78.476,18.0,1.0,,,20.657,36.842,20.977,4702.52,4739.362,4760.339,199.0,183.0,256.0,272.0,False,MEDIUM,18.0,True,Williams,4681.857,2026-06-07 13:25:54.116,1,11.0,False,,False,True
4838.866,SAI,55,78.533,19.0,1.0,,,20.673,36.958,20.902,4781.012,4817.97,4838.872,194.0,184.0,257.0,270.0,False,MEDIUM,19.0,True,Williams,4760.333,2026-06-07 13:27:12.592,1,11.0,False,,False,True
4917.567,SAI,55,78.701,20.0,1.0,,,20.684,36.98,21.037,4859.556,4896.536,4917.573,199.0,183.0,256.0,272.0,False,MEDIUM,20.0,True,Williams,4838.866,2026-06-07 13:28:31.125,1,11.0,False,,False,True
4996.503,SAI,55,78.936,21.0,1.0,,,20.752,36.982,21.202,4938.325,4975.307,4996.509,194.0,181.0,257.0,271.0,False,MEDIUM,21.0,True,Williams,4917.567,2026-06-07 13:29:49.826,1,11.0,False,,False,True
5075.633,SAI,55,79.13,22.0,1.0,,,20.755,37.192,21.183,5017.264,5054.456,5075.639,196.0,182.0,256.0,271.0,False,MEDIUM,22.0,True,Williams,4996.503,2026-06-07 13:31:08.762,1,11.0,False,,False,True
5154.993,SAI,55,79.36,23.0,1.0,,,20.968,37.254,21.138,5096.607,5133.861,5154.999,185.0,180.0,256.0,269.0,False,MEDIUM,23.0,True,Williams,5075.633,2026-06-07 13:32:27.892,1,11.0,False,,False,True
5234.204,SAI,55,79.211,24.0,1.0,,,20.887,37.16,21.164,5175.886,5213.046,5234.21,190.0,183.0,256.0,270.0,False,MEDIUM,24.0,True,Williams,5154.993,2026-06-07 13:33:47.252,1,11.0,False,,False,True
5313.619,SAI,55,79.415,25.0,1.0,,,21.026,37.245,21.144,5255.236,5292.481,5313.625,190.0,180.0,256.0,271.0,False,MEDIUM,25.0,True,Williams,5234.204,2026-06-07 13:35:06.463,1,11.0,False,,False,True
5392.587,SAI,55,78.968,26.0,1.0,,,20.806,37.07,21.092,5334.431,5371.501,5392.593,191.0,180.0,257.0,271.0,False,MEDIUM,26.0,True,Williams,5313.619,2026-06-07 13:36:25.878,1,11.0,False,,False,True
5471.614,SAI,55,79.027,27.0,1.0,,,20.851,37.101,21.075,5413.444,5450.545,5471.62,195.0,180.0,257.0,271.0,False,MEDIUM,27.0,True,Williams,5392.587,2026-06-07 13:37:44.846,1,11.0,False,,False,True
5550.43,SAI,55,78.816,28.0,1.0,,,20.721,37.039,21.056,5492.341,5529.38,5550.436,193.0,184.0,256.0,272.0,False,MEDIUM,28.0,True,Williams,5471.614,2026-06-07 13:39:03.873,1,11.0,False,,False,True
5629.469,SAI,55,79.039,29.0,1.0,,,20.813,37.096,21.13,5571.249,5608.345,5629.475,194.0,183.0,257.0,271.0,False,MEDIUM,29.0,True,Williams,5550.43,2026-06-07 13:40:22.689,1,11.0,False,,False,True
5710.369,SAI,55,80.9,30.0,1.0,,,20.741,38.865,21.294,5650.216,5689.081,5710.375,194.0,175.0,257.0,271.0,False,MEDIUM,30.0,True,Williams,5629.469,2026-06-07 13:41:41.728,1,11.0,False,,False,True
5789.188,SAI,55,78.819,31.0,1.0,,,20.762,37.07,20.987,5731.137,5768.207,5789.194,195.0,185.0,257.0,271.0,False,MEDIUM,31.0,True,Williams,5710.369,2026-06-07 13:43:02.628,1,11.0,False,,False,True
5868.227,SAI,55,79.039,32.0,1.0,,,20.73,37.135,21.174,5809.924,5847.059,5868.233,197.0,185.0,257.0,271.0,False,MEDIUM,32.0,True,Williams,5789.188,2026-06-07 13:44:21.447,1,11.0,False,,False,True
5949.871,SAI,55,81.644,33.0,1.0,,,20.913,37.777,22.954,5889.146,5926.923,5949.877,193.0,174.0,246.0,272.0,False,MEDIUM,33.0,True,Williams,5868.227,2026-06-07 13:45:40.486,1,11.0,False,,False,True
6031.806,SAI,55,81.935,34.0,1.0,,,21.567,38.369,21.999,5971.444,6009.813,6031.812,176.0,166.0,254.0,270.0,False,MEDIUM,34.0,True,Williams,5949.871,2026-06-07 13:47:02.130,1,11.0,False,,False,True
6113.706,SAI,55,81.9,35.0,1.0,,,21.546,38.554,21.8,6053.358,6091.912,6113.712,178.0,171.0,254.0,269.0,False,MEDIUM,35.0,True,Williams,6031.806,2026-06-07 13:48:24.065,1,11.0,False,,False,True
6195.306,SAI,55,81.6,36.0,1.0,,,21.502,38.225,21.873,6135.214,6173.439,6195.312,183.0,171.0,252.0,268.0,False,MEDIUM,36.0,True,Williams,6113.706,2026-06-07 13:49:45.965,1,11.0,False,,False,True
6276.531,SAI,55,81.225,37.0,1.0,,,21.263,38.128,21.834,6216.575,6254.703,6276.537,185.0,174.0,252.0,269.0,False,MEDIUM,37.0,True,Williams,6195.306,2026-06-07 13:51:07.565,1,11.0,False,,False,True
6357.983,SAI,55,81.452,38.0,1.0,,,21.429,38.215,21.808,6297.966,6336.181,6357.989,190.0,178.0,251.0,267.0,False,MEDIUM,38.0,True,Williams,6276.531,2026-06-07 13:52:28.790,1,11.0,False,,False,True
6441.065,SAI,55,83.082,39.0,1.0,,,22.699,38.489,21.894,6380.688,6419.177,6441.071,175.0,172.0,255.0,270.0,False,MEDIUM,39.0,True,Williams,6357.983,2026-06-07 13:53:50.242,1,11.0,False,,False,True
6522.892,SAI,55,81.827,40.0,1.0,,,21.269,38.686,21.872,6462.34,6501.026,6522.898,181.0,171.0,255.0,269.0,False,MEDIUM,40.0,True,Williams,6441.065,2026-06-07 13:55:13.324,1,11.0,False,,False,True
6605.485,SAI,55,82.593,41.0,1.0,,,21.112,39.606,21.875,6544.01,6583.616,6605.491,178.0,166.0,255.0,267.0,False,MEDIUM,41.0,True,Williams,6522.892,2026-06-07 13:56:35.151,1,11.0,False,,False,True
6687.4,SAI,55,81.915,42.0,1.0,,,21.672,38.544,21.699,6627.163,6665.707,6687.406,185.0,177.0,255.0,269.0,False,MEDIUM,42.0,True,Williams,6605.485,2026-06-07 13:57:57.744,1,11.0,False,,False,True
6768.445,SAI,55,81.045,43.0,1.0,,,21.81,37.739,21.496,6709.216,6746.955,6768.451,186.0,182.0,256.0,268.0,False,MEDIUM,43.0,True,Williams,6687.4,2026-06-07 13:59:19.659,1,11.0,False,,False,True
6848.335,SAI,55,79.89,44.0,1.0,,,21.18,37.443,21.267,6789.631,6827.074,6848.341,183.0,183.0,256.0,270.0,False,MEDIUM,44.0,True,Williams,6768.445,2026-06-07 14:00:40.704,1,11.0,False,,False,True
6928.133,SAI,55,79.798,45.0,1.0,,,21.128,37.657,21.013,6869.469,6907.126,6928.139,188.0,181.0,257.0,260.0,False,MEDIUM,45.0,True,Williams,6848.335,2026-06-07 14:02:00.594,1,9.0,False,,False,True
7006.61,SAI,55,78.477,46.0,1.0,,,20.699,36.953,20.825,6948.838,6985.791,7006.616,198.0,182.0,257.0,270.0,False,MEDIUM,46.0,True,Williams,6928.133,2026-06-07 14:03:20.392,1,9.0,False,,False,True
7084.979,SAI,55,78.369,47.0,1.0,,,20.667,36.816,20.886,7027.283,7064.099,7084.985,198.0,185.0,257.0,271.0,True,MEDIUM,47.0,True,Williams,7006.61,2026-06-07 14:04:38.869,1,9.0,False,,False,True
7163.078,SAI,55,78.099,48.0,1.0,,,20.536,36.759,20.804,7105.521,7142.28,7163.084,202.0,187.0,256.0,270.0,True,MEDIUM,48.0,True,Williams,7084.979,2026-06-07 14:05:57.238,1,9.0,False,,False,True
7241.269,SAI,55,78.191,49.0,1.0,,,20.608,36.8,20.783,7183.692,7220.492,7241.275,198.0,183.0,257.0,270.0,False,MEDIUM,49.0,True,Williams,7163.078,2026-06-07 14:07:15.337,1,9.0,False,,False,True
7319.341,SAI,55,78.072,50.0,1.0,,,20.545,36.742,20.785,7261.82,7298.562,7319.347,201.0,186.0,257.0,271.0,True,MEDIUM,50.0,True,Williams,7241.269,2026-06-07 14:08:33.528,1,9.0,False,,False,True
7397.363,SAI,55,78.022,51.0,1.0,,,20.561,36.647,20.814,7339.908,7376.555,7397.369,199.0,186.0,257.0,271.0,True,MEDIUM,51.0,True,Williams,7319.341,2026-06-07 14:09:51.600,1,9.0,False,,False,True
7493.939,SAI,55,96.576,52.0,1.0,,7468.979,20.569,36.773,39.234,7417.938,7454.711,7493.945,198.0,187.0,,271.0,False,MEDIUM,52.0,True,Williams,7397.363,2026-06-07 14:11:09.622,1,10.0,False,,False,False
7575.831,SAI,55,81.892,53.0,2.0,7494.713,,24.049,37.243,20.6,7517.994,7555.237,7575.837,182.0,186.0,258.0,270.0,False,SOFT,1.0,True,Williams,7493.939,2026-06-07 14:12:46.198,1,10.0,False,,False,False
7655.277,SAI,55,79.446,54.0,2.0,,,20.326,37.195,21.925,7596.163,7633.358,7655.283,199.0,180.0,221.0,272.0,False,SOFT,2.0,True,Williams,7575.831,2026-06-07 14:14:08.090,1,10.0,True,TRACK LIMITS AT TURN 10 LAP 54 ,False,True
7735.041,SAI,55,79.764,55.0,2.0,,,21.79,37.213,20.761,7677.073,7714.286,7735.047,188.0,186.0,256.0,267.0,False,SOFT,3.0,True,Williams,7655.277,2026-06-07 14:15:27.536,1,10.0,False,,False,True
7815.009,SAI,55,79.968,56.0,2.0,,,20.511,38.185,21.272,7755.558,7793.743,7815.015,187.0,182.0,258.0,270.0,False,SOFT,4.0,True,Williams,7735.041,2026-06-07 14:16:47.300,1,11.0,False,,False,True
7893.104,SAI,55,78.095,57.0,2.0,,,20.574,36.753,20.768,7835.589,7872.342,7893.11,193.0,184.0,264.0,280.0,False,SOFT,5.0,True,Williams,7815.009,2026-06-07 14:18:07.268,1,11.0,False,,False,True
7991.216,SAI,55,98.112,58.0,2.0,,,20.655,47.107,30.35,7913.765,7960.872,7991.222,197.0,158.0,173.0,104.0,False,SOFT,6.0,True,Williams,7893.104,2026-06-07 14:19:25.363,124,11.0,False,,False,False
8100.991,SAI,55,109.775,59.0,2.0,,8081.857,24.367,48.136,37.272,8015.589,8063.725,8100.997,144.0,150.0,,218.0,False,SOFT,7.0,True,Williams,7991.216,2026-06-07 14:21:03.475,4,11.0,False,,False,False
8212.087,SAI,55,111.096,60.0,3.0,8101.76,,26.467,53.326,31.303,8127.464,8180.79,8212.093,130.0,163.0,161.0,157.0,False,SOFT,8.0,False,Williams,8100.991,2026-06-07 14:22:53.250,4,11.0,False,,False,False
8331.684,SAI,55,119.597,61.0,3.0,,,34.247,50.746,34.604,8246.34,8297.086,8331.69,107.0,157.0,96.0,166.0,False,SOFT,9.0,False,Williams,8212.087,2026-06-07 14:24:44.346,4,11.0,False,,False,False
8423.271,SAI,55,91.587,62.0,3.0,,,28.374,40.652,22.561,8360.064,8400.716,8423.277,153.0,173.0,250.0,263.0,False,SOFT,10.0,False,Williams,8331.684,2026-06-07 14:26:43.943,4,11.0,False,,False,False
8507.353,SAI,55,84.082,63.0,3.0,,,22.069,39.258,22.755,8445.346,8484.604,8507.359,168.0,171.0,247.0,245.0,False,SOFT,11.0,False,Williams,8423.271,2026-06-07 14:28:15.530,4,11.0,False,,False,False
8588.446,SAI,55,81.093,64.0,3.0,,,21.708,37.602,21.783,8529.067,8566.669,8588.452,174.0,187.0,256.0,265.0,False,SOFT,12.0,False,Williams,8507.353,2026-06-07 14:29:39.612,412,11.0,False,,False,False
8701.007,SAI,55,112.561,65.0,3.0,,8679.774,22.681,50.101,39.779,8611.133,8661.234,8701.013,71.0,148.0,,179.0,False,SOFT,13.0,False,Williams,8588.446,2026-06-07 14:31:00.705,24,10.0,False,,False,False
8808.403,SAI,55,107.396,66.0,4.0,8701.921,,30.666,48.423,28.307,8731.679,8780.102,8808.409,160.0,137.0,186.0,240.0,False,SOFT,14.0,False,Williams,8701.007,2026-06-07 14:32:53.266,4,10.0,False,,False,False
10939.666,SAI,55,,67.0,4.0,,8914.621,25.257,54.545,,8833.822,8888.305,,89.0,121.0,,181.0,False,SOFT,15.0,False,Williams,8808.403,2026-06-07 14:34:40.662,451,10.0,False,,False,False
11084.669,SAI,55,145.003,68.0,5.0,10940.327,11023.463,27.171,40.426,77.406,10966.843,11007.269,11084.675,167.0,178.0,,259.0,False,SOFT,5.0,False,Williams,10939.666,2026-06-07 15:10:11.925,14,10.0,False,,False,False
11177.501,SAI,55,92.832,69.0,6.0,11085.282,,28.253,40.059,24.52,11112.928,11152.987,11177.507,160.0,177.0,222.0,242.0,False,SOFT,5.0,False,Williams,11084.669,2026-06-07 15:12:36.928,4,10.0,False,,False,False
11332.821,SAI,55,,70.0,6.0,,,25.577,51.219,78.575,11203.195,11254.252,11333.796,96.0,163.0,130.0,232.0,False,SOFT,6.0,False,Williams,11177.501,2026-06-07 15:14:09.760,41,10.0,False,,False,False
11482.821,SAI,55,,71.0,6.0,,,,,,,,,,,,,,SOFT,7.0,False,Williams,11332.821,2026-06-07 15:16:45.080,12,,False,,True,False
3406.607,HAD,6,86.741,1.0,1.0,,,,38.197,21.155,,3385.574,3406.73,169.0,181.0,252.0,263.0,False,MEDIUM,1.0,True,Red Bull Racing,3319.645,2026-06-07 13:03:11.904,12,4.0,False,,False,False
3485.785,HAD,6,79.178,2.0,1.0,,,21.167,37.22,20.791,3427.786,3465.006,3485.797,191.0,184.0,253.0,267.0,True,MEDIUM,2.0,True,Red Bull Racing,3406.607,2026-06-07 13:04:38.866,1,4.0,False,,False,True
3563.925,HAD,6,78.14,3.0,1.0,,,20.592,36.958,20.59,3506.389,3543.347,3563.937,194.0,182.0,254.0,266.0,True,MEDIUM,3.0,True,Red Bull Racing,3485.785,2026-06-07 13:05:58.044,1,4.0,False,,False,True
3641.476,HAD,6,77.551,4.0,1.0,,,20.475,36.606,20.47,3584.412,3621.018,3641.488,191.0,185.0,254.0,268.0,True,MEDIUM,4.0,True,Red Bull Racing,3563.925,2026-06-07 13:07:16.184,1,4.0,False,,False,True
3718.878,HAD,6,77.402,5.0,1.0,,,20.387,36.556,20.459,3661.875,3698.431,3718.89,197.0,184.0,255.0,267.0,True,MEDIUM,5.0,True,Red Bull Racing,3641.476,2026-06-07 13:08:33.735,1,4.0,False,,False,True
3796.484,HAD,6,77.606,6.0,1.0,,,20.374,36.618,20.614,3739.264,3775.882,3796.496,197.0,183.0,255.0,267.0,False,MEDIUM,6.0,True,Red Bull Racing,3718.878,2026-06-07 13:09:51.137,1,4.0,False,,False,True
3873.912,HAD,6,77.428,7.0,1.0,,,20.304,36.489,20.635,3816.8,3853.289,3873.924,193.0,186.0,255.0,268.0,False,MEDIUM,7.0,True,Red Bull Racing,3796.484,2026-06-07 13:11:08.743,1,4.0,False,,False,True
3951.601,HAD,6,77.689,8.0,1.0,,,20.549,36.563,20.577,3894.473,3931.036,3951.613,190.0,185.0,254.0,267.0,False,MEDIUM,8.0,True,Red Bull Racing,3873.912,2026-06-07 13:12:26.171,1,4.0,False,,False,True
4028.917,HAD,6,77.316,9.0,1.0,,,20.346,36.492,20.478,3971.959,4008.451,4028.929,193.0,185.0,255.0,269.0,True,MEDIUM,9.0,True,Red Bull Racing,3951.601,2026-06-07 13:13:43.860,1,4.0,False,,False,True
4106.055,HAD,6,77.138,10.0,1.0,,,20.184,36.398,20.556,4049.113,4085.511,4106.067,197.0,185.0,254.0,268.0,True,MEDIUM,10.0,True,Red Bull Racing,4028.917,2026-06-07 13:15:01.176,1,4.0,False,,False,True
4183.585,HAD,6,77.53,11.0,1.0,,,20.212,36.643,20.675,4126.279,4162.922,4183.597,198.0,186.0,255.0,269.0,False,MEDIUM,11.0,True,Red Bull Racing,4106.055,2026-06-07 13:16:18.314,1,4.0,False,,False,True
4261.296,HAD,6,77.711,12.0,1.0,,,20.344,36.667,20.7,4203.941,4240.608,4261.308,197.0,184.0,255.0,269.0,False,MEDIUM,12.0,True,Red Bull Racing,4183.585,2026-06-07 13:17:35.844,1,4.0,False,,False,True
4339.836,HAD,6,78.54,13.0,1.0,,,20.512,37.115,20.913,4281.82,4318.935,4339.848,191.0,182.0,254.0,268.0,False,MEDIUM,13.0,True,Red Bull Racing,4261.296,2026-06-07 13:18:53.555,1,4.0,False,,False,True
4418.328,HAD,6,78.492,14.0,1.0,,,20.556,37.07,20.866,4360.404,4397.474,4418.34,195.0,181.0,254.0,267.0,False,MEDIUM,14.0,True,Red Bull Racing,4339.836,2026-06-07 13:20:12.095,1,4.0,False,,False,True
4496.605,HAD,6,78.277,15.0,1.0,,,20.418,36.987,20.872,4438.758,4475.745,4496.617,197.0,181.0,254.0,267.0,False,MEDIUM,15.0,True,Red Bull Racing,4418.328,2026-06-07 13:21:30.587,1,4.0,False,,False,True
4574.844,HAD,6,78.239,16.0,1.0,,,20.368,37.063,20.808,4516.985,4554.048,4574.856,200.0,180.0,255.0,268.0,False,MEDIUM,16.0,True,Red Bull Racing,4496.605,2026-06-07 13:22:48.864,1,4.0,False,,False,True
4653.148,HAD,6,78.304,17.0,1.0,,,20.431,37.014,20.859,4595.287,4632.301,4653.16,198.0,181.0,255.0,267.0,False,MEDIUM,17.0,True,Red Bull Racing,4574.844,2026-06-07 13:24:07.103,1,4.0,False,,False,True
4731.97,HAD,6,78.822,18.0,1.0,,,20.437,37.159,21.226,4673.597,4710.756,4731.982,200.0,180.0,250.0,268.0,False,MEDIUM,18.0,True,Red Bull Racing,4653.148,2026-06-07 13:25:25.407,1,4.0,False,,False,True
4811.317,HAD,6,79.347,19.0,1.0,,,20.795,37.559,20.993,4752.777,4790.336,4811.329,190.0,181.0,248.0,265.0,False,MEDIUM,19.0,True,Red Bull Racing,4731.97,2026-06-07 13:26:44.229,1,4.0,False,,False,True
4890.167,HAD,6,78.85,20.0,1.0,,,20.765,37.045,21.04,4832.094,4869.139,4890.179,195.0,180.0,248.0,265.0,False,MEDIUM,20.0,True,Red Bull Racing,4811.317,2026-06-07 13:28:03.576,1,4.0,False,,False,True
4969.256,HAD,6,79.089,21.0,1.0,,,20.739,37.392,20.958,4910.918,4948.31,4969.268,193.0,182.0,251.0,266.0,False,MEDIUM,21.0,True,Red Bull Racing,4890.167,2026-06-07 13:29:22.426,1,4.0,False,,False,True
5048.677,HAD,6,79.421,22.0,1.0,,,20.671,37.687,21.063,4989.939,5027.626,5048.689,194.0,182.0,249.0,260.0,False,MEDIUM,22.0,True,Red Bull Racing,4969.256,2026-06-07 13:30:41.515,1,4.0,False,,False,True
5127.864,HAD,6,79.187,23.0,1.0,,,20.592,37.49,21.105,5069.281,5106.771,5127.876,192.0,182.0,251.0,265.0,False,MEDIUM,23.0,True,Red Bull Racing,5048.677,2026-06-07 13:32:00.936,1,4.0,False,,False,True
5206.77,HAD,6,78.906,24.0,1.0,,,20.653,37.152,21.101,5148.529,5185.681,5206.782,195.0,182.0,252.0,264.0,False,MEDIUM,24.0,True,Red Bull Racing,5127.864,2026-06-07 13:33:20.123,1,4.0,False,,False,True
5286.188,HAD,6,79.418,25.0,1.0,,,20.622,37.773,21.023,5227.404,5265.177,5286.2,195.0,182.0,252.0,262.0,False,MEDIUM,25.0,True,Red Bull Racing,5206.77,2026-06-07 13:34:39.029,1,4.0,False,,False,True
5365.048,HAD,6,78.86,26.0,1.0,,,20.576,37.297,20.987,5306.776,5344.073,5365.06,196.0,184.0,249.0,265.0,False,MEDIUM,26.0,True,Red Bull Racing,5286.188,2026-06-07 13:35:58.447,1,4.0,False,,False,True
5444.122,HAD,6,79.074,27.0,1.0,,,20.749,37.344,20.981,5385.809,5423.153,5444.134,196.0,180.0,251.0,267.0,False,MEDIUM,27.0,True,Red Bull Racing,5365.048,2026-06-07 13:37:17.307,1,4.0,True,TRACK LIMITS AT TURN 10 LAP 27 ,False,True
5522.817,HAD,6,78.695,28.0,1.0,,,20.58,37.198,20.917,5464.714,5501.912,5522.829,197.0,184.0,251.0,266.0,False,MEDIUM,28.0,True,Red Bull Racing,5444.122,2026-06-07 13:38:36.381,1,4.0,False,,False,True
5601.635,HAD,6,78.818,29.0,1.0,,,20.614,37.249,20.955,5543.443,5580.692,5601.647,196.0,186.0,250.0,265.0,False,MEDIUM,29.0,True,Red Bull Racing,5522.817,2026-06-07 13:39:55.076,1,4.0,False,,False,True
5680.453,HAD,6,78.818,30.0,1.0,,,20.646,37.131,21.041,5622.293,5659.424,5680.465,198.0,183.0,251.0,264.0,False,MEDIUM,30.0,True,Red Bull Racing,5601.635,2026-06-07 13:41:13.894,1,4.0,False,,False,True
5759.168,HAD,6,78.715,31.0,1.0,,,20.636,37.185,20.894,5701.101,5738.286,5759.18,199.0,184.0,250.0,266.0,False,MEDIUM,31.0,True,Red Bull Racing,5680.453,2026-06-07 13:42:32.712,1,4.0,False,,False,True
5855.359,HAD,6,96.191,32.0,1.0,,5831.255,20.611,37.225,38.355,5779.791,5817.016,5855.371,197.0,185.0,,266.0,False,MEDIUM,32.0,True,Red Bull Racing,5759.168,2026-06-07 13:43:51.427,1,7.0,False,,False,False
5940.48,HAD,6,85.121,33.0,2.0,5856.178,,24.187,38.41,22.524,5879.558,5917.968,5940.492,179.0,180.0,249.0,265.0,False,HARD,1.0,True,Red Bull Racing,5855.359,2026-06-07 13:45:27.618,1,8.0,False,,False,False
6019.475,HAD,6,78.995,34.0,2.0,,,20.851,37.173,20.971,5961.343,5998.516,6019.487,191.0,175.0,249.0,265.0,False,HARD,2.0,True,Red Bull Racing,5940.48,2026-06-07 13:46:52.739,1,8.0,False,,False,True
6097.26,HAD,6,77.785,35.0,2.0,,,20.517,36.71,20.558,6040.004,6076.714,6097.272,193.0,185.0,252.0,267.0,False,HARD,3.0,True,Red Bull Racing,6019.475,2026-06-07 13:48:11.734,1,8.0,False,,False,True
6174.966,HAD,6,77.706,36.0,2.0,,,20.357,36.851,20.498,6117.629,6154.48,6174.978,198.0,186.0,250.0,267.0,False,HARD,4.0,True,Red Bull Racing,6097.26,2026-06-07 13:49:29.519,1,8.0,False,,False,True
6252.877,HAD,6,77.911,37.0,2.0,,,20.349,36.906,20.656,6195.327,6232.233,6252.889,199.0,185.0,252.0,264.0,False,HARD,5.0,True,Red Bull Racing,6174.966,2026-06-07 13:50:47.225,1,8.0,False,,False,True
6330.655,HAD,6,77.778,38.0,2.0,,,20.499,36.66,20.619,6273.388,6310.048,6330.667,199.0,186.0,250.0,264.0,False,HARD,6.0,True,Red Bull Racing,6252.877,2026-06-07 13:52:05.136,1,8.0,False,,False,True
6407.984,HAD,6,77.329,39.0,2.0,,,20.439,36.486,20.404,6351.106,6387.592,6407.996,201.0,188.0,253.0,264.0,False,HARD,7.0,True,Red Bull Racing,6330.655,2026-06-07 13:53:22.914,1,8.0,False,,False,True
6485.368,HAD,6,77.384,40.0,2.0,,,20.234,36.449,20.701,6428.23,6464.679,6485.38,199.0,186.0,252.0,265.0,False,HARD,8.0,True,Red Bull Racing,6407.984,2026-06-07 13:54:40.243,1,8.0,False,,False,True
6562.759,HAD,6,77.391,41.0,2.0,,,20.19,36.541,20.66,6505.57,6542.111,6562.771,202.0,187.0,253.0,265.0,False,HARD,9.0,True,Red Bull Racing,6485.368,2026-06-07 13:55:57.627,1,8.0,False,,False,True
6640.919,HAD,6,78.16,42.0,2.0,,,20.312,36.884,20.964,6583.083,6619.967,6640.931,199.0,187.0,253.0,266.0,False,HARD,10.0,True,Red Bull Racing,6562.759,2026-06-07 13:57:15.018,1,8.0,False,,False,True
6719.698,HAD,6,78.779,43.0,2.0,,,20.666,37.248,20.865,6661.597,6698.845,6719.71,200.0,184.0,253.0,265.0,False,HARD,11.0,True,Red Bull Racing,6640.919,2026-06-07 13:58:33.178,1,8.0,False,,False,True
6798.475,HAD,6,78.777,44.0,2.0,,,20.403,37.547,20.827,6740.113,6777.66,6798.487,199.0,178.0,253.0,266.0,False,HARD,12.0,True,Red Bull Racing,6719.698,2026-06-07 13:59:51.957,1,8.0,False,,False,True
6876.09,HAD,6,77.615,45.0,2.0,,,20.236,36.791,20.588,6818.723,6855.514,6876.102,200.0,184.0,253.0,263.0,False,HARD,13.0,True,Red Bull Racing,6798.475,2026-06-07 14:01:10.734,1,6.0,False,,False,True
6953.447,HAD,6,77.357,46.0,2.0,,,20.311,36.529,20.517,6896.413,6932.942,6953.459,203.0,186.0,251.0,262.0,False,HARD,14.0,True,Red Bull Racing,6876.09,2026-06-07 14:02:28.349,1,6.0,False,,False,True
7030.783,HAD,6,77.336,47.0,2.0,,,20.26,36.495,20.581,6973.719,7010.214,7030.795,202.0,188.0,252.0,265.0,False,HARD,15.0,True,Red Bull Racing,6953.447,2026-06-07 14:03:45.706,1,6.0,False,,False,True
7110.137,HAD,6,79.354,48.0,2.0,,,20.262,38.232,20.86,7051.057,7089.289,7110.149,200.0,181.0,253.0,265.0,False,HARD,16.0,True,Red Bull Racing,7030.783,2026-06-07 14:05:03.042,1,5.0,False,,False,True
7188.027,HAD,6,77.89,49.0,2.0,,,20.309,36.887,20.694,7130.458,7167.345,7188.039,200.0,180.0,253.0,266.0,False,HARD,17.0,True,Red Bull Racing,7110.137,2026-06-07 14:06:22.396,1,5.0,False,,False,True
7265.531,HAD,6,77.504,50.0,2.0,,,20.38,36.512,20.612,7208.419,7244.931,7265.543,201.0,186.0,251.0,267.0,False,HARD,18.0,True,Red Bull Racing,7188.027,2026-06-07 14:07:40.286,1,5.0,False,,False,True
7343.305,HAD,6,77.774,51.0,2.0,,,20.52,36.54,20.714,7286.063,7322.603,7343.317,202.0,188.0,250.0,268.0,False,HARD,19.0,True,Red Bull Racing,7265.531,2026-06-07 14:08:57.790,1,5.0,False,,False,True
7421.221,HAD,6,77.916,52.0,2.0,,,20.509,36.799,20.608,7363.826,7400.625,7421.233,202.0,189.0,251.0,267.0,False,HARD,20.0,True,Red Bull Racing,7343.305,2026-06-07 14:10:15.564,1,5.0,False,,False,True
7498.949,HAD,6,77.728,53.0,2.0,,,20.351,36.735,20.642,7441.584,7478.319,7498.961,200.0,187.0,254.0,265.0,False,HARD,21.0,True,Red Bull Racing,7421.221,2026-06-07 14:11:33.480,1,5.0,False,,False,True
7577.743,HAD,6,78.794,54.0,2.0,,,20.859,37.386,20.549,7519.82,7557.206,7577.755,184.0,187.0,252.0,266.0,False,HARD,22.0,True,Red Bull Racing,7498.949,2026-06-07 14:12:51.208,1,5.0,False,,False,True
7655.416,HAD,6,77.673,55.0,2.0,,,20.223,36.584,20.866,7597.978,7634.562,7655.428,200.0,186.0,255.0,264.0,False,HARD,23.0,True,Red Bull Racing,7577.743,2026-06-07 14:14:10.002,1,5.0,False,,False,True
7732.767,HAD,6,77.351,56.0,2.0,,,20.302,36.488,20.561,7675.73,7712.218,7732.779,204.0,186.0,250.0,268.0,False,HARD,24.0,True,Red Bull Racing,7655.416,2026-06-07 14:15:27.675,1,5.0,False,,False,True
7810.361,HAD,6,77.594,57.0,2.0,,,20.239,36.718,20.637,7753.018,7789.736,7810.373,202.0,186.0,250.0,263.0,False,HARD,25.0,True,Red Bull Racing,7732.767,2026-06-07 14:16:45.026,1,5.0,False,,False,True
7887.64,HAD,6,77.279,58.0,2.0,,,20.349,36.401,20.529,7830.722,7867.123,7887.652,204.0,186.0,249.0,261.0,False,HARD,26.0,True,Red Bull Racing,7810.361,2026-06-07 14:18:02.620,1,5.0,False,,False,True
7980.335,HAD,6,92.695,59.0,2.0,,,20.158,43.151,29.386,7907.81,7950.961,7980.347,201.0,132.0,211.0,255.0,False,HARD,27.0,True,Red Bull Racing,7887.64,2026-06-07 14:19:19.899,124,5.0,False,,False,False
8093.005,HAD,6,112.67,60.0,2.0,,8074.368,24.654,50.298,37.718,8005.001,8055.299,8093.017,134.0,137.0,,230.0,False,HARD,28.0,True,Red Bull Racing,7980.335,2026-06-07 14:20:52.594,4,4.0,False,,False,False
8207.923,HAD,6,114.918,61.0,3.0,8093.726,,29.795,53.152,31.971,8122.812,8175.964,8207.935,133.0,99.0,178.0,179.0,False,HARD,29.0,False,Red Bull Racing,8093.005,2026-06-07 14:22:45.264,4,4.0,False,,False,False
8328.483,HAD,6,120.56,62.0,3.0,,,34.209,51.113,35.238,8242.144,8293.257,8328.495,142.0,123.0,101.0,165.0,False,HARD,30.0,False,Red Bull Racing,8207.923,2026-06-07 14:24:40.182,4,4.0,False,,False,False
8415.58,HAD,6,87.097,63.0,3.0,,,26.498,38.658,21.941,8354.993,8393.651,8415.592,179.0,172.0,246.0,258.0,False,HARD,31.0,False,Red Bull Racing,8328.483,2026-06-07 14:26:40.742,4,4.0,False,,False,False
8495.554,HAD,6,79.974,64.0,3.0,,,20.952,37.53,21.492,8436.544,8474.074,8495.566,196.0,174.0,243.0,259.0,False,HARD,32.0,False,Red Bull Racing,8415.58,2026-06-07 14:28:07.839,4,4.0,False,,False,False
8581.808,HAD,6,86.254,65.0,3.0,,,20.721,40.087,25.446,8516.287,8556.374,8581.82,189.0,122.0,246.0,257.0,False,HARD,33.0,False,Red Bull Racing,8495.554,2026-06-07 14:29:27.813,412,3.0,False,,False,False
8694.946,HAD,6,113.138,66.0,3.0,,8673.867,21.236,50.79,41.112,8603.056,8653.846,8694.958,194.0,163.0,,222.0,False,HARD,34.0,False,Red Bull Racing,8581.808,2026-06-07 14:30:54.067,24,3.0,False,,False,False
8800.479,HAD,6,105.533,67.0,4.0,8696.16,,28.035,51.787,25.711,8722.993,8774.78,8800.491,134.0,159.0,212.0,231.0,False,HARD,35.0,False,Red Bull Racing,8694.946,2026-06-07 14:32:47.205,4,3.0,False,,False,False
11064.871,HAD,6,,68.0,4.0,,8909.174,28.744,54.483,,8829.307,8883.807,,109.0,107.0,,189.0,False,HARD,36.0,False,Red Bull Racing,8800.479,2026-06-07 14:34:32.738,451,3.0,False,,False,False
11165.391,HAD,6,100.52,69.0,5.0,11065.563,,29.752,41.494,29.274,11094.635,11136.129,11165.403,156.0,118.0,145.0,229.0,False,SOFT,5.0,False,Red Bull Racing,11064.871,2026-06-07 15:12:17.130,14,3.0,False,,False,False
11331.196,HAD,6,,70.0,5.0,,,29.358,49.605,86.904,11194.737,11244.314,11331.39,147.0,130.0,2.0,160.0,False,SOFT,6.0,False,Red Bull Racing,11165.391,2026-06-07 15:13:57.650,41,3.0,False,,False,False
11419.238,HAD,6,88.042,71.0,5.0,,,26.431,40.181,21.43,11357.639,11397.82,11419.25,159.0,174.0,238.0,261.0,False,SOFT,7.0,False,Red Bull Racing,11331.196,2026-06-07 15:16:43.455,12,5.0,False,,False,True
11497.735,HAD,6,78.497,72.0,5.0,,,21.35,36.621,20.526,11440.6,11477.221,11497.747,192.0,189.0,241.0,259.0,False,SOFT,8.0,False,Red Bull Racing,11419.238,2026-06-07 15:18:11.497,1,4.0,False,,False,True
11574.548,HAD,6,76.813,73.0,5.0,,,20.529,36.12,20.164,11518.276,11554.396,11574.56,197.0,192.0,249.0,256.0,True,SOFT,9.0,False,Red Bull Racing,11497.735,2026-06-07 15:19:29.994,1,4.0,False,,False,True
11651.176,HAD,6,76.628,74.0,5.0,,,20.166,36.032,20.43,11594.726,11630.758,11651.188,200.0,189.0,247.0,261.0,True,SOFT,10.0,False,Red Bull Racing,11574.548,2026-06-07 15:20:46.807,1,4.0,False,,False,True
11727.264,HAD,6,76.088,75.0,5.0,,,20.142,35.836,20.11,11671.33,11707.166,11727.276,195.0,193.0,250.0,261.0,True,SOFT,11.0,False,Red Bull Racing,11651.176,2026-06-07 15:22:03.435,1,4.0,False,,False,True
11803.162,HAD,6,75.898,76.0,5.0,,,20.003,35.735,20.16,11747.279,11783.014,11803.174,191.0,193.0,250.0,261.0,True,SOFT,12.0,False,Red Bull Racing,11727.264,2026-06-07 15:23:19.523,1,4.0,False,,False,True
11878.831,HAD,6,75.669,77.0,5.0,,,19.955,35.578,20.136,11823.129,11858.707,11878.843,200.0,192.0,250.0,261.0,True,SOFT,13.0,False,Red Bull Racing,11803.162,2026-06-07 15:24:35.421,1,4.0,False,,False,True
11954.604,HAD,6,75.773,78.0,5.0,,,19.91,35.603,20.26,11898.753,11934.356,11954.616,199.0,194.0,249.0,261.0,False,SOFT,14.0,False,Red Bull Racing,11878.831,2026-06-07 15:25:51.090,1,4.0,False,,False,True
3407.542,RUS,63,87.676,1.0,1.0,,,,38.369,21.245,,3386.419,3407.698,161.0,177.0,259.0,265.0,False,MEDIUM,1.0,True,Mercedes,3319.645,2026-06-07 13:03:11.904,12,5.0,False,,False,False
3487.568,RUS,63,80.026,2.0,1.0,,,21.335,37.577,21.114,3428.929,3466.506,3487.62,174.0,180.0,253.0,269.0,True,MEDIUM,2.0,True,Mercedes,3407.542,2026-06-07 13:04:39.801,1,5.0,False,,False,True
3565.979,RUS,63,78.411,3.0,1.0,,,20.825,36.736,20.85,3508.445,3545.181,3566.031,191.0,181.0,255.0,266.0,True,MEDIUM,3.0,True,Mercedes,3487.568,2026-06-07 13:05:59.827,1,5.0,False,,False,True
3644.076,RUS,63,78.097,4.0,1.0,,,20.613,36.817,20.667,3586.644,3623.461,3644.128,194.0,186.0,255.0,265.0,True,MEDIUM,4.0,True,Mercedes,3565.979,2026-06-07 13:07:18.238,1,5.0,False,,False,True
3721.674,RUS,63,77.598,5.0,1.0,,,20.597,36.352,20.649,3664.725,3701.077,3721.726,197.0,184.0,255.0,267.0,True,MEDIUM,5.0,True,Mercedes,3644.076,2026-06-07 13:08:36.335,1,5.0,False,,False,True
3798.931,RUS,63,77.257,6.0,1.0,,,20.295,36.399,20.563,3742.021,3778.42,3798.983,206.0,188.0,255.0,267.0,True,MEDIUM,6.0,True,Mercedes,3721.674,2026-06-07 13:09:53.933,1,5.0,False,,False,True
3876.086,RUS,63,77.155,7.0,1.0,,,20.351,36.256,20.548,3819.334,3855.59,3876.138,194.0,191.0,255.0,269.0,True,MEDIUM,7.0,True,Mercedes,3798.931,2026-06-07 13:11:11.190,1,5.0,False,,False,True
3953.274,RUS,63,77.188,8.0,1.0,,,20.337,36.24,20.611,3896.475,3932.715,3953.326,196.0,188.0,256.0,269.0,False,MEDIUM,8.0,True,Mercedes,3876.086,2026-06-07 13:12:28.345,1,5.0,False,,False,True
4030.626,RUS,63,77.352,9.0,1.0,,,20.427,36.28,20.645,3973.753,4010.033,4030.678,200.0,187.0,256.0,270.0,False,MEDIUM,9.0,True,Mercedes,3953.274,2026-06-07 13:13:45.533,1,5.0,False,,False,True
4107.848,RUS,63,77.222,10.0,1.0,,,20.415,36.229,20.578,4051.093,4087.322,4107.9,196.0,188.0,255.0,270.0,False,MEDIUM,10.0,True,Mercedes,4030.626,2026-06-07 13:15:02.885,1,5.0,False,,False,True
4185.212,RUS,63,77.364,11.0,1.0,,,20.282,36.356,20.726,4128.182,4164.538,4185.264,200.0,187.0,256.0,270.0,False,MEDIUM,11.0,True,Mercedes,4107.848,2026-06-07 13:16:20.107,1,5.0,False,,False,True
4262.808,RUS,63,77.596,12.0,1.0,,,20.349,36.395,20.852,4205.613,4242.008,4262.86,197.0,189.0,256.0,272.0,False,MEDIUM,12.0,True,Mercedes,4185.212,2026-06-07 13:17:37.471,1,5.0,False,,False,True
4340.699,RUS,63,77.891,13.0,1.0,,,20.491,36.514,20.886,4283.351,4319.865,4340.751,194.0,183.0,262.0,271.0,False,MEDIUM,13.0,True,Mercedes,4262.808,2026-06-07 13:18:55.067,1,5.0,False,,False,True
4419.278,RUS,63,78.579,14.0,1.0,,,20.936,36.822,20.821,4361.687,4398.509,4419.33,189.0,181.0,260.0,277.0,False,MEDIUM,14.0,True,Mercedes,4340.699,2026-06-07 13:20:12.958,1,5.0,False,,False,True
4497.282,RUS,63,78.004,15.0,1.0,,,20.374,36.61,21.02,4439.704,4476.314,4497.334,189.0,184.0,261.0,278.0,False,MEDIUM,15.0,True,Mercedes,4419.278,2026-06-07 13:21:31.537,1,5.0,False,,False,True
4575.75,RUS,63,78.468,16.0,1.0,,,20.658,36.853,20.957,4517.992,4554.845,4575.802,194.0,187.0,261.0,278.0,False,MEDIUM,16.0,True,Mercedes,4497.282,2026-06-07 13:22:49.541,1,5.0,False,,False,True
4654.161,RUS,63,78.411,17.0,1.0,,,20.458,36.934,21.019,4596.26,4633.194,4654.213,196.0,184.0,261.0,278.0,False,MEDIUM,17.0,True,Mercedes,4575.75,2026-06-07 13:24:08.009,1,5.0,False,,False,True
4732.635,RUS,63,78.474,18.0,1.0,,,20.515,36.897,21.062,4674.728,4711.625,4732.687,194.0,181.0,261.0,277.0,False,MEDIUM,18.0,True,Mercedes,4654.161,2026-06-07 13:25:26.420,1,5.0,False,,False,True
4811.857,RUS,63,79.222,19.0,1.0,,,20.745,37.276,21.201,4753.432,4790.708,4811.909,182.0,182.0,261.0,280.0,False,MEDIUM,19.0,True,Mercedes,4732.635,2026-06-07 13:26:44.894,1,5.0,False,,False,True
4890.68,RUS,63,78.823,20.0,1.0,,,20.894,36.841,21.088,4832.803,4869.644,4890.732,191.0,182.0,261.0,279.0,False,MEDIUM,20.0,True,Mercedes,4811.857,2026-06-07 13:28:04.116,1,5.0,False,,False,True
4969.909,RUS,63,79.229,21.0,1.0,,,20.774,37.176,21.279,4911.506,4948.682,4969.961,188.0,180.0,258.0,280.0,False,MEDIUM,21.0,True,Mercedes,4890.68,2026-06-07 13:29:22.939,1,5.0,False,,False,True
5049.269,RUS,63,79.36,22.0,1.0,,,20.591,37.475,21.294,4990.552,5028.027,5049.321,194.0,178.0,261.0,271.0,False,MEDIUM,22.0,True,Mercedes,4969.909,2026-06-07 13:30:42.168,1,5.0,False,,False,True
5128.319,RUS,63,79.05,23.0,1.0,,,20.775,37.086,21.189,5070.096,5107.182,5128.371,189.0,180.0,262.0,279.0,False,MEDIUM,23.0,True,Mercedes,5049.269,2026-06-07 13:32:01.528,1,5.0,False,,False,True
5207.214,RUS,63,78.895,24.0,1.0,,,20.81,36.951,21.134,5149.181,5186.132,5207.266,184.0,182.0,262.0,280.0,False,MEDIUM,24.0,True,Mercedes,5128.319,2026-06-07 13:33:20.578,1,5.0,False,,False,True
5286.747,RUS,63,79.533,25.0,1.0,,,20.671,37.627,21.235,5227.937,5265.564,5286.799,184.0,176.0,262.0,280.0,False,MEDIUM,25.0,True,Mercedes,5207.214,2026-06-07 13:34:39.473,1,5.0,False,,False,True
5365.541,RUS,63,78.794,26.0,1.0,,,20.651,37.072,21.071,5307.45,5344.522,5365.593,193.0,177.0,262.0,281.0,False,MEDIUM,26.0,True,Mercedes,5286.747,2026-06-07 13:35:59.006,1,5.0,False,,False,True
5444.724,RUS,63,79.183,27.0,1.0,,,20.783,37.13,21.27,5386.376,5423.506,5444.776,187.0,178.0,261.0,281.0,False,MEDIUM,27.0,True,Mercedes,5365.541,2026-06-07 13:37:17.800,1,5.0,False,,False,True
5523.489,RUS,63,78.765,28.0,1.0,,,20.693,37.033,21.039,5465.469,5502.502,5523.541,188.0,179.0,261.0,280.0,False,MEDIUM,28.0,True,Mercedes,5444.724,2026-06-07 13:38:36.983,1,5.0,False,,False,True
5602.204,RUS,63,78.715,29.0,1.0,,,20.681,36.95,21.084,5544.222,5581.172,5602.256,192.0,181.0,261.0,280.0,False,MEDIUM,29.0,True,Mercedes,5523.489,2026-06-07 13:39:55.748,1,5.0,False,,False,True
5680.957,RUS,63,78.753,30.0,1.0,,,20.676,36.972,21.105,5622.932,5659.904,5681.009,192.0,180.0,262.0,279.0,False,MEDIUM,30.0,True,Mercedes,5602.204,2026-06-07 13:41:14.463,1,5.0,False,,False,True
5776.277,RUS,63,95.32,31.0,1.0,,5753.085,20.701,37.098,37.521,5701.71,5738.808,5776.329,189.0,184.0,,271.0,False,MEDIUM,31.0,True,Mercedes,5680.957,2026-06-07 13:42:33.216,1,8.0,False,,False,False
5857.052,RUS,63,80.775,32.0,2.0,5777.116,,23.494,36.602,20.679,5799.823,5836.425,5857.104,181.0,192.0,236.0,270.0,False,HARD,1.0,True,Mercedes,5776.277,2026-06-07 13:44:08.536,1,8.0,False,,False,False
5934.507,RUS,63,77.455,33.0,2.0,,,20.682,36.266,20.507,5877.786,5914.052,5934.559,193.0,186.0,249.0,270.0,False,HARD,2.0,True,Mercedes,5857.052,2026-06-07 13:45:29.311,1,7.0,False,,False,True
6011.138,RUS,63,76.631,34.0,2.0,,,20.233,35.972,20.426,5954.792,5990.764,6011.19,196.0,187.0,255.0,270.0,True,HARD,3.0,True,Mercedes,5934.507,2026-06-07 13:46:46.766,1,7.0,False,,False,True
6087.586,RUS,63,76.448,35.0,2.0,,,20.2,35.949,20.299,6031.39,6067.339,6087.638,198.0,193.0,256.0,271.0,True,HARD,4.0,True,Mercedes,6011.138,2026-06-07 13:48:03.397,1,7.0,False,,False,True
6163.829,RUS,63,76.243,36.0,2.0,,,20.023,35.885,20.335,6107.661,6143.546,6163.881,205.0,190.0,257.0,271.0,True,HARD,5.0,True,Mercedes,6087.586,2026-06-07 13:49:19.845,1,7.0,False,,False,True
6240.855,RUS,63,77.026,37.0,2.0,,,20.224,36.274,20.528,6184.105,6220.379,6240.907,196.0,190.0,257.0,272.0,False,HARD,6.0,True,Mercedes,6163.829,2026-06-07 13:50:36.088,1,7.0,False,,False,True
6318.676,RUS,63,77.821,38.0,2.0,,,20.396,36.536,20.889,6261.303,6297.839,6318.728,190.0,189.0,257.0,272.0,False,HARD,7.0,True,Mercedes,6240.855,2026-06-07 13:51:53.114,1,7.0,False,,False,True
6397.765,RUS,63,79.089,39.0,2.0,,,20.777,37.194,21.118,6339.505,6376.699,6397.817,181.0,185.0,263.0,272.0,False,HARD,8.0,True,Mercedes,6318.676,2026-06-07 13:53:10.935,1,7.0,False,,False,True
6476.835,RUS,63,79.07,40.0,2.0,,,20.841,37.047,21.182,6418.658,6455.705,6476.887,184.0,184.0,262.0,280.0,False,HARD,9.0,True,Mercedes,6397.765,2026-06-07 13:54:30.024,1,7.0,False,,False,True
6557.438,RUS,63,80.603,41.0,2.0,,,21.484,37.474,21.645,6498.371,6535.845,6557.49,179.0,180.0,263.0,282.0,False,HARD,10.0,True,Mercedes,6476.835,2026-06-07 13:55:49.094,1,7.0,False,,False,True
6637.847,RUS,63,80.409,42.0,2.0,,,21.476,37.668,21.265,6578.966,6616.634,6637.899,176.0,180.0,262.0,281.0,False,HARD,11.0,True,Mercedes,6557.438,2026-06-07 13:57:09.697,1,7.0,False,,False,True
6717.264,RUS,63,79.417,43.0,2.0,,,20.914,37.515,20.988,6658.813,6696.328,6717.316,180.0,182.0,262.0,282.0,False,HARD,12.0,True,Mercedes,6637.847,2026-06-07 13:58:30.106,1,7.0,False,,False,True
6795.886,RUS,63,78.622,44.0,2.0,,,20.496,37.109,21.017,6737.812,6774.921,6795.938,188.0,182.0,256.0,259.0,False,HARD,13.0,True,Mercedes,6717.264,2026-06-07 13:59:49.523,1,7.0,False,,False,True
6873.057,RUS,63,77.171,45.0,2.0,,,20.409,36.231,20.531,6816.347,6852.578,6873.109,201.0,188.0,257.0,272.0,False,HARD,14.0,True,Mercedes,6795.886,2026-06-07 14:01:08.145,1,5.0,False,,False,True
6949.499,RUS,63,76.442,46.0,2.0,,,20.099,35.875,20.468,6893.208,6929.083,6949.551,203.0,191.0,257.0,271.0,False,HARD,15.0,True,Mercedes,6873.057,2026-06-07 14:02:25.316,1,5.0,False,,False,True
7025.976,RUS,63,76.477,47.0,2.0,,,20.072,35.965,20.44,6969.623,7005.588,7026.028,199.0,191.0,257.0,272.0,False,HARD,16.0,True,Mercedes,6949.499,2026-06-07 14:03:41.758,1,5.0,False,,False,True
7104.268,RUS,63,78.292,48.0,2.0,,,20.324,37.437,20.531,7046.352,7083.789,7104.32,197.0,186.0,258.0,273.0,False,HARD,17.0,True,Mercedes,7025.976,2026-06-07 14:04:58.235,1,4.0,False,,False,True
7181.042,RUS,63,76.774,49.0,2.0,,,20.07,36.119,20.585,7124.39,7160.509,7181.094,205.0,189.0,258.0,271.0,False,HARD,18.0,True,Mercedes,7104.268,2026-06-07 14:06:16.527,1,4.0,False,,False,True
7258.444,RUS,63,77.402,50.0,2.0,,,20.318,36.578,20.506,7201.412,7237.99,7258.496,189.0,192.0,257.0,270.0,False,HARD,19.0,True,Mercedes,7181.042,2026-06-07 14:07:33.301,1,4.0,False,,False,True
7335.752,RUS,63,77.308,51.0,2.0,,,20.197,36.417,20.694,7278.693,7315.11,7335.804,200.0,193.0,262.0,272.0,False,HARD,20.0,True,Mercedes,7258.444,2026-06-07 14:08:50.703,1,4.0,False,,False,True
7412.723,RUS,63,76.971,52.0,2.0,,,20.681,35.97,20.32,7356.485,7392.455,7412.775,178.0,193.0,257.0,280.0,False,HARD,21.0,True,Mercedes,7335.752,2026-06-07 14:10:08.011,1,4.0,False,,False,True
7488.753,RUS,63,76.03,53.0,2.0,,,19.869,35.944,20.217,7432.644,7468.588,7488.805,198.0,193.0,256.0,271.0,True,HARD,22.0,True,Mercedes,7412.723,2026-06-07 14:11:24.982,1,4.0,False,,False,True
7567.931,RUS,63,79.178,54.0,2.0,,,19.794,38.71,20.674,7508.599,7547.309,7567.983,208.0,188.0,257.0,266.0,False,HARD,23.0,True,Mercedes,7488.753,2026-06-07 14:12:41.012,1,4.0,False,,False,True
7644.419,RUS,63,76.488,55.0,2.0,,,20.123,36.027,20.338,7588.106,7624.133,7644.471,202.0,191.0,257.0,270.0,False,HARD,24.0,True,Mercedes,7567.931,2026-06-07 14:14:00.190,1,4.0,False,,False,True
7720.192,RUS,63,75.773,56.0,2.0,,,19.823,35.741,20.209,7664.294,7700.035,7720.244,204.0,192.0,258.0,271.0,True,HARD,25.0,True,Mercedes,7644.419,2026-06-07 14:15:16.678,1,4.0,False,,False,True
7796.019,RUS,63,75.827,57.0,2.0,,,19.784,35.729,20.314,7740.028,7775.757,7796.071,206.0,192.0,258.0,271.0,False,HARD,26.0,True,Mercedes,7720.192,2026-06-07 14:16:32.451,1,4.0,False,,False,True
7871.845,RUS,63,75.826,58.0,2.0,,,19.77,35.795,20.261,7815.841,7851.636,7871.897,208.0,191.0,258.0,270.0,False,HARD,27.0,True,Mercedes,7796.019,2026-06-07 14:17:48.278,1,4.0,False,,False,True
7959.342,RUS,63,87.497,59.0,2.0,,,19.773,35.969,31.755,7891.67,7927.639,7959.394,207.0,191.0,189.0,271.0,False,HARD,28.0,True,Mercedes,7871.845,2026-06-07 14:19:04.104,124,4.0,False,,False,False
8097.028,RUS,63,137.686,60.0,2.0,,8062.544,24.372,55.014,58.3,7983.766,8038.78,8097.08,164.0,112.0,,151.0,False,HARD,29.0,True,Mercedes,7959.342,2026-06-07 14:20:31.601,4,5.0,False,,False,False
8208.833,RUS,63,111.805,61.0,3.0,8097.827,,27.639,52.262,31.904,8124.719,8176.981,8208.885,146.0,132.0,154.0,138.0,False,SOFT,5.0,False,Mercedes,8097.028,2026-06-07 14:22:49.287,4,5.0,False,,False,False
8329.251,RUS,63,120.418,62.0,3.0,,,34.703,50.518,35.197,8243.588,8294.106,8329.303,121.0,129.0,102.0,170.0,False,SOFT,6.0,False,Mercedes,8208.833,2026-06-07 14:24:41.092,4,5.0,False,,False,False
8420.327,RUS,63,91.076,63.0,3.0,,,28.777,39.902,22.397,8358.08,8397.982,8420.379,156.0,176.0,251.0,237.0,False,SOFT,7.0,False,Mercedes,8329.251,2026-06-07 14:26:41.510,4,5.0,False,,False,False
8500.206,RUS,63,79.879,64.0,3.0,,,21.383,37.78,20.716,8441.762,8479.542,8500.258,181.0,186.0,256.0,267.0,False,SOFT,8.0,False,Mercedes,8420.327,2026-06-07 14:28:12.586,4,5.0,False,,False,False
8581.999,RUS,63,81.793,65.0,3.0,,,20.312,37.554,23.927,8520.57,8558.124,8582.051,195.0,145.0,257.0,252.0,False,SOFT,9.0,False,Mercedes,8500.206,2026-06-07 14:29:32.465,412,4.0,False,,False,False
8697.06,RUS,63,115.061,66.0,3.0,,8675.571,21.475,51.736,41.85,8603.526,8655.262,8697.112,182.0,162.0,,212.0,False,SOFT,10.0,False,Mercedes,8581.999,2026-06-07 14:30:54.258,24,4.0,False,,False,False
8803.285,RUS,63,106.225,67.0,4.0,8698.155,,28.227,50.411,27.587,8725.339,8775.75,8803.337,156.0,146.0,225.0,226.0,False,SOFT,11.0,False,Mercedes,8697.06,2026-06-07 14:32:49.319,4,4.0,False,,False,False
11067.688,RUS,63,,68.0,4.0,,8910.283,26.797,54.804,,8830.213,8885.057,,127.0,117.0,,207.0,False,SOFT,12.0,False,Mercedes,8803.285,2026-06-07 14:34:35.544,451,4.0,False,,False,False
11166.0,RUS,63,98.312,69.0,5.0,11068.391,,28.473,41.188,28.651,11096.213,11137.401,11166.052,157.0,142.0,165.0,231.0,False,SOFT,5.0,False,Mercedes,11067.688,2026-06-07 15:12:19.947,14,4.0,False,,False,False
11331.328,RUS,63,,70.0,5.0,,,30.051,49.944,85.355,11196.194,11246.127,11331.721,92.0,171.0,2.0,158.0,False,SOFT,6.0,False,Mercedes,11166.0,2026-06-07 15:13:58.259,41,4.0,False,,False,False
11416.184,RUS,63,84.856,71.0,5.0,,,25.639,38.752,20.465,11357.019,11395.771,11416.236,154.0,190.0,257.0,264.0,False,SOFT,7.0,False,Mercedes,11331.328,2026-06-07 15:16:43.587,12,3.0,False,,False,True
11504.439,RUS,63,88.255,72.0,5.0,,11485.375,20.083,35.542,32.63,11436.319,11471.861,11504.491,208.0,195.0,,269.0,False,SOFT,8.0,False,Mercedes,11416.184,2026-06-07 15:18:08.443,1,11.0,False,,False,False
11586.324,RUS,63,81.885,73.0,6.0,11505.596,,23.526,37.495,20.864,11528.017,11565.512,11586.376,183.0,185.0,264.0,274.0,False,SOFT,9.0,False,Mercedes,11504.439,2026-06-07 15:19:36.698,1,14.0,False,,False,False
11664.482,RUS,63,78.158,74.0,6.0,,,20.743,36.425,20.99,11607.119,11643.544,11664.534,186.0,184.0,265.0,286.0,False,SOFT,10.0,False,Mercedes,11586.324,2026-06-07 15:20:58.583,1,14.0,False,,False,True
11742.387,RUS,63,77.905,75.0,6.0,,,20.692,36.376,20.837,11685.226,11721.602,11742.439,186.0,185.0,265.0,286.0,False,SOFT,11.0,False,Mercedes,11664.482,2026-06-07 15:22:16.741,1,14.0,False,,False,True
11819.983,RUS,63,77.596,76.0,6.0,,,20.567,36.286,20.743,11763.006,11799.292,11820.035,191.0,188.0,266.0,284.0,False,SOFT,12.0,False,Mercedes,11742.387,2026-06-07 15:23:34.646,1,14.0,False,,False,True
11897.253,RUS,63,77.27,77.0,6.0,,,20.389,36.09,20.791,11840.424,11876.514,11897.305,189.0,187.0,266.0,286.0,False,SOFT,13.0,False,Mercedes,11819.983,2026-06-07 15:24:52.242,1,14.0,False,,False,True
11974.51,RUS,63,77.257,78.0,6.0,,,20.243,36.187,20.827,11917.548,11953.735,11974.562,196.0,184.0,257.0,286.0,False,SOFT,14.0,False,Mercedes,11897.253,2026-06-07 15:26:09.512,1,14.0,False,,False,True
3438.009,BOT,77,118.143,1.0,1.0,,3411.98,,43.033,41.429,,3396.761,3438.042,161.0,173.0,,259.0,False,SOFT,1.0,True,Cadillac,3319.645,2026-06-07 13:03:11.904,12,19.0,False,,False,False
3522.142,BOT,77,84.133,2.0,2.0,3438.745,,24.612,38.096,21.425,3462.654,3500.75,3522.175,184.0,176.0,253.0,265.0,False,MEDIUM,1.0,True,Cadillac,3438.009,2026-06-07 13:05:10.268,1,19.0,False,,False,False
3603.895,BOT,77,81.753,3.0,2.0,,,21.773,38.422,21.558,3543.948,3582.37,3603.928,181.0,176.0,253.0,255.0,True,MEDIUM,2.0,True,Cadillac,3522.142,2026-06-07 13:06:34.401,1,19.0,False,,False,True
3685.504,BOT,77,81.609,4.0,2.0,,,21.958,38.198,21.453,3625.886,3664.084,3685.537,187.0,172.0,254.0,255.0,True,MEDIUM,3.0,True,Cadillac,3603.895,2026-06-07 13:07:56.154,1,19.0,False,,False,True
3767.416,BOT,77,81.912,5.0,2.0,,,22.077,38.471,21.364,3707.614,3746.085,3767.449,185.0,177.0,254.0,252.0,False,MEDIUM,4.0,True,Cadillac,3685.504,2026-06-07 13:09:17.763,1,19.0,False,,False,True
3848.709,BOT,77,81.293,6.0,2.0,,,22.007,38.11,21.176,3789.456,3827.566,3848.742,187.0,177.0,254.0,251.0,True,MEDIUM,5.0,True,Cadillac,3767.416,2026-06-07 13:10:39.675,1,19.0,False,,False,True
3929.846,BOT,77,81.137,7.0,2.0,,,21.993,37.984,21.16,3870.735,3908.719,3929.879,189.0,179.0,253.0,252.0,True,MEDIUM,6.0,True,Cadillac,3848.709,2026-06-07 13:12:00.968,1,19.0,False,,False,True
4010.34,BOT,77,80.494,8.0,2.0,,,21.46,37.781,21.253,3951.339,3989.12,4010.373,192.0,178.0,254.0,255.0,True,MEDIUM,7.0,True,Cadillac,3929.846,2026-06-07 13:13:22.105,1,19.0,False,,False,True
4091.253,BOT,77,80.913,9.0,2.0,,,21.372,37.899,21.642,4031.745,4069.644,4091.286,185.0,174.0,254.0,256.0,False,MEDIUM,8.0,True,Cadillac,4010.34,2026-06-07 13:14:42.599,1,19.0,False,,False,True
4174.418,BOT,77,83.165,10.0,2.0,,,21.567,40.028,21.57,4112.853,4152.881,4174.451,176.0,177.0,254.0,259.0,False,MEDIUM,9.0,True,Cadillac,4091.253,2026-06-07 13:16:03.512,1,19.0,False,,False,True
4257.498,BOT,77,83.08,11.0,2.0,,,21.973,38.885,22.222,4196.424,4235.309,4257.531,141.0,178.0,217.0,259.0,False,MEDIUM,10.0,True,Cadillac,4174.418,2026-06-07 13:17:26.677,1,19.0,False,,False,True
4338.202,BOT,77,80.704,12.0,2.0,,,21.763,37.604,21.337,4279.294,4316.898,4338.235,190.0,178.0,253.0,259.0,False,MEDIUM,11.0,True,Cadillac,4257.498,2026-06-07 13:18:49.757,1,19.0,False,,False,True
4421.077,BOT,77,82.875,13.0,2.0,,,21.202,40.221,21.452,4359.437,4399.658,4421.11,186.0,177.0,254.0,249.0,False,MEDIUM,12.0,True,Cadillac,4338.202,2026-06-07 13:20:10.461,1,19.0,False,,False,True
4501.949,BOT,77,80.872,14.0,2.0,,,21.363,38.052,21.457,4442.473,4480.525,4501.982,188.0,177.0,254.0,253.0,False,MEDIUM,13.0,True,Cadillac,4421.077,2026-06-07 13:21:33.336,1,19.0,False,,False,True
4582.983,BOT,77,81.034,15.0,2.0,,,21.52,37.913,21.601,4523.502,4561.415,4583.016,186.0,172.0,253.0,260.0,False,MEDIUM,14.0,True,Cadillac,4501.949,2026-06-07 13:22:54.208,1,19.0,False,,False,True
4660.643,BOT,77,,16.0,2.0,,4660.676,22.007,39.762,,4605.049,4644.926,,184.0,174.0,,261.0,False,MEDIUM,15.0,True,Cadillac,4582.983,2026-06-07 13:24:15.242,1,19.0,False,,False,False
3409.226,PIA,81,89.36,1.0,1.0,,,,38.91,21.687,,3387.766,3409.386,148.0,181.0,253.0,266.0,False,MEDIUM,1.0,True,McLaren,3319.645,2026-06-07 13:03:11.904,12,6.0,False,,False,False
3489.68,PIA,81,80.454,2.0,1.0,,,21.54,37.617,21.297,3430.789,3468.406,3489.703,179.0,184.0,253.0,268.0,True,MEDIUM,2.0,True,McLaren,3409.226,2026-06-07 13:04:41.485,1,6.0,False,,False,True
3569.456,PIA,81,79.776,3.0,1.0,,,21.391,37.492,20.893,3511.094,3548.586,3569.479,181.0,185.0,254.0,267.0,True,MEDIUM,3.0,True,McLaren,3489.68,2026-06-07 13:06:01.939,1,6.0,False,,False,True
3648.342,PIA,81,78.886,4.0,1.0,,,21.043,36.75,21.093,3590.522,3627.272,3648.365,184.0,189.0,254.0,268.0,True,MEDIUM,4.0,True,McLaren,3569.456,2026-06-07 13:07:21.715,1,6.0,False,,False,True
3726.414,PIA,81,78.072,5.0,1.0,,,20.889,36.464,20.719,3669.254,3705.718,3726.437,189.0,193.0,255.0,268.0,True,MEDIUM,5.0,True,McLaren,3648.342,2026-06-07 13:08:40.601,1,6.0,False,,False,True
3804.652,PIA,81,78.238,6.0,1.0,,,20.506,36.843,20.889,3746.943,3783.786,3804.675,185.0,189.0,254.0,268.0,False,MEDIUM,6.0,True,McLaren,3726.414,2026-06-07 13:09:58.673,1,6.0,False,,False,True
3882.225,PIA,81,77.573,7.0,1.0,,,20.622,36.327,20.624,3825.297,3861.624,3882.248,189.0,192.0,255.0,269.0,True,MEDIUM,7.0,True,McLaren,3804.652,2026-06-07 13:11:16.911,1,6.0,False,,False,True
3959.412,PIA,81,77.187,8.0,1.0,,,20.374,36.23,20.583,3902.622,3938.852,3959.435,195.0,193.0,255.0,269.0,True,MEDIUM,8.0,True,McLaren,3882.225,2026-06-07 13:12:34.484,1,6.0,False,,False,True
4036.606,PIA,81,77.194,9.0,1.0,,,20.384,36.166,20.644,3979.819,4015.985,4036.629,198.0,193.0,255.0,269.0,False,MEDIUM,9.0,True,McLaren,3959.412,2026-06-07 13:13:51.671,1,6.0,False,,False,True
4113.786,PIA,81,77.18,10.0,1.0,,,20.352,36.199,20.629,4056.981,4093.18,4113.809,197.0,193.0,255.0,269.0,True,MEDIUM,10.0,True,McLaren,4036.606,2026-06-07 13:15:08.865,1,6.0,False,,False,True
4191.675,PIA,81,77.889,11.0,1.0,,,20.471,36.548,20.87,4134.28,4170.828,4191.698,194.0,187.0,255.0,269.0,False,MEDIUM,11.0,True,McLaren,4113.786,2026-06-07 13:16:26.045,1,6.0,False,,False,True
4269.614,PIA,81,77.939,12.0,1.0,,,20.567,36.526,20.846,4212.265,4248.791,4269.637,197.0,190.0,255.0,270.0,False,MEDIUM,12.0,True,McLaren,4191.675,2026-06-07 13:17:43.934,1,6.0,False,,False,True
4348.082,PIA,81,78.468,13.0,1.0,,,20.777,36.69,21.001,4290.414,4327.104,4348.105,193.0,192.0,255.0,270.0,False,MEDIUM,13.0,True,McLaren,4269.614,2026-06-07 13:19:01.873,1,6.0,False,,False,True
4426.263,PIA,81,78.181,14.0,1.0,,,20.658,36.669,20.854,4368.763,4405.432,4426.286,196.0,191.0,255.0,271.0,False,MEDIUM,14.0,True,McLaren,4348.082,2026-06-07 13:20:20.341,1,6.0,False,,False,True
4505.228,PIA,81,78.965,15.0,1.0,,,20.716,37.006,21.243,4447.002,4484.008,4505.251,187.0,192.0,254.0,270.0,False,MEDIUM,15.0,True,McLaren,4426.263,2026-06-07 13:21:38.522,1,6.0,False,,False,True
4584.796,PIA,81,79.568,16.0,1.0,,,20.919,37.43,21.219,4526.17,4563.6,4584.819,184.0,187.0,261.0,268.0,False,MEDIUM,16.0,True,McLaren,4505.228,2026-06-07 13:22:57.487,1,6.0,False,,False,True
4663.935,PIA,81,79.139,17.0,1.0,,,20.936,36.885,21.318,4605.755,4642.64,4663.958,186.0,183.0,256.0,277.0,False,MEDIUM,17.0,True,McLaren,4584.796,2026-06-07 13:24:17.055,1,6.0,False,,False,True
4742.448,PIA,81,78.513,18.0,1.0,,,20.811,36.888,20.814,4684.769,4721.657,4742.471,195.0,189.0,255.0,269.0,False,MEDIUM,18.0,True,McLaren,4663.935,2026-06-07 13:25:36.194,1,6.0,False,,False,True
4820.668,PIA,81,78.22,19.0,1.0,,,20.611,36.634,20.975,4763.082,4799.716,4820.691,195.0,191.0,255.0,270.0,False,MEDIUM,19.0,True,McLaren,4742.448,2026-06-07 13:26:54.707,1,6.0,False,,False,True
4898.75,PIA,81,78.082,20.0,1.0,,,20.63,36.651,20.801,4841.321,4877.972,4898.773,195.0,190.0,255.0,270.0,False,MEDIUM,20.0,True,McLaren,4820.668,2026-06-07 13:28:12.927,1,6.0,False,,False,True
4976.948,PIA,81,78.198,21.0,1.0,,,20.509,36.737,20.952,4919.282,4956.019,4976.971,198.0,191.0,256.0,269.0,False,MEDIUM,21.0,True,McLaren,4898.75,2026-06-07 13:29:31.009,1,6.0,False,,False,True
5055.178,PIA,81,78.23,22.0,1.0,,,20.536,36.792,20.902,4997.507,5034.299,5055.201,195.0,191.0,256.0,269.0,False,MEDIUM,22.0,True,McLaren,4976.948,2026-06-07 13:30:49.207,1,6.0,False,,False,True
5133.566,PIA,81,78.388,23.0,1.0,,,20.62,36.852,20.916,5075.821,5112.673,5133.589,192.0,190.0,256.0,270.0,False,MEDIUM,23.0,True,McLaren,5055.178,2026-06-07 13:32:07.437,1,6.0,False,,False,True
5211.654,PIA,81,78.088,24.0,1.0,,,20.487,36.698,20.903,5154.076,5190.774,5211.677,194.0,191.0,255.0,270.0,False,MEDIUM,24.0,True,McLaren,5133.566,2026-06-07 13:33:25.825,1,6.0,False,,False,True
5289.944,PIA,81,78.29,25.0,1.0,,,20.517,36.816,20.957,5232.194,5269.01,5289.967,191.0,190.0,256.0,270.0,False,MEDIUM,25.0,True,McLaren,5211.654,2026-06-07 13:34:43.913,1,6.0,False,,False,True
5368.606,PIA,81,78.662,26.0,1.0,,,20.664,37.116,20.882,5310.631,5347.747,5368.629,194.0,191.0,255.0,270.0,False,MEDIUM,26.0,True,McLaren,5289.944,2026-06-07 13:36:02.203,1,6.0,False,,False,True
5447.243,PIA,81,78.637,27.0,1.0,,,20.554,37.074,21.009,5389.183,5426.257,5447.266,196.0,188.0,257.0,270.0,False,MEDIUM,27.0,True,McLaren,5368.606,2026-06-07 13:37:20.865,1,6.0,False,,False,True
5525.95,PIA,81,78.707,28.0,1.0,,,20.584,37.124,20.999,5467.85,5504.974,5525.973,199.0,190.0,257.0,270.0,False,MEDIUM,28.0,True,McLaren,5447.243,2026-06-07 13:38:39.502,1,6.0,False,,False,True
5604.429,PIA,81,78.479,29.0,1.0,,,20.579,36.915,20.985,5546.552,5583.467,5604.452,191.0,190.0,256.0,271.0,False,MEDIUM,29.0,True,McLaren,5525.95,2026-06-07 13:39:58.209,1,6.0,False,,False,True
5683.036,PIA,81,78.607,30.0,1.0,,,20.63,36.955,21.022,5625.082,5662.037,5683.059,194.0,190.0,257.0,270.0,False,MEDIUM,30.0,True,McLaren,5604.429,2026-06-07 13:41:16.688,1,6.0,False,,False,True
5761.696,PIA,81,78.66,31.0,1.0,,,20.601,36.984,21.075,5703.66,5740.644,5761.719,197.0,191.0,256.0,271.0,False,MEDIUM,31.0,True,McLaren,5683.036,2026-06-07 13:42:35.295,1,5.0,False,,False,True
5839.873,PIA,81,78.177,32.0,1.0,,,20.607,36.757,20.813,5782.326,5819.083,5839.896,192.0,191.0,257.0,270.0,False,MEDIUM,32.0,True,McLaren,5761.696,2026-06-07 13:43:53.955,1,4.0,False,,False,True
5917.985,PIA,81,78.112,33.0,1.0,,,20.488,36.77,20.854,5860.384,5897.154,5918.008,198.0,191.0,257.0,269.0,False,MEDIUM,33.0,True,McLaren,5839.873,2026-06-07 13:45:12.132,1,4.0,False,,False,True
5996.395,PIA,81,78.41,34.0,1.0,,,20.559,36.916,20.935,5938.567,5975.483,5996.418,194.0,191.0,257.0,269.0,False,MEDIUM,34.0,True,McLaren,5917.985,2026-06-07 13:46:30.244,1,4.0,False,,False,True
6074.955,PIA,81,78.56,35.0,1.0,,,20.61,36.992,20.958,6017.028,6054.02,6074.978,193.0,190.0,257.0,270.0,False,MEDIUM,35.0,True,McLaren,5996.395,2026-06-07 13:47:48.654,1,4.0,False,,False,True
6153.279,PIA,81,78.324,36.0,1.0,,,20.714,36.847,20.763,6095.692,6132.539,6153.302,195.0,193.0,257.0,269.0,False,MEDIUM,36.0,True,McLaren,6074.955,2026-06-07 13:49:07.214,1,4.0,False,,False,True
6231.197,PIA,81,77.918,37.0,1.0,,,20.442,36.757,20.719,6173.744,6210.501,6231.22,199.0,192.0,256.0,270.0,False,MEDIUM,37.0,True,McLaren,6153.279,2026-06-07 13:50:25.538,1,4.0,False,,False,True
6309.484,PIA,81,78.287,38.0,1.0,,,20.629,36.802,20.856,6251.849,6288.651,6309.507,191.0,191.0,257.0,271.0,False,MEDIUM,38.0,True,McLaren,6231.197,2026-06-07 13:51:43.456,1,4.0,False,,False,True
6387.655,PIA,81,78.171,39.0,1.0,,,20.562,36.796,20.813,6330.069,6366.865,6387.678,193.0,190.0,257.0,270.0,False,MEDIUM,39.0,True,McLaren,6309.484,2026-06-07 13:53:01.743,1,4.0,False,,False,True
6467.004,PIA,81,79.349,40.0,1.0,,,20.831,37.264,21.254,6408.509,6445.773,6467.027,193.0,187.0,256.0,270.0,False,MEDIUM,40.0,True,McLaren,6387.655,2026-06-07 13:54:19.914,1,4.0,False,,False,True
6545.561,PIA,81,78.557,41.0,1.0,,,20.631,36.941,20.985,6487.658,6524.599,6545.584,196.0,190.0,257.0,270.0,False,MEDIUM,41.0,True,McLaren,6467.004,2026-06-07 13:55:39.263,1,4.0,False,,False,True
6624.247,PIA,81,78.686,42.0,1.0,,,20.693,37.049,20.944,6566.277,6603.326,6624.27,195.0,192.0,257.0,270.0,False,MEDIUM,42.0,True,McLaren,6545.561,2026-06-07 13:56:57.820,1,4.0,False,,False,True
6703.34,PIA,81,79.093,43.0,1.0,,,20.742,37.234,21.117,6645.012,6682.246,6703.363,191.0,188.0,256.0,271.0,False,MEDIUM,43.0,True,McLaren,6624.247,2026-06-07 13:58:16.506,1,4.0,False,,False,True
6782.619,PIA,81,79.279,44.0,1.0,,,20.961,37.155,21.163,6724.324,6761.479,6782.642,181.0,190.0,257.0,271.0,False,MEDIUM,44.0,True,McLaren,6703.34,2026-06-07 13:59:35.599,1,4.0,False,,False,True
6862.283,PIA,81,79.664,45.0,1.0,,,20.967,37.533,21.164,6803.609,6841.142,6862.306,185.0,188.0,257.0,271.0,False,MEDIUM,45.0,True,McLaren,6782.619,2026-06-07 14:00:54.878,1,4.0,False,,False,True
6941.628,PIA,81,79.345,46.0,1.0,,,20.828,37.15,21.367,6883.134,6920.284,6941.651,195.0,189.0,257.0,272.0,False,MEDIUM,46.0,True,McLaren,6862.283,2026-06-07 14:02:14.542,1,4.0,False,,False,True
7021.203,PIA,81,79.575,47.0,1.0,,,20.956,37.421,21.198,6962.607,7000.028,7021.226,190.0,186.0,257.0,272.0,False,MEDIUM,47.0,True,McLaren,6941.628,2026-06-07 14:03:33.887,1,4.0,False,,False,True
7117.944,PIA,81,96.741,48.0,1.0,,7094.568,20.954,37.679,38.108,7042.18,7079.859,7117.967,186.0,186.0,,272.0,False,MEDIUM,48.0,True,McLaren,7021.203,2026-06-07 14:04:53.462,1,6.0,False,,False,False
7201.59,PIA,81,83.646,49.0,2.0,7118.693,,24.626,37.827,21.193,7142.593,7180.42,7201.613,181.0,183.0,257.0,270.0,False,HARD,1.0,True,McLaren,7117.944,2026-06-07 14:06:30.203,1,6.0,False,,False,False
7279.779,PIA,81,78.189,50.0,2.0,,,20.731,36.743,20.715,7222.344,7259.087,7279.802,197.0,190.0,257.0,271.0,False,HARD,2.0,True,McLaren,7201.59,2026-06-07 14:07:53.849,1,6.0,False,,False,True
7357.202,PIA,81,77.423,51.0,2.0,,,20.591,36.394,20.438,7300.393,7336.787,7357.225,191.0,195.0,256.0,271.0,False,HARD,3.0,True,McLaren,7279.779,2026-06-07 14:09:12.038,1,6.0,False,,False,True
7434.065,PIA,81,76.863,52.0,2.0,,,20.357,35.991,20.515,7377.582,7413.573,7434.088,203.0,193.0,257.0,271.0,True,HARD,4.0,True,McLaren,7357.202,2026-06-07 14:10:29.461,1,6.0,False,,False,True
7510.761,PIA,81,76.696,53.0,2.0,,,20.229,36.024,20.443,7454.317,7490.341,7510.784,200.0,191.0,258.0,272.0,True,HARD,5.0,True,McLaren,7434.065,2026-06-07 14:11:46.324,1,6.0,False,,False,True
7588.013,PIA,81,77.252,54.0,2.0,,,20.21,36.655,20.387,7530.994,7567.649,7588.036,202.0,186.0,258.0,273.0,False,HARD,6.0,True,McLaren,7510.761,2026-06-07 14:13:03.020,1,6.0,False,,False,True
7664.84,PIA,81,76.827,55.0,2.0,,,20.41,36.143,20.274,7608.446,7644.589,7664.863,177.0,194.0,259.0,272.0,False,HARD,7.0,True,McLaren,7588.013,2026-06-07 14:14:20.272,1,6.0,False,,False,True
7741.44,PIA,81,76.6,56.0,2.0,,,20.21,36.028,20.362,7685.073,7721.101,7741.463,200.0,196.0,258.0,273.0,True,HARD,8.0,True,McLaren,7664.84,2026-06-07 14:15:37.099,1,6.0,False,,False,True
7818.544,PIA,81,77.104,57.0,2.0,,,20.278,36.411,20.415,7761.741,7798.152,7818.567,196.0,194.0,258.0,272.0,False,HARD,9.0,True,McLaren,7741.44,2026-06-07 14:16:53.699,1,6.0,False,,False,True
7895.085,PIA,81,76.541,58.0,2.0,,,20.08,35.994,20.467,7838.647,7874.641,7895.108,199.0,194.0,259.0,271.0,True,HARD,10.0,True,McLaren,7818.544,2026-06-07 14:18:10.803,1,6.0,False,,False,True
8012.438,PIA,81,117.353,59.0,2.0,,7981.802,20.148,48.109,49.096,7915.256,7963.365,8012.461,198.0,169.0,,148.0,False,HARD,11.0,True,McLaren,7895.085,2026-06-07 14:19:27.344,124,7.0,False,,False,False
8127.332,PIA,81,114.894,60.0,3.0,8013.283,8107.906,28.588,47.93,38.376,8041.049,8088.979,8127.355,143.0,128.0,,187.0,False,SOFT,5.0,False,McLaren,8012.438,2026-06-07 14:21:24.697,4,7.0,False,,False,False
8217.798,PIA,81,90.466,61.0,4.0,8128.064,,26.767,40.431,23.268,8154.122,8194.553,8217.821,158.0,175.0,181.0,257.0,False,SOFT,6.0,False,McLaren,8127.332,2026-06-07 14:23:19.591,4,7.0,False,,False,False
8335.559,PIA,81,117.761,62.0,4.0,,,34.356,51.008,32.397,8252.177,8303.185,8335.582,108.0,157.0,95.0,157.0,False,SOFT,7.0,False,McLaren,8217.798,2026-06-07 14:24:50.057,4,7.0,False,,False,False
8429.438,PIA,81,93.879,63.0,4.0,,,31.41,40.611,21.858,8366.992,8407.603,8429.461,144.0,174.0,255.0,239.0,False,SOFT,8.0,False,McLaren,8335.559,2026-06-07 14:26:47.818,4,7.0,False,,False,False
8513.597,PIA,81,84.159,64.0,4.0,,,22.036,39.449,22.674,8451.497,8490.946,8513.62,171.0,171.0,255.0,266.0,False,SOFT,9.0,False,McLaren,8429.438,2026-06-07 14:28:21.697,4,7.0,False,,False,False
8596.069,PIA,81,82.472,65.0,4.0,,,22.061,38.079,22.332,8535.681,8573.76,8596.092,161.0,182.0,247.0,266.0,False,SOFT,10.0,False,McLaren,8513.597,2026-06-07 14:29:45.856,412,6.0,False,,False,False
8710.804,PIA,81,114.735,66.0,4.0,,8688.195,24.286,50.92,39.529,8620.378,8671.298,8710.827,140.0,148.0,,162.0,False,SOFT,11.0,False,McLaren,8596.069,2026-06-07 14:31:08.328,24,6.0,False,,False,False
8817.53,PIA,81,106.726,67.0,5.0,8711.699,,29.732,49.436,27.558,8740.559,8789.995,8817.553,124.0,147.0,232.0,241.0,False,SOFT,12.0,False,McLaren,8710.804,2026-06-07 14:33:03.063,4,6.0,False,,False,False
11073.51,PIA,81,,68.0,5.0,,8922.653,27.003,52.382,,8844.604,8897.123,,71.0,135.0,,155.0,False,SOFT,13.0,False,McLaren,8817.53,2026-06-07 14:34:49.789,451,6.0,False,,False,False
11169.42,PIA,81,95.91,69.0,6.0,11074.266,,29.361,41.117,25.432,11102.894,11144.011,11169.443,151.0,174.0,247.0,234.0,False,SOFT,5.0,False,McLaren,11073.51,2026-06-07 15:12:25.769,14,6.0,False,,False,False
11332.008,PIA,81,,70.0,6.0,,,28.89,51.013,82.757,11198.476,11249.408,11332.39,91.0,157.0,79.0,217.0,False,SOFT,6.0,False,McLaren,11169.42,2026-06-07 15:14:01.679,41,6.0,False,,False,False
11419.974,PIA,81,87.966,71.0,6.0,,,26.069,40.598,21.299,11358.1,11398.698,11419.997,155.0,180.0,258.0,268.0,False,SOFT,7.0,False,McLaren,11332.008,2026-06-07 15:16:44.267,12,6.0,False,,False,True
11498.733,PIA,81,78.759,72.0,6.0,,,21.353,36.829,20.577,11441.35,11478.179,11498.756,173.0,188.0,258.0,270.0,False,SOFT,8.0,False,McLaren,11419.974,2026-06-07 15:18:12.233,1,5.0,False,,False,True
11575.421,PIA,81,76.688,73.0,6.0,,,20.497,35.941,20.25,11519.253,11555.194,11575.444,196.0,196.0,264.0,271.0,False,SOFT,9.0,False,McLaren,11498.733,2026-06-07 15:19:30.992,1,5.0,False,,False,True
11651.608,PIA,81,76.187,74.0,6.0,,,20.095,35.644,20.448,11595.539,11631.183,11651.631,194.0,195.0,264.0,281.0,True,SOFT,10.0,False,McLaren,11575.421,2026-06-07 15:20:47.680,1,5.0,False,,False,True
11727.866,PIA,81,76.258,75.0,6.0,,,20.252,35.688,20.318,11671.883,11707.571,11727.889,200.0,195.0,264.0,281.0,False,SOFT,11.0,False,McLaren,11651.608,2026-06-07 15:22:03.867,1,5.0,False,,False,True
11803.682,PIA,81,75.816,76.0,6.0,,,19.979,35.621,20.216,11747.868,11783.489,11803.705,202.0,198.0,265.0,281.0,True,SOFT,12.0,False,McLaren,11727.866,2026-06-07 15:23:20.125,1,5.0,False,,False,True
11879.528,PIA,81,75.846,77.0,6.0,,,20.057,35.584,20.205,11823.762,11859.346,11879.551,200.0,195.0,264.0,281.0,False,SOFT,13.0,False,McLaren,11803.682,2026-06-07 15:24:35.941,1,5.0,False,,False,True
11955.39,PIA,81,75.862,78.0,6.0,,,20.044,35.532,20.286,11899.595,11935.127,11955.413,201.0,196.0,264.0,281.0,False,SOFT,14.0,False,McLaren,11879.528,2026-06-07 15:25:51.787,1,5.0,False,,False,True
3442.646,BEA,87,122.78,1.0,1.0,,3411.339,,42.941,46.792,,3396.019,3442.808,132.0,172.0,,259.0,False,MEDIUM,1.0,True,Haas F1 Team,3319.645,2026-06-07 13:03:11.904,12,21.0,False,,False,False
3526.311,BEA,87,83.665,2.0,2.0,3443.37,,24.755,37.72,21.19,3467.423,3505.143,3526.333,173.0,182.0,255.0,266.0,False,HARD,1.0,True,Haas F1 Team,3442.646,2026-06-07 13:05:14.905,1,21.0,False,,False,False
3605.585,BEA,87,79.274,3.0,2.0,,,21.088,37.072,21.114,3547.421,3584.493,3605.607,190.0,185.0,256.0,268.0,True,HARD,2.0,True,Haas F1 Team,3526.311,2026-06-07 13:06:38.570,1,21.0,False,,False,True
3686.606,BEA,87,81.021,4.0,2.0,,,21.358,37.854,21.809,3626.965,3664.819,3686.628,180.0,183.0,263.0,270.0,False,HARD,3.0,True,Haas F1 Team,3605.585,2026-06-07 13:07:57.844,1,21.0,False,,False,True
3768.432,BEA,87,81.826,5.0,2.0,,,21.817,38.333,21.676,3708.445,3746.778,3768.454,164.0,180.0,262.0,279.0,False,HARD,4.0,True,Haas F1 Team,3686.606,2026-06-07 13:09:18.865,1,21.0,False,,False,True
3849.942,BEA,87,81.51,6.0,2.0,,,21.823,38.044,21.643,3790.277,3828.321,3849.964,176.0,181.0,261.0,278.0,False,HARD,5.0,True,Haas F1 Team,3768.432,2026-06-07 13:10:40.691,1,21.0,False,,False,True
3930.952,BEA,87,81.01,7.0,2.0,,,21.587,37.978,21.445,3871.551,3909.529,3930.974,178.0,181.0,262.0,278.0,False,HARD,6.0,True,Haas F1 Team,3849.942,2026-06-07 13:12:02.201,1,21.0,False,,False,True
4011.437,BEA,87,80.485,8.0,2.0,,,21.284,37.635,21.566,3952.258,3989.893,4011.459,180.0,184.0,263.0,280.0,False,HARD,7.0,True,Haas F1 Team,3930.952,2026-06-07 13:13:23.211,1,21.0,False,,False,True
4092.246,BEA,87,80.809,9.0,2.0,,,21.305,37.459,22.045,4032.764,4070.223,4092.268,183.0,180.0,258.0,280.0,False,HARD,8.0,True,Haas F1 Team,4011.437,2026-06-07 13:14:43.696,1,21.0,False,,False,True
4176.367,BEA,87,84.121,10.0,2.0,,,22.65,38.782,22.689,4114.918,4153.7,4176.389,179.0,179.0,261.0,266.0,False,HARD,9.0,True,Haas F1 Team,4092.246,2026-06-07 13:16:04.505,1,21.0,False,,False,True
4258.979,BEA,87,82.612,11.0,2.0,,,21.98,39.339,21.293,4198.369,4237.708,4259.001,179.0,182.0,256.0,257.0,False,HARD,10.0,True,Haas F1 Team,4176.367,2026-06-07 13:17:28.626,1,21.0,False,,False,True
4342.594,BEA,87,83.615,12.0,2.0,,,21.38,40.743,21.492,4280.381,4321.124,4342.616,187.0,176.0,256.0,272.0,False,HARD,11.0,True,Haas F1 Team,4258.979,2026-06-07 13:18:51.238,1,21.0,False,,False,True
4422.136,BEA,87,79.542,13.0,2.0,,,21.028,37.201,21.313,4363.644,4400.845,4422.158,188.0,182.0,262.0,271.0,False,HARD,12.0,True,Haas F1 Team,4342.594,2026-06-07 13:20:14.853,1,21.0,False,,False,True
4502.924,BEA,87,80.788,14.0,2.0,,,21.191,37.968,21.629,4443.349,4481.317,4502.946,186.0,183.0,263.0,280.0,False,HARD,13.0,True,Haas F1 Team,4422.136,2026-06-07 13:21:34.395,1,21.0,False,,False,True
4585.359,BEA,87,82.435,15.0,2.0,,,21.365,37.859,23.211,4524.311,4562.17,4585.381,183.0,183.0,262.0,280.0,False,HARD,14.0,True,Haas F1 Team,4502.924,2026-06-07 13:22:55.183,1,21.0,False,,False,True
4668.054,BEA,87,82.695,16.0,2.0,,,21.411,38.655,22.629,4606.792,4645.447,4668.076,185.0,177.0,262.0,277.0,False,HARD,15.0,True,Haas F1 Team,4585.359,2026-06-07 13:24:17.618,1,21.0,False,,False,True
4749.71,BEA,87,81.656,17.0,2.0,,,22.497,38.2,20.959,4690.573,4728.773,4749.732,82.0,181.0,256.0,279.0,False,HARD,16.0,True,Haas F1 Team,4668.054,2026-06-07 13:25:40.313,1,20.0,False,,False,True
4828.692,BEA,87,78.982,18.0,2.0,,,20.952,37.021,21.009,4770.684,4807.705,4828.714,191.0,183.0,256.0,271.0,True,HARD,17.0,True,Haas F1 Team,4749.71,2026-06-07 13:27:01.969,1,20.0,False,,False,True
4907.281,BEA,87,78.589,19.0,2.0,,,20.872,36.852,20.865,4849.586,4886.438,4907.303,192.0,184.0,256.0,271.0,True,HARD,18.0,True,Haas F1 Team,4828.692,2026-06-07 13:28:20.951,1,20.0,False,,False,True
4986.05,BEA,87,78.769,20.0,2.0,,,20.803,36.816,21.15,4928.106,4964.922,4986.072,198.0,184.0,256.0,271.0,False,HARD,19.0,True,Haas F1 Team,4907.281,2026-06-07 13:29:39.540,1,20.0,False,,False,True
5064.59,BEA,87,78.54,21.0,2.0,,,20.772,36.793,20.975,5006.844,5043.637,5064.612,196.0,186.0,256.0,271.0,True,HARD,20.0,True,Haas F1 Team,4986.05,2026-06-07 13:30:58.309,1,20.0,False,,False,True
5143.065,BEA,87,78.475,22.0,2.0,,,20.698,36.734,21.043,5085.31,5122.044,5143.087,201.0,187.0,256.0,271.0,True,HARD,21.0,True,Haas F1 Team,5064.59,2026-06-07 13:32:16.849,1,20.0,False,,False,True
5221.73,BEA,87,78.665,23.0,2.0,,,20.733,36.992,20.94,5163.82,5200.812,5221.752,199.0,187.0,256.0,271.0,False,HARD,22.0,True,Haas F1 Team,5143.065,2026-06-07 13:33:35.324,1,20.0,False,,False,True
5300.867,BEA,87,79.137,24.0,2.0,,,20.767,37.212,21.158,5242.519,5279.731,5300.889,197.0,184.0,256.0,271.0,False,HARD,23.0,True,Haas F1 Team,5221.73,2026-06-07 13:34:53.989,1,20.0,True,TRACK LIMITS AT TURN 10 LAP 24 ,False,True
5379.55,BEA,87,78.683,25.0,2.0,,,20.809,36.585,21.289,5321.698,5358.283,5379.572,196.0,178.0,256.0,271.0,False,HARD,24.0,True,Haas F1 Team,5300.867,2026-06-07 13:36:13.126,1,20.0,True,TRACK LIMITS AT TURN 10 LAP 25 ,False,True
5458.341,BEA,87,78.791,26.0,2.0,,,20.828,37.028,20.935,5400.4,5437.428,5458.363,194.0,187.0,256.0,271.0,False,HARD,25.0,True,Haas F1 Team,5379.55,2026-06-07 13:37:31.809,1,20.0,False,,False,True
5536.964,BEA,87,78.623,27.0,2.0,,,20.669,36.971,20.983,5479.032,5516.003,5536.986,200.0,183.0,256.0,271.0,False,HARD,26.0,True,Haas F1 Team,5458.341,2026-06-07 13:38:50.600,1,20.0,False,,False,True
5615.421,BEA,87,,28.0,2.0,,5615.443,20.7,37.555,,5557.83,5595.268,,198.0,139.0,,271.0,False,HARD,27.0,True,Haas F1 Team,5536.964,2026-06-07 13:40:09.223,1,20.0,False,,False,False
