Time,Driver,DriverNumber,LapTime,LapNumber,Stint,PitOutTime,PitInTime,Sector1Time,Sector2Time,Sector3Time,Sector1SessionTime,Sector2SessionTime,Sector3SessionTime,SpeedI1,SpeedI2,SpeedFL,SpeedST,IsPersonalBest,Compound,TyreLife,FreshTyre,Team,LapStartTime,LapStartDate,TrackStatus,Position,Deleted,DeletedReason,FastF1Generated,IsAccurate
3308.537,NOR,1,87.198,1.0,1.0,,,,33.656,24.811,,3283.839,3308.685,237.0,252.0,297.0,293.0,False,MEDIUM,1.0,True,McLaren,3221.09,2026-06-14 13:03:27.855,1,4.0,False,,False,False
3390.788,NOR,1,82.251,2.0,1.0,,,23.744,33.611,24.896,3332.301,3365.912,3390.808,241.0,246.0,296.0,335.0,True,MEDIUM,2.0,True,McLaren,3308.537,2026-06-14 13:04:55.302,1,4.0,False,,False,True
3473.21,NOR,1,82.422,3.0,1.0,,,23.976,33.5,24.946,3414.784,3448.284,3473.23,245.0,263.0,293.0,340.0,False,MEDIUM,3.0,True,McLaren,3390.788,2026-06-14 13:06:17.553,1,4.0,False,,False,True
3555.983,NOR,1,82.773,4.0,1.0,,,23.999,33.552,25.222,3497.229,3530.781,3556.003,242.0,252.0,293.0,334.0,False,MEDIUM,4.0,True,McLaren,3473.21,2026-06-14 13:07:39.975,1,4.0,False,,False,True
3639.27,NOR,1,83.287,5.0,1.0,,,24.189,33.813,25.285,3580.192,3614.005,3639.29,245.0,254.0,292.0,332.0,False,MEDIUM,5.0,True,McLaren,3555.983,2026-06-14 13:09:02.748,1,4.0,False,,False,True
3722.496,NOR,1,83.226,6.0,1.0,,,24.222,33.707,25.297,3663.512,3697.219,3722.516,250.0,251.0,291.0,331.0,False,MEDIUM,6.0,True,McLaren,3639.27,2026-06-14 13:10:26.035,1,4.0,False,,False,True
3805.853,NOR,1,83.357,7.0,1.0,,,24.175,33.895,25.287,3746.691,3780.586,3805.873,259.0,256.0,291.0,330.0,False,MEDIUM,7.0,True,McLaren,3722.496,2026-06-14 13:11:49.261,1,4.0,False,,False,True
3889.245,NOR,1,83.392,8.0,1.0,,,24.237,33.773,25.382,3830.11,3863.883,3889.265,247.0,256.0,292.0,330.0,False,MEDIUM,8.0,True,McLaren,3805.853,2026-06-14 13:13:12.618,1,4.0,False,,False,True
3972.746,NOR,1,83.501,9.0,1.0,,,24.26,33.774,25.467,3913.525,3947.299,3972.766,252.0,256.0,290.0,330.0,False,MEDIUM,9.0,True,McLaren,3889.245,2026-06-14 13:14:36.010,1,4.0,False,,False,True
4056.065,NOR,1,83.319,10.0,1.0,,,24.292,33.706,25.321,3997.058,4030.764,4056.085,252.0,258.0,292.0,330.0,False,MEDIUM,10.0,True,McLaren,3972.746,2026-06-14 13:15:59.511,1,4.0,False,,False,True
4139.466,NOR,1,83.401,11.0,1.0,,,24.283,33.758,25.36,4080.368,4114.126,4139.486,257.0,261.0,290.0,332.0,False,MEDIUM,11.0,True,McLaren,4056.065,2026-06-14 13:17:22.830,1,3.0,False,,False,True
4223.084,NOR,1,83.618,12.0,1.0,,,24.221,33.969,25.428,4163.707,4197.676,4223.104,254.0,247.0,290.0,331.0,False,MEDIUM,12.0,True,McLaren,4139.466,2026-06-14 13:18:46.231,1,3.0,False,,False,True
4310.93,NOR,1,87.846,13.0,1.0,,4308.151,24.308,33.977,29.561,4247.412,4281.389,4310.95,258.0,248.0,,330.0,False,MEDIUM,13.0,True,McLaren,4223.084,2026-06-14 13:20:09.849,1,2.0,False,,False,False
4411.581,NOR,1,100.651,14.0,2.0,4329.971,,43.21,32.876,24.565,4354.16,4387.036,4411.601,258.0,266.0,296.0,262.0,False,HARD,1.0,True,McLaren,4310.93,2026-06-14 13:21:37.695,1,6.0,False,,False,False
4493.651,NOR,1,82.07,15.0,2.0,,,24.024,33.249,24.797,4435.625,4468.874,4493.671,247.0,260.0,294.0,329.0,True,HARD,2.0,True,McLaren,4411.581,2026-06-14 13:23:18.346,1,5.0,False,,False,True
4575.844,NOR,1,82.193,16.0,2.0,,,23.947,33.261,24.985,4517.618,4550.879,4575.864,248.0,262.0,295.0,332.0,False,HARD,3.0,True,McLaren,4493.651,2026-06-14 13:24:40.416,1,5.0,False,,False,True
4657.788,NOR,1,81.944,17.0,2.0,,,23.89,33.232,24.822,4599.754,4632.986,4657.808,252.0,264.0,293.0,332.0,True,HARD,4.0,True,McLaren,4575.844,2026-06-14 13:26:02.609,1,4.0,False,,False,True
4739.769,NOR,1,81.981,18.0,2.0,,,23.788,33.283,24.91,4681.596,4714.879,4739.789,263.0,265.0,293.0,331.0,False,HARD,5.0,True,McLaren,4657.788,2026-06-14 13:27:24.553,1,4.0,False,,False,True
4822.123,NOR,1,82.354,19.0,2.0,,,23.972,33.368,25.014,4763.761,4797.129,4822.143,255.0,263.0,294.0,332.0,False,HARD,6.0,True,McLaren,4739.769,2026-06-14 13:28:46.534,1,4.0,False,,False,True
4904.366,NOR,1,82.243,20.0,2.0,,,23.843,33.384,25.016,4845.986,4879.37,4904.386,258.0,265.0,292.0,330.0,False,HARD,7.0,True,McLaren,4822.123,2026-06-14 13:30:08.888,1,4.0,False,,False,True
4986.741,NOR,1,82.375,21.0,2.0,,,23.963,33.337,25.075,4928.349,4961.686,4986.761,258.0,257.0,293.0,330.0,False,HARD,8.0,True,McLaren,4904.366,2026-06-14 13:31:31.131,1,4.0,False,,False,True
5068.763,NOR,1,82.022,22.0,2.0,,,23.827,33.197,24.998,5010.588,5043.785,5068.783,260.0,263.0,293.0,330.0,False,HARD,9.0,True,McLaren,4986.741,2026-06-14 13:32:53.506,1,4.0,False,,False,True
5151.042,NOR,1,82.279,23.0,2.0,,,23.938,33.372,24.969,5092.721,5126.093,5151.062,260.0,261.0,293.0,331.0,False,HARD,10.0,True,McLaren,5068.763,2026-06-14 13:34:15.528,1,4.0,False,,False,True
5233.486,NOR,1,82.444,24.0,2.0,,,23.965,33.349,25.13,5175.027,5208.376,5233.506,253.0,257.0,295.0,332.0,False,HARD,11.0,True,McLaren,5151.042,2026-06-14 13:35:37.807,1,4.0,False,,False,True
5315.949,NOR,1,82.463,25.0,2.0,,,23.696,33.686,25.081,5257.202,5290.888,5315.969,252.0,251.0,293.0,345.0,False,HARD,12.0,True,McLaren,5233.486,2026-06-14 13:37:00.251,1,4.0,False,,False,True
5398.613,NOR,1,82.664,26.0,2.0,,,23.976,33.641,25.047,5339.945,5373.586,5398.633,248.0,258.0,295.0,334.0,False,HARD,13.0,True,McLaren,5315.949,2026-06-14 13:38:22.714,1,4.0,False,,False,True
5481.522,NOR,1,82.909,27.0,2.0,,,23.984,33.774,25.151,5422.617,5456.391,5481.542,252.0,259.0,293.0,332.0,False,HARD,14.0,True,McLaren,5398.613,2026-06-14 13:39:45.378,1,3.0,False,,False,True
5564.182,NOR,1,82.66,28.0,2.0,,,23.984,33.678,24.998,,5539.204,5564.202,259.0,262.0,293.0,335.0,False,HARD,15.0,True,McLaren,5481.522,2026-06-14 13:41:08.287,1,3.0,False,,False,True
5647.436,NOR,1,83.254,29.0,2.0,,,23.926,33.566,25.762,5588.128,5621.694,5647.456,260.0,255.0,289.0,331.0,False,HARD,16.0,True,McLaren,5564.182,2026-06-14 13:42:30.947,1,3.0,False,,False,True
5730.592,NOR,1,83.156,30.0,2.0,,,24.034,33.865,25.257,5671.49,5705.355,5730.612,254.0,257.0,292.0,344.0,False,HARD,17.0,True,McLaren,5647.436,2026-06-14 13:43:54.201,1,3.0,False,,False,True
5813.539,NOR,1,82.947,31.0,2.0,,,24.044,33.558,25.345,5754.656,5788.214,5813.559,256.0,255.0,292.0,330.0,False,HARD,18.0,True,McLaren,5730.592,2026-06-14 13:45:17.357,1,3.0,False,,False,True
5897.136,NOR,1,83.597,32.0,2.0,,,24.072,34.168,25.357,5837.631,5871.799,5897.156,255.0,262.0,294.0,332.0,False,HARD,19.0,True,McLaren,5813.539,2026-06-14 13:46:40.304,1,3.0,False,,False,True
5979.985,NOR,1,82.849,33.0,2.0,,,23.966,33.715,25.168,5921.122,5954.837,5980.005,260.0,259.0,291.0,343.0,False,HARD,20.0,True,McLaren,5897.136,2026-06-14 13:48:03.901,1,3.0,False,,False,True
6063.1,NOR,1,83.115,34.0,2.0,,,24.053,33.75,25.312,6004.058,6037.808,6063.12,259.0,260.0,294.0,330.0,False,HARD,21.0,True,McLaren,5979.985,2026-06-14 13:49:26.750,1,3.0,False,,False,True
6150.399,NOR,1,87.299,35.0,2.0,,6147.759,24.361,33.564,29.374,6087.481,6121.045,6150.419,258.0,264.0,,332.0,False,HARD,22.0,True,McLaren,6063.1,2026-06-14 13:50:49.865,1,4.0,False,,False,False
6250.361,NOR,1,99.962,36.0,3.0,6169.751,,43.08,32.56,24.322,6193.499,6226.059,6250.381,259.0,269.0,299.0,268.0,False,HARD,1.0,True,McLaren,6150.399,2026-06-14 13:52:17.164,1,5.0,False,,False,False
6330.593,NOR,1,80.232,37.0,3.0,,,23.543,32.468,24.221,6273.924,6306.392,6330.613,264.0,273.0,300.0,326.0,True,HARD,2.0,True,McLaren,6250.361,2026-06-14 13:53:57.126,1,5.0,False,,False,True
6411.705,NOR,1,81.112,38.0,3.0,,,23.831,32.939,24.342,6354.444,6387.383,6411.725,262.0,263.0,300.0,337.0,False,HARD,3.0,True,McLaren,6330.593,2026-06-14 13:55:17.358,1,5.0,False,,False,True
6492.87,NOR,1,81.165,39.0,3.0,,,23.47,33.243,24.452,6435.195,6468.438,6492.89,261.0,259.0,301.0,337.0,False,HARD,4.0,True,McLaren,6411.705,2026-06-14 13:56:38.470,1,4.0,False,,False,True
6581.259,NOR,1,88.389,40.0,3.0,,,23.347,33.246,31.796,6516.237,6549.483,6581.279,259.0,269.0,199.0,336.0,False,HARD,5.0,True,McLaren,6492.87,2026-06-14 13:57:59.635,126,4.0,False,,False,False
6688.197,NOR,1,106.938,41.0,3.0,,,30.39,46.147,30.401,6611.669,6657.816,6688.217,187.0,225.0,202.0,260.0,False,HARD,6.0,True,McLaren,6581.259,2026-06-14 13:59:28.024,6,4.0,False,,False,False
6773.271,NOR,1,85.074,42.0,3.0,,,28.197,32.459,24.418,6716.414,6748.873,6773.291,266.0,266.0,299.0,252.0,False,HARD,7.0,True,McLaren,6688.197,2026-06-14 14:01:14.962,671,4.0,False,,False,False
6854.202,NOR,1,80.931,43.0,3.0,,,23.706,32.674,24.551,6796.997,6829.671,6854.222,261.0,266.0,299.0,336.0,False,HARD,8.0,True,McLaren,6773.271,2026-06-14 14:02:40.036,1,4.0,False,,False,True
6935.008,NOR,1,80.806,44.0,3.0,,,23.673,32.782,24.351,6877.895,6910.677,6935.028,264.0,265.0,300.0,334.0,False,HARD,9.0,True,McLaren,6854.202,2026-06-14 14:04:00.967,1,4.0,False,,False,True
7015.936,NOR,1,80.928,45.0,3.0,,,23.674,32.754,24.5,6958.702,6991.456,7015.956,262.0,271.0,299.0,336.0,False,HARD,10.0,True,McLaren,6935.008,2026-06-14 14:05:21.773,1,4.0,False,,False,True
7096.766,NOR,1,80.83,46.0,3.0,,,23.5,32.761,24.569,7039.456,7072.217,7096.786,264.0,271.0,299.0,335.0,False,HARD,11.0,True,McLaren,7015.936,2026-06-14 14:06:42.701,1,4.0,False,,False,True
7177.714,NOR,1,80.948,47.0,3.0,,,23.589,32.809,24.55,7120.375,7153.184,7177.734,258.0,271.0,299.0,335.0,False,HARD,12.0,True,McLaren,7096.766,2026-06-14 14:08:03.531,1,4.0,False,,False,True
7258.914,NOR,1,81.2,48.0,3.0,,,23.621,33.007,24.572,7201.355,7234.362,7258.934,258.0,272.0,299.0,334.0,False,HARD,13.0,True,McLaren,7177.714,2026-06-14 14:09:24.479,1,4.0,False,,False,True
7340.176,NOR,1,81.262,49.0,3.0,,,23.694,32.89,24.678,7282.628,7315.518,7340.196,262.0,278.0,299.0,333.0,False,HARD,14.0,True,McLaren,7258.914,2026-06-14 14:10:45.679,1,4.0,False,,False,True
7421.138,NOR,1,80.962,50.0,3.0,,,23.594,32.842,24.526,7363.79,7396.632,7421.158,266.0,277.0,300.0,336.0,False,HARD,15.0,True,McLaren,7340.176,2026-06-14 14:12:06.941,1,4.0,False,,False,True
7502.391,NOR,1,81.253,51.0,3.0,,,23.659,33.065,24.529,7444.817,7477.882,7502.411,266.0,276.0,300.0,336.0,False,HARD,16.0,True,McLaren,7421.138,2026-06-14 14:13:27.903,1,4.0,False,,False,True
7583.997,NOR,1,81.606,52.0,3.0,,,23.631,33.095,24.88,7526.042,7559.137,7584.017,258.0,271.0,299.0,336.0,False,HARD,17.0,True,McLaren,7502.391,2026-06-14 14:14:49.156,1,4.0,False,,False,True
7665.808,NOR,1,81.811,53.0,3.0,,,23.832,33.088,24.891,7607.849,7640.937,7665.828,262.0,269.0,298.0,336.0,False,HARD,18.0,True,McLaren,7583.997,2026-06-14 14:16:10.762,1,4.0,False,,False,True
7747.617,NOR,1,81.809,54.0,3.0,,,23.8,33.133,24.876,7689.628,7722.761,7747.637,267.0,263.0,300.0,336.0,False,HARD,19.0,True,McLaren,7665.808,2026-06-14 14:17:32.573,1,4.0,False,,False,True
7829.581,NOR,1,81.964,55.0,3.0,,,23.877,33.254,24.833,7771.514,7804.768,7829.601,267.0,274.0,296.0,336.0,False,HARD,20.0,True,McLaren,7747.617,2026-06-14 14:18:54.382,1,4.0,False,,False,True
7911.708,NOR,1,82.127,56.0,3.0,,,24.03,33.276,24.821,7853.631,7886.907,7911.728,260.0,267.0,298.0,336.0,False,HARD,21.0,True,McLaren,7829.581,2026-06-14 14:20:16.346,1,4.0,False,,False,True
7993.931,NOR,1,82.223,57.0,3.0,,,23.853,33.339,25.031,7935.581,7968.92,7993.951,264.0,257.0,296.0,335.0,False,HARD,22.0,True,McLaren,7911.708,2026-06-14 14:21:38.473,1,4.0,False,,False,True
8076.183,NOR,1,82.252,58.0,3.0,,,23.823,33.543,24.886,8017.774,8051.317,8076.203,261.0,266.0,296.0,334.0,False,HARD,23.0,True,McLaren,7993.931,2026-06-14 14:23:00.696,1,4.0,False,,False,True
8158.672,NOR,1,82.489,59.0,3.0,,,23.994,33.42,25.075,8100.197,8133.617,8158.692,261.0,273.0,295.0,334.0,False,HARD,24.0,True,McLaren,8076.183,2026-06-14 14:24:22.948,1,4.0,False,,False,True
8241.072,NOR,1,82.4,60.0,3.0,,,24.035,33.315,25.05,8182.727,8216.042,8241.092,262.0,267.0,296.0,333.0,False,HARD,25.0,True,McLaren,8158.672,2026-06-14 14:25:45.437,1,4.0,False,,False,True
8324.214,NOR,1,83.142,61.0,3.0,,,24.207,33.648,25.287,8265.299,8298.947,8324.234,270.0,267.0,296.0,332.0,False,HARD,26.0,True,McLaren,8241.072,2026-06-14 14:27:07.837,1,4.0,False,,False,True
8406.938,NOR,1,82.724,62.0,3.0,,,24.048,33.546,25.13,8348.282,8381.828,8406.958,269.0,275.0,296.0,334.0,False,HARD,27.0,True,McLaren,8324.214,2026-06-14 14:28:30.979,126,3.0,False,,False,False
8516.411,NOR,1,109.473,63.0,3.0,,,32.145,44.414,32.914,8439.103,8483.517,8516.431,159.0,169.0,177.0,175.0,False,HARD,28.0,True,McLaren,8406.938,2026-06-14 14:29:53.703,6,3.0,False,,False,False
8624.752,NOR,1,108.341,64.0,3.0,,,30.638,44.146,33.557,8547.069,8591.215,8624.772,172.0,213.0,199.0,267.0,False,HARD,29.0,True,McLaren,8516.411,2026-06-14 14:31:43.176,6,3.0,False,,False,False
8710.762,NOR,1,86.01,65.0,3.0,,,27.45,33.429,25.131,8652.222,8685.651,8710.782,256.0,250.0,293.0,259.0,False,HARD,30.0,True,McLaren,8624.752,2026-06-14 14:33:31.517,671,3.0,False,,False,False
8793.163,NOR,1,82.401,66.0,3.0,,,23.985,33.349,25.067,8734.767,8768.116,8793.183,267.0,260.0,295.0,330.0,False,HARD,31.0,True,McLaren,8710.762,2026-06-14 14:34:57.527,1,3.0,False,,False,True
3313.438,GAS,10,92.099,1.0,1.0,,,,35.429,25.735,,3287.948,3313.591,216.0,245.0,295.0,297.0,False,MEDIUM,1.0,True,Alpine,3221.09,2026-06-14 13:03:27.855,1,12.0,False,,False,False
3397.741,GAS,10,84.303,2.0,1.0,,,24.204,34.532,25.567,3337.676,3372.208,3397.775,239.0,235.0,296.0,345.0,True,MEDIUM,2.0,True,Alpine,3313.438,2026-06-14 13:05:00.203,1,12.0,False,,False,True
3481.96,GAS,10,84.219,3.0,1.0,,,24.0,34.587,25.632,3421.775,3456.362,3481.994,240.0,236.0,295.0,351.0,True,MEDIUM,3.0,True,Alpine,3397.741,2026-06-14 13:06:24.506,1,12.0,False,,False,True
3566.487,GAS,10,84.527,4.0,1.0,,,24.239,34.535,25.753,3506.233,3540.768,3566.521,240.0,242.0,290.0,351.0,False,MEDIUM,4.0,True,Alpine,3481.96,2026-06-14 13:07:48.725,1,12.0,False,,False,True
3651.584,GAS,10,85.097,5.0,1.0,,,24.441,34.833,25.823,3590.962,3625.795,3651.618,232.0,243.0,291.0,348.0,False,MEDIUM,5.0,True,Alpine,3566.487,2026-06-14 13:09:13.252,1,12.0,False,,False,True
3737.392,GAS,10,85.808,6.0,1.0,,,24.558,35.254,25.996,3676.176,3711.43,3737.426,225.0,255.0,288.0,351.0,False,MEDIUM,6.0,True,Alpine,3651.584,2026-06-14 13:10:38.349,1,13.0,False,,False,True
3822.778,GAS,10,85.386,7.0,1.0,,,24.429,34.792,26.165,3761.855,3796.647,3822.812,243.0,247.0,289.0,350.0,False,MEDIUM,7.0,True,Alpine,3737.392,2026-06-14 13:12:04.157,1,13.0,False,,False,True
3908.498,GAS,10,85.72,8.0,1.0,,,24.435,35.203,26.082,3847.247,3882.45,3908.532,230.0,250.0,290.0,350.0,False,MEDIUM,8.0,True,Alpine,3822.778,2026-06-14 13:13:29.543,1,13.0,False,,False,True
3994.552,GAS,10,86.054,9.0,1.0,,,24.409,35.397,26.248,3932.941,3968.338,3994.586,234.0,246.0,290.0,350.0,False,MEDIUM,9.0,True,Alpine,3908.498,2026-06-14 13:14:55.263,1,13.0,False,,False,True
4080.607,GAS,10,86.055,10.0,1.0,,,24.495,35.281,26.279,4019.081,4054.362,4080.641,236.0,251.0,288.0,351.0,False,MEDIUM,10.0,True,Alpine,3994.552,2026-06-14 13:16:21.317,1,13.0,True,TRACK LIMITS AT TURN 13 LAP 10 ,False,True
4166.561,GAS,10,85.954,11.0,1.0,,,24.64,35.135,26.179,4105.281,4140.416,4166.595,245.0,254.0,291.0,351.0,False,MEDIUM,11.0,True,Alpine,4080.607,2026-06-14 13:17:47.372,1,13.0,False,,False,True
4252.367,GAS,10,85.806,12.0,1.0,,,24.436,35.155,26.215,4191.031,4226.186,4252.401,239.0,251.0,288.0,350.0,False,MEDIUM,12.0,True,Alpine,4166.561,2026-06-14 13:19:13.326,1,11.0,False,,False,True
4338.165,GAS,10,85.798,13.0,1.0,,,24.767,34.894,26.137,4277.168,4312.062,4338.199,244.0,259.0,289.0,347.0,False,MEDIUM,13.0,True,Alpine,4252.367,2026-06-14 13:20:39.132,1,11.0,False,,False,True
4427.91,GAS,10,89.745,14.0,1.0,,4425.183,24.685,35.057,30.003,4362.884,4397.941,4427.944,244.0,255.0,,336.0,False,MEDIUM,14.0,True,Alpine,4338.165,2026-06-14 13:22:04.930,1,10.0,False,,False,False
4530.709,GAS,10,102.799,15.0,2.0,4447.943,,44.085,33.504,25.21,4472.029,4505.533,4530.743,247.0,262.0,292.0,253.0,False,HARD,1.0,True,Alpine,4427.91,2026-06-14 13:23:34.675,1,15.0,False,,False,False
4613.732,GAS,10,83.023,16.0,2.0,,,23.989,33.724,25.31,4554.732,4588.456,4613.766,248.0,256.0,291.0,334.0,True,HARD,2.0,True,Alpine,4530.709,2026-06-14 13:25:17.474,1,14.0,False,,False,True
4696.969,GAS,10,83.237,17.0,2.0,,,24.022,33.972,25.243,4637.788,4671.76,4697.003,261.0,263.0,292.0,335.0,False,HARD,3.0,True,Alpine,4613.732,2026-06-14 13:26:40.497,1,14.0,False,,False,True
4780.481,GAS,10,83.512,18.0,2.0,,,24.019,34.008,25.485,4721.022,4755.03,4780.515,258.0,260.0,293.0,337.0,False,HARD,4.0,True,Alpine,4696.969,2026-06-14 13:28:03.734,1,13.0,False,,False,True
4864.1,GAS,10,83.619,19.0,2.0,,,24.062,34.044,25.513,4804.577,4838.621,4864.134,254.0,257.0,292.0,339.0,False,HARD,5.0,True,Alpine,4780.481,2026-06-14 13:29:27.246,1,12.0,False,,False,True
4947.926,GAS,10,83.826,20.0,2.0,,,24.125,34.208,25.493,4888.259,4922.467,4947.96,255.0,252.0,291.0,335.0,False,HARD,6.0,True,Alpine,4864.1,2026-06-14 13:30:50.865,1,12.0,False,,False,True
5031.715,GAS,10,83.789,21.0,2.0,,,24.229,33.83,25.73,4972.189,5006.019,5031.749,260.0,252.0,292.0,336.0,False,HARD,7.0,True,Alpine,4947.926,2026-06-14 13:32:14.691,1,12.0,False,,False,True
5115.703,GAS,10,83.988,22.0,2.0,,,24.163,34.142,25.683,5055.912,5090.054,5115.737,265.0,256.0,293.0,337.0,False,HARD,8.0,True,Alpine,5031.715,2026-06-14 13:33:38.480,1,12.0,False,,False,True
5199.799,GAS,10,84.096,23.0,2.0,,,24.112,34.262,25.722,5139.849,5174.111,5199.833,260.0,255.0,293.0,338.0,False,HARD,9.0,True,Alpine,5115.703,2026-06-14 13:35:02.468,1,11.0,False,,False,True
5284.926,GAS,10,85.127,24.0,2.0,,,24.287,34.895,25.945,5224.12,5259.015,5284.96,244.0,246.0,292.0,348.0,False,HARD,10.0,True,Alpine,5199.799,2026-06-14 13:36:26.564,1,11.0,False,,False,True
5369.532,GAS,10,84.606,25.0,2.0,,,24.214,34.5,25.892,5309.174,5343.674,5369.566,246.0,252.0,291.0,349.0,False,HARD,11.0,True,Alpine,5284.926,2026-06-14 13:37:51.691,1,11.0,False,,False,True
5454.184,GAS,10,84.652,26.0,2.0,,,24.195,34.594,25.863,5393.761,5428.355,5454.218,255.0,254.0,290.0,348.0,False,HARD,12.0,True,Alpine,5369.532,2026-06-14 13:39:16.297,1,11.0,False,,False,True
5539.309,GAS,10,85.125,27.0,2.0,,,24.485,34.809,25.831,5478.703,5513.512,5539.343,249.0,254.0,287.0,349.0,False,HARD,13.0,True,Alpine,5454.184,2026-06-14 13:40:40.949,1,11.0,False,,False,True
5624.452,GAS,10,85.143,28.0,2.0,,,24.46,34.532,26.151,5563.803,5598.335,5624.486,257.0,252.0,289.0,335.0,False,HARD,14.0,True,Alpine,5539.309,2026-06-14 13:42:06.074,1,11.0,False,,False,True
5709.227,GAS,10,84.775,29.0,2.0,,,24.391,34.498,25.886,5648.877,5683.375,5709.261,256.0,271.0,291.0,336.0,False,HARD,15.0,True,Alpine,5624.452,2026-06-14 13:43:31.217,1,10.0,False,,False,True
5793.814,GAS,10,84.587,30.0,2.0,,,24.403,34.391,25.793,5733.664,5768.055,5793.848,252.0,262.0,290.0,334.0,False,HARD,16.0,True,Alpine,5709.227,2026-06-14 13:44:55.992,1,10.0,False,,False,True
5878.548,GAS,10,84.734,31.0,2.0,,,24.52,34.347,25.867,5818.368,5852.715,5878.582,254.0,259.0,292.0,334.0,False,HARD,17.0,True,Alpine,5793.814,2026-06-14 13:46:20.579,1,10.0,False,,False,True
5963.425,GAS,10,84.877,32.0,2.0,,,24.408,34.546,25.923,5902.99,5937.536,5963.459,260.0,262.0,291.0,335.0,False,HARD,18.0,True,Alpine,5878.548,2026-06-14 13:47:45.313,1,10.0,False,,False,True
6048.784,GAS,10,85.359,33.0,2.0,,,24.523,34.922,25.914,5987.982,6022.904,6048.818,243.0,256.0,290.0,347.0,False,HARD,19.0,True,Alpine,5963.425,2026-06-14 13:49:10.190,1,10.0,False,,False,True
6133.897,GAS,10,85.113,34.0,2.0,,,24.45,34.685,25.978,6073.268,6107.953,6133.931,256.0,262.0,291.0,348.0,False,HARD,20.0,True,Alpine,6048.784,2026-06-14 13:50:35.549,1,10.0,False,,False,True
6218.965,GAS,10,85.068,35.0,2.0,,,24.431,34.758,25.879,6158.362,6193.12,6218.999,249.0,264.0,290.0,348.0,False,HARD,21.0,True,Alpine,6133.897,2026-06-14 13:52:00.662,1,9.0,False,,False,True
6303.282,GAS,10,84.317,36.0,2.0,,,24.24,34.283,25.794,6243.239,6277.522,6303.316,259.0,264.0,289.0,345.0,False,HARD,22.0,True,Alpine,6218.965,2026-06-14 13:53:25.730,1,9.0,False,,False,True
6388.387,GAS,10,85.105,37.0,2.0,,,24.561,34.412,26.132,6327.877,6362.289,6388.421,253.0,252.0,289.0,332.0,False,HARD,23.0,True,Alpine,6303.282,2026-06-14 13:54:50.047,1,9.0,False,,False,True
6475.12,GAS,10,86.733,38.0,2.0,,,24.778,34.876,27.079,6413.199,6448.075,6475.154,260.0,261.0,291.0,332.0,False,HARD,24.0,True,Alpine,6388.387,2026-06-14 13:56:15.152,1,9.0,False,,False,True
6563.794,GAS,10,88.674,39.0,2.0,,,24.607,34.862,29.205,6499.761,6534.623,6563.828,247.0,260.0,115.0,348.0,False,HARD,25.0,True,Alpine,6475.12,2026-06-14 13:57:41.885,126,9.0,False,,False,False
6672.314,GAS,10,108.52,40.0,2.0,,6669.651,30.471,44.025,34.024,6594.299,6638.324,6672.348,221.0,233.0,,299.0,False,HARD,26.0,True,Alpine,6563.794,2026-06-14 13:59:10.559,6,9.0,False,,False,False
6775.714,GAS,10,103.4,41.0,3.0,6692.943,,45.587,32.929,24.884,6717.935,6750.864,6775.748,250.0,264.0,295.0,248.0,False,HARD,1.0,True,Alpine,6672.314,2026-06-14 14:00:59.079,671,9.0,False,,False,False
6857.422,GAS,10,81.708,42.0,3.0,,,23.728,33.155,24.825,6799.476,6832.631,6857.456,265.0,262.0,295.0,336.0,False,HARD,2.0,True,Alpine,6775.714,2026-06-14 14:02:42.479,1,9.0,True,TRACK LIMITS AT TURN 13 LAP 42 ,False,True
6939.382,GAS,10,81.96,43.0,3.0,,,23.865,33.267,24.828,6881.321,6914.588,6939.416,259.0,259.0,295.0,334.0,True,HARD,3.0,True,Alpine,6857.422,2026-06-14 14:04:04.187,1,9.0,False,,False,True
7021.396,GAS,10,82.014,44.0,3.0,,,23.74,33.245,25.029,6963.156,6996.401,7021.43,269.0,261.0,294.0,336.0,False,HARD,4.0,True,Alpine,6939.382,2026-06-14 14:05:26.147,1,9.0,False,,False,True
7104.087,GAS,10,82.691,45.0,3.0,,,23.891,33.277,25.523,7045.321,7078.598,7104.121,268.0,261.0,291.0,337.0,False,HARD,5.0,True,Alpine,7021.396,2026-06-14 14:06:48.161,1,9.0,False,,False,True
7186.649,GAS,10,82.562,46.0,3.0,,,23.926,33.455,25.181,7128.047,7161.502,7186.683,267.0,266.0,294.0,333.0,False,HARD,6.0,True,Alpine,7104.087,2026-06-14 14:08:10.852,1,9.0,False,,False,True
7269.765,GAS,10,83.116,47.0,3.0,,,24.04,33.739,25.337,7210.723,7244.462,7269.799,264.0,262.0,291.0,332.0,False,HARD,7.0,True,Alpine,7186.649,2026-06-14 14:09:33.414,1,9.0,False,,False,True
7352.555,GAS,10,82.79,48.0,3.0,,,24.073,33.449,25.268,7293.872,7327.321,7352.589,265.0,264.0,292.0,332.0,False,HARD,8.0,True,Alpine,7269.765,2026-06-14 14:10:56.530,1,9.0,False,,False,True
7435.547,GAS,10,82.992,49.0,3.0,,,23.957,33.738,25.297,7376.546,7410.284,7435.581,266.0,251.0,293.0,332.0,False,HARD,9.0,True,Alpine,7352.555,2026-06-14 14:12:19.320,1,9.0,False,,False,True
7518.659,GAS,10,83.112,50.0,3.0,,,24.249,33.561,25.302,7459.83,7493.391,7518.693,256.0,261.0,293.0,332.0,False,HARD,10.0,True,Alpine,7435.547,2026-06-14 14:13:42.312,1,9.0,False,,False,True
7601.851,GAS,10,83.192,51.0,3.0,,,24.157,33.735,25.3,7542.85,7576.585,7601.885,265.0,254.0,294.0,332.0,False,HARD,11.0,True,Alpine,7518.659,2026-06-14 14:15:05.424,1,9.0,False,,False,True
7686.399,GAS,10,84.548,52.0,3.0,,,24.157,35.063,25.328,,7661.105,7686.433,253.0,256.0,293.0,332.0,False,HARD,12.0,True,Alpine,7601.851,2026-06-14 14:16:28.616,1,9.0,False,,False,True
7771.396,GAS,10,84.997,53.0,3.0,,,24.194,35.025,25.778,7710.627,7745.652,7771.43,262.0,220.0,294.0,334.0,False,HARD,13.0,True,Alpine,7686.399,2026-06-14 14:17:53.164,1,9.0,False,,False,True
7854.822,GAS,10,83.426,54.0,3.0,,,24.071,34.043,25.312,7795.501,7829.544,7854.856,256.0,263.0,293.0,348.0,False,HARD,14.0,True,Alpine,7771.396,2026-06-14 14:19:18.161,1,9.0,False,,False,True
7938.196,GAS,10,83.374,55.0,3.0,,,24.205,33.872,25.297,7879.061,7912.933,7938.23,264.0,264.0,294.0,335.0,False,HARD,15.0,True,Alpine,7854.822,2026-06-14 14:20:41.587,1,9.0,False,,False,True
8021.223,GAS,10,83.027,56.0,3.0,,,24.048,33.65,25.329,7962.278,7995.928,8021.257,260.0,271.0,292.0,335.0,False,HARD,16.0,True,Alpine,7938.196,2026-06-14 14:22:04.961,1,9.0,False,,False,True
8104.229,GAS,10,83.006,57.0,3.0,,,24.111,33.559,25.336,8045.368,8078.927,8104.263,262.0,271.0,295.0,334.0,False,HARD,17.0,True,Alpine,8021.223,2026-06-14 14:23:27.988,1,9.0,False,,False,True
8187.362,GAS,10,83.133,58.0,3.0,,,24.031,33.615,25.487,8128.294,8161.909,8187.396,265.0,260.0,293.0,334.0,False,HARD,18.0,True,Alpine,8104.229,2026-06-14 14:24:50.994,1,9.0,False,,False,True
8270.544,GAS,10,83.182,59.0,3.0,,,24.184,33.552,25.446,8211.58,8245.132,8270.578,264.0,264.0,292.0,334.0,False,HARD,19.0,True,Alpine,8187.362,2026-06-14 14:26:14.127,1,9.0,False,,False,True
8353.836,GAS,10,83.292,60.0,3.0,,,24.168,33.68,25.444,8294.746,8328.426,8353.87,260.0,259.0,293.0,334.0,False,HARD,20.0,True,Alpine,8270.544,2026-06-14 14:27:37.309,1,9.0,False,,False,True
8448.091,GAS,10,94.255,61.0,3.0,,,24.439,37.753,32.063,8378.309,8416.062,8448.125,256.0,236.0,228.0,334.0,False,HARD,21.0,True,Alpine,8353.836,2026-06-14 14:29:00.601,126,9.0,False,,False,False
8555.541,GAS,10,107.45,62.0,3.0,,,32.218,45.187,30.045,8480.343,8525.53,8555.575,217.0,225.0,228.0,233.0,False,HARD,22.0,True,Alpine,8448.091,2026-06-14 14:30:34.856,6,8.0,False,,False,False
8658.326,GAS,10,102.785,63.0,3.0,,,31.805,43.409,27.571,8587.38,8630.789,8658.36,226.0,232.0,294.0,240.0,False,HARD,23.0,True,Alpine,8555.541,2026-06-14 14:32:22.306,671,7.0,False,,False,False
8741.611,GAS,10,83.285,64.0,3.0,,,24.219,33.696,25.37,8682.579,8716.275,8741.645,259.0,259.0,291.0,331.0,False,HARD,24.0,True,Alpine,8658.326,2026-06-14 14:34:05.091,1,7.0,False,,False,True
8825.233,GAS,10,83.622,65.0,3.0,,,24.302,33.939,25.381,8765.947,8799.886,8825.267,255.0,253.0,293.0,332.0,False,HARD,25.0,True,Alpine,8741.611,2026-06-14 14:35:28.376,1,7.0,False,,False,True
3316.234,PER,11,94.895,1.0,1.0,,,,36.014,26.63,,3289.698,3316.335,222.0,226.0,292.0,314.0,False,SOFT,1.0,True,Cadillac,3221.09,2026-06-14 13:03:27.855,1,19.0,False,,False,False
3401.783,PER,11,85.549,2.0,1.0,,,24.677,34.998,25.874,3340.951,3375.949,3401.823,223.0,233.0,290.0,350.0,True,SOFT,2.0,True,Cadillac,3316.234,2026-06-14 13:05:02.999,1,19.0,False,,False,True
3487.161,PER,11,85.378,3.0,1.0,,,24.482,34.882,26.014,3426.305,3461.187,3487.201,230.0,240.0,287.0,346.0,True,SOFT,3.0,True,Cadillac,3401.783,2026-06-14 13:06:28.548,1,19.0,False,,False,True
3572.862,PER,11,85.701,4.0,1.0,,,24.472,34.898,26.331,3511.673,3546.571,3572.902,233.0,245.0,285.0,346.0,False,SOFT,4.0,True,Cadillac,3487.161,2026-06-14 13:07:53.926,1,19.0,False,,False,True
3658.63,PER,11,85.768,5.0,1.0,,,24.677,34.805,26.286,3597.579,3632.384,3658.67,230.0,244.0,287.0,346.0,False,SOFT,5.0,True,Cadillac,3572.862,2026-06-14 13:09:19.627,1,19.0,False,,False,True
3744.646,PER,11,86.016,6.0,1.0,,,24.732,34.942,26.342,3683.402,3718.344,3744.686,237.0,247.0,285.0,345.0,False,SOFT,6.0,True,Cadillac,3658.63,2026-06-14 13:10:45.395,1,19.0,False,,False,True
3830.736,PER,11,86.09,7.0,1.0,,,24.905,34.724,26.461,3769.591,3804.315,3830.776,240.0,246.0,284.0,330.0,False,SOFT,7.0,True,Cadillac,3744.646,2026-06-14 13:12:11.411,1,19.0,False,,False,True
3917.218,PER,11,86.482,8.0,1.0,,,25.05,35.1,26.332,3855.826,3890.926,3917.258,241.0,256.0,284.0,329.0,False,SOFT,8.0,True,Cadillac,3830.736,2026-06-14 13:13:37.501,1,19.0,False,,False,True
4004.12,PER,11,86.902,9.0,1.0,,,25.091,35.283,26.528,3942.349,3977.632,4004.16,244.0,246.0,286.0,327.0,False,SOFT,9.0,True,Cadillac,3917.218,2026-06-14 13:15:03.983,1,19.0,False,,False,True
4090.848,PER,11,86.728,10.0,1.0,,,25.157,35.101,26.47,4029.317,4064.418,4090.888,240.0,258.0,284.0,326.0,False,SOFT,10.0,True,Cadillac,4004.12,2026-06-14 13:16:30.885,1,19.0,False,,False,True
4177.838,PER,11,86.99,11.0,1.0,,,25.109,35.201,26.68,4115.997,4151.198,4177.878,236.0,253.0,283.0,327.0,False,SOFT,11.0,True,Cadillac,4090.848,2026-06-14 13:17:57.613,1,19.0,False,,False,True
4269.186,PER,11,91.348,12.0,1.0,,4266.4,25.22,35.223,30.905,4203.098,4238.321,4269.226,244.0,240.0,,326.0,False,SOFT,12.0,True,Cadillac,4177.838,2026-06-14 13:19:24.603,1,19.0,False,,False,False
4375.655,PER,11,106.469,13.0,2.0,4291.254,,46.593,34.216,25.66,4315.819,4350.035,4375.695,237.0,247.0,290.0,265.0,False,HARD,1.0,True,Cadillac,4269.186,2026-06-14 13:20:55.951,1,21.0,False,,False,False
4460.331,PER,11,84.676,14.0,2.0,,,24.739,34.327,25.61,4400.434,4434.761,4460.371,242.0,252.0,289.0,319.0,True,HARD,2.0,True,Cadillac,4375.655,2026-06-14 13:22:42.420,1,21.0,False,,False,True
4544.551,PER,11,84.22,15.0,2.0,,,24.532,34.1,25.588,4484.903,4519.003,4544.591,250.0,264.0,289.0,325.0,True,HARD,3.0,True,Cadillac,4460.331,2026-06-14 13:24:07.096,1,20.0,False,,False,True
4629.973,PER,11,85.422,16.0,2.0,,,24.711,34.751,25.96,4569.302,4604.053,4630.013,223.0,251.0,289.0,327.0,False,HARD,4.0,True,Cadillac,4544.551,2026-06-14 13:25:31.316,1,20.0,False,,False,True
4715.092,PER,11,85.119,17.0,2.0,,,24.673,34.467,25.979,4654.686,4689.153,4715.132,244.0,263.0,286.0,327.0,False,HARD,5.0,True,Cadillac,4629.973,2026-06-14 13:26:56.738,1,20.0,False,,False,True
4800.11,PER,11,85.018,18.0,2.0,,,24.574,34.517,25.927,4739.706,4774.223,4800.15,247.0,258.0,289.0,327.0,False,HARD,6.0,True,Cadillac,4715.092,2026-06-14 13:28:21.857,1,20.0,False,,False,True
4886.359,PER,11,86.249,19.0,2.0,,,24.813,34.814,26.622,4824.963,4859.777,4886.399,246.0,251.0,285.0,327.0,False,HARD,7.0,True,Cadillac,4800.11,2026-06-14 13:29:46.875,1,19.0,False,,False,True
4972.695,PER,11,86.336,20.0,2.0,,,24.716,34.863,26.757,4911.115,4945.978,4972.735,248.0,250.0,287.0,341.0,False,HARD,8.0,True,Cadillac,4886.359,2026-06-14 13:31:13.124,1,19.0,False,,False,True
5058.206,PER,11,85.511,21.0,2.0,,,24.609,34.682,26.22,4997.344,5032.026,5058.246,245.0,256.0,287.0,344.0,False,HARD,9.0,True,Cadillac,4972.695,2026-06-14 13:32:39.460,1,19.0,False,,False,True
5145.209,PER,11,87.003,22.0,2.0,,,24.833,35.317,26.853,5083.079,5118.396,5145.249,241.0,206.0,286.0,325.0,False,HARD,10.0,True,Cadillac,5058.206,2026-06-14 13:34:04.971,1,19.0,False,,False,True
5233.082,PER,11,87.873,23.0,2.0,,,25.656,35.455,26.762,5170.905,5206.36,5233.122,237.0,193.0,285.0,298.0,False,HARD,11.0,True,Cadillac,5145.209,2026-06-14 13:35:31.974,1,19.0,False,,False,True
5319.714,PER,11,86.632,24.0,2.0,,,25.382,34.915,26.335,5258.504,5293.419,5319.754,246.0,246.0,287.0,309.0,False,HARD,12.0,True,Cadillac,5233.082,2026-06-14 13:36:59.847,1,19.0,False,,False,True
5405.953,PER,11,86.239,25.0,2.0,,,25.029,34.846,26.364,5344.783,5379.629,5405.993,245.0,256.0,288.0,324.0,False,HARD,13.0,True,Cadillac,5319.714,2026-06-14 13:38:26.479,1,19.0,False,,False,True
5494.561,PER,11,88.608,26.0,2.0,,,26.074,36.015,26.519,5432.067,5468.082,5494.601,247.0,251.0,284.0,270.0,False,HARD,14.0,True,Cadillac,5405.953,2026-06-14 13:39:52.718,1,19.0,False,,False,True
5581.545,PER,11,86.984,27.0,2.0,,,25.217,35.241,26.526,5519.818,5555.059,5581.585,249.0,252.0,285.0,326.0,False,HARD,15.0,True,Cadillac,5494.561,2026-06-14 13:41:21.326,1,19.0,False,,False,True
5668.908,PER,11,87.363,28.0,2.0,,,25.759,35.131,26.473,5607.344,5642.475,5668.948,238.0,258.0,287.0,299.0,False,HARD,16.0,True,Cadillac,5581.545,2026-06-14 13:42:48.310,1,19.0,False,,False,True
5755.364,PER,11,86.456,29.0,2.0,,,25.09,34.983,26.383,5694.038,5729.021,5755.404,245.0,256.0,286.0,323.0,False,HARD,17.0,True,Cadillac,5668.908,2026-06-14 13:44:15.673,1,19.0,False,,False,True
5842.063,PER,11,86.699,30.0,2.0,,,25.009,35.003,26.687,5780.413,5815.416,5842.103,250.0,246.0,286.0,323.0,False,HARD,18.0,True,Cadillac,5755.364,2026-06-14 13:45:42.129,1,17.0,False,,False,True
5933.871,PER,11,91.808,31.0,2.0,,5931.188,25.242,35.97,30.596,5867.345,5903.315,5933.911,241.0,257.0,,322.0,False,HARD,19.0,True,Cadillac,5842.063,2026-06-14 13:47:08.828,1,17.0,False,,False,False
6039.108,PER,11,105.237,32.0,3.0,5955.617,,46.166,33.736,25.335,5980.077,6013.813,6039.148,240.0,254.0,290.0,267.0,False,HARD,1.0,True,Cadillac,5933.871,2026-06-14 13:48:40.636,1,19.0,False,,False,False
6122.707,PER,11,83.599,33.0,3.0,,,24.487,33.699,25.413,6063.635,6097.334,6122.747,249.0,259.0,291.0,316.0,True,HARD,2.0,True,Cadillac,6039.108,2026-06-14 13:50:25.873,1,19.0,False,,False,True
6207.995,PER,11,85.288,34.0,3.0,,,24.519,34.541,26.228,6147.266,6181.807,6208.035,254.0,213.0,290.0,317.0,False,HARD,3.0,True,Cadillac,6122.707,2026-06-14 13:51:49.472,1,19.0,False,,False,True
6292.301,PER,11,84.306,35.0,3.0,,,24.323,34.442,25.541,6232.358,6266.8,6292.341,252.0,260.0,293.0,341.0,False,HARD,4.0,True,Cadillac,6207.995,2026-06-14 13:53:14.760,1,18.0,False,,False,True
6377.184,PER,11,84.883,36.0,3.0,,,24.603,34.28,26.0,6316.944,6351.224,6377.224,250.0,268.0,290.0,325.0,False,HARD,5.0,True,Cadillac,6292.301,2026-06-14 13:54:39.066,1,18.0,False,,False,True
6463.012,PER,11,85.828,37.0,3.0,,,24.55,35.061,26.217,6401.774,6436.835,6463.052,236.0,247.0,292.0,333.0,False,HARD,6.0,True,Cadillac,6377.184,2026-06-14 13:56:03.949,1,18.0,False,,False,True
6547.729,PER,11,84.717,38.0,3.0,,,24.486,34.293,25.938,6487.538,6521.831,6547.769,251.0,252.0,289.0,339.0,False,HARD,7.0,True,Cadillac,6463.012,2026-06-14 13:57:29.777,12,17.0,False,,False,True
6660.352,PER,11,112.623,39.0,3.0,,6657.645,31.05,45.569,36.004,6578.819,6624.388,6660.392,179.0,189.0,,321.0,False,HARD,8.0,True,Cadillac,6547.729,2026-06-14 13:58:54.494,26,17.0,False,,False,False
6766.636,PER,11,106.284,40.0,4.0,6681.493,,47.888,33.437,24.959,6708.28,6741.717,6766.676,237.0,254.0,293.0,253.0,False,MEDIUM,1.0,True,Cadillac,6660.352,2026-06-14 14:00:47.117,671,17.0,False,,False,False
6850.517,PER,11,83.881,41.0,4.0,,,25.169,33.474,25.238,6791.845,6825.319,6850.557,235.0,255.0,292.0,277.0,False,MEDIUM,2.0,True,Cadillac,6766.636,2026-06-14 14:02:33.401,1,17.0,False,,False,True
6936.892,PER,11,86.375,42.0,4.0,,,25.616,35.738,25.021,6876.173,6911.911,6936.932,191.0,252.0,295.0,284.0,False,MEDIUM,3.0,True,Cadillac,6850.517,2026-06-14 14:03:57.282,1,17.0,False,,False,True
7019.712,PER,11,82.82,43.0,4.0,,,24.125,33.531,25.164,6961.057,6994.588,7019.752,252.0,257.0,293.0,325.0,True,MEDIUM,4.0,True,Cadillac,6936.892,2026-06-14 14:05:23.657,1,17.0,False,,False,True
7105.058,PER,11,85.346,44.0,4.0,,,24.231,33.598,27.517,7043.983,7077.581,7105.098,250.0,252.0,294.0,323.0,False,MEDIUM,5.0,True,Cadillac,7019.712,2026-06-14 14:06:46.477,1,17.0,False,,False,True
7188.5,PER,11,83.442,45.0,4.0,,,24.108,33.998,25.336,7129.206,7163.204,7188.54,249.0,255.0,292.0,341.0,False,MEDIUM,6.0,True,Cadillac,7105.058,2026-06-14 14:08:11.823,1,17.0,False,,False,True
7272.299,PER,11,83.799,46.0,4.0,,,24.472,33.973,25.354,7213.012,7246.985,7272.339,246.0,265.0,293.0,324.0,False,MEDIUM,7.0,True,Cadillac,7188.5,2026-06-14 14:09:35.265,1,17.0,False,,False,True
7356.095,PER,11,83.796,47.0,4.0,,,24.312,33.936,25.548,7296.651,7330.587,7356.135,256.0,263.0,293.0,324.0,False,MEDIUM,8.0,True,Cadillac,7272.299,2026-06-14 14:10:59.064,1,17.0,False,,False,True
7441.835,PER,11,85.74,48.0,4.0,,,24.531,34.989,26.22,7380.666,7415.655,7441.875,248.0,212.0,288.0,322.0,False,MEDIUM,9.0,True,Cadillac,7356.095,2026-06-14 14:12:22.860,1,17.0,False,,False,True
7529.076,PER,11,87.241,49.0,4.0,,,25.476,35.489,26.276,7467.351,7502.84,7529.116,243.0,208.0,291.0,298.0,False,MEDIUM,10.0,True,Cadillac,7441.835,2026-06-14 14:13:48.600,1,17.0,False,,False,True
7617.159,PER,11,88.083,50.0,4.0,,,24.492,37.302,26.289,7553.608,7590.91,7617.199,246.0,247.0,289.0,341.0,False,MEDIUM,11.0,True,Cadillac,7529.076,2026-06-14 14:15:15.841,1,17.0,False,,False,True
7702.065,PER,11,84.906,51.0,4.0,,,24.742,34.376,25.788,7641.941,7676.317,7702.105,251.0,260.0,291.0,328.0,False,MEDIUM,12.0,True,Cadillac,7617.159,2026-06-14 14:16:43.924,1,17.0,False,,False,True
7786.773,PER,11,84.708,52.0,4.0,,,24.634,34.372,25.702,7726.739,7761.111,7786.813,249.0,265.0,291.0,323.0,False,MEDIUM,13.0,True,Cadillac,7702.065,2026-06-14 14:18:08.830,1,17.0,False,,False,True
7871.668,PER,11,84.895,53.0,4.0,,,24.721,34.332,25.842,7811.534,7845.866,7871.708,255.0,260.0,292.0,325.0,False,MEDIUM,14.0,True,Cadillac,7786.773,2026-06-14 14:19:33.538,1,17.0,False,,False,True
7956.751,PER,11,85.083,54.0,4.0,,,24.713,34.273,26.097,7896.421,7930.694,7956.791,255.0,256.0,288.0,323.0,False,MEDIUM,15.0,True,Cadillac,7871.668,2026-06-14 14:20:58.433,1,17.0,False,,False,True
8043.855,PER,11,87.104,55.0,4.0,,,26.304,34.69,26.11,7983.095,8017.785,8043.895,245.0,256.0,291.0,260.0,False,MEDIUM,16.0,True,Cadillac,7956.751,2026-06-14 14:22:23.516,1,17.0,False,,False,True
8129.252,PER,11,85.397,56.0,4.0,,,24.818,34.53,26.049,8068.713,8103.243,8129.292,248.0,260.0,290.0,323.0,False,MEDIUM,17.0,True,Cadillac,8043.855,2026-06-14 14:23:50.620,1,17.0,False,,False,True
8214.747,PER,11,85.495,57.0,4.0,,,24.84,34.482,26.173,8154.132,8188.614,8214.787,251.0,259.0,287.0,323.0,False,MEDIUM,18.0,True,Cadillac,8129.252,2026-06-14 14:25:16.017,1,17.0,False,,False,True
8300.689,PER,11,85.942,58.0,4.0,,,25.033,34.729,26.18,8239.82,8274.549,8300.729,235.0,255.0,286.0,324.0,False,MEDIUM,19.0,True,Cadillac,8214.747,2026-06-14 14:26:41.512,1,17.0,False,,False,True
8387.533,PER,11,86.844,59.0,4.0,,,25.162,35.494,26.188,8325.891,8361.385,8387.573,242.0,246.0,291.0,321.0,False,MEDIUM,20.0,True,Cadillac,8300.689,2026-06-14 14:28:07.454,12,17.0,False,,False,True
8494.492,PER,11,106.959,60.0,4.0,,,28.491,50.513,27.955,8416.064,8466.577,8494.532,125.0,196.0,261.0,325.0,False,MEDIUM,21.0,True,Cadillac,8387.533,2026-06-14 14:29:34.298,26,17.0,False,,False,False
8602.75,PER,11,108.258,61.0,4.0,,,29.858,45.596,32.804,8524.39,8569.986,8602.79,198.0,224.0,236.0,242.0,False,MEDIUM,22.0,True,Cadillac,8494.492,2026-06-14 14:31:21.257,6,16.0,False,,False,False
8692.435,PER,11,89.685,62.0,4.0,,,29.103,34.655,25.927,8631.893,8666.548,8692.475,206.0,247.0,289.0,322.0,False,MEDIUM,23.0,True,Cadillac,8602.75,2026-06-14 14:33:09.515,671,15.0,False,,False,False
8777.213,PER,11,84.778,63.0,4.0,,,24.584,34.395,25.799,8717.059,8751.454,8777.253,255.0,265.0,289.0,329.0,False,MEDIUM,24.0,True,Cadillac,8692.435,2026-06-14 14:34:39.200,1,14.0,False,,False,True
3307.836,ANT,12,86.497,1.0,1.0,,,,33.434,24.649,,3283.386,3308.013,238.0,253.0,300.0,294.0,False,MEDIUM,1.0,True,Mercedes,3221.09,2026-06-14 13:03:27.855,1,3.0,False,,False,False
3389.878,ANT,12,82.042,2.0,1.0,,,23.835,33.536,24.671,3331.717,3365.253,3389.924,240.0,256.0,298.0,343.0,True,MEDIUM,2.0,True,Mercedes,3307.836,2026-06-14 13:04:54.601,1,3.0,False,,False,True
3471.998,ANT,12,82.12,3.0,1.0,,,24.112,33.182,24.826,3414.036,3447.218,3472.044,252.0,269.0,296.0,337.0,False,MEDIUM,3.0,True,Mercedes,3389.878,2026-06-14 13:06:16.643,1,3.0,False,,False,True
3554.269,ANT,12,82.271,4.0,1.0,,,23.943,33.385,24.943,3495.987,3529.372,3554.315,248.0,271.0,296.0,337.0,False,MEDIUM,4.0,True,Mercedes,3471.998,2026-06-14 13:07:38.763,1,3.0,False,,False,True
3636.717,ANT,12,82.448,5.0,1.0,,,23.969,33.509,24.97,3578.284,3611.793,3636.763,248.0,266.0,295.0,346.0,False,MEDIUM,5.0,True,Mercedes,3554.269,2026-06-14 13:09:01.034,1,3.0,False,,False,True
3719.709,ANT,12,82.992,6.0,1.0,,,24.113,33.613,25.266,3660.876,3694.489,3719.755,248.0,252.0,295.0,338.0,False,MEDIUM,6.0,True,Mercedes,3636.717,2026-06-14 13:10:23.482,1,3.0,False,,False,True
3802.797,ANT,12,83.088,7.0,1.0,,,24.314,33.639,25.135,3744.069,3777.708,3802.843,244.0,268.0,295.0,337.0,False,MEDIUM,7.0,True,Mercedes,3719.709,2026-06-14 13:11:46.474,1,3.0,False,,False,True
3886.554,ANT,12,83.757,8.0,1.0,,,24.364,33.983,25.41,3827.207,3861.19,3886.6,249.0,258.0,292.0,337.0,False,MEDIUM,8.0,True,Mercedes,3802.797,2026-06-14 13:13:09.562,1,3.0,False,,False,True
3970.114,ANT,12,83.56,9.0,1.0,,,24.322,33.892,25.346,3910.922,3944.814,3970.16,247.0,263.0,291.0,335.0,False,MEDIUM,9.0,True,Mercedes,3886.554,2026-06-14 13:14:33.319,1,3.0,False,,False,True
4053.996,ANT,12,83.882,10.0,1.0,,,24.411,33.875,25.596,3994.571,4028.446,4054.042,247.0,266.0,292.0,335.0,False,MEDIUM,10.0,True,Mercedes,3970.114,2026-06-14 13:15:56.879,1,3.0,True,TRACK LIMITS AT TURN 10 LAP 10 ,False,True
4137.582,ANT,12,83.586,11.0,1.0,,,24.36,33.783,25.443,4078.402,4112.185,4137.628,246.0,259.0,293.0,335.0,False,MEDIUM,11.0,True,Mercedes,4053.996,2026-06-14 13:17:20.761,1,2.0,False,,False,True
4220.949,ANT,12,83.367,12.0,1.0,,,24.151,33.816,25.4,4161.779,4195.595,4220.995,251.0,266.0,290.0,332.0,False,MEDIUM,12.0,True,Mercedes,4137.582,2026-06-14 13:18:44.347,1,2.0,False,,False,True
4304.509,ANT,12,83.56,13.0,1.0,,,24.432,33.823,25.305,4245.427,4279.25,4304.555,255.0,264.0,291.0,330.0,False,MEDIUM,13.0,True,Mercedes,4220.949,2026-06-14 13:20:07.714,1,1.0,False,,False,True
4391.543,ANT,12,87.034,14.0,1.0,,4388.917,24.267,33.754,29.013,4328.822,4362.576,4391.589,253.0,265.0,,331.0,False,MEDIUM,14.0,True,Mercedes,4304.509,2026-06-14 13:21:31.274,1,1.0,False,,False,False
4492.413,ANT,12,100.87,15.0,2.0,4410.823,,43.282,32.949,24.639,4434.871,4467.82,4492.459,264.0,261.0,294.0,250.0,False,HARD,1.0,True,Mercedes,4391.543,2026-06-14 13:22:58.308,1,4.0,False,,False,False
4574.416,ANT,12,82.003,16.0,2.0,,,23.903,33.23,24.87,4516.362,4549.592,4574.462,249.0,268.0,293.0,332.0,True,HARD,2.0,True,Mercedes,4492.413,2026-06-14 13:24:39.178,1,4.0,False,,False,True
4656.321,ANT,12,81.905,17.0,2.0,,,23.974,33.183,24.748,4598.436,4631.619,4656.367,253.0,267.0,293.0,332.0,True,HARD,3.0,True,Mercedes,4574.416,2026-06-14 13:26:01.181,1,3.0,False,,False,True
4737.953,ANT,12,81.632,18.0,2.0,,,23.847,33.093,24.692,4680.214,4713.307,4737.999,258.0,272.0,296.0,332.0,True,HARD,4.0,True,Mercedes,4656.321,2026-06-14 13:27:23.086,1,3.0,False,,False,True
4819.874,ANT,12,81.921,19.0,2.0,,,23.959,33.125,24.837,4761.958,4795.083,4819.92,255.0,269.0,295.0,333.0,False,HARD,5.0,True,Mercedes,4737.953,2026-06-14 13:28:44.718,1,3.0,False,,False,True
4901.923,ANT,12,82.049,20.0,2.0,,,23.832,33.246,24.971,4843.752,4876.998,4901.969,257.0,270.0,293.0,333.0,False,HARD,6.0,True,Mercedes,4819.874,2026-06-14 13:30:06.639,1,3.0,True,TRACK LIMITS AT TURN 10 LAP 20 ,False,True
4984.119,ANT,12,82.196,21.0,2.0,,,23.889,33.36,24.947,4925.858,4959.218,4984.165,261.0,260.0,294.0,333.0,False,HARD,7.0,True,Mercedes,4901.923,2026-06-14 13:31:28.688,1,3.0,False,,False,True
5066.28,ANT,12,82.161,22.0,2.0,,,23.831,33.356,24.974,5007.996,5041.352,5066.326,263.0,259.0,294.0,333.0,False,HARD,8.0,True,Mercedes,4984.119,2026-06-14 13:32:50.884,1,3.0,False,,False,True
5148.73,ANT,12,82.45,23.0,2.0,,,23.962,33.542,24.946,5090.288,5123.83,5148.776,257.0,260.0,294.0,334.0,False,HARD,9.0,True,Mercedes,5066.28,2026-06-14 13:34:13.045,1,3.0,False,,False,True
5231.573,ANT,12,82.843,24.0,2.0,,,23.892,33.802,25.149,5172.668,5206.47,5231.619,260.0,253.0,294.0,336.0,False,HARD,10.0,True,Mercedes,5148.73,2026-06-14 13:35:35.495,1,3.0,False,,False,True
5314.25,ANT,12,82.677,25.0,2.0,,,23.896,33.592,25.189,5255.515,5289.107,5314.296,262.0,262.0,296.0,335.0,False,HARD,11.0,True,Mercedes,5231.573,2026-06-14 13:36:58.338,1,3.0,True,TRACK LIMITS AT TURN 10 LAP 25 ,False,True
5396.864,ANT,12,82.614,26.0,2.0,,,23.874,33.643,25.097,5338.17,5371.813,5396.91,256.0,258.0,297.0,339.0,False,HARD,12.0,True,Mercedes,5314.25,2026-06-14 13:38:21.015,1,3.0,False,,False,True
5479.624,ANT,12,82.76,27.0,2.0,,,23.936,33.669,25.155,5420.846,5454.515,5479.67,262.0,257.0,295.0,338.0,False,HARD,13.0,True,Mercedes,5396.864,2026-06-14 13:39:43.629,1,2.0,False,,False,True
5561.679,ANT,12,82.055,28.0,2.0,,,23.648,33.452,24.955,5503.318,5536.77,5561.725,262.0,263.0,295.0,333.0,False,HARD,14.0,True,Mercedes,5479.624,2026-06-14 13:41:06.389,1,2.0,True,TRACK LIMITS AT TURN 10 LAP 28 ,False,True
5644.302,ANT,12,82.623,29.0,2.0,,,23.872,33.673,25.078,5585.597,5619.27,5644.348,262.0,259.0,295.0,338.0,False,HARD,15.0,True,Mercedes,5561.679,2026-06-14 13:42:28.444,1,2.0,False,,False,True
5726.804,ANT,12,82.502,30.0,2.0,,,23.802,33.614,25.086,5668.15,5701.764,5726.85,261.0,262.0,297.0,335.0,False,HARD,16.0,True,Mercedes,5644.302,2026-06-14 13:43:51.067,1,2.0,False,,False,True
5809.643,ANT,12,82.839,31.0,2.0,,,23.718,33.853,25.268,5750.568,5784.421,5809.689,259.0,251.0,296.0,342.0,False,HARD,17.0,True,Mercedes,5726.804,2026-06-14 13:45:13.569,1,2.0,False,,False,True
5892.331,ANT,12,82.688,32.0,2.0,,,23.793,33.762,25.133,5833.482,5867.244,5892.377,258.0,261.0,298.0,346.0,False,HARD,18.0,True,Mercedes,5809.643,2026-06-14 13:46:36.408,1,2.0,False,,False,True
5976.088,ANT,12,83.757,33.0,2.0,,,24.509,34.083,25.165,5916.886,5950.969,5976.134,246.0,264.0,297.0,350.0,False,HARD,19.0,True,Mercedes,5892.331,2026-06-14 13:47:59.096,1,2.0,False,,False,True
6058.805,ANT,12,82.717,34.0,2.0,,,23.996,33.668,25.053,6000.13,6033.798,6058.851,257.0,267.0,297.0,349.0,False,HARD,20.0,True,Mercedes,5976.088,2026-06-14 13:49:22.853,1,2.0,False,,False,True
6141.466,ANT,12,82.661,35.0,2.0,,,23.931,33.662,25.068,6082.782,6116.444,6141.512,253.0,261.0,298.0,349.0,False,HARD,21.0,True,Mercedes,6058.805,2026-06-14 13:50:45.570,1,2.0,False,,False,True
6224.89,ANT,12,83.424,36.0,2.0,,,24.13,34.044,25.25,6165.642,6199.686,6224.936,254.0,259.0,295.0,350.0,False,HARD,22.0,True,Mercedes,6141.466,2026-06-14 13:52:08.231,1,1.0,False,,False,True
6310.583,ANT,12,85.693,37.0,2.0,,6307.857,23.705,33.406,28.582,6248.641,6282.047,6310.629,262.0,262.0,,339.0,False,HARD,23.0,True,Mercedes,6224.89,2026-06-14 13:53:31.655,1,1.0,False,,False,False
6410.678,ANT,12,100.095,38.0,3.0,6330.108,,43.369,32.524,24.202,6353.998,6386.522,6410.724,267.0,267.0,298.0,244.0,False,HARD,1.0,True,Mercedes,6310.583,2026-06-14 13:54:57.348,1,4.0,False,,False,False
6491.577,ANT,12,80.899,39.0,3.0,,,23.696,32.892,24.311,6434.42,6467.312,6491.623,260.0,280.0,298.0,335.0,True,HARD,2.0,True,Mercedes,6410.678,2026-06-14 13:56:37.443,1,3.0,False,,False,True
6579.725,ANT,12,88.148,40.0,3.0,,,23.423,33.054,31.671,6515.046,6548.1,6579.771,257.0,275.0,222.0,343.0,False,HARD,3.0,True,Mercedes,6491.577,2026-06-14 13:57:58.342,126,3.0,False,,False,False
6685.961,ANT,12,106.236,41.0,3.0,,,30.134,45.064,31.038,6609.905,6654.969,6686.007,163.0,210.0,210.0,287.0,False,HARD,4.0,True,Mercedes,6579.725,2026-06-14 13:59:26.490,6,3.0,False,,False,False
6771.747,ANT,12,85.786,42.0,3.0,,,28.739,32.701,24.346,6714.746,6747.447,6771.793,269.0,274.0,298.0,220.0,False,HARD,5.0,True,Mercedes,6685.961,2026-06-14 14:01:12.726,671,3.0,False,,False,False
6852.645,ANT,12,80.898,43.0,3.0,,,23.692,32.895,24.311,6795.485,6828.38,6852.691,264.0,270.0,298.0,336.0,True,HARD,6.0,True,Mercedes,6771.747,2026-06-14 14:02:38.512,1,3.0,False,,False,True
6933.562,ANT,12,80.917,44.0,3.0,,,23.625,33.074,24.218,6876.316,6909.39,6933.608,249.0,271.0,299.0,335.0,False,HARD,7.0,True,Mercedes,6852.645,2026-06-14 14:03:59.410,1,3.0,False,,False,True
7014.279,ANT,12,80.717,45.0,3.0,,,23.585,32.853,24.279,6957.193,6990.046,7014.325,263.0,269.0,298.0,334.0,True,HARD,8.0,True,Mercedes,6933.562,2026-06-14 14:05:20.327,1,3.0,False,,False,True
7094.983,ANT,12,80.704,46.0,3.0,,,23.536,32.859,24.309,7037.861,7070.72,7095.029,263.0,268.0,297.0,336.0,True,HARD,9.0,True,Mercedes,7014.279,2026-06-14 14:06:41.044,1,3.0,False,,False,True
7175.85,ANT,12,80.867,47.0,3.0,,,23.545,32.976,24.346,7118.574,7151.55,7175.896,262.0,270.0,299.0,336.0,False,HARD,10.0,True,Mercedes,7094.983,2026-06-14 14:08:01.748,1,3.0,False,,False,True
7257.178,ANT,12,81.328,48.0,3.0,,,23.658,33.217,24.453,7199.554,7232.771,7257.224,264.0,269.0,299.0,335.0,False,HARD,11.0,True,Mercedes,7175.85,2026-06-14 14:09:22.615,1,3.0,False,,False,True
7338.407,ANT,12,81.229,49.0,3.0,,,23.67,33.1,24.459,7280.894,7313.994,7338.453,265.0,273.0,297.0,336.0,False,HARD,12.0,True,Mercedes,7257.178,2026-06-14 14:10:43.943,1,3.0,False,,False,True
7419.768,ANT,12,81.361,50.0,3.0,,,23.719,33.108,24.534,7362.172,7395.28,7419.814,265.0,275.0,298.0,336.0,False,HARD,13.0,True,Mercedes,7338.407,2026-06-14 14:12:05.172,1,3.0,False,,False,True
7501.126,ANT,12,81.358,51.0,3.0,,,23.747,33.062,24.549,7443.561,7476.623,7501.172,267.0,267.0,298.0,336.0,False,HARD,14.0,True,Mercedes,7419.768,2026-06-14 14:13:26.533,1,3.0,False,,False,True
7582.576,ANT,12,81.45,52.0,3.0,,,23.548,33.294,24.608,7524.72,7558.014,7582.622,261.0,262.0,300.0,348.0,False,HARD,15.0,True,Mercedes,7501.126,2026-06-14 14:14:47.891,1,3.0,False,,False,True
7664.485,ANT,12,81.909,53.0,3.0,,,23.712,33.492,24.705,7606.334,7639.826,7664.531,258.0,269.0,299.0,349.0,False,HARD,16.0,True,Mercedes,7582.576,2026-06-14 14:16:09.341,1,3.0,False,,False,True
7746.221,ANT,12,81.736,54.0,3.0,,,23.826,33.371,24.539,7688.357,7721.728,7746.267,258.0,266.0,299.0,349.0,False,HARD,17.0,True,Mercedes,7664.485,2026-06-14 14:17:31.250,1,3.0,False,,False,True
7828.074,ANT,12,81.853,55.0,3.0,,,23.828,33.493,24.532,7770.095,7803.588,7828.12,263.0,266.0,299.0,336.0,False,HARD,18.0,True,Mercedes,7746.221,2026-06-14 14:18:52.986,1,3.0,False,,False,True
7909.842,ANT,12,81.768,56.0,3.0,,,23.771,33.28,24.717,7851.891,7885.171,7909.888,261.0,263.0,298.0,337.0,False,HARD,19.0,True,Mercedes,7828.074,2026-06-14 14:20:14.839,1,3.0,False,,False,True
7991.769,ANT,12,81.927,57.0,3.0,,,23.773,33.48,24.674,7933.661,7967.141,7991.815,258.0,261.0,298.0,338.0,False,HARD,20.0,True,Mercedes,7909.842,2026-06-14 14:21:36.607,1,3.0,False,,False,True
8073.639,ANT,12,81.87,58.0,3.0,,,23.841,33.415,24.614,8015.656,8049.071,8073.685,256.0,266.0,300.0,348.0,False,HARD,21.0,True,Mercedes,7991.769,2026-06-14 14:22:58.534,1,3.0,False,,False,True
8155.73,ANT,12,82.091,59.0,3.0,,,23.821,33.507,24.763,8097.506,8131.013,8155.776,260.0,266.0,298.0,348.0,False,HARD,22.0,True,Mercedes,8073.639,2026-06-14 14:24:20.404,1,3.0,False,,False,True
8237.533,ANT,12,81.803,60.0,3.0,,,23.632,33.482,24.689,8179.408,8212.89,8237.579,259.0,265.0,300.0,349.0,False,HARD,23.0,True,Mercedes,8155.73,2026-06-14 14:25:42.495,1,3.0,False,,False,True
8320.248,ANT,12,82.715,61.0,3.0,,,24.387,33.583,24.745,8261.966,8295.549,8320.294,248.0,268.0,297.0,343.0,False,HARD,24.0,True,Mercedes,8237.533,2026-06-14 14:27:04.298,1,2.0,False,,False,True
8470.248,ANT,12,,62.0,3.0,,,,,,,,,,,,,,HARD,25.0,True,Mercedes,8320.248,2026-06-14 14:28:27.013,126,,False,,True,False
3318.51,ALO,14,97.171,1.0,1.0,3232.215,,,34.708,26.209,,3292.46,3318.663,252.0,242.0,287.0,253.0,False,HARD,1.0,True,Aston Martin,3221.09,2026-06-14 13:03:27.855,1,22.0,False,,False,False
3404.261,ALO,14,85.751,2.0,1.0,,,24.91,34.884,25.957,3343.42,3378.304,3404.261,230.0,230.0,290.0,319.0,True,HARD,2.0,True,Aston Martin,3318.51,2026-06-14 13:05:05.275,1,22.0,False,,False,True
3490.515,ALO,14,86.254,3.0,1.0,,,25.051,35.007,26.196,3429.312,3464.319,3490.515,228.0,235.0,284.0,322.0,False,HARD,3.0,True,Aston Martin,3404.261,2026-06-14 13:06:31.026,1,22.0,False,,False,True
3576.594,ALO,14,86.079,4.0,1.0,,,24.839,35.14,26.1,3515.354,3550.494,3576.594,234.0,244.0,284.0,337.0,False,HARD,4.0,True,Aston Martin,3490.515,2026-06-14 13:07:57.280,1,22.0,False,,False,True
3663.322,ALO,14,86.728,5.0,1.0,,,24.99,35.262,26.476,3601.584,3636.846,3663.322,227.0,241.0,283.0,344.0,False,HARD,5.0,True,Aston Martin,3576.594,2026-06-14 13:09:23.359,1,21.0,False,,False,True
3749.601,ALO,14,86.279,6.0,1.0,,,24.86,35.197,26.222,3688.182,3723.379,3749.601,237.0,251.0,284.0,330.0,False,HARD,6.0,True,Aston Martin,3663.322,2026-06-14 13:10:50.087,1,21.0,False,,False,True
3835.934,ALO,14,86.333,7.0,1.0,,,25.112,34.96,26.261,3774.713,3809.673,3835.934,240.0,250.0,284.0,322.0,False,HARD,7.0,True,Aston Martin,3749.601,2026-06-14 13:12:16.366,1,21.0,False,,False,True
3922.578,ALO,14,86.644,8.0,1.0,,,24.96,35.263,26.421,3860.894,3896.157,3922.578,231.0,238.0,285.0,324.0,False,HARD,8.0,True,Aston Martin,3835.934,2026-06-14 13:13:42.699,1,21.0,False,,False,True
4010.057,ALO,14,87.479,9.0,1.0,,,25.088,35.762,26.629,3947.666,3983.428,4010.057,223.0,240.0,286.0,334.0,False,HARD,9.0,True,Aston Martin,3922.578,2026-06-14 13:15:09.343,1,21.0,False,,False,True
4098.517,ALO,14,88.46,10.0,1.0,,,26.16,35.597,26.703,4036.217,4071.814,4098.517,226.0,242.0,283.0,349.0,False,HARD,10.0,True,Aston Martin,4010.057,2026-06-14 13:16:36.822,1,21.0,False,,False,True
4185.994,ALO,14,87.477,11.0,1.0,,,25.068,35.602,26.807,4123.585,4159.187,4185.994,235.0,247.0,285.0,334.0,False,HARD,11.0,True,Aston Martin,4098.517,2026-06-14 13:18:05.282,1,21.0,False,,False,True
4273.375,ALO,14,87.381,12.0,1.0,,,25.308,35.436,26.637,4211.302,4246.738,4273.375,235.0,249.0,283.0,349.0,False,HARD,12.0,True,Aston Martin,4185.994,2026-06-14 13:19:32.759,1,20.0,False,,False,True
4360.995,ALO,14,87.62,13.0,1.0,,,25.228,35.695,26.697,4298.603,4334.298,4360.995,240.0,241.0,280.0,317.0,False,HARD,13.0,True,Aston Martin,4273.375,2026-06-14 13:21:00.140,1,19.0,False,,False,True
4448.56,ALO,14,87.565,14.0,1.0,,,25.203,35.606,26.756,4386.198,4421.804,4448.56,236.0,250.0,281.0,324.0,False,HARD,14.0,True,Aston Martin,4360.995,2026-06-14 13:22:27.760,1,17.0,False,,False,True
4535.861,ALO,14,87.301,15.0,1.0,,,25.378,35.38,26.543,4473.938,4509.318,4535.861,237.0,252.0,282.0,315.0,False,HARD,15.0,True,Aston Martin,4448.56,2026-06-14 13:23:55.325,1,16.0,False,,False,True
4623.703,ALO,14,87.842,16.0,1.0,,,25.675,35.282,26.885,4561.536,4596.818,4623.703,235.0,251.0,283.0,318.0,False,HARD,16.0,True,Aston Martin,4535.861,2026-06-14 13:25:22.626,1,17.0,False,,False,True
4710.584,ALO,14,86.881,17.0,1.0,,,24.947,35.295,26.639,4648.65,4683.945,4710.584,240.0,257.0,279.0,336.0,False,HARD,17.0,True,Aston Martin,4623.703,2026-06-14 13:26:50.468,1,17.0,False,,False,True
4797.992,ALO,14,87.408,18.0,1.0,,,25.166,35.685,26.557,4735.75,4771.435,4797.992,246.0,256.0,284.0,318.0,False,HARD,18.0,True,Aston Martin,4710.584,2026-06-14 13:28:17.349,1,18.0,False,,False,True
4885.893,ALO,14,87.901,19.0,1.0,,,25.669,35.497,26.735,4823.661,4859.158,4885.893,240.0,250.0,284.0,319.0,False,HARD,19.0,True,Aston Martin,4797.992,2026-06-14 13:29:44.757,1,18.0,False,,False,True
4974.286,ALO,14,88.393,20.0,1.0,,,25.79,35.774,26.829,4911.683,4947.457,4974.286,218.0,250.0,282.0,326.0,False,HARD,20.0,True,Aston Martin,4885.893,2026-06-14 13:31:12.658,1,20.0,False,,False,True
5068.115,ALO,14,93.829,21.0,1.0,,5065.435,25.754,36.713,31.362,5000.04,5036.753,5068.115,233.0,245.0,,327.0,False,HARD,21.0,True,Aston Martin,4974.286,2026-06-14 13:32:41.051,1,20.0,False,,False,False
5173.288,ALO,14,105.173,22.0,2.0,5087.638,,44.443,34.657,26.073,5112.558,5147.215,5173.288,235.0,247.0,284.0,253.0,False,HARD,1.0,True,Aston Martin,5068.115,2026-06-14 13:34:14.880,1,20.0,False,,False,False
5258.725,ALO,14,85.437,23.0,2.0,,,24.966,34.5,25.971,5198.254,5232.754,5258.725,242.0,250.0,285.0,307.0,True,HARD,2.0,True,Aston Martin,5173.288,2026-06-14 13:36:00.053,1,20.0,False,,False,True
5344.486,ALO,14,85.761,24.0,2.0,,,24.887,34.773,26.101,5283.612,5318.385,5344.486,247.0,244.0,283.0,310.0,False,HARD,3.0,True,Aston Martin,5258.725,2026-06-14 13:37:25.490,1,20.0,False,,False,True
5430.444,ALO,14,85.958,25.0,2.0,,,25.186,34.754,26.018,5369.672,5404.426,5430.444,239.0,247.0,285.0,308.0,False,HARD,4.0,True,Aston Martin,5344.486,2026-06-14 13:38:51.251,1,20.0,False,,False,True
5516.135,ALO,14,85.691,26.0,2.0,,,24.793,34.942,25.956,5455.237,5490.179,5516.135,241.0,247.0,285.0,314.0,False,HARD,5.0,True,Aston Martin,5430.444,2026-06-14 13:40:17.209,1,20.0,False,,False,True
5601.501,ALO,14,85.366,27.0,2.0,,,24.744,34.654,25.968,5540.879,5575.533,5601.501,248.0,254.0,285.0,313.0,True,HARD,6.0,True,Aston Martin,5516.135,2026-06-14 13:41:42.900,1,20.0,False,,False,True
5687.917,ALO,14,86.416,28.0,2.0,,,25.367,35.022,26.027,5626.868,5661.89,5687.917,217.0,253.0,287.0,312.0,False,HARD,7.0,True,Aston Martin,5601.501,2026-06-14 13:43:08.266,1,20.0,False,,False,True
5773.72,ALO,14,85.803,29.0,2.0,,,24.813,34.909,26.081,5712.73,5747.639,5773.72,243.0,254.0,285.0,322.0,False,HARD,8.0,True,Aston Martin,5687.917,2026-06-14 13:44:34.682,1,20.0,False,,False,True
5859.547,ALO,14,85.827,30.0,2.0,,,24.745,34.853,26.229,5798.465,5833.318,5859.547,242.0,250.0,286.0,327.0,False,HARD,9.0,True,Aston Martin,5773.72,2026-06-14 13:46:00.485,1,19.0,False,,False,True
5945.335,ALO,14,85.788,31.0,2.0,,,24.802,34.932,26.054,5884.349,5919.281,5945.335,256.0,258.0,287.0,320.0,False,HARD,10.0,True,Aston Martin,5859.547,2026-06-14 13:47:26.312,1,19.0,False,,False,True
6031.186,ALO,14,85.851,32.0,2.0,,,24.833,34.838,26.18,5970.168,6005.006,6031.186,242.0,246.0,286.0,324.0,False,HARD,11.0,True,Aston Martin,5945.335,2026-06-14 13:48:52.100,1,18.0,False,,False,True
6117.131,ALO,14,85.945,33.0,2.0,,,24.946,34.923,26.076,6056.132,6091.055,6117.131,239.0,255.0,287.0,317.0,False,HARD,12.0,True,Aston Martin,6031.186,2026-06-14 13:50:17.951,1,18.0,False,,False,True
6203.346,ALO,14,86.215,34.0,2.0,,,24.978,35.047,26.19,6142.109,6177.156,6203.346,245.0,254.0,285.0,314.0,False,HARD,13.0,True,Aston Martin,6117.131,2026-06-14 13:51:43.896,1,18.0,False,,False,True
6290.291,ALO,14,86.945,35.0,2.0,,,24.969,35.035,26.941,6228.315,6263.35,6290.291,246.0,258.0,286.0,313.0,False,HARD,14.0,True,Aston Martin,6203.346,2026-06-14 13:53:10.111,1,17.0,False,,False,True
6376.354,ALO,14,86.063,36.0,2.0,,,24.779,35.036,26.248,6315.07,6350.106,6376.354,240.0,257.0,285.0,326.0,False,HARD,15.0,True,Aston Martin,6290.291,2026-06-14 13:54:37.056,1,17.0,False,,False,True
6462.613,ALO,14,86.259,37.0,2.0,,,24.999,35.029,26.231,6401.353,6436.382,6462.613,246.0,252.0,285.0,318.0,False,HARD,16.0,True,Aston Martin,6376.354,2026-06-14 13:56:03.119,1,17.0,False,,False,True
6612.613,ALO,14,,38.0,2.0,,,,,,,,,,,,,,HARD,17.0,True,Aston Martin,6462.613,2026-06-14 13:57:29.378,126,,False,,True,False
3310.7,LEC,16,89.361,1.0,1.0,,,,34.359,25.298,,3285.573,3310.81,255.0,256.0,295.0,309.0,False,MEDIUM,1.0,True,Ferrari,3221.09,2026-06-14 13:03:27.855,1,7.0,False,,False,False
3393.583,LEC,16,82.883,2.0,1.0,,,24.325,33.586,24.972,3335.067,3368.653,3393.625,244.0,263.0,294.0,344.0,True,MEDIUM,2.0,True,Ferrari,3310.7,2026-06-14 13:04:57.465,1,7.0,False,,False,True
3476.233,LEC,16,82.65,3.0,1.0,,,24.033,33.426,25.191,3417.658,3451.084,3476.275,246.0,254.0,294.0,343.0,True,MEDIUM,3.0,True,Ferrari,3393.583,2026-06-14 13:06:20.348,1,7.0,False,,False,True
3559.147,LEC,16,82.914,4.0,1.0,,,24.045,33.512,25.357,3500.32,3533.832,3559.189,247.0,255.0,294.0,345.0,False,MEDIUM,4.0,True,Ferrari,3476.233,2026-06-14 13:07:42.998,1,7.0,False,,False,True
3642.21,LEC,16,83.063,5.0,1.0,,,24.19,33.664,25.209,3583.379,3617.043,3642.252,252.0,260.0,293.0,344.0,False,MEDIUM,5.0,True,Ferrari,3559.147,2026-06-14 13:09:05.912,1,7.0,False,,False,True
3726.045,LEC,16,83.835,6.0,1.0,,,24.939,33.615,25.281,3667.191,3700.806,3726.087,248.0,260.0,294.0,344.0,False,MEDIUM,6.0,True,Ferrari,3642.21,2026-06-14 13:10:28.975,1,7.0,False,,False,True
3809.147,LEC,16,83.102,7.0,1.0,,,24.086,33.681,25.335,3750.173,3783.854,3809.189,250.0,265.0,295.0,341.0,False,MEDIUM,7.0,True,Ferrari,3726.045,2026-06-14 13:11:52.810,1,7.0,False,,False,True
3892.549,LEC,16,83.402,8.0,1.0,,,23.954,34.031,25.417,3833.143,3867.174,3892.591,260.0,259.0,292.0,347.0,False,MEDIUM,8.0,True,Ferrari,3809.147,2026-06-14 13:13:15.912,1,6.0,False,,False,True
3976.11,LEC,16,83.561,9.0,1.0,,,24.364,33.791,25.406,3916.955,3950.746,3976.152,256.0,262.0,292.0,331.0,False,MEDIUM,9.0,True,Ferrari,3892.549,2026-06-14 13:14:39.314,1,6.0,False,,False,True
4059.91,LEC,16,83.8,10.0,1.0,,,24.324,33.799,25.677,4000.476,4034.275,4059.952,250.0,260.0,293.0,331.0,False,MEDIUM,10.0,True,Ferrari,3976.11,2026-06-14 13:16:02.875,1,6.0,False,,False,True
4144.088,LEC,16,84.178,11.0,1.0,,,24.404,34.092,25.682,4084.356,4118.448,4144.13,253.0,250.0,293.0,333.0,False,MEDIUM,11.0,True,Ferrari,4059.91,2026-06-14 13:17:26.675,1,6.0,False,,False,True
4228.388,LEC,16,84.3,12.0,1.0,,,24.357,34.176,25.767,4168.487,4202.663,4228.43,250.0,250.0,290.0,332.0,False,MEDIUM,12.0,True,Ferrari,4144.088,2026-06-14 13:18:50.853,1,4.0,False,,False,True
4311.898,LEC,16,83.51,13.0,1.0,,,24.335,33.56,25.615,4252.765,4286.325,4311.94,257.0,267.0,289.0,322.0,False,MEDIUM,13.0,True,Ferrari,4228.388,2026-06-14 13:20:15.153,1,3.0,False,,False,True
4395.894,LEC,16,83.996,14.0,1.0,,,24.573,33.77,25.653,4336.513,4370.283,4395.936,258.0,273.0,289.0,321.0,False,MEDIUM,14.0,True,Ferrari,4311.898,2026-06-14 13:21:38.663,1,2.0,False,,False,True
4479.933,LEC,16,84.039,15.0,1.0,,,24.641,33.831,25.567,4420.577,4454.408,4479.975,256.0,262.0,290.0,318.0,False,MEDIUM,15.0,True,Ferrari,4395.894,2026-06-14 13:23:02.659,1,1.0,False,,False,True
4567.848,LEC,16,87.915,16.0,1.0,,4565.172,24.573,33.882,29.46,4504.548,4538.43,4567.89,259.0,269.0,,317.0,False,MEDIUM,16.0,True,Ferrari,4479.933,2026-06-14 13:24:26.698,1,2.0,False,,False,False
4669.822,LEC,16,101.974,17.0,2.0,4587.367,,43.883,33.135,24.956,4611.773,4644.908,4669.864,249.0,269.0,292.0,255.0,False,HARD,1.0,True,Ferrari,4567.848,2026-06-14 13:25:54.613,1,6.0,False,,False,False
4752.02,LEC,16,82.198,18.0,2.0,,,24.182,32.918,25.098,4694.046,4726.964,4752.062,260.0,275.0,291.0,323.0,True,HARD,2.0,True,Ferrari,4669.822,2026-06-14 13:27:36.587,1,6.0,False,,False,True
4834.005,LEC,16,81.985,19.0,2.0,,,24.015,32.995,24.975,4776.077,4809.072,4834.047,260.0,270.0,292.0,323.0,True,HARD,3.0,True,Ferrari,4752.02,2026-06-14 13:28:58.785,1,6.0,False,,False,True
4915.758,LEC,16,81.753,20.0,2.0,,,23.957,33.002,24.794,4858.004,4891.006,4915.8,259.0,270.0,294.0,324.0,True,HARD,4.0,True,Ferrari,4834.005,2026-06-14 13:30:20.770,1,6.0,False,,False,True
4997.347,LEC,16,81.589,21.0,2.0,,,23.854,32.923,24.812,4939.654,4972.577,4997.389,261.0,273.0,295.0,324.0,True,HARD,5.0,True,Ferrari,4915.758,2026-06-14 13:31:42.523,1,6.0,False,,False,True
5079.358,LEC,16,82.011,22.0,2.0,,,23.878,33.177,24.956,5021.267,5054.444,5079.4,261.0,268.0,293.0,322.0,False,HARD,6.0,True,Ferrari,4997.347,2026-06-14 13:33:04.112,1,6.0,False,,False,True
5161.222,LEC,16,81.864,23.0,2.0,,,23.82,33.012,25.032,5103.22,5136.232,5161.264,266.0,276.0,293.0,324.0,False,HARD,7.0,True,Ferrari,5079.358,2026-06-14 13:34:26.123,1,6.0,False,,False,True
5243.685,LEC,16,82.463,24.0,2.0,,,23.996,33.338,25.129,5185.26,5218.598,5243.727,260.0,265.0,293.0,325.0,False,HARD,8.0,True,Ferrari,5161.222,2026-06-14 13:35:47.987,1,6.0,False,,False,True
5326.285,LEC,16,82.6,25.0,2.0,,,23.995,33.497,25.108,5267.722,5301.219,5326.327,260.0,271.0,293.0,326.0,False,HARD,9.0,True,Ferrari,5243.685,2026-06-14 13:37:10.450,1,6.0,False,,False,True
5409.02,LEC,16,82.735,26.0,2.0,,,24.051,33.47,25.214,5350.378,5383.848,5409.062,263.0,269.0,295.0,327.0,False,HARD,10.0,True,Ferrari,5326.285,2026-06-14 13:38:33.050,1,6.0,False,,False,True
5492.216,LEC,16,83.196,27.0,2.0,,,24.151,33.766,25.279,5433.213,5466.979,5492.258,260.0,266.0,291.0,328.0,False,HARD,11.0,True,Ferrari,5409.02,2026-06-14 13:39:55.785,1,6.0,False,,False,True
5575.284,LEC,16,83.068,28.0,2.0,,,24.094,33.787,25.187,5516.352,5550.139,5575.326,260.0,275.0,294.0,327.0,False,HARD,12.0,True,Ferrari,5492.216,2026-06-14 13:41:18.981,1,5.0,False,,False,True
5658.408,LEC,16,83.124,29.0,2.0,,,24.106,33.8,25.218,5599.432,5633.232,5658.45,258.0,267.0,293.0,329.0,False,HARD,13.0,True,Ferrari,5575.284,2026-06-14 13:42:42.049,1,4.0,False,,False,True
5741.113,LEC,16,82.705,30.0,2.0,,,24.041,33.451,25.213,5682.491,5715.942,5741.155,262.0,272.0,293.0,324.0,False,HARD,14.0,True,Ferrari,5658.408,2026-06-14 13:44:05.173,1,4.0,False,,False,True
5823.966,LEC,16,82.853,31.0,2.0,,,24.161,33.406,25.286,5765.316,5798.722,5824.008,259.0,274.0,292.0,324.0,False,HARD,15.0,True,Ferrari,5741.113,2026-06-14 13:45:27.878,1,4.0,False,,False,True
5908.153,LEC,16,84.187,32.0,2.0,,,24.768,33.968,25.451,5848.776,5882.744,5908.195,253.0,263.0,293.0,304.0,False,HARD,16.0,True,Ferrari,5823.966,2026-06-14 13:46:50.731,1,5.0,False,,False,True
5991.481,LEC,16,83.328,33.0,2.0,,,24.284,33.7,25.344,5932.479,5966.179,5991.523,260.0,266.0,293.0,331.0,False,HARD,17.0,True,Ferrari,5908.153,2026-06-14 13:48:14.918,1,5.0,False,,False,True
6074.443,LEC,16,82.962,34.0,2.0,,,24.174,33.485,25.303,6015.697,6049.182,6074.485,262.0,276.0,293.0,326.0,False,HARD,18.0,True,Ferrari,5991.481,2026-06-14 13:49:38.246,1,5.0,False,,False,True
6157.483,LEC,16,83.04,35.0,2.0,,,24.338,33.511,25.191,6098.823,6132.334,6157.525,260.0,272.0,294.0,327.0,False,HARD,19.0,True,Ferrari,6074.443,2026-06-14 13:51:01.208,1,5.0,False,,False,True
6240.251,LEC,16,82.768,36.0,2.0,,,24.088,33.405,25.275,6181.613,6215.018,6240.293,262.0,269.0,293.0,336.0,False,HARD,20.0,True,Ferrari,6157.483,2026-06-14 13:52:24.248,1,4.0,False,,False,True
6323.275,LEC,16,83.024,37.0,2.0,,,24.206,33.607,25.211,6264.499,6298.106,6323.317,258.0,273.0,293.0,323.0,False,HARD,21.0,True,Ferrari,6240.251,2026-06-14 13:53:47.016,1,3.0,False,,False,True
6406.79,LEC,16,83.515,38.0,2.0,,,24.29,33.806,25.419,6347.607,6381.413,6406.832,267.0,271.0,292.0,324.0,False,HARD,22.0,True,Ferrari,6323.275,2026-06-14 13:55:10.040,1,2.0,False,,False,True
6495.104,LEC,16,88.314,39.0,2.0,,6492.486,24.367,33.831,30.116,6431.199,6465.03,6495.146,261.0,269.0,,323.0,False,HARD,23.0,True,Ferrari,6406.79,2026-06-14 13:56:33.555,1,5.0,False,,False,False
6609.298,LEC,16,114.194,40.0,3.0,6514.622,,43.405,39.684,31.105,6538.551,6578.235,6609.34,260.0,223.0,234.0,262.0,False,HARD,1.0,True,Ferrari,6495.104,2026-06-14 13:58:01.869,126,6.0,False,,False,False
6714.076,LEC,16,104.778,41.0,3.0,,,31.816,45.547,27.415,6641.156,6686.703,6714.118,228.0,232.0,299.0,267.0,False,HARD,2.0,True,Ferrari,6609.298,2026-06-14 13:59:56.063,671,6.0,False,,False,False
6794.703,LEC,16,80.627,42.0,3.0,,,23.449,32.701,24.477,6737.567,6770.268,6794.745,263.0,280.0,298.0,341.0,True,HARD,3.0,True,Ferrari,6714.076,2026-06-14 14:01:40.841,1,6.0,False,,False,True
6875.702,LEC,16,80.999,43.0,3.0,,,23.654,32.845,24.5,6818.399,6851.244,6875.744,266.0,279.0,298.0,329.0,False,HARD,4.0,True,Ferrari,6794.703,2026-06-14 14:03:01.468,1,6.0,False,,False,True
6956.442,LEC,16,80.74,44.0,3.0,,,23.645,32.657,24.438,6899.389,6932.046,6956.484,263.0,279.0,298.0,327.0,False,HARD,5.0,True,Ferrari,6875.702,2026-06-14 14:04:22.467,1,6.0,False,,False,True
7037.323,LEC,16,80.881,45.0,3.0,,,23.701,32.737,24.443,6980.185,7012.922,7037.365,262.0,285.0,297.0,322.0,False,HARD,6.0,True,Ferrari,6956.442,2026-06-14 14:05:43.207,1,6.0,False,,False,True
7117.781,LEC,16,80.458,46.0,3.0,,,23.435,32.655,24.368,7060.8,7093.455,7117.823,267.0,281.0,299.0,328.0,True,HARD,7.0,True,Ferrari,7037.323,2026-06-14 14:07:04.088,1,6.0,False,,False,True
7198.16,LEC,16,80.379,47.0,3.0,,,23.407,32.526,24.446,7141.23,7173.756,7198.202,268.0,280.0,297.0,328.0,True,HARD,8.0,True,Ferrari,7117.781,2026-06-14 14:08:24.546,1,6.0,False,,False,True
7279.177,LEC,16,81.017,48.0,3.0,,,23.452,32.853,24.712,7221.654,7254.507,7279.219,264.0,277.0,297.0,329.0,False,HARD,9.0,True,Ferrari,7198.16,2026-06-14 14:09:44.925,1,6.0,False,,False,True
7360.061,LEC,16,80.884,49.0,3.0,,,23.595,32.695,24.594,7302.814,7335.509,7360.103,262.0,284.0,298.0,329.0,False,HARD,10.0,True,Ferrari,7279.177,2026-06-14 14:11:05.942,1,6.0,False,,False,True
7442.437,LEC,16,82.376,50.0,3.0,,,23.915,33.584,24.877,7384.018,7417.602,7442.479,248.0,275.0,296.0,328.0,False,HARD,11.0,True,Ferrari,7360.061,2026-06-14 14:12:26.826,1,6.0,False,,False,True
7524.118,LEC,16,81.681,51.0,3.0,,,23.95,33.026,24.705,7466.429,7499.455,7524.16,262.0,278.0,294.0,332.0,False,HARD,12.0,True,Ferrari,7442.437,2026-06-14 14:13:49.202,1,6.0,False,,False,True
7606.272,LEC,16,82.154,52.0,3.0,,,23.892,33.174,25.088,7548.052,7581.226,7606.314,263.0,273.0,295.0,326.0,False,HARD,13.0,True,Ferrari,7524.118,2026-06-14 14:15:10.883,1,6.0,False,,False,True
7688.147,LEC,16,81.875,53.0,3.0,,,23.928,33.063,24.884,7630.242,7663.305,7688.189,265.0,285.0,295.0,325.0,False,HARD,14.0,True,Ferrari,7606.272,2026-06-14 14:16:33.037,1,6.0,False,,False,True
7770.157,LEC,16,82.01,54.0,3.0,,,23.917,33.211,24.882,7712.106,7745.317,7770.199,266.0,272.0,296.0,326.0,False,HARD,15.0,True,Ferrari,7688.147,2026-06-14 14:17:54.912,1,6.0,False,,False,True
7852.172,LEC,16,82.015,55.0,3.0,,,23.932,33.315,24.768,7794.131,7827.446,7852.214,264.0,281.0,294.0,323.0,False,HARD,16.0,True,Ferrari,7770.157,2026-06-14 14:19:16.922,1,6.0,False,,False,True
7934.94,LEC,16,82.768,56.0,3.0,,,24.05,33.341,25.377,7876.264,7909.605,7934.982,263.0,278.0,292.0,323.0,False,HARD,17.0,True,Ferrari,7852.172,2026-06-14 14:20:38.937,1,6.0,False,,False,True
8017.39,LEC,16,82.45,57.0,3.0,,,24.108,33.294,25.048,7959.09,7992.384,8017.432,259.0,284.0,292.0,324.0,False,HARD,18.0,True,Ferrari,7934.94,2026-06-14 14:22:01.705,1,6.0,False,,False,True
8099.655,LEC,16,82.265,58.0,3.0,,,24.13,33.239,24.896,8041.562,8074.801,8099.697,265.0,274.0,293.0,325.0,False,HARD,19.0,True,Ferrari,8017.39,2026-06-14 14:23:24.155,1,6.0,False,,False,True
8181.851,LEC,16,82.196,59.0,3.0,,,24.115,33.181,24.9,8123.812,8156.993,8181.893,262.0,283.0,293.0,319.0,False,HARD,20.0,True,Ferrari,8099.655,2026-06-14 14:24:46.420,1,6.0,False,,False,True
8264.923,LEC,16,83.072,60.0,3.0,,,24.288,33.539,25.245,8206.181,8239.72,8264.965,262.0,277.0,293.0,320.0,False,HARD,21.0,True,Ferrari,8181.851,2026-06-14 14:26:08.616,1,6.0,False,,False,True
8347.778,LEC,16,82.855,61.0,3.0,,,24.231,33.384,25.24,8289.196,8322.58,8347.82,265.0,280.0,292.0,324.0,False,HARD,22.0,True,Ferrari,8264.923,2026-06-14 14:27:31.688,1,6.0,False,,False,True
8473.036,LEC,16,125.258,62.0,3.0,,8470.063,34.196,51.206,39.856,8382.016,8433.222,8473.078,122.0,154.0,,324.0,False,HARD,23.0,True,Ferrari,8347.778,2026-06-14 14:28:54.543,126,6.0,False,,False,False
3317.416,STR,18,96.077,1.0,1.0,,,,36.479,26.683,,3290.995,3317.522,210.0,234.0,286.0,300.0,False,HARD,1.0,True,Aston Martin,3221.09,2026-06-14 13:03:27.855,1,21.0,False,,False,False
3403.717,STR,18,86.301,2.0,1.0,,,24.744,35.528,26.029,3342.253,3377.781,3403.81,221.0,245.0,285.0,345.0,True,HARD,2.0,True,Aston Martin,3317.416,2026-06-14 13:05:04.181,1,21.0,False,,False,True
3489.621,STR,18,85.904,3.0,1.0,,,24.632,35.081,26.191,3428.442,3463.523,3489.714,234.0,247.0,283.0,333.0,True,HARD,3.0,True,Aston Martin,3403.717,2026-06-14 13:06:30.482,1,21.0,False,,False,True
3576.051,STR,18,86.43,4.0,1.0,,,24.87,35.228,26.332,3514.584,3549.812,3576.144,244.0,252.0,282.0,326.0,False,HARD,4.0,True,Aston Martin,3489.621,2026-06-14 13:07:56.386,1,21.0,False,,False,True
3670.396,STR,18,94.345,5.0,1.0,,3667.298,24.98,35.13,34.235,3601.124,3636.254,3670.489,235.0,253.0,,332.0,False,HARD,5.0,True,Aston Martin,3576.051,2026-06-14 13:09:22.816,1,22.0,False,,False,False
3315.846,ALB,23,94.507,1.0,1.0,,,,36.691,26.408,,3289.573,3316.06,217.0,241.0,295.0,303.0,False,MEDIUM,1.0,True,Williams,3221.09,2026-06-14 13:03:27.855,1,18.0,False,,False,False
3401.151,ALB,23,85.305,2.0,1.0,,,24.529,35.025,25.751,3340.424,3375.449,3401.2,231.0,237.0,293.0,344.0,True,MEDIUM,2.0,True,Williams,3315.846,2026-06-14 13:05:02.611,1,18.0,False,,False,True
3486.475,ALB,23,85.324,3.0,1.0,,,24.339,35.066,25.919,3425.539,3460.605,3486.524,228.0,238.0,290.0,347.0,False,MEDIUM,3.0,True,Williams,3401.151,2026-06-14 13:06:27.916,1,18.0,False,,False,True
3571.795,ALB,23,85.32,4.0,1.0,,,24.453,34.954,25.913,3510.977,3545.931,3571.844,244.0,244.0,290.0,346.0,False,MEDIUM,4.0,True,Williams,3486.475,2026-06-14 13:07:53.240,1,18.0,False,,False,True
3657.502,ALB,23,85.707,5.0,1.0,,,24.781,34.884,26.042,3596.625,3631.509,3657.551,234.0,247.0,288.0,338.0,False,MEDIUM,5.0,True,Williams,3571.795,2026-06-14 13:09:18.560,1,18.0,False,,False,True
3743.182,ALB,23,85.68,6.0,1.0,,,24.813,34.842,26.025,3682.364,3717.206,3743.231,246.0,248.0,290.0,336.0,False,MEDIUM,6.0,True,Williams,3657.502,2026-06-14 13:10:44.267,1,18.0,False,,False,True
3829.29,ALB,23,86.108,7.0,1.0,,,24.855,34.979,26.274,3768.086,3803.065,3829.339,242.0,255.0,284.0,336.0,False,MEDIUM,7.0,True,Williams,3743.182,2026-06-14 13:12:09.947,1,18.0,False,,False,True
3915.728,ALB,23,86.438,8.0,1.0,,,24.983,35.062,26.393,3854.322,3889.384,3915.777,238.0,244.0,286.0,334.0,False,MEDIUM,8.0,True,Williams,3829.29,2026-06-14 13:13:36.055,1,18.0,False,,False,True
4002.316,ALB,23,86.588,9.0,1.0,,,24.941,35.279,26.368,3940.718,3975.997,4002.365,247.0,247.0,287.0,334.0,False,MEDIUM,9.0,True,Williams,3915.728,2026-06-14 13:15:02.493,1,18.0,False,,False,True
4088.88,ALB,23,86.564,10.0,1.0,,,25.051,35.039,26.474,4027.416,4062.455,4088.929,246.0,252.0,286.0,334.0,False,MEDIUM,10.0,True,Williams,4002.316,2026-06-14 13:16:29.081,1,18.0,False,,False,True
4175.357,ALB,23,86.477,11.0,1.0,,,25.03,35.181,26.266,4113.959,4149.14,4175.406,247.0,251.0,286.0,335.0,False,MEDIUM,11.0,True,Williams,4088.88,2026-06-14 13:17:55.645,1,18.0,False,,False,True
4261.926,ALB,23,86.569,12.0,1.0,,,25.069,35.087,26.413,4200.475,4235.562,4261.975,244.0,249.0,287.0,334.0,False,MEDIUM,12.0,True,Williams,4175.357,2026-06-14 13:19:22.122,1,17.0,False,,False,True
4352.299,ALB,23,90.373,13.0,1.0,,4349.631,25.222,35.223,29.928,4287.197,4322.42,4352.348,246.0,256.0,,334.0,False,MEDIUM,13.0,True,Williams,4261.926,2026-06-14 13:20:48.691,1,16.0,False,,False,False
4458.479,ALB,23,106.18,14.0,2.0,4373.588,,46.356,34.145,25.679,4398.704,4432.849,4458.528,235.0,263.0,286.0,238.0,False,HARD,1.0,True,Williams,4352.299,2026-06-14 13:22:19.064,1,20.0,False,,False,False
4542.961,ALB,23,84.482,15.0,2.0,,,24.72,34.155,25.607,4483.248,4517.403,4543.01,246.0,261.0,288.0,330.0,True,HARD,2.0,True,Williams,4458.479,2026-06-14 13:24:05.244,1,19.0,False,,False,True
4627.934,ALB,23,84.973,16.0,2.0,,,24.899,34.287,25.787,4567.909,4602.196,4627.983,247.0,259.0,289.0,332.0,False,HARD,3.0,True,Williams,4542.961,2026-06-14 13:25:29.726,1,18.0,False,,False,True
4713.472,ALB,23,85.538,17.0,2.0,,,25.073,34.812,25.653,4653.056,4687.868,4713.521,243.0,255.0,290.0,332.0,False,HARD,4.0,True,Williams,4627.934,2026-06-14 13:26:54.699,1,19.0,False,,False,True
4798.441,ALB,23,84.969,18.0,2.0,,,24.613,34.569,25.787,4738.134,4772.703,4798.49,255.0,262.0,291.0,336.0,False,HARD,5.0,True,Williams,4713.472,2026-06-14 13:28:20.237,1,19.0,False,,False,True
4883.463,ALB,23,85.022,19.0,2.0,,,24.68,34.664,25.678,4823.17,4857.834,4883.512,241.0,258.0,290.0,348.0,False,HARD,6.0,True,Williams,4798.441,2026-06-14 13:29:45.206,1,17.0,False,,False,True
4968.906,ALB,23,85.443,20.0,2.0,,,24.823,34.753,25.867,4908.335,4943.088,4968.955,247.0,250.0,288.0,330.0,False,HARD,7.0,True,Williams,4883.463,2026-06-14 13:31:10.228,1,17.0,False,,False,True
5054.123,ALB,23,85.217,21.0,2.0,,,24.742,34.59,25.885,4993.697,5028.287,5054.172,256.0,253.0,289.0,331.0,False,HARD,8.0,True,Williams,4968.906,2026-06-14 13:32:35.671,1,17.0,False,,False,True
5139.424,ALB,23,85.301,22.0,2.0,,,24.786,34.64,25.875,5078.958,5113.598,5139.473,248.0,258.0,290.0,332.0,False,HARD,9.0,True,Williams,5054.123,2026-06-14 13:34:00.888,1,17.0,False,,False,True
5225.333,ALB,23,85.909,23.0,2.0,,,25.264,34.842,25.803,5164.737,5199.579,5225.382,244.0,264.0,290.0,331.0,False,HARD,10.0,True,Williams,5139.424,2026-06-14 13:35:26.189,1,18.0,False,,False,True
5313.157,ALB,23,87.824,24.0,2.0,,,25.42,36.064,26.34,5250.802,5286.866,5313.206,181.0,211.0,290.0,334.0,False,HARD,11.0,True,Williams,5225.333,2026-06-14 13:36:52.098,1,18.0,False,,False,True
5401.176,ALB,23,88.019,25.0,2.0,,,25.901,36.235,25.883,5339.107,5375.342,5401.225,230.0,257.0,291.0,343.0,False,HARD,12.0,True,Williams,5313.157,2026-06-14 13:38:19.922,1,18.0,True,TRACK LIMITS AT TURN 4 LAP 25 ,False,True
5486.389,ALB,23,85.213,26.0,2.0,,,24.706,34.766,25.741,5425.931,5460.697,5486.438,248.0,257.0,287.0,334.0,False,HARD,13.0,True,Williams,5401.176,2026-06-14 13:39:47.941,1,18.0,True,TRACK LIMITS AT TURN 4 LAP 26 ,False,True
5571.856,ALB,23,85.467,27.0,2.0,,,24.769,34.856,25.842,5511.207,5546.063,5571.905,250.0,257.0,288.0,332.0,False,HARD,14.0,True,Williams,5486.389,2026-06-14 13:41:13.154,1,18.0,False,,False,True
5660.053,ALB,23,88.197,28.0,2.0,,,25.287,36.39,26.52,5597.192,5633.582,5660.102,238.0,229.0,289.0,331.0,False,HARD,15.0,True,Williams,5571.856,2026-06-14 13:42:38.621,1,18.0,False,,False,True
5750.597,ALB,23,90.544,29.0,2.0,,5747.868,24.839,36.143,29.562,5684.941,5721.084,5750.646,251.0,258.0,,333.0,False,HARD,16.0,True,Williams,5660.053,2026-06-14 13:44:06.818,1,18.0,False,,False,False
5855.868,ALB,23,105.271,30.0,3.0,5769.935,,43.903,35.774,25.594,5794.549,5830.323,5855.917,237.0,254.0,294.0,246.0,False,HARD,1.0,True,Williams,5750.597,2026-06-14 13:45:37.362,1,18.0,False,,False,False
5940.211,ALB,23,84.343,31.0,3.0,,,24.57,34.259,25.514,5880.487,5914.746,5940.26,240.0,262.0,289.0,341.0,True,HARD,2.0,True,Williams,5855.868,2026-06-14 13:47:22.633,1,18.0,False,,False,True
6024.014,ALB,23,83.803,32.0,3.0,,,24.51,34.002,25.291,5964.77,5998.772,6024.063,249.0,260.0,290.0,327.0,True,HARD,3.0,True,Williams,5940.211,2026-06-14 13:48:46.976,1,17.0,False,,False,True
6108.393,ALB,23,84.379,33.0,3.0,,,24.418,34.383,25.578,6048.481,6082.864,6108.442,244.0,249.0,289.0,329.0,False,HARD,4.0,True,Williams,6024.014,2026-06-14 13:50:10.779,1,17.0,False,,False,True
6196.131,ALB,23,87.738,34.0,3.0,,6193.45,24.629,34.069,29.04,6133.071,6167.14,6196.18,255.0,257.0,,330.0,False,HARD,5.0,True,Williams,6108.393,2026-06-14 13:51:35.158,1,17.0,False,,False,False
7057.631,ALB,23,,35.0,4.0,6971.105,,,34.65,25.581,,7032.111,7057.758,227.0,238.0,290.0,229.0,False,SOFT,1.0,True,Williams,6196.131,2026-06-14 13:53:02.896,1267,19.0,False,,False,False
7140.782,ALB,23,83.151,36.0,4.0,,,24.141,33.71,25.3,7081.821,7115.531,7140.831,253.0,270.0,290.0,332.0,True,SOFT,2.0,True,Williams,7057.631,2026-06-14 14:07:24.396,1,19.0,False,,False,True
7223.977,ALB,23,83.195,37.0,4.0,,,24.25,33.779,25.166,7165.081,7198.86,7224.026,253.0,269.0,288.0,332.0,False,SOFT,3.0,True,Williams,7140.782,2026-06-14 14:08:47.547,1,19.0,False,,False,True
7307.171,ALB,23,83.194,38.0,4.0,,,24.346,33.727,25.121,7248.372,7282.099,7307.22,242.0,264.0,291.0,331.0,False,SOFT,4.0,True,Williams,7223.977,2026-06-14 14:10:10.742,1,18.0,False,,False,True
7390.458,ALB,23,83.287,39.0,4.0,,,24.29,33.76,25.237,7331.51,7365.27,7390.507,252.0,271.0,288.0,333.0,False,SOFT,5.0,True,Williams,7307.171,2026-06-14 14:11:33.936,1,18.0,False,,False,True
7474.031,ALB,23,83.573,40.0,4.0,,,24.42,33.828,25.325,7414.927,7448.755,7474.08,255.0,270.0,290.0,332.0,False,SOFT,6.0,True,Williams,7390.458,2026-06-14 14:12:57.223,1,18.0,False,,False,True
7557.441,ALB,23,83.41,41.0,4.0,,,24.293,33.848,25.269,7498.373,7532.221,7557.49,256.0,269.0,290.0,333.0,False,SOFT,7.0,True,Williams,7474.031,2026-06-14 14:14:20.796,1,18.0,False,,False,True
7641.043,ALB,23,83.602,42.0,4.0,,,24.567,33.8,25.235,7582.057,7615.857,7641.092,256.0,270.0,290.0,332.0,False,SOFT,8.0,True,Williams,7557.441,2026-06-14 14:15:44.206,1,18.0,False,,False,True
7727.081,ALB,23,86.038,43.0,4.0,,,24.51,35.988,25.54,7665.602,7701.59,7727.13,254.0,256.0,292.0,334.0,False,SOFT,9.0,True,Williams,7641.043,2026-06-14 14:17:07.808,1,18.0,False,,False,True
7810.771,ALB,23,83.69,44.0,4.0,,,24.476,33.843,25.371,7751.606,7785.449,7810.82,257.0,268.0,291.0,335.0,False,SOFT,10.0,True,Williams,7727.081,2026-06-14 14:18:33.846,1,18.0,False,,False,True
7894.409,ALB,23,83.638,45.0,4.0,,,24.415,33.9,25.323,7835.235,7869.135,7894.458,252.0,273.0,290.0,334.0,False,SOFT,11.0,True,Williams,7810.771,2026-06-14 14:19:57.536,1,18.0,False,,False,True
7979.927,ALB,23,85.518,46.0,4.0,,,24.515,35.469,25.534,7918.973,7954.442,7979.976,256.0,264.0,293.0,333.0,False,SOFT,12.0,True,Williams,7894.409,2026-06-14 14:21:21.174,1,18.0,False,,False,True
8064.079,ALB,23,84.152,47.0,4.0,,,24.455,34.22,25.477,8004.431,8038.651,8064.128,245.0,272.0,291.0,335.0,False,SOFT,13.0,True,Williams,7979.927,2026-06-14 14:22:46.692,1,18.0,False,,False,True
8147.929,ALB,23,83.85,48.0,4.0,,,24.449,33.851,25.55,8088.577,8122.428,8147.978,263.0,266.0,294.0,335.0,False,SOFT,14.0,True,Williams,8064.079,2026-06-14 14:24:10.844,1,18.0,False,,False,True
8232.336,ALB,23,84.407,49.0,4.0,,,24.498,34.215,25.694,8172.476,8206.691,8232.385,249.0,267.0,290.0,336.0,False,SOFT,15.0,True,Williams,8147.929,2026-06-14 14:25:34.694,1,18.0,False,,False,True
8320.498,ALB,23,88.162,50.0,4.0,,8317.792,24.651,34.293,29.218,8257.036,8291.329,8320.547,244.0,259.0,,336.0,False,SOFT,16.0,True,Williams,8232.336,2026-06-14 14:26:59.101,1,18.0,False,,False,False
8432.248,ALB,23,111.75,51.0,5.0,8340.527,,44.735,33.43,33.585,8365.282,8398.712,8432.297,255.0,271.0,218.0,246.0,False,SOFT,4.0,False,Williams,8320.498,2026-06-14 14:28:27.263,126,18.0,False,,False,False
8539.643,ALB,23,107.395,52.0,5.0,,,31.056,42.772,33.567,8463.353,8506.125,8539.692,160.0,218.0,196.0,251.0,False,SOFT,5.0,False,Williams,8432.248,2026-06-14 14:30:19.013,6,18.0,False,,False,False
8645.125,ALB,23,105.482,53.0,5.0,,,31.021,44.529,29.932,8570.713,8615.242,8645.174,150.0,234.0,296.0,264.0,False,SOFT,6.0,False,Williams,8539.643,2026-06-14 14:32:06.408,671,18.0,False,,False,False
8726.869,ALB,23,81.744,54.0,5.0,,,23.861,33.043,24.84,8669.035,8702.078,8726.918,258.0,279.0,295.0,333.0,True,SOFT,7.0,False,Williams,8645.125,2026-06-14 14:33:51.890,1,18.0,False,,False,True
8810.457,ALB,23,83.588,55.0,5.0,,,24.005,34.074,25.509,8750.923,8784.997,8810.506,248.0,267.0,281.0,328.0,False,SOFT,8.0,False,Williams,8726.869,2026-06-14 14:35:13.634,1,18.0,False,,False,True
3312.262,HUL,27,90.923,1.0,1.0,,,,35.374,25.446,,3286.979,3312.482,236.0,256.0,296.0,302.0,False,SOFT,1.0,True,Audi,3221.09,2026-06-14 13:03:27.855,1,10.0,False,,False,False
3395.709,HUL,27,83.447,2.0,1.0,,,24.259,34.123,25.065,3336.588,3370.711,3395.776,241.0,249.0,296.0,347.0,True,SOFT,2.0,True,Audi,3312.262,2026-06-14 13:04:59.027,1,9.0,False,,False,True
3479.709,HUL,27,84.0,3.0,1.0,,,23.839,34.691,25.47,3419.615,3454.306,3479.776,244.0,255.0,292.0,351.0,False,SOFT,3.0,True,Audi,3395.709,2026-06-14 13:06:22.474,1,9.0,False,,False,True
3563.515,HUL,27,83.806,4.0,1.0,,,24.067,34.27,25.469,3503.843,3538.113,3563.582,242.0,259.0,294.0,336.0,False,SOFT,4.0,True,Audi,3479.709,2026-06-14 13:07:46.474,1,9.0,False,,False,True
3647.902,HUL,27,84.387,5.0,1.0,,,24.197,34.593,25.597,3587.779,3622.372,3647.969,240.0,243.0,291.0,340.0,False,SOFT,5.0,True,Audi,3563.515,2026-06-14 13:09:10.280,1,9.0,False,,False,True
3733.138,HUL,27,85.236,6.0,1.0,,,24.067,35.207,25.962,3672.036,3707.243,3733.205,232.0,246.0,292.0,343.0,False,SOFT,6.0,True,Audi,3647.902,2026-06-14 13:10:34.667,1,9.0,False,,False,True
3818.466,HUL,27,85.328,7.0,1.0,,,24.133,34.978,26.217,3757.338,3792.316,3818.533,241.0,244.0,286.0,337.0,False,SOFT,7.0,True,Audi,3733.138,2026-06-14 13:11:59.903,1,9.0,False,,False,True
3903.572,HUL,27,85.106,8.0,1.0,,,24.694,34.673,25.739,3843.227,3877.9,3903.639,240.0,258.0,292.0,323.0,False,SOFT,8.0,True,Audi,3818.466,2026-06-14 13:13:25.231,1,9.0,False,,False,True
3988.671,HUL,27,85.099,9.0,1.0,,,24.552,34.659,25.888,3928.191,3962.85,3988.738,248.0,252.0,289.0,329.0,False,SOFT,9.0,True,Audi,3903.572,2026-06-14 13:14:50.337,1,9.0,False,,False,True
4074.122,HUL,27,85.451,10.0,1.0,,,24.759,34.675,26.017,4013.497,4048.172,4074.189,240.0,255.0,291.0,330.0,False,SOFT,10.0,True,Audi,3988.671,2026-06-14 13:16:15.436,1,9.0,False,,False,True
4159.509,HUL,27,85.387,11.0,1.0,,,24.678,34.747,25.962,4098.867,4133.614,4159.576,240.0,248.0,290.0,327.0,False,SOFT,11.0,True,Audi,4074.122,2026-06-14 13:17:40.887,1,8.0,False,,False,True
4245.254,HUL,27,85.745,12.0,1.0,,,24.818,34.859,26.068,4184.394,4219.253,4245.321,245.0,251.0,289.0,319.0,False,SOFT,12.0,True,Audi,4159.509,2026-06-14 13:19:06.274,1,8.0,False,,False,True
4335.165,HUL,27,89.911,13.0,1.0,,4332.256,24.776,34.74,30.395,4270.097,4304.837,4335.232,246.0,249.0,,324.0,False,SOFT,13.0,True,Audi,4245.254,2026-06-14 13:20:32.019,1,9.0,False,,False,False
4439.903,HUL,27,104.738,14.0,2.0,4355.089,,44.564,34.378,25.796,4379.796,4414.174,4439.97,239.0,250.0,293.0,244.0,False,HARD,1.0,True,Audi,4335.165,2026-06-14 13:22:01.930,1,15.0,False,,False,False
4524.682,HUL,27,84.779,15.0,2.0,,,24.546,34.583,25.65,4464.516,4499.099,4524.749,239.0,256.0,290.0,326.0,False,HARD,2.0,True,Audi,4439.903,2026-06-14 13:23:46.668,1,13.0,False,,False,True
4608.808,HUL,27,84.126,16.0,2.0,,,24.574,34.058,25.494,4549.323,4583.381,4608.875,254.0,258.0,291.0,327.0,False,HARD,3.0,True,Audi,4524.682,2026-06-14 13:25:11.447,1,12.0,False,,False,True
4693.275,HUL,27,84.467,17.0,2.0,,,24.404,34.303,25.76,4633.279,4667.582,4693.342,243.0,259.0,291.0,334.0,False,HARD,4.0,True,Audi,4608.808,2026-06-14 13:26:35.573,1,12.0,False,,False,True
4778.154,HUL,27,84.879,18.0,2.0,,,24.508,34.48,25.891,4717.85,4752.33,4778.221,244.0,244.0,294.0,332.0,False,HARD,5.0,True,Audi,4693.275,2026-06-14 13:28:00.040,1,11.0,False,,False,True
4862.108,HUL,27,83.954,19.0,2.0,,,24.056,34.301,25.597,4802.277,4836.578,4862.175,240.0,253.0,294.0,337.0,False,HARD,6.0,True,Audi,4778.154,2026-06-14 13:29:24.919,1,11.0,False,,False,True
4946.346,HUL,27,84.238,20.0,2.0,,,24.318,34.317,25.603,4886.493,4920.81,4946.413,243.0,255.0,294.0,334.0,False,HARD,7.0,True,Audi,4862.108,2026-06-14 13:30:48.873,1,11.0,False,,False,True
5030.417,HUL,27,84.071,21.0,2.0,,,24.158,34.388,25.525,4970.571,5004.959,5030.484,242.0,256.0,294.0,339.0,False,HARD,8.0,True,Audi,4946.346,2026-06-14 13:32:13.111,1,11.0,False,,False,True
5114.443,HUL,27,84.026,22.0,2.0,,,24.071,34.445,25.51,5054.555,5089.0,5114.51,244.0,252.0,294.0,340.0,False,HARD,9.0,True,Audi,5030.417,2026-06-14 13:33:37.182,1,10.0,False,,False,True
5198.781,HUL,27,84.338,23.0,2.0,,,24.236,34.54,25.562,5138.746,5173.286,5198.848,244.0,250.0,294.0,349.0,False,HARD,10.0,True,Audi,5114.443,2026-06-14 13:35:01.208,1,10.0,False,,False,True
5284.041,HUL,27,85.26,24.0,2.0,,,24.86,34.699,25.701,5223.708,5258.407,5284.108,234.0,257.0,293.0,349.0,False,HARD,11.0,True,Audi,5198.781,2026-06-14 13:36:25.546,1,10.0,False,,False,True
5368.648,HUL,27,84.607,25.0,2.0,,,24.26,34.651,25.696,5308.368,5343.019,5368.715,242.0,250.0,293.0,340.0,False,HARD,12.0,True,Audi,5284.041,2026-06-14 13:37:50.806,1,10.0,False,,False,True
5453.32,HUL,27,84.672,26.0,2.0,,,24.311,34.524,25.837,5393.026,5427.55,5453.387,250.0,251.0,287.0,339.0,False,HARD,13.0,True,Audi,5368.648,2026-06-14 13:39:15.413,1,10.0,False,,False,True
5538.093,HUL,27,84.773,27.0,2.0,,,24.547,34.61,25.616,5477.934,5512.544,5538.16,237.0,244.0,294.0,348.0,False,HARD,14.0,True,Audi,5453.32,2026-06-14 13:40:40.085,1,10.0,False,,False,True
5623.198,HUL,27,85.105,28.0,2.0,,,24.364,34.84,25.901,5562.524,5597.364,5623.265,243.0,247.0,292.0,345.0,False,HARD,15.0,True,Audi,5538.093,2026-06-14 13:42:04.858,1,10.0,False,,False,True
5718.934,HUL,27,95.736,29.0,2.0,,5715.503,24.187,34.735,36.814,5647.452,5682.187,5719.001,248.0,250.0,,343.0,False,HARD,16.0,True,Audi,5623.198,2026-06-14 13:43:29.963,1,12.0,False,,False,False
3309.259,VER,3,87.92,1.0,1.0,,,,33.932,24.966,,3284.464,3309.372,245.0,248.0,299.0,296.0,False,SOFT,4.0,False,Red Bull Racing,3221.09,2026-06-14 13:03:27.855,1,5.0,False,,False,False
3391.887,VER,3,82.628,2.0,1.0,,,23.69,33.833,25.105,3332.98,3366.813,3391.918,241.0,250.0,296.0,342.0,True,SOFT,5.0,False,Red Bull Racing,3309.259,2026-06-14 13:04:56.024,1,5.0,False,,False,True
3474.621,VER,3,82.734,3.0,1.0,,,23.85,33.625,25.259,3415.768,3449.393,3474.652,249.0,259.0,295.0,337.0,False,SOFT,6.0,False,Red Bull Racing,3391.887,2026-06-14 13:06:18.652,1,5.0,False,,False,True
3557.619,VER,3,82.998,4.0,1.0,,,23.988,33.679,25.331,3498.64,3532.319,3557.65,252.0,260.0,294.0,336.0,False,SOFT,7.0,False,Red Bull Racing,3474.621,2026-06-14 13:07:41.386,1,5.0,False,,False,True
3640.648,VER,3,83.029,5.0,1.0,,,24.014,33.666,25.349,3581.664,3615.33,3640.679,257.0,267.0,294.0,335.0,False,SOFT,8.0,False,Red Bull Racing,3557.619,2026-06-14 13:09:04.384,1,5.0,False,,False,True
3724.061,VER,3,83.413,6.0,1.0,,,24.045,33.861,25.507,3664.724,3698.585,3724.092,256.0,263.0,293.0,336.0,False,SOFT,9.0,False,Red Bull Racing,3640.648,2026-06-14 13:10:27.413,1,5.0,False,,False,True
3807.404,VER,3,83.343,7.0,1.0,,,24.032,33.854,25.457,3748.124,3781.978,3807.435,258.0,265.0,294.0,336.0,False,SOFT,10.0,False,Red Bull Racing,3724.061,2026-06-14 13:11:50.826,1,5.0,False,,False,True
3891.067,VER,3,83.663,8.0,1.0,,,24.149,34.009,25.505,3831.584,3865.593,3891.098,256.0,268.0,291.0,334.0,False,SOFT,11.0,False,Red Bull Racing,3807.404,2026-06-14 13:13:14.169,1,5.0,False,,False,True
3975.036,VER,3,83.969,9.0,1.0,,,24.243,34.087,25.639,3915.341,3949.428,3975.067,256.0,264.0,292.0,334.0,False,SOFT,12.0,False,Red Bull Racing,3891.067,2026-06-14 13:14:37.832,1,5.0,False,,False,True
4059.349,VER,3,84.313,10.0,1.0,,,24.228,34.084,26.001,3999.295,4033.379,4059.38,261.0,269.0,292.0,330.0,False,SOFT,13.0,False,Red Bull Racing,3975.036,2026-06-14 13:16:01.801,1,5.0,False,,False,True
4143.526,VER,3,84.177,11.0,1.0,,,24.26,34.106,25.811,4083.64,4117.746,4143.557,259.0,266.0,291.0,330.0,False,SOFT,14.0,False,Red Bull Racing,4059.349,2026-06-14 13:17:26.114,1,5.0,False,,False,True
4232.02,VER,3,88.494,12.0,1.0,,4229.419,24.277,34.254,29.963,4167.834,4202.088,4232.051,258.0,257.0,,332.0,False,SOFT,15.0,False,Red Bull Racing,4143.526,2026-06-14 13:18:50.291,1,6.0,False,,False,False
4333.117,VER,3,101.097,13.0,2.0,4251.549,,43.206,33.051,24.84,4275.257,4308.308,4333.148,244.0,265.0,298.0,260.0,False,MEDIUM,1.0,True,Red Bull Racing,4232.02,2026-06-14 13:20:18.785,1,8.0,False,,False,False
4415.021,VER,3,81.904,14.0,2.0,,,23.601,33.295,25.008,4356.749,4390.044,4415.052,258.0,262.0,295.0,331.0,True,MEDIUM,2.0,True,Red Bull Racing,4333.117,2026-06-14 13:21:59.882,1,7.0,False,,False,True
4496.938,VER,3,81.917,15.0,2.0,,,23.748,33.132,25.037,4438.8,4471.932,4496.969,254.0,266.0,295.0,326.0,False,MEDIUM,3.0,True,Red Bull Racing,4415.021,2026-06-14 13:23:21.786,1,6.0,False,,False,True
4579.136,VER,3,82.198,16.0,2.0,,,23.764,33.367,25.067,4520.733,4554.1,4579.167,259.0,265.0,294.0,331.0,False,MEDIUM,4.0,True,Red Bull Racing,4496.938,2026-06-14 13:24:43.703,1,6.0,False,,False,True
4661.456,VER,3,82.32,17.0,2.0,,,23.869,33.333,25.118,4603.036,4636.369,4661.487,256.0,267.0,293.0,328.0,False,MEDIUM,5.0,True,Red Bull Racing,4579.136,2026-06-14 13:26:05.901,1,5.0,False,,False,True
4743.943,VER,3,82.487,18.0,2.0,,,23.823,33.513,25.151,4685.31,4718.823,4743.974,258.0,266.0,293.0,332.0,False,MEDIUM,6.0,True,Red Bull Racing,4661.456,2026-06-14 13:27:28.221,1,5.0,False,,False,True
4826.466,VER,3,82.523,19.0,2.0,,,23.894,33.399,25.23,4767.868,4801.267,4826.497,257.0,268.0,292.0,333.0,False,MEDIUM,7.0,True,Red Bull Racing,4743.943,2026-06-14 13:28:50.708,1,5.0,False,,False,True
4909.336,VER,3,82.87,20.0,2.0,,,24.024,33.538,25.308,4850.521,4884.059,4909.367,251.0,270.0,292.0,326.0,False,MEDIUM,8.0,True,Red Bull Racing,4826.466,2026-06-14 13:30:13.231,1,5.0,False,,False,True
4992.213,VER,3,82.877,21.0,2.0,,,24.061,33.555,25.261,4933.428,4966.983,4992.244,261.0,266.0,293.0,330.0,False,MEDIUM,9.0,True,Red Bull Racing,4909.336,2026-06-14 13:31:36.101,1,5.0,False,,False,True
5075.034,VER,3,82.821,22.0,2.0,,,23.982,33.641,25.198,5016.226,5049.867,5075.065,259.0,270.0,293.0,330.0,False,MEDIUM,10.0,True,Red Bull Racing,4992.213,2026-06-14 13:32:58.978,1,5.0,False,,False,True
5157.841,VER,3,82.807,23.0,2.0,,,24.029,33.531,25.247,5099.094,5132.625,5157.872,261.0,270.0,293.0,329.0,False,MEDIUM,11.0,True,Red Bull Racing,5075.034,2026-06-14 13:34:21.799,1,5.0,False,,False,True
5240.652,VER,3,82.811,24.0,2.0,,,24.019,33.608,25.184,5181.891,5215.499,5240.683,260.0,272.0,294.0,331.0,False,MEDIUM,12.0,True,Red Bull Racing,5157.841,2026-06-14 13:35:44.606,1,5.0,False,,False,True
5323.706,VER,3,83.054,25.0,2.0,,,24.002,33.702,25.35,5264.685,5298.387,5323.737,260.0,269.0,291.0,328.0,False,MEDIUM,13.0,True,Red Bull Racing,5240.652,2026-06-14 13:37:07.417,1,5.0,False,,False,True
5406.918,VER,3,83.212,26.0,2.0,,,24.0,33.633,25.579,5347.737,5381.37,5406.949,260.0,273.0,296.0,333.0,False,MEDIUM,14.0,True,Red Bull Racing,5323.706,2026-06-14 13:38:30.471,1,5.0,False,,False,True
5490.401,VER,3,83.483,27.0,2.0,,,23.943,34.083,25.457,5430.892,5464.975,5490.432,263.0,264.0,293.0,335.0,False,MEDIUM,15.0,True,Red Bull Racing,5406.918,2026-06-14 13:39:53.683,1,5.0,False,,False,True
5573.71,VER,3,83.309,28.0,2.0,,,24.091,33.818,25.4,5514.523,5548.341,5573.741,259.0,270.0,293.0,333.0,False,MEDIUM,16.0,True,Red Bull Racing,5490.401,2026-06-14 13:41:17.166,1,4.0,False,,False,True
5660.952,VER,3,87.242,29.0,2.0,,5658.333,24.11,33.83,29.302,5597.851,5631.681,5660.983,261.0,271.0,,335.0,False,MEDIUM,17.0,True,Red Bull Racing,5573.71,2026-06-14 13:42:40.475,1,5.0,False,,False,False
5763.466,VER,3,102.514,30.0,3.0,5682.533,,45.015,32.859,24.64,5705.998,5738.857,5763.497,256.0,265.0,296.0,258.0,False,HARD,1.0,True,Red Bull Racing,5660.952,2026-06-14 13:44:07.717,1,7.0,False,,False,False
5844.688,VER,3,81.222,31.0,3.0,,,23.6,32.942,24.68,5787.097,5820.039,5844.719,263.0,272.0,298.0,329.0,True,HARD,2.0,True,Red Bull Racing,5763.466,2026-06-14 13:45:50.231,1,7.0,False,,False,True
5926.408,VER,3,81.72,32.0,3.0,,,23.671,33.159,24.89,5868.39,5901.549,5926.439,261.0,273.0,296.0,332.0,False,HARD,3.0,True,Red Bull Racing,5844.688,2026-06-14 13:47:11.453,1,7.0,False,,False,True
6007.953,VER,3,81.545,33.0,3.0,,,23.676,33.148,24.721,5950.115,5983.263,6007.984,261.0,273.0,295.0,327.0,False,HARD,4.0,True,Red Bull Racing,5926.408,2026-06-14 13:48:33.173,1,7.0,False,,False,True
6089.782,VER,3,81.829,34.0,3.0,,,23.888,33.066,24.875,6031.872,6064.938,6089.813,262.0,272.0,295.0,329.0,False,HARD,5.0,True,Red Bull Racing,6007.953,2026-06-14 13:49:54.718,1,7.0,False,,False,True
6171.556,VER,3,81.774,35.0,3.0,,,23.699,33.191,24.884,6113.512,6146.703,6171.587,265.0,277.0,295.0,332.0,False,HARD,6.0,True,Red Bull Racing,6089.782,2026-06-14 13:51:16.547,1,7.0,False,,False,True
6253.677,VER,3,82.121,36.0,3.0,,,23.785,33.369,24.967,6195.372,6228.741,6253.708,259.0,278.0,295.0,334.0,False,HARD,7.0,True,Red Bull Racing,6171.556,2026-06-14 13:52:38.321,1,7.0,False,,False,True
6335.561,VER,3,81.884,37.0,3.0,,,23.657,33.277,24.95,6277.365,6310.642,6335.592,266.0,277.0,296.0,333.0,False,HARD,8.0,True,Red Bull Racing,6253.677,2026-06-14 13:54:00.442,1,6.0,False,,False,True
6417.481,VER,3,81.92,38.0,3.0,,,23.713,33.292,24.915,6359.305,6392.597,6417.512,268.0,273.0,297.0,332.0,False,HARD,9.0,True,Red Bull Racing,6335.561,2026-06-14 13:55:22.326,1,6.0,False,,False,True
6499.579,VER,3,82.098,39.0,3.0,,,23.857,33.394,24.847,6441.369,6474.763,6499.61,266.0,275.0,298.0,336.0,False,HARD,10.0,True,Red Bull Racing,6417.481,2026-06-14 13:56:44.246,1,6.0,False,,False,True
6592.25,VER,3,92.671,40.0,3.0,,6589.651,23.719,33.49,35.462,6523.329,6556.819,6592.281,265.0,277.0,,334.0,False,HARD,11.0,True,Red Bull Racing,6499.579,2026-06-14 13:58:06.344,126,5.0,False,,False,False
6713.03,VER,3,120.78,41.0,4.0,6612.38,,48.009,44.353,28.418,6640.29,6684.643,6713.061,221.0,221.0,303.0,260.0,False,MEDIUM,1.0,True,Red Bull Racing,6592.25,2026-06-14 13:59:39.015,671,5.0,False,,False,False
6793.26,VER,3,80.23,42.0,4.0,,,23.372,32.542,24.316,6736.433,6768.975,6793.291,264.0,268.0,301.0,336.0,True,MEDIUM,2.0,True,Red Bull Racing,6713.03,2026-06-14 14:01:39.795,1,5.0,False,,False,True
6873.794,VER,3,80.534,43.0,4.0,,,23.464,32.645,24.425,6816.755,6849.4,6873.825,262.0,271.0,298.0,336.0,False,MEDIUM,3.0,True,Red Bull Racing,6793.26,2026-06-14 14:03:00.025,1,5.0,False,,False,True
6954.485,VER,3,80.691,44.0,4.0,,,23.479,32.693,24.519,6897.304,6929.997,6954.516,261.0,269.0,297.0,331.0,False,MEDIUM,4.0,True,Red Bull Racing,6873.794,2026-06-14 14:04:20.559,1,5.0,False,,False,True
7035.266,VER,3,80.781,45.0,4.0,,,23.392,32.784,24.605,6977.908,7010.692,7035.297,261.0,275.0,297.0,326.0,False,MEDIUM,5.0,True,Red Bull Racing,6954.485,2026-06-14 14:05:41.250,1,5.0,False,,False,True
7115.733,VER,3,80.467,46.0,4.0,,,23.466,32.568,24.433,7058.763,7091.331,7115.764,262.0,276.0,301.0,333.0,False,MEDIUM,6.0,True,Red Bull Racing,7035.266,2026-06-14 14:07:02.031,1,5.0,False,,False,True
7196.583,VER,3,80.85,47.0,4.0,,,23.363,32.733,24.754,7139.127,7171.86,7196.614,261.0,278.0,297.0,334.0,False,MEDIUM,7.0,True,Red Bull Racing,7115.733,2026-06-14 14:08:22.498,1,5.0,False,,False,True
7277.561,VER,3,80.978,48.0,4.0,,,23.501,33.085,24.392,7220.115,7253.2,7277.592,261.0,280.0,302.0,336.0,False,MEDIUM,8.0,True,Red Bull Racing,7196.583,2026-06-14 14:09:43.348,1,5.0,False,,False,True
7358.665,VER,3,81.104,49.0,4.0,,,23.428,32.938,24.738,7301.02,7333.958,7358.696,269.0,281.0,299.0,335.0,False,MEDIUM,9.0,True,Red Bull Racing,7277.561,2026-06-14 14:11:04.326,1,5.0,False,,False,True
7440.458,VER,3,81.793,50.0,4.0,,,23.533,33.397,24.863,7382.229,7415.626,7440.489,268.0,259.0,296.0,333.0,False,MEDIUM,10.0,True,Red Bull Racing,7358.665,2026-06-14 14:12:25.430,1,5.0,False,,False,True
7521.742,VER,3,81.284,51.0,4.0,,,23.51,33.075,24.699,7463.999,7497.074,7521.773,272.0,280.0,297.0,332.0,False,MEDIUM,11.0,True,Red Bull Racing,7440.458,2026-06-14 14:13:47.223,1,5.0,False,,False,True
7603.216,VER,3,81.474,52.0,4.0,,,23.585,33.132,24.757,7545.358,7578.49,7603.247,268.0,283.0,297.0,333.0,False,MEDIUM,12.0,True,Red Bull Racing,7521.742,2026-06-14 14:15:08.507,1,5.0,False,,False,True
7684.468,VER,3,81.252,53.0,4.0,,,23.606,33.062,24.584,7626.853,7659.915,7684.499,270.0,287.0,298.0,335.0,False,MEDIUM,13.0,True,Red Bull Racing,7603.216,2026-06-14 14:16:29.981,1,5.0,False,,False,True
7765.977,VER,3,81.509,54.0,4.0,,,23.605,33.17,24.734,7708.104,7741.274,7766.008,268.0,285.0,296.0,330.0,False,MEDIUM,14.0,True,Red Bull Racing,7684.468,2026-06-14 14:17:51.233,1,5.0,False,,False,True
7847.528,VER,3,81.551,55.0,4.0,,,23.65,33.116,24.785,7789.658,7822.774,7847.559,268.0,282.0,297.0,330.0,False,MEDIUM,15.0,True,Red Bull Racing,7765.977,2026-06-14 14:19:12.742,1,5.0,False,,False,True
7929.14,VER,3,81.612,56.0,4.0,,,23.591,33.215,24.806,7871.15,7904.365,7929.171,268.0,280.0,297.0,331.0,False,MEDIUM,16.0,True,Red Bull Racing,7847.528,2026-06-14 14:20:34.293,1,5.0,False,,False,True
8010.645,VER,3,81.505,57.0,4.0,,,23.734,33.089,24.682,7952.905,7985.994,8010.676,268.0,280.0,297.0,331.0,False,MEDIUM,17.0,True,Red Bull Racing,7929.14,2026-06-14 14:21:55.905,1,5.0,False,,False,True
8092.54,VER,3,81.895,58.0,4.0,,,23.667,33.32,24.908,8034.343,8067.663,8092.571,268.0,281.0,298.0,331.0,False,MEDIUM,18.0,True,Red Bull Racing,8010.645,2026-06-14 14:23:17.410,1,5.0,False,,False,True
8174.609,VER,3,82.069,59.0,4.0,,,23.826,33.202,25.041,8116.397,8149.599,8174.64,269.0,281.0,297.0,332.0,False,MEDIUM,19.0,True,Red Bull Racing,8092.54,2026-06-14 14:24:39.305,1,5.0,False,,False,True
8257.13,VER,3,82.521,60.0,4.0,,,23.838,33.455,25.228,8198.478,8231.933,8257.161,262.0,271.0,296.0,332.0,False,MEDIUM,20.0,True,Red Bull Racing,8174.609,2026-06-14 14:26:01.374,1,5.0,False,,False,True
8339.641,VER,3,82.511,61.0,4.0,,,23.927,33.323,25.261,8281.088,8314.411,8339.672,265.0,271.0,295.0,332.0,False,MEDIUM,21.0,True,Red Bull Racing,8257.13,2026-06-14 14:27:23.895,1,5.0,False,,False,True
8427.748,VER,3,88.107,62.0,4.0,,,23.894,33.839,30.374,8363.566,8397.405,8427.779,268.0,267.0,238.0,332.0,False,MEDIUM,22.0,True,Red Bull Racing,8339.641,2026-06-14 14:28:46.406,126,4.0,False,,False,False
8537.33,VER,3,109.582,63.0,4.0,,,32.905,42.923,33.754,8460.684,8503.607,8537.361,194.0,161.0,236.0,239.0,False,MEDIUM,23.0,True,Red Bull Racing,8427.748,2026-06-14 14:30:14.513,6,4.0,False,,False,False
8642.943,VER,3,105.613,64.0,4.0,,,30.483,44.434,30.696,8567.844,8612.278,8642.974,183.0,173.0,291.0,243.0,False,MEDIUM,24.0,True,Red Bull Racing,8537.33,2026-06-14 14:32:04.095,671,4.0,False,,False,False
8726.417,VER,3,83.474,65.0,4.0,,,24.346,33.755,25.373,8667.32,8701.075,8726.448,248.0,265.0,296.0,326.0,False,MEDIUM,25.0,True,Red Bull Racing,8642.943,2026-06-14 14:33:49.708,1,4.0,False,,False,True
8809.941,VER,3,83.524,66.0,4.0,,,24.034,33.855,25.635,8750.482,8784.337,8809.972,256.0,266.0,296.0,332.0,False,MEDIUM,26.0,True,Red Bull Racing,8726.417,2026-06-14 14:35:13.182,1,4.0,False,,False,True
3311.41,LAW,30,90.071,1.0,1.0,,,,34.775,25.514,,3286.011,3311.591,225.0,236.0,297.0,307.0,False,MEDIUM,1.0,True,Racing Bulls,3221.09,2026-06-14 13:03:27.855,1,8.0,False,,False,False
3395.195,LAW,30,83.785,2.0,1.0,,,24.27,34.221,25.294,3335.715,3369.936,3395.23,233.0,244.0,296.0,338.0,True,MEDIUM,2.0,True,Racing Bulls,3311.41,2026-06-14 13:04:58.175,1,8.0,False,,False,True
3478.935,LAW,30,83.74,3.0,1.0,,,24.187,34.166,25.387,3419.417,3453.583,3478.97,240.0,256.0,295.0,336.0,True,MEDIUM,3.0,True,Racing Bulls,3395.195,2026-06-14 13:06:21.960,1,8.0,False,,False,True
3562.803,LAW,30,83.868,4.0,1.0,,,24.24,34.073,25.555,3503.21,3537.283,3562.838,254.0,262.0,293.0,334.0,False,MEDIUM,4.0,True,Racing Bulls,3478.935,2026-06-14 13:07:45.700,1,8.0,False,,False,True
3647.177,LAW,30,84.374,5.0,1.0,,,24.497,34.272,25.605,3587.335,3621.607,3647.212,250.0,263.0,292.0,333.0,False,MEDIUM,5.0,True,Racing Bulls,3562.803,2026-06-14 13:09:09.568,1,8.0,False,,False,True
3732.38,LAW,30,85.203,6.0,1.0,,,24.555,34.793,25.855,3671.767,3706.56,3732.415,246.0,249.0,292.0,330.0,False,MEDIUM,6.0,True,Racing Bulls,3647.177,2026-06-14 13:10:33.942,1,8.0,False,,False,True
3817.163,LAW,30,84.783,7.0,1.0,,,24.559,34.36,25.864,3756.974,3791.334,3817.198,250.0,257.0,292.0,326.0,False,MEDIUM,7.0,True,Racing Bulls,3732.38,2026-06-14 13:11:59.145,1,8.0,False,,False,True
3902.472,LAW,30,85.309,8.0,1.0,,,24.699,34.748,25.862,3841.897,3876.645,3902.507,250.0,254.0,291.0,327.0,False,MEDIUM,8.0,True,Racing Bulls,3817.163,2026-06-14 13:13:23.928,1,8.0,False,,False,True
3987.657,LAW,30,85.185,9.0,1.0,,,24.612,34.698,25.875,3927.119,3961.817,3987.692,247.0,260.0,291.0,330.0,False,MEDIUM,9.0,True,Racing Bulls,3902.472,2026-06-14 13:14:49.237,1,8.0,False,,False,True
4072.946,LAW,30,85.289,10.0,1.0,,,24.666,34.52,26.103,4012.358,4046.878,4072.981,248.0,259.0,289.0,326.0,False,MEDIUM,10.0,True,Racing Bulls,3987.657,2026-06-14 13:16:14.422,1,8.0,False,,False,True
4162.014,LAW,30,89.068,11.0,1.0,,4159.384,24.821,34.539,29.708,4097.802,4132.341,4162.049,244.0,255.0,,330.0,False,MEDIUM,11.0,True,Racing Bulls,4072.946,2026-06-14 13:17:39.711,1,10.0,False,,False,False
4268.891,LAW,30,106.877,12.0,2.0,4185.247,,47.577,33.765,25.535,4209.626,4243.391,4268.926,238.0,254.0,292.0,262.0,False,HARD,1.0,True,Racing Bulls,4162.014,2026-06-14 13:19:08.779,1,18.0,False,,False,False
4352.976,LAW,30,84.085,13.0,2.0,,,24.475,33.989,25.621,4293.401,4327.39,4353.011,252.0,255.0,294.0,329.0,False,HARD,2.0,True,Racing Bulls,4268.891,2026-06-14 13:20:55.656,1,17.0,False,,False,True
4437.846,LAW,30,84.87,14.0,2.0,,,24.576,34.367,25.927,4377.587,4411.954,4437.881,248.0,248.0,290.0,328.0,False,HARD,3.0,True,Racing Bulls,4352.976,2026-06-14 13:22:19.741,1,14.0,False,,False,True
4522.413,LAW,30,84.567,15.0,2.0,,,24.63,34.213,25.724,4462.511,4496.724,4522.448,255.0,254.0,289.0,331.0,False,HARD,4.0,True,Racing Bulls,4437.846,2026-06-14 13:23:44.611,1,11.0,False,,False,True
4606.819,LAW,30,84.406,16.0,2.0,,,24.564,34.035,25.807,4547.012,4581.047,4606.854,259.0,259.0,292.0,331.0,False,HARD,5.0,True,Racing Bulls,4522.413,2026-06-14 13:25:09.178,1,10.0,False,,False,True
4692.012,LAW,30,85.193,17.0,2.0,,,24.825,34.451,25.917,4631.679,4666.13,4692.047,240.0,247.0,292.0,332.0,False,HARD,6.0,True,Racing Bulls,4606.819,2026-06-14 13:26:33.584,1,11.0,False,,False,True
4777.34,LAW,30,85.328,18.0,2.0,,,24.514,34.6,26.214,4716.561,4751.161,4777.375,248.0,242.0,291.0,335.0,False,HARD,7.0,True,Racing Bulls,4692.012,2026-06-14 13:27:58.777,1,10.0,False,,False,True
4861.365,LAW,30,84.025,19.0,2.0,,,24.342,34.133,25.55,4801.717,4835.85,4861.4,249.0,257.0,292.0,330.0,False,HARD,8.0,True,Racing Bulls,4777.34,2026-06-14 13:29:24.105,1,10.0,False,,False,True
4945.435,LAW,30,84.07,20.0,2.0,,,24.432,34.067,25.571,4885.832,4919.899,4945.47,252.0,255.0,293.0,326.0,False,HARD,9.0,True,Racing Bulls,4861.365,2026-06-14 13:30:48.130,1,10.0,False,,False,True
5029.512,LAW,30,84.077,21.0,2.0,,,24.531,33.961,25.585,4970.001,5003.962,5029.547,248.0,265.0,292.0,328.0,False,HARD,10.0,True,Racing Bulls,4945.435,2026-06-14 13:32:12.200,1,10.0,False,,False,True
5113.838,LAW,30,84.326,22.0,2.0,,,24.435,34.168,25.723,5053.982,5088.15,5113.873,251.0,260.0,294.0,330.0,False,HARD,11.0,True,Racing Bulls,5029.512,2026-06-14 13:33:36.277,1,9.0,False,,False,True
5198.287,LAW,30,84.449,23.0,2.0,,,24.444,34.316,25.689,5138.317,5172.633,5198.322,244.0,257.0,292.0,330.0,False,HARD,12.0,True,Racing Bulls,5113.838,2026-06-14 13:35:00.603,1,9.0,False,,False,True
5283.317,LAW,30,85.03,24.0,2.0,,,24.919,34.411,25.7,5223.241,5257.652,5283.352,254.0,260.0,292.0,325.0,False,HARD,13.0,True,Racing Bulls,5198.287,2026-06-14 13:36:25.052,1,9.0,False,,False,True
5367.812,LAW,30,84.495,25.0,2.0,,,24.466,34.295,25.734,5307.818,5342.113,5367.847,249.0,265.0,292.0,329.0,False,HARD,14.0,True,Racing Bulls,5283.317,2026-06-14 13:37:50.082,1,9.0,False,,False,True
5452.753,LAW,30,84.941,26.0,2.0,,,24.595,34.33,26.016,5392.442,5426.772,5452.788,254.0,251.0,292.0,324.0,False,HARD,15.0,True,Racing Bulls,5367.812,2026-06-14 13:39:14.577,1,9.0,False,,False,True
5537.435,LAW,30,84.682,27.0,2.0,,,24.659,34.391,25.632,5477.447,5511.838,5537.47,254.0,257.0,293.0,328.0,False,HARD,16.0,True,Racing Bulls,5452.753,2026-06-14 13:40:39.518,1,9.0,False,,False,True
5622.323,LAW,30,84.888,28.0,2.0,,,24.589,34.449,25.85,5562.059,5596.508,5622.358,251.0,260.0,292.0,329.0,False,HARD,17.0,True,Racing Bulls,5537.435,2026-06-14 13:42:04.200,1,9.0,False,,False,True
5707.224,LAW,30,84.901,29.0,2.0,,,24.588,34.386,25.927,5646.946,5681.332,5707.259,250.0,257.0,292.0,329.0,False,HARD,18.0,True,Racing Bulls,5622.323,2026-06-14 13:43:29.088,1,9.0,False,,False,True
5792.257,LAW,30,85.033,30.0,2.0,,,24.665,34.562,25.806,5731.924,5766.486,5792.292,247.0,266.0,289.0,329.0,False,HARD,19.0,True,Racing Bulls,5707.224,2026-06-14 13:44:53.989,1,9.0,True,TRACK LIMITS AT TURN 13 LAP 30 ,False,True
5877.36,LAW,30,85.103,31.0,2.0,,,24.781,34.355,25.967,5817.073,5851.428,5877.395,251.0,256.0,293.0,329.0,False,HARD,20.0,True,Racing Bulls,5792.257,2026-06-14 13:46:19.022,1,9.0,False,,False,True
5962.494,LAW,30,85.134,32.0,2.0,,,24.718,34.525,25.891,5902.113,5936.638,5962.529,255.0,259.0,292.0,329.0,False,HARD,21.0,True,Racing Bulls,5877.36,2026-06-14 13:47:44.125,1,9.0,False,,False,True
6047.764,LAW,30,85.27,33.0,2.0,,,24.964,34.541,25.765,5987.493,6022.034,6047.799,245.0,261.0,292.0,329.0,False,HARD,22.0,True,Racing Bulls,5962.494,2026-06-14 13:49:09.259,1,9.0,False,,False,True
6133.07,LAW,30,85.306,34.0,2.0,,,24.719,34.633,25.954,6072.518,6107.151,6133.105,250.0,260.0,290.0,332.0,False,HARD,23.0,True,Racing Bulls,6047.764,2026-06-14 13:50:34.529,1,9.0,False,,False,True
6222.303,LAW,30,89.233,35.0,2.0,,6219.629,24.73,34.676,29.827,6157.835,6192.511,6222.338,249.0,265.0,,330.0,False,HARD,24.0,True,Racing Bulls,6133.07,2026-06-14 13:51:59.835,1,10.0,False,,False,False
6326.207,LAW,30,103.904,36.0,3.0,6242.783,,44.649,33.958,25.297,6266.987,6300.945,6326.242,245.0,254.0,296.0,263.0,False,HARD,1.0,True,Racing Bulls,6222.303,2026-06-14 13:53:29.068,1,12.0,False,,False,False
6412.62,LAW,30,86.413,37.0,3.0,,,24.268,35.216,26.929,6350.51,6385.726,6412.655,259.0,258.0,297.0,333.0,False,HARD,2.0,True,Racing Bulls,6326.207,2026-06-14 13:55:12.972,1,12.0,False,,False,True
6495.843,LAW,30,83.223,38.0,3.0,,,24.091,33.731,25.401,6436.746,6470.477,6495.878,256.0,264.0,297.0,337.0,True,HARD,3.0,True,Racing Bulls,6412.62,2026-06-14 13:56:39.385,1,11.0,False,,False,True
6586.302,LAW,30,90.459,39.0,3.0,,,24.069,33.696,32.694,6519.947,6553.643,6586.337,266.0,261.0,223.0,334.0,False,HARD,4.0,True,Racing Bulls,6495.843,2026-06-14 13:58:02.608,126,11.0,False,,False,False
6693.46,LAW,30,107.158,40.0,3.0,,,31.603,45.155,30.4,6617.94,6663.095,6693.495,144.0,216.0,215.0,245.0,False,HARD,5.0,True,Racing Bulls,6586.302,2026-06-14 13:59:33.067,67,11.0,False,,False,False
6780.608,LAW,30,87.148,41.0,3.0,,,28.386,33.658,25.104,6721.881,6755.539,6780.643,248.0,272.0,297.0,206.0,False,HARD,6.0,True,Racing Bulls,6693.46,2026-06-14 14:01:20.225,71,11.0,False,,False,False
6863.572,LAW,30,82.964,42.0,3.0,,,24.121,33.719,25.124,6804.764,6838.483,6863.607,255.0,265.0,296.0,334.0,True,HARD,7.0,True,Racing Bulls,6780.608,2026-06-14 14:02:47.373,1,11.0,False,,False,True
6946.401,LAW,30,82.829,43.0,3.0,,,24.088,33.596,25.145,6887.695,6921.291,6946.436,262.0,270.0,295.0,332.0,True,HARD,8.0,True,Racing Bulls,6863.572,2026-06-14 14:04:10.337,1,11.0,False,,False,True
7029.287,LAW,30,82.886,44.0,3.0,,,24.13,33.63,25.126,6970.566,7004.196,7029.322,261.0,266.0,295.0,332.0,False,HARD,9.0,True,Racing Bulls,6946.401,2026-06-14 14:05:33.166,1,11.0,False,,False,True
7111.978,LAW,30,82.691,45.0,3.0,,,24.047,33.475,25.169,7053.369,7086.844,7112.013,265.0,265.0,295.0,333.0,True,HARD,10.0,True,Racing Bulls,7029.287,2026-06-14 14:06:56.052,1,11.0,False,,False,True
7194.686,LAW,30,82.708,46.0,3.0,,,24.009,33.587,25.112,7136.022,7169.609,7194.721,260.0,269.0,296.0,333.0,False,HARD,11.0,True,Racing Bulls,7111.978,2026-06-14 14:08:18.743,1,11.0,False,,False,True
7280.103,LAW,30,85.417,47.0,3.0,,,23.908,34.645,26.864,7218.629,7253.274,7280.138,263.0,195.0,300.0,333.0,False,HARD,12.0,True,Racing Bulls,7194.686,2026-06-14 14:09:41.451,1,11.0,False,,False,True
7363.269,LAW,30,83.166,48.0,3.0,,,24.002,33.832,25.332,7304.14,7337.972,7363.304,253.0,273.0,296.0,342.0,False,HARD,13.0,True,Racing Bulls,7280.103,2026-06-14 14:11:06.868,1,11.0,False,,False,True
7446.697,LAW,30,83.428,49.0,3.0,,,24.07,34.154,25.204,7387.374,7421.528,7446.732,259.0,263.0,297.0,333.0,False,HARD,14.0,True,Racing Bulls,7363.269,2026-06-14 14:12:30.034,1,11.0,False,,False,True
7530.152,LAW,30,83.455,50.0,3.0,,,24.087,33.942,25.426,7470.819,7504.761,7530.187,259.0,268.0,298.0,333.0,False,HARD,15.0,True,Racing Bulls,7446.697,2026-06-14 14:13:53.462,1,11.0,False,,False,True
7615.385,LAW,30,85.233,51.0,3.0,,,24.192,34.141,26.9,7554.379,7588.52,7615.42,247.0,263.0,297.0,337.0,False,HARD,16.0,True,Racing Bulls,7530.152,2026-06-14 14:15:16.917,1,11.0,False,,False,True
7699.053,LAW,30,83.668,52.0,3.0,,,24.224,34.046,25.398,7639.644,7673.69,7699.088,257.0,261.0,296.0,339.0,False,HARD,17.0,True,Racing Bulls,7615.385,2026-06-14 14:16:42.150,1,11.0,False,,False,True
7782.5,LAW,30,83.447,53.0,3.0,,,24.186,33.933,25.328,7723.274,7757.207,7782.535,251.0,264.0,295.0,333.0,False,HARD,18.0,True,Racing Bulls,7699.053,2026-06-14 14:18:05.818,1,11.0,False,,False,True
7866.143,LAW,30,83.643,54.0,3.0,,,24.06,34.133,25.45,7806.595,7840.728,7866.178,258.0,270.0,293.0,335.0,False,HARD,19.0,True,Racing Bulls,7782.5,2026-06-14 14:19:29.265,1,11.0,False,,False,True
7950.394,LAW,30,84.251,55.0,3.0,,,24.356,34.124,25.771,7890.534,7924.658,7950.429,260.0,259.0,291.0,334.0,False,HARD,20.0,True,Racing Bulls,7866.143,2026-06-14 14:20:52.908,1,11.0,False,,False,True
8034.298,LAW,30,83.904,56.0,3.0,,,24.279,34.099,25.526,7974.708,8008.807,8034.333,257.0,260.0,294.0,333.0,False,HARD,21.0,True,Racing Bulls,7950.394,2026-06-14 14:22:17.159,1,11.0,False,,False,True
8117.964,LAW,30,83.666,57.0,3.0,,,24.154,33.947,25.565,8058.487,8092.434,8117.999,259.0,266.0,294.0,333.0,False,HARD,22.0,True,Racing Bulls,8034.298,2026-06-14 14:23:41.063,1,11.0,False,,False,True
8201.55,LAW,30,83.586,58.0,3.0,,,24.096,33.867,25.623,8142.095,8175.962,8201.585,260.0,265.0,294.0,333.0,False,HARD,23.0,True,Racing Bulls,8117.964,2026-06-14 14:25:04.729,1,11.0,False,,False,True
8285.077,LAW,30,83.527,59.0,3.0,,,24.225,33.714,25.588,8225.81,8259.524,8285.112,259.0,271.0,296.0,333.0,False,HARD,24.0,True,Racing Bulls,8201.55,2026-06-14 14:26:28.315,1,11.0,False,,False,True
8368.702,LAW,30,83.625,60.0,3.0,,,24.23,33.775,25.62,8309.342,8343.117,8368.737,260.0,266.0,295.0,333.0,False,HARD,25.0,True,Racing Bulls,8285.077,2026-06-14 14:27:51.842,1,11.0,True,TRACK LIMITS AT TURN 13 LAP 60 ,False,True
8469.261,LAW,30,100.559,61.0,3.0,,,24.316,42.532,33.711,8393.053,8435.585,8469.296,262.0,186.0,260.0,334.0,False,HARD,26.0,True,Racing Bulls,8368.702,2026-06-14 14:29:15.467,126,11.0,False,,False,False
8575.853,LAW,30,106.592,62.0,3.0,,,29.222,44.92,32.45,8498.518,8543.438,8575.888,174.0,200.0,188.0,258.0,False,HARD,27.0,True,Racing Bulls,8469.261,2026-06-14 14:30:56.026,6,10.0,False,,False,False
8673.12,LAW,30,97.267,63.0,3.0,,,30.813,41.135,25.319,8606.701,8647.836,8673.155,201.0,264.0,296.0,303.0,False,HARD,28.0,True,Racing Bulls,8575.853,2026-06-14 14:32:42.618,671,9.0,False,,False,False
8757.007,LAW,30,83.887,64.0,3.0,,,24.371,33.975,25.541,8697.526,8731.501,8757.042,259.0,271.0,296.0,333.0,False,HARD,29.0,True,Racing Bulls,8673.12,2026-06-14 14:34:19.885,1,9.0,False,,False,True
8841.668,LAW,30,84.661,65.0,3.0,,,24.473,34.166,26.022,8781.515,8815.681,8841.703,261.0,263.0,295.0,331.0,False,HARD,30.0,True,Racing Bulls,8757.007,2026-06-14 14:35:43.772,1,9.0,False,,False,True
3315.23,OCO,31,93.891,1.0,1.0,,,,35.826,26.023,,3289.339,3315.347,210.0,252.0,295.0,300.0,False,SOFT,1.0,True,Haas F1 Team,3221.09,2026-06-14 13:03:27.855,1,16.0,False,,False,False
3399.684,OCO,31,84.454,2.0,1.0,,,24.352,34.278,25.824,3339.589,3373.867,3399.691,222.0,243.0,291.0,358.0,True,SOFT,2.0,True,Haas F1 Team,3315.23,2026-06-14 13:05:01.995,1,15.0,False,,False,True
3484.668,OCO,31,84.984,3.0,1.0,,,24.356,34.705,25.923,3424.047,3458.752,3484.675,231.0,248.0,291.0,345.0,False,SOFT,3.0,True,Haas F1 Team,3399.684,2026-06-14 13:06:26.449,1,15.0,False,,False,True
3569.533,OCO,31,84.865,4.0,1.0,,,24.528,34.383,25.954,3509.203,3543.586,3569.54,238.0,252.0,288.0,347.0,False,SOFT,4.0,True,Haas F1 Team,3484.668,2026-06-14 13:07:51.433,1,15.0,False,,False,True
3654.686,OCO,31,85.153,5.0,1.0,,,24.622,34.615,25.916,3594.162,3628.777,3654.693,229.0,251.0,288.0,346.0,False,SOFT,5.0,True,Haas F1 Team,3569.533,2026-06-14 13:09:16.298,1,15.0,False,,False,True
3740.321,OCO,31,85.635,6.0,1.0,,,24.721,34.785,26.129,3679.414,3714.199,3740.328,235.0,246.0,285.0,346.0,False,SOFT,6.0,True,Haas F1 Team,3654.686,2026-06-14 13:10:41.451,1,15.0,False,,False,True
3826.175,OCO,31,85.854,7.0,1.0,,,24.823,34.805,26.226,3765.151,3799.956,3826.182,243.0,257.0,286.0,330.0,False,SOFT,7.0,True,Haas F1 Team,3740.321,2026-06-14 13:12:07.086,1,15.0,False,,False,True
3911.95,OCO,31,85.775,8.0,1.0,,,24.814,34.773,26.188,3850.996,3885.769,3911.957,245.0,258.0,286.0,328.0,False,SOFT,8.0,True,Haas F1 Team,3826.175,2026-06-14 13:13:32.940,1,15.0,False,,False,True
3998.289,OCO,31,86.339,9.0,1.0,,,25.013,34.946,26.38,3936.97,3971.916,3998.296,242.0,256.0,286.0,327.0,False,SOFT,9.0,True,Haas F1 Team,3911.95,2026-06-14 13:14:58.715,1,15.0,False,,False,True
4084.95,OCO,31,86.661,10.0,1.0,,,25.098,35.104,26.459,4023.394,4058.498,4084.957,239.0,249.0,286.0,326.0,False,SOFT,10.0,True,Haas F1 Team,3998.289,2026-06-14 13:16:25.054,1,15.0,False,,False,True
4171.594,OCO,31,86.644,11.0,1.0,,,24.956,35.011,26.677,4109.913,4144.924,4171.601,239.0,253.0,285.0,327.0,False,SOFT,11.0,True,Haas F1 Team,4084.95,2026-06-14 13:17:51.715,1,15.0,False,,False,True
4258.367,OCO,31,86.773,12.0,1.0,,,24.905,35.127,26.741,4196.506,4231.633,4258.374,243.0,249.0,286.0,328.0,False,SOFT,12.0,True,Haas F1 Team,4171.594,2026-06-14 13:19:18.359,1,14.0,False,,False,True
4349.415,OCO,31,91.048,13.0,1.0,,4346.679,25.004,35.261,30.783,4283.378,4318.639,4349.422,243.0,243.0,,327.0,False,SOFT,13.0,True,Haas F1 Team,4258.367,2026-06-14 13:20:45.132,1,15.0,False,,False,False
4453.924,OCO,31,104.509,14.0,2.0,4369.963,,45.13,33.835,25.544,4394.552,4428.387,4453.931,236.0,259.0,290.0,255.0,False,HARD,1.0,True,Haas F1 Team,4349.415,2026-06-14 13:22:16.180,1,18.0,False,,False,False
4538.055,OCO,31,84.131,15.0,2.0,,,24.51,34.004,25.617,4478.441,4512.445,4538.062,237.0,264.0,291.0,322.0,True,HARD,2.0,True,Haas F1 Team,4453.924,2026-06-14 13:24:00.689,1,18.0,False,,False,True
4622.73,OCO,31,84.675,16.0,2.0,,,24.388,34.438,25.849,4562.45,4596.888,4622.737,235.0,251.0,291.0,328.0,False,HARD,3.0,True,Haas F1 Team,4538.055,2026-06-14 13:25:24.820,1,16.0,False,,False,True
4706.949,OCO,31,84.219,17.0,2.0,,,24.393,34.201,25.625,4647.13,4681.331,4706.956,241.0,257.0,290.0,325.0,False,HARD,4.0,True,Haas F1 Team,4622.73,2026-06-14 13:26:49.495,1,16.0,False,,False,True
4791.253,OCO,31,84.304,18.0,2.0,,,24.395,34.156,25.753,4731.351,4765.507,4791.26,241.0,262.0,290.0,326.0,False,HARD,5.0,True,Haas F1 Team,4706.949,2026-06-14 13:28:13.714,1,16.0,False,,False,True
4875.761,OCO,31,84.508,19.0,2.0,,,24.501,34.341,25.666,4815.761,4850.102,4875.768,245.0,255.0,290.0,326.0,False,HARD,6.0,True,Haas F1 Team,4791.253,2026-06-14 13:29:38.018,1,15.0,False,,False,True
4960.547,OCO,31,84.786,20.0,2.0,,,24.582,34.277,25.927,4900.35,4934.627,4960.554,247.0,266.0,288.0,325.0,False,HARD,7.0,True,Haas F1 Team,4875.761,2026-06-14 13:31:02.526,1,15.0,False,,False,True
5045.312,OCO,31,84.765,21.0,2.0,,,24.498,34.246,26.021,4985.052,5019.298,5045.319,246.0,259.0,289.0,324.0,False,HARD,8.0,True,Haas F1 Team,4960.547,2026-06-14 13:32:27.312,1,15.0,False,,False,True
5130.293,OCO,31,84.981,22.0,2.0,,,24.514,34.468,25.999,5069.833,5104.301,5130.3,248.0,260.0,289.0,324.0,False,HARD,9.0,True,Haas F1 Team,5045.312,2026-06-14 13:33:52.077,1,15.0,False,,False,True
5215.418,OCO,31,85.125,23.0,2.0,,,24.503,34.571,26.051,5154.803,5189.374,5215.425,249.0,251.0,289.0,325.0,False,HARD,10.0,True,Haas F1 Team,5130.293,2026-06-14 13:35:17.058,1,14.0,False,,False,True
5301.779,OCO,31,86.361,24.0,2.0,,,25.289,34.944,26.128,5240.714,5275.658,5301.786,232.0,255.0,289.0,330.0,False,HARD,11.0,True,Haas F1 Team,5215.418,2026-06-14 13:36:42.183,1,15.0,False,,False,True
5387.111,OCO,31,85.332,25.0,2.0,,,24.569,34.589,26.174,5326.355,5360.944,5387.118,243.0,256.0,289.0,332.0,False,HARD,12.0,True,Haas F1 Team,5301.779,2026-06-14 13:38:08.544,1,15.0,False,,False,True
5473.534,OCO,31,86.423,26.0,2.0,,,25.41,34.832,26.181,5412.528,5447.36,5473.541,237.0,252.0,286.0,322.0,False,HARD,13.0,True,Haas F1 Team,5387.111,2026-06-14 13:39:33.876,1,16.0,False,,False,True
5560.208,OCO,31,86.674,27.0,2.0,,,24.752,35.447,26.475,5498.293,5533.74,5560.215,239.0,222.0,287.0,324.0,False,HARD,14.0,True,Haas F1 Team,5473.534,2026-06-14 13:41:00.299,1,16.0,False,,False,True
5647.351,OCO,31,87.143,28.0,2.0,,,24.572,35.836,26.735,5584.787,5620.623,5647.358,241.0,249.0,250.0,343.0,False,HARD,15.0,True,Haas F1 Team,5560.208,2026-06-14 13:42:26.973,1,16.0,False,,False,True
5734.027,OCO,31,86.676,29.0,2.0,,,25.287,35.14,26.249,5672.645,5707.785,5734.034,240.0,260.0,287.0,332.0,False,HARD,16.0,True,Haas F1 Team,5647.351,2026-06-14 13:43:54.116,1,16.0,False,,False,True
5820.593,OCO,31,86.566,30.0,2.0,,,25.612,34.741,26.213,5759.646,5794.387,5820.6,233.0,263.0,289.0,285.0,False,HARD,17.0,True,Haas F1 Team,5734.027,2026-06-14 13:45:20.792,1,16.0,False,,False,True
5907.404,OCO,31,86.811,31.0,2.0,,,24.644,35.439,26.728,5845.244,5880.683,5907.411,243.0,174.0,286.0,326.0,False,HARD,18.0,True,Haas F1 Team,5820.593,2026-06-14 13:46:47.358,1,15.0,False,,False,True
5994.626,OCO,31,87.222,32.0,2.0,,,25.828,34.983,26.411,5933.239,5968.222,5994.633,235.0,254.0,286.0,276.0,False,HARD,19.0,True,Haas F1 Team,5907.404,2026-06-14 13:48:14.169,1,15.0,False,,False,True
6080.518,OCO,31,85.892,33.0,2.0,,,24.806,34.813,26.273,6019.439,6054.252,6080.525,246.0,260.0,288.0,326.0,False,HARD,20.0,True,Haas F1 Team,5994.626,2026-06-14 13:49:41.391,1,15.0,False,,False,True
6171.605,OCO,31,91.087,34.0,2.0,,6168.876,24.898,35.515,30.674,6105.423,6140.938,6171.612,247.0,225.0,,323.0,False,HARD,21.0,True,Haas F1 Team,6080.518,2026-06-14 13:51:07.283,1,15.0,False,,False,False
6278.148,OCO,31,106.543,35.0,3.0,6195.356,,47.778,33.58,25.185,6219.39,6252.97,6278.155,246.0,274.0,291.0,263.0,False,MEDIUM,1.0,True,Haas F1 Team,6171.605,2026-06-14 13:52:38.370,1,16.0,False,,False,False
6361.257,OCO,31,83.109,36.0,3.0,,,24.111,33.703,25.295,6302.266,6335.969,6361.264,251.0,268.0,291.0,322.0,True,MEDIUM,2.0,True,Haas F1 Team,6278.148,2026-06-14 13:54:24.913,1,16.0,False,,False,True
6444.509,OCO,31,83.252,37.0,3.0,,,24.2,33.675,25.377,6385.464,6419.139,6444.516,249.0,261.0,290.0,322.0,False,MEDIUM,3.0,True,Haas F1 Team,6361.257,2026-06-14 13:55:48.022,1,16.0,False,,False,True
6527.911,OCO,31,83.402,38.0,3.0,,,24.292,33.783,25.327,6468.808,6502.591,6527.918,250.0,264.0,292.0,322.0,False,MEDIUM,4.0,True,Haas F1 Team,6444.509,2026-06-14 13:57:11.274,12,16.0,False,,False,True
6629.096,OCO,31,101.185,39.0,3.0,,,24.103,46.569,30.513,6552.021,6598.59,6629.103,251.0,203.0,225.0,323.0,False,MEDIUM,5.0,True,Haas F1 Team,6527.911,2026-06-14 13:58:34.676,26,16.0,False,,False,False
6728.835,OCO,31,99.739,40.0,3.0,,,31.012,42.84,25.887,6660.115,6702.955,6728.842,186.0,206.0,291.0,236.0,False,MEDIUM,6.0,True,Haas F1 Team,6629.096,2026-06-14 14:00:15.861,671,16.0,False,,False,False
6812.05,OCO,31,83.215,41.0,3.0,,,24.087,33.851,25.277,6752.929,6786.78,6812.057,254.0,269.0,291.0,322.0,False,MEDIUM,7.0,True,Haas F1 Team,6728.835,2026-06-14 14:01:55.600,1,16.0,False,,False,True
6895.272,OCO,31,83.222,42.0,3.0,,,24.201,33.66,25.361,6836.258,6869.918,6895.279,254.0,265.0,291.0,322.0,False,MEDIUM,8.0,True,Haas F1 Team,6812.05,2026-06-14 14:03:18.815,1,16.0,False,,False,True
6978.327,OCO,31,83.055,43.0,3.0,,,24.159,33.619,25.277,6919.438,6953.057,6978.334,253.0,270.0,292.0,322.0,True,MEDIUM,9.0,True,Haas F1 Team,6895.272,2026-06-14 14:04:42.037,1,16.0,False,,False,True
7061.984,OCO,31,83.657,44.0,3.0,,,24.269,33.901,25.487,7002.603,7036.504,7061.991,253.0,267.0,291.0,322.0,False,MEDIUM,10.0,True,Haas F1 Team,6978.327,2026-06-14 14:06:05.092,1,16.0,False,,False,True
7145.649,OCO,31,83.665,45.0,3.0,,,24.169,33.937,25.559,7086.16,7120.097,7145.656,251.0,265.0,292.0,324.0,False,MEDIUM,11.0,True,Haas F1 Team,7061.984,2026-06-14 14:07:28.749,1,16.0,False,,False,True
7230.999,OCO,31,85.35,46.0,3.0,,,24.212,35.079,26.059,7169.868,7204.947,7231.006,253.0,189.0,291.0,324.0,False,MEDIUM,12.0,True,Haas F1 Team,7145.649,2026-06-14 14:08:52.414,1,16.0,False,,False,True
7314.92,OCO,31,83.921,47.0,3.0,,,24.184,33.974,25.763,7255.19,7289.164,7314.927,252.0,265.0,291.0,343.0,False,MEDIUM,13.0,True,Haas F1 Team,7230.999,2026-06-14 14:10:17.764,1,16.0,False,,False,True
7398.843,OCO,31,83.923,48.0,3.0,,,24.192,34.063,25.668,7339.119,7373.182,7398.85,249.0,272.0,289.0,326.0,False,MEDIUM,14.0,True,Haas F1 Team,7314.92,2026-06-14 14:11:41.685,1,16.0,False,,False,True
7482.662,OCO,31,83.819,49.0,3.0,,,24.24,34.02,25.559,7423.09,7457.11,7482.669,255.0,268.0,291.0,324.0,False,MEDIUM,15.0,True,Haas F1 Team,7398.843,2026-06-14 14:13:05.608,1,16.0,False,,False,True
7567.104,OCO,31,84.442,50.0,3.0,,,24.448,34.306,25.688,7507.117,7541.423,7567.111,253.0,270.0,290.0,323.0,False,MEDIUM,16.0,True,Haas F1 Team,7482.662,2026-06-14 14:14:29.427,1,16.0,False,,False,True
7651.745,OCO,31,84.641,51.0,3.0,,,24.404,34.254,25.983,7591.515,7625.769,7651.752,255.0,263.0,291.0,323.0,False,MEDIUM,17.0,True,Haas F1 Team,7567.104,2026-06-14 14:15:53.869,1,16.0,False,,False,True
7737.455,OCO,31,85.71,52.0,3.0,,,24.569,34.981,26.16,7676.321,7711.302,7737.462,249.0,269.0,290.0,322.0,False,MEDIUM,18.0,True,Haas F1 Team,7651.745,2026-06-14 14:17:18.510,1,16.0,False,,False,True
7822.395,OCO,31,84.94,53.0,3.0,,,24.629,34.327,25.984,7762.091,7796.418,7822.402,250.0,264.0,291.0,326.0,False,MEDIUM,19.0,True,Haas F1 Team,7737.455,2026-06-14 14:18:44.220,1,16.0,False,,False,True
7907.274,OCO,31,84.879,54.0,3.0,,,24.485,34.411,25.983,7846.887,7881.298,7907.281,245.0,266.0,291.0,324.0,False,MEDIUM,20.0,True,Haas F1 Team,7822.395,2026-06-14 14:20:09.160,1,15.0,False,,False,True
7995.66,OCO,31,88.386,55.0,3.0,,,25.16,36.736,26.49,7932.441,7969.177,7995.667,171.0,216.0,290.0,324.0,False,MEDIUM,21.0,True,Haas F1 Team,7907.274,2026-06-14 14:21:34.039,1,15.0,False,,False,True
8081.159,OCO,31,85.499,56.0,3.0,,,24.629,34.409,26.461,8020.296,8054.705,8081.166,249.0,270.0,291.0,330.0,False,MEDIUM,22.0,True,Haas F1 Team,7995.66,2026-06-14 14:23:02.425,1,15.0,False,,False,True
8167.415,OCO,31,86.256,57.0,3.0,,,25.081,34.724,26.451,8106.247,8140.971,8167.422,241.0,260.0,289.0,342.0,False,MEDIUM,23.0,True,Haas F1 Team,8081.159,2026-06-14 14:24:27.924,1,16.0,False,,False,True
8257.83,OCO,31,90.415,58.0,3.0,,8255.085,24.937,34.666,30.812,8192.359,8227.025,8257.837,247.0,256.0,,327.0,False,MEDIUM,24.0,True,Haas F1 Team,8167.415,2026-06-14 14:25:54.180,1,16.0,False,,False,False
8360.225,OCO,31,102.395,59.0,4.0,8278.151,,44.041,33.051,25.303,8301.878,8334.929,8360.232,247.0,269.0,296.0,269.0,False,SOFT,1.0,True,Haas F1 Team,8257.83,2026-06-14 14:27:24.595,1,16.0,False,,False,False
8456.456,OCO,31,96.231,60.0,4.0,,,23.587,41.828,30.816,8383.819,8425.647,8456.463,248.0,203.0,226.0,326.0,False,SOFT,2.0,True,Haas F1 Team,8360.225,2026-06-14 14:29:06.990,126,16.0,False,,False,False
8563.794,OCO,31,107.338,61.0,4.0,,,31.486,43.317,32.535,8487.949,8531.266,8563.801,182.0,210.0,208.0,228.0,False,SOFT,3.0,True,Haas F1 Team,8456.456,2026-06-14 14:30:43.221,6,15.0,False,,False,False
8663.839,OCO,31,100.045,62.0,4.0,,,31.441,42.798,25.806,8595.242,8638.04,8663.846,181.0,223.0,296.0,217.0,False,SOFT,4.0,True,Haas F1 Team,8563.794,2026-06-14 14:32:30.559,671,14.0,False,,False,False
8745.482,OCO,31,81.643,63.0,4.0,,,23.622,33.078,24.943,8687.468,8720.546,8745.489,262.0,268.0,297.0,324.0,True,SOFT,5.0,True,Haas F1 Team,8663.839,2026-06-14 14:34:10.604,1,13.0,False,,False,True
8828.593,OCO,31,83.111,64.0,4.0,,,24.073,33.625,25.413,8769.562,8803.187,8828.6,240.0,246.0,295.0,345.0,False,SOFT,6.0,True,Haas F1 Team,8745.482,2026-06-14 14:35:32.247,1,13.0,False,,False,True
3311.941,LIN,41,90.602,1.0,1.0,,,,34.978,25.495,,3286.636,3311.982,247.0,238.0,298.0,301.0,False,MEDIUM,1.0,True,Racing Bulls,3221.09,2026-06-14 13:03:27.855,1,9.0,False,,False,False
3396.558,LIN,41,84.617,2.0,1.0,,,24.182,35.108,25.327,3336.158,3371.266,3396.593,250.0,230.0,298.0,341.0,True,MEDIUM,2.0,True,Racing Bulls,3311.941,2026-06-14 13:04:58.706,1,10.0,False,,False,True
3480.629,LIN,41,84.071,3.0,1.0,,,24.121,34.599,25.351,3420.714,3455.313,3480.664,242.0,245.0,297.0,343.0,True,MEDIUM,3.0,True,Racing Bulls,3396.558,2026-06-14 13:06:23.323,1,10.0,False,,False,True
3564.934,LIN,41,84.305,4.0,1.0,,,24.271,34.283,25.751,3504.935,3539.218,3564.969,254.0,249.0,295.0,339.0,False,MEDIUM,4.0,True,Racing Bulls,3480.629,2026-06-14 13:07:47.394,1,10.0,False,,False,True
3649.51,LIN,41,84.576,5.0,1.0,,,24.443,34.396,25.737,3589.412,3623.808,3649.545,247.0,267.0,292.0,337.0,False,MEDIUM,5.0,True,Racing Bulls,3564.934,2026-06-14 13:09:11.699,1,10.0,False,,False,True
3734.924,LIN,41,85.414,6.0,1.0,,,24.69,34.736,25.988,3674.235,3708.971,3734.959,253.0,256.0,292.0,337.0,False,MEDIUM,6.0,True,Racing Bulls,3649.51,2026-06-14 13:10:36.275,1,10.0,False,,False,True
3820.45,LIN,41,85.526,7.0,1.0,,,24.786,34.639,26.101,3759.745,3794.384,3820.485,249.0,252.0,292.0,336.0,False,MEDIUM,7.0,True,Racing Bulls,3734.924,2026-06-14 13:12:01.689,1,10.0,False,,False,True
3905.918,LIN,41,85.468,8.0,1.0,,,24.586,34.733,26.149,3845.071,3879.804,3905.953,248.0,255.0,291.0,334.0,False,MEDIUM,8.0,True,Racing Bulls,3820.45,2026-06-14 13:13:27.215,1,10.0,False,,False,True
3991.711,LIN,41,85.793,9.0,1.0,,,24.92,34.802,26.071,3930.873,3965.675,3991.746,250.0,251.0,291.0,334.0,False,MEDIUM,9.0,True,Racing Bulls,3905.918,2026-06-14 13:14:52.683,1,10.0,False,,False,True
4078.424,LIN,41,86.713,10.0,1.0,,,24.704,35.556,26.453,4016.45,4052.006,4078.459,242.0,246.0,289.0,333.0,False,MEDIUM,10.0,True,Racing Bulls,3991.711,2026-06-14 13:16:18.476,1,11.0,False,,False,True
4164.31,LIN,41,85.886,11.0,1.0,,,24.883,34.689,26.314,4103.342,4138.031,4164.345,250.0,257.0,289.0,336.0,False,MEDIUM,11.0,True,Racing Bulls,4078.424,2026-06-14 13:17:45.189,1,11.0,False,,False,True
4250.125,LIN,41,85.815,12.0,1.0,,,24.934,34.599,26.282,4189.279,4223.878,4250.16,243.0,250.0,291.0,333.0,False,MEDIUM,12.0,True,Racing Bulls,4164.31,2026-06-14 13:19:11.075,1,10.0,False,,False,True
4336.509,LIN,41,86.384,13.0,1.0,,,24.804,35.134,26.446,4274.964,4310.098,4336.544,245.0,252.0,288.0,333.0,False,MEDIUM,13.0,True,Racing Bulls,4250.125,2026-06-14 13:20:36.890,1,10.0,False,,False,True
4422.195,LIN,41,85.686,14.0,1.0,,,24.852,34.626,26.208,4361.396,4396.022,4422.23,249.0,260.0,290.0,332.0,False,MEDIUM,14.0,True,Racing Bulls,4336.509,2026-06-14 13:22:03.274,1,9.0,False,,False,True
4508.663,LIN,41,86.468,15.0,1.0,,,24.822,35.294,26.352,4447.052,4482.346,4508.698,245.0,255.0,290.0,332.0,False,MEDIUM,15.0,True,Racing Bulls,4422.195,2026-06-14 13:23:28.960,1,9.0,False,,False,True
4594.408,LIN,41,85.745,16.0,1.0,,,24.805,34.632,26.308,4533.503,4568.135,4594.443,247.0,256.0,290.0,332.0,False,MEDIUM,16.0,True,Racing Bulls,4508.663,2026-06-14 13:24:55.428,1,8.0,False,,False,True
4679.915,LIN,41,85.507,17.0,1.0,,,24.735,34.569,26.203,4619.178,4653.747,4679.95,253.0,259.0,289.0,331.0,False,MEDIUM,17.0,True,Racing Bulls,4594.408,2026-06-14 13:26:21.173,1,8.0,False,,False,True
4765.427,LIN,41,85.512,18.0,1.0,,,24.768,34.548,26.196,4704.718,4739.266,4765.462,250.0,257.0,289.0,330.0,False,MEDIUM,18.0,True,Racing Bulls,4679.915,2026-06-14 13:27:46.680,1,8.0,False,,False,True
4851.24,LIN,41,85.813,19.0,1.0,,,24.841,34.678,26.294,4790.303,4824.981,4851.275,247.0,259.0,289.0,330.0,False,MEDIUM,19.0,True,Racing Bulls,4765.427,2026-06-14 13:29:12.192,1,8.0,False,,False,True
4937.356,LIN,41,86.116,20.0,1.0,,,24.852,34.704,26.56,4876.127,4910.831,4937.391,249.0,255.0,288.0,329.0,False,MEDIUM,20.0,True,Racing Bulls,4851.24,2026-06-14 13:30:38.005,1,8.0,False,,False,True
5024.573,LIN,41,87.217,21.0,1.0,,,25.662,35.031,26.524,4963.053,4998.084,5024.608,243.0,257.0,288.0,324.0,False,MEDIUM,21.0,True,Racing Bulls,4937.356,2026-06-14 13:32:04.121,1,9.0,False,,False,True
5114.681,LIN,41,90.108,22.0,1.0,,5111.995,24.943,34.933,30.232,5049.551,5084.484,5114.716,243.0,259.0,,331.0,False,MEDIUM,22.0,True,Racing Bulls,5024.573,2026-06-14 13:33:31.338,1,11.0,False,,False,False
5219.028,LIN,41,104.347,23.0,2.0,5134.429,,44.823,33.895,25.629,5159.539,5193.434,5219.063,241.0,262.0,293.0,259.0,False,HARD,1.0,True,Racing Bulls,5114.681,2026-06-14 13:35:01.446,1,16.0,False,,False,False
5302.47,LIN,41,83.442,24.0,2.0,,,24.242,33.766,25.434,5243.305,5277.071,5302.505,255.0,263.0,297.0,333.0,True,HARD,2.0,True,Racing Bulls,5219.028,2026-06-14 13:36:45.793,1,16.0,False,,False,True
5387.345,LIN,41,84.875,25.0,2.0,,,24.145,34.66,26.07,5326.65,5361.31,5387.38,229.0,244.0,297.0,339.0,False,HARD,3.0,True,Racing Bulls,5302.47,2026-06-14 13:38:09.235,1,16.0,False,,False,True
5470.931,LIN,41,83.586,26.0,2.0,,,24.244,33.882,25.46,5411.624,5445.506,5470.966,253.0,260.0,294.0,330.0,False,HARD,4.0,True,Racing Bulls,5387.345,2026-06-14 13:39:34.110,1,15.0,False,,False,True
5554.638,LIN,41,83.707,27.0,2.0,,,24.211,33.851,25.645,5495.177,5529.028,5554.673,258.0,265.0,295.0,334.0,False,HARD,5.0,True,Racing Bulls,5470.931,2026-06-14 13:40:57.696,1,15.0,False,,False,True
5639.129,LIN,41,84.491,28.0,2.0,,,24.062,34.289,26.14,5578.735,5613.024,5639.164,247.0,234.0,298.0,337.0,False,HARD,6.0,True,Racing Bulls,5554.638,2026-06-14 13:42:21.403,1,15.0,False,,False,True
5727.502,LIN,41,88.373,29.0,2.0,,,24.634,35.098,28.641,5663.798,5698.896,5727.537,249.0,241.0,293.0,348.0,False,HARD,7.0,True,Racing Bulls,5639.129,2026-06-14 13:43:45.894,1,15.0,False,,False,True
5812.025,LIN,41,84.523,30.0,2.0,,,24.196,34.253,26.074,5751.733,5785.986,5812.06,245.0,245.0,296.0,345.0,False,HARD,8.0,True,Racing Bulls,5727.502,2026-06-14 13:45:14.267,1,13.0,False,,False,True
5896.372,LIN,41,84.347,31.0,2.0,,,24.186,34.374,25.787,5836.246,5870.62,5896.407,253.0,267.0,292.0,348.0,False,HARD,9.0,True,Racing Bulls,5812.025,2026-06-14 13:46:38.790,1,12.0,False,,False,True
5982.33,LIN,41,85.958,32.0,2.0,,,25.671,34.546,25.741,5922.078,5956.624,5982.365,251.0,260.0,294.0,286.0,False,HARD,10.0,True,Racing Bulls,5896.372,2026-06-14 13:48:03.137,1,12.0,False,,False,True
6066.594,LIN,41,84.264,33.0,2.0,,,24.614,34.004,25.646,6006.979,6040.983,6066.629,248.0,264.0,294.0,317.0,False,HARD,11.0,True,Racing Bulls,5982.33,2026-06-14 13:49:29.095,1,12.0,False,,False,True
6152.429,LIN,41,85.835,34.0,2.0,,,25.94,34.173,25.722,6092.569,6126.742,6152.464,247.0,265.0,295.0,278.0,False,HARD,12.0,True,Racing Bulls,6066.594,2026-06-14 13:50:53.359,1,12.0,False,,False,True
6236.684,LIN,41,84.255,35.0,2.0,,,24.465,34.023,25.767,6176.929,6210.952,6236.719,250.0,262.0,293.0,329.0,False,HARD,13.0,True,Racing Bulls,6152.429,2026-06-14 13:52:19.194,1,11.0,False,,False,True
6320.523,LIN,41,83.839,36.0,2.0,,,24.326,33.864,25.649,6261.045,6294.909,6320.558,253.0,264.0,294.0,331.0,False,HARD,14.0,True,Racing Bulls,6236.684,2026-06-14 13:53:43.449,1,10.0,False,,False,True
6407.857,LIN,41,87.334,37.0,2.0,,6405.202,24.354,33.801,29.179,6344.912,6378.713,6407.892,254.0,263.0,,330.0,False,HARD,15.0,True,Racing Bulls,6320.523,2026-06-14 13:55:07.288,1,10.0,False,,False,False
6511.89,LIN,41,104.033,38.0,3.0,6429.172,,45.498,33.346,25.189,6453.39,6486.736,6511.925,240.0,261.0,295.0,263.0,False,HARD,1.0,True,Racing Bulls,6407.857,2026-06-14 13:56:34.622,1,14.0,False,,False,False
6606.337,LIN,41,94.447,39.0,3.0,,,23.94,39.374,31.133,6535.865,6575.239,6606.372,251.0,190.0,204.0,333.0,False,HARD,2.0,True,Racing Bulls,6511.89,2026-06-14 13:58:18.655,126,14.0,False,,False,False
6711.895,LIN,41,105.558,40.0,3.0,,,31.84,44.46,29.258,6638.212,6682.672,6711.93,192.0,189.0,294.0,223.0,False,HARD,3.0,True,Racing Bulls,6606.337,2026-06-14 13:59:53.102,671,13.0,False,,False,False
6796.893,LIN,41,84.998,41.0,3.0,,,24.829,34.884,25.285,6736.759,6771.643,6796.928,226.0,247.0,298.0,330.0,False,HARD,4.0,True,Racing Bulls,6711.895,2026-06-14 14:01:38.660,1,13.0,False,,False,True
6879.578,LIN,41,82.685,42.0,3.0,,,24.023,33.506,25.156,6820.951,6854.457,6879.613,244.0,262.0,297.0,335.0,True,HARD,5.0,True,Racing Bulls,6796.893,2026-06-14 14:03:03.658,1,13.0,False,,False,True
6963.708,LIN,41,84.13,43.0,3.0,,,23.925,35.086,25.119,6903.538,6938.624,6963.743,252.0,247.0,299.0,336.0,False,HARD,6.0,True,Racing Bulls,6879.578,2026-06-14 14:04:26.343,1,13.0,False,,False,True
7046.373,LIN,41,82.665,44.0,3.0,,,23.804,33.649,25.212,6987.547,7021.196,7046.408,255.0,252.0,301.0,336.0,True,HARD,7.0,True,Racing Bulls,6963.708,2026-06-14 14:05:50.473,1,13.0,False,,False,True
7128.287,LIN,41,81.914,45.0,3.0,,,23.618,33.251,25.045,7070.026,7103.277,7128.322,266.0,263.0,297.0,351.0,True,HARD,8.0,True,Racing Bulls,7046.373,2026-06-14 14:07:13.138,1,12.0,False,,False,True
7210.586,LIN,41,82.299,46.0,3.0,,,23.8,33.384,25.115,7152.122,7185.506,7210.621,260.0,256.0,296.0,333.0,False,HARD,9.0,True,Racing Bulls,7128.287,2026-06-14 14:08:35.052,1,12.0,False,,False,True
7293.114,LIN,41,82.528,47.0,3.0,,,23.907,33.487,25.134,7234.528,7268.015,7293.149,260.0,255.0,296.0,332.0,False,HARD,10.0,True,Racing Bulls,7210.586,2026-06-14 14:09:57.351,1,12.0,False,,False,True
7375.555,LIN,41,82.441,48.0,3.0,,,23.872,33.416,25.153,7317.021,7350.437,7375.59,261.0,262.0,297.0,332.0,False,HARD,11.0,True,Racing Bulls,7293.114,2026-06-14 14:11:19.879,1,12.0,False,,False,True
7458.558,LIN,41,83.003,49.0,3.0,,,23.948,33.745,25.31,7399.538,7433.283,7458.593,262.0,263.0,296.0,331.0,False,HARD,12.0,True,Racing Bulls,7375.555,2026-06-14 14:12:42.320,1,12.0,False,,False,True
7541.626,LIN,41,83.068,50.0,3.0,,,24.13,33.653,25.285,7482.723,7516.376,7541.661,262.0,265.0,297.0,330.0,False,HARD,13.0,True,Racing Bulls,7458.558,2026-06-14 14:14:05.323,1,12.0,False,,False,True
7624.738,LIN,41,83.112,51.0,3.0,,,24.039,33.705,25.368,7565.7,7599.405,7624.773,260.0,268.0,296.0,331.0,False,HARD,14.0,True,Racing Bulls,7541.626,2026-06-14 14:15:28.391,1,12.0,False,,False,True
7707.707,LIN,41,82.969,52.0,3.0,,,24.059,33.581,25.329,7648.832,7682.413,7707.742,262.0,265.0,297.0,332.0,False,HARD,15.0,True,Racing Bulls,7624.738,2026-06-14 14:16:51.503,1,12.0,False,,False,True
7790.648,LIN,41,82.941,53.0,3.0,,,24.046,33.591,25.304,7731.788,7765.379,7790.683,261.0,266.0,296.0,331.0,False,HARD,16.0,True,Racing Bulls,7707.707,2026-06-14 14:18:14.472,1,12.0,False,,False,True
7873.821,LIN,41,83.173,54.0,3.0,,,24.132,33.66,25.381,7814.815,7848.475,7873.856,263.0,266.0,297.0,333.0,False,HARD,17.0,True,Racing Bulls,7790.648,2026-06-14 14:19:37.413,1,12.0,False,,False,True
7957.743,LIN,41,83.922,55.0,3.0,,,24.124,33.916,25.882,7897.98,7931.896,7957.778,263.0,256.0,294.0,334.0,False,HARD,18.0,True,Racing Bulls,7873.821,2026-06-14 14:21:00.586,1,12.0,False,,False,True
8041.604,LIN,41,83.861,56.0,3.0,,,24.518,33.851,25.492,7982.296,8016.147,8041.639,256.0,262.0,297.0,334.0,False,HARD,19.0,True,Racing Bulls,7957.743,2026-06-14 14:22:24.508,1,12.0,False,,False,True
8125.219,LIN,41,83.615,57.0,3.0,,,24.198,33.734,25.683,8065.837,8099.571,8125.254,263.0,266.0,294.0,328.0,False,HARD,20.0,True,Racing Bulls,8041.604,2026-06-14 14:23:48.369,1,12.0,False,,False,True
8208.774,LIN,41,83.555,58.0,3.0,,,24.212,33.696,25.647,8149.466,8183.162,8208.809,256.0,259.0,294.0,331.0,False,HARD,21.0,True,Racing Bulls,8125.219,2026-06-14 14:25:11.984,1,12.0,False,,False,True
8292.461,LIN,41,83.687,59.0,3.0,,,24.283,33.738,25.666,8233.092,8266.83,8292.496,258.0,263.0,295.0,332.0,False,HARD,22.0,True,Racing Bulls,8208.774,2026-06-14 14:26:35.539,1,12.0,False,,False,True
8376.374,LIN,41,83.913,60.0,3.0,,,24.289,33.97,25.654,8316.785,8350.755,8376.409,259.0,265.0,297.0,332.0,False,HARD,23.0,True,Racing Bulls,8292.461,2026-06-14 14:27:59.226,1,12.0,False,,False,True
8476.506,LIN,41,100.132,61.0,3.0,,,24.318,42.986,32.828,8400.727,8443.713,8476.541,254.0,211.0,175.0,332.0,False,HARD,24.0,True,Racing Bulls,8376.374,2026-06-14 14:29:23.139,126,12.0,False,,False,False
8584.078,LIN,41,107.572,62.0,3.0,,,31.523,43.761,32.288,8508.064,8551.825,8584.113,187.0,167.0,237.0,276.0,False,HARD,25.0,True,Racing Bulls,8476.506,2026-06-14 14:31:03.271,6,11.0,False,,False,False
8681.096,LIN,41,97.018,63.0,3.0,,,31.477,39.825,25.716,8615.59,8655.415,8681.131,172.0,244.0,295.0,257.0,False,HARD,26.0,True,Racing Bulls,8584.078,2026-06-14 14:32:50.843,671,10.0,False,,False,False
8764.469,LIN,41,83.373,64.0,3.0,,,24.204,33.711,25.458,8705.335,8739.046,8764.504,257.0,261.0,295.0,331.0,False,HARD,27.0,True,Racing Bulls,8681.096,2026-06-14 14:34:27.861,1,10.0,False,,False,True
8847.518,LIN,41,83.049,65.0,3.0,,,24.145,33.589,25.315,8788.649,8822.238,8847.553,262.0,267.0,296.0,332.0,False,HARD,28.0,True,Racing Bulls,8764.469,2026-06-14 14:35:51.234,1,10.0,False,,False,True
3312.789,COL,43,91.45,1.0,1.0,,,,35.379,25.673,,3287.323,3312.935,222.0,231.0,298.0,301.0,False,SOFT,1.0,True,Alpine,3221.09,2026-06-14 13:03:27.855,1,11.0,False,,False,False
3397.049,COL,43,84.26,2.0,1.0,,,24.153,34.676,25.431,3336.958,3371.634,3397.065,233.0,228.0,299.0,345.0,True,SOFT,2.0,True,Alpine,3312.789,2026-06-14 13:04:59.554,1,11.0,False,,False,True
3481.409,COL,43,84.36,3.0,1.0,,,24.239,34.539,25.582,3421.304,3455.843,3481.425,234.0,233.0,294.0,347.0,False,SOFT,3.0,True,Alpine,3397.049,2026-06-14 13:06:23.814,1,11.0,False,,False,True
3565.806,COL,43,84.397,4.0,1.0,,,24.329,34.442,25.626,3505.754,3540.196,3565.822,239.0,248.0,294.0,345.0,False,SOFT,4.0,True,Alpine,3481.409,2026-06-14 13:07:48.174,1,11.0,False,,False,True
3650.715,COL,43,84.909,5.0,1.0,,,24.455,34.675,25.779,3590.277,3624.952,3650.731,237.0,236.0,291.0,350.0,False,SOFT,5.0,True,Alpine,3565.806,2026-06-14 13:09:12.571,1,11.0,False,,False,True
3735.663,COL,43,84.948,6.0,1.0,,,24.618,34.606,25.724,3675.349,3709.955,3735.679,243.0,252.0,294.0,339.0,False,SOFT,6.0,True,Alpine,3650.715,2026-06-14 13:10:37.480,1,11.0,False,,False,True
3822.102,COL,43,86.439,7.0,1.0,,,24.697,35.548,26.194,3760.376,3795.924,3822.118,234.0,242.0,289.0,347.0,False,SOFT,7.0,True,Alpine,3735.663,2026-06-14 13:12:02.428,1,12.0,False,,False,True
3907.663,COL,43,85.561,8.0,1.0,,,24.742,34.955,25.864,3846.86,3881.815,3907.679,246.0,253.0,290.0,349.0,False,SOFT,8.0,True,Alpine,3822.102,2026-06-14 13:13:28.867,1,12.0,False,,False,True
3993.847,COL,43,86.184,9.0,1.0,,,24.832,35.15,26.202,3932.511,3967.661,3993.863,246.0,257.0,289.0,337.0,False,SOFT,9.0,True,Alpine,3907.663,2026-06-14 13:14:54.428,1,12.0,False,,False,True
4079.949,COL,43,86.102,10.0,1.0,,,24.869,35.109,26.124,4018.732,4053.841,4079.965,238.0,247.0,291.0,336.0,False,SOFT,10.0,True,Alpine,3993.847,2026-06-14 13:16:20.612,1,12.0,False,,False,True
4165.659,COL,43,85.71,11.0,1.0,,,24.714,34.937,26.059,4104.679,4139.616,4165.675,236.0,250.0,292.0,338.0,False,SOFT,11.0,True,Alpine,4079.949,2026-06-14 13:17:46.714,1,12.0,False,,False,True
4255.102,COL,43,89.443,12.0,1.0,,4252.426,24.756,34.913,29.774,4190.431,4225.344,4255.118,240.0,254.0,,337.0,False,SOFT,12.0,True,Alpine,4165.659,2026-06-14 13:19:12.424,1,12.0,False,,False,False
4359.201,COL,43,104.099,13.0,2.0,4275.433,,44.351,34.2,25.548,4299.469,4333.669,4359.217,246.0,251.0,294.0,262.0,False,HARD,1.0,True,Alpine,4255.102,2026-06-14 13:20:41.867,1,18.0,False,,False,False
4442.947,COL,43,83.746,14.0,2.0,,,24.203,34.027,25.516,4383.42,4417.447,4442.963,255.0,262.0,293.0,323.0,True,HARD,2.0,True,Alpine,4359.201,2026-06-14 13:22:25.966,1,16.0,False,,False,True
4526.713,COL,43,83.766,15.0,2.0,,,24.371,34.154,25.241,4467.334,4501.488,4526.729,252.0,257.0,296.0,334.0,False,HARD,3.0,True,Alpine,4442.947,2026-06-14 13:23:49.712,1,14.0,False,,False,True
4611.048,COL,43,84.335,16.0,2.0,,,24.435,34.305,25.595,4551.164,4585.469,4611.064,242.0,257.0,292.0,336.0,False,HARD,4.0,True,Alpine,4526.713,2026-06-14 13:25:13.478,1,13.0,False,,False,True
4695.381,COL,43,84.333,17.0,2.0,,,24.351,34.23,25.752,4635.415,4669.645,4695.397,251.0,261.0,291.0,336.0,False,HARD,5.0,True,Alpine,4611.048,2026-06-14 13:26:37.813,1,13.0,False,,False,True
4779.446,COL,43,84.065,18.0,2.0,,,24.274,34.129,25.662,4719.671,4753.8,4779.462,248.0,255.0,295.0,336.0,False,HARD,6.0,True,Alpine,4695.381,2026-06-14 13:28:02.146,1,12.0,False,,False,True
4865.069,COL,43,85.623,19.0,2.0,,,23.98,34.953,26.69,4803.442,4838.395,4865.085,250.0,173.0,293.0,338.0,False,HARD,7.0,True,Alpine,4779.446,2026-06-14 13:29:26.211,1,13.0,False,,False,True
4949.486,COL,43,84.417,20.0,2.0,,,24.255,34.54,25.622,4889.34,4923.88,4949.502,245.0,250.0,294.0,340.0,False,HARD,8.0,True,Alpine,4865.069,2026-06-14 13:30:51.834,1,13.0,False,,False,True
5033.583,COL,43,84.097,21.0,2.0,,,24.313,34.257,25.527,4973.815,5008.072,5033.599,251.0,262.0,294.0,336.0,False,HARD,9.0,True,Alpine,4949.486,2026-06-14 13:32:16.251,1,13.0,False,,False,True
5117.759,COL,43,84.176,22.0,2.0,,,24.157,34.398,25.621,5057.756,5092.154,5117.775,255.0,259.0,294.0,336.0,False,HARD,10.0,True,Alpine,5033.583,2026-06-14 13:33:40.348,1,13.0,False,,False,True
5202.228,COL,43,84.469,23.0,2.0,,,24.336,34.526,25.607,5142.111,5176.637,5202.244,251.0,268.0,292.0,335.0,False,HARD,11.0,True,Alpine,5117.759,2026-06-14 13:35:04.524,1,12.0,False,,False,True
5287.255,COL,43,85.027,24.0,2.0,,,24.367,34.83,25.83,5226.611,5261.441,5287.271,248.0,258.0,293.0,335.0,False,HARD,12.0,True,Alpine,5202.228,2026-06-14 13:36:28.993,1,12.0,True,TRACK LIMITS AT TURN 13 LAP 24 ,False,True
5372.163,COL,43,84.908,25.0,2.0,,,24.413,34.659,25.836,5311.684,5346.343,5372.179,253.0,251.0,293.0,336.0,False,HARD,13.0,True,Alpine,5287.255,2026-06-14 13:37:54.020,1,12.0,False,,False,True
5457.124,COL,43,84.961,26.0,2.0,,,24.51,34.591,25.86,5396.689,5431.28,5457.14,245.0,261.0,291.0,334.0,False,HARD,14.0,True,Alpine,5372.163,2026-06-14 13:39:18.928,1,12.0,False,,False,True
5541.616,COL,43,84.492,27.0,2.0,,,24.397,34.632,25.463,5481.537,5516.169,5541.632,255.0,265.0,292.0,334.0,False,HARD,15.0,True,Alpine,5457.124,2026-06-14 13:40:43.889,1,12.0,False,,False,True
5626.198,COL,43,84.582,28.0,2.0,,,24.418,34.534,25.63,5566.05,5600.584,5626.214,252.0,259.0,293.0,335.0,False,HARD,16.0,True,Alpine,5541.616,2026-06-14 13:42:08.381,1,12.0,False,,False,True
5710.572,COL,43,84.374,29.0,2.0,,,24.301,34.4,25.673,5650.515,5684.915,5710.588,253.0,269.0,294.0,337.0,False,HARD,17.0,True,Alpine,5626.198,2026-06-14 13:43:32.963,1,11.0,False,,False,True
5794.908,COL,43,84.336,30.0,2.0,,,24.363,34.4,25.573,5734.951,5769.351,5794.924,254.0,269.0,292.0,335.0,False,HARD,18.0,True,Alpine,5710.572,2026-06-14 13:44:57.337,1,11.0,False,,False,True
5879.549,COL,43,84.641,31.0,2.0,,,24.4,34.563,25.678,5819.324,5853.887,5879.565,254.0,260.0,293.0,337.0,False,HARD,19.0,True,Alpine,5794.908,2026-06-14 13:46:21.673,1,11.0,False,,False,True
5964.292,COL,43,84.743,32.0,2.0,,,24.388,34.514,25.841,5903.953,5938.467,5964.308,252.0,260.0,290.0,338.0,False,HARD,20.0,True,Alpine,5879.549,2026-06-14 13:47:46.314,1,11.0,False,,False,True
6049.924,COL,43,85.632,33.0,2.0,,,24.518,35.181,25.933,5988.826,6024.007,6049.94,238.0,253.0,290.0,348.0,False,HARD,21.0,True,Alpine,5964.292,2026-06-14 13:49:11.057,1,11.0,True,TRACK LIMITS AT TURN 2 LAP 33 ,False,True
6138.575,COL,43,88.651,34.0,2.0,,6135.932,24.532,34.693,29.426,6074.472,6109.165,6138.591,251.0,268.0,,338.0,False,HARD,22.0,True,Alpine,6049.924,2026-06-14 13:50:36.689,1,11.0,False,,False,False
6241.207,COL,43,102.632,35.0,3.0,6158.1,,43.881,33.836,24.915,6182.472,6216.308,6241.223,231.0,270.0,299.0,249.0,False,HARD,1.0,True,Alpine,6138.575,2026-06-14 13:52:05.340,1,12.0,False,,False,False
6324.404,COL,43,83.197,36.0,3.0,,,24.011,33.906,25.28,6265.234,6299.14,6324.42,252.0,258.0,297.0,340.0,True,HARD,2.0,True,Alpine,6241.207,2026-06-14 13:53:47.972,1,11.0,False,,False,True
6407.944,COL,43,83.54,37.0,3.0,,,24.198,33.935,25.407,6348.618,6382.553,6407.96,251.0,253.0,296.0,338.0,False,HARD,3.0,True,Alpine,6324.404,2026-06-14 13:55:11.169,1,11.0,False,,False,True
6493.855,COL,43,85.911,38.0,3.0,,,25.303,35.279,25.329,6433.263,6468.542,6493.871,250.0,221.0,298.0,251.0,False,HARD,4.0,True,Alpine,6407.944,2026-06-14 13:56:34.709,1,10.0,False,,False,True
6584.309,COL,43,90.454,39.0,3.0,,,23.814,33.7,32.94,6517.685,6551.385,6584.325,248.0,249.0,212.0,349.0,False,HARD,5.0,True,Alpine,6493.855,2026-06-14 13:58:00.620,126,10.0,False,,False,False
6690.68,COL,43,106.371,40.0,3.0,,,31.051,44.134,31.186,6615.376,6659.51,6690.696,160.0,229.0,177.0,237.0,False,HARD,6.0,True,Alpine,6584.309,2026-06-14 13:59:31.074,6,10.0,False,,False,False
6777.525,COL,43,86.845,41.0,3.0,,,28.239,33.619,24.987,6718.935,6752.554,6777.541,260.0,259.0,298.0,239.0,False,HARD,7.0,True,Alpine,6690.68,2026-06-14 14:01:17.445,671,10.0,False,,False,False
6860.177,COL,43,82.652,42.0,3.0,,,23.92,33.8,24.932,6801.461,6835.261,6860.193,248.0,270.0,297.0,336.0,True,HARD,8.0,True,Alpine,6777.525,2026-06-14 14:02:44.290,1,10.0,False,,False,True
6942.626,COL,43,82.449,43.0,3.0,,,23.915,33.622,24.912,6884.108,6917.73,6942.642,256.0,263.0,296.0,334.0,True,HARD,9.0,True,Alpine,6860.177,2026-06-14 14:04:06.942,1,10.0,False,,False,True
7025.135,COL,43,82.509,44.0,3.0,,,23.899,33.763,24.847,6966.541,7000.304,7025.151,254.0,269.0,294.0,334.0,False,HARD,10.0,True,Alpine,6942.626,2026-06-14 14:05:29.391,1,10.0,False,,False,True
7107.817,COL,43,82.682,45.0,3.0,,,23.848,33.808,25.026,7048.999,7082.807,7107.833,262.0,271.0,293.0,335.0,False,HARD,11.0,True,Alpine,7025.135,2026-06-14 14:06:51.900,1,10.0,False,,False,True
7190.93,COL,43,83.113,46.0,3.0,,,23.944,33.977,25.192,7131.777,7165.754,7190.946,263.0,266.0,296.0,335.0,False,HARD,12.0,True,Alpine,7107.817,2026-06-14 14:08:14.582,1,10.0,False,,False,True
7274.251,COL,43,83.321,47.0,3.0,,,24.013,33.959,25.349,7214.959,7248.918,7274.267,256.0,265.0,294.0,335.0,False,HARD,13.0,True,Alpine,7190.93,2026-06-14 14:09:37.695,1,10.0,False,,False,True
7358.055,COL,43,83.804,48.0,3.0,,,24.2,33.932,25.672,7298.467,7332.399,7358.071,253.0,269.0,286.0,334.0,False,HARD,14.0,True,Alpine,7274.251,2026-06-14 14:11:01.016,1,10.0,False,,False,True
7444.182,COL,43,86.127,49.0,3.0,,,25.961,34.872,25.294,7384.032,7418.904,7444.198,218.0,256.0,295.0,301.0,False,HARD,15.0,True,Alpine,7358.055,2026-06-14 14:12:24.820,1,10.0,False,,False,True
7527.919,COL,43,83.737,50.0,3.0,,,24.26,34.217,25.26,7468.458,7502.675,7527.935,245.0,256.0,295.0,337.0,False,HARD,16.0,True,Alpine,7444.182,2026-06-14 14:13:50.947,1,10.0,False,,False,True
7611.454,COL,43,83.535,51.0,3.0,,,24.167,34.105,25.263,7552.102,7586.207,7611.47,257.0,261.0,295.0,334.0,False,HARD,17.0,True,Alpine,7527.919,2026-06-14 14:15:14.684,1,10.0,False,,False,True
7695.238,COL,43,83.784,52.0,3.0,,,24.26,34.237,25.287,7635.73,7669.967,7695.254,255.0,263.0,294.0,334.0,False,HARD,18.0,True,Alpine,7611.454,2026-06-14 14:16:38.219,1,10.0,False,,False,True
7780.378,COL,43,85.14,53.0,3.0,,,24.307,35.451,25.382,7719.561,7755.012,7780.394,252.0,265.0,294.0,332.0,False,HARD,19.0,True,Alpine,7695.238,2026-06-14 14:18:02.003,1,10.0,False,,False,True
7864.248,COL,43,83.87,54.0,3.0,,,24.281,34.375,25.214,7804.675,7839.05,7864.264,258.0,269.0,295.0,336.0,False,HARD,20.0,True,Alpine,7780.378,2026-06-14 14:19:27.143,1,10.0,False,,False,True
7948.178,COL,43,83.93,55.0,3.0,,,24.274,34.201,25.455,7888.538,7922.739,7948.194,256.0,263.0,293.0,334.0,False,HARD,21.0,True,Alpine,7864.248,2026-06-14 14:20:51.013,1,10.0,False,,False,True
8031.864,COL,43,83.686,56.0,3.0,,,24.203,34.242,25.241,7972.397,8006.639,8031.88,257.0,267.0,292.0,333.0,False,HARD,22.0,True,Alpine,7948.178,2026-06-14 14:22:14.943,1,10.0,False,,False,True
8115.353,COL,43,83.489,57.0,3.0,,,24.176,33.95,25.363,8056.056,8090.006,8115.369,261.0,263.0,293.0,334.0,False,HARD,23.0,True,Alpine,8031.864,2026-06-14 14:23:38.629,1,10.0,False,,False,True
8198.924,COL,43,83.571,58.0,3.0,,,24.172,34.158,25.241,8139.541,8173.699,8198.94,257.0,259.0,295.0,333.0,False,HARD,24.0,True,Alpine,8115.353,2026-06-14 14:25:02.118,1,10.0,False,,False,True
8282.563,COL,43,83.639,59.0,3.0,,,24.093,34.216,25.33,8223.033,8257.249,8282.579,258.0,265.0,295.0,333.0,False,HARD,25.0,True,Alpine,8198.924,2026-06-14 14:26:25.689,1,10.0,False,,False,True
8366.57,COL,43,84.007,60.0,3.0,,,24.289,34.298,25.42,8306.868,8341.166,8366.586,259.0,264.0,295.0,333.0,False,HARD,26.0,True,Alpine,8282.563,2026-06-14 14:27:49.328,1,10.0,False,,False,True
8466.805,COL,43,100.235,61.0,3.0,,,24.249,43.011,32.975,8390.835,8433.846,8466.821,256.0,149.0,246.0,334.0,False,HARD,27.0,True,Alpine,8366.57,2026-06-14 14:29:13.335,126,10.0,False,,False,False
8572.563,COL,43,105.758,62.0,3.0,,,28.816,44.438,32.504,8495.637,8540.075,8572.579,183.0,197.0,214.0,273.0,False,HARD,28.0,True,Alpine,8466.805,2026-06-14 14:30:53.570,6,9.0,False,,False,False
8670.895,COL,43,98.332,63.0,3.0,,,31.744,41.199,25.389,8604.323,8645.522,8670.911,216.0,254.0,295.0,236.0,False,HARD,29.0,True,Alpine,8572.563,2026-06-14 14:32:39.328,671,8.0,False,,False,False
8755.047,COL,43,84.152,64.0,3.0,,,24.324,34.22,25.608,8695.235,8729.455,8755.063,249.0,255.0,294.0,332.0,False,HARD,30.0,True,Alpine,8670.895,2026-06-14 14:34:17.660,1,8.0,False,,False,True
8839.311,COL,43,84.264,65.0,3.0,,,24.337,34.25,25.677,8779.4,8813.65,8839.327,259.0,255.0,294.0,332.0,False,HARD,31.0,True,Alpine,8755.047,2026-06-14 14:35:41.812,1,8.0,False,,False,True
3306.978,HAM,44,85.639,1.0,1.0,,,,33.242,24.404,,3282.761,3307.2,244.0,259.0,292.0,295.0,False,SOFT,3.0,False,Ferrari,3221.09,2026-06-14 13:03:27.855,1,2.0,False,,False,False
3388.688,HAM,44,81.71,2.0,1.0,,,24.069,33.165,24.476,3331.092,3364.257,3388.733,247.0,262.0,295.0,325.0,True,SOFT,4.0,False,Ferrari,3306.978,2026-06-14 13:04:53.743,1,2.0,False,,False,True
3470.758,HAM,44,82.07,3.0,1.0,,,24.085,33.219,24.766,3412.818,3446.037,3470.803,242.0,263.0,293.0,322.0,False,SOFT,5.0,False,Ferrari,3388.688,2026-06-14 13:06:15.453,1,2.0,False,,False,True
3553.337,HAM,44,82.579,4.0,1.0,,,24.102,33.501,24.976,3494.905,3528.406,3553.382,241.0,255.0,292.0,323.0,False,SOFT,6.0,False,Ferrari,3470.758,2026-06-14 13:07:37.523,1,2.0,False,,False,True
3635.639,HAM,44,82.302,5.0,1.0,,,24.17,33.322,24.81,3577.552,3610.874,3635.684,246.0,261.0,292.0,322.0,False,SOFT,7.0,False,Ferrari,3553.337,2026-06-14 13:09:00.102,1,2.0,False,,False,True
3718.529,HAM,44,82.89,6.0,1.0,,,24.289,33.476,25.125,3659.973,3693.449,3718.574,247.0,258.0,291.0,322.0,False,SOFT,8.0,False,Ferrari,3635.639,2026-06-14 13:10:22.404,1,2.0,False,,False,True
3801.466,HAM,44,82.937,7.0,1.0,,,24.111,33.479,25.347,3742.685,3776.164,3801.511,258.0,256.0,288.0,324.0,False,SOFT,9.0,False,Ferrari,3718.529,2026-06-14 13:11:45.294,1,2.0,False,,False,True
3884.817,HAM,44,83.351,8.0,1.0,,,24.072,33.88,25.399,3825.583,3859.463,3884.862,258.0,257.0,290.0,325.0,False,SOFT,10.0,False,Ferrari,3801.466,2026-06-14 13:13:08.231,1,2.0,False,,False,True
3968.279,HAM,44,83.462,9.0,1.0,,,24.25,33.677,25.535,3909.112,3942.789,3968.324,257.0,264.0,290.0,324.0,False,SOFT,11.0,False,Ferrari,3884.817,2026-06-14 13:14:31.582,1,2.0,False,,False,True
4051.855,HAM,44,83.576,10.0,1.0,,,24.267,33.672,25.637,3992.591,4026.263,4051.9,259.0,252.0,290.0,324.0,False,SOFT,12.0,False,Ferrari,3968.279,2026-06-14 13:15:55.044,1,2.0,False,,False,True
4139.683,HAM,44,87.828,11.0,1.0,,4137.031,24.458,33.568,29.802,4076.358,4109.926,4139.728,256.0,255.0,,324.0,False,SOFT,13.0,False,Ferrari,4051.855,2026-06-14 13:17:18.620,1,4.0,False,,False,False
4240.483,HAM,44,100.8,12.0,2.0,4159.431,,43.608,32.602,24.59,4183.336,4215.938,4240.528,259.0,265.0,292.0,251.0,False,HARD,1.0,True,Ferrari,4139.683,2026-06-14 13:18:46.448,1,7.0,False,,False,False
4321.916,HAM,44,81.433,13.0,2.0,,,23.901,32.88,24.652,4264.429,4297.309,4321.961,254.0,271.0,295.0,311.0,True,HARD,2.0,True,Ferrari,4240.483,2026-06-14 13:20:27.248,1,6.0,False,,False,True
4403.991,HAM,44,82.075,14.0,2.0,,,24.015,33.061,24.999,4345.976,4379.037,4404.036,251.0,267.0,292.0,319.0,False,HARD,3.0,True,Ferrari,4321.916,2026-06-14 13:21:48.681,1,5.0,False,,False,True
4485.902,HAM,44,81.911,15.0,2.0,,,23.952,33.17,24.789,4427.988,4461.158,4485.947,255.0,255.0,294.0,311.0,False,HARD,4.0,True,Ferrari,4403.991,2026-06-14 13:23:10.756,1,3.0,False,,False,True
4568.053,HAM,44,82.151,16.0,2.0,,,24.04,33.051,25.06,4509.987,4543.038,4568.098,252.0,259.0,292.0,325.0,False,HARD,5.0,True,Ferrari,4485.902,2026-06-14 13:24:32.667,1,3.0,False,,False,True
4650.054,HAM,44,82.001,17.0,2.0,,,23.924,33.086,24.991,4592.022,4625.108,4650.099,251.0,256.0,293.0,335.0,False,HARD,6.0,True,Ferrari,4568.053,2026-06-14 13:25:54.818,1,2.0,False,,False,True
4732.219,HAM,44,82.165,18.0,2.0,,,23.884,33.168,25.113,4673.983,4707.151,4732.264,263.0,264.0,292.0,326.0,False,HARD,7.0,True,Ferrari,4650.054,2026-06-14 13:27:16.819,1,2.0,False,,False,True
4814.683,HAM,44,82.464,19.0,2.0,,,23.985,33.375,25.104,4756.249,4789.624,4814.728,262.0,257.0,293.0,325.0,False,HARD,8.0,True,Ferrari,4732.219,2026-06-14 13:28:38.984,1,2.0,False,,False,True
4897.301,HAM,44,82.618,20.0,2.0,,,23.962,33.442,25.214,4838.69,4872.132,4897.346,259.0,253.0,292.0,326.0,False,HARD,9.0,True,Ferrari,4814.683,2026-06-14 13:30:01.448,1,2.0,False,,False,True
4980.029,HAM,44,82.728,21.0,2.0,,,24.022,33.393,25.313,4921.368,4954.761,4980.074,258.0,254.0,292.0,326.0,False,HARD,10.0,True,Ferrari,4897.301,2026-06-14 13:31:24.066,1,2.0,False,,False,True
5062.92,HAM,44,82.891,22.0,2.0,,,23.904,33.51,25.477,5003.978,5037.488,5062.965,262.0,251.0,292.0,327.0,False,HARD,11.0,True,Ferrari,4980.029,2026-06-14 13:32:46.794,1,2.0,False,,False,True
5145.846,HAM,44,82.926,23.0,2.0,,,23.947,33.416,25.563,5086.912,5120.328,5145.891,262.0,253.0,292.0,328.0,False,HARD,12.0,True,Ferrari,5062.92,2026-06-14 13:34:09.685,1,2.0,False,,False,True
5228.735,HAM,44,82.889,24.0,2.0,,,24.172,33.426,25.291,5170.063,5203.489,5228.78,263.0,261.0,292.0,331.0,False,HARD,13.0,True,Ferrari,5145.846,2026-06-14 13:35:32.611,1,2.0,False,,False,True
5312.0,HAM,44,83.265,25.0,2.0,,,24.08,33.787,25.398,5252.86,5286.647,5312.045,259.0,253.0,292.0,328.0,False,HARD,14.0,True,Ferrari,5228.735,2026-06-14 13:36:55.500,1,2.0,False,,False,True
5395.331,HAM,44,83.331,26.0,2.0,,,24.12,33.716,25.495,5336.165,5369.881,5395.376,260.0,251.0,293.0,327.0,False,HARD,15.0,True,Ferrari,5312.0,2026-06-14 13:38:18.765,1,2.0,False,,False,True
5482.355,HAM,44,87.024,27.0,2.0,,5479.621,24.153,33.666,29.205,5419.529,5453.195,5482.4,267.0,259.0,,330.0,False,HARD,16.0,True,Ferrari,5395.331,2026-06-14 13:39:42.096,1,4.0,False,,False,False
5582.212,HAM,44,99.857,28.0,3.0,5502.187,,43.068,32.294,24.495,5525.468,5557.762,5582.257,263.0,272.0,300.0,262.0,False,MEDIUM,1.0,True,Ferrari,5482.355,2026-06-14 13:41:09.120,1,7.0,False,,False,False
5662.845,HAM,44,80.633,29.0,3.0,,,23.614,32.588,24.431,5605.871,5638.459,5662.89,255.0,261.0,296.0,330.0,True,MEDIUM,2.0,True,Ferrari,5582.212,2026-06-14 13:42:48.977,1,6.0,False,,False,True
5743.755,HAM,44,80.91,30.0,3.0,,,23.83,32.63,24.45,5686.72,5719.35,5743.8,257.0,260.0,296.0,314.0,False,MEDIUM,3.0,True,Ferrari,5662.845,2026-06-14 13:44:09.610,1,5.0,False,,False,True
5824.48,HAM,44,80.725,31.0,3.0,,,23.556,32.668,24.501,5767.356,5800.024,5824.525,263.0,266.0,296.0,325.0,False,MEDIUM,4.0,True,Ferrari,5743.755,2026-06-14 13:45:30.520,1,5.0,False,,False,True
5905.335,HAM,44,80.855,32.0,3.0,,,23.452,32.668,24.735,5847.977,5880.645,5905.38,257.0,265.0,294.0,338.0,False,MEDIUM,5.0,True,Ferrari,5824.48,2026-06-14 13:46:51.245,1,4.0,False,,False,True
5986.412,HAM,44,81.077,33.0,3.0,,,23.622,32.874,24.581,5929.002,5961.876,5986.457,259.0,271.0,297.0,325.0,False,MEDIUM,6.0,True,Ferrari,5905.335,2026-06-14 13:48:12.100,1,4.0,False,,False,True
6067.366,HAM,44,80.954,34.0,3.0,,,23.611,32.639,24.704,6010.068,6042.707,6067.411,267.0,268.0,295.0,330.0,False,MEDIUM,7.0,True,Ferrari,5986.412,2026-06-14 13:49:33.177,1,4.0,False,,False,True
6148.517,HAM,44,81.151,35.0,3.0,,,23.713,32.692,24.746,6091.124,6123.816,6148.562,258.0,266.0,294.0,328.0,False,MEDIUM,8.0,True,Ferrari,6067.366,2026-06-14 13:50:54.131,1,3.0,False,,False,True
6229.744,HAM,44,81.227,36.0,3.0,,,23.677,32.882,24.668,6172.239,6205.121,6229.789,268.0,268.0,294.0,323.0,False,MEDIUM,9.0,True,Ferrari,6148.517,2026-06-14 13:52:15.282,1,3.0,False,,False,True
6310.723,HAM,44,80.979,37.0,3.0,,,23.572,32.754,24.653,6253.361,6286.115,6310.768,268.0,271.0,293.0,324.0,False,MEDIUM,10.0,True,Ferrari,6229.744,2026-06-14 13:53:36.509,1,2.0,False,,False,True
6392.083,HAM,44,81.36,38.0,3.0,,,23.767,32.79,24.803,6334.535,6367.325,6392.128,263.0,269.0,294.0,322.0,False,MEDIUM,11.0,True,Ferrari,6310.723,2026-06-14 13:54:57.488,1,1.0,False,,False,True
6473.942,HAM,44,81.859,39.0,3.0,,,23.812,32.904,25.143,6415.94,6448.844,6473.987,261.0,275.0,292.0,325.0,False,MEDIUM,12.0,True,Ferrari,6392.083,2026-06-14 13:56:18.848,1,1.0,False,,False,True
6555.621,HAM,44,81.679,40.0,3.0,,,23.808,33.034,24.837,6497.795,6530.829,6555.666,265.0,274.0,294.0,322.0,False,MEDIUM,13.0,True,Ferrari,6473.942,2026-06-14 13:57:40.707,12,1.0,False,,False,True
6666.506,HAM,44,110.885,41.0,3.0,,6663.817,31.37,46.493,33.022,6587.036,6633.529,6666.551,180.0,215.0,,167.0,False,MEDIUM,14.0,True,Ferrari,6555.621,2026-06-14 13:59:02.386,26,1.0,False,,False,False
6767.561,HAM,44,101.055,42.0,4.0,6686.586,,45.719,31.391,23.945,6712.27,6743.661,6767.606,266.0,273.0,300.0,264.0,False,HARD,1.0,True,Ferrari,6666.506,2026-06-14 14:00:53.271,671,1.0,False,,False,False
6847.875,HAM,44,80.314,43.0,4.0,,,23.712,32.3,24.302,6791.318,6823.618,6847.92,248.0,278.0,295.0,324.0,True,HARD,2.0,True,Ferrari,6767.561,2026-06-14 14:02:34.326,1,1.0,False,,False,True
6927.997,HAM,44,80.122,44.0,4.0,,,23.533,32.255,24.334,6871.453,6903.708,6928.042,258.0,268.0,297.0,321.0,True,HARD,3.0,True,Ferrari,6847.875,2026-06-14 14:03:54.640,1,1.0,False,,False,True
7008.126,HAM,44,80.129,45.0,4.0,,,23.648,32.201,24.28,6951.69,6983.891,7008.171,259.0,271.0,298.0,322.0,False,HARD,4.0,True,Ferrari,6927.997,2026-06-14 14:05:14.762,1,1.0,False,,False,True
7088.495,HAM,44,80.369,46.0,4.0,,,23.683,32.344,24.342,7031.854,7064.198,7088.54,256.0,264.0,298.0,322.0,False,HARD,5.0,True,Ferrari,7008.126,2026-06-14 14:06:34.891,1,1.0,False,,False,True
7168.677,HAM,44,80.182,47.0,4.0,,,23.389,32.305,24.488,7111.929,7144.234,7168.722,261.0,265.0,295.0,323.0,False,HARD,6.0,True,Ferrari,7088.495,2026-06-14 14:07:55.260,1,1.0,False,,False,True
7248.99,HAM,44,80.313,48.0,4.0,,,23.385,32.433,24.495,7192.107,7224.54,7249.035,263.0,266.0,297.0,323.0,False,HARD,7.0,True,Ferrari,7168.677,2026-06-14 14:09:15.442,1,1.0,False,,False,True
7329.87,HAM,44,80.88,49.0,4.0,,,23.548,32.817,24.515,7272.583,7305.4,7329.915,266.0,267.0,297.0,323.0,False,HARD,8.0,True,Ferrari,7248.99,2026-06-14 14:10:35.755,1,1.0,False,,False,True
7410.163,HAM,44,80.293,50.0,4.0,,,23.507,32.339,24.447,7353.422,7385.761,7410.208,267.0,266.0,296.0,325.0,False,HARD,9.0,True,Ferrari,7329.87,2026-06-14 14:11:56.635,1,1.0,False,,False,True
7491.15,HAM,44,80.987,51.0,4.0,,,23.619,32.787,24.581,7433.827,7466.614,7491.195,258.0,263.0,295.0,323.0,False,HARD,10.0,True,Ferrari,7410.163,2026-06-14 14:13:16.928,1,1.0,False,,False,True
7571.921,HAM,44,80.771,52.0,4.0,,,23.616,32.474,24.681,7514.811,7547.285,7571.966,266.0,272.0,295.0,324.0,False,HARD,11.0,True,Ferrari,7491.15,2026-06-14 14:14:37.915,1,1.0,False,,False,True
7653.187,HAM,44,81.266,53.0,4.0,,,23.761,32.768,24.737,7595.727,7628.495,7653.232,260.0,261.0,298.0,325.0,False,HARD,12.0,True,Ferrari,7571.921,2026-06-14 14:15:58.686,1,1.0,False,,False,True
7734.167,HAM,44,80.98,54.0,4.0,,,23.745,32.566,24.669,7676.977,7709.543,7734.212,263.0,265.0,297.0,330.0,False,HARD,13.0,True,Ferrari,7653.187,2026-06-14 14:17:19.952,1,1.0,False,,False,True
7815.231,HAM,44,81.064,55.0,4.0,,,23.607,32.755,24.702,7757.819,7790.574,7815.276,261.0,267.0,297.0,324.0,False,HARD,14.0,True,Ferrari,7734.167,2026-06-14 14:18:40.932,1,1.0,False,,False,True
7896.314,HAM,44,81.083,56.0,4.0,,,23.653,32.68,24.75,7838.929,7871.609,7896.359,264.0,262.0,298.0,326.0,False,HARD,15.0,True,Ferrari,7815.231,2026-06-14 14:20:01.996,1,1.0,False,,False,True
7977.727,HAM,44,81.413,57.0,4.0,,,23.633,32.918,24.862,7919.992,7952.91,7977.772,263.0,266.0,297.0,329.0,False,HARD,16.0,True,Ferrari,7896.314,2026-06-14 14:21:23.079,1,1.0,False,,False,True
8059.229,HAM,44,81.502,58.0,4.0,,,23.853,32.763,24.886,8001.625,8034.388,8059.274,262.0,255.0,295.0,328.0,False,HARD,17.0,True,Ferrari,7977.727,2026-06-14 14:22:44.492,1,1.0,False,,False,True
8140.34,HAM,44,81.111,59.0,4.0,,,23.745,32.697,24.669,8083.019,8115.716,8140.385,264.0,265.0,296.0,322.0,False,HARD,18.0,True,Ferrari,8059.229,2026-06-14 14:24:05.994,1,1.0,False,,False,True
8221.51,HAM,44,81.17,60.0,4.0,,,23.726,32.711,24.733,8164.111,8196.822,8221.555,269.0,262.0,295.0,324.0,False,HARD,19.0,True,Ferrari,8140.34,2026-06-14 14:25:27.105,1,1.0,False,,False,True
8302.916,HAM,44,81.406,61.0,4.0,,,23.736,32.707,24.963,8245.291,8277.998,8302.961,265.0,267.0,296.0,325.0,False,HARD,20.0,True,Ferrari,8221.51,2026-06-14 14:26:48.275,1,1.0,False,,False,True
8384.29,HAM,44,81.374,62.0,4.0,,,23.804,32.783,24.787,8326.765,8359.548,8384.335,270.0,267.0,296.0,328.0,False,HARD,21.0,True,Ferrari,8302.916,2026-06-14 14:28:09.681,1,1.0,False,,False,True
8487.354,HAM,44,103.064,63.0,4.0,,,24.561,48.226,30.277,8408.896,8457.122,8487.399,175.0,214.0,218.0,325.0,False,HARD,22.0,True,Ferrari,8384.29,2026-06-14 14:29:31.055,126,1.0,False,,False,False
8594.68,HAM,44,107.326,64.0,4.0,,,30.896,44.28,32.15,8518.295,8562.575,8594.725,182.0,231.0,219.0,230.0,False,HARD,23.0,True,Ferrari,8487.354,2026-06-14 14:31:14.119,6,1.0,False,,False,False
8687.339,HAM,44,92.659,65.0,4.0,,,31.066,36.779,24.814,8625.791,8662.57,8687.384,193.0,254.0,295.0,242.0,False,HARD,24.0,True,Ferrari,8594.68,2026-06-14 14:33:01.445,671,1.0,False,,False,False
8769.444,HAM,44,82.105,66.0,4.0,,,24.038,32.88,25.187,8711.422,8744.302,8769.489,263.0,259.0,246.0,327.0,False,HARD,25.0,True,Ferrari,8687.339,2026-06-14 14:34:34.104,1,1.0,False,,False,True
3315.508,BOR,5,94.169,1.0,1.0,,,,36.099,26.436,,3289.339,3315.523,225.0,235.0,295.0,283.0,False,MEDIUM,1.0,True,Audi,3221.09,2026-06-14 13:03:27.855,1,17.0,False,,False,False
3400.53,BOR,5,85.022,2.0,1.0,,,24.62,34.713,25.689,3340.143,3374.856,3400.545,230.0,248.0,296.0,357.0,True,MEDIUM,2.0,True,Audi,3315.508,2026-06-14 13:05:02.273,1,17.0,False,,False,True
3485.608,BOR,5,85.078,3.0,1.0,,,24.227,35.021,25.83,3424.772,3459.793,3485.623,228.0,245.0,291.0,357.0,False,MEDIUM,3.0,True,Audi,3400.53,2026-06-14 13:06:27.295,1,17.0,False,,False,True
3570.721,BOR,5,85.113,4.0,1.0,,,24.314,34.841,25.958,3509.937,3544.778,3570.736,231.0,246.0,293.0,353.0,False,MEDIUM,4.0,True,Audi,3485.608,2026-06-14 13:07:52.373,1,17.0,False,,False,True
3656.163,BOR,5,85.442,5.0,1.0,,,24.496,35.006,25.94,3595.232,3630.238,3656.178,239.0,249.0,291.0,353.0,False,MEDIUM,5.0,True,Audi,3570.721,2026-06-14 13:09:17.486,1,17.0,False,,False,True
3741.711,BOR,5,85.548,6.0,1.0,,,24.556,34.96,26.032,3680.734,3715.694,3741.726,242.0,257.0,290.0,347.0,False,MEDIUM,6.0,True,Audi,3656.163,2026-06-14 13:10:42.928,1,17.0,False,,False,True
3827.935,BOR,5,86.224,7.0,1.0,,,24.691,35.084,26.449,3766.417,3801.501,3827.95,241.0,248.0,287.0,348.0,False,MEDIUM,7.0,True,Audi,3741.711,2026-06-14 13:12:08.476,1,17.0,False,,False,True
3914.282,BOR,5,86.347,8.0,1.0,,,24.766,35.257,26.324,3852.716,3887.973,3914.297,247.0,239.0,287.0,346.0,False,MEDIUM,8.0,True,Audi,3827.935,2026-06-14 13:13:34.700,1,17.0,False,,False,True
4000.583,BOR,5,86.301,9.0,1.0,,,24.779,35.23,26.292,3939.076,3974.306,4000.598,244.0,252.0,290.0,346.0,False,MEDIUM,9.0,True,Audi,3914.282,2026-06-14 13:15:01.047,1,17.0,False,,False,True
4087.009,BOR,5,86.426,10.0,1.0,,,24.757,35.253,26.416,4025.355,4060.608,4087.024,246.0,250.0,287.0,345.0,False,MEDIUM,10.0,True,Audi,4000.583,2026-06-14 13:16:27.348,1,17.0,False,,False,True
4173.609,BOR,5,86.6,11.0,1.0,,,24.8,35.304,26.496,4111.824,4147.128,4173.624,248.0,255.0,288.0,349.0,False,MEDIUM,11.0,True,Audi,4087.009,2026-06-14 13:17:53.774,1,17.0,False,,False,True
4260.401,BOR,5,86.792,12.0,1.0,,,24.831,35.313,26.648,4198.455,4233.768,4260.416,246.0,244.0,287.0,350.0,False,MEDIUM,12.0,True,Audi,4173.609,2026-06-14 13:19:20.374,1,16.0,False,,False,True
4347.2,BOR,5,86.799,13.0,1.0,,,24.907,35.185,26.707,4285.323,4320.508,4347.215,247.0,253.0,286.0,338.0,False,MEDIUM,13.0,True,Audi,4260.401,2026-06-14 13:20:47.166,1,14.0,False,,False,True
4433.726,BOR,5,86.526,14.0,1.0,,,24.873,35.05,26.603,4372.088,4407.138,4433.741,246.0,245.0,286.0,345.0,False,MEDIUM,14.0,True,Audi,4347.2,2026-06-14 13:22:13.965,1,13.0,False,,False,True
4523.532,BOR,5,89.806,15.0,1.0,,4520.757,24.882,34.87,30.054,4458.623,4493.493,4523.547,250.0,257.0,,331.0,False,MEDIUM,15.0,True,Audi,4433.726,2026-06-14 13:23:40.491,1,12.0,False,,False,False
4628.353,BOR,5,104.821,16.0,2.0,4543.543,,45.359,34.029,25.433,4568.906,4602.935,4628.368,250.0,256.0,298.0,237.0,False,HARD,1.0,True,Audi,4523.532,2026-06-14 13:25:10.297,1,19.0,False,,False,False
4711.823,BOR,5,83.47,17.0,2.0,,,23.966,34.013,25.491,4652.334,4686.347,4711.838,254.0,255.0,292.0,345.0,True,HARD,2.0,True,Audi,4628.353,2026-06-14 13:26:55.118,1,18.0,False,,False,True
4795.746,BOR,5,83.923,18.0,2.0,,,24.377,34.178,25.368,4736.215,4770.393,4795.761,248.0,263.0,291.0,336.0,False,HARD,3.0,True,Audi,4711.823,2026-06-14 13:28:18.588,1,17.0,False,,False,True
4879.297,BOR,5,83.551,19.0,2.0,,,24.165,33.984,25.402,4819.926,4853.91,4879.312,258.0,261.0,292.0,327.0,False,HARD,4.0,True,Audi,4795.746,2026-06-14 13:29:42.511,1,16.0,False,,False,True
4963.365,BOR,5,84.068,20.0,2.0,,,24.336,34.164,25.568,4903.648,4937.812,4963.38,258.0,259.0,292.0,325.0,False,HARD,5.0,True,Audi,4879.297,2026-06-14 13:31:06.062,1,16.0,False,,False,True
5047.201,BOR,5,83.836,21.0,2.0,,,24.331,33.978,25.527,4987.711,5021.689,5047.216,255.0,264.0,293.0,329.0,False,HARD,6.0,True,Audi,4963.365,2026-06-14 13:32:30.130,1,16.0,False,,False,True
5131.115,BOR,5,83.914,22.0,2.0,,,24.217,34.148,25.549,5071.433,5105.581,5131.13,262.0,263.0,292.0,329.0,False,HARD,7.0,True,Audi,5047.201,2026-06-14 13:33:53.966,1,16.0,False,,False,True
5215.84,BOR,5,84.725,23.0,2.0,,,24.149,34.609,25.967,5155.279,5189.888,5215.855,251.0,262.0,293.0,346.0,False,HARD,8.0,True,Audi,5131.115,2026-06-14 13:35:17.880,1,15.0,False,,False,True
5299.909,BOR,5,84.069,24.0,2.0,,,24.154,34.325,25.59,5240.009,5274.334,5299.924,255.0,260.0,292.0,350.0,False,HARD,9.0,True,Audi,5215.84,2026-06-14 13:36:42.605,1,14.0,False,,False,True
5384.108,BOR,5,84.199,25.0,2.0,,,24.256,34.24,25.703,5324.18,5358.42,5384.123,258.0,257.0,290.0,330.0,False,HARD,10.0,True,Audi,5299.909,2026-06-14 13:38:06.674,1,14.0,False,,False,True
5469.025,BOR,5,84.917,26.0,2.0,,,24.509,34.541,25.867,5408.632,5443.173,5469.04,255.0,264.0,290.0,332.0,False,HARD,11.0,True,Audi,5384.108,2026-06-14 13:39:30.873,1,14.0,False,,False,True
5553.619,BOR,5,84.594,27.0,2.0,,,24.39,34.391,25.813,5493.43,5527.821,5553.634,258.0,263.0,291.0,332.0,False,HARD,12.0,True,Audi,5469.025,2026-06-14 13:40:55.790,1,14.0,False,,False,True
5638.799,BOR,5,85.18,28.0,2.0,,,24.303,34.72,26.157,5577.937,5612.657,5638.814,255.0,253.0,290.0,335.0,False,HARD,13.0,True,Audi,5553.619,2026-06-14 13:42:20.384,1,14.0,False,,False,True
5724.552,BOR,5,85.753,29.0,2.0,,,24.872,34.713,26.168,5663.686,5698.399,5724.567,256.0,258.0,289.0,351.0,False,HARD,14.0,True,Audi,5638.799,2026-06-14 13:43:45.564,1,14.0,False,,False,True
5811.618,BOR,5,87.066,30.0,2.0,,,24.446,36.587,26.033,5749.013,5785.6,5811.633,249.0,259.0,292.0,347.0,False,HARD,15.0,True,Audi,5724.552,2026-06-14 13:45:11.317,1,12.0,False,,False,True
5899.071,BOR,5,87.453,31.0,2.0,,,25.306,35.85,26.297,5836.939,5872.789,5899.086,256.0,257.0,289.0,335.0,False,HARD,16.0,True,Audi,5811.618,2026-06-14 13:46:38.383,1,13.0,False,,False,True
5985.048,BOR,5,85.977,32.0,2.0,,,24.738,34.883,26.356,5923.824,5958.707,5985.063,250.0,256.0,290.0,334.0,False,HARD,17.0,True,Audi,5899.071,2026-06-14 13:48:05.836,1,13.0,False,,False,True
6074.873,BOR,5,89.825,33.0,2.0,,6072.042,25.197,34.88,29.748,6010.26,6045.14,6074.888,206.0,260.0,,334.0,False,HARD,18.0,True,Audi,5985.048,2026-06-14 13:49:31.813,1,14.0,False,,False,False
6178.699,BOR,5,103.826,34.0,3.0,6094.287,,44.56,33.774,25.492,6119.448,6153.222,6178.714,253.0,256.0,294.0,234.0,False,HARD,1.0,True,Audi,6074.873,2026-06-14 13:51:01.638,1,16.0,False,,False,False
6262.338,BOR,5,83.639,35.0,3.0,,,24.378,33.844,25.417,6203.092,6236.936,6262.353,252.0,262.0,293.0,325.0,False,HARD,2.0,True,Audi,6178.699,2026-06-14 13:52:45.464,1,15.0,False,,False,True
6346.122,BOR,5,83.784,36.0,3.0,,,24.299,33.979,25.506,6286.652,6320.631,6346.137,252.0,266.0,292.0,325.0,False,HARD,3.0,True,Audi,6262.338,2026-06-14 13:54:09.103,1,15.0,False,,False,True
6429.688,BOR,5,83.566,37.0,3.0,,,24.297,33.974,25.295,6370.434,6404.408,6429.703,253.0,264.0,294.0,323.0,False,HARD,4.0,True,Audi,6346.122,2026-06-14 13:55:32.887,1,15.0,False,,False,True
6513.864,BOR,5,84.176,38.0,3.0,,,24.445,34.318,25.413,6454.148,6488.466,6513.879,252.0,262.0,294.0,325.0,False,HARD,5.0,True,Audi,6429.688,2026-06-14 13:56:56.453,1,15.0,False,,False,True
6611.828,BOR,5,97.964,39.0,3.0,,,24.85,42.288,30.826,6538.729,6581.017,6611.843,204.0,208.0,249.0,333.0,False,HARD,6.0,True,Audi,6513.864,2026-06-14 13:58:20.629,126,15.0,False,,False,False
6715.932,BOR,5,104.104,40.0,3.0,,,32.007,44.275,27.822,6643.85,6688.125,6715.947,225.0,187.0,297.0,276.0,False,HARD,7.0,True,Audi,6611.828,2026-06-14 13:59:58.593,671,14.0,False,,False,False
6798.857,BOR,5,82.925,41.0,3.0,,,24.153,33.559,25.213,6740.1,6773.659,6798.872,261.0,261.0,297.0,336.0,True,HARD,8.0,True,Audi,6715.932,2026-06-14 14:01:42.697,1,14.0,False,,False,True
6883.498,BOR,5,84.641,42.0,3.0,,,25.166,34.278,25.197,6824.038,6858.316,6883.513,225.0,268.0,294.0,335.0,False,HARD,9.0,True,Audi,6798.857,2026-06-14 14:03:05.622,1,14.0,False,,False,True
6966.057,BOR,5,82.559,43.0,3.0,,,23.927,33.645,24.987,6907.44,6941.085,6966.072,261.0,273.0,296.0,336.0,True,HARD,10.0,True,Audi,6883.498,2026-06-14 14:04:30.263,1,14.0,False,,False,True
7048.872,BOR,5,82.815,44.0,3.0,,,23.942,33.75,25.123,6990.014,7023.764,7048.887,263.0,273.0,293.0,336.0,False,HARD,11.0,True,Audi,6966.057,2026-06-14 14:05:52.822,1,14.0,False,,False,True
7132.091,BOR,5,83.219,45.0,3.0,,,24.056,33.895,25.268,7072.943,7106.838,7132.106,262.0,267.0,296.0,336.0,False,HARD,12.0,True,Audi,7048.872,2026-06-14 14:07:15.637,1,14.0,False,,False,True
7215.708,BOR,5,83.617,46.0,3.0,,,24.09,33.968,25.559,7156.196,7190.164,7215.723,261.0,263.0,294.0,339.0,False,HARD,13.0,True,Audi,7132.091,2026-06-14 14:08:38.856,1,14.0,False,,False,True
7299.898,BOR,5,84.19,47.0,3.0,,,24.128,34.034,26.028,7239.851,7273.885,7299.913,259.0,264.0,291.0,350.0,False,HARD,14.0,True,Audi,7215.708,2026-06-14 14:10:02.473,1,14.0,False,,False,True
7385.42,BOR,5,85.522,48.0,3.0,,,25.074,34.531,25.917,7324.987,7359.518,7385.435,254.0,246.0,296.0,336.0,False,HARD,15.0,True,Audi,7299.898,2026-06-14 14:11:26.663,1,15.0,False,,False,True
7470.006,BOR,5,84.586,49.0,3.0,,,24.443,34.482,25.661,7409.878,7444.36,7470.021,254.0,262.0,296.0,338.0,False,HARD,16.0,True,Audi,7385.42,2026-06-14 14:12:52.185,1,15.0,False,,False,True
7554.163,BOR,5,84.157,50.0,3.0,,,24.41,34.096,25.651,7494.431,7528.527,7554.178,267.0,271.0,295.0,336.0,False,HARD,17.0,True,Audi,7470.006,2026-06-14 14:14:16.771,1,15.0,False,,False,True
7638.141,BOR,5,83.978,51.0,3.0,,,24.259,34.15,25.569,7578.437,7612.587,7638.156,266.0,271.0,293.0,335.0,False,HARD,18.0,True,Audi,7554.163,2026-06-14 14:15:40.928,1,15.0,False,,False,True
7722.235,BOR,5,84.094,52.0,3.0,,,24.281,34.188,25.625,7662.437,7696.625,7722.25,262.0,266.0,295.0,336.0,False,HARD,19.0,True,Audi,7638.141,2026-06-14 14:17:04.906,1,15.0,False,,False,True
7810.553,BOR,5,88.318,53.0,3.0,,7807.708,24.494,34.291,29.533,7746.744,7781.035,7810.568,265.0,270.0,,337.0,False,HARD,20.0,True,Audi,7722.235,2026-06-14 14:18:29.000,1,15.0,False,,False,False
7915.992,BOR,5,105.439,54.0,4.0,7833.691,,47.56,32.993,24.886,7858.128,7891.121,7916.007,254.0,278.0,296.0,247.0,False,SOFT,1.0,True,Audi,7810.553,2026-06-14 14:19:57.318,1,16.0,False,,False,False
7997.438,BOR,5,81.446,55.0,4.0,,,23.8,32.875,24.771,7939.807,7972.682,7997.453,270.0,271.0,299.0,333.0,True,SOFT,2.0,True,Audi,7915.992,2026-06-14 14:21:42.757,1,16.0,False,,False,True
8080.219,BOR,5,82.781,56.0,4.0,,,24.178,33.431,25.172,8021.631,8055.062,8080.234,266.0,261.0,298.0,337.0,False,SOFT,3.0,True,Audi,7997.438,2026-06-14 14:23:04.203,1,14.0,False,,False,True
8161.749,BOR,5,81.53,57.0,4.0,,,23.631,33.077,24.822,8103.865,8136.942,8161.764,266.0,281.0,299.0,334.0,False,SOFT,4.0,True,Audi,8080.219,2026-06-14 14:24:26.984,1,14.0,False,,False,True
8243.94,BOR,5,82.191,58.0,4.0,,,23.919,33.429,24.843,8185.683,8219.112,8243.955,266.0,276.0,298.0,332.0,False,SOFT,5.0,True,Audi,8161.749,2026-06-14 14:25:48.514,1,14.0,False,,False,True
8326.485,BOR,5,82.545,59.0,4.0,,,24.029,33.451,25.065,8267.984,8301.435,8326.5,268.0,268.0,296.0,331.0,False,SOFT,6.0,True,Audi,8243.94,2026-06-14 14:27:10.705,1,14.0,False,,False,True
8409.514,BOR,5,83.029,60.0,4.0,,,24.006,33.411,25.612,8350.506,8383.917,8409.529,268.0,273.0,211.0,336.0,False,SOFT,7.0,True,Audi,8326.485,2026-06-14 14:28:33.250,126,13.0,False,,False,False
8519.539,BOR,5,110.025,61.0,4.0,,,34.548,42.589,32.888,8444.077,8486.666,8519.554,224.0,173.0,188.0,163.0,False,SOFT,8.0,True,Audi,8409.514,2026-06-14 14:29:56.279,6,13.0,False,,False,False
8627.048,BOR,5,107.509,62.0,4.0,,,32.831,41.771,32.907,8552.385,8594.156,8627.063,238.0,228.0,193.0,195.0,False,SOFT,9.0,True,Audi,8519.539,2026-06-14 14:31:46.304,6,12.0,False,,False,False
8714.147,BOR,5,87.099,63.0,4.0,,,27.158,34.891,25.05,8654.221,8689.112,8714.162,252.0,260.0,299.0,255.0,False,SOFT,10.0,True,Audi,8627.048,2026-06-14 14:33:33.813,671,11.0,False,,False,False
8796.131,BOR,5,81.984,64.0,4.0,,,23.835,33.312,24.837,8737.997,8771.309,8796.146,260.0,272.0,298.0,329.0,False,SOFT,11.0,True,Audi,8714.147,2026-06-14 14:35:00.912,1,11.0,False,,False,True
3313.823,SAI,55,92.484,1.0,1.0,,,,35.981,25.792,,3288.136,3313.935,235.0,236.0,296.0,296.0,False,SOFT,1.0,True,Williams,3221.09,2026-06-14 13:03:27.855,1,13.0,False,,False,False
3398.609,SAI,55,84.786,2.0,1.0,,,24.416,34.682,25.688,3338.252,3372.934,3398.622,236.0,249.0,293.0,353.0,True,SOFT,2.0,True,Williams,3313.823,2026-06-14 13:05:00.588,1,13.0,False,,False,True
3483.928,SAI,55,85.319,3.0,1.0,,,24.575,35.08,25.664,3423.197,3458.277,3483.941,226.0,248.0,291.0,349.0,False,SOFT,3.0,True,Williams,3398.609,2026-06-14 13:06:25.374,1,14.0,False,,False,True
3568.651,SAI,55,84.723,4.0,1.0,,,24.534,34.572,25.617,3508.475,3543.047,3568.664,248.0,250.0,290.0,337.0,True,SOFT,4.0,True,Williams,3483.928,2026-06-14 13:07:50.693,1,14.0,False,,False,True
3653.65,SAI,55,84.999,5.0,1.0,,,24.655,34.639,25.705,3593.319,3627.958,3653.663,247.0,259.0,289.0,337.0,False,SOFT,5.0,True,Williams,3568.651,2026-06-14 13:09:15.416,1,14.0,False,,False,True
3738.928,SAI,55,85.278,6.0,1.0,,,24.727,34.768,25.783,3678.39,3713.158,3738.941,249.0,253.0,287.0,336.0,False,SOFT,6.0,True,Williams,3653.65,2026-06-14 13:10:40.415,1,14.0,False,,False,True
3824.496,SAI,55,85.568,7.0,1.0,,,24.782,34.74,26.046,3763.723,3798.463,3824.509,242.0,256.0,287.0,336.0,False,SOFT,7.0,True,Williams,3738.928,2026-06-14 13:12:05.693,1,14.0,False,,False,True
3910.252,SAI,55,85.756,8.0,1.0,,,24.821,34.931,26.004,3849.33,3884.261,3910.265,243.0,254.0,289.0,334.0,False,SOFT,8.0,True,Williams,3824.496,2026-06-14 13:13:31.261,1,14.0,False,,False,True
3996.368,SAI,55,86.116,9.0,1.0,,,24.984,35.038,26.094,3935.249,3970.287,3996.381,245.0,257.0,286.0,334.0,False,SOFT,9.0,True,Williams,3910.252,2026-06-14 13:14:57.017,1,14.0,False,,False,True
4082.509,SAI,55,86.141,10.0,1.0,,,24.994,35.031,26.116,4021.375,4056.406,4082.522,250.0,255.0,286.0,334.0,False,SOFT,10.0,True,Williams,3996.368,2026-06-14 13:16:23.133,1,14.0,False,,False,True
4168.905,SAI,55,86.396,11.0,1.0,,,24.943,35.15,26.303,4107.465,4142.615,4168.918,241.0,249.0,286.0,334.0,False,SOFT,11.0,True,Williams,4082.509,2026-06-14 13:17:49.274,1,14.0,False,,False,True
4255.24,SAI,55,86.335,12.0,1.0,,,24.951,35.184,26.2,4193.869,4229.053,4255.253,248.0,250.0,287.0,333.0,False,SOFT,12.0,True,Williams,4168.905,2026-06-14 13:19:15.670,1,13.0,False,,False,True
4341.52,SAI,55,86.28,13.0,1.0,,,25.017,35.097,26.166,4280.27,4315.367,4341.533,246.0,262.0,285.0,333.0,False,SOFT,13.0,True,Williams,4255.24,2026-06-14 13:20:42.005,1,12.0,False,,False,True
4431.408,SAI,55,89.888,14.0,1.0,,4428.776,24.947,34.956,29.985,4366.48,4401.436,4431.421,250.0,259.0,,331.0,False,SOFT,14.0,True,Williams,4341.52,2026-06-14 13:22:08.285,1,11.0,False,,False,False
4536.285,SAI,55,104.877,15.0,2.0,4451.693,,45.349,34.118,25.41,4476.77,4510.888,4536.298,237.0,251.0,293.0,237.0,False,HARD,1.0,True,Williams,4431.408,2026-06-14 13:23:38.173,1,17.0,False,,False,False
4620.383,SAI,55,84.098,16.0,2.0,,,24.502,34.176,25.42,4560.8,4594.976,4620.396,251.0,260.0,288.0,337.0,True,HARD,2.0,True,Williams,4536.285,2026-06-14 13:25:23.050,1,15.0,False,,False,True
4704.82,SAI,55,84.437,17.0,2.0,,,24.5,34.358,25.579,4644.896,4679.254,4704.833,249.0,258.0,287.0,330.0,False,HARD,3.0,True,Williams,4620.383,2026-06-14 13:26:47.148,1,15.0,False,,False,True
4789.018,SAI,55,84.198,18.0,2.0,,,24.59,34.197,25.411,4729.423,4763.62,4789.031,245.0,262.0,289.0,330.0,False,HARD,4.0,True,Williams,4704.82,2026-06-14 13:28:11.585,1,15.0,False,,False,True
4873.279,SAI,55,84.261,19.0,2.0,,,24.408,34.37,25.483,4813.439,4847.809,4873.292,248.0,255.0,288.0,330.0,False,HARD,5.0,True,Williams,4789.018,2026-06-14 13:29:35.783,1,14.0,False,,False,True
4957.689,SAI,55,84.41,20.0,2.0,,,24.569,34.349,25.492,4897.861,4932.21,4957.702,250.0,261.0,289.0,329.0,False,HARD,6.0,True,Williams,4873.279,2026-06-14 13:31:00.044,1,14.0,False,,False,True
5042.288,SAI,55,84.599,21.0,2.0,,,24.534,34.446,25.619,4982.236,5016.682,5042.301,253.0,262.0,290.0,329.0,False,HARD,7.0,True,Williams,4957.689,2026-06-14 13:32:24.454,1,14.0,False,,False,True
5127.135,SAI,55,84.847,22.0,2.0,,,24.56,34.42,25.867,5066.861,5101.281,5127.148,251.0,258.0,288.0,330.0,False,HARD,8.0,True,Williams,5042.288,2026-06-14 13:33:49.053,1,14.0,False,,False,True
5211.858,SAI,55,84.723,23.0,2.0,,,24.566,34.47,25.687,5151.714,5186.184,5211.871,257.0,259.0,288.0,331.0,False,HARD,9.0,True,Williams,5127.135,2026-06-14 13:35:13.900,1,13.0,False,,False,True
5296.901,SAI,55,85.043,24.0,2.0,,,24.67,34.508,25.865,5236.541,5271.049,5296.914,255.0,252.0,288.0,331.0,False,HARD,10.0,True,Williams,5211.858,2026-06-14 13:36:38.623,1,13.0,False,,False,True
5381.921,SAI,55,85.02,25.0,2.0,,,24.593,34.552,25.875,5321.507,5356.059,5381.934,252.0,261.0,288.0,330.0,False,HARD,11.0,True,Williams,5296.901,2026-06-14 13:38:03.666,1,13.0,False,,False,True
5467.404,SAI,55,85.483,26.0,2.0,,,24.706,34.793,25.984,5406.64,5441.433,5467.417,252.0,251.0,288.0,329.0,False,HARD,12.0,True,Williams,5381.921,2026-06-14 13:39:28.686,1,13.0,False,,False,True
5552.506,SAI,55,85.102,27.0,2.0,,,24.71,34.6,25.792,5492.127,5526.727,5552.519,248.0,259.0,288.0,330.0,False,HARD,13.0,True,Williams,5467.404,2026-06-14 13:40:54.169,1,13.0,False,,False,True
5638.23,SAI,55,85.724,28.0,2.0,,,24.744,34.978,26.002,5577.263,5612.241,5638.243,245.0,255.0,289.0,328.0,False,HARD,14.0,True,Williams,5552.506,2026-06-14 13:42:19.271,1,13.0,False,,False,True
5723.583,SAI,55,85.353,29.0,2.0,,,24.937,34.68,25.736,5663.18,5697.86,5723.596,243.0,263.0,290.0,330.0,False,HARD,15.0,True,Williams,5638.23,2026-06-14 13:43:44.995,1,13.0,False,,False,True
5812.328,SAI,55,88.745,30.0,2.0,,5809.565,24.722,34.595,29.428,5748.318,5782.913,5812.341,248.0,265.0,,329.0,False,HARD,16.0,True,Williams,5723.583,2026-06-14 13:45:10.348,1,14.0,False,,False,False
5917.387,SAI,55,105.059,31.0,3.0,5832.257,,45.104,34.418,25.537,5857.445,5891.863,5917.4,231.0,250.0,291.0,245.0,False,HARD,1.0,True,Williams,5812.328,2026-06-14 13:46:39.093,1,16.0,False,,False,False
6001.006,SAI,55,83.619,32.0,3.0,,,24.192,34.012,25.415,5941.592,5975.604,6001.019,244.0,261.0,291.0,339.0,True,HARD,2.0,True,Williams,5917.387,2026-06-14 13:48:24.152,1,16.0,False,,False,True
6084.975,SAI,55,83.969,33.0,3.0,,,24.39,34.099,25.48,6025.409,6059.508,6084.988,255.0,260.0,289.0,335.0,False,HARD,3.0,True,Williams,6001.006,2026-06-14 13:49:47.771,1,16.0,False,,False,True
6169.468,SAI,55,84.493,34.0,3.0,,,24.477,34.413,25.603,6109.465,6143.878,6169.481,251.0,262.0,289.0,332.0,False,HARD,4.0,True,Williams,6084.975,2026-06-14 13:51:11.740,1,14.0,False,,False,True
6255.703,SAI,55,86.235,35.0,3.0,,,25.089,35.476,25.67,6194.57,6230.046,6255.716,243.0,258.0,291.0,331.0,False,HARD,5.0,True,Williams,6169.468,2026-06-14 13:52:36.233,1,14.0,False,,False,True
6339.652,SAI,55,83.949,36.0,3.0,,,24.395,34.14,25.414,6280.111,6314.251,6339.665,252.0,266.0,291.0,333.0,False,HARD,6.0,True,Williams,6255.703,2026-06-14 13:54:02.468,1,14.0,False,,False,True
6423.648,SAI,55,83.996,37.0,3.0,,,24.518,34.118,25.36,6364.183,6398.301,6423.661,258.0,267.0,291.0,331.0,False,HARD,7.0,True,Williams,6339.652,2026-06-14 13:55:26.417,1,14.0,False,,False,True
6507.831,SAI,55,84.183,38.0,3.0,,,24.48,34.356,25.347,6448.141,6482.497,6507.844,241.0,262.0,290.0,331.0,False,HARD,8.0,True,Williams,6423.648,2026-06-14 13:56:50.413,1,13.0,False,,False,True
6602.778,SAI,55,94.947,39.0,3.0,,,24.351,40.037,30.559,6532.195,6572.232,6602.791,254.0,203.0,193.0,332.0,False,HARD,9.0,True,Williams,6507.831,2026-06-14 13:58:14.596,126,13.0,False,,False,False
6708.126,SAI,55,105.348,40.0,3.0,,,31.449,45.058,28.841,6634.24,6679.298,6708.139,168.0,219.0,282.0,272.0,False,HARD,10.0,True,Williams,6602.778,2026-06-14 13:59:49.543,671,12.0,False,,False,False
6792.024,SAI,55,83.898,41.0,3.0,,,24.713,34.036,25.149,6732.852,6766.888,6792.037,251.0,269.0,291.0,327.0,False,HARD,11.0,True,Williams,6708.126,2026-06-14 14:01:34.891,1,12.0,False,,False,True
6877.702,SAI,55,85.678,42.0,3.0,,,24.965,35.296,25.417,6817.002,6852.298,6877.715,220.0,265.0,291.0,331.0,False,HARD,12.0,True,Williams,6792.024,2026-06-14 14:02:58.789,1,12.0,False,,False,True
6961.184,SAI,55,83.482,43.0,3.0,,,24.304,33.954,25.224,6902.019,6935.973,6961.197,257.0,269.0,293.0,334.0,True,HARD,13.0,True,Williams,6877.702,2026-06-14 14:04:24.467,1,12.0,False,,False,True
7045.904,SAI,55,84.72,44.0,3.0,,,24.992,34.413,25.315,6986.189,7020.602,7045.917,234.0,267.0,294.0,332.0,False,HARD,14.0,True,Williams,6961.184,2026-06-14 14:05:47.949,1,12.0,False,,False,True
7130.872,SAI,55,84.968,45.0,3.0,,,25.192,34.304,25.472,7071.109,7105.413,7130.885,241.0,268.0,291.0,333.0,False,HARD,15.0,True,Williams,7045.904,2026-06-14 14:07:12.669,1,13.0,False,,False,True
7214.828,SAI,55,83.956,46.0,3.0,,,24.368,34.186,25.402,7155.253,7189.439,7214.841,257.0,263.0,291.0,334.0,False,HARD,16.0,True,Williams,7130.872,2026-06-14 14:08:37.637,1,13.0,False,,False,True
7298.531,SAI,55,83.703,47.0,3.0,,,24.353,34.011,25.339,7239.194,7273.205,7298.544,260.0,272.0,292.0,332.0,False,HARD,17.0,True,Williams,7214.828,2026-06-14 14:10:01.593,1,13.0,False,,False,True
7382.261,SAI,55,83.73,48.0,3.0,,,24.344,34.022,25.364,7322.888,7356.91,7382.274,254.0,266.0,293.0,332.0,False,HARD,18.0,True,Williams,7298.531,2026-06-14 14:11:25.296,1,13.0,False,,False,True
7466.479,SAI,55,84.218,49.0,3.0,,,24.518,34.247,25.453,7406.792,7441.039,7466.492,257.0,268.0,290.0,331.0,False,HARD,19.0,True,Williams,7382.261,2026-06-14 14:12:49.026,1,13.0,False,,False,True
7550.697,SAI,55,84.218,50.0,3.0,,,24.531,34.202,25.485,7491.023,7525.225,7550.71,257.0,267.0,291.0,330.0,False,HARD,20.0,True,Williams,7466.479,2026-06-14 14:14:13.244,1,13.0,False,,False,True
7634.775,SAI,55,84.078,51.0,3.0,,,24.505,34.121,25.452,7575.215,7609.336,7634.788,260.0,272.0,291.0,330.0,False,HARD,21.0,True,Williams,7550.697,2026-06-14 14:15:37.462,1,13.0,False,,False,True
7719.301,SAI,55,84.526,52.0,3.0,,,24.542,34.387,25.597,7659.33,7693.717,7719.314,255.0,269.0,291.0,329.0,False,HARD,22.0,True,Williams,7634.775,2026-06-14 14:17:01.540,1,13.0,False,,False,True
7803.794,SAI,55,84.493,53.0,3.0,,,24.539,34.419,25.535,7743.853,7778.272,7803.807,256.0,277.0,291.0,330.0,False,HARD,23.0,True,Williams,7719.301,2026-06-14 14:18:26.066,1,13.0,False,,False,True
7888.375,SAI,55,84.581,54.0,3.0,,,24.695,34.331,25.555,7828.502,7862.833,7888.388,257.0,271.0,292.0,329.0,False,HARD,24.0,True,Williams,7803.794,2026-06-14 14:19:50.559,1,13.0,False,,False,True
7977.434,SAI,55,89.059,55.0,3.0,,7974.754,24.692,35.001,29.366,7913.08,7948.081,7977.447,256.0,258.0,,328.0,False,HARD,25.0,True,Williams,7888.375,2026-06-14 14:21:15.140,1,14.0,False,,False,False
8081.228,SAI,55,103.794,56.0,4.0,7997.432,,44.488,33.671,25.635,8021.935,8055.606,8081.241,232.0,262.0,302.0,253.0,False,MEDIUM,1.0,True,Williams,7977.434,2026-06-14 14:22:44.199,1,16.0,False,,False,False
8163.508,SAI,55,82.28,57.0,4.0,,,24.019,33.477,24.784,8105.26,8138.737,8163.521,258.0,271.0,296.0,341.0,True,MEDIUM,2.0,True,Williams,8081.228,2026-06-14 14:24:27.993,1,15.0,False,,False,True
8245.569,SAI,55,82.061,58.0,4.0,,,23.733,33.514,24.814,8187.254,8220.768,8245.582,264.0,280.0,297.0,335.0,True,MEDIUM,3.0,True,Williams,8163.508,2026-06-14 14:25:50.273,1,15.0,False,,False,True
8327.824,SAI,55,82.255,59.0,4.0,,,23.87,33.427,24.958,8269.452,8302.879,8327.837,259.0,262.0,296.0,336.0,False,MEDIUM,4.0,True,Williams,8245.569,2026-06-14 14:27:12.334,1,15.0,False,,False,True
8415.394,SAI,55,87.57,60.0,4.0,,,25.029,33.632,28.909,8352.866,8386.498,8415.407,253.0,272.0,94.0,301.0,False,MEDIUM,5.0,True,Williams,8327.824,2026-06-14 14:28:34.589,126,14.0,False,,False,False
8522.458,SAI,55,107.064,61.0,4.0,,,36.374,43.302,27.388,8451.781,8495.083,8522.471,189.0,246.0,218.0,200.0,False,MEDIUM,6.0,True,Williams,8415.394,2026-06-14 14:30:02.159,6,14.0,False,,False,False
8630.053,SAI,55,107.595,62.0,4.0,,,33.083,41.327,33.185,8555.554,8596.881,8630.066,204.0,204.0,209.0,200.0,False,MEDIUM,7.0,True,Williams,8522.458,2026-06-14 14:31:49.223,67,13.0,False,,False,False
8714.86,SAI,55,84.807,63.0,4.0,,,26.132,33.747,24.928,8656.198,8689.945,8714.873,250.0,271.0,294.0,305.0,False,MEDIUM,8.0,True,Williams,8630.053,2026-06-14 14:33:36.818,71,12.0,False,,False,False
8797.31,SAI,55,82.45,64.0,4.0,,,23.953,33.622,24.875,8738.826,8772.448,8797.323,252.0,271.0,296.0,350.0,False,MEDIUM,9.0,True,Williams,8714.86,2026-06-14 14:35:01.625,1,12.0,False,,False,True
3314.354,HAD,6,93.015,1.0,1.0,,,,36.16,25.733,,3288.714,3314.519,242.0,261.0,297.0,276.0,False,MEDIUM,1.0,True,Red Bull Racing,3221.09,2026-06-14 13:03:27.855,1,14.0,False,,False,False
3398.89,HAD,6,84.536,2.0,1.0,,,24.265,34.537,25.734,3338.697,3373.234,3398.968,245.0,254.0,297.0,334.0,True,MEDIUM,2.0,True,Red Bull Racing,3314.354,2026-06-14 13:05:01.119,1,14.0,False,,False,True
3482.733,HAD,6,83.843,3.0,1.0,,,23.936,34.295,25.612,3422.904,3457.199,3482.811,245.0,245.0,295.0,354.0,True,MEDIUM,3.0,True,Red Bull Racing,3398.89,2026-06-14 13:06:25.655,1,13.0,False,,False,True
3567.14,HAD,6,84.407,4.0,1.0,,,24.005,34.508,25.894,3506.816,3541.324,3567.218,244.0,238.0,293.0,337.0,False,MEDIUM,4.0,True,Red Bull Racing,3482.733,2026-06-14 13:07:49.498,1,13.0,False,,False,True
3651.938,HAD,6,84.798,5.0,1.0,,,24.121,34.808,25.869,3591.339,3626.147,3652.016,232.0,247.0,294.0,347.0,False,MEDIUM,5.0,True,Red Bull Racing,3567.14,2026-06-14 13:09:13.905,1,13.0,False,,False,True
3736.437,HAD,6,84.499,6.0,1.0,,,23.918,34.758,25.823,3675.934,3710.692,3736.515,246.0,250.0,293.0,350.0,False,MEDIUM,6.0,True,Red Bull Racing,3651.938,2026-06-14 13:10:38.703,1,12.0,False,,False,True
3821.014,HAD,6,84.577,7.0,1.0,,,24.05,34.536,25.991,3760.565,3795.101,3821.092,246.0,242.0,293.0,345.0,False,MEDIUM,7.0,True,Red Bull Racing,3736.437,2026-06-14 13:12:03.202,1,11.0,False,,False,True
3906.356,HAD,6,85.342,8.0,1.0,,,24.437,34.881,26.024,3845.529,3880.41,3906.434,243.0,251.0,291.0,342.0,False,MEDIUM,8.0,True,Red Bull Racing,3821.014,2026-06-14 13:13:27.779,1,11.0,False,,False,True
3992.27,HAD,6,85.914,9.0,1.0,,,25.11,34.808,25.996,3931.544,3966.352,3992.348,247.0,249.0,292.0,347.0,False,MEDIUM,9.0,True,Red Bull Racing,3906.356,2026-06-14 13:14:53.121,1,11.0,False,,False,True
4076.779,HAD,6,84.509,10.0,1.0,,,24.19,34.523,25.796,4016.538,4051.061,4076.857,263.0,260.0,291.0,344.0,False,MEDIUM,10.0,True,Red Bull Racing,3992.27,2026-06-14 13:16:19.035,1,10.0,False,,False,True
4161.31,HAD,6,84.531,11.0,1.0,,,24.318,34.42,25.793,4101.175,4135.595,4161.388,252.0,258.0,290.0,334.0,False,MEDIUM,11.0,True,Red Bull Racing,4076.779,2026-06-14 13:17:43.544,1,9.0,False,,False,True
4246.397,HAD,6,85.087,12.0,1.0,,,24.451,34.588,26.048,4185.839,4220.427,4246.475,247.0,252.0,293.0,334.0,False,MEDIUM,12.0,True,Red Bull Racing,4161.31,2026-06-14 13:19:08.075,1,9.0,False,,False,True
4331.468,HAD,6,85.071,13.0,1.0,,,24.379,34.736,25.956,4270.854,4305.59,4331.546,242.0,252.0,290.0,336.0,False,MEDIUM,13.0,True,Red Bull Racing,4246.397,2026-06-14 13:20:33.162,1,7.0,False,,False,True
4416.762,HAD,6,85.294,14.0,1.0,,,24.316,34.898,26.08,4355.862,4390.76,4416.84,252.0,251.0,292.0,326.0,False,MEDIUM,14.0,True,Red Bull Racing,4331.468,2026-06-14 13:21:58.233,1,8.0,False,,False,True
4504.842,HAD,6,88.08,15.0,1.0,,4502.065,24.325,34.24,29.515,4441.165,4475.405,4504.92,259.0,266.0,,334.0,False,MEDIUM,15.0,True,Red Bull Racing,4416.762,2026-06-14 13:23:23.527,1,7.0,False,,False,False
4607.079,HAD,6,102.237,16.0,2.0,4524.471,,43.5,33.318,25.419,4548.42,4581.738,4607.157,252.0,261.0,295.0,259.0,False,HARD,1.0,True,Red Bull Racing,4504.842,2026-06-14 13:24:51.607,1,11.0,False,,False,False
4689.865,HAD,6,82.786,17.0,2.0,,,23.645,33.644,25.497,4630.802,4664.446,4689.943,260.0,254.0,294.0,338.0,True,HARD,2.0,True,Red Bull Racing,4607.079,2026-06-14 13:26:33.844,1,9.0,False,,False,True
4771.7,HAD,6,81.835,18.0,2.0,,,23.621,33.245,24.969,4713.564,4746.809,4771.778,262.0,270.0,294.0,330.0,True,HARD,3.0,True,Red Bull Racing,4689.865,2026-06-14 13:27:56.630,1,9.0,False,,False,True
4853.923,HAD,6,82.223,19.0,2.0,,,23.679,33.485,25.059,4795.457,4828.942,4854.001,256.0,263.0,294.0,331.0,False,HARD,4.0,True,Red Bull Racing,4771.7,2026-06-14 13:29:18.465,1,9.0,False,,False,True
4937.501,HAD,6,83.578,20.0,2.0,,,23.838,33.796,25.944,4877.839,4911.635,4937.579,252.0,258.0,295.0,332.0,False,HARD,5.0,True,Red Bull Racing,4853.923,2026-06-14 13:30:40.688,1,9.0,False,,False,True
5020.421,HAD,6,82.92,21.0,2.0,,,23.824,33.851,25.245,4961.403,4995.254,5020.499,245.0,266.0,293.0,330.0,False,HARD,6.0,True,Red Bull Racing,4937.501,2026-06-14 13:32:04.266,1,8.0,False,,False,True
5103.199,HAD,6,82.778,22.0,2.0,,,23.84,33.636,25.302,5044.339,5077.975,5103.277,263.0,272.0,293.0,325.0,False,HARD,7.0,True,Red Bull Racing,5020.421,2026-06-14 13:33:27.186,1,8.0,False,,False,True
5186.15,HAD,6,82.951,23.0,2.0,,,23.974,33.694,25.283,5127.251,5160.945,5186.228,257.0,271.0,293.0,330.0,False,HARD,8.0,True,Red Bull Racing,5103.199,2026-06-14 13:34:49.964,1,8.0,False,,False,True
5269.144,HAD,6,82.994,24.0,2.0,,,23.972,33.597,25.425,5210.2,5243.797,5269.222,260.0,264.0,292.0,330.0,False,HARD,9.0,True,Red Bull Racing,5186.15,2026-06-14 13:36:12.915,1,8.0,False,,False,True
5352.416,HAD,6,83.272,25.0,2.0,,,23.955,33.872,25.445,5293.177,5327.049,5352.494,263.0,270.0,292.0,330.0,False,HARD,10.0,True,Red Bull Racing,5269.144,2026-06-14 13:37:35.909,1,8.0,False,,False,True
5435.675,HAD,6,83.259,26.0,2.0,,,23.845,33.803,25.611,5376.339,5410.142,5435.753,262.0,262.0,294.0,330.0,False,HARD,11.0,True,Red Bull Racing,5352.416,2026-06-14 13:38:59.181,1,8.0,False,,False,True
5518.957,HAD,6,83.282,27.0,2.0,,,23.946,33.939,25.397,5459.699,5493.638,5519.035,263.0,267.0,293.0,331.0,False,HARD,12.0,True,Red Bull Racing,5435.675,2026-06-14 13:40:22.440,1,8.0,False,,False,True
5602.66,HAD,6,83.703,28.0,2.0,,,24.008,34.047,25.648,5543.043,5577.09,5602.738,261.0,263.0,294.0,332.0,False,HARD,13.0,True,Red Bull Racing,5518.957,2026-06-14 13:41:45.722,1,8.0,False,,False,True
5686.418,HAD,6,83.758,29.0,2.0,,,23.973,34.213,25.572,5626.711,5660.924,5686.496,259.0,266.0,292.0,335.0,False,HARD,14.0,True,Red Bull Racing,5602.66,2026-06-14 13:43:09.425,1,8.0,False,,False,True
5770.596,HAD,6,84.178,30.0,2.0,,,24.219,34.203,25.756,5710.715,5744.918,5770.674,260.0,263.0,292.0,330.0,False,HARD,15.0,True,Red Bull Racing,5686.418,2026-06-14 13:44:33.183,1,8.0,False,,False,True
5855.164,HAD,6,84.568,31.0,2.0,,,24.445,34.408,25.715,5795.119,5829.527,5855.242,243.0,263.0,291.0,330.0,False,HARD,16.0,True,Red Bull Racing,5770.596,2026-06-14 13:45:57.361,1,8.0,False,,False,True
5942.889,HAD,6,87.725,32.0,2.0,,5940.179,24.264,34.096,29.365,5879.506,5913.602,5942.967,260.0,271.0,,331.0,False,HARD,17.0,True,Red Bull Racing,5855.164,2026-06-14 13:47:21.929,1,8.0,False,,False,False
6043.891,HAD,6,101.002,33.0,3.0,5962.726,,43.285,33.048,24.669,5986.252,6019.3,6043.969,255.0,277.0,296.0,259.0,False,HARD,1.0,True,Red Bull Racing,5942.889,2026-06-14 13:48:49.654,1,8.0,False,,False,False
6125.031,HAD,6,81.14,34.0,3.0,,,23.545,32.79,24.805,6067.514,6100.304,6125.109,270.0,271.0,297.0,332.0,True,HARD,2.0,True,Red Bull Racing,6043.891,2026-06-14 13:50:30.656,1,8.0,False,,False,True
6207.027,HAD,6,81.996,35.0,3.0,,,23.562,33.35,25.084,6148.671,6182.021,6207.105,271.0,269.0,294.0,333.0,False,HARD,3.0,True,Red Bull Racing,6125.031,2026-06-14 13:51:51.796,1,8.0,False,,False,True
6289.256,HAD,6,82.229,36.0,3.0,,,23.741,33.246,25.242,6230.846,6264.092,6289.334,262.0,262.0,296.0,332.0,False,HARD,4.0,True,Red Bull Racing,6207.027,2026-06-14 13:53:13.792,1,8.0,False,,False,True
6371.395,HAD,6,82.139,37.0,3.0,,,23.723,33.436,24.98,6313.057,6346.493,6371.473,253.0,272.0,296.0,330.0,False,HARD,5.0,True,Red Bull Racing,6289.256,2026-06-14 13:54:36.021,1,8.0,False,,False,True
6453.494,HAD,6,82.099,38.0,3.0,,,23.682,33.316,25.101,6395.155,6428.471,6453.572,263.0,262.0,295.0,330.0,False,HARD,6.0,True,Red Bull Racing,6371.395,2026-06-14 13:55:58.160,1,8.0,False,,False,True
6535.55,HAD,6,82.056,39.0,3.0,,,23.728,33.246,25.082,6477.3,6510.546,6535.628,266.0,268.0,297.0,330.0,False,HARD,7.0,True,Red Bull Racing,6453.494,2026-06-14 13:57:20.259,12,8.0,False,,False,True
6638.606,HAD,6,103.056,40.0,3.0,,,24.583,46.174,32.299,6560.211,6606.385,6638.684,144.0,218.0,205.0,332.0,False,HARD,8.0,True,Red Bull Racing,6535.55,2026-06-14 13:58:42.315,26,8.0,False,,False,False
6735.723,HAD,6,97.117,41.0,3.0,,,31.836,40.141,25.14,6670.52,6710.661,6735.801,207.0,266.0,295.0,240.0,False,HARD,9.0,True,Red Bull Racing,6638.606,2026-06-14 14:00:25.371,671,8.0,False,,False,False
6818.308,HAD,6,82.585,42.0,3.0,,,23.844,33.561,25.18,6759.645,6793.206,6818.386,261.0,267.0,296.0,331.0,False,HARD,10.0,True,Red Bull Racing,6735.723,2026-06-14 14:02:02.488,1,8.0,False,,False,True
6900.49,HAD,6,82.182,43.0,3.0,,,23.861,33.154,25.167,6842.247,6875.401,6900.568,259.0,270.0,295.0,331.0,False,HARD,11.0,True,Red Bull Racing,6818.308,2026-06-14 14:03:25.073,1,8.0,False,,False,True
6982.806,HAD,6,82.316,44.0,3.0,,,23.766,33.324,25.226,6924.334,6957.658,6982.884,260.0,266.0,296.0,332.0,False,HARD,12.0,True,Red Bull Racing,6900.49,2026-06-14 14:04:47.255,1,8.0,False,,False,True
7065.118,HAD,6,82.312,45.0,3.0,,,23.707,33.458,25.147,7006.591,7040.049,7065.196,255.0,267.0,298.0,332.0,False,HARD,13.0,True,Red Bull Racing,6982.806,2026-06-14 14:06:09.571,1,8.0,False,,False,True
7147.544,HAD,6,82.426,46.0,3.0,,,23.669,33.389,25.368,7088.865,7122.254,7147.622,267.0,272.0,298.0,333.0,False,HARD,14.0,True,Red Bull Racing,7065.118,2026-06-14 14:07:31.883,1,8.0,False,,False,True
7230.088,HAD,6,82.544,47.0,3.0,,,23.644,33.569,25.331,7171.266,7204.835,7230.166,264.0,272.0,294.0,335.0,False,HARD,15.0,True,Red Bull Racing,7147.544,2026-06-14 14:08:54.309,1,8.0,False,,False,True
7312.09,HAD,6,82.002,48.0,3.0,,,23.693,33.18,25.129,7253.859,7287.039,7312.168,268.0,272.0,296.0,332.0,False,HARD,16.0,True,Red Bull Racing,7230.088,2026-06-14 14:10:16.853,1,8.0,False,,False,True
7394.567,HAD,6,82.477,49.0,3.0,,,23.775,33.448,25.254,7335.943,7369.391,7394.645,261.0,271.0,296.0,333.0,False,HARD,17.0,True,Red Bull Racing,7312.09,2026-06-14 14:11:38.855,1,8.0,False,,False,True
7476.921,HAD,6,82.354,50.0,3.0,,,23.78,33.385,25.189,7418.425,7451.81,7476.999,268.0,276.0,295.0,333.0,False,HARD,18.0,True,Red Bull Racing,7394.567,2026-06-14 14:13:01.332,1,8.0,False,,False,True
7559.573,HAD,6,82.652,51.0,3.0,,,23.851,33.371,25.43,7500.85,7534.221,7559.651,260.0,269.0,296.0,334.0,False,HARD,19.0,True,Red Bull Racing,7476.921,2026-06-14 14:14:23.686,1,8.0,False,,False,True
7642.637,HAD,6,83.064,52.0,3.0,,,23.861,33.77,25.433,7583.512,7617.282,7642.715,265.0,267.0,297.0,335.0,False,HARD,20.0,True,Red Bull Racing,7559.573,2026-06-14 14:15:46.338,1,8.0,False,,False,True
7725.456,HAD,6,82.819,53.0,3.0,,,23.823,33.583,25.413,7666.538,7700.121,7725.534,252.0,276.0,297.0,335.0,False,HARD,21.0,True,Red Bull Racing,7642.637,2026-06-14 14:17:09.402,1,8.0,False,,False,True
7808.428,HAD,6,82.972,54.0,3.0,,,23.766,33.695,25.511,7749.3,7782.995,7808.506,268.0,270.0,295.0,333.0,False,HARD,22.0,True,Red Bull Racing,7725.456,2026-06-14 14:18:32.221,1,8.0,False,,False,True
7891.43,HAD,6,83.002,55.0,3.0,,,23.862,33.644,25.496,7832.368,7866.012,7891.508,268.0,277.0,296.0,333.0,False,HARD,23.0,True,Red Bull Racing,7808.428,2026-06-14 14:19:55.193,1,8.0,False,,False,True
7975.492,HAD,6,84.062,56.0,3.0,,,24.098,34.074,25.89,7915.606,7949.68,7975.57,264.0,269.0,296.0,335.0,False,HARD,24.0,True,Red Bull Racing,7891.43,2026-06-14 14:21:18.195,1,8.0,False,,False,True
8060.374,HAD,6,84.882,57.0,3.0,,,24.397,34.044,26.441,7999.967,8034.011,8060.452,258.0,223.0,297.0,334.0,False,HARD,25.0,True,Red Bull Racing,7975.492,2026-06-14 14:22:42.257,1,8.0,False,,False,True
8148.152,HAD,6,87.778,58.0,3.0,,8145.431,24.097,33.931,29.75,8084.549,8118.48,8148.23,263.0,276.0,,335.0,False,HARD,26.0,True,Red Bull Racing,8060.374,2026-06-14 14:24:07.139,1,8.0,False,,False,False
8248.481,HAD,6,100.329,59.0,4.0,8167.447,,42.952,32.617,24.76,8191.182,8223.799,8248.559,265.0,280.0,300.0,262.0,False,SOFT,4.0,False,Red Bull Racing,8148.152,2026-06-14 14:25:34.917,1,8.0,False,,False,False
8328.631,HAD,6,80.15,60.0,4.0,,,23.269,32.23,24.651,8271.828,8304.058,8328.709,275.0,278.0,302.0,334.0,True,SOFT,5.0,False,Red Bull Racing,8248.481,2026-06-14 14:27:15.246,1,8.0,False,,False,True
8413.282,HAD,6,84.651,61.0,4.0,,,23.517,33.02,28.114,8352.226,8385.246,8413.36,266.0,272.0,131.0,339.0,False,SOFT,6.0,False,Red Bull Racing,8328.631,2026-06-14 14:28:35.396,126,8.0,False,,False,False
8521.611,HAD,6,108.329,62.0,4.0,,,36.318,41.172,30.839,8449.678,8490.85,8521.689,209.0,227.0,228.0,171.0,False,SOFT,7.0,False,Red Bull Racing,8413.282,2026-06-14 14:30:00.047,6,7.0,False,,False,False
8629.439,HAD,6,107.828,63.0,4.0,,,31.99,42.53,33.308,8553.679,8596.209,8629.517,202.0,228.0,201.0,192.0,False,SOFT,8.0,False,Red Bull Racing,8521.611,2026-06-14 14:31:48.376,67,6.0,False,,False,False
8712.957,HAD,6,83.518,64.0,4.0,,,25.745,32.961,24.812,8655.262,8688.223,8713.035,257.0,275.0,299.0,291.0,False,SOFT,9.0,False,Red Bull Racing,8629.439,2026-06-14 14:33:36.204,71,6.0,False,,False,False
8794.071,HAD,6,81.114,65.0,4.0,,,23.4,32.814,24.9,8736.435,8769.249,8794.149,267.0,277.0,299.0,333.0,False,SOFT,10.0,False,Red Bull Racing,8712.957,2026-06-14 14:34:59.722,1,6.0,False,,False,True
3305.757,RUS,63,84.418,1.0,1.0,,,,32.363,24.388,,3281.589,3306.029,251.0,260.0,294.0,291.0,False,MEDIUM,1.0,True,Mercedes,3221.09,2026-06-14 13:03:27.855,1,1.0,False,,False,False
3387.27,RUS,63,81.513,2.0,1.0,,,23.788,32.969,24.756,3329.617,3362.586,3387.342,255.0,256.0,296.0,328.0,True,MEDIUM,2.0,True,Mercedes,3305.757,2026-06-14 13:04:52.522,1,1.0,False,,False,True
3468.749,RUS,63,81.479,3.0,1.0,,,23.801,32.908,24.77,3411.143,3444.051,3468.821,257.0,261.0,296.0,330.0,True,MEDIUM,3.0,True,Mercedes,3387.27,2026-06-14 13:06:14.035,1,1.0,False,,False,True
3550.793,RUS,63,82.044,4.0,1.0,,,23.879,33.19,24.975,3492.7,3525.89,3550.865,257.0,257.0,295.0,331.0,False,MEDIUM,4.0,True,Mercedes,3468.749,2026-06-14 13:07:35.514,1,1.0,False,,False,True
3633.22,RUS,63,82.427,5.0,1.0,,,24.023,33.412,24.992,3574.888,3608.3,3633.292,254.0,260.0,295.0,330.0,False,MEDIUM,5.0,True,Mercedes,3550.793,2026-06-14 13:08:57.558,1,1.0,False,,False,True
3715.693,RUS,63,82.473,6.0,1.0,,,24.084,33.223,25.166,3657.376,3690.599,3715.765,254.0,252.0,294.0,320.0,False,MEDIUM,6.0,True,Mercedes,3633.22,2026-06-14 13:10:19.985,1,1.0,False,,False,True
3798.38,RUS,63,82.687,7.0,1.0,,,24.012,33.402,25.273,3739.777,3773.179,3798.452,264.0,251.0,294.0,330.0,False,MEDIUM,7.0,True,Mercedes,3715.693,2026-06-14 13:11:42.458,1,1.0,False,,False,True
3881.633,RUS,63,83.253,8.0,1.0,,,24.073,33.76,25.42,3822.525,3856.285,3881.705,254.0,251.0,292.0,330.0,False,MEDIUM,8.0,True,Mercedes,3798.38,2026-06-14 13:13:05.145,1,1.0,False,,False,True
3964.831,RUS,63,83.198,9.0,1.0,,,24.249,33.59,25.359,3905.954,3939.544,3964.903,255.0,253.0,292.0,330.0,False,MEDIUM,9.0,True,Mercedes,3881.633,2026-06-14 13:14:28.398,1,1.0,False,,False,True
4048.341,RUS,63,83.51,10.0,1.0,,,24.11,33.811,25.589,3989.013,4022.824,4048.413,258.0,257.0,292.0,330.0,False,MEDIUM,10.0,True,Mercedes,3964.831,2026-06-14 13:15:51.596,1,1.0,False,,False,True
4132.042,RUS,63,83.701,11.0,1.0,,,24.28,33.826,25.595,4072.693,4106.519,4132.114,258.0,257.0,291.0,330.0,False,MEDIUM,11.0,True,Mercedes,4048.341,2026-06-14 13:17:15.106,1,1.0,False,,False,True
4219.496,RUS,63,87.454,12.0,1.0,,4216.747,24.272,33.953,29.229,4156.386,4190.339,4219.568,253.0,248.0,,331.0,False,MEDIUM,12.0,True,Mercedes,4132.042,2026-06-14 13:18:38.807,1,1.0,False,,False,False
4320.47,RUS,63,100.974,13.0,2.0,4238.916,,43.304,32.941,24.729,4262.872,4295.813,4320.542,257.0,260.0,296.0,242.0,False,HARD,1.0,True,Mercedes,4219.496,2026-06-14 13:20:06.261,1,5.0,False,,False,False
4402.26,RUS,63,81.79,14.0,2.0,,,23.81,33.103,24.877,4344.352,4377.455,4402.332,262.0,265.0,297.0,330.0,False,HARD,2.0,True,Mercedes,4320.47,2026-06-14 13:21:47.235,1,3.0,False,,False,True
4484.232,RUS,63,81.972,15.0,2.0,,,23.765,33.271,24.936,4426.097,4459.368,4484.304,260.0,259.0,295.0,332.0,False,HARD,3.0,True,Mercedes,4402.26,2026-06-14 13:23:09.025,1,2.0,False,,False,True
4566.393,RUS,63,82.161,16.0,2.0,,,23.82,33.257,25.084,4508.124,4541.381,4566.465,259.0,259.0,295.0,333.0,False,HARD,4.0,True,Mercedes,4484.232,2026-06-14 13:24:30.997,1,1.0,False,,False,True
4648.159,RUS,63,81.766,17.0,2.0,,,23.855,33.052,24.859,4590.32,4623.372,4648.231,255.0,256.0,296.0,331.0,False,HARD,5.0,True,Mercedes,4566.393,2026-06-14 13:25:53.158,1,1.0,False,,False,True
4730.262,RUS,63,82.103,18.0,2.0,,,23.836,33.302,24.965,4672.067,4705.369,4730.334,255.0,254.0,295.0,332.0,False,HARD,6.0,True,Mercedes,4648.159,2026-06-14 13:27:14.924,1,1.0,False,,False,True
4812.708,RUS,63,82.446,19.0,2.0,,,23.915,33.386,25.145,4754.249,4787.635,4812.78,258.0,253.0,297.0,331.0,False,HARD,7.0,True,Mercedes,4730.262,2026-06-14 13:28:37.027,1,1.0,False,,False,True
4895.221,RUS,63,82.513,20.0,2.0,,,23.887,33.438,25.188,4836.667,4870.105,4895.293,259.0,252.0,295.0,332.0,False,HARD,8.0,True,Mercedes,4812.708,2026-06-14 13:29:59.473,1,1.0,False,,False,True
4977.777,RUS,63,82.556,21.0,2.0,,,24.003,33.322,25.231,4919.296,4952.618,4977.849,253.0,259.0,296.0,333.0,False,HARD,9.0,True,Mercedes,4895.221,2026-06-14 13:31:21.986,1,1.0,False,,False,True
5060.502,RUS,63,82.725,22.0,2.0,,,23.815,33.707,25.203,5001.664,5035.371,5060.574,254.0,250.0,296.0,334.0,False,HARD,10.0,True,Mercedes,4977.777,2026-06-14 13:32:44.542,1,1.0,False,,False,True
5143.756,RUS,63,83.254,23.0,2.0,,,23.957,33.851,25.446,5084.531,5118.382,5143.828,256.0,249.0,296.0,334.0,False,HARD,11.0,True,Mercedes,5060.502,2026-06-14 13:34:07.267,1,1.0,False,,False,True
5226.559,RUS,63,82.803,24.0,2.0,,,23.839,33.549,25.415,5167.667,5201.216,5226.631,251.0,256.0,295.0,334.0,False,HARD,12.0,True,Mercedes,5143.756,2026-06-14 13:35:30.521,1,1.0,False,,False,True
5309.585,RUS,63,83.026,25.0,2.0,,,23.962,33.763,25.301,5250.593,5284.356,5309.657,244.0,258.0,297.0,337.0,False,HARD,13.0,True,Mercedes,5226.559,2026-06-14 13:36:53.324,1,1.0,False,,False,True
5392.493,RUS,63,82.908,26.0,2.0,,,23.859,33.732,25.317,5333.516,5367.248,5392.565,258.0,248.0,296.0,334.0,False,HARD,14.0,True,Mercedes,5309.585,2026-06-14 13:38:16.350,1,1.0,False,,False,True
5475.637,RUS,63,83.144,27.0,2.0,,,24.023,33.778,25.343,5416.588,5450.366,5475.709,252.0,250.0,297.0,333.0,False,HARD,15.0,True,Mercedes,5392.493,2026-06-14 13:39:39.258,1,1.0,False,,False,True
5558.813,RUS,63,83.176,28.0,2.0,,,23.939,33.845,25.392,5499.648,5533.493,5558.885,251.0,252.0,294.0,335.0,False,HARD,16.0,True,Mercedes,5475.637,2026-06-14 13:41:02.402,1,1.0,False,,False,True
5642.021,RUS,63,83.208,29.0,2.0,,,23.873,33.651,25.684,5582.758,5616.409,5642.093,256.0,256.0,296.0,333.0,False,HARD,17.0,True,Mercedes,5558.813,2026-06-14 13:42:25.578,1,1.0,False,,False,True
5725.668,RUS,63,83.647,30.0,2.0,,,23.992,33.95,25.705,5666.085,5700.035,5725.74,247.0,245.0,296.0,334.0,False,HARD,18.0,True,Mercedes,5642.021,2026-06-14 13:43:48.786,1,1.0,False,,False,True
5808.993,RUS,63,83.325,31.0,2.0,,,23.943,33.981,25.401,5749.683,5783.664,5809.065,243.0,245.0,297.0,337.0,False,HARD,19.0,True,Mercedes,5725.668,2026-06-14 13:45:12.433,1,1.0,False,,False,True
5891.877,RUS,63,82.884,32.0,2.0,,,23.867,33.656,25.361,5832.932,5866.588,5891.949,247.0,252.0,297.0,339.0,False,HARD,20.0,True,Mercedes,5808.993,2026-06-14 13:46:35.758,1,1.0,False,,False,True
5975.314,RUS,63,83.437,33.0,2.0,,,24.527,33.699,25.211,5916.476,5950.175,5975.386,250.0,250.0,297.0,331.0,False,HARD,21.0,True,Mercedes,5891.877,2026-06-14 13:47:58.642,1,1.0,False,,False,True
6057.963,RUS,63,82.649,34.0,2.0,,,24.025,33.466,25.158,5999.411,6032.877,6058.035,260.0,255.0,296.0,331.0,False,HARD,22.0,True,Mercedes,5975.314,2026-06-14 13:49:22.079,1,1.0,False,,False,True
6140.884,RUS,63,82.921,35.0,2.0,,,24.084,33.612,25.225,6082.119,6115.731,6140.956,254.0,252.0,297.0,332.0,False,HARD,23.0,True,Mercedes,6057.963,2026-06-14 13:50:44.728,1,1.0,False,,False,True
6228.621,RUS,63,87.737,36.0,2.0,,6225.876,24.198,33.834,29.705,6165.154,6198.988,6228.693,254.0,251.0,,332.0,False,HARD,24.0,True,Mercedes,6140.884,2026-06-14 13:52:07.649,1,2.0,False,,False,False
6328.253,RUS,63,99.632,37.0,3.0,6247.64,,42.781,32.271,24.58,6271.474,6303.745,6328.325,253.0,271.0,298.0,251.0,False,HARD,1.0,True,Mercedes,6228.621,2026-06-14 13:53:35.386,1,4.0,False,,False,False
6408.962,RUS,63,80.709,38.0,3.0,,,23.441,32.779,24.489,6351.766,6384.545,6409.034,255.0,263.0,300.0,332.0,True,HARD,2.0,True,Mercedes,6328.253,2026-06-14 13:55:15.018,1,3.0,False,,False,True
6490.141,RUS,63,81.179,39.0,3.0,,,23.607,32.774,24.798,6432.641,6465.415,6490.213,264.0,251.0,298.0,333.0,False,HARD,3.0,True,Mercedes,6408.962,2026-06-14 13:56:35.727,1,2.0,False,,False,True
6578.357,RUS,63,88.216,40.0,3.0,,,23.399,33.072,31.745,6513.612,6546.684,6578.429,263.0,262.0,241.0,329.0,False,HARD,4.0,True,Mercedes,6490.141,2026-06-14 13:57:56.906,126,2.0,False,,False,False
6684.469,RUS,63,106.112,41.0,3.0,,,30.304,45.663,30.145,6608.733,6654.396,6684.541,137.0,204.0,210.0,283.0,False,HARD,5.0,True,Mercedes,6578.357,2026-06-14 13:59:25.122,6,2.0,False,,False,False
6770.5,RUS,63,86.031,42.0,3.0,,,28.974,32.623,24.434,6713.515,6746.138,6770.572,260.0,266.0,300.0,230.0,False,HARD,6.0,True,Mercedes,6684.469,2026-06-14 14:01:11.234,671,2.0,False,,False,False
6851.14,RUS,63,80.64,43.0,3.0,,,23.421,32.616,24.603,6793.993,6826.609,6851.212,266.0,270.0,301.0,332.0,True,HARD,7.0,True,Mercedes,6770.5,2026-06-14 14:02:37.265,1,2.0,False,,False,True
6931.961,RUS,63,80.821,44.0,3.0,,,23.577,32.841,24.403,6874.789,6907.63,6932.033,258.0,262.0,301.0,335.0,False,HARD,8.0,True,Mercedes,6851.14,2026-06-14 14:03:57.905,1,2.0,False,,False,True
7012.701,RUS,63,80.74,45.0,3.0,,,23.471,32.784,24.485,6955.504,6988.288,7012.773,263.0,264.0,298.0,332.0,False,HARD,9.0,True,Mercedes,6931.961,2026-06-14 14:05:18.726,1,2.0,False,,False,True
7093.44,RUS,63,80.739,46.0,3.0,,,23.541,32.619,24.579,7036.314,7068.933,7093.512,262.0,266.0,297.0,330.0,False,HARD,10.0,True,Mercedes,7012.701,2026-06-14 14:06:39.466,1,2.0,False,,False,True
7174.373,RUS,63,80.933,47.0,3.0,,,23.624,32.635,24.674,7117.136,7149.771,7174.445,263.0,268.0,299.0,330.0,False,HARD,11.0,True,Mercedes,7093.44,2026-06-14 14:08:00.205,1,2.0,False,,False,True
7255.64,RUS,63,81.267,48.0,3.0,,,23.505,33.105,24.657,7197.95,7231.055,7255.712,261.0,255.0,299.0,332.0,False,HARD,12.0,True,Mercedes,7174.373,2026-06-14 14:09:21.138,1,2.0,False,,False,True
7336.962,RUS,63,81.322,49.0,3.0,,,23.62,32.902,24.8,7279.332,7312.234,7337.034,264.0,259.0,297.0,330.0,False,HARD,13.0,True,Mercedes,7255.64,2026-06-14 14:10:42.405,1,2.0,False,,False,True
7418.484,RUS,63,81.522,50.0,3.0,,,23.7,32.987,24.835,7360.734,7393.721,7418.556,263.0,263.0,297.0,330.0,False,HARD,14.0,True,Mercedes,7336.962,2026-06-14 14:12:03.727,1,2.0,False,,False,True
7500.112,RUS,63,81.628,51.0,3.0,,,23.744,33.119,24.765,7442.3,7475.419,7500.184,257.0,258.0,296.0,329.0,False,HARD,15.0,True,Mercedes,7418.484,2026-06-14 14:13:25.249,1,2.0,False,,False,True
7581.764,RUS,63,81.652,52.0,3.0,,,23.561,33.249,24.842,7523.745,7556.994,7581.836,264.0,255.0,298.0,329.0,False,HARD,16.0,True,Mercedes,7500.112,2026-06-14 14:14:46.877,1,2.0,False,,False,True
7663.628,RUS,63,81.864,53.0,3.0,,,23.886,33.141,24.837,7605.722,7638.863,7663.7,262.0,261.0,296.0,330.0,False,HARD,17.0,True,Mercedes,7581.764,2026-06-14 14:16:08.529,1,2.0,False,,False,True
7745.087,RUS,63,81.459,54.0,3.0,,,23.783,32.916,24.76,7687.483,7720.399,7745.159,266.0,263.0,299.0,329.0,False,HARD,18.0,True,Mercedes,7663.628,2026-06-14 14:17:30.393,1,2.0,False,,False,True
7826.616,RUS,63,81.529,55.0,3.0,,,23.704,32.987,24.838,7768.863,7801.85,7826.688,265.0,266.0,297.0,330.0,False,HARD,19.0,True,Mercedes,7745.087,2026-06-14 14:18:51.852,1,2.0,False,,False,True
7908.686,RUS,63,82.07,56.0,3.0,,,23.871,33.179,25.02,7850.559,7883.738,7908.758,266.0,261.0,297.0,331.0,False,HARD,20.0,True,Mercedes,7826.616,2026-06-14 14:20:13.381,1,2.0,False,,False,True
7990.758,RUS,63,82.072,57.0,3.0,,,23.804,33.308,24.96,7932.562,7965.87,7990.83,251.0,259.0,297.0,333.0,False,HARD,21.0,True,Mercedes,7908.686,2026-06-14 14:21:35.451,1,2.0,False,,False,True
8072.704,RUS,63,81.946,58.0,3.0,,,23.776,33.259,24.911,8014.606,8047.865,8072.776,262.0,265.0,298.0,332.0,False,HARD,22.0,True,Mercedes,7990.758,2026-06-14 14:22:57.523,1,2.0,False,,False,True
8154.975,RUS,63,82.271,59.0,3.0,,,23.878,33.394,24.999,8096.654,8130.048,8155.047,262.0,263.0,298.0,332.0,False,HARD,23.0,True,Mercedes,8072.704,2026-06-14 14:24:19.469,1,2.0,False,,False,True
8237.161,RUS,63,82.186,60.0,3.0,,,23.834,33.339,25.013,8178.881,8212.22,8237.233,264.0,264.0,298.0,332.0,False,HARD,24.0,True,Mercedes,8154.975,2026-06-14 14:25:41.740,1,2.0,False,,False,True
8321.723,RUS,63,84.562,61.0,3.0,,,24.839,34.343,25.38,8262.072,8296.415,8321.795,246.0,259.0,298.0,332.0,False,HARD,25.0,True,Mercedes,8237.161,2026-06-14 14:27:03.926,1,3.0,False,,False,True
8404.203,RUS,63,82.48,62.0,3.0,,,23.829,33.48,25.171,8345.624,8379.104,8404.275,261.0,260.0,298.0,336.0,False,HARD,26.0,True,Mercedes,8321.723,2026-06-14 14:28:28.488,12,2.0,False,,False,True
8511.752,RUS,63,107.549,63.0,3.0,,,31.347,44.195,32.007,8435.622,8479.817,8511.824,168.0,116.0,239.0,125.0,False,HARD,27.0,True,Mercedes,8404.203,2026-06-14 14:29:50.968,26,2.0,False,,False,False
8619.556,RUS,63,107.804,64.0,3.0,,,31.354,44.784,31.666,8543.178,8587.962,8619.628,200.0,175.0,175.0,239.0,False,HARD,28.0,True,Mercedes,8511.752,2026-06-14 14:31:38.517,6,2.0,False,,False,False
8706.683,RUS,63,87.127,65.0,3.0,,,28.949,33.194,24.984,8648.577,8681.771,8706.755,252.0,255.0,297.0,255.0,False,HARD,29.0,True,Mercedes,8619.556,2026-06-14 14:33:26.321,671,2.0,False,,False,False
8789.005,RUS,63,82.322,66.0,3.0,,,23.86,33.312,25.15,8730.615,8763.927,8789.077,258.0,265.0,297.0,330.0,False,HARD,30.0,True,Mercedes,8706.683,2026-06-14 14:34:53.448,1,2.0,False,,False,True
3316.746,BOT,77,95.407,1.0,1.0,,,,36.276,26.732,,3290.073,3316.897,211.0,223.0,292.0,290.0,False,MEDIUM,1.0,True,Cadillac,3221.09,2026-06-14 13:03:27.855,1,20.0,False,,False,False
3402.784,BOT,77,86.038,2.0,1.0,,,24.794,35.238,26.006,3341.579,3376.817,3402.823,222.0,248.0,289.0,346.0,True,MEDIUM,2.0,True,Cadillac,3316.746,2026-06-14 13:05:03.511,1,20.0,False,,False,True
3488.529,BOT,77,85.745,3.0,1.0,,,24.567,35.06,26.118,3427.39,3462.45,3488.568,231.0,250.0,287.0,344.0,True,MEDIUM,3.0,True,Cadillac,3402.784,2026-06-14 13:06:29.549,1,20.0,False,,False,True
3574.783,BOT,77,86.254,4.0,1.0,,,24.921,35.071,26.262,3513.489,3548.56,3574.822,234.0,234.0,286.0,325.0,False,MEDIUM,4.0,True,Cadillac,3488.529,2026-06-14 13:07:55.294,1,20.0,False,,False,True
3661.326,BOT,77,86.543,5.0,1.0,,,24.967,35.16,26.416,3599.789,3634.949,3661.365,235.0,246.0,283.0,327.0,False,MEDIUM,5.0,True,Cadillac,3574.783,2026-06-14 13:09:21.548,1,20.0,False,,False,True
3747.986,BOT,77,86.66,6.0,1.0,,,25.062,35.125,26.473,3686.427,3721.552,3748.025,237.0,251.0,283.0,327.0,False,MEDIUM,6.0,True,Cadillac,3661.326,2026-06-14 13:10:48.091,1,20.0,False,,False,True
3834.667,BOT,77,86.681,7.0,1.0,,,25.072,35.016,26.593,3773.097,3808.113,3834.706,237.0,252.0,284.0,325.0,False,MEDIUM,7.0,True,Cadillac,3747.986,2026-06-14 13:12:14.751,1,20.0,False,,False,True
3921.837,BOT,77,87.17,8.0,1.0,,,25.239,35.352,26.579,3859.945,3895.297,3921.876,239.0,251.0,283.0,325.0,False,MEDIUM,8.0,True,Cadillac,3834.667,2026-06-14 13:13:41.432,1,20.0,False,,False,True
4009.583,BOT,77,87.746,9.0,1.0,,,25.354,35.617,26.775,3947.23,3982.847,4009.622,236.0,240.0,282.0,323.0,False,MEDIUM,9.0,True,Cadillac,3921.837,2026-06-14 13:15:08.602,1,20.0,False,,False,True
4097.551,BOT,77,87.968,10.0,1.0,,,25.928,35.426,26.614,4035.55,4070.976,4097.59,232.0,256.0,282.0,328.0,False,MEDIUM,10.0,True,Cadillac,4009.583,2026-06-14 13:16:36.348,1,20.0,False,,False,True
4185.596,BOT,77,88.045,11.0,1.0,,,25.325,35.714,27.006,4122.915,4158.629,4185.635,233.0,246.0,282.0,324.0,False,MEDIUM,11.0,True,Cadillac,4097.551,2026-06-14 13:18:04.316,1,20.0,False,,False,True
4275.028,BOT,77,89.432,12.0,1.0,,,26.184,36.237,27.011,4211.819,4248.056,4275.067,210.0,231.0,283.0,328.0,False,MEDIUM,12.0,True,Cadillac,4185.596,2026-06-14 13:19:32.361,1,21.0,False,,False,True
4363.421,BOT,77,88.393,13.0,1.0,,,25.677,35.69,27.026,4300.744,4336.434,4363.46,234.0,244.0,283.0,326.0,False,MEDIUM,13.0,True,Cadillac,4275.028,2026-06-14 13:21:01.793,1,20.0,False,,False,True
4455.629,BOT,77,92.208,14.0,1.0,,4452.801,25.308,35.592,31.308,4388.768,4424.36,4455.668,232.0,242.0,,324.0,False,MEDIUM,14.0,True,Cadillac,4363.421,2026-06-14 13:22:30.186,1,19.0,False,,False,False
4576.409,BOT,77,120.78,15.0,2.0,4476.17,4573.593,45.616,37.714,37.45,4501.284,4538.998,4576.448,234.0,172.0,,244.0,False,HARD,1.0,True,Cadillac,4455.629,2026-06-14 13:24:02.394,1,21.0,False,,False,False
3309.909,PIA,81,88.57,1.0,1.0,,,,34.275,25.242,,3284.792,3310.029,257.0,244.0,298.0,300.0,False,MEDIUM,1.0,True,McLaren,3221.09,2026-06-14 13:03:27.855,1,6.0,False,,False,False
3392.582,PIA,81,82.673,2.0,1.0,,,23.918,33.679,25.076,3333.838,3367.517,3392.593,257.0,247.0,296.0,339.0,True,MEDIUM,2.0,True,McLaren,3309.909,2026-06-14 13:04:56.674,1,6.0,False,,False,True
3475.522,PIA,81,82.94,3.0,1.0,,,23.905,33.635,25.4,3416.498,3450.133,3475.533,258.0,247.0,293.0,345.0,False,MEDIUM,3.0,True,McLaren,3392.582,2026-06-14 13:06:19.347,1,6.0,False,,False,True
3558.576,PIA,81,83.054,4.0,1.0,,,23.922,33.712,25.42,3499.455,3533.167,3558.587,251.0,251.0,292.0,345.0,False,MEDIUM,4.0,True,McLaren,3475.522,2026-06-14 13:07:42.287,1,6.0,False,,False,True
3641.818,PIA,81,83.242,5.0,1.0,,,24.078,33.833,25.331,3582.665,3616.498,3641.829,248.0,251.0,294.0,348.0,False,MEDIUM,5.0,True,McLaren,3558.576,2026-06-14 13:09:05.341,1,6.0,False,,False,True
3725.116,PIA,81,83.298,6.0,1.0,,,24.188,33.685,25.425,3666.017,3699.702,3725.127,252.0,258.0,293.0,337.0,False,MEDIUM,6.0,True,McLaren,3641.818,2026-06-14 13:10:28.583,1,6.0,False,,False,True
3808.685,PIA,81,83.569,7.0,1.0,,,24.148,33.908,25.513,3749.275,3783.183,3808.696,249.0,258.0,292.0,338.0,False,MEDIUM,7.0,True,McLaren,3725.116,2026-06-14 13:11:51.881,1,6.0,False,,False,True
3894.192,PIA,81,85.507,8.0,1.0,,,24.565,35.038,25.904,3833.261,3868.299,3894.203,236.0,248.0,291.0,334.0,False,MEDIUM,8.0,True,McLaren,3808.685,2026-06-14 13:13:15.450,1,7.0,False,,False,True
3978.74,PIA,81,84.548,9.0,1.0,,,24.385,34.366,25.797,3918.588,3952.954,3978.751,250.0,251.0,288.0,333.0,False,MEDIUM,9.0,True,McLaren,3894.192,2026-06-14 13:14:40.957,1,7.0,False,,False,True
4063.141,PIA,81,84.401,10.0,1.0,,,24.444,34.169,25.788,4003.195,4037.364,4063.152,247.0,259.0,291.0,331.0,False,MEDIUM,10.0,True,McLaren,3978.74,2026-06-14 13:16:05.505,1,7.0,False,,False,True
4147.238,PIA,81,84.097,11.0,1.0,,,24.465,33.899,25.733,4087.617,4121.516,4147.249,253.0,253.0,290.0,331.0,False,MEDIUM,11.0,True,McLaren,4063.141,2026-06-14 13:17:29.906,1,7.0,False,,False,True
4231.355,PIA,81,84.117,12.0,1.0,,,24.416,33.971,25.73,4171.665,4205.636,4231.366,254.0,248.0,291.0,330.0,False,MEDIUM,12.0,True,McLaren,4147.238,2026-06-14 13:18:54.003,1,5.0,False,,False,True
4315.354,PIA,81,83.999,13.0,1.0,,,24.472,33.967,25.56,4255.838,4289.805,4315.365,258.0,254.0,292.0,330.0,False,MEDIUM,13.0,True,McLaren,4231.355,2026-06-14 13:20:18.120,1,4.0,False,,False,True
4403.896,PIA,81,88.542,14.0,1.0,,4401.135,24.443,34.194,29.905,4339.808,4374.002,4403.907,254.0,258.0,,330.0,False,MEDIUM,14.0,True,McLaren,4315.354,2026-06-14 13:21:42.119,1,4.0,False,,False,False
4506.637,PIA,81,102.741,15.0,2.0,4422.995,,43.865,33.637,25.239,4447.772,4481.409,4506.648,246.0,261.0,293.0,245.0,False,HARD,1.0,True,McLaren,4403.896,2026-06-14 13:23:10.661,1,8.0,False,,False,False
4589.178,PIA,81,82.541,16.0,2.0,,,24.105,33.337,25.099,4530.753,4564.09,4589.189,260.0,260.0,293.0,328.0,True,HARD,2.0,True,McLaren,4506.637,2026-06-14 13:24:53.402,1,7.0,False,,False,True
4671.407,PIA,81,82.229,17.0,2.0,,,23.989,33.288,24.952,4613.178,4646.466,4671.418,258.0,261.0,297.0,328.0,True,HARD,3.0,True,McLaren,4589.178,2026-06-14 13:26:15.943,1,7.0,False,,False,True
4753.676,PIA,81,82.269,18.0,2.0,,,23.934,33.376,24.959,4695.352,4728.728,4753.687,256.0,266.0,294.0,334.0,False,HARD,4.0,True,McLaren,4671.407,2026-06-14 13:27:38.172,1,7.0,False,,False,True
4835.938,PIA,81,82.262,19.0,2.0,,,23.925,33.265,25.072,4777.612,4810.877,4835.949,259.0,264.0,294.0,332.0,False,HARD,5.0,True,McLaren,4753.676,2026-06-14 13:29:00.441,1,7.0,False,,False,True
4918.387,PIA,81,82.449,20.0,2.0,,,24.072,33.26,25.117,4860.021,4893.281,4918.398,263.0,269.0,291.0,332.0,False,HARD,6.0,True,McLaren,4835.938,2026-06-14 13:30:22.703,1,7.0,False,,False,True
5001.245,PIA,81,82.858,21.0,2.0,,,24.116,33.499,25.243,4942.514,4976.013,5001.256,263.0,263.0,295.0,330.0,False,HARD,7.0,True,McLaren,4918.387,2026-06-14 13:31:45.152,1,7.0,False,,False,True
5084.182,PIA,81,82.937,22.0,2.0,,,24.016,33.588,25.333,5025.272,5058.86,5084.193,259.0,263.0,291.0,332.0,False,HARD,8.0,True,McLaren,5001.245,2026-06-14 13:33:08.010,1,7.0,False,,False,True
5167.08,PIA,81,82.898,23.0,2.0,,,23.995,33.556,25.347,5108.188,5141.744,5167.091,262.0,259.0,291.0,331.0,False,HARD,9.0,True,McLaren,5084.182,2026-06-14 13:34:30.947,1,7.0,False,,False,True
5249.987,PIA,81,82.907,24.0,2.0,,,24.025,33.527,25.355,5191.116,5224.643,5249.998,263.0,253.0,293.0,330.0,False,HARD,10.0,True,McLaren,5167.08,2026-06-14 13:35:53.845,1,7.0,False,,False,True
5333.025,PIA,81,83.038,25.0,2.0,,,24.236,33.588,25.214,5274.234,5307.822,5333.036,258.0,260.0,294.0,329.0,False,HARD,11.0,True,McLaren,5249.987,2026-06-14 13:37:16.752,1,7.0,False,,False,True
5415.796,PIA,81,82.771,26.0,2.0,,,24.034,33.508,25.229,5357.07,5390.578,5415.807,257.0,258.0,294.0,332.0,False,HARD,12.0,True,McLaren,5333.025,2026-06-14 13:38:39.790,1,7.0,False,,False,True
5498.647,PIA,81,82.851,27.0,2.0,,,24.153,33.501,25.197,5439.96,5473.461,5498.658,265.0,258.0,293.0,329.0,False,HARD,13.0,True,McLaren,5415.796,2026-06-14 13:40:02.561,1,7.0,False,,False,True
5581.93,PIA,81,83.283,28.0,2.0,,,24.205,33.707,25.371,5522.863,5556.57,5581.941,261.0,263.0,294.0,332.0,False,HARD,14.0,True,McLaren,5498.647,2026-06-14 13:41:25.412,1,6.0,False,,False,True
5665.604,PIA,81,83.674,29.0,2.0,,,24.114,34.051,25.509,5606.055,5640.106,5665.615,234.0,258.0,292.0,343.0,False,HARD,15.0,True,McLaren,5581.93,2026-06-14 13:42:48.695,1,7.0,False,,False,True
5749.212,PIA,81,83.608,30.0,2.0,,,24.253,33.949,25.406,5689.868,5723.817,5749.223,257.0,261.0,294.0,330.0,False,HARD,16.0,True,McLaren,5665.604,2026-06-14 13:44:12.369,1,6.0,False,,False,True
5832.557,PIA,81,83.345,31.0,2.0,,,24.279,33.939,25.127,5773.502,5807.441,5832.568,259.0,264.0,294.0,332.0,False,HARD,17.0,True,McLaren,5749.212,2026-06-14 13:45:35.977,1,6.0,False,,False,True
5916.39,PIA,81,83.833,32.0,2.0,,,24.558,33.99,25.285,5857.126,5891.116,5916.401,257.0,256.0,293.0,331.0,False,HARD,18.0,True,McLaren,5832.557,2026-06-14 13:46:59.322,1,6.0,False,,False,True
5999.39,PIA,81,83.0,33.0,2.0,,,24.209,33.676,25.115,5940.61,5974.286,5999.401,262.0,262.0,292.0,328.0,False,HARD,19.0,True,McLaren,5916.39,2026-06-14 13:48:23.155,1,6.0,False,,False,True
6082.427,PIA,81,83.037,34.0,2.0,,,24.152,33.696,25.189,6023.553,6057.249,6082.438,261.0,261.0,295.0,332.0,False,HARD,20.0,True,McLaren,5999.39,2026-06-14 13:49:46.155,1,6.0,False,,False,True
6165.871,PIA,81,83.444,35.0,2.0,,,24.267,33.953,25.224,6106.705,6140.658,6165.882,264.0,260.0,293.0,334.0,False,HARD,21.0,True,McLaren,6082.427,2026-06-14 13:51:09.192,1,6.0,False,,False,True
6252.788,PIA,81,86.917,36.0,2.0,,6250.124,24.227,33.751,28.939,6190.109,6223.86,6252.799,257.0,266.0,,331.0,False,HARD,22.0,True,McLaren,6165.871,2026-06-14 13:52:32.636,1,6.0,False,,False,False
6355.155,PIA,81,102.367,37.0,3.0,6272.758,,44.36,33.272,24.735,6297.159,6330.431,6355.166,252.0,256.0,296.0,257.0,False,HARD,1.0,True,McLaren,6252.788,2026-06-14 13:53:59.553,1,7.0,False,,False,False
6437.268,PIA,81,82.113,38.0,3.0,,,23.837,32.986,25.29,6379.003,6411.989,6437.279,260.0,266.0,260.0,330.0,False,HARD,2.0,True,McLaren,6355.155,2026-06-14 13:55:41.920,1,7.0,True,TRACK LIMITS AT TURN 14 LAP 38 ,False,True
6519.341,PIA,81,82.073,39.0,3.0,,,24.348,33.052,24.673,6461.627,6494.679,6519.352,261.0,269.0,297.0,328.0,True,HARD,3.0,True,McLaren,6437.268,2026-06-14 13:57:04.033,1,7.0,False,,False,True
6615.988,PIA,81,96.647,40.0,3.0,,,23.732,41.03,31.885,6543.084,6584.114,6615.999,266.0,204.0,203.0,332.0,False,HARD,4.0,True,McLaren,6519.341,2026-06-14 13:58:26.106,126,7.0,False,,False,False
6718.95,PIA,81,102.962,41.0,3.0,,,31.765,45.548,25.649,6647.764,6693.312,6718.961,173.0,219.0,298.0,256.0,False,HARD,5.0,True,McLaren,6615.988,2026-06-14 14:00:02.753,671,7.0,False,,False,False
6800.036,PIA,81,81.086,42.0,3.0,,,23.732,32.795,24.559,6742.693,6775.488,6800.047,268.0,267.0,301.0,332.0,True,HARD,6.0,True,McLaren,6718.95,2026-06-14 14:01:45.715,1,7.0,False,,False,True
6881.01,PIA,81,80.974,43.0,3.0,,,23.764,32.704,24.506,6823.811,6856.515,6881.021,262.0,267.0,299.0,337.0,True,HARD,7.0,True,McLaren,6800.036,2026-06-14 14:03:06.801,1,7.0,False,,False,True
6962.213,PIA,81,81.203,44.0,3.0,,,23.606,33.075,24.522,6904.627,6937.702,6962.224,266.0,267.0,299.0,336.0,False,HARD,8.0,True,McLaren,6881.01,2026-06-14 14:04:27.775,1,7.0,False,,False,True
7043.152,PIA,81,80.939,45.0,3.0,,,23.636,32.813,24.49,6985.86,7018.673,7043.163,266.0,267.0,296.0,337.0,True,HARD,9.0,True,McLaren,6962.213,2026-06-14 14:05:48.978,1,7.0,False,,False,True
7123.987,PIA,81,80.835,46.0,3.0,,,23.592,32.752,24.491,7066.755,7099.507,7123.998,271.0,266.0,299.0,332.0,True,HARD,10.0,True,McLaren,7043.152,2026-06-14 14:07:09.917,1,7.0,False,,False,True
7204.981,PIA,81,80.994,47.0,3.0,,,23.616,32.883,24.495,7147.614,7180.497,7204.992,267.0,265.0,297.0,332.0,False,HARD,11.0,True,McLaren,7123.987,2026-06-14 14:08:30.752,1,7.0,False,,False,True
7286.28,PIA,81,81.299,48.0,3.0,,,23.664,32.949,24.686,7228.656,7261.605,7286.291,267.0,270.0,296.0,332.0,False,HARD,12.0,True,McLaren,7204.981,2026-06-14 14:09:51.746,1,7.0,False,,False,True
7367.427,PIA,81,81.147,49.0,3.0,,,23.621,32.879,24.647,7309.912,7342.791,7367.438,266.0,267.0,299.0,333.0,False,HARD,13.0,True,McLaren,7286.28,2026-06-14 14:11:13.045,1,7.0,False,,False,True
7450.276,PIA,81,82.849,50.0,3.0,,,23.735,34.139,24.975,7391.173,7425.312,7450.287,268.0,255.0,298.0,332.0,False,HARD,14.0,True,McLaren,7367.427,2026-06-14 14:12:34.192,1,7.0,False,,False,True
7532.18,PIA,81,81.904,51.0,3.0,,,23.804,33.187,24.913,7474.091,7507.278,7532.191,267.0,269.0,298.0,332.0,False,HARD,15.0,True,McLaren,7450.276,2026-06-14 14:13:57.041,1,7.0,False,,False,True
7614.546,PIA,81,82.366,52.0,3.0,,,23.831,33.5,25.035,7556.022,7589.522,7614.557,257.0,262.0,296.0,335.0,False,HARD,16.0,True,McLaren,7532.18,2026-06-14 14:15:18.945,1,7.0,False,,False,True
7696.588,PIA,81,82.042,53.0,3.0,,,23.903,33.292,24.847,7638.46,7671.752,7696.599,266.0,267.0,297.0,333.0,False,HARD,17.0,True,McLaren,7614.546,2026-06-14 14:16:41.311,1,7.0,False,,False,True
7778.88,PIA,81,82.292,54.0,3.0,,,23.873,33.684,24.735,7720.472,7754.156,7778.891,263.0,260.0,297.0,334.0,False,HARD,18.0,True,McLaren,7696.588,2026-06-14 14:18:03.353,1,7.0,False,,False,True
7861.249,PIA,81,82.369,55.0,3.0,,,23.954,33.613,24.802,7802.845,7836.458,7861.26,265.0,262.0,298.0,331.0,False,HARD,19.0,True,McLaren,7778.88,2026-06-14 14:19:25.645,1,7.0,False,,False,True
7943.388,PIA,81,82.139,56.0,3.0,,,23.945,33.24,24.954,7885.205,7918.445,7943.399,266.0,263.0,296.0,332.0,False,HARD,20.0,True,McLaren,7861.249,2026-06-14 14:20:48.014,1,7.0,False,,False,True
8025.557,PIA,81,82.169,57.0,3.0,,,24.085,33.236,24.848,7967.484,8000.72,8025.568,263.0,267.0,296.0,332.0,False,HARD,21.0,True,McLaren,7943.388,2026-06-14 14:22:10.153,1,7.0,False,,False,True
8108.28,PIA,81,82.723,58.0,3.0,,,24.027,33.643,25.053,8049.595,8083.238,8108.291,261.0,269.0,296.0,332.0,False,HARD,22.0,True,McLaren,8025.557,2026-06-14 14:23:32.322,1,7.0,False,,False,True
8191.508,PIA,81,83.228,59.0,3.0,,,24.134,33.807,25.287,8132.425,8166.232,8191.519,268.0,263.0,295.0,332.0,False,HARD,23.0,True,McLaren,8108.28,2026-06-14 14:24:55.045,1,7.0,False,,False,True
8274.054,PIA,81,82.546,60.0,3.0,,,24.192,33.433,24.921,8215.711,8249.144,8274.065,264.0,266.0,296.0,332.0,False,HARD,24.0,True,McLaren,8191.508,2026-06-14 14:26:18.273,1,7.0,False,,False,True
8356.725,PIA,81,82.671,61.0,3.0,,,24.094,33.449,25.128,8298.159,8331.608,8356.736,267.0,261.0,296.0,332.0,False,HARD,25.0,True,McLaren,8274.054,2026-06-14 14:27:40.819,1,7.0,False,,False,True
8452.837,PIA,81,96.112,62.0,3.0,,,24.178,39.859,32.075,8380.914,8420.773,8452.848,249.0,191.0,226.0,333.0,False,HARD,26.0,True,McLaren,8356.725,2026-06-14 14:29:03.490,126,5.0,False,,False,False
8560.849,PIA,81,108.012,63.0,3.0,,,30.786,44.237,32.989,8483.634,8527.871,8560.86,196.0,205.0,195.0,253.0,False,HARD,27.0,True,McLaren,8452.837,2026-06-14 14:30:39.602,6,5.0,False,,False,False
8661.607,PIA,81,100.758,64.0,3.0,,,31.47,42.641,26.647,8592.33,8634.971,8661.618,142.0,216.0,292.0,265.0,False,HARD,28.0,True,McLaren,8560.849,2026-06-14 14:32:27.614,671,5.0,False,,False,False
8744.939,PIA,81,83.332,65.0,3.0,,,24.38,33.771,25.181,8685.998,8719.769,8744.95,259.0,262.0,293.0,329.0,False,HARD,29.0,True,McLaren,8661.607,2026-06-14 14:34:08.372,1,5.0,False,,False,True
8828.105,PIA,81,83.166,66.0,3.0,,,24.156,33.643,25.367,8769.106,8802.749,8828.116,263.0,254.0,294.0,331.0,False,HARD,30.0,True,McLaren,8744.939,2026-06-14 14:35:31.704,1,5.0,False,,False,True
3315.008,BEA,87,93.669,1.0,1.0,,,,35.925,26.558,,3288.667,3315.118,228.0,246.0,292.0,294.0,False,MEDIUM,1.0,True,Haas F1 Team,3221.09,2026-06-14 13:03:27.855,1,15.0,False,,False,False
3400.192,BEA,87,85.184,2.0,1.0,,,24.92,34.413,25.851,3339.964,3374.377,3400.228,232.0,250.0,292.0,348.0,True,MEDIUM,2.0,True,Haas F1 Team,3315.008,2026-06-14 13:05:01.773,1,16.0,False,,False,True
3485.133,BEA,87,84.941,3.0,1.0,,,24.339,34.701,25.901,3424.567,3459.268,3485.169,230.0,251.0,293.0,351.0,True,MEDIUM,3.0,True,Haas F1 Team,3400.192,2026-06-14 13:06:26.957,1,16.0,False,,False,True
3570.219,BEA,87,85.086,4.0,1.0,,,24.47,34.548,26.068,3509.639,3544.187,3570.255,239.0,254.0,288.0,352.0,False,MEDIUM,4.0,True,Haas F1 Team,3485.133,2026-06-14 13:07:51.898,1,16.0,False,,False,True
3655.434,BEA,87,85.215,5.0,1.0,,,24.544,34.806,25.865,3594.799,3629.605,3655.47,230.0,259.0,291.0,350.0,False,MEDIUM,5.0,True,Haas F1 Team,3570.219,2026-06-14 13:09:16.984,1,16.0,False,,False,True
3741.026,BEA,87,85.592,6.0,1.0,,,24.611,34.883,26.098,3680.081,3714.964,3741.062,234.0,250.0,288.0,350.0,False,MEDIUM,6.0,True,Haas F1 Team,3655.434,2026-06-14 13:10:42.199,1,16.0,False,,False,True
3827.127,BEA,87,86.101,7.0,1.0,,,24.594,35.049,26.458,3765.656,3800.705,3827.163,240.0,250.0,286.0,350.0,False,MEDIUM,7.0,True,Haas F1 Team,3741.026,2026-06-14 13:12:07.791,1,16.0,False,,False,True
3913.254,BEA,87,86.127,8.0,1.0,,,24.698,35.061,26.368,3851.861,3886.922,3913.29,236.0,249.0,287.0,348.0,False,MEDIUM,8.0,True,Haas F1 Team,3827.127,2026-06-14 13:13:33.892,1,16.0,False,,False,True
3999.575,BEA,87,86.321,9.0,1.0,,,24.899,35.14,26.282,3938.189,3973.329,3999.611,236.0,242.0,287.0,330.0,False,MEDIUM,9.0,True,Haas F1 Team,3913.254,2026-06-14 13:15:00.019,1,16.0,False,,False,True
4086.08,BEA,87,86.505,10.0,1.0,,,24.987,35.09,26.428,4024.598,4059.688,4086.116,234.0,250.0,287.0,330.0,False,MEDIUM,10.0,True,Haas F1 Team,3999.575,2026-06-14 13:16:26.340,1,16.0,False,,False,True
4172.734,BEA,87,86.654,11.0,1.0,,,24.953,35.027,26.674,4111.069,4146.096,4172.77,249.0,262.0,287.0,332.0,False,MEDIUM,11.0,True,Haas F1 Team,4086.08,2026-06-14 13:17:52.845,1,16.0,False,,False,True
4259.341,BEA,87,86.607,12.0,1.0,,,24.951,35.114,26.542,4197.721,4232.835,4259.377,243.0,245.0,287.0,331.0,False,MEDIUM,12.0,True,Haas F1 Team,4172.734,2026-06-14 13:19:19.499,1,15.0,False,,False,True
4346.094,BEA,87,86.753,13.0,1.0,,,25.018,35.15,26.585,4284.395,4319.545,4346.13,238.0,249.0,285.0,331.0,False,MEDIUM,13.0,True,Haas F1 Team,4259.341,2026-06-14 13:20:46.106,1,13.0,False,,False,True
4432.027,BEA,87,85.933,14.0,1.0,,,24.82,34.781,26.332,4370.95,4405.731,4432.063,249.0,251.0,285.0,326.0,False,MEDIUM,14.0,True,Haas F1 Team,4346.094,2026-06-14 13:22:12.859,1,12.0,False,,False,True
4517.571,BEA,87,85.544,15.0,1.0,,,24.786,34.505,26.253,4456.849,4491.354,4517.607,250.0,253.0,285.0,323.0,False,MEDIUM,15.0,True,Haas F1 Team,4432.027,2026-06-14 13:23:38.792,1,10.0,False,,False,True
4604.056,BEA,87,86.485,16.0,1.0,,,25.025,34.99,26.47,4542.632,4577.622,4604.092,247.0,259.0,285.0,321.0,False,MEDIUM,16.0,True,Haas F1 Team,4517.571,2026-06-14 13:25:04.336,1,9.0,False,,False,True
4690.763,BEA,87,86.707,17.0,1.0,,,24.916,34.826,26.965,4629.008,4663.834,4690.799,252.0,252.0,284.0,324.0,False,MEDIUM,17.0,True,Haas F1 Team,4604.056,2026-06-14 13:26:30.821,1,10.0,False,,False,True
4781.963,BEA,87,91.2,18.0,1.0,,4779.188,25.053,35.041,31.106,4715.852,4750.893,4781.999,245.0,251.0,,345.0,False,MEDIUM,18.0,True,Haas F1 Team,4690.763,2026-06-14 13:27:57.528,1,14.0,False,,False,False
4886.446,BEA,87,104.483,19.0,2.0,4802.223,,45.062,33.721,25.7,4827.061,4860.782,4886.482,248.0,255.0,290.0,263.0,False,HARD,1.0,True,Haas F1 Team,4781.963,2026-06-14 13:29:28.728,1,20.0,False,,False,False
4971.65,BEA,87,85.204,20.0,2.0,,,24.912,34.662,25.63,4911.394,4946.056,4971.686,242.0,267.0,289.0,342.0,False,HARD,2.0,True,Haas F1 Team,4886.446,2026-06-14 13:31:13.211,1,18.0,False,,False,True
5055.589,BEA,87,83.939,21.0,2.0,,,24.297,34.036,25.606,4995.983,5030.019,5055.625,250.0,265.0,288.0,325.0,True,HARD,3.0,True,Haas F1 Team,4971.65,2026-06-14 13:32:38.415,1,18.0,False,,False,True
5139.874,BEA,87,84.285,22.0,2.0,,,24.342,34.191,25.752,5079.967,5114.158,5139.91,253.0,250.0,293.0,328.0,False,HARD,4.0,True,Haas F1 Team,5055.589,2026-06-14 13:34:02.354,1,18.0,False,,False,True
5223.62,BEA,87,83.746,23.0,2.0,,,24.012,33.99,25.744,5163.922,5197.912,5223.656,253.0,259.0,288.0,350.0,True,HARD,5.0,True,Haas F1 Team,5139.874,2026-06-14 13:35:26.639,1,17.0,False,,False,True
5307.672,BEA,87,84.052,24.0,2.0,,,24.357,34.135,25.56,5248.013,5282.148,5307.708,256.0,259.0,290.0,325.0,False,HARD,6.0,True,Haas F1 Team,5223.62,2026-06-14 13:36:50.385,1,17.0,False,,False,True
5393.579,BEA,87,85.907,25.0,2.0,,,24.476,34.837,26.594,5332.184,5367.021,5393.615,248.0,149.0,292.0,325.0,False,HARD,7.0,True,Haas F1 Team,5307.672,2026-06-14 13:38:14.437,1,17.0,False,,False,True
5480.408,BEA,87,86.829,26.0,2.0,,,24.349,35.116,27.364,5417.964,5453.08,5480.444,248.0,168.0,289.0,343.0,False,HARD,8.0,True,Haas F1 Team,5393.579,2026-06-14 13:39:40.344,1,17.0,False,,False,True
5566.215,BEA,87,85.807,27.0,2.0,,,25.274,34.826,25.707,5505.718,5540.544,5566.251,150.0,259.0,290.0,344.0,False,HARD,9.0,True,Haas F1 Team,5480.408,2026-06-14 13:41:07.173,1,17.0,False,,False,True
5650.376,BEA,87,84.161,28.0,2.0,,,24.327,34.011,25.823,5590.578,5624.589,5650.412,255.0,258.0,290.0,328.0,False,HARD,10.0,True,Haas F1 Team,5566.215,2026-06-14 13:42:32.980,1,17.0,False,,False,True
5734.726,BEA,87,84.35,29.0,2.0,,,24.393,34.196,25.761,5674.805,5709.001,5734.762,255.0,263.0,290.0,327.0,False,HARD,11.0,True,Haas F1 Team,5650.376,2026-06-14 13:43:57.141,1,17.0,False,,False,True
5818.515,BEA,87,83.789,30.0,2.0,,,24.244,33.914,25.631,5759.006,5792.92,5818.551,254.0,266.0,290.0,343.0,False,HARD,12.0,True,Haas F1 Team,5734.726,2026-06-14 13:45:21.491,1,15.0,False,,False,True
5902.871,BEA,87,84.356,31.0,2.0,,,24.378,34.115,25.863,5842.929,5877.044,5902.907,249.0,258.0,285.0,326.0,False,HARD,13.0,True,Haas F1 Team,5818.515,2026-06-14 13:46:45.280,1,14.0,False,,False,True
5988.116,BEA,87,85.245,32.0,2.0,,,24.429,34.509,26.307,5927.336,5961.845,5988.152,256.0,191.0,289.0,327.0,False,HARD,14.0,True,Haas F1 Team,5902.871,2026-06-14 13:48:09.636,1,14.0,False,,False,True
6072.546,BEA,87,84.43,33.0,2.0,,,24.42,34.204,25.806,6012.572,6046.776,6072.582,250.0,255.0,289.0,330.0,False,HARD,15.0,True,Haas F1 Team,5988.116,2026-06-14 13:49:34.881,1,13.0,False,,False,True
6156.801,BEA,87,84.255,34.0,2.0,,,24.398,33.921,25.936,6096.98,6130.901,6156.837,256.0,266.0,288.0,325.0,False,HARD,16.0,True,Haas F1 Team,6072.546,2026-06-14 13:50:59.311,1,13.0,False,,False,True
6243.382,BEA,87,86.581,35.0,2.0,,,25.43,35.213,25.938,6182.267,6217.48,6243.418,238.0,261.0,288.0,294.0,False,HARD,17.0,True,Haas F1 Team,6156.801,2026-06-14 13:52:23.566,1,13.0,False,,False,True
6329.284,BEA,87,85.902,36.0,2.0,,,24.809,34.474,26.619,6268.227,6302.701,6329.32,237.0,261.0,290.0,329.0,False,HARD,18.0,True,Haas F1 Team,6243.382,2026-06-14 13:53:50.147,1,13.0,False,,False,True
6415.758,BEA,87,86.474,37.0,2.0,,,24.822,35.798,25.854,6354.142,6389.94,6415.794,171.0,260.0,289.0,342.0,False,HARD,19.0,True,Haas F1 Team,6329.284,2026-06-14 13:55:16.049,1,13.0,False,,False,True
6502.139,BEA,87,86.381,38.0,2.0,,,25.644,35.032,25.705,6441.438,6476.47,6502.175,139.0,268.0,291.0,326.0,False,HARD,20.0,True,Haas F1 Team,6415.758,2026-06-14 13:56:42.523,1,12.0,False,,False,True
6598.448,BEA,87,96.309,39.0,2.0,,6595.731,24.535,36.787,34.987,6526.71,6563.497,6598.484,253.0,142.0,,328.0,False,HARD,21.0,True,Haas F1 Team,6502.139,2026-06-14 13:58:08.904,126,12.0,False,,False,False
6719.833,BEA,87,121.385,40.0,3.0,6619.633,,49.008,45.447,26.93,6647.492,6692.939,6719.869,184.0,229.0,293.0,267.0,False,SOFT,,False,Haas F1 Team,6598.448,2026-06-14 13:59:45.213,671,15.0,False,,False,False
6802.317,BEA,87,82.484,41.0,3.0,,,23.997,33.461,25.026,6743.866,6777.327,6802.353,247.0,263.0,295.0,343.0,True,SOFT,,False,Haas F1 Team,6719.833,2026-06-14 14:01:46.598,1,15.0,False,,False,True
6884.974,BEA,87,82.657,42.0,3.0,,,24.062,33.338,25.257,6826.415,6859.753,6885.01,251.0,263.0,293.0,328.0,False,SOFT,,False,Haas F1 Team,6802.317,2026-06-14 14:03:09.082,1,15.0,False,,False,True
6967.393,BEA,87,82.419,43.0,3.0,,,23.935,33.377,25.107,6908.945,6942.322,6967.429,258.0,264.0,295.0,331.0,True,SOFT,,False,Haas F1 Team,6884.974,2026-06-14 14:04:31.739,1,15.0,False,,False,True
7050.226,BEA,87,82.833,44.0,3.0,,,24.0,33.563,25.27,6991.429,7024.992,7050.262,254.0,264.0,294.0,331.0,False,SOFT,,False,Haas F1 Team,6967.393,2026-06-14 14:05:54.158,1,15.0,False,,False,True
7133.123,BEA,87,82.897,45.0,3.0,,,24.034,33.553,25.31,7074.296,7107.849,7133.159,256.0,261.0,295.0,331.0,False,SOFT,,False,Haas F1 Team,7050.226,2026-06-14 14:07:16.991,1,15.0,False,,False,True
7216.364,BEA,87,83.241,46.0,3.0,,,24.04,33.795,25.406,7157.199,7190.994,7216.4,257.0,266.0,295.0,333.0,False,SOFT,,False,Haas F1 Team,7133.123,2026-06-14 14:08:39.888,1,15.0,False,,False,True
7300.193,BEA,87,83.829,47.0,3.0,,,24.05,34.228,25.551,7240.45,7274.678,7300.229,245.0,258.0,296.0,349.0,False,SOFT,,False,Haas F1 Team,7216.364,2026-06-14 14:10:03.129,1,15.0,False,,False,True
7384.385,BEA,87,84.192,48.0,3.0,,,24.293,34.209,25.69,7324.522,7358.731,7384.421,250.0,255.0,293.0,343.0,False,SOFT,,False,Haas F1 Team,7300.193,2026-06-14 14:11:26.958,1,14.0,False,,False,True
7468.311,BEA,87,83.926,49.0,3.0,,,24.512,33.898,25.516,7408.933,7442.831,7468.347,254.0,267.0,290.0,328.0,False,SOFT,,False,Haas F1 Team,7384.385,2026-06-14 14:12:51.150,1,14.0,False,,False,True
7552.505,BEA,87,84.194,50.0,3.0,,,24.474,33.981,25.739,7492.821,7526.802,7552.541,258.0,253.0,291.0,329.0,False,SOFT,,False,Haas F1 Team,7468.311,2026-06-14 14:14:15.076,1,14.0,False,,False,True
7636.456,BEA,87,83.951,51.0,3.0,,,24.454,33.947,25.55,7576.995,7610.942,7636.492,257.0,269.0,290.0,327.0,False,SOFT,,False,Haas F1 Team,7552.505,2026-06-14 14:15:39.270,1,14.0,False,,False,True
7720.585,BEA,87,84.129,52.0,3.0,,,24.544,33.975,25.61,7661.036,7695.011,7720.621,252.0,258.0,292.0,328.0,False,SOFT,,False,Haas F1 Team,7636.456,2026-06-14 14:17:03.221,1,14.0,False,,False,True
7805.099,BEA,87,84.514,53.0,3.0,,,24.606,34.166,25.742,7745.227,7779.393,7805.135,251.0,269.0,292.0,330.0,False,SOFT,,False,Haas F1 Team,7720.585,2026-06-14 14:18:27.350,1,14.0,False,,False,True
7889.664,BEA,87,84.565,54.0,3.0,,,24.561,34.18,25.824,7829.696,7863.876,7889.7,252.0,263.0,291.0,329.0,False,SOFT,,False,Haas F1 Team,7805.099,2026-06-14 14:19:51.864,1,14.0,False,,False,True
7974.306,BEA,87,84.642,55.0,3.0,,,24.479,34.285,25.878,7914.179,7948.464,7974.342,255.0,249.0,289.0,329.0,False,SOFT,,False,Haas F1 Team,7889.664,2026-06-14 14:21:16.429,1,13.0,False,,False,True
8062.044,BEA,87,87.738,56.0,3.0,,,26.538,35.203,25.997,8000.88,8036.083,8062.08,238.0,250.0,290.0,298.0,False,SOFT,,False,Haas F1 Team,7974.306,2026-06-14 14:22:41.071,1,13.0,False,,False,True
8146.781,BEA,87,84.737,57.0,3.0,,,24.606,34.204,25.927,8086.686,8120.89,8146.817,258.0,260.0,290.0,329.0,False,SOFT,,False,Haas F1 Team,8062.044,2026-06-14 14:24:08.809,1,13.0,False,,False,True
8231.16,BEA,87,84.379,58.0,3.0,,,24.556,34.091,25.732,8171.373,8205.464,8231.196,255.0,259.0,288.0,325.0,False,SOFT,,False,Haas F1 Team,8146.781,2026-06-14 14:25:33.546,1,13.0,False,,False,True
8315.266,BEA,87,84.106,59.0,3.0,,,24.54,33.913,25.653,8255.736,8289.649,8315.302,253.0,266.0,291.0,325.0,False,SOFT,,False,Haas F1 Team,8231.16,2026-06-14 14:26:57.925,1,13.0,False,,False,True
8418.787,BEA,87,103.521,60.0,3.0,,8415.746,24.547,34.049,44.925,8339.849,8373.898,8418.823,258.0,259.0,,325.0,False,SOFT,,False,Haas F1 Team,8315.266,2026-06-14 14:28:22.031,126,15.0,False,,False,False
