Time,Driver,DriverNumber,LapTime,LapNumber,Stint,PitOutTime,PitInTime,Sector1Time,Sector2Time,Sector3Time,Sector1SessionTime,Sector2SessionTime,Sector3SessionTime,SpeedI1,SpeedI2,SpeedFL,SpeedST,IsPersonalBest,Compound,TyreLife,FreshTyre,Team,LapStartTime,LapStartDate,TrackStatus,Position,Deleted,DeletedReason,FastF1Generated,IsAccurate
3506.451,NOR,1,78.505,1.0,1.0,,,,34.025,23.01,,3483.482,3506.611,313.0,204.0,287.0,305.0,False,MEDIUM,1.0,True,McLaren,3427.653,2026-06-28 13:03:19.729,1,7.0,False,,False,False
3579.857,NOR,1,73.406,2.0,1.0,,,17.506,32.889,23.011,3523.998,3556.887,3579.898,311.0,189.0,291.0,317.0,True,MEDIUM,2.0,True,McLaren,3506.451,2026-06-28 13:04:38.527,1,7.0,False,,False,True
3652.872,NOR,1,73.015,3.0,1.0,,,17.426,33.028,22.561,3597.324,3630.352,3652.913,313.0,204.0,289.0,309.0,True,MEDIUM,3.0,True,McLaren,3579.857,2026-06-28 13:05:51.933,1,7.0,False,,False,True
3725.502,NOR,1,72.63,4.0,1.0,,,17.419,32.841,22.37,3670.332,3703.173,3725.543,316.0,201.0,288.0,309.0,True,MEDIUM,4.0,True,McLaren,3652.872,2026-06-28 13:07:04.948,1,7.0,False,,False,True
3797.941,NOR,1,72.439,5.0,1.0,,,17.338,32.593,22.508,3742.881,3775.474,3797.982,314.0,203.0,285.0,309.0,True,MEDIUM,5.0,True,McLaren,3725.502,2026-06-28 13:08:17.578,1,7.0,False,,False,True
3870.434,NOR,1,72.493,6.0,1.0,,,17.515,32.435,22.543,3815.497,3847.932,3870.475,310.0,203.0,281.0,304.0,False,MEDIUM,6.0,True,McLaren,3797.941,2026-06-28 13:09:30.017,1,7.0,False,,False,True
3943.893,NOR,1,73.459,7.0,1.0,,,17.552,32.673,23.234,3888.027,3920.7,3943.934,313.0,203.0,285.0,304.0,False,MEDIUM,7.0,True,McLaren,3870.434,2026-06-28 13:10:42.510,1,7.0,True,TRACK LIMITS AT TURN 9 LAP 7 ,False,True
4016.918,NOR,1,73.025,8.0,1.0,,,17.671,32.712,22.642,3961.605,3994.317,4016.959,309.0,203.0,281.0,304.0,False,MEDIUM,8.0,True,McLaren,3943.893,2026-06-28 13:11:55.969,1,7.0,False,,False,True
4089.931,NOR,1,73.013,9.0,1.0,,,17.558,32.642,22.813,4034.517,4067.159,4089.972,312.0,202.0,280.0,305.0,False,MEDIUM,9.0,True,McLaren,4016.918,2026-06-28 13:13:08.994,1,7.0,False,,False,True
4163.128,NOR,1,73.197,10.0,1.0,,,17.709,32.656,22.832,4107.681,4140.337,4163.169,310.0,203.0,280.0,304.0,False,MEDIUM,10.0,True,McLaren,4089.931,2026-06-28 13:14:22.007,1,7.0,False,,False,True
4236.463,NOR,1,73.335,11.0,1.0,,,17.759,32.595,22.981,4180.928,4213.523,4236.504,309.0,200.0,281.0,306.0,False,MEDIUM,11.0,True,McLaren,4163.128,2026-06-28 13:15:35.204,1,7.0,False,,False,True
4309.713,NOR,1,73.25,12.0,1.0,,,17.664,32.673,22.913,4254.168,4286.841,4309.754,309.0,201.0,283.0,306.0,False,MEDIUM,12.0,True,McLaren,4236.463,2026-06-28 13:16:48.539,1,7.0,False,,False,True
4383.304,NOR,1,73.591,13.0,1.0,,,17.75,32.838,23.003,4327.504,4360.342,4383.345,308.0,201.0,283.0,307.0,False,MEDIUM,13.0,True,McLaren,4309.713,2026-06-28 13:18:01.789,1,5.0,False,,False,True
4456.727,NOR,1,73.423,14.0,1.0,,,17.732,32.727,22.964,4401.077,4433.804,4456.768,308.0,198.0,284.0,307.0,False,MEDIUM,14.0,True,McLaren,4383.304,2026-06-28 13:19:15.380,1,5.0,False,,False,True
4530.146,NOR,1,73.419,15.0,1.0,,,17.68,32.838,22.901,4474.448,4507.286,4530.187,307.0,198.0,282.0,306.0,False,MEDIUM,15.0,True,McLaren,4456.727,2026-06-28 13:20:28.803,1,5.0,False,,False,True
4603.469,NOR,1,73.323,16.0,1.0,,,17.711,32.724,22.888,4547.898,4580.622,4603.51,308.0,200.0,280.0,306.0,False,MEDIUM,16.0,True,McLaren,4530.146,2026-06-28 13:21:42.222,1,5.0,False,,False,True
4676.626,NOR,1,73.157,17.0,1.0,,,17.722,32.594,22.841,4621.232,4653.826,4676.667,307.0,199.0,280.0,305.0,False,MEDIUM,17.0,True,McLaren,4603.469,2026-06-28 13:22:55.545,1,5.0,False,,False,True
4750.007,NOR,1,73.381,18.0,1.0,,,17.792,32.786,22.803,4694.459,4727.245,4750.048,307.0,201.0,282.0,303.0,False,MEDIUM,18.0,True,McLaren,4676.626,2026-06-28 13:24:08.702,1,5.0,False,,False,True
4824.337,NOR,1,74.33,19.0,1.0,,,17.879,33.596,22.855,4767.927,4801.523,4824.378,306.0,199.0,282.0,303.0,False,MEDIUM,19.0,True,McLaren,4750.007,2026-06-28 13:25:22.083,1,3.0,False,,False,True
4897.992,NOR,1,73.655,20.0,1.0,,,17.835,33.001,22.819,4842.213,4875.214,4898.033,301.0,201.0,280.0,298.0,False,MEDIUM,20.0,True,McLaren,4824.337,2026-06-28 13:26:36.413,1,2.0,False,,False,True
4976.346,NOR,1,78.354,21.0,1.0,,4972.191,17.954,32.931,27.469,4915.987,4948.918,4976.387,298.0,200.0,,294.0,False,MEDIUM,21.0,True,McLaren,4897.992,2026-06-28 13:27:50.068,1,5.0,False,,False,False
5066.351,NOR,1,90.005,22.0,2.0,4993.743,,34.292,33.236,22.477,5010.679,5043.915,5066.392,299.0,204.0,284.0,298.0,False,HARD,1.0,True,McLaren,4976.346,2026-06-28 13:29:08.422,1,8.0,True,TRACK LIMITS AT TURN 3 LAP 22 ,False,False
5138.499,NOR,1,72.148,23.0,2.0,,,17.602,32.287,22.259,5083.994,5116.281,5138.54,301.0,204.0,284.0,298.0,True,HARD,2.0,True,McLaren,5066.351,2026-06-28 13:30:38.427,1,8.0,False,,False,True
5216.962,NOR,1,78.463,24.0,2.0,,,17.524,32.23,28.709,5156.064,5188.294,5217.003,297.0,205.0,104.0,295.0,False,HARD,3.0,True,McLaren,5138.499,2026-06-28 13:31:50.575,126,8.0,False,,False,False
5313.957,NOR,1,96.995,25.0,2.0,,,23.668,41.017,32.31,5240.671,5281.688,5313.998,277.0,198.0,176.0,181.0,False,HARD,4.0,True,McLaren,5216.962,2026-06-28 13:33:09.038,6,8.0,False,,False,False
5398.929,NOR,1,84.972,26.0,2.0,,,20.212,42.528,22.232,5334.21,5376.738,5398.97,274.0,206.0,285.0,262.0,False,HARD,5.0,True,McLaren,5313.957,2026-06-28 13:34:46.033,671,8.0,False,,False,False
5470.702,NOR,1,71.773,27.0,2.0,,,17.518,32.193,22.062,5416.488,5448.681,5470.743,301.0,205.0,286.0,297.0,True,HARD,6.0,True,McLaren,5398.929,2026-06-28 13:36:11.005,1,8.0,False,,False,True
5542.27,NOR,1,71.568,28.0,2.0,,,17.479,32.001,22.088,5488.222,5520.223,5542.311,302.0,205.0,287.0,299.0,True,HARD,7.0,True,McLaren,5470.702,2026-06-28 13:37:22.778,1,8.0,False,,False,True
5614.113,NOR,1,71.843,29.0,2.0,,,17.379,32.231,22.233,5559.69,5591.921,5614.154,304.0,204.0,287.0,297.0,False,HARD,8.0,True,McLaren,5542.27,2026-06-28 13:38:34.346,1,8.0,False,,False,True
5685.91,NOR,1,71.797,30.0,2.0,,,17.473,32.285,22.039,5631.627,5663.912,5685.951,306.0,205.0,286.0,297.0,False,HARD,9.0,True,McLaren,5614.113,2026-06-28 13:39:46.189,1,8.0,False,,False,True
5757.576,NOR,1,71.666,31.0,2.0,,,17.507,31.988,22.171,5703.458,5735.446,5757.617,304.0,205.0,287.0,298.0,False,HARD,10.0,True,McLaren,5685.91,2026-06-28 13:40:57.986,1,8.0,False,,False,True
5829.169,NOR,1,71.593,32.0,2.0,,,17.428,32.128,22.037,5775.045,5807.173,5829.21,302.0,204.0,287.0,305.0,False,HARD,11.0,True,McLaren,5757.576,2026-06-28 13:42:09.652,1,8.0,False,,False,True
5900.711,NOR,1,71.542,33.0,2.0,,,17.477,32.059,22.006,5846.687,5878.746,5900.752,305.0,205.0,286.0,300.0,True,HARD,12.0,True,McLaren,5829.169,2026-06-28 13:43:21.245,1,8.0,False,,False,True
5972.627,NOR,1,71.916,34.0,2.0,,,17.439,32.411,22.066,5918.191,5950.602,5972.668,308.0,202.0,287.0,303.0,False,HARD,13.0,True,McLaren,5900.711,2026-06-28 13:44:32.787,1,8.0,False,,False,True
6044.174,NOR,1,71.547,35.0,2.0,,,17.348,32.124,22.075,5990.016,6022.14,6044.215,310.0,205.0,286.0,303.0,False,HARD,14.0,True,McLaren,5972.627,2026-06-28 13:45:44.703,1,8.0,False,,False,True
6115.998,NOR,1,71.824,36.0,2.0,,,17.435,32.261,22.128,6061.65,6093.911,6116.039,310.0,202.0,286.0,304.0,False,HARD,15.0,True,McLaren,6044.174,2026-06-28 13:46:56.250,1,8.0,False,,False,True
6188.343,NOR,1,72.345,37.0,2.0,,,17.458,32.611,22.276,6133.497,6166.108,6188.384,311.0,203.0,287.0,305.0,False,HARD,16.0,True,McLaren,6115.998,2026-06-28 13:48:08.074,1,8.0,False,,False,True
6260.131,NOR,1,71.788,38.0,2.0,,,17.381,32.192,22.215,6205.765,6237.957,6260.172,312.0,202.0,286.0,307.0,False,HARD,17.0,True,McLaren,6188.343,2026-06-28 13:49:20.419,1,7.0,False,,False,True
6332.36,NOR,1,72.229,39.0,2.0,,,17.454,32.54,22.235,6277.626,6310.166,6332.401,314.0,203.0,285.0,307.0,False,HARD,18.0,True,McLaren,6260.131,2026-06-28 13:50:32.207,1,7.0,False,,False,True
6404.438,NOR,1,72.078,40.0,2.0,,,17.461,32.325,22.292,6349.862,6382.187,6404.479,314.0,203.0,286.0,308.0,False,HARD,19.0,True,McLaren,6332.36,2026-06-28 13:51:44.436,1,6.0,False,,False,True
6476.572,NOR,1,72.134,41.0,2.0,,,17.479,32.446,22.209,6421.958,6454.404,6476.613,311.0,201.0,287.0,303.0,False,HARD,20.0,True,McLaren,6404.438,2026-06-28 13:52:56.514,1,6.0,False,,False,True
6548.318,NOR,1,71.746,42.0,2.0,,,17.382,32.187,22.177,6493.995,6526.182,6548.359,311.0,203.0,286.0,303.0,False,HARD,21.0,True,McLaren,6476.572,2026-06-28 13:54:08.648,1,6.0,False,,False,True
6620.512,NOR,1,72.194,43.0,2.0,,,17.507,32.457,22.23,6565.866,6598.323,6620.553,310.0,202.0,288.0,304.0,False,HARD,22.0,True,McLaren,6548.318,2026-06-28 13:55:20.394,1,4.0,False,,False,True
6692.865,NOR,1,72.353,44.0,2.0,,,17.372,32.541,22.44,6637.925,6670.466,6692.906,314.0,200.0,287.0,309.0,False,HARD,23.0,True,McLaren,6620.512,2026-06-28 13:56:32.588,1,4.0,False,,False,True
6765.139,NOR,1,72.274,45.0,2.0,,,17.448,32.404,22.422,6710.354,6742.758,6765.18,311.0,202.0,286.0,305.0,False,HARD,24.0,True,McLaren,6692.865,2026-06-28 13:57:44.941,1,4.0,False,,False,True
6837.604,NOR,1,72.465,46.0,2.0,,,17.561,32.591,22.313,6782.741,6815.332,6837.645,310.0,204.0,286.0,304.0,False,HARD,25.0,True,McLaren,6765.139,2026-06-28 13:58:57.215,1,4.0,False,,False,True
6914.405,NOR,1,76.801,47.0,2.0,,6910.367,17.463,32.548,26.79,6855.108,6887.656,6914.446,313.0,203.0,,309.0,False,HARD,26.0,True,McLaren,6837.604,2026-06-28 14:00:09.680,1,4.0,False,,False,False
7003.045,NOR,1,88.64,48.0,3.0,6932.272,,34.472,32.378,21.79,6948.918,6981.296,7003.086,307.0,208.0,290.0,305.0,False,HARD,1.0,True,McLaren,6914.405,2026-06-28 14:01:26.481,1,8.0,False,,False,False
7074.039,NOR,1,70.994,49.0,3.0,,,17.212,31.847,21.935,7020.298,7052.145,7074.08,311.0,205.0,288.0,303.0,True,HARD,2.0,True,McLaren,7003.045,2026-06-28 14:02:55.121,1,8.0,False,,False,True
7144.904,NOR,1,70.865,50.0,3.0,,,17.235,31.649,21.981,7091.315,7122.964,7144.945,314.0,207.0,286.0,309.0,True,HARD,3.0,True,McLaren,7074.039,2026-06-28 14:04:06.115,1,8.0,False,,False,True
7216.074,NOR,1,71.17,51.0,3.0,,,17.33,32.096,21.744,7162.275,7194.371,7216.115,310.0,207.0,287.0,302.0,False,HARD,4.0,True,McLaren,7144.904,2026-06-28 14:05:16.980,1,8.0,False,,False,True
7298.922,NOR,1,82.848,52.0,3.0,,,17.38,37.324,28.144,7233.495,7270.819,7298.963,310.0,196.0,271.0,304.0,False,HARD,5.0,True,McLaren,7216.074,2026-06-28 14:06:28.150,167,8.0,False,,False,False
7369.581,NOR,1,70.659,53.0,3.0,,,17.286,31.641,21.732,7316.249,7347.89,7369.622,309.0,207.0,287.0,304.0,True,HARD,6.0,True,McLaren,7298.922,2026-06-28 14:07:50.998,1,8.0,False,,False,True
7440.564,NOR,1,70.983,54.0,3.0,,,17.362,31.805,21.816,7386.984,7418.789,7440.605,307.0,206.0,288.0,304.0,False,HARD,7.0,True,McLaren,7369.581,2026-06-28 14:09:01.657,1,8.0,False,,False,True
7511.216,NOR,1,70.652,55.0,3.0,,,17.328,31.55,21.774,7457.933,7489.483,7511.257,308.0,206.0,288.0,305.0,True,HARD,8.0,True,McLaren,7440.564,2026-06-28 14:10:12.640,1,8.0,False,,False,True
7582.123,NOR,1,70.907,56.0,3.0,,,17.314,31.74,21.853,7528.571,7560.311,7582.164,312.0,205.0,291.0,307.0,False,HARD,9.0,True,McLaren,7511.216,2026-06-28 14:11:23.292,1,8.0,False,,False,True
7653.102,NOR,1,70.979,57.0,3.0,,,17.23,31.846,21.903,7599.394,7631.24,7653.143,317.0,205.0,291.0,309.0,False,HARD,10.0,True,McLaren,7582.123,2026-06-28 14:12:34.199,1,8.0,False,,False,True
7724.567,NOR,1,71.465,58.0,3.0,,,17.248,31.993,22.224,7670.391,7702.384,7724.608,313.0,205.0,294.0,315.0,False,HARD,11.0,True,McLaren,7653.102,2026-06-28 14:13:45.178,1,8.0,False,,False,True
7796.151,NOR,1,71.584,59.0,3.0,,,17.312,32.329,21.943,7741.92,7774.249,7796.192,330.0,204.0,290.0,306.0,False,HARD,12.0,True,McLaren,7724.567,2026-06-28 14:14:56.643,1,7.0,False,,False,True
7867.367,NOR,1,71.216,60.0,3.0,,,17.308,31.984,21.924,7813.5,7845.484,7867.408,311.0,205.0,288.0,306.0,False,HARD,13.0,True,McLaren,7796.151,2026-06-28 14:16:08.227,1,7.0,False,,False,True
7938.572,NOR,1,71.205,61.0,3.0,,,17.385,31.818,22.002,7884.793,7916.611,7938.613,313.0,205.0,289.0,309.0,False,HARD,14.0,True,McLaren,7867.367,2026-06-28 14:17:19.443,1,7.0,False,,False,True
8010.158,NOR,1,71.586,62.0,3.0,,,17.368,32.022,22.196,7955.981,7988.003,8010.199,314.0,205.0,289.0,311.0,False,HARD,15.0,True,McLaren,7938.572,2026-06-28 14:18:30.648,1,7.0,False,,False,True
8081.543,NOR,1,71.385,63.0,3.0,,,17.298,32.006,22.081,8027.497,8059.503,8081.584,315.0,204.0,289.0,308.0,False,HARD,16.0,True,McLaren,8010.158,2026-06-28 14:19:42.234,1,7.0,False,,False,True
8152.861,NOR,1,71.318,64.0,3.0,,,17.34,31.904,22.074,8098.924,8130.828,8152.902,314.0,205.0,290.0,309.0,False,HARD,17.0,True,McLaren,8081.543,2026-06-28 14:20:53.619,1,7.0,False,,False,True
8224.27,NOR,1,71.409,65.0,3.0,,,17.259,31.996,22.154,8170.161,8202.157,8224.311,317.0,205.0,291.0,311.0,False,HARD,18.0,True,McLaren,8152.861,2026-06-28 14:22:04.937,1,7.0,False,,False,True
8295.767,NOR,1,71.497,66.0,3.0,,,17.287,32.157,22.053,8241.598,8273.755,8295.808,318.0,205.0,289.0,312.0,False,HARD,19.0,True,McLaren,8224.27,2026-06-28 14:23:16.346,1,7.0,False,,False,True
8368.257,NOR,1,72.49,67.0,3.0,,,17.415,32.955,22.12,8313.223,8346.178,8368.298,318.0,205.0,293.0,312.0,False,HARD,20.0,True,McLaren,8295.767,2026-06-28 14:24:27.843,1,7.0,True,TRACK LIMITS AT TURN 3 LAP 67 ,False,True
8440.196,NOR,1,71.939,68.0,3.0,,,17.357,32.217,22.365,8385.655,8417.872,8440.237,316.0,201.0,287.0,311.0,False,HARD,21.0,True,McLaren,8368.257,2026-06-28 14:25:40.333,1,7.0,False,,False,True
8512.017,NOR,1,71.821,69.0,3.0,,,17.31,32.303,22.208,8457.547,8489.85,8512.058,317.0,206.0,290.0,312.0,False,HARD,22.0,True,McLaren,8440.196,2026-06-28 14:26:52.272,1,7.0,False,,False,True
8584.691,NOR,1,72.674,70.0,3.0,,,17.779,32.604,22.291,8529.837,8562.441,8584.732,315.0,203.0,291.0,309.0,False,HARD,23.0,True,McLaren,8512.017,2026-06-28 14:28:04.093,1,7.0,False,,False,True
8657.43,NOR,1,72.739,71.0,3.0,,,17.573,32.799,22.367,8602.305,8635.104,8657.471,315.0,203.0,293.0,310.0,False,HARD,24.0,True,McLaren,8584.691,2026-06-28 14:29:16.767,1,7.0,False,,False,True
3508.674,GAS,10,80.728,1.0,1.0,,,,34.497,23.172,,3485.593,3508.891,294.0,197.0,287.0,280.0,False,MEDIUM,1.0,True,Alpine,3427.653,2026-06-28 13:03:19.729,1,13.0,False,,False,False
3583.129,GAS,10,74.455,2.0,1.0,,,17.978,33.506,22.971,3526.743,3560.249,3583.22,308.0,197.0,290.0,303.0,True,MEDIUM,2.0,True,Alpine,3508.674,2026-06-28 13:04:40.750,1,13.0,False,,False,True
3656.842,GAS,10,73.713,3.0,1.0,,,17.556,33.245,22.912,3600.776,3634.021,3656.933,310.0,200.0,290.0,303.0,True,MEDIUM,3.0,True,Alpine,3583.129,2026-06-28 13:05:55.205,1,13.0,False,,False,True
3730.857,GAS,10,74.015,4.0,1.0,,,17.499,33.374,23.142,3674.432,3707.806,3730.948,317.0,201.0,286.0,305.0,False,MEDIUM,4.0,True,Alpine,3656.842,2026-06-28 13:07:08.918,1,13.0,False,,False,True
3804.88,GAS,10,74.023,5.0,1.0,,,17.65,33.322,23.051,3748.598,3781.92,3804.971,321.0,202.0,282.0,314.0,False,MEDIUM,5.0,True,Alpine,3730.857,2026-06-28 13:08:22.933,1,13.0,False,,False,True
3878.945,GAS,10,74.065,6.0,1.0,,,17.615,33.232,23.218,3822.586,3855.818,3879.036,321.0,198.0,280.0,316.0,False,MEDIUM,6.0,True,Alpine,3804.88,2026-06-28 13:09:36.956,1,13.0,False,,False,True
3953.65,GAS,10,74.705,7.0,1.0,,,17.855,33.382,23.468,3896.891,3930.273,3953.741,318.0,200.0,281.0,311.0,False,MEDIUM,7.0,True,Alpine,3878.945,2026-06-28 13:10:51.021,1,13.0,False,,False,True
4028.163,GAS,10,74.513,8.0,1.0,,,17.804,33.364,23.345,3971.545,4004.909,4028.254,315.0,198.0,285.0,313.0,False,MEDIUM,8.0,True,Alpine,3953.65,2026-06-28 13:12:05.726,1,13.0,False,,False,True
4103.027,GAS,10,74.864,9.0,1.0,,,17.659,33.712,23.493,4045.913,4079.625,4103.118,319.0,200.0,280.0,306.0,False,MEDIUM,9.0,True,Alpine,4028.163,2026-06-28 13:13:20.239,1,13.0,False,,False,True
4178.181,GAS,10,75.154,10.0,1.0,,,17.818,33.839,23.497,4120.936,4154.775,4178.272,312.0,199.0,281.0,318.0,False,MEDIUM,10.0,True,Alpine,4103.027,2026-06-28 13:14:35.103,1,13.0,False,,False,True
4253.769,GAS,10,75.588,11.0,1.0,,,17.67,34.249,23.669,4195.942,4230.191,4253.86,327.0,199.0,282.0,294.0,False,MEDIUM,11.0,True,Alpine,4178.181,2026-06-28 13:15:50.257,1,13.0,False,,False,True
4328.712,GAS,10,74.943,12.0,1.0,,,17.793,33.77,23.38,4271.653,4305.423,4328.803,322.0,199.0,283.0,304.0,False,MEDIUM,12.0,True,Alpine,4253.769,2026-06-28 13:17:05.845,1,13.0,False,,False,True
4408.018,GAS,10,79.306,13.0,1.0,,4403.966,17.879,33.723,27.704,4346.682,4380.405,4408.109,313.0,196.0,,307.0,False,MEDIUM,13.0,True,Alpine,4328.712,2026-06-28 13:18:20.788,1,16.0,False,,False,False
4498.487,GAS,10,90.469,14.0,2.0,4425.569,,34.852,32.869,22.748,4442.961,4475.83,4498.578,309.0,202.0,282.0,297.0,False,HARD,1.0,True,Alpine,4408.018,2026-06-28 13:19:40.094,1,20.0,False,,False,False
4571.47,GAS,10,72.983,15.0,2.0,,,17.674,32.528,22.781,4516.252,4548.78,4571.561,306.0,203.0,284.0,306.0,True,HARD,2.0,True,Alpine,4498.487,2026-06-28 13:21:10.563,1,19.0,False,,False,True
4644.819,GAS,10,73.349,16.0,2.0,,,17.478,32.757,23.114,4589.039,4621.796,4644.91,318.0,200.0,286.0,306.0,False,HARD,3.0,True,Alpine,4571.47,2026-06-28 13:22:23.546,1,18.0,False,,False,True
4718.063,GAS,10,73.244,17.0,2.0,,,17.934,32.543,22.767,4662.844,4695.387,4718.154,304.0,200.0,282.0,302.0,False,HARD,4.0,True,Alpine,4644.819,2026-06-28 13:23:36.895,1,17.0,False,,False,True
4791.103,GAS,10,73.04,18.0,2.0,,,17.741,32.577,22.722,4735.895,4768.472,4791.194,309.0,202.0,283.0,303.0,False,HARD,5.0,True,Alpine,4718.063,2026-06-28 13:24:50.139,1,17.0,False,,False,True
4864.035,GAS,10,72.932,19.0,2.0,,,17.639,32.697,22.596,4808.833,4841.53,4864.126,307.0,202.0,284.0,303.0,True,HARD,6.0,True,Alpine,4791.103,2026-06-28 13:26:03.179,1,15.0,False,,False,True
4936.951,GAS,10,72.916,20.0,2.0,,,17.651,32.554,22.711,4881.777,4914.331,4937.042,308.0,202.0,283.0,306.0,True,HARD,7.0,True,Alpine,4864.035,2026-06-28 13:27:16.111,1,14.0,False,,False,True
5009.723,GAS,10,72.772,21.0,2.0,,,17.627,32.539,22.606,4954.669,4987.208,5009.814,311.0,203.0,282.0,304.0,True,HARD,8.0,True,Alpine,4936.951,2026-06-28 13:28:29.027,1,14.0,False,,False,True
5082.708,GAS,10,72.985,22.0,2.0,,,17.615,32.635,22.735,5027.429,5060.064,5082.799,313.0,202.0,284.0,308.0,False,HARD,9.0,True,Alpine,5009.723,2026-06-28 13:29:41.799,1,13.0,False,,False,True
5156.598,GAS,10,73.89,23.0,2.0,,,17.536,33.273,23.081,5100.335,5133.608,5156.689,318.0,201.0,281.0,311.0,False,HARD,10.0,True,Alpine,5082.708,2026-06-28 13:30:54.784,1,12.0,False,,False,True
5240.112,GAS,10,83.514,24.0,2.0,,,17.883,35.274,30.357,5174.572,5209.846,5240.203,306.0,118.0,201.0,302.0,False,HARD,11.0,True,Alpine,5156.598,2026-06-28 13:32:08.674,126,12.0,False,,False,False
5336.603,GAS,10,96.491,25.0,2.0,,,21.814,43.764,30.913,5262.017,5305.781,5336.694,245.0,180.0,202.0,243.0,False,HARD,12.0,True,Alpine,5240.112,2026-06-28 13:33:32.188,6,12.0,False,,False,False
5419.154,GAS,10,82.551,26.0,2.0,,,22.507,37.224,22.82,5359.201,5396.425,5419.245,209.0,201.0,284.0,273.0,False,HARD,13.0,True,Alpine,5336.603,2026-06-28 13:35:08.679,671,12.0,False,,False,False
5492.215,GAS,10,73.061,27.0,2.0,,,17.648,32.772,22.641,5436.893,5469.665,5492.306,308.0,202.0,283.0,303.0,False,HARD,14.0,True,Alpine,5419.154,2026-06-28 13:36:31.230,1,12.0,False,,False,True
5565.138,GAS,10,72.923,28.0,2.0,,,17.686,32.568,22.669,5509.992,5542.56,5565.229,308.0,202.0,282.0,303.0,False,HARD,15.0,True,Alpine,5492.215,2026-06-28 13:37:44.291,1,12.0,False,,False,True
5638.232,GAS,10,73.094,29.0,2.0,,,17.703,32.541,22.85,5582.932,5615.473,5638.323,308.0,202.0,285.0,304.0,False,HARD,16.0,True,Alpine,5565.138,2026-06-28 13:38:57.214,1,12.0,False,,False,True
5711.378,GAS,10,73.146,30.0,2.0,,,17.61,32.824,22.712,5655.933,5688.757,5711.469,310.0,202.0,282.0,304.0,False,HARD,17.0,True,Alpine,5638.232,2026-06-28 13:40:10.308,1,12.0,False,,False,True
5784.534,GAS,10,73.156,31.0,2.0,,,17.732,32.738,22.686,5729.201,5761.939,5784.625,309.0,204.0,283.0,303.0,False,HARD,18.0,True,Alpine,5711.378,2026-06-28 13:41:23.454,1,12.0,False,,False,True
5857.718,GAS,10,73.184,32.0,2.0,,,17.679,32.779,22.726,5802.304,5835.083,5857.809,308.0,202.0,284.0,304.0,False,HARD,19.0,True,Alpine,5784.534,2026-06-28 13:42:36.610,1,12.0,False,,False,True
5931.182,GAS,10,73.464,33.0,2.0,,,17.658,32.95,22.856,5875.467,5908.417,5931.273,309.0,201.0,284.0,303.0,False,HARD,20.0,True,Alpine,5857.718,2026-06-28 13:43:49.794,1,12.0,False,,False,True
6004.773,GAS,10,73.591,34.0,2.0,,,17.7,33.087,22.804,5948.973,5982.06,6004.864,310.0,201.0,284.0,302.0,False,HARD,21.0,True,Alpine,5931.182,2026-06-28 13:45:03.258,1,12.0,False,,False,True
6078.522,GAS,10,73.749,35.0,2.0,,,17.825,33.133,22.791,6022.689,6055.822,6078.613,309.0,201.0,282.0,301.0,False,HARD,22.0,True,Alpine,6004.773,2026-06-28 13:46:16.849,1,12.0,False,,False,True
6152.449,GAS,10,73.927,36.0,2.0,,,17.833,33.193,22.901,6096.446,6129.639,6152.54,309.0,200.0,282.0,301.0,False,HARD,23.0,True,Alpine,6078.522,2026-06-28 13:47:30.598,1,12.0,False,,False,True
6226.396,GAS,10,73.947,37.0,2.0,,,17.865,33.078,23.004,6170.405,6203.483,6226.487,309.0,201.0,284.0,303.0,False,HARD,24.0,True,Alpine,6152.449,2026-06-28 13:48:44.525,1,12.0,False,,False,True
6304.447,GAS,10,78.051,38.0,2.0,,6300.666,17.831,33.162,27.058,6244.318,6277.48,6304.538,309.0,200.0,,315.0,False,HARD,25.0,True,Alpine,6226.396,2026-06-28 13:49:58.472,1,13.0,False,,False,False
6393.784,GAS,10,89.337,39.0,3.0,6321.936,,33.938,32.652,22.747,6338.476,6371.128,6393.875,303.0,203.0,278.0,300.0,False,MEDIUM,1.0,True,Alpine,6304.447,2026-06-28 13:51:16.523,1,14.0,False,,False,False
6466.043,GAS,10,72.259,40.0,3.0,,,17.611,32.318,22.33,6411.486,6443.804,6466.134,313.0,204.0,284.0,305.0,True,MEDIUM,2.0,True,Alpine,6393.784,2026-06-28 13:52:45.860,1,14.0,False,,False,True
6538.334,GAS,10,72.291,41.0,3.0,,,17.545,32.248,22.498,6483.679,6515.927,6538.425,312.0,205.0,287.0,305.0,False,MEDIUM,3.0,True,Alpine,6466.043,2026-06-28 13:53:58.119,1,14.0,False,,False,True
6610.917,GAS,10,72.583,42.0,3.0,,,17.443,32.375,22.765,6555.868,6588.243,6611.008,313.0,203.0,290.0,307.0,False,MEDIUM,4.0,True,Alpine,6538.334,2026-06-28 13:55:10.410,1,14.0,False,,False,True
6683.388,GAS,10,72.471,43.0,3.0,,,17.332,32.721,22.418,6628.34,6661.061,6683.479,325.0,202.0,285.0,295.0,False,MEDIUM,5.0,True,Alpine,6610.917,2026-06-28 13:56:22.993,1,13.0,False,,False,True
6755.759,GAS,10,72.371,44.0,3.0,,,17.575,32.394,22.402,6701.054,6733.448,6755.85,309.0,204.0,284.0,302.0,False,MEDIUM,6.0,True,Alpine,6683.388,2026-06-28 13:57:35.464,1,13.0,False,,False,True
6828.477,GAS,10,72.718,45.0,3.0,,,17.602,32.612,22.504,6773.452,6806.064,6828.568,313.0,203.0,287.0,306.0,False,MEDIUM,7.0,True,Alpine,6755.759,2026-06-28 13:58:47.835,1,13.0,False,,False,True
6900.843,GAS,10,72.366,46.0,3.0,,,17.427,32.519,22.42,6845.995,6878.514,6900.934,314.0,204.0,286.0,307.0,False,MEDIUM,8.0,True,Alpine,6828.477,2026-06-28 14:00:00.553,1,12.0,False,,False,True
6973.81,GAS,10,72.967,47.0,3.0,,,17.464,32.539,22.964,6918.398,6950.937,6973.901,314.0,203.0,239.0,307.0,False,MEDIUM,9.0,True,Alpine,6900.843,2026-06-28 14:01:12.919,1,12.0,False,,False,True
7047.071,GAS,10,73.261,48.0,3.0,,,18.11,32.722,22.429,6992.011,7024.733,7047.162,321.0,204.0,288.0,311.0,False,MEDIUM,10.0,True,Alpine,6973.81,2026-06-28 14:02:25.886,1,12.0,False,,False,True
7119.628,GAS,10,72.557,49.0,3.0,,,17.439,32.709,22.409,7064.601,7097.31,7119.719,312.0,204.0,288.0,304.0,False,MEDIUM,11.0,True,Alpine,7047.071,2026-06-28 14:03:39.147,1,12.0,False,,False,True
7192.314,GAS,10,72.686,50.0,3.0,,,17.421,32.756,22.509,7137.14,7169.896,7192.405,324.0,203.0,286.0,304.0,False,MEDIUM,12.0,True,Alpine,7119.628,2026-06-28 14:04:51.704,1,12.0,False,,False,True
7271.122,GAS,10,78.808,51.0,3.0,,7267.572,17.637,32.689,28.482,7210.042,7242.731,7271.213,309.0,201.0,,305.0,False,MEDIUM,13.0,True,Alpine,7192.314,2026-06-28 14:06:04.390,16,12.0,False,,False,False
7362.278,GAS,10,91.156,52.0,4.0,7289.082,,34.094,34.661,22.401,7305.307,7339.968,7362.369,315.0,203.0,292.0,305.0,False,SOFT,1.0,True,Alpine,7271.122,2026-06-28 14:07:23.198,671,13.0,False,,False,False
7435.908,GAS,10,73.63,53.0,4.0,,,17.089,34.092,22.449,7379.458,7413.55,7435.999,319.0,205.0,292.0,307.0,False,SOFT,2.0,True,Alpine,7362.278,2026-06-28 14:08:54.354,1,13.0,False,,False,True
7507.374,GAS,10,71.466,54.0,4.0,,,17.196,32.076,22.194,7453.195,7485.271,7507.465,317.0,206.0,287.0,313.0,True,SOFT,3.0,True,Alpine,7435.908,2026-06-28 14:10:07.984,1,13.0,False,,False,True
7580.179,GAS,10,72.805,55.0,4.0,,,17.298,32.824,22.683,7524.763,7557.587,7580.27,318.0,203.0,290.0,312.0,False,SOFT,4.0,True,Alpine,7507.374,2026-06-28 14:11:19.450,1,13.0,False,,False,True
7652.232,GAS,10,72.053,56.0,4.0,,,17.305,32.536,22.212,7597.575,7630.111,7652.323,321.0,207.0,292.0,316.0,False,SOFT,5.0,True,Alpine,7580.179,2026-06-28 14:12:32.255,1,13.0,False,,False,True
7725.334,GAS,10,73.102,57.0,4.0,,,18.218,32.571,22.313,7670.541,7703.112,7725.425,292.0,205.0,294.0,322.0,False,SOFT,6.0,True,Alpine,7652.232,2026-06-28 14:13:44.308,1,13.0,False,,False,True
7799.096,GAS,10,73.762,58.0,4.0,,,17.172,32.908,23.682,7742.597,7775.505,7799.187,321.0,204.0,288.0,311.0,False,SOFT,7.0,True,Alpine,7725.334,2026-06-28 14:14:57.410,1,13.0,False,,False,True
7871.049,GAS,10,71.953,59.0,4.0,,,17.564,32.185,22.204,7816.751,7848.936,7871.14,311.0,205.0,283.0,304.0,False,SOFT,8.0,True,Alpine,7799.096,2026-06-28 14:16:11.172,1,13.0,False,,False,True
7942.63,GAS,10,71.581,60.0,4.0,,,17.481,32.097,22.003,7888.621,7920.718,7942.721,313.0,206.0,287.0,306.0,False,SOFT,9.0,True,Alpine,7871.049,2026-06-28 14:17:23.125,1,13.0,False,,False,True
8014.281,GAS,10,71.651,61.0,4.0,,,17.474,32.049,22.128,7960.195,7992.244,8014.372,310.0,207.0,289.0,305.0,False,SOFT,10.0,True,Alpine,7942.63,2026-06-28 14:18:34.706,1,13.0,False,,False,True
8085.906,GAS,10,71.625,62.0,4.0,,,17.357,32.172,22.096,8031.729,8063.901,8085.997,311.0,205.0,290.0,307.0,False,SOFT,11.0,True,Alpine,8014.281,2026-06-28 14:19:46.357,1,13.0,False,,False,True
8157.685,GAS,10,71.779,63.0,4.0,,,17.391,32.199,22.189,8103.388,8135.587,8157.776,313.0,206.0,290.0,309.0,False,SOFT,12.0,True,Alpine,8085.906,2026-06-28 14:20:57.982,1,13.0,False,,False,True
8230.686,GAS,10,73.001,64.0,4.0,,,17.35,33.213,22.438,8175.126,8208.339,8230.777,316.0,205.0,289.0,310.0,False,SOFT,13.0,True,Alpine,8157.685,2026-06-28 14:22:09.761,1,13.0,True,TRACK LIMITS AT TURN 3 LAP 64 ,False,True
8302.762,GAS,10,72.076,65.0,4.0,,,17.376,32.327,22.373,8248.153,8280.48,8302.853,318.0,206.0,287.0,311.0,False,SOFT,14.0,True,Alpine,8230.686,2026-06-28 14:23:22.762,1,13.0,False,,False,True
8374.985,GAS,10,72.223,66.0,4.0,,,17.414,32.477,22.332,8320.267,8352.744,8375.076,317.0,205.0,290.0,310.0,False,SOFT,15.0,True,Alpine,8302.762,2026-06-28 14:24:34.838,1,13.0,False,,False,True
8447.547,GAS,10,72.562,67.0,4.0,,,17.37,32.901,22.291,8392.446,8425.347,8447.638,316.0,205.0,291.0,308.0,False,SOFT,16.0,True,Alpine,8374.985,2026-06-28 14:25:47.061,1,13.0,False,,False,True
8519.533,GAS,10,71.986,68.0,4.0,,,17.31,32.381,22.295,8464.948,8497.329,8519.624,318.0,205.0,290.0,312.0,False,SOFT,17.0,True,Alpine,8447.547,2026-06-28 14:26:59.623,1,13.0,False,,False,True
8592.503,GAS,10,72.97,69.0,4.0,,,17.355,33.071,22.544,8536.979,8570.05,8592.594,318.0,203.0,291.0,313.0,False,SOFT,18.0,True,Alpine,8519.533,2026-06-28 14:28:11.609,1,13.0,False,,False,True
8665.176,GAS,10,72.673,70.0,4.0,,,17.5,32.742,22.431,8610.094,8642.836,8665.267,326.0,201.0,282.0,313.0,False,SOFT,19.0,True,Alpine,8592.503,2026-06-28 14:29:24.579,1,13.0,False,,False,True
3510.737,PER,11,82.791,1.0,1.0,,,,35.102,23.618,,3487.168,3510.815,296.0,199.0,288.0,283.0,False,MEDIUM,1.0,True,Cadillac,3427.653,2026-06-28 13:03:19.729,1,18.0,False,,False,False
3586.012,PER,11,75.275,2.0,1.0,,,17.711,34.119,23.445,3528.497,3562.616,3586.061,320.0,199.0,282.0,299.0,True,MEDIUM,2.0,True,Cadillac,3510.737,2026-06-28 13:04:42.813,1,18.0,False,,False,True
3660.46,PER,11,74.448,3.0,1.0,,,17.579,33.468,23.401,3603.64,3637.108,3660.509,307.0,201.0,285.0,298.0,True,MEDIUM,3.0,True,Cadillac,3586.012,2026-06-28 13:05:58.088,1,18.0,False,,False,True
3745.317,PER,11,84.857,4.0,1.0,,3741.09,17.553,34.591,32.713,3678.062,3712.653,3745.366,299.0,198.0,,249.0,False,MEDIUM,4.0,True,Cadillac,3660.46,2026-06-28 13:07:12.536,1,21.0,False,,False,False
3504.877,ANT,12,76.931,1.0,1.0,,,,33.513,22.318,,3482.618,3504.964,304.0,203.0,292.0,310.0,False,MEDIUM,1.0,True,Mercedes,3427.653,2026-06-28 13:03:19.729,1,4.0,False,,False,False
3579.093,ANT,12,74.216,2.0,1.0,,,17.866,33.687,22.663,3522.769,3556.456,3579.119,283.0,204.0,291.0,278.0,False,MEDIUM,2.0,True,Mercedes,3504.877,2026-06-28 13:04:36.953,1,5.0,True,TRACK LIMITS AT TURN 1 LAP 2 ,False,True
3651.661,ANT,12,72.568,3.0,1.0,,,17.354,32.791,22.423,3596.473,3629.264,3651.687,299.0,203.0,288.0,302.0,True,MEDIUM,3.0,True,Mercedes,3579.093,2026-06-28 13:05:51.169,1,5.0,False,,False,True
3723.775,ANT,12,72.114,4.0,1.0,,,17.393,32.509,22.212,3669.08,3701.589,3723.801,307.0,204.0,290.0,302.0,True,MEDIUM,4.0,True,Mercedes,3651.661,2026-06-28 13:07:03.737,1,5.0,False,,False,True
3795.943,ANT,12,72.168,5.0,1.0,,,17.236,32.605,22.327,3741.037,3773.642,3795.969,309.0,203.0,289.0,300.0,False,MEDIUM,5.0,True,Mercedes,3723.775,2026-06-28 13:08:15.851,1,5.0,False,,False,True
3868.228,ANT,12,72.285,6.0,1.0,,,17.212,32.76,22.313,3813.181,3845.941,3868.254,313.0,205.0,283.0,316.0,False,MEDIUM,6.0,True,Mercedes,3795.943,2026-06-28 13:09:28.019,1,5.0,False,,False,True
3940.835,ANT,12,72.607,7.0,1.0,,,17.404,32.702,22.501,3885.658,3918.36,3940.861,309.0,201.0,286.0,314.0,False,MEDIUM,7.0,True,Mercedes,3868.228,2026-06-28 13:10:40.304,1,4.0,False,,False,True
4012.998,ANT,12,72.163,8.0,1.0,,,17.248,32.688,22.227,3958.109,3990.797,4013.024,316.0,205.0,285.0,312.0,False,MEDIUM,8.0,True,Mercedes,3940.835,2026-06-28 13:11:52.911,1,4.0,False,,False,True
4085.266,ANT,12,72.268,9.0,1.0,,,17.476,32.478,22.314,4030.5,4062.978,4085.292,303.0,203.0,285.0,298.0,False,MEDIUM,9.0,True,Mercedes,4012.998,2026-06-28 13:13:05.074,1,4.0,False,,False,True
4157.852,ANT,12,72.586,10.0,1.0,,,17.501,32.532,22.553,4102.793,4135.325,4157.878,302.0,204.0,278.0,298.0,False,MEDIUM,10.0,True,Mercedes,4085.266,2026-06-28 13:14:17.342,1,4.0,False,,False,True
4230.999,ANT,12,73.147,11.0,1.0,,,17.636,32.893,22.618,4175.514,4208.407,4231.025,303.0,203.0,287.0,301.0,False,MEDIUM,11.0,True,Mercedes,4157.852,2026-06-28 13:15:29.928,1,4.0,False,,False,True
4304.22,ANT,12,73.221,12.0,1.0,,,17.527,32.923,22.771,4248.552,4281.475,4304.246,303.0,203.0,281.0,304.0,False,MEDIUM,12.0,True,Mercedes,4230.999,2026-06-28 13:16:43.075,1,3.0,False,,False,True
4377.002,ANT,12,72.782,13.0,1.0,,,17.705,32.575,22.502,4321.951,4354.526,4377.028,304.0,203.0,287.0,305.0,False,MEDIUM,13.0,True,Mercedes,4304.22,2026-06-28 13:17:56.296,1,3.0,False,,False,True
4449.698,ANT,12,72.696,14.0,1.0,,,17.59,32.56,22.546,4394.618,4427.178,4449.724,303.0,199.0,285.0,305.0,False,MEDIUM,14.0,True,Mercedes,4377.002,2026-06-28 13:19:09.078,1,3.0,False,,False,True
4522.691,ANT,12,72.993,15.0,1.0,,,17.536,32.839,22.618,4467.26,4500.099,4522.717,304.0,201.0,286.0,305.0,False,MEDIUM,15.0,True,Mercedes,4449.698,2026-06-28 13:20:21.774,1,3.0,False,,False,True
4595.574,ANT,12,72.883,16.0,1.0,,,17.618,32.685,22.58,4540.335,4573.02,4595.6,304.0,201.0,285.0,305.0,False,MEDIUM,16.0,True,Mercedes,4522.691,2026-06-28 13:21:34.767,1,3.0,False,,False,True
4668.048,ANT,12,72.474,17.0,1.0,,,17.491,32.552,22.431,4613.091,4645.643,4668.074,305.0,201.0,285.0,304.0,False,MEDIUM,17.0,True,Mercedes,4595.574,2026-06-28 13:22:47.650,1,3.0,False,,False,True
4740.864,ANT,12,72.816,18.0,1.0,,,17.761,32.5,22.555,4685.835,4718.335,4740.89,305.0,201.0,285.0,305.0,False,MEDIUM,18.0,True,Mercedes,4668.048,2026-06-28 13:24:00.124,1,2.0,False,,False,True
4813.34,ANT,12,72.476,19.0,1.0,,,17.547,32.511,22.418,4758.437,4790.948,4813.366,302.0,202.0,284.0,300.0,False,MEDIUM,19.0,True,Mercedes,4740.864,2026-06-28 13:25:12.940,1,2.0,False,,False,True
4886.759,ANT,12,73.419,20.0,1.0,,,17.629,33.429,22.361,4830.995,4864.424,4886.785,302.0,203.0,287.0,299.0,False,MEDIUM,20.0,True,Mercedes,4813.34,2026-06-28 13:26:25.416,1,1.0,False,,False,True
4959.563,ANT,12,72.804,21.0,1.0,,,17.627,32.728,22.449,4904.412,4937.14,4959.589,305.0,201.0,283.0,302.0,False,MEDIUM,21.0,True,Mercedes,4886.759,2026-06-28 13:27:38.835,1,1.0,False,,False,True
5033.515,ANT,12,73.952,22.0,1.0,,,17.674,33.883,22.395,4977.263,5011.146,5033.541,307.0,201.0,286.0,300.0,False,MEDIUM,22.0,True,Mercedes,4959.563,2026-06-28 13:28:51.639,1,1.0,True,TRACK LIMITS AT TURN 3 LAP 22 ,False,True
5106.651,ANT,12,73.136,23.0,1.0,,,17.615,33.02,22.501,5051.156,5084.176,5106.677,306.0,202.0,288.0,302.0,False,MEDIUM,23.0,True,Mercedes,5033.515,2026-06-28 13:30:05.591,1,1.0,False,,False,True
5184.885,ANT,12,78.234,24.0,1.0,,5181.234,17.581,33.054,27.599,5124.258,5157.312,5184.911,310.0,202.0,,308.0,False,MEDIUM,24.0,True,Mercedes,5106.651,2026-06-28 13:31:18.727,12,1.0,False,,False,False
5298.266,ANT,12,113.381,25.0,2.0,5202.417,,40.351,41.693,31.337,5225.262,5266.955,5298.292,228.0,161.0,188.0,207.0,False,HARD,1.0,True,Mercedes,5184.885,2026-06-28 13:32:36.961,26,5.0,False,,False,False
5388.347,ANT,12,90.081,26.0,2.0,,,22.55,43.266,24.265,5320.842,5364.108,5388.373,169.0,182.0,291.0,207.0,False,HARD,2.0,True,Mercedes,5298.266,2026-06-28 13:34:30.342,671,4.0,False,,False,False
5459.689,ANT,12,71.342,27.0,2.0,,,17.095,32.248,21.999,5405.468,5437.716,5459.715,320.0,207.0,290.0,322.0,True,HARD,3.0,True,Mercedes,5388.347,2026-06-28 13:36:00.423,1,4.0,False,,False,True
5531.084,ANT,12,71.395,28.0,2.0,,,17.22,32.12,22.055,5476.935,5509.055,5531.11,310.0,206.0,293.0,306.0,False,HARD,4.0,True,Mercedes,5459.689,2026-06-28 13:37:11.765,1,4.0,False,,False,True
5603.176,ANT,12,72.092,29.0,2.0,,,17.207,32.605,22.28,5548.317,5580.922,5603.202,319.0,203.0,286.0,324.0,False,HARD,5.0,True,Mercedes,5531.084,2026-06-28 13:38:23.160,1,4.0,False,,False,True
5674.473,ANT,12,71.297,30.0,2.0,,,17.182,32.008,22.107,5620.384,5652.392,5674.499,320.0,207.0,283.0,320.0,True,HARD,6.0,True,Mercedes,5603.176,2026-06-28 13:39:35.252,1,3.0,False,,False,True
5745.903,ANT,12,71.43,31.0,2.0,,,17.502,32.065,21.863,5692.001,5724.066,5745.929,302.0,206.0,287.0,298.0,False,HARD,7.0,True,Mercedes,5674.473,2026-06-28 13:40:46.549,1,3.0,False,,False,True
5817.133,ANT,12,71.23,32.0,2.0,,,17.388,32.03,21.812,5763.317,5795.347,5817.159,299.0,206.0,288.0,297.0,True,HARD,8.0,True,Mercedes,5745.903,2026-06-28 13:41:57.979,1,3.0,False,,False,True
5888.501,ANT,12,71.368,33.0,2.0,,,17.368,32.054,21.946,5834.527,5866.581,5888.527,300.0,205.0,288.0,298.0,False,HARD,9.0,True,Mercedes,5817.133,2026-06-28 13:43:09.209,1,3.0,False,,False,True
5959.857,ANT,12,71.356,34.0,2.0,,,17.368,32.159,21.829,,5938.054,5959.883,303.0,205.0,289.0,299.0,False,HARD,10.0,True,Mercedes,5888.501,2026-06-28 13:44:20.577,1,3.0,False,,False,True
6031.22,ANT,12,71.363,35.0,2.0,,,17.31,32.179,21.874,5977.193,6009.372,6031.246,305.0,205.0,289.0,302.0,False,HARD,11.0,True,Mercedes,5959.857,2026-06-28 13:45:31.933,1,3.0,False,,False,True
6102.48,ANT,12,71.26,36.0,2.0,,,17.288,32.164,21.808,6048.534,6080.698,6102.506,309.0,206.0,288.0,306.0,False,HARD,12.0,True,Mercedes,6031.22,2026-06-28 13:46:43.296,1,3.0,False,,False,True
6173.807,ANT,12,71.327,37.0,2.0,,,17.311,32.117,21.899,6119.817,6151.934,6173.833,307.0,204.0,290.0,301.0,False,HARD,13.0,True,Mercedes,6102.48,2026-06-28 13:47:54.556,1,3.0,False,,False,True
6245.402,ANT,12,71.595,38.0,2.0,,,17.398,32.245,21.952,6191.231,6223.476,6245.428,309.0,206.0,289.0,303.0,False,HARD,14.0,True,Mercedes,6173.807,2026-06-28 13:49:05.883,1,3.0,False,,False,True
6317.046,ANT,12,71.644,39.0,2.0,,,17.571,32.225,21.848,6262.999,6295.224,6317.072,307.0,205.0,290.0,302.0,False,HARD,15.0,True,Mercedes,6245.402,2026-06-28 13:50:17.478,1,3.0,False,,False,True
6389.645,ANT,12,72.599,40.0,2.0,,,17.389,33.183,22.027,6334.461,6367.644,6389.671,308.0,203.0,291.0,301.0,False,HARD,16.0,True,Mercedes,6317.046,2026-06-28 13:51:29.122,1,3.0,True,TRACK LIMITS AT TURN 3 LAP 40 ,False,True
6461.776,ANT,12,72.131,41.0,2.0,,,17.383,32.657,22.091,6407.054,6439.711,6461.802,314.0,204.0,288.0,303.0,False,HARD,17.0,True,Mercedes,6389.645,2026-06-28 13:52:41.721,1,3.0,False,,False,True
6533.283,ANT,12,71.507,42.0,2.0,,,17.378,32.234,21.895,6479.18,6511.414,6533.309,309.0,205.0,289.0,301.0,False,HARD,18.0,True,Mercedes,6461.776,2026-06-28 13:53:53.852,1,3.0,False,,False,True
6604.974,ANT,12,71.691,43.0,2.0,,,17.434,32.249,22.008,6550.743,6582.992,6605.0,306.0,205.0,288.0,301.0,False,HARD,19.0,True,Mercedes,6533.283,2026-06-28 13:55:05.359,1,3.0,False,,False,True
6676.697,ANT,12,71.723,44.0,2.0,,,17.436,32.306,21.981,6622.436,6654.742,6676.723,305.0,205.0,289.0,301.0,False,HARD,20.0,True,Mercedes,6604.974,2026-06-28 13:56:17.050,1,2.0,False,,False,True
6748.522,ANT,12,71.825,45.0,2.0,,,17.408,32.327,22.09,6694.131,6726.458,6748.548,308.0,205.0,287.0,303.0,False,HARD,21.0,True,Mercedes,6676.697,2026-06-28 13:57:28.773,1,2.0,False,,False,True
6820.27,ANT,12,71.748,46.0,2.0,,,17.431,32.282,22.035,6765.979,6798.261,6820.296,306.0,204.0,289.0,302.0,False,HARD,22.0,True,Mercedes,6748.522,2026-06-28 13:58:40.598,1,2.0,False,,False,True
6892.055,ANT,12,71.785,47.0,2.0,,,17.459,32.347,21.979,6837.755,6870.102,6892.081,307.0,204.0,289.0,303.0,False,HARD,23.0,True,Mercedes,6820.27,2026-06-28 13:59:52.346,1,2.0,False,,False,True
6963.801,ANT,12,71.746,48.0,2.0,,,17.454,32.345,21.947,6909.535,6941.88,6963.827,307.0,204.0,290.0,303.0,False,HARD,24.0,True,Mercedes,6892.055,2026-06-28 14:01:04.131,1,2.0,False,,False,True
7036.015,ANT,12,72.214,49.0,2.0,,,17.5,32.289,22.425,6981.327,7013.616,7036.041,312.0,203.0,285.0,308.0,False,HARD,25.0,True,Mercedes,6963.801,2026-06-28 14:02:15.877,1,1.0,False,,False,True
7108.136,ANT,12,72.121,50.0,2.0,,,17.423,32.526,22.172,7053.464,7085.99,7108.162,314.0,205.0,286.0,298.0,False,HARD,26.0,True,Mercedes,7036.015,2026-06-28 14:03:28.091,1,1.0,False,,False,True
7184.715,ANT,12,76.579,51.0,2.0,,7180.957,17.506,32.489,26.584,7125.668,7158.157,7184.741,305.0,204.0,,299.0,False,HARD,27.0,True,Mercedes,7108.136,2026-06-28 14:04:40.212,1,1.0,False,,False,False
7280.822,ANT,12,96.107,52.0,3.0,7202.506,,34.036,32.141,29.93,7218.777,7250.918,7280.848,315.0,206.0,228.0,291.0,False,HARD,1.0,True,Mercedes,7184.715,2026-06-28 14:05:56.791,16,3.0,False,,False,False
7356.499,ANT,12,75.677,53.0,3.0,,,22.254,31.712,21.711,7303.102,7334.814,7356.525,304.0,205.0,296.0,303.0,False,HARD,2.0,True,Mercedes,7280.822,2026-06-28 14:07:32.898,671,3.0,False,,False,False
7426.923,ANT,12,70.424,54.0,3.0,,,17.124,31.578,21.722,7373.649,7405.227,7426.949,308.0,207.0,292.0,297.0,True,HARD,3.0,True,Mercedes,7356.499,2026-06-28 14:08:48.575,1,3.0,False,,False,True
7497.367,ANT,12,70.444,55.0,3.0,,,17.156,31.713,21.575,7444.105,7475.818,7497.393,303.0,207.0,293.0,301.0,False,HARD,4.0,True,Mercedes,7426.923,2026-06-28 14:09:58.999,1,3.0,False,,False,True
7567.797,ANT,12,70.43,56.0,3.0,,,17.178,31.593,21.659,7514.571,7546.164,7567.823,305.0,206.0,292.0,303.0,False,HARD,5.0,True,Mercedes,7497.367,2026-06-28 14:11:09.443,1,3.0,False,,False,True
7638.267,ANT,12,70.47,57.0,3.0,,,17.195,31.642,21.633,7585.018,7616.66,7638.293,307.0,208.0,291.0,301.0,False,HARD,6.0,True,Mercedes,7567.797,2026-06-28 14:12:19.873,1,3.0,False,,False,True
7708.899,ANT,12,70.632,58.0,3.0,,,17.153,31.826,21.653,7655.446,7687.272,7708.925,309.0,209.0,294.0,305.0,False,HARD,7.0,True,Mercedes,7638.267,2026-06-28 14:13:30.343,1,3.0,False,,False,True
7779.273,ANT,12,70.374,59.0,3.0,,,17.126,31.58,21.668,7726.051,7757.631,7779.299,313.0,208.0,292.0,304.0,True,HARD,8.0,True,Mercedes,7708.899,2026-06-28 14:14:40.975,1,3.0,False,,False,True
7849.664,ANT,12,70.391,60.0,3.0,,,17.237,31.569,21.585,7796.536,7828.105,7849.69,305.0,207.0,292.0,306.0,False,HARD,9.0,True,Mercedes,7779.273,2026-06-28 14:15:51.349,1,3.0,False,,False,True
7920.106,ANT,12,70.442,61.0,3.0,,,17.195,31.624,21.623,7866.885,7898.509,7920.132,308.0,208.0,293.0,307.0,False,HARD,10.0,True,Mercedes,7849.664,2026-06-28 14:17:01.740,1,3.0,False,,False,True
7990.998,ANT,12,70.892,62.0,3.0,,,17.173,31.941,21.778,7937.305,7969.246,7991.024,308.0,207.0,293.0,306.0,False,HARD,11.0,True,Mercedes,7920.106,2026-06-28 14:18:12.182,1,3.0,False,,False,True
8062.049,ANT,12,71.051,63.0,3.0,,,17.177,32.008,21.866,8008.201,8040.209,8062.075,313.0,207.0,290.0,304.0,False,HARD,12.0,True,Mercedes,7990.998,2026-06-28 14:19:23.074,1,3.0,False,,False,True
8132.944,ANT,12,70.895,64.0,3.0,,,17.25,31.925,21.72,8079.325,8111.25,8132.97,312.0,208.0,291.0,303.0,False,HARD,13.0,True,Mercedes,8062.049,2026-06-28 14:20:34.125,1,3.0,False,,False,True
8203.584,ANT,12,70.64,65.0,3.0,,,17.155,31.875,21.61,8150.125,8182.0,8203.61,309.0,206.0,293.0,307.0,False,HARD,14.0,True,Mercedes,8132.944,2026-06-28 14:21:45.020,1,3.0,False,,False,True
8274.316,ANT,12,70.732,66.0,3.0,,,17.179,31.833,21.72,8220.789,8252.622,8274.342,308.0,208.0,291.0,309.0,False,HARD,15.0,True,Mercedes,8203.584,2026-06-28 14:22:55.660,1,3.0,False,,False,True
8345.347,ANT,12,71.031,67.0,3.0,,,17.416,31.935,21.68,8291.758,8323.693,8345.373,309.0,208.0,294.0,305.0,False,HARD,16.0,True,Mercedes,8274.316,2026-06-28 14:24:06.392,1,3.0,False,,False,True
8415.896,ANT,12,70.549,68.0,3.0,,,17.142,31.804,21.603,8362.515,8394.319,8415.922,310.0,207.0,295.0,307.0,False,HARD,17.0,True,Mercedes,8345.347,2026-06-28 14:25:17.423,1,3.0,False,,False,True
8486.303,ANT,12,70.407,69.0,3.0,,,17.065,31.72,21.622,8432.987,8464.707,8486.329,311.0,208.0,295.0,309.0,False,HARD,18.0,True,Mercedes,8415.896,2026-06-28 14:26:27.972,1,3.0,False,,False,True
8556.978,ANT,12,70.675,70.0,3.0,,,17.063,31.891,21.721,8503.392,8535.283,8557.004,314.0,207.0,295.0,311.0,False,HARD,19.0,True,Mercedes,8486.303,2026-06-28 14:27:38.379,1,3.0,False,,False,True
8627.911,ANT,12,70.933,71.0,3.0,,,17.009,32.087,21.837,8574.013,8606.1,8627.937,325.0,206.0,288.0,334.0,False,HARD,20.0,True,Mercedes,8556.978,2026-06-28 14:28:49.054,1,3.0,False,,False,True
3511.444,ALO,14,83.498,1.0,1.0,,,,35.167,23.8,,3487.85,3511.514,296.0,198.0,276.0,299.0,False,MEDIUM,1.0,True,Aston Martin,3427.653,2026-06-28 13:03:19.729,1,19.0,False,,False,False
3587.392,ALO,14,75.948,2.0,1.0,,,18.442,34.013,23.493,3529.956,3563.969,3587.462,304.0,200.0,276.0,279.0,True,MEDIUM,2.0,True,Aston Martin,3511.444,2026-06-28 13:04:43.520,1,20.0,False,,False,True
3662.297,ALO,14,74.905,3.0,1.0,,,18.063,33.504,23.338,3605.525,3639.029,3662.367,296.0,201.0,276.0,275.0,True,MEDIUM,3.0,True,Aston Martin,3587.392,2026-06-28 13:05:59.468,1,20.0,False,,False,True
3737.726,ALO,14,75.429,4.0,1.0,,,18.142,33.702,23.585,3680.509,3714.211,3737.796,285.0,200.0,273.0,277.0,False,MEDIUM,4.0,True,Aston Martin,3662.297,2026-06-28 13:07:14.373,1,19.0,False,,False,True
3812.649,ALO,14,74.923,5.0,1.0,,,18.174,33.482,23.267,3755.97,3789.452,3812.719,288.0,199.0,275.0,282.0,False,MEDIUM,5.0,True,Aston Martin,3737.726,2026-06-28 13:08:29.802,1,19.0,False,,False,True
3887.667,ALO,14,75.018,6.0,1.0,,,18.238,33.488,23.292,3830.957,3864.445,3887.737,288.0,199.0,274.0,282.0,False,MEDIUM,6.0,True,Aston Martin,3812.649,2026-06-28 13:09:44.725,1,19.0,False,,False,True
3962.894,ALO,14,75.227,7.0,1.0,,,18.304,33.583,23.34,3906.041,3939.624,3962.964,286.0,199.0,274.0,281.0,False,MEDIUM,7.0,True,Aston Martin,3887.667,2026-06-28 13:10:59.743,1,19.0,False,,False,True
4038.151,ALO,14,75.257,8.0,1.0,,,18.241,33.638,23.378,3981.205,4014.843,4038.221,287.0,200.0,273.0,281.0,False,MEDIUM,8.0,True,Aston Martin,3962.894,2026-06-28 13:12:14.970,1,19.0,False,,False,True
4113.705,ALO,14,75.554,9.0,1.0,,,18.261,33.807,23.486,4056.482,4090.289,4113.775,287.0,200.0,273.0,279.0,False,MEDIUM,9.0,True,Aston Martin,4038.151,2026-06-28 13:13:30.227,1,19.0,False,,False,True
4189.461,ALO,14,75.756,10.0,1.0,,,18.246,33.912,23.598,4132.021,4165.933,4189.531,286.0,199.0,273.0,281.0,False,MEDIUM,10.0,True,Aston Martin,4113.705,2026-06-28 13:14:45.781,1,19.0,False,,False,True
4265.342,ALO,14,75.881,11.0,1.0,,,18.389,33.835,23.657,4207.92,4241.755,4265.412,286.0,201.0,273.0,282.0,False,MEDIUM,11.0,True,Aston Martin,4189.461,2026-06-28 13:16:01.537,1,19.0,False,,False,True
4341.065,ALO,14,75.723,12.0,1.0,,,18.319,33.878,23.526,4283.731,4317.609,4341.135,284.0,201.0,274.0,283.0,False,MEDIUM,12.0,True,Aston Martin,4265.342,2026-06-28 13:17:17.418,1,19.0,False,,False,True
4417.006,ALO,14,75.941,13.0,1.0,,,18.325,33.897,23.719,4359.46,4393.357,4417.076,284.0,199.0,274.0,284.0,False,MEDIUM,13.0,True,Aston Martin,4341.065,2026-06-28 13:18:33.141,1,19.0,False,,False,True
4492.952,ALO,14,75.946,14.0,1.0,,,18.328,33.926,23.692,4435.404,4469.33,4493.022,283.0,198.0,273.0,284.0,False,MEDIUM,14.0,True,Aston Martin,4417.006,2026-06-28 13:19:49.082,1,18.0,False,,False,True
4568.756,ALO,14,75.804,15.0,1.0,,,18.397,33.839,23.568,4511.419,4545.258,4568.826,287.0,198.0,273.0,286.0,False,MEDIUM,15.0,True,Aston Martin,4492.952,2026-06-28 13:21:05.028,1,17.0,False,,False,True
4644.545,ALO,14,75.789,16.0,1.0,,,18.354,33.84,23.595,4587.18,4621.02,4644.615,286.0,199.0,273.0,283.0,False,MEDIUM,16.0,True,Aston Martin,4568.756,2026-06-28 13:22:20.832,1,17.0,False,,False,True
4720.883,ALO,14,76.338,17.0,1.0,,,18.603,34.091,23.644,4663.218,4697.309,4720.953,298.0,197.0,273.0,289.0,False,MEDIUM,17.0,True,Aston Martin,4644.545,2026-06-28 13:23:36.621,1,18.0,False,,False,True
4796.598,ALO,14,75.715,18.0,1.0,,,18.283,33.922,23.51,4739.236,4773.158,4796.668,290.0,199.0,274.0,285.0,False,MEDIUM,18.0,True,Aston Martin,4720.883,2026-06-28 13:24:52.959,1,18.0,False,,False,True
4872.473,ALO,14,75.875,19.0,1.0,,,18.304,34.02,23.551,4814.972,4848.992,4872.543,288.0,199.0,274.0,284.0,False,MEDIUM,19.0,True,Aston Martin,4796.598,2026-06-28 13:26:08.674,1,16.0,False,,False,True
4948.658,ALO,14,76.185,20.0,1.0,,,18.367,34.388,23.43,4890.91,4925.298,4948.728,286.0,200.0,277.0,297.0,False,MEDIUM,20.0,True,Aston Martin,4872.473,2026-06-28 13:27:24.549,1,17.0,False,,False,True
5024.476,ALO,14,75.818,21.0,1.0,,,18.07,34.105,23.643,4966.798,5000.903,5024.546,302.0,198.0,273.0,281.0,False,MEDIUM,21.0,True,Aston Martin,4948.658,2026-06-28 13:28:40.734,1,16.0,False,,False,True
5101.17,ALO,14,76.694,22.0,1.0,,,18.39,34.507,23.797,5042.936,5077.443,5101.24,290.0,197.0,273.0,286.0,False,MEDIUM,22.0,True,Aston Martin,5024.476,2026-06-28 13:29:56.552,1,17.0,False,,False,True
5178.608,ALO,14,77.438,23.0,1.0,,,18.585,34.302,24.551,5119.825,5154.127,5178.678,300.0,198.0,244.0,292.0,False,MEDIUM,23.0,True,Aston Martin,5101.17,2026-06-28 13:31:13.246,12,19.0,False,,False,True
5271.144,ALO,14,92.536,24.0,1.0,,5267.339,18.486,44.217,29.833,5197.164,5241.381,5271.214,308.0,178.0,,156.0,False,MEDIUM,24.0,True,Aston Martin,5178.608,2026-06-28 13:32:30.684,26,18.0,False,,False,False
5380.516,ALO,14,109.372,25.0,2.0,5289.582,,38.129,43.928,27.315,5309.343,5353.271,5380.586,212.0,154.0,262.0,192.0,False,SOFT,1.0,True,Aston Martin,5271.144,2026-06-28 13:34:03.220,671,18.0,False,,False,False
5455.46,ALO,14,74.944,26.0,2.0,,,18.259,33.331,23.354,5398.845,5432.176,5455.53,293.0,204.0,272.0,283.0,False,SOFT,2.0,True,Aston Martin,5380.516,2026-06-28 13:35:52.592,1,18.0,False,,False,True
5530.236,ALO,14,74.776,27.0,2.0,,,18.044,33.501,23.231,5473.574,5507.075,5530.306,304.0,201.0,274.0,280.0,True,SOFT,3.0,True,Aston Martin,5455.46,2026-06-28 13:37:07.536,1,18.0,False,,False,True
5605.827,ALO,14,75.591,28.0,2.0,,,18.949,33.275,23.367,5549.255,5582.53,5605.897,294.0,203.0,277.0,288.0,False,SOFT,4.0,True,Aston Martin,5530.236,2026-06-28 13:38:22.312,1,18.0,False,,False,True
5681.437,ALO,14,75.61,29.0,2.0,,,18.517,33.897,23.196,5624.414,5658.311,5681.507,255.0,202.0,280.0,297.0,False,SOFT,5.0,True,Aston Martin,5605.827,2026-06-28 13:39:37.903,1,18.0,False,,False,True
5755.434,ALO,14,73.997,30.0,2.0,,,17.734,33.408,22.855,5699.241,5732.649,5755.504,313.0,202.0,275.0,290.0,True,SOFT,6.0,True,Aston Martin,5681.437,2026-06-28 13:40:53.513,1,18.0,False,,False,True
5830.562,ALO,14,75.128,31.0,2.0,,,18.043,34.029,23.056,5773.547,5807.576,5830.632,293.0,204.0,279.0,284.0,False,SOFT,7.0,True,Aston Martin,5755.434,2026-06-28 13:42:07.510,1,18.0,False,,False,True
5905.431,ALO,14,74.869,32.0,2.0,,,18.002,33.562,23.305,5848.634,5882.196,5905.501,291.0,202.0,276.0,282.0,False,SOFT,8.0,True,Aston Martin,5830.562,2026-06-28 13:43:22.638,1,18.0,False,,False,True
5980.671,ALO,14,75.24,33.0,2.0,,,18.169,33.75,23.321,5923.67,5957.42,5980.741,285.0,201.0,275.0,282.0,False,SOFT,9.0,True,Aston Martin,5905.431,2026-06-28 13:44:37.507,1,18.0,False,,False,True
6056.11,ALO,14,75.439,34.0,2.0,,,18.209,33.801,23.429,5998.95,6032.751,6056.18,284.0,201.0,274.0,283.0,False,SOFT,10.0,True,Aston Martin,5980.671,2026-06-28 13:45:52.747,1,18.0,False,,False,True
6131.742,ALO,14,75.632,35.0,2.0,,,18.298,33.896,23.438,6074.478,6108.374,6131.812,289.0,200.0,275.0,283.0,False,SOFT,11.0,True,Aston Martin,6056.11,2026-06-28 13:47:08.186,1,18.0,False,,False,True
6206.955,ALO,14,75.213,36.0,2.0,,,18.211,33.85,23.152,6150.023,6183.873,6207.025,286.0,201.0,274.0,283.0,False,SOFT,12.0,True,Aston Martin,6131.742,2026-06-28 13:48:23.818,1,18.0,False,,False,True
6283.736,ALO,14,76.781,37.0,2.0,,,18.189,34.511,24.081,6225.214,6259.725,6283.806,294.0,200.0,279.0,283.0,False,SOFT,13.0,True,Aston Martin,6206.955,2026-06-28 13:49:39.031,1,19.0,False,,False,True
6360.697,ALO,14,76.961,38.0,2.0,,,18.423,34.989,23.549,6302.229,6337.218,6360.767,275.0,202.0,282.0,286.0,False,SOFT,14.0,True,Aston Martin,6283.736,2026-06-28 13:50:55.812,1,19.0,False,,False,True
6435.404,ALO,14,74.707,39.0,2.0,,,17.851,33.542,23.314,6378.618,6412.16,6435.474,313.0,201.0,279.0,293.0,False,SOFT,15.0,True,Aston Martin,6360.697,2026-06-28 13:52:12.773,1,19.0,False,,False,True
6510.787,ALO,14,75.383,40.0,2.0,,,18.439,33.949,22.995,6453.913,6487.862,6510.857,242.0,201.0,282.0,292.0,False,SOFT,16.0,True,Aston Martin,6435.404,2026-06-28 13:53:27.480,1,19.0,False,,False,True
6585.783,ALO,14,74.996,41.0,2.0,,,17.733,33.852,23.411,6528.59,6562.442,6585.853,311.0,202.0,282.0,292.0,False,SOFT,17.0,True,Aston Martin,6510.787,2026-06-28 13:54:42.863,1,19.0,False,,False,True
6660.7,ALO,14,74.917,42.0,2.0,,,17.842,33.868,23.207,6603.695,6637.563,6660.77,314.0,201.0,280.0,287.0,False,SOFT,18.0,True,Aston Martin,6585.783,2026-06-28 13:55:57.859,1,19.0,False,,False,True
6735.276,ALO,14,74.576,43.0,2.0,,,17.766,33.612,23.198,6678.536,6712.148,6735.346,310.0,200.0,280.0,284.0,False,SOFT,19.0,True,Aston Martin,6660.7,2026-06-28 13:57:12.776,1,19.0,False,,False,True
6809.817,ALO,14,74.541,44.0,2.0,,,17.775,33.614,23.152,6753.121,6786.735,6809.887,310.0,201.0,280.0,284.0,False,SOFT,20.0,True,Aston Martin,6735.276,2026-06-28 13:58:27.352,1,19.0,False,,False,True
6884.56,ALO,14,74.743,45.0,2.0,,,17.736,33.843,23.164,6827.623,6861.466,6884.63,298.0,200.0,277.0,277.0,False,SOFT,21.0,True,Aston Martin,6809.817,2026-06-28 13:59:41.893,1,18.0,False,,False,True
6959.489,ALO,14,74.929,46.0,2.0,,,18.135,33.655,23.139,6902.765,6936.42,6959.559,287.0,200.0,273.0,281.0,False,SOFT,22.0,True,Aston Martin,6884.56,2026-06-28 14:00:56.636,1,18.0,False,,False,True
7034.622,ALO,14,75.133,47.0,2.0,,,18.248,33.573,23.312,6977.807,7011.38,7034.692,291.0,201.0,276.0,278.0,False,SOFT,23.0,True,Aston Martin,6959.489,2026-06-28 14:02:11.565,1,18.0,False,,False,True
7111.717,ALO,14,77.095,48.0,2.0,,,18.362,34.836,23.897,7053.054,7087.89,7111.787,283.0,205.0,279.0,295.0,False,SOFT,24.0,True,Aston Martin,7034.622,2026-06-28 14:03:26.698,1,18.0,False,,False,True
7191.931,ALO,14,80.214,49.0,2.0,,7188.137,17.895,33.7,28.619,7129.682,7163.382,7192.001,314.0,199.0,,285.0,False,SOFT,25.0,True,Aston Martin,7111.717,2026-06-28 14:04:43.793,1,18.0,False,,False,False
7300.416,ALO,14,108.485,50.0,3.0,7217.016,,42.111,39.735,26.639,7234.112,7273.847,7300.486,286.0,151.0,265.0,303.0,False,SOFT,1.0,True,Aston Martin,7191.931,2026-06-28 14:06:04.007,167,18.0,False,,False,False
7374.769,ALO,14,74.353,51.0,3.0,,,18.286,33.507,22.56,7318.772,7352.279,7374.839,287.0,206.0,284.0,291.0,False,SOFT,2.0,True,Aston Martin,7300.416,2026-06-28 14:07:52.492,1,18.0,False,,False,True
7447.27,ALO,14,72.501,52.0,3.0,,,17.427,32.696,22.378,7392.266,7424.962,7447.34,312.0,205.0,283.0,290.0,True,SOFT,3.0,True,Aston Martin,7374.769,2026-06-28 14:09:06.845,1,18.0,False,,False,True
7520.208,ALO,14,72.938,53.0,3.0,,,17.579,32.751,22.608,7464.919,7497.67,7520.278,303.0,203.0,280.0,286.0,False,SOFT,4.0,True,Aston Martin,7447.27,2026-06-28 14:10:19.346,1,18.0,False,,False,True
7593.592,ALO,14,73.384,54.0,3.0,,,17.808,33.009,22.567,7538.086,7571.095,7593.662,289.0,204.0,280.0,283.0,False,SOFT,5.0,True,Aston Martin,7520.208,2026-06-28 14:11:32.284,1,18.0,False,,False,True
7667.071,ALO,14,73.479,55.0,3.0,,,17.781,32.998,22.7,7611.443,7644.441,7667.141,293.0,204.0,280.0,283.0,False,SOFT,6.0,True,Aston Martin,7593.592,2026-06-28 14:12:45.668,1,18.0,False,,False,True
7740.51,ALO,14,73.439,56.0,3.0,,,17.869,33.027,22.543,7685.01,7718.037,7740.58,293.0,204.0,281.0,284.0,False,SOFT,7.0,True,Aston Martin,7667.071,2026-06-28 14:13:59.147,1,18.0,False,,False,True
7814.155,ALO,14,73.645,57.0,3.0,,,17.747,33.092,22.806,7758.327,7791.419,7814.225,294.0,201.0,280.0,284.0,False,SOFT,8.0,True,Aston Martin,7740.51,2026-06-28 14:15:12.586,1,18.0,False,,False,True
7887.604,ALO,14,73.449,58.0,3.0,,,17.791,33.028,22.63,7832.016,7865.044,7887.674,294.0,204.0,280.0,284.0,False,SOFT,9.0,True,Aston Martin,7814.155,2026-06-28 14:16:26.231,1,18.0,False,,False,True
7961.247,ALO,14,73.643,59.0,3.0,,,17.874,33.093,22.676,7905.548,7938.641,7961.317,293.0,203.0,280.0,285.0,False,SOFT,10.0,True,Aston Martin,7887.604,2026-06-28 14:17:39.680,1,18.0,False,,False,True
8036.048,ALO,14,74.801,60.0,3.0,,,17.84,34.19,22.771,7979.157,8013.347,8036.118,294.0,205.0,282.0,271.0,False,SOFT,11.0,True,Aston Martin,7961.247,2026-06-28 14:18:53.323,1,18.0,False,,False,True
8110.37,ALO,14,74.322,61.0,3.0,,,18.206,33.442,22.674,8054.324,8087.766,8110.44,280.0,203.0,281.0,292.0,False,SOFT,12.0,True,Aston Martin,8036.048,2026-06-28 14:20:08.124,1,18.0,False,,False,True
8183.889,ALO,14,73.519,62.0,3.0,,,17.562,33.232,22.725,8128.002,8161.234,8183.959,311.0,205.0,283.0,281.0,False,SOFT,13.0,True,Aston Martin,8110.37,2026-06-28 14:21:22.446,1,18.0,False,,False,True
8258.07,ALO,14,74.181,63.0,3.0,,,17.837,33.473,22.871,8201.796,8235.269,8258.14,280.0,200.0,280.0,284.0,False,SOFT,14.0,True,Aston Martin,8183.889,2026-06-28 14:22:35.965,1,18.0,False,,False,True
8332.056,ALO,14,73.986,64.0,3.0,,,17.831,33.117,23.038,8275.971,8309.088,8332.126,296.0,201.0,279.0,285.0,False,SOFT,15.0,True,Aston Martin,8258.07,2026-06-28 14:23:50.146,1,18.0,False,,False,True
8406.539,ALO,14,74.483,65.0,3.0,,,18.095,33.405,22.983,8350.221,8383.626,8406.609,295.0,201.0,278.0,285.0,False,SOFT,16.0,True,Aston Martin,8332.056,2026-06-28 14:25:04.132,1,18.0,False,,False,True
8480.379,ALO,14,73.84,66.0,3.0,,,17.899,33.24,22.701,8424.508,8457.748,8480.449,295.0,202.0,281.0,286.0,False,SOFT,17.0,True,Aston Martin,8406.539,2026-06-28 14:26:18.615,1,18.0,False,,False,True
8555.121,ALO,14,74.742,67.0,3.0,,,17.87,33.122,23.75,8498.319,8531.441,8555.191,293.0,202.0,282.0,284.0,False,SOFT,18.0,True,Aston Martin,8480.379,2026-06-28 14:27:32.455,1,18.0,False,,False,True
8630.758,ALO,14,75.637,68.0,3.0,,,18.139,34.258,23.24,8573.33,8607.588,8630.828,209.0,204.0,274.0,313.0,False,SOFT,19.0,True,Aston Martin,8555.121,2026-06-28 14:28:47.197,1,18.0,False,,False,True
3504.472,LEC,16,76.526,1.0,1.0,,,,33.298,22.615,,3481.885,3504.723,309.0,200.0,282.0,279.0,False,MEDIUM,1.0,True,Ferrari,3427.653,2026-06-28 13:03:19.729,1,3.0,False,,False,False
3578.614,LEC,16,74.142,2.0,1.0,,,18.292,33.256,22.594,3522.792,3556.048,3578.642,304.0,200.0,283.0,302.0,False,MEDIUM,2.0,True,Ferrari,3504.472,2026-06-28 13:04:36.548,1,4.0,True,TRACK LIMITS AT TURN 1 LAP 2 ,False,True
3651.06,LEC,16,72.446,3.0,1.0,,,17.423,32.611,22.412,3596.065,3628.676,3651.088,311.0,206.0,284.0,298.0,True,MEDIUM,3.0,True,Ferrari,3578.614,2026-06-28 13:05:50.690,1,4.0,False,,False,True
3723.031,LEC,16,71.971,4.0,1.0,,,17.5,32.207,22.264,3668.588,3700.795,3723.059,308.0,206.0,282.0,297.0,True,MEDIUM,4.0,True,Ferrari,3651.06,2026-06-28 13:07:03.136,1,4.0,False,,False,True
3795.283,LEC,16,72.252,5.0,1.0,,,17.54,32.443,22.269,3740.599,3773.042,3795.311,307.0,205.0,282.0,295.0,False,MEDIUM,5.0,True,Ferrari,3723.031,2026-06-28 13:08:15.107,1,4.0,False,,False,True
3867.499,LEC,16,72.216,6.0,1.0,,,17.513,32.383,22.32,3812.824,3845.207,3867.527,307.0,205.0,282.0,295.0,False,MEDIUM,6.0,True,Ferrari,3795.283,2026-06-28 13:09:27.359,1,4.0,False,,False,True
3941.45,LEC,16,73.951,7.0,1.0,,,17.517,32.993,23.441,3885.044,3918.037,3941.478,307.0,207.0,278.0,314.0,False,MEDIUM,7.0,True,Ferrari,3867.499,2026-06-28 13:10:39.575,1,5.0,False,,False,True
4014.167,LEC,16,72.717,8.0,1.0,,,17.561,32.776,22.38,3959.039,3991.815,4014.195,315.0,203.0,285.0,298.0,False,MEDIUM,8.0,True,Ferrari,3941.45,2026-06-28 13:11:53.526,1,5.0,False,,False,True
4087.062,LEC,16,72.895,9.0,1.0,,,17.537,32.632,22.726,4031.732,4064.364,4087.09,308.0,204.0,277.0,295.0,False,MEDIUM,9.0,True,Ferrari,4014.167,2026-06-28 13:13:06.243,1,5.0,False,,False,True
4160.123,LEC,16,73.061,10.0,1.0,,,17.789,32.663,22.609,4104.879,4137.542,4160.151,310.0,204.0,281.0,296.0,False,MEDIUM,10.0,True,Ferrari,4087.062,2026-06-28 13:14:19.138,1,5.0,False,,False,True
4233.616,LEC,16,73.493,11.0,1.0,,,17.662,33.057,22.774,4177.813,4210.87,4233.644,295.0,204.0,281.0,284.0,False,MEDIUM,11.0,True,Ferrari,4160.123,2026-06-28 13:15:32.199,1,5.0,False,,False,True
4307.049,LEC,16,73.433,12.0,1.0,,,17.684,32.934,22.815,4251.328,4284.262,4307.077,301.0,203.0,282.0,283.0,False,MEDIUM,12.0,True,Ferrari,4233.616,2026-06-28 13:16:45.692,1,5.0,False,,False,True
4384.771,LEC,16,77.722,13.0,1.0,,4380.677,17.762,32.799,27.161,4324.839,4357.638,4384.799,299.0,203.0,,286.0,False,MEDIUM,13.0,True,Ferrari,4307.049,2026-06-28 13:17:59.125,1,7.0,False,,False,False
4474.577,LEC,16,89.806,14.0,2.0,4402.462,,34.661,32.511,22.634,4419.46,4451.971,4474.605,305.0,205.0,283.0,299.0,False,HARD,1.0,True,Ferrari,4384.771,2026-06-28 13:19:16.847,1,11.0,False,,False,False
4547.365,LEC,16,72.788,15.0,2.0,,,17.615,32.512,22.661,4492.22,4524.732,4547.393,300.0,203.0,279.0,294.0,False,HARD,2.0,True,Ferrari,4474.577,2026-06-28 13:20:46.653,1,11.0,False,,False,True
4619.932,LEC,16,72.567,16.0,2.0,,,17.651,32.396,22.52,4565.044,4597.44,4619.96,307.0,201.0,283.0,295.0,False,HARD,3.0,True,Ferrari,4547.365,2026-06-28 13:21:59.441,1,11.0,False,,False,True
4692.907,LEC,16,72.975,17.0,2.0,,,17.476,32.455,23.044,4637.436,4669.891,4692.935,309.0,201.0,280.0,297.0,False,HARD,4.0,True,Ferrari,4619.932,2026-06-28 13:23:12.008,1,10.0,False,,False,True
4765.498,LEC,16,72.591,18.0,2.0,,,17.611,32.357,22.623,4710.546,4742.903,4765.526,306.0,206.0,279.0,293.0,False,HARD,5.0,True,Ferrari,4692.907,2026-06-28 13:24:24.983,1,9.0,False,,False,True
4837.743,LEC,16,72.245,19.0,2.0,,,17.56,32.3,22.385,4783.086,4815.386,4837.771,306.0,205.0,282.0,292.0,False,HARD,6.0,True,Ferrari,4765.498,2026-06-28 13:25:37.574,1,7.0,False,,False,True
4909.809,LEC,16,72.066,20.0,2.0,,,17.557,32.277,22.232,4855.328,4887.605,4909.837,302.0,206.0,283.0,293.0,False,HARD,7.0,True,Ferrari,4837.743,2026-06-28 13:26:49.819,1,6.0,False,,False,True
4981.47,LEC,16,71.661,21.0,2.0,,,17.468,32.069,22.124,4927.305,4959.374,4981.498,304.0,207.0,281.0,290.0,True,HARD,8.0,True,Ferrari,4909.809,2026-06-28 13:28:01.885,1,6.0,False,,False,True
5053.402,LEC,16,71.932,22.0,2.0,,,17.554,32.211,22.167,4999.052,5031.263,5053.43,304.0,205.0,282.0,290.0,False,HARD,9.0,True,Ferrari,4981.47,2026-06-28 13:29:13.546,1,5.0,False,,False,True
5125.232,LEC,16,71.83,23.0,2.0,,,17.526,32.141,22.163,5070.956,5103.097,5125.26,305.0,205.0,284.0,290.0,False,HARD,10.0,True,Ferrari,5053.402,2026-06-28 13:30:25.478,1,5.0,False,,False,True
5197.931,LEC,16,72.699,24.0,2.0,,,17.473,32.229,22.997,5142.733,5174.962,5197.959,305.0,206.0,239.0,289.0,False,HARD,11.0,True,Ferrari,5125.232,2026-06-28 13:31:37.308,12,5.0,False,,False,True
5295.999,LEC,16,98.068,25.0,2.0,,,24.467,42.804,30.797,5222.426,5265.23,5296.027,194.0,178.0,171.0,183.0,False,HARD,12.0,True,Ferrari,5197.931,2026-06-28 13:32:50.007,26,4.0,False,,False,False
5386.933,LEC,16,90.934,26.0,2.0,,,22.587,43.996,24.351,5318.614,5362.61,5386.961,161.0,174.0,284.0,214.0,False,HARD,13.0,True,Ferrari,5295.999,2026-06-28 13:34:28.075,671,3.0,False,,False,False
5458.838,LEC,16,71.905,27.0,2.0,,,17.478,32.277,22.15,5404.439,5436.716,5458.866,304.0,208.0,282.0,287.0,False,HARD,14.0,True,Ferrari,5386.933,2026-06-28 13:35:59.009,1,3.0,False,,False,True
5530.575,LEC,16,71.737,28.0,2.0,,,17.509,32.026,22.202,5476.375,5508.401,5530.603,303.0,209.0,287.0,294.0,False,HARD,15.0,True,Ferrari,5458.838,2026-06-28 13:37:10.914,1,3.0,False,,False,True
5602.57,LEC,16,71.995,29.0,2.0,,,17.488,32.376,22.131,5548.091,5580.467,5602.598,303.0,205.0,283.0,294.0,False,HARD,16.0,True,Ferrari,5530.575,2026-06-28 13:38:22.651,1,3.0,False,,False,True
5675.252,LEC,16,72.682,30.0,2.0,,,17.48,32.865,22.337,5620.078,5652.943,5675.28,304.0,202.0,284.0,288.0,False,HARD,17.0,True,Ferrari,5602.57,2026-06-28 13:39:34.646,1,4.0,False,,False,True
5747.111,LEC,16,71.859,31.0,2.0,,,17.397,32.321,22.141,5692.677,5724.998,5747.139,314.0,206.0,284.0,294.0,False,HARD,18.0,True,Ferrari,5675.252,2026-06-28 13:40:47.328,1,4.0,False,,False,True
5819.155,LEC,16,72.044,32.0,2.0,,,17.473,32.42,22.151,5764.612,5797.032,5819.183,311.0,207.0,283.0,296.0,False,HARD,19.0,True,Ferrari,5747.111,2026-06-28 13:41:59.187,1,4.0,False,,False,True
5891.5,LEC,16,72.345,33.0,2.0,,,17.433,32.661,22.251,5836.616,5869.277,5891.528,310.0,205.0,283.0,290.0,False,HARD,20.0,True,Ferrari,5819.155,2026-06-28 13:43:11.231,1,4.0,False,,False,True
5963.816,LEC,16,72.316,34.0,2.0,,,17.543,32.497,22.276,5909.071,5941.568,5963.844,309.0,204.0,283.0,292.0,False,HARD,21.0,True,Ferrari,5891.5,2026-06-28 13:44:23.576,1,4.0,False,,False,True
6036.006,LEC,16,72.19,35.0,2.0,,,17.528,32.444,22.218,5981.372,6013.816,6036.034,308.0,204.0,283.0,291.0,False,HARD,22.0,True,Ferrari,5963.816,2026-06-28 13:45:35.892,1,4.0,False,,False,True
6108.594,LEC,16,72.588,36.0,2.0,,,17.608,32.544,22.436,6053.642,6086.186,6108.622,307.0,204.0,281.0,292.0,False,HARD,23.0,True,Ferrari,6036.006,2026-06-28 13:46:48.082,1,4.0,False,,False,True
6187.028,LEC,16,78.434,37.0,2.0,,6183.214,17.659,33.744,27.031,6126.281,6160.025,6187.056,307.0,203.0,,312.0,False,HARD,24.0,True,Ferrari,6108.594,2026-06-28 13:48:00.670,1,7.0,False,,False,False
6275.33,LEC,16,88.302,38.0,3.0,6204.256,,34.101,32.181,22.02,6221.157,6253.338,6275.358,305.0,208.0,284.0,294.0,False,HARD,1.0,True,Ferrari,6187.028,2026-06-28 13:49:19.104,1,8.0,False,,False,False
6346.941,LEC,16,71.611,39.0,3.0,,,17.33,32.107,22.174,6292.688,6324.795,6346.969,311.0,206.0,284.0,288.0,True,HARD,2.0,True,Ferrari,6275.33,2026-06-28 13:50:47.406,1,8.0,False,,False,True
6418.642,LEC,16,71.701,40.0,3.0,,,17.421,32.258,22.022,6364.39,6396.648,6418.67,305.0,204.0,285.0,288.0,False,HARD,3.0,True,Ferrari,6346.941,2026-06-28 13:51:59.017,1,8.0,False,,False,True
6489.697,LEC,16,71.055,41.0,3.0,,,17.306,31.886,21.863,6435.976,6467.862,6489.725,307.0,208.0,284.0,289.0,True,HARD,4.0,True,Ferrari,6418.642,2026-06-28 13:53:10.718,1,7.0,False,,False,True
6560.613,LEC,16,70.916,42.0,3.0,,,17.371,31.788,21.757,6507.096,6538.884,6560.641,308.0,208.0,287.0,292.0,True,HARD,5.0,True,Ferrari,6489.697,2026-06-28 13:54:21.773,1,7.0,False,,False,True
6631.797,LEC,16,71.184,43.0,3.0,,,17.227,31.953,22.004,6577.868,6609.821,6631.825,313.0,209.0,283.0,291.0,False,HARD,6.0,True,Ferrari,6560.613,2026-06-28 13:55:32.689,1,5.0,False,,False,True
6702.962,LEC,16,71.165,44.0,3.0,,,17.332,31.992,21.841,6649.157,6681.149,6702.99,307.0,209.0,285.0,287.0,False,HARD,7.0,True,Ferrari,6631.797,2026-06-28 13:56:43.873,1,5.0,False,,False,True
6774.213,LEC,16,71.251,45.0,3.0,,,17.375,31.906,21.97,6720.365,6752.271,6774.241,307.0,210.0,284.0,290.0,False,HARD,8.0,True,Ferrari,6702.962,2026-06-28 13:57:55.038,1,5.0,False,,False,True
6845.931,LEC,16,71.718,46.0,3.0,,,17.427,32.205,22.086,6791.668,6823.873,6845.959,307.0,208.0,284.0,292.0,False,HARD,9.0,True,Ferrari,6774.213,2026-06-28 13:59:06.289,1,5.0,False,,False,True
6917.596,LEC,16,71.665,47.0,3.0,,,17.389,32.163,22.113,6863.348,6895.511,6917.624,309.0,207.0,284.0,293.0,False,HARD,10.0,True,Ferrari,6845.931,2026-06-28 14:00:18.007,1,5.0,False,,False,True
6990.193,LEC,16,72.597,48.0,3.0,,,17.494,32.868,22.235,6935.118,6967.986,6990.221,306.0,208.0,287.0,301.0,False,HARD,11.0,True,Ferrari,6917.596,2026-06-28 14:01:29.672,1,5.0,False,,False,True
7061.8,LEC,16,71.607,49.0,3.0,,,17.34,32.246,22.021,7007.561,7039.807,7061.828,315.0,209.0,287.0,294.0,False,HARD,12.0,True,Ferrari,6990.193,2026-06-28 14:02:42.269,1,5.0,False,,False,True
7133.337,LEC,16,71.537,50.0,3.0,,,17.226,32.254,22.057,7079.054,7111.308,7133.365,314.0,209.0,286.0,298.0,False,HARD,13.0,True,Ferrari,7061.8,2026-06-28 14:03:53.876,1,5.0,False,,False,True
7204.919,LEC,16,71.582,51.0,3.0,,,17.403,32.167,22.012,7150.768,7182.935,7204.947,313.0,208.0,287.0,298.0,False,HARD,14.0,True,Ferrari,7133.337,2026-06-28 14:05:05.413,1,5.0,False,,False,True
7286.887,LEC,16,81.968,52.0,3.0,,,17.771,34.628,29.569,7222.718,7257.346,7286.915,295.0,92.0,209.0,284.0,False,HARD,15.0,True,Ferrari,7204.919,2026-06-28 14:06:16.995,167,6.0,False,,False,False
7361.459,LEC,16,74.572,53.0,3.0,,,19.612,32.795,22.165,7306.527,7339.322,7361.487,303.0,206.0,291.0,297.0,False,HARD,16.0,True,Ferrari,7286.887,2026-06-28 14:07:38.963,71,6.0,False,,False,False
7433.522,LEC,16,72.063,54.0,3.0,,,17.419,32.465,22.179,7378.906,7411.371,7433.55,301.0,207.0,289.0,286.0,False,HARD,17.0,True,Ferrari,7361.459,2026-06-28 14:08:53.535,1,6.0,False,,False,True
7505.533,LEC,16,72.011,55.0,3.0,,,17.423,32.291,22.297,7450.973,7483.264,7505.561,301.0,206.0,284.0,286.0,False,HARD,18.0,True,Ferrari,7433.522,2026-06-28 14:10:05.598,1,6.0,False,,False,True
7579.563,LEC,16,74.03,56.0,3.0,,,17.544,34.005,22.481,7523.105,7557.11,7579.591,312.0,205.0,285.0,317.0,False,HARD,19.0,True,Ferrari,7505.533,2026-06-28 14:11:17.609,1,7.0,False,,False,True
7651.638,LEC,16,72.075,57.0,3.0,,,17.468,32.375,22.232,7597.059,7629.434,7651.666,316.0,205.0,287.0,300.0,False,HARD,20.0,True,Ferrari,7579.563,2026-06-28 14:12:31.639,1,7.0,False,,False,True
7724.289,LEC,16,72.651,58.0,3.0,,,17.42,32.71,22.521,7669.086,7701.796,7724.317,313.0,205.0,284.0,300.0,False,HARD,21.0,True,Ferrari,7651.638,2026-06-28 14:13:43.714,1,7.0,False,,False,True
7802.575,LEC,16,78.286,59.0,3.0,,7798.995,17.565,33.266,27.455,7741.882,7775.148,7802.603,310.0,205.0,,303.0,False,HARD,22.0,True,Ferrari,7724.289,2026-06-28 14:14:56.365,1,8.0,False,,False,False
7892.181,LEC,16,89.606,60.0,4.0,7821.737,,35.641,32.162,21.803,7838.244,7870.406,7892.209,307.0,212.0,289.0,299.0,False,SOFT,4.0,False,Ferrari,7802.575,2026-06-28 14:16:14.651,1,8.0,False,,False,False
7963.051,LEC,16,70.87,61.0,4.0,,,17.14,31.721,22.009,7909.349,7941.07,7963.079,311.0,210.0,285.0,298.0,True,SOFT,5.0,False,Ferrari,7892.181,2026-06-28 14:17:44.257,1,8.0,False,,False,True
8034.149,LEC,16,71.098,62.0,4.0,,,17.282,32.083,21.733,7980.361,8012.444,8034.177,311.0,210.0,287.0,296.0,False,SOFT,6.0,False,Ferrari,7963.051,2026-06-28 14:18:55.127,1,8.0,False,,False,True
8105.085,LEC,16,70.936,63.0,4.0,,,17.216,31.93,21.79,8051.393,8083.323,8105.113,308.0,211.0,287.0,292.0,False,SOFT,7.0,False,Ferrari,8034.149,2026-06-28 14:20:06.225,1,8.0,False,,False,True
8175.963,LEC,16,70.878,64.0,4.0,,,17.247,31.783,21.848,8122.36,8154.143,8175.991,308.0,210.0,287.0,295.0,False,SOFT,8.0,False,Ferrari,8105.085,2026-06-28 14:21:17.161,1,8.0,False,,False,True
8246.984,LEC,16,71.021,65.0,4.0,,,17.325,31.888,21.808,8193.316,8225.204,8247.012,303.0,210.0,287.0,292.0,False,SOFT,9.0,False,Ferrari,8175.963,2026-06-28 14:22:28.039,1,8.0,False,,False,True
8317.668,LEC,16,70.684,66.0,4.0,,,17.322,31.681,21.681,8264.334,8296.015,8317.696,303.0,212.0,287.0,293.0,True,SOFT,10.0,False,Ferrari,8246.984,2026-06-28 14:23:39.060,1,8.0,False,,False,True
8388.274,LEC,16,70.606,67.0,4.0,,,17.277,31.801,21.528,8334.973,8366.774,8388.302,305.0,212.0,288.0,288.0,True,SOFT,11.0,False,Ferrari,8317.668,2026-06-28 14:24:49.744,1,8.0,False,,False,True
8458.987,LEC,16,70.713,68.0,4.0,,,17.297,31.813,21.603,8405.599,8437.412,8459.015,304.0,211.0,287.0,291.0,False,SOFT,12.0,False,Ferrari,8388.274,2026-06-28 14:26:00.350,1,8.0,False,,False,True
8529.79,LEC,16,70.803,69.0,4.0,,,17.299,31.867,21.637,8476.314,8508.181,8529.818,306.0,211.0,288.0,289.0,False,SOFT,13.0,False,Ferrari,8458.987,2026-06-28 14:27:11.063,1,8.0,False,,False,True
8600.788,LEC,16,70.998,70.0,4.0,,,17.321,31.936,21.741,8547.139,8579.075,8600.816,306.0,210.0,287.0,288.0,False,SOFT,14.0,False,Ferrari,8529.79,2026-06-28 14:28:21.866,1,8.0,False,,False,True
8671.584,LEC,16,70.796,71.0,4.0,,,17.267,31.792,21.737,8618.083,8649.875,8671.612,306.0,211.0,288.0,292.0,False,SOFT,15.0,False,Ferrari,8600.788,2026-06-28 14:29:32.864,1,8.0,False,,False,True
3512.78,STR,18,84.834,1.0,1.0,,,,36.219,24.039,,3488.9,3512.864,309.0,199.0,276.0,284.0,False,MEDIUM,1.0,True,Aston Martin,3427.653,2026-06-28 13:03:19.729,1,22.0,False,,False,False
3588.822,STR,18,76.042,2.0,1.0,,,18.197,34.26,23.585,3531.014,3565.274,3588.859,299.0,200.0,274.0,278.0,True,MEDIUM,2.0,True,Aston Martin,3512.78,2026-06-28 13:04:44.856,1,21.0,False,,False,True
3663.837,STR,18,75.015,3.0,1.0,,,18.181,33.401,23.433,3607.04,3640.441,3663.874,288.0,201.0,272.0,283.0,True,MEDIUM,3.0,True,Aston Martin,3588.822,2026-06-28 13:06:00.898,1,21.0,False,,False,True
3739.054,STR,18,75.217,4.0,1.0,,,18.063,33.599,23.555,3681.937,3715.536,3739.091,289.0,200.0,275.0,280.0,False,MEDIUM,4.0,True,Aston Martin,3663.837,2026-06-28 13:07:15.913,1,20.0,False,,False,True
3814.041,STR,18,74.987,5.0,1.0,,,18.108,33.453,23.426,3757.199,3790.652,3814.078,294.0,201.0,276.0,287.0,True,MEDIUM,5.0,True,Aston Martin,3739.054,2026-06-28 13:08:31.130,1,20.0,False,,False,True
3889.036,STR,18,74.995,6.0,1.0,,,18.045,33.49,23.46,3832.123,3865.613,3889.073,293.0,199.0,276.0,286.0,False,MEDIUM,6.0,True,Aston Martin,3814.041,2026-06-28 13:09:46.117,1,20.0,False,,False,True
3964.626,STR,18,75.59,7.0,1.0,,,18.262,33.787,23.541,3907.335,3941.122,3964.663,294.0,200.0,276.0,285.0,False,MEDIUM,7.0,True,Aston Martin,3889.036,2026-06-28 13:11:01.112,1,20.0,True,TRACK LIMITS AT TURN 1 LAP 7 ,False,True
4040.111,STR,18,75.485,8.0,1.0,,,18.111,33.75,23.624,3982.774,4016.524,4040.148,293.0,201.0,275.0,284.0,False,MEDIUM,8.0,True,Aston Martin,3964.626,2026-06-28 13:12:16.702,1,20.0,False,,False,True
4115.566,STR,18,75.455,9.0,1.0,,,18.209,33.544,23.702,4058.357,4091.901,4115.603,290.0,202.0,275.0,282.0,False,MEDIUM,9.0,True,Aston Martin,4040.111,2026-06-28 13:13:32.187,1,20.0,False,,False,True
4191.206,STR,18,75.64,10.0,1.0,,,18.178,33.787,23.675,4133.781,4167.568,4191.243,292.0,201.0,276.0,283.0,False,MEDIUM,10.0,True,Aston Martin,4115.566,2026-06-28 13:14:47.642,1,20.0,False,,False,True
4267.162,STR,18,75.956,11.0,1.0,,,18.231,33.753,23.972,4209.474,4243.227,4267.199,291.0,195.0,274.0,285.0,False,MEDIUM,11.0,True,Aston Martin,4191.206,2026-06-28 13:16:03.282,1,20.0,False,,False,True
4342.997,STR,18,75.835,12.0,1.0,,,18.295,33.751,23.789,4285.494,4319.245,4343.034,290.0,200.0,275.0,286.0,False,MEDIUM,12.0,True,Aston Martin,4267.162,2026-06-28 13:17:19.238,1,20.0,False,,False,True
4418.714,STR,18,75.717,13.0,1.0,,,18.222,33.698,23.797,4361.256,4394.954,4418.751,289.0,200.0,276.0,287.0,False,MEDIUM,13.0,True,Aston Martin,4342.997,2026-06-28 13:18:35.073,1,20.0,False,,False,True
4494.678,STR,18,75.964,14.0,1.0,,,18.198,33.927,23.839,4436.949,4470.876,4494.715,290.0,199.0,275.0,287.0,False,MEDIUM,14.0,True,Aston Martin,4418.714,2026-06-28 13:19:50.790,1,19.0,False,,False,True
4570.504,STR,18,75.826,15.0,1.0,,,18.287,33.722,23.817,4513.002,4546.724,4570.541,290.0,199.0,275.0,287.0,False,MEDIUM,15.0,True,Aston Martin,4494.678,2026-06-28 13:21:06.754,1,18.0,False,,False,True
4647.144,STR,18,76.64,16.0,1.0,,,18.258,34.528,23.854,4588.799,4623.327,4647.181,289.0,198.0,275.0,291.0,False,MEDIUM,16.0,True,Aston Martin,4570.504,2026-06-28 13:22:22.580,1,19.0,False,,False,True
4722.827,STR,18,75.683,17.0,1.0,,,18.192,33.785,23.706,4665.373,4699.158,4722.864,295.0,197.0,276.0,288.0,False,MEDIUM,17.0,True,Aston Martin,4647.144,2026-06-28 13:23:39.220,1,19.0,False,,False,True
4798.706,STR,18,75.879,18.0,1.0,,,18.168,33.925,23.786,4741.032,4774.957,4798.743,297.0,199.0,275.0,287.0,False,MEDIUM,18.0,True,Aston Martin,4722.827,2026-06-28 13:24:54.903,1,19.0,False,,False,True
4875.221,STR,18,76.515,19.0,1.0,,,18.192,34.311,24.012,4816.935,4851.246,4875.258,296.0,198.0,274.0,286.0,False,MEDIUM,19.0,True,Aston Martin,4798.706,2026-06-28 13:26:10.782,1,18.0,False,,False,True
4951.672,STR,18,76.451,20.0,1.0,,,18.244,34.026,24.181,4893.502,4927.528,4951.709,292.0,197.0,278.0,285.0,False,MEDIUM,20.0,True,Aston Martin,4875.221,2026-06-28 13:27:27.297,1,19.0,False,,False,True
5028.719,STR,18,77.047,21.0,1.0,,,18.055,35.021,23.971,4969.764,5004.785,5028.756,311.0,199.0,275.0,291.0,False,MEDIUM,21.0,True,Aston Martin,4951.672,2026-06-28 13:28:43.748,1,19.0,True,TRACK LIMITS AT TURN 3 LAP 21 ,False,True
5105.055,STR,18,76.336,22.0,1.0,,,18.25,33.92,24.166,5047.006,5080.926,5105.092,296.0,199.0,277.0,288.0,False,MEDIUM,22.0,True,Aston Martin,5028.719,2026-06-28 13:30:00.795,1,20.0,False,,False,True
5182.324,STR,18,77.269,23.0,1.0,,,18.025,35.27,23.974,5123.117,5158.387,5182.361,306.0,200.0,259.0,214.0,False,MEDIUM,23.0,True,Aston Martin,5105.055,2026-06-28 13:31:17.131,12,20.0,False,,False,True
5279.402,STR,18,97.078,24.0,1.0,,5274.886,18.255,43.617,35.206,5200.616,5244.233,5279.439,295.0,174.0,,196.0,False,MEDIUM,24.0,True,Aston Martin,5182.324,2026-06-28 13:32:34.400,26,19.0,False,,False,False
5388.029,STR,18,108.627,25.0,2.0,5298.228,,39.788,44.317,24.522,5319.227,5363.544,5388.066,141.0,175.0,278.0,195.0,False,SOFT,1.0,True,Aston Martin,5279.402,2026-06-28 13:34:11.478,671,19.0,False,,False,False
5462.7,STR,18,74.671,26.0,2.0,,,18.317,33.116,23.238,5406.383,5439.499,5462.737,315.0,202.0,277.0,293.0,True,SOFT,2.0,True,Aston Martin,5388.029,2026-06-28 13:36:00.105,1,19.0,False,,False,True
5538.893,STR,18,76.193,27.0,2.0,,,19.209,33.933,23.051,5481.946,5515.879,5538.93,264.0,205.0,278.0,292.0,False,SOFT,3.0,True,Aston Martin,5462.7,2026-06-28 13:37:14.776,1,19.0,False,,False,True
5613.054,STR,18,74.161,28.0,2.0,,,17.861,33.254,23.046,5556.791,5590.045,5613.091,293.0,201.0,277.0,286.0,True,SOFT,4.0,True,Aston Martin,5538.893,2026-06-28 13:38:30.969,1,19.0,False,,False,True
5688.3,STR,18,75.246,29.0,2.0,,,18.159,34.03,23.057,5631.25,5665.28,5688.337,241.0,201.0,280.0,287.0,False,SOFT,5.0,True,Aston Martin,5613.054,2026-06-28 13:39:45.130,1,19.0,False,,False,True
5762.096,STR,18,73.796,30.0,2.0,,,17.905,33.012,22.879,5706.242,5739.254,5762.133,293.0,204.0,277.0,288.0,True,SOFT,6.0,True,Aston Martin,5688.3,2026-06-28 13:41:00.376,1,19.0,False,,False,True
5836.102,STR,18,74.006,31.0,2.0,,,17.919,33.103,22.984,5780.052,5813.155,5836.139,295.0,203.0,278.0,287.0,False,SOFT,7.0,True,Aston Martin,5762.096,2026-06-28 13:42:14.172,1,19.0,False,,False,True
5910.203,STR,18,74.101,32.0,2.0,,,17.919,33.151,23.031,,5887.209,5910.24,293.0,201.0,278.0,286.0,False,SOFT,8.0,True,Aston Martin,5836.102,2026-06-28 13:43:28.178,1,19.0,False,,False,True
5984.619,STR,18,74.416,33.0,2.0,,,17.963,33.301,23.152,5928.203,5961.504,5984.656,292.0,201.0,279.0,284.0,False,SOFT,9.0,True,Aston Martin,5910.203,2026-06-28 13:44:42.279,1,19.0,False,,False,True
6058.843,STR,18,74.224,34.0,2.0,,,17.92,33.159,23.145,6002.576,6035.735,6058.88,297.0,203.0,279.0,284.0,False,SOFT,10.0,True,Aston Martin,5984.619,2026-06-28 13:45:56.695,1,19.0,False,,False,True
6133.198,STR,18,74.355,35.0,2.0,,,17.94,33.135,23.28,6076.82,6109.955,6133.235,297.0,202.0,279.0,288.0,False,SOFT,11.0,True,Aston Martin,6058.843,2026-06-28 13:47:10.919,1,19.0,False,,False,True
6207.813,STR,18,74.615,36.0,2.0,,,17.982,33.398,23.235,6151.217,6184.615,6207.85,297.0,201.0,283.0,289.0,False,SOFT,12.0,True,Aston Martin,6133.198,2026-06-28 13:48:25.274,1,19.0,False,,False,True
6282.676,STR,18,74.863,37.0,2.0,,,17.674,33.894,23.295,6225.524,6259.418,6282.713,319.0,192.0,277.0,282.0,False,SOFT,13.0,True,Aston Martin,6207.813,2026-06-28 13:49:39.889,1,18.0,False,,False,True
6360.036,STR,18,77.36,38.0,2.0,,,18.946,35.054,23.36,6301.659,6336.713,6360.073,299.0,201.0,275.0,260.0,False,SOFT,14.0,True,Aston Martin,6282.676,2026-06-28 13:50:54.752,1,18.0,False,,False,True
6434.655,STR,18,74.619,39.0,2.0,,,18.025,33.4,23.194,6378.098,6411.498,6434.692,299.0,200.0,279.0,284.0,False,SOFT,15.0,True,Aston Martin,6360.036,2026-06-28 13:52:12.112,1,18.0,False,,False,True
6509.239,STR,18,74.584,40.0,2.0,,,17.929,33.41,23.245,6452.621,6486.031,6509.276,299.0,201.0,277.0,286.0,False,SOFT,16.0,True,Aston Martin,6434.655,2026-06-28 13:53:26.731,1,18.0,False,,False,True
6585.279,STR,18,76.04,41.0,2.0,,,18.061,34.651,23.328,6527.337,6561.988,6585.316,266.0,202.0,281.0,286.0,False,SOFT,17.0,True,Aston Martin,6509.239,2026-06-28 13:54:41.315,1,18.0,False,,False,True
6659.933,STR,18,74.654,42.0,2.0,,,17.855,33.517,23.282,6603.171,6636.688,6659.97,300.0,202.0,280.0,288.0,False,SOFT,18.0,True,Aston Martin,6585.279,2026-06-28 13:55:57.355,1,18.0,False,,False,True
6734.574,STR,18,74.641,43.0,2.0,,,17.877,33.439,23.325,6677.847,6711.286,6734.611,301.0,202.0,278.0,292.0,False,SOFT,19.0,True,Aston Martin,6659.933,2026-06-28 13:57:12.009,1,18.0,False,,False,True
6809.104,STR,18,74.53,44.0,2.0,,,17.947,33.357,23.226,6752.558,6785.915,6809.141,297.0,202.0,277.0,287.0,False,SOFT,20.0,True,Aston Martin,6734.574,2026-06-28 13:58:26.650,1,18.0,False,,False,True
6916.531,STR,18,107.427,45.0,2.0,,6910.577,20.383,46.63,40.414,6829.524,6876.154,6916.568,234.0,110.0,,164.0,False,SOFT,21.0,True,Aston Martin,6809.104,2026-06-28 13:59:41.180,1,19.0,False,,False,False
3510.468,ALB,23,82.522,1.0,1.0,,,,34.885,23.653,,3486.874,3510.602,303.0,196.0,279.0,302.0,False,MEDIUM,1.0,True,Williams,3427.653,2026-06-28 13:03:19.729,1,17.0,False,,False,False
3585.424,ALB,23,74.956,2.0,1.0,,,17.941,33.71,23.305,3528.468,3562.178,3585.483,319.0,198.0,287.0,299.0,True,MEDIUM,2.0,True,Williams,3510.468,2026-06-28 13:04:42.544,1,17.0,False,,False,True
3659.742,ALB,23,74.318,3.0,1.0,,,17.615,33.334,23.369,3603.098,3636.432,3659.801,314.0,200.0,285.0,306.0,True,MEDIUM,3.0,True,Williams,3585.424,2026-06-28 13:05:57.500,1,17.0,False,,False,True
3734.012,ALB,23,74.27,4.0,1.0,,,17.656,33.367,23.247,3677.457,3710.824,3734.071,311.0,199.0,284.0,303.0,True,MEDIUM,4.0,True,Williams,3659.742,2026-06-28 13:07:11.818,1,17.0,False,,False,True
3808.3,ALB,23,74.288,5.0,1.0,,,17.736,33.235,23.317,3751.807,3785.042,3808.359,307.0,199.0,284.0,310.0,False,MEDIUM,5.0,True,Williams,3734.012,2026-06-28 13:08:26.088,1,17.0,False,,False,True
3882.984,ALB,23,74.684,6.0,1.0,,,17.751,33.48,23.453,3826.11,3859.59,3883.043,309.0,198.0,284.0,304.0,False,MEDIUM,6.0,True,Williams,3808.3,2026-06-28 13:09:40.376,1,17.0,False,,False,True
3957.447,ALB,23,74.463,7.0,1.0,,,17.758,33.249,23.456,3900.801,3934.05,3957.506,307.0,197.0,283.0,303.0,False,MEDIUM,7.0,True,Williams,3882.984,2026-06-28 13:10:55.060,1,17.0,False,,False,True
4032.163,ALB,23,74.716,8.0,1.0,,,17.742,33.556,23.418,3975.248,4008.804,4032.222,310.0,199.0,283.0,304.0,False,MEDIUM,8.0,True,Williams,3957.447,2026-06-28 13:12:09.523,1,17.0,False,,False,True
4107.461,ALB,23,75.298,9.0,1.0,,,17.625,33.784,23.889,4049.847,4083.631,4107.52,316.0,198.0,280.0,317.0,False,MEDIUM,9.0,True,Williams,4032.163,2026-06-28 13:13:24.239,1,17.0,False,,False,True
4182.602,ALB,23,75.141,10.0,1.0,,,17.748,33.517,23.876,4125.268,4158.785,4182.661,319.0,197.0,282.0,315.0,False,MEDIUM,10.0,True,Williams,4107.461,2026-06-28 13:14:39.537,1,17.0,False,,False,True
4258.584,ALB,23,75.982,11.0,1.0,,,17.724,34.134,24.124,4200.385,4234.519,4258.643,319.0,198.0,280.0,320.0,False,MEDIUM,11.0,True,Williams,4182.602,2026-06-28 13:15:54.678,1,17.0,False,,False,True
4333.865,ALB,23,75.281,12.0,1.0,,,17.814,33.492,23.975,4276.457,4309.949,4333.924,317.0,198.0,282.0,314.0,False,MEDIUM,12.0,True,Williams,4258.584,2026-06-28 13:17:10.660,1,17.0,False,,False,True
4408.977,ALB,23,75.112,13.0,1.0,,,17.816,33.435,23.861,4351.74,4385.175,4409.036,318.0,196.0,282.0,321.0,False,MEDIUM,13.0,True,Williams,4333.865,2026-06-28 13:18:25.941,1,17.0,False,,False,True
4483.898,ALB,23,74.921,14.0,1.0,,,17.734,33.572,23.615,4426.77,4460.342,4483.957,316.0,194.0,281.0,306.0,False,MEDIUM,14.0,True,Williams,4408.977,2026-06-28 13:19:41.053,1,15.0,False,,False,True
4558.756,ALB,23,74.858,15.0,1.0,,,17.969,33.477,23.412,4501.926,4535.403,4558.815,304.0,197.0,283.0,302.0,False,MEDIUM,15.0,True,Williams,4483.898,2026-06-28 13:20:55.974,1,15.0,False,,False,True
4633.735,ALB,23,74.979,16.0,1.0,,,18.014,33.472,23.493,4576.829,4610.301,4633.794,305.0,194.0,282.0,303.0,False,MEDIUM,16.0,True,Williams,4558.756,2026-06-28 13:22:10.832,1,15.0,False,,False,True
4708.807,ALB,23,75.072,17.0,1.0,,,17.988,33.635,23.449,4651.782,4685.417,4708.866,305.0,195.0,283.0,302.0,False,MEDIUM,17.0,True,Williams,4633.735,2026-06-28 13:23:25.811,1,15.0,False,,False,True
4787.665,ALB,23,78.858,18.0,1.0,,4783.679,17.933,33.618,27.307,4726.799,4760.417,4787.724,305.0,198.0,,301.0,False,MEDIUM,18.0,True,Williams,4708.807,2026-06-28 13:24:40.883,1,16.0,False,,False,False
4879.569,ALB,23,91.904,19.0,2.0,4804.981,,34.958,33.957,22.989,4822.682,4856.639,4879.628,301.0,200.0,284.0,299.0,False,MEDIUM,1.0,True,Williams,4787.665,2026-06-28 13:25:59.741,1,20.0,True,TRACK LIMITS AT TURN 3 LAP 19 ,False,False
4953.211,ALB,23,73.642,20.0,2.0,,,17.625,33.019,22.998,4897.253,4930.272,4953.27,306.0,198.0,285.0,303.0,True,MEDIUM,2.0,True,Williams,4879.569,2026-06-28 13:27:31.645,1,20.0,False,,False,True
5027.034,ALB,23,73.823,21.0,2.0,,,17.683,33.018,23.122,4970.953,5003.971,5027.093,308.0,199.0,285.0,311.0,False,MEDIUM,3.0,True,Williams,4953.211,2026-06-28 13:28:45.287,1,18.0,False,,False,True
5101.236,ALB,23,74.202,22.0,2.0,,,17.71,33.312,23.18,5044.803,5078.115,5101.295,306.0,195.0,289.0,303.0,False,MEDIUM,4.0,True,Williams,5027.034,2026-06-28 13:29:59.110,1,18.0,False,,False,True
5175.03,ALB,23,73.794,23.0,2.0,,,17.752,33.018,23.024,5119.047,5152.065,5175.089,308.0,200.0,285.0,307.0,False,MEDIUM,5.0,True,Williams,5101.236,2026-06-28 13:31:13.312,1,17.0,False,,False,True
5267.22,ALB,23,92.19,24.0,2.0,,,17.78,41.22,33.19,5192.869,5234.089,5267.279,305.0,163.0,138.0,101.0,False,MEDIUM,6.0,True,Williams,5175.03,2026-06-28 13:32:27.106,126,16.0,False,,False,False
5361.679,ALB,23,94.459,25.0,2.0,,,22.086,42.125,30.248,5289.365,5331.49,5361.738,251.0,164.0,201.0,206.0,False,MEDIUM,7.0,True,Williams,5267.22,2026-06-28 13:33:59.296,67,16.0,False,,False,False
5437.027,ALB,23,75.348,26.0,2.0,,,19.065,33.354,22.929,5380.803,5414.157,5437.086,307.0,199.0,286.0,302.0,False,MEDIUM,8.0,True,Williams,5361.679,2026-06-28 13:35:33.755,71,16.0,False,,False,False
5510.371,ALB,23,73.344,27.0,2.0,,,17.574,32.96,22.81,5454.66,5487.62,5510.43,308.0,200.0,285.0,301.0,True,MEDIUM,9.0,True,Williams,5437.027,2026-06-28 13:36:49.103,1,16.0,False,,False,True
5583.902,ALB,23,73.531,28.0,2.0,,,17.619,33.078,22.834,5528.049,5561.127,5583.961,309.0,199.0,285.0,302.0,False,MEDIUM,10.0,True,Williams,5510.371,2026-06-28 13:38:02.447,1,16.0,False,,False,True
5657.306,ALB,23,73.404,29.0,2.0,,,17.608,32.985,22.811,5601.569,5634.554,5657.365,307.0,198.0,285.0,301.0,False,MEDIUM,11.0,True,Williams,5583.902,2026-06-28 13:39:15.978,1,16.0,False,,False,True
5731.591,ALB,23,74.285,30.0,2.0,,,17.649,33.586,23.05,5675.014,5708.6,5731.65,308.0,199.0,287.0,300.0,False,MEDIUM,12.0,True,Williams,5657.306,2026-06-28 13:40:29.382,1,17.0,False,,False,True
5806.292,ALB,23,74.701,31.0,2.0,,,18.383,33.28,23.038,5750.033,5783.313,5806.351,310.0,200.0,286.0,303.0,False,MEDIUM,13.0,True,Williams,5731.591,2026-06-28 13:41:43.667,1,17.0,False,,False,True
5881.056,ALB,23,74.764,32.0,2.0,,,17.623,34.184,22.957,5823.974,5858.158,5881.115,311.0,199.0,281.0,300.0,False,MEDIUM,14.0,True,Williams,5806.292,2026-06-28 13:42:58.368,1,17.0,False,,False,True
5955.35,ALB,23,74.294,33.0,2.0,,,17.912,33.371,23.011,5899.027,5932.398,5955.409,309.0,198.0,280.0,299.0,False,MEDIUM,15.0,True,Williams,5881.056,2026-06-28 13:44:13.132,1,17.0,False,,False,True
6029.352,ALB,23,74.002,34.0,2.0,,,17.776,33.252,22.974,5973.185,6006.437,6029.411,309.0,197.0,285.0,302.0,False,MEDIUM,16.0,True,Williams,5955.35,2026-06-28 13:45:27.426,1,16.0,False,,False,True
6104.365,ALB,23,75.013,35.0,2.0,,,17.744,34.281,22.988,6047.155,6081.436,6104.424,304.0,198.0,284.0,298.0,False,MEDIUM,17.0,True,Williams,6029.352,2026-06-28 13:46:41.428,1,16.0,False,,False,True
6178.496,ALB,23,74.131,36.0,2.0,,,17.723,33.428,22.98,6122.147,6155.575,6178.555,308.0,195.0,283.0,299.0,False,MEDIUM,18.0,True,Williams,6104.365,2026-06-28 13:47:56.441,1,16.0,False,,False,True
6256.536,ALB,23,78.04,37.0,2.0,,6252.705,17.856,33.19,26.994,6196.411,6229.601,6256.595,306.0,200.0,,299.0,False,MEDIUM,19.0,True,Williams,6178.496,2026-06-28 13:49:10.572,1,16.0,False,,False,False
6348.446,ALB,23,91.91,38.0,3.0,6273.961,,35.014,34.132,22.764,6291.609,6325.741,6348.505,306.0,204.0,285.0,223.0,False,HARD,1.0,True,Williams,6256.536,2026-06-28 13:50:28.612,1,17.0,False,,False,False
6421.648,ALB,23,73.202,39.0,3.0,,,17.599,32.824,22.779,6366.104,6398.928,6421.707,304.0,200.0,286.0,303.0,True,HARD,2.0,True,Williams,6348.446,2026-06-28 13:52:00.522,1,17.0,False,,False,True
6495.622,ALB,23,73.974,40.0,3.0,,,17.542,32.722,23.71,6439.249,6471.971,6495.681,309.0,200.0,287.0,300.0,False,HARD,3.0,True,Williams,6421.648,2026-06-28 13:53:13.724,1,17.0,False,,False,True
6568.785,ALB,23,73.163,41.0,3.0,,,17.593,32.814,22.756,6513.274,6546.088,6568.844,313.0,199.0,286.0,307.0,True,HARD,4.0,True,Williams,6495.622,2026-06-28 13:54:27.698,1,17.0,False,,False,True
6642.311,ALB,23,73.526,42.0,3.0,,,17.524,33.018,22.984,6586.368,6619.386,6642.37,309.0,199.0,284.0,298.0,False,HARD,5.0,True,Williams,6568.785,2026-06-28 13:55:40.861,1,17.0,False,,False,True
6715.448,ALB,23,73.137,43.0,3.0,,,17.604,32.861,22.672,6659.974,6692.835,6715.507,310.0,201.0,285.0,299.0,True,HARD,6.0,True,Williams,6642.311,2026-06-28 13:56:54.387,1,17.0,False,,False,True
6788.629,ALB,23,73.181,44.0,3.0,,,17.556,32.853,22.772,6733.063,6765.916,6788.688,309.0,201.0,284.0,301.0,False,HARD,7.0,True,Williams,6715.448,2026-06-28 13:58:07.524,1,17.0,False,,False,True
6862.019,ALB,23,73.39,45.0,3.0,,,17.577,32.915,22.898,6806.265,6839.18,6862.078,310.0,201.0,285.0,301.0,False,HARD,8.0,True,Williams,6788.629,2026-06-28 13:59:20.705,1,17.0,False,,False,True
6935.445,ALB,23,73.426,46.0,3.0,,,17.627,32.926,22.873,6879.705,6912.631,6935.504,307.0,200.0,285.0,298.0,False,HARD,9.0,True,Williams,6862.019,2026-06-28 14:00:34.095,1,17.0,False,,False,True
7009.08,ALB,23,73.635,47.0,3.0,,,17.602,33.091,22.942,6953.106,6986.197,7009.139,308.0,198.0,286.0,301.0,False,HARD,10.0,True,Williams,6935.445,2026-06-28 14:01:47.521,1,16.0,False,,False,True
7082.424,ALB,23,73.344,48.0,3.0,,,17.571,32.834,22.939,7026.71,7059.544,7082.483,308.0,201.0,285.0,300.0,False,HARD,11.0,True,Williams,7009.08,2026-06-28 14:03:01.156,1,16.0,False,,False,True
7156.444,ALB,23,74.02,49.0,3.0,,,17.624,33.485,22.911,7100.107,7133.592,7156.503,307.0,199.0,286.0,307.0,False,HARD,12.0,True,Williams,7082.424,2026-06-28 14:04:14.500,1,17.0,False,,False,True
7230.155,ALB,23,73.711,50.0,3.0,,,17.638,33.153,22.92,7174.141,7207.294,7230.214,311.0,200.0,286.0,301.0,False,HARD,13.0,True,Williams,7156.444,2026-06-28 14:05:28.520,1,17.0,False,,False,True
7314.319,ALB,23,84.164,51.0,3.0,,,17.716,41.786,24.662,7247.93,7289.716,7314.378,310.0,143.0,288.0,189.0,False,HARD,14.0,True,Williams,7230.155,2026-06-28 14:06:42.231,167,17.0,False,,False,False
7387.894,ALB,23,73.575,52.0,3.0,,,17.859,32.958,22.758,7332.237,7365.195,7387.953,307.0,200.0,285.0,301.0,False,HARD,15.0,True,Williams,7314.319,2026-06-28 14:08:06.395,1,17.0,False,,False,True
7461.091,ALB,23,73.197,53.0,3.0,,,17.618,32.867,22.712,7405.571,7438.438,7461.15,306.0,201.0,286.0,303.0,False,HARD,16.0,True,Williams,7387.894,2026-06-28 14:09:19.970,1,17.0,False,,False,True
7534.288,ALB,23,73.197,54.0,3.0,,,17.63,32.8,22.767,7478.78,7511.58,7534.347,305.0,200.0,286.0,304.0,False,HARD,17.0,True,Williams,7461.091,2026-06-28 14:10:33.167,1,17.0,False,,False,True
7607.589,ALB,23,73.301,55.0,3.0,,,17.618,32.852,22.831,7551.965,7584.817,7607.648,309.0,200.0,284.0,302.0,False,HARD,18.0,True,Williams,7534.288,2026-06-28 14:11:46.364,1,17.0,False,,False,True
7681.073,ALB,23,73.484,56.0,3.0,,,17.654,32.991,22.839,7625.302,7658.293,7681.132,308.0,200.0,286.0,300.0,False,HARD,19.0,True,Williams,7607.589,2026-06-28 14:12:59.665,1,17.0,False,,False,True
7754.737,ALB,23,73.664,57.0,3.0,,,17.698,33.093,22.873,7698.83,7731.923,7754.796,306.0,200.0,285.0,300.0,False,HARD,20.0,True,Williams,7681.073,2026-06-28 14:14:13.149,1,17.0,False,,False,True
7828.275,ALB,23,73.538,58.0,3.0,,,17.643,32.94,22.955,7772.439,7805.379,7828.334,306.0,200.0,286.0,303.0,False,HARD,21.0,True,Williams,7754.737,2026-06-28 14:15:26.813,1,17.0,False,,False,True
7901.626,ALB,23,73.351,59.0,3.0,,,17.679,32.902,22.77,7846.013,7878.915,7901.685,309.0,199.0,285.0,305.0,False,HARD,22.0,True,Williams,7828.275,2026-06-28 14:16:40.351,1,17.0,False,,False,True
7975.361,ALB,23,73.735,60.0,3.0,,,17.744,33.067,22.924,7919.429,7952.496,7975.42,309.0,198.0,287.0,305.0,False,HARD,23.0,True,Williams,7901.626,2026-06-28 14:17:53.702,1,17.0,False,,False,True
8049.438,ALB,23,74.077,61.0,3.0,,,17.694,33.377,23.006,7993.114,8026.491,8049.497,310.0,200.0,287.0,302.0,False,HARD,24.0,True,Williams,7975.361,2026-06-28 14:19:07.437,1,17.0,False,,False,True
8123.331,ALB,23,73.893,62.0,3.0,,,17.849,33.141,22.903,8067.346,8100.487,8123.39,304.0,197.0,286.0,301.0,False,HARD,25.0,True,Williams,8049.438,2026-06-28 14:20:21.514,1,17.0,False,,False,True
8199.539,ALB,23,76.208,63.0,3.0,,,18.238,34.83,23.14,8141.628,8176.458,8199.598,215.0,200.0,287.0,300.0,False,HARD,26.0,True,Williams,8123.331,2026-06-28 14:21:35.407,1,17.0,False,,False,True
8275.85,ALB,23,76.311,64.0,3.0,,,18.358,33.721,24.232,8217.956,8251.677,8275.909,283.0,201.0,283.0,309.0,False,HARD,27.0,True,Williams,8199.539,2026-06-28 14:22:51.615,1,17.0,False,,False,True
8350.506,ALB,23,74.656,65.0,3.0,,,17.963,33.657,23.036,8293.872,8327.529,8350.565,308.0,200.0,284.0,303.0,False,HARD,28.0,True,Williams,8275.85,2026-06-28 14:24:07.926,1,17.0,False,,False,True
8426.513,ALB,23,76.007,66.0,3.0,,,17.872,34.705,23.43,8368.437,8403.142,8426.572,309.0,195.0,256.0,303.0,False,HARD,29.0,True,Williams,8350.506,2026-06-28 14:25:22.582,1,17.0,False,,False,True
8501.929,ALB,23,75.416,67.0,3.0,,,18.501,33.54,23.375,8445.073,8478.613,8501.988,311.0,199.0,260.0,309.0,False,HARD,30.0,True,Williams,8426.513,2026-06-28 14:26:38.589,1,17.0,False,,False,True
8577.538,ALB,23,75.609,68.0,3.0,,,18.428,33.872,23.309,8520.416,8554.288,8577.597,315.0,196.0,288.0,293.0,False,HARD,31.0,True,Williams,8501.929,2026-06-28 14:27:54.005,1,17.0,False,,False,True
8654.007,ALB,23,76.469,69.0,3.0,,,18.104,34.844,23.521,8595.701,8630.545,8654.066,311.0,197.0,287.0,307.0,False,HARD,32.0,True,Williams,8577.538,2026-06-28 14:29:09.614,1,17.0,False,,False,True
3509.16,HUL,27,81.214,1.0,1.0,,,,34.506,23.464,,3485.887,3509.35,298.0,203.0,284.0,290.0,False,MEDIUM,1.0,True,Audi,3427.653,2026-06-28 13:03:19.729,1,14.0,False,,False,False
3583.462,HUL,27,74.302,2.0,1.0,,,17.712,33.563,23.027,3526.925,3560.488,3583.515,312.0,209.0,286.0,298.0,True,MEDIUM,2.0,True,Audi,3509.16,2026-06-28 13:04:41.236,1,14.0,False,,False,True
3657.45,HUL,27,73.988,3.0,1.0,,,17.588,33.321,23.079,3601.103,3634.424,3657.503,314.0,209.0,284.0,297.0,True,MEDIUM,3.0,True,Audi,3583.462,2026-06-28 13:05:55.538,1,14.0,False,,False,True
3731.355,HUL,27,73.905,4.0,1.0,,,17.548,33.332,23.025,3675.051,3708.383,3731.408,306.0,210.0,283.0,295.0,True,MEDIUM,4.0,True,Audi,3657.45,2026-06-28 13:07:09.526,1,14.0,False,,False,True
3805.381,HUL,27,74.026,5.0,1.0,,,17.673,33.335,23.018,3749.081,3782.416,3805.434,311.0,210.0,284.0,299.0,False,MEDIUM,5.0,True,Audi,3731.355,2026-06-28 13:08:23.431,1,14.0,False,,False,True
3879.772,HUL,27,74.391,6.0,1.0,,,17.714,33.376,23.301,3823.148,3856.524,3879.825,310.0,209.0,282.0,296.0,False,MEDIUM,6.0,True,Audi,3805.381,2026-06-28 13:09:37.457,1,14.0,False,,False,True
3954.19,HUL,27,74.418,7.0,1.0,,,17.75,33.288,23.38,3897.575,3930.863,3954.243,310.0,210.0,281.0,297.0,False,MEDIUM,7.0,True,Audi,3879.772,2026-06-28 13:10:51.848,1,14.0,False,,False,True
4028.865,HUL,27,74.675,8.0,1.0,,,17.853,33.479,23.343,3972.096,4005.575,4028.918,311.0,210.0,280.0,298.0,False,MEDIUM,8.0,True,Audi,3954.19,2026-06-28 13:12:06.266,1,14.0,False,,False,True
4103.371,HUL,27,74.506,9.0,1.0,,,17.795,33.44,23.271,4046.713,4080.153,4103.424,310.0,207.0,283.0,297.0,False,MEDIUM,9.0,True,Audi,4028.865,2026-06-28 13:13:20.941,1,14.0,False,,False,True
4178.642,HUL,27,75.271,10.0,1.0,,,17.709,34.088,23.474,4121.133,4155.221,4178.695,308.0,208.0,279.0,333.0,False,MEDIUM,10.0,True,Audi,4103.371,2026-06-28 13:14:35.447,1,14.0,False,,False,True
4254.268,HUL,27,75.626,11.0,1.0,,,17.9,33.934,23.792,4196.595,4230.529,4254.321,305.0,206.0,279.0,293.0,False,MEDIUM,11.0,True,Audi,4178.642,2026-06-28 13:15:50.718,1,14.0,False,,False,True
4329.405,HUL,27,75.137,12.0,1.0,,,17.894,33.677,23.566,4272.215,4305.892,4329.458,306.0,205.0,280.0,294.0,False,MEDIUM,12.0,True,Audi,4254.268,2026-06-28 13:17:06.344,1,14.0,False,,False,True
4404.574,HUL,27,75.169,13.0,1.0,,,17.797,33.7,23.672,4347.255,4380.955,4404.627,310.0,207.0,277.0,299.0,False,MEDIUM,13.0,True,Audi,4329.405,2026-06-28 13:18:21.481,1,13.0,False,,False,True
4479.347,HUL,27,74.773,14.0,1.0,,,17.91,33.388,23.475,4422.537,4455.925,4479.4,304.0,204.0,282.0,304.0,False,MEDIUM,14.0,True,Audi,4404.574,2026-06-28 13:19:36.650,1,13.0,False,,False,True
4554.292,HUL,27,74.945,15.0,1.0,,,17.969,33.507,23.469,4497.369,4530.876,4554.345,307.0,207.0,281.0,312.0,False,MEDIUM,15.0,True,Audi,4479.347,2026-06-28 13:20:51.423,1,13.0,False,,False,True
4628.766,HUL,27,74.474,16.0,1.0,,,18.027,33.199,23.248,4572.372,4605.571,4628.819,305.0,206.0,271.0,316.0,False,MEDIUM,16.0,True,Audi,4554.292,2026-06-28 13:22:06.368,1,12.0,False,,False,True
4704.01,HUL,27,75.244,17.0,1.0,,,18.315,33.601,23.328,4647.134,4680.735,4704.063,293.0,207.0,274.0,291.0,False,MEDIUM,17.0,True,Audi,4628.766,2026-06-28 13:23:20.842,1,12.0,False,,False,True
4778.775,HUL,27,74.765,18.0,1.0,,,18.118,33.453,23.194,4722.181,4755.634,4778.828,299.0,210.0,275.0,294.0,False,MEDIUM,18.0,True,Audi,4704.01,2026-06-28 13:24:36.086,1,11.0,False,,False,True
4853.209,HUL,27,74.434,19.0,1.0,,,18.011,33.273,23.15,4796.839,4830.112,4853.262,301.0,209.0,278.0,298.0,False,MEDIUM,19.0,True,Audi,4778.775,2026-06-28 13:25:50.851,1,10.0,False,,False,True
4927.617,HUL,27,74.408,20.0,1.0,,,17.977,33.324,23.107,4871.239,4904.563,4927.67,301.0,207.0,278.0,299.0,False,MEDIUM,20.0,True,Audi,4853.209,2026-06-28 13:27:05.285,1,9.0,False,,False,True
5006.006,HUL,27,78.389,21.0,1.0,,5001.914,17.953,33.288,27.148,4945.623,4978.911,5006.059,302.0,207.0,,298.0,False,MEDIUM,21.0,True,Audi,4927.617,2026-06-28 13:28:19.693,1,12.0,False,,False,False
5096.121,HUL,27,90.115,22.0,2.0,5023.592,,34.284,33.144,22.687,5040.343,5073.487,5096.174,297.0,214.0,281.0,294.0,False,MEDIUM,1.0,True,Audi,5006.006,2026-06-28 13:29:38.082,1,15.0,False,,False,False
5169.331,HUL,27,73.21,23.0,2.0,,,17.513,32.619,23.078,5113.687,5146.306,5169.384,307.0,213.0,280.0,303.0,True,MEDIUM,2.0,True,Audi,5096.121,2026-06-28 13:31:08.197,1,14.0,False,,False,True
5257.868,HUL,27,88.537,24.0,2.0,,,17.675,39.268,31.594,5187.059,5226.327,5257.921,301.0,156.0,159.0,289.0,False,MEDIUM,3.0,True,Audi,5169.331,2026-06-28 13:32:21.407,126,14.0,False,,False,False
5351.989,HUL,27,94.121,25.0,2.0,,,21.787,42.336,29.998,5279.708,5322.044,5352.042,244.0,170.0,197.0,192.0,False,MEDIUM,4.0,True,Audi,5257.868,2026-06-28 13:33:49.944,6,13.0,False,,False,False
5430.882,HUL,27,78.893,26.0,2.0,,,23.4,32.86,22.633,5375.442,5408.302,5430.935,255.0,214.0,281.0,298.0,False,MEDIUM,5.0,True,Audi,5351.989,2026-06-28 13:35:24.065,671,13.0,False,,False,False
5503.512,HUL,27,72.63,27.0,2.0,,,17.633,32.35,22.647,5448.568,5480.918,5503.565,302.0,214.0,280.0,298.0,True,MEDIUM,6.0,True,Audi,5430.882,2026-06-28 13:36:42.958,1,13.0,False,,False,True
5576.477,HUL,27,72.965,28.0,2.0,,,17.728,32.442,22.795,5521.293,5553.735,5576.53,302.0,213.0,279.0,297.0,False,MEDIUM,7.0,True,Audi,5503.512,2026-06-28 13:37:55.588,1,13.0,False,,False,True
5649.232,HUL,27,72.755,29.0,2.0,,,17.636,32.376,22.743,5594.166,5626.542,5649.285,301.0,211.0,278.0,295.0,False,MEDIUM,8.0,True,Audi,5576.477,2026-06-28 13:39:08.553,1,13.0,False,,False,True
5721.905,HUL,27,72.673,30.0,2.0,,,17.703,32.301,22.669,5666.988,5699.289,5721.958,301.0,213.0,279.0,295.0,False,MEDIUM,9.0,True,Audi,5649.232,2026-06-28 13:40:21.308,1,13.0,False,,False,True
5794.534,HUL,27,72.629,31.0,2.0,,,17.634,32.404,22.591,5739.592,5771.996,5794.587,301.0,214.0,278.0,295.0,True,MEDIUM,10.0,True,Audi,5721.905,2026-06-28 13:41:33.981,1,13.0,False,,False,True
5867.004,HUL,27,72.47,32.0,2.0,,,17.698,32.306,22.466,5812.285,5844.591,5867.057,301.0,214.0,280.0,295.0,True,MEDIUM,11.0,True,Audi,5794.534,2026-06-28 13:42:46.610,1,13.0,False,,False,True
5939.867,HUL,27,72.863,33.0,2.0,,,17.668,32.591,22.604,5884.725,5917.316,5939.92,301.0,211.0,279.0,294.0,False,MEDIUM,12.0,True,Audi,5867.004,2026-06-28 13:43:59.080,1,13.0,False,,False,True
6012.517,HUL,27,72.65,34.0,2.0,,,17.674,32.457,22.519,5957.594,5990.051,6012.57,302.0,214.0,279.0,295.0,False,MEDIUM,13.0,True,Audi,5939.867,2026-06-28 13:45:11.943,1,13.0,False,,False,True
6085.18,HUL,27,72.663,35.0,2.0,,,17.681,32.435,22.547,6030.251,6062.686,6085.233,302.0,213.0,280.0,295.0,False,MEDIUM,14.0,True,Audi,6012.517,2026-06-28 13:46:24.593,1,13.0,False,,False,True
6157.972,HUL,27,72.792,36.0,2.0,,,17.673,32.534,22.585,6102.906,6135.44,6158.025,303.0,212.0,279.0,296.0,False,MEDIUM,15.0,True,Audi,6085.18,2026-06-28 13:47:37.256,1,13.0,False,,False,True
6230.719,HUL,27,72.747,37.0,2.0,,,17.712,32.503,22.532,6175.737,6208.24,6230.772,303.0,212.0,280.0,297.0,False,MEDIUM,16.0,True,Audi,6157.972,2026-06-28 13:48:50.048,1,13.0,False,,False,True
6303.678,HUL,27,72.959,38.0,2.0,,,17.742,32.624,22.593,6248.514,6281.138,6303.731,303.0,210.0,280.0,297.0,False,MEDIUM,17.0,True,Audi,6230.719,2026-06-28 13:50:02.795,1,12.0,False,,False,True
6376.666,HUL,27,72.988,39.0,2.0,,,17.796,32.709,22.483,6321.527,6354.236,6376.719,302.0,211.0,282.0,296.0,False,MEDIUM,18.0,True,Audi,6303.678,2026-06-28 13:51:15.754,1,12.0,False,,False,True
6449.423,HUL,27,72.757,40.0,2.0,,,17.639,32.583,22.535,6394.358,6426.941,6449.476,302.0,213.0,281.0,295.0,False,MEDIUM,19.0,True,Audi,6376.666,2026-06-28 13:52:28.742,1,12.0,False,,False,True
6522.519,HUL,27,73.096,41.0,2.0,,,17.66,32.827,22.609,6467.136,6499.963,6522.572,304.0,212.0,281.0,294.0,False,MEDIUM,20.0,True,Audi,6449.423,2026-06-28 13:53:41.499,1,12.0,False,,False,True
6595.41,HUL,27,72.891,42.0,2.0,,,17.67,32.715,22.506,6540.242,6572.957,6595.463,302.0,212.0,281.0,295.0,False,MEDIUM,21.0,True,Audi,6522.519,2026-06-28 13:54:54.595,1,12.0,False,,False,True
6668.468,HUL,27,73.058,43.0,2.0,,,17.699,32.789,22.57,6613.162,6645.951,6668.521,303.0,212.0,282.0,296.0,False,MEDIUM,22.0,True,Audi,6595.41,2026-06-28 13:56:07.486,1,12.0,False,,False,True
6741.573,HUL,27,73.105,44.0,2.0,,,17.719,32.771,22.615,6686.24,6719.011,6741.626,304.0,211.0,281.0,298.0,False,MEDIUM,23.0,True,Audi,6668.468,2026-06-28 13:57:20.544,1,12.0,False,,False,True
6818.633,HUL,27,77.06,45.0,2.0,,6814.837,17.655,32.782,26.623,6759.281,6792.063,6818.686,304.0,211.0,,295.0,False,MEDIUM,24.0,True,Audi,6741.573,2026-06-28 13:58:33.649,1,11.0,False,,False,False
6908.244,HUL,27,89.611,46.0,3.0,6837.409,,34.98,32.535,22.096,6853.666,6886.201,6908.297,300.0,216.0,281.0,295.0,False,HARD,1.0,True,Audi,6818.633,2026-06-28 13:59:50.709,1,13.0,False,,False,False
6980.778,HUL,27,72.534,47.0,3.0,,,17.583,32.366,22.585,6925.88,6958.246,6980.831,303.0,215.0,282.0,295.0,False,HARD,2.0,True,Audi,6908.244,2026-06-28 14:01:20.320,1,13.0,False,,False,True
7053.224,HUL,27,72.446,48.0,3.0,,,17.591,32.32,22.535,6998.422,7030.742,7053.277,303.0,217.0,282.0,297.0,True,HARD,3.0,True,Audi,6980.778,2026-06-28 14:02:32.854,1,13.0,False,,False,True
7125.479,HUL,27,72.255,49.0,3.0,,,17.524,32.274,22.457,7070.801,7103.075,7125.532,303.0,214.0,282.0,297.0,True,HARD,4.0,True,Audi,7053.224,2026-06-28 14:03:45.300,1,13.0,False,,False,True
7199.102,HUL,27,73.623,50.0,3.0,,,17.739,33.506,22.378,7143.271,7176.777,7199.155,278.0,216.0,285.0,300.0,False,HARD,5.0,True,Audi,7125.479,2026-06-28 14:04:57.555,1,13.0,False,,False,True
7279.295,HUL,27,80.193,51.0,3.0,,,17.473,32.169,30.551,7216.628,7248.797,7279.348,308.0,214.0,240.0,300.0,False,HARD,6.0,True,Audi,7199.102,2026-06-28 14:06:11.178,16,13.0,False,,False,False
7355.843,HUL,27,76.548,52.0,3.0,,,21.992,32.221,22.335,7301.34,7333.561,7355.896,302.0,216.0,284.0,303.0,False,HARD,7.0,True,Audi,7279.295,2026-06-28 14:07:31.371,671,12.0,False,,False,False
7429.799,HUL,27,73.956,53.0,3.0,,,17.659,32.863,23.434,7373.555,7406.418,7429.852,254.0,214.0,289.0,306.0,False,HARD,8.0,True,Audi,7355.843,2026-06-28 14:08:47.919,1,12.0,False,,False,True
7501.521,HUL,27,71.722,54.0,3.0,,,17.339,32.291,22.092,7447.191,7479.482,7501.574,307.0,216.0,286.0,297.0,True,HARD,9.0,True,Audi,7429.799,2026-06-28 14:10:01.875,1,12.0,False,,False,True
7573.155,HUL,27,71.634,55.0,3.0,,,17.433,32.036,22.165,7519.007,7551.043,7573.208,305.0,214.0,286.0,302.0,True,HARD,10.0,True,Audi,7501.521,2026-06-28 14:11:13.597,1,12.0,False,,False,True
7644.927,HUL,27,71.772,56.0,3.0,,,17.406,32.116,22.25,7590.614,7622.73,7644.98,307.0,213.0,283.0,299.0,False,HARD,11.0,True,Audi,7573.155,2026-06-28 14:12:25.231,1,12.0,False,,False,True
7718.61,HUL,27,73.683,57.0,3.0,,,17.585,33.618,22.48,7662.565,7696.183,7718.663,301.0,214.0,287.0,253.0,False,HARD,12.0,True,Audi,7644.927,2026-06-28 14:13:37.003,1,12.0,False,,False,True
7790.692,HUL,27,72.082,58.0,3.0,,,17.454,32.229,22.399,7736.117,7768.346,7790.745,307.0,213.0,286.0,303.0,False,HARD,13.0,True,Audi,7718.61,2026-06-28 14:14:50.686,1,12.0,False,,False,True
7863.105,HUL,27,72.413,59.0,3.0,,,17.439,32.46,22.514,7808.184,7840.644,7863.158,309.0,213.0,285.0,302.0,False,HARD,14.0,True,Audi,7790.692,2026-06-28 14:16:02.768,1,12.0,False,,False,True
7935.901,HUL,27,72.796,60.0,3.0,,,17.556,32.651,22.589,7880.714,7913.365,7935.954,309.0,212.0,284.0,302.0,False,HARD,15.0,True,Audi,7863.105,2026-06-28 14:17:15.181,1,12.0,False,,False,True
8010.943,HUL,27,75.042,61.0,3.0,,,17.86,33.604,23.578,7953.814,7987.418,8010.996,258.0,211.0,290.0,304.0,False,HARD,16.0,True,Audi,7935.901,2026-06-28 14:18:27.977,1,12.0,False,,False,True
8083.392,HUL,27,72.449,62.0,3.0,,,17.471,32.608,22.37,8028.467,8061.075,8083.445,296.0,214.0,281.0,296.0,False,HARD,17.0,True,Audi,8010.943,2026-06-28 14:19:43.019,1,12.0,False,,False,True
8156.473,HUL,27,73.081,63.0,3.0,,,17.819,32.658,22.604,8101.264,8133.922,8156.526,298.0,213.0,281.0,296.0,False,HARD,18.0,True,Audi,8083.392,2026-06-28 14:20:55.468,1,12.0,False,,False,True
8229.319,HUL,27,72.846,64.0,3.0,,,17.753,32.596,22.497,8174.279,8206.875,8229.372,303.0,214.0,284.0,300.0,False,HARD,19.0,True,Audi,8156.473,2026-06-28 14:22:08.549,1,12.0,False,,False,True
8301.663,HUL,27,72.344,65.0,3.0,,,17.597,32.485,22.262,8246.969,8279.454,8301.716,301.0,214.0,285.0,300.0,False,HARD,20.0,True,Audi,8229.319,2026-06-28 14:23:21.395,1,12.0,False,,False,True
8374.155,HUL,27,72.492,66.0,3.0,,,17.582,32.553,22.357,8319.298,8351.851,8374.208,305.0,214.0,284.0,300.0,False,HARD,21.0,True,Audi,8301.663,2026-06-28 14:24:33.739,1,12.0,False,,False,True
8446.456,HUL,27,72.301,67.0,3.0,,,17.562,32.53,22.209,8391.77,8424.3,8446.509,305.0,212.0,285.0,301.0,False,HARD,22.0,True,Audi,8374.155,2026-06-28 14:25:46.231,1,12.0,False,,False,True
8518.827,HUL,27,72.371,68.0,3.0,,,17.488,32.526,22.357,8463.997,8496.523,8518.88,305.0,213.0,285.0,301.0,False,HARD,23.0,True,Audi,8446.456,2026-06-28 14:26:58.532,1,12.0,False,,False,True
8591.849,HUL,27,73.022,69.0,3.0,,,17.495,33.054,22.473,8536.375,8569.429,8591.902,310.0,214.0,281.0,319.0,False,HARD,24.0,True,Audi,8518.827,2026-06-28 14:28:10.903,1,12.0,False,,False,True
8664.409,HUL,27,72.56,70.0,3.0,,,17.678,32.575,22.307,8609.58,8642.155,8664.462,305.0,211.0,249.0,321.0,False,HARD,25.0,True,Audi,8591.849,2026-06-28 14:29:23.925,1,12.0,False,,False,True
3505.599,VER,3,77.653,1.0,1.0,,,,33.443,22.779,,3482.927,3505.819,302.0,217.0,279.0,298.0,False,MEDIUM,1.0,True,Red Bull Racing,3427.653,2026-06-28 13:03:19.729,1,5.0,False,,False,False
3577.701,VER,3,72.102,2.0,1.0,,,17.386,32.542,22.174,3523.042,3555.584,3577.758,312.0,209.0,285.0,322.0,True,MEDIUM,2.0,True,Red Bull Racing,3505.599,2026-06-28 13:04:37.675,1,3.0,False,,False,True
3649.785,VER,3,72.084,3.0,1.0,,,17.562,32.522,22.0,3595.32,3627.842,3649.842,295.0,211.0,284.0,289.0,True,MEDIUM,3.0,True,Red Bull Racing,3577.701,2026-06-28 13:05:49.777,1,3.0,False,,False,True
3721.518,VER,3,71.733,4.0,1.0,,,17.386,32.177,22.17,3667.228,3699.405,3721.575,304.0,212.0,283.0,297.0,True,MEDIUM,4.0,True,Red Bull Racing,3649.785,2026-06-28 13:07:01.861,1,3.0,False,,False,True
3793.364,VER,3,71.846,5.0,1.0,,,17.439,32.187,22.22,3739.014,3771.201,3793.421,302.0,211.0,284.0,300.0,False,MEDIUM,5.0,True,Red Bull Racing,3721.518,2026-06-28 13:08:13.594,1,3.0,False,,False,True
3865.209,VER,3,71.845,6.0,1.0,,,17.44,32.226,22.179,3810.861,3843.087,3865.266,304.0,210.0,286.0,297.0,False,MEDIUM,6.0,True,Red Bull Racing,3793.364,2026-06-28 13:09:25.440,1,3.0,False,,False,True
3937.281,VER,3,72.072,7.0,1.0,,,17.26,32.456,22.356,3882.526,3914.982,3937.338,309.0,209.0,285.0,299.0,False,MEDIUM,7.0,True,Red Bull Racing,3865.209,2026-06-28 13:10:37.285,1,3.0,False,,False,True
4009.677,VER,3,72.396,8.0,1.0,,,17.28,32.686,22.43,3954.618,3987.304,4009.734,310.0,209.0,287.0,301.0,False,MEDIUM,8.0,True,Red Bull Racing,3937.281,2026-06-28 13:11:49.357,1,3.0,False,,False,True
4082.235,VER,3,72.558,9.0,1.0,,,17.328,32.734,22.496,4027.062,4059.796,4082.292,311.0,209.0,286.0,299.0,False,MEDIUM,9.0,True,Red Bull Racing,4009.677,2026-06-28 13:13:01.753,1,3.0,False,,False,True
4155.11,VER,3,72.875,10.0,1.0,,,17.425,32.824,22.626,4099.717,4132.541,4155.167,314.0,212.0,285.0,306.0,False,MEDIUM,10.0,True,Red Bull Racing,4082.235,2026-06-28 13:14:14.311,1,3.0,False,,False,True
4229.523,VER,3,74.413,11.0,1.0,,,17.23,33.75,23.433,4172.397,4206.147,4229.58,340.0,203.0,286.0,274.0,False,MEDIUM,11.0,True,Red Bull Racing,4155.11,2026-06-28 13:15:27.186,1,3.0,True,TRACK LIMITS AT TURN 6 LAP 11 ,False,True
4302.863,VER,3,73.34,12.0,1.0,,,17.599,32.866,22.875,4247.179,4280.045,4302.92,306.0,210.0,282.0,298.0,False,MEDIUM,12.0,True,Red Bull Racing,4229.523,2026-06-28 13:16:41.599,1,2.0,False,,False,True
4375.652,VER,3,72.789,13.0,1.0,,,17.731,32.634,22.424,4320.651,4353.285,4375.709,298.0,209.0,283.0,301.0,False,MEDIUM,13.0,True,Red Bull Racing,4302.863,2026-06-28 13:17:54.939,1,2.0,False,,False,True
4448.259,VER,3,72.607,14.0,1.0,,,17.617,32.568,22.422,4393.326,4425.894,4448.316,302.0,208.0,283.0,302.0,False,MEDIUM,14.0,True,Red Bull Racing,4375.652,2026-06-28 13:19:07.728,1,2.0,False,,False,True
4521.024,VER,3,72.765,15.0,1.0,,,17.579,32.626,22.56,4465.895,4498.521,4521.081,303.0,209.0,282.0,301.0,False,MEDIUM,15.0,True,Red Bull Racing,4448.259,2026-06-28 13:20:20.335,1,2.0,False,,False,True
4593.65,VER,3,72.626,16.0,1.0,,,17.61,32.579,22.437,4538.691,4571.27,4593.707,305.0,208.0,283.0,301.0,False,MEDIUM,16.0,True,Red Bull Racing,4521.024,2026-06-28 13:21:33.100,1,2.0,False,,False,True
4666.383,VER,3,72.733,17.0,1.0,,,17.601,32.657,22.475,4611.308,4643.965,4666.44,305.0,207.0,282.0,299.0,False,MEDIUM,17.0,True,Red Bull Racing,4593.65,2026-06-28 13:22:45.726,1,2.0,False,,False,True
4743.016,VER,3,76.633,18.0,1.0,,4738.999,17.614,32.708,26.311,4684.054,4716.762,4743.073,307.0,207.0,,299.0,False,MEDIUM,18.0,True,Red Bull Racing,4666.383,2026-06-28 13:23:58.459,1,3.0,False,,False,False
4831.553,VER,3,88.537,19.0,2.0,4760.279,,34.065,32.456,22.016,4777.138,4809.594,4831.61,301.0,211.0,284.0,297.0,False,HARD,1.0,True,Red Bull Racing,4743.016,2026-06-28 13:25:15.092,1,6.0,False,,False,False
4903.033,VER,3,71.48,20.0,2.0,,,17.221,32.195,22.064,4848.831,4881.026,4903.09,312.0,213.0,289.0,308.0,True,HARD,2.0,True,Red Bull Racing,4831.553,2026-06-28 13:26:43.629,1,5.0,False,,False,True
4974.517,VER,3,71.484,21.0,2.0,,,17.139,32.147,22.198,4920.229,4952.376,4974.574,315.0,213.0,290.0,306.0,False,HARD,3.0,True,Red Bull Racing,4903.033,2026-06-28 13:27:55.109,1,4.0,False,,False,True
5046.926,VER,3,72.409,22.0,2.0,,,17.152,33.249,22.008,4991.726,5024.975,5046.983,320.0,209.0,284.0,286.0,False,HARD,4.0,True,Red Bull Racing,4974.517,2026-06-28 13:29:06.593,1,3.0,False,,False,True
5118.713,VER,3,71.787,23.0,2.0,,,17.516,32.271,22.0,5064.499,5096.77,5118.77,300.0,210.0,283.0,295.0,False,HARD,5.0,True,Red Bull Racing,5046.926,2026-06-28 13:30:19.002,1,3.0,False,,False,True
5190.729,VER,3,72.016,24.0,2.0,,,17.335,32.068,22.613,5136.105,5168.173,5190.786,308.0,214.0,254.0,299.0,False,HARD,6.0,True,Red Bull Racing,5118.713,2026-06-28 13:31:30.789,12,3.0,False,,False,True
5287.645,VER,3,96.916,25.0,2.0,,,21.429,42.112,33.375,5212.215,5254.327,5287.702,173.0,191.0,165.0,202.0,False,HARD,7.0,True,Red Bull Racing,5190.729,2026-06-28 13:32:42.805,26,2.0,False,,False,False
5380.675,VER,3,93.03,26.0,2.0,,,21.814,44.073,27.143,5309.516,5353.589,5380.732,209.0,175.0,286.0,203.0,False,HARD,8.0,True,Red Bull Racing,5287.645,2026-06-28 13:34:19.721,671,2.0,False,,False,False
5451.982,VER,3,71.307,27.0,2.0,,,17.245,32.01,22.052,5397.977,5429.987,5452.039,302.0,213.0,285.0,296.0,True,HARD,9.0,True,Red Bull Racing,5380.675,2026-06-28 13:35:52.751,1,2.0,False,,False,True
5523.054,VER,3,71.072,28.0,2.0,,,17.292,31.896,21.884,5469.331,5501.227,5523.111,306.0,213.0,286.0,300.0,True,HARD,10.0,True,Red Bull Racing,5451.982,2026-06-28 13:37:04.058,1,2.0,False,,False,True
5594.263,VER,3,71.209,29.0,2.0,,,17.238,32.016,21.955,5540.349,5572.365,5594.32,308.0,212.0,285.0,300.0,False,HARD,11.0,True,Red Bull Racing,5523.054,2026-06-28 13:38:15.130,1,2.0,False,,False,True
5665.304,VER,3,71.041,30.0,2.0,,,17.288,31.92,21.833,5611.608,5643.528,5665.361,307.0,211.0,286.0,301.0,True,HARD,12.0,True,Red Bull Racing,5594.263,2026-06-28 13:39:26.339,1,2.0,False,,False,True
5736.553,VER,3,71.249,31.0,2.0,,,17.387,31.926,21.936,5682.748,5714.674,5736.61,308.0,213.0,285.0,301.0,False,HARD,13.0,True,Red Bull Racing,5665.304,2026-06-28 13:40:37.380,1,2.0,False,,False,True
5808.045,VER,3,71.492,32.0,2.0,,,17.343,32.146,22.003,5753.953,5786.099,5808.102,309.0,212.0,288.0,303.0,False,HARD,14.0,True,Red Bull Racing,5736.553,2026-06-28 13:41:48.629,1,2.0,False,,False,True
5879.487,VER,3,71.442,33.0,2.0,,,17.233,32.152,22.057,5825.335,5857.487,5879.544,318.0,212.0,287.0,308.0,False,HARD,15.0,True,Red Bull Racing,5808.045,2026-06-28 13:43:00.121,1,2.0,False,,False,True
5951.333,VER,3,71.846,34.0,2.0,,,17.411,32.344,22.091,5896.955,5929.299,5951.39,314.0,211.0,285.0,305.0,False,HARD,16.0,True,Red Bull Racing,5879.487,2026-06-28 13:44:11.563,1,2.0,False,,False,True
6022.939,VER,3,71.606,35.0,2.0,,,17.346,32.172,22.088,5968.736,6000.908,6022.996,313.0,214.0,285.0,300.0,False,HARD,17.0,True,Red Bull Racing,5951.333,2026-06-28 13:45:23.409,1,2.0,False,,False,True
6094.87,VER,3,71.931,36.0,2.0,,,17.367,32.296,22.268,6040.363,6072.659,6094.927,311.0,211.0,285.0,301.0,False,HARD,18.0,True,Red Bull Racing,6022.939,2026-06-28 13:46:35.015,1,2.0,False,,False,True
6166.679,VER,3,71.809,37.0,2.0,,,17.392,32.213,22.204,6112.319,6144.532,6166.736,313.0,211.0,285.0,301.0,False,HARD,19.0,True,Red Bull Racing,6094.87,2026-06-28 13:47:46.946,1,2.0,False,,False,True
6238.838,VER,3,72.159,38.0,2.0,,,17.354,32.509,22.296,6184.09,6216.599,6238.895,316.0,213.0,287.0,305.0,False,HARD,20.0,True,Red Bull Racing,6166.679,2026-06-28 13:48:58.755,1,2.0,False,,False,True
6311.083,VER,3,72.245,39.0,2.0,,,17.575,32.458,22.212,6256.47,6288.928,6311.14,315.0,210.0,287.0,306.0,False,HARD,21.0,True,Red Bull Racing,6238.838,2026-06-28 13:50:10.914,1,2.0,False,,False,True
6383.215,VER,3,72.132,40.0,2.0,,,17.457,32.406,22.269,6328.597,6361.003,6383.272,316.0,210.0,287.0,304.0,False,HARD,22.0,True,Red Bull Racing,6311.083,2026-06-28 13:51:23.159,1,2.0,False,,False,True
6455.107,VER,3,71.892,41.0,2.0,,,17.31,32.356,22.226,6400.582,6432.938,6455.164,316.0,209.0,287.0,310.0,False,HARD,23.0,True,Red Bull Racing,6383.215,2026-06-28 13:52:35.291,1,2.0,False,,False,True
6527.275,VER,3,72.168,42.0,2.0,,,17.477,32.254,22.437,6472.641,6504.895,6527.332,317.0,210.0,288.0,303.0,False,HARD,24.0,True,Red Bull Racing,6455.107,2026-06-28 13:53:47.183,1,2.0,False,,False,True
6599.362,VER,3,72.087,43.0,2.0,,,17.356,32.402,22.329,6544.688,6577.09,6599.419,317.0,209.0,287.0,308.0,False,HARD,25.0,True,Red Bull Racing,6527.275,2026-06-28 13:54:59.351,1,1.0,False,,False,True
6671.776,VER,3,72.414,44.0,2.0,,,17.481,32.552,22.381,6616.9,6649.452,6671.833,307.0,210.0,283.0,298.0,False,HARD,26.0,True,Red Bull Racing,6599.362,2026-06-28 13:56:11.438,1,1.0,False,,False,True
6744.132,VER,3,72.356,45.0,2.0,,,17.496,32.526,22.334,6689.329,6721.855,6744.189,315.0,211.0,287.0,304.0,False,HARD,27.0,True,Red Bull Racing,6671.776,2026-06-28 13:57:23.852,1,1.0,False,,False,True
6816.512,VER,3,72.38,46.0,2.0,,,17.397,32.486,22.497,6761.586,6794.072,6816.569,315.0,212.0,284.0,306.0,False,HARD,28.0,True,Red Bull Racing,6744.132,2026-06-28 13:58:36.208,1,1.0,False,,False,True
6889.142,VER,3,72.63,47.0,2.0,,,17.621,32.63,22.379,6834.19,6866.82,6889.199,311.0,212.0,285.0,300.0,False,HARD,29.0,True,Red Bull Racing,6816.512,2026-06-28 13:59:48.588,1,1.0,False,,False,True
6961.823,VER,3,72.681,48.0,2.0,,,17.531,32.702,22.448,6906.73,6939.432,6961.88,312.0,209.0,286.0,303.0,False,HARD,30.0,True,Red Bull Racing,6889.142,2026-06-28 14:01:01.218,1,1.0,False,,False,True
7038.824,VER,3,77.001,49.0,2.0,,7035.103,18.041,32.677,26.283,6979.921,7012.598,7038.881,314.0,211.0,,304.0,False,HARD,31.0,True,Red Bull Racing,6961.823,2026-06-28 14:02:13.899,1,2.0,False,,False,False
7126.337,VER,3,87.513,50.0,3.0,7056.4,,33.914,31.942,21.657,7072.795,7104.737,7126.394,310.0,214.0,292.0,303.0,False,HARD,1.0,True,Red Bull Racing,7038.824,2026-06-28 14:03:30.900,1,3.0,False,,False,False
7197.225,VER,3,70.888,51.0,3.0,,,17.148,32.17,21.57,7143.542,7175.712,7197.282,316.0,214.0,290.0,301.0,True,HARD,2.0,True,Red Bull Racing,7126.337,2026-06-28 14:04:58.413,1,3.0,False,,False,True
7274.489,VER,3,77.264,52.0,3.0,,,17.187,31.692,28.385,7214.469,7246.161,7274.546,312.0,214.0,211.0,299.0,False,HARD,3.0,True,Red Bull Racing,7197.225,2026-06-28 14:06:09.301,16,2.0,False,,False,False
7351.425,VER,3,76.936,53.0,3.0,,,23.72,31.668,21.548,7298.266,7329.934,7351.482,251.0,220.0,292.0,318.0,False,HARD,4.0,True,Red Bull Racing,7274.489,2026-06-28 14:07:26.565,671,2.0,False,,False,False
7422.021,VER,3,70.596,54.0,3.0,,,17.201,31.787,21.608,7368.683,7400.47,7422.078,304.0,215.0,286.0,297.0,True,HARD,5.0,True,Red Bull Racing,7351.425,2026-06-28 14:08:43.501,1,2.0,False,,False,True
7492.62,VER,3,70.599,55.0,3.0,,,17.239,31.689,21.671,7439.317,7471.006,7492.677,311.0,214.0,289.0,300.0,False,HARD,6.0,True,Red Bull Racing,7422.021,2026-06-28 14:09:54.097,1,2.0,False,,False,True
7563.253,VER,3,70.633,56.0,3.0,,,17.202,31.722,21.709,7509.879,7541.601,7563.31,313.0,213.0,290.0,304.0,False,HARD,7.0,True,Red Bull Racing,7492.62,2026-06-28 14:11:04.696,1,2.0,False,,False,True
7633.736,VER,3,70.483,57.0,3.0,,,17.162,31.741,21.58,7580.472,7612.213,7633.793,314.0,214.0,290.0,304.0,True,HARD,8.0,True,Red Bull Racing,7563.253,2026-06-28 14:12:15.329,1,2.0,False,,False,True
7704.358,VER,3,70.622,58.0,3.0,,,17.18,31.792,21.65,7650.973,7682.765,7704.415,312.0,215.0,290.0,303.0,False,HARD,9.0,True,Red Bull Racing,7633.736,2026-06-28 14:13:25.812,1,2.0,False,,False,True
7774.866,VER,3,70.508,59.0,3.0,,,17.166,31.608,21.734,7721.581,7753.189,7774.923,313.0,214.0,291.0,305.0,False,HARD,10.0,True,Red Bull Racing,7704.358,2026-06-28 14:14:36.434,1,2.0,False,,False,True
7845.766,VER,3,70.9,60.0,3.0,,,17.278,31.905,21.717,7792.201,7824.106,7845.823,315.0,214.0,290.0,309.0,False,HARD,11.0,True,Red Bull Racing,7774.866,2026-06-28 14:15:46.942,1,2.0,False,,False,True
7916.594,VER,3,70.828,61.0,3.0,,,17.15,31.895,21.783,7862.973,7894.868,7916.651,318.0,213.0,291.0,310.0,False,HARD,12.0,True,Red Bull Racing,7845.766,2026-06-28 14:16:57.842,1,2.0,False,,False,True
7987.671,VER,3,71.077,62.0,3.0,,,17.155,32.024,21.898,7933.806,7965.83,7987.728,316.0,216.0,291.0,306.0,False,HARD,13.0,True,Red Bull Racing,7916.594,2026-06-28 14:18:08.670,1,2.0,False,,False,True
8058.607,VER,3,70.936,63.0,3.0,,,17.261,31.826,21.849,8004.989,8036.815,8058.664,317.0,213.0,290.0,305.0,False,HARD,14.0,True,Red Bull Racing,7987.671,2026-06-28 14:19:19.747,1,2.0,False,,False,True
8129.453,VER,3,70.846,64.0,3.0,,,17.317,31.822,21.707,8075.981,8107.803,8129.51,314.0,216.0,289.0,306.0,False,HARD,15.0,True,Red Bull Racing,8058.607,2026-06-28 14:20:30.683,1,2.0,False,,False,True
8200.491,VER,3,71.038,65.0,3.0,,,17.222,31.995,21.821,8146.732,8178.727,8200.548,315.0,216.0,291.0,307.0,False,HARD,16.0,True,Red Bull Racing,8129.453,2026-06-28 14:21:41.529,1,2.0,False,,False,True
8271.64,VER,3,71.149,66.0,3.0,,,17.254,31.972,21.923,8217.802,8249.774,8271.697,315.0,215.0,288.0,307.0,False,HARD,17.0,True,Red Bull Racing,8200.491,2026-06-28 14:22:52.567,1,2.0,False,,False,True
8343.107,VER,3,71.467,67.0,3.0,,,17.32,32.302,21.845,8289.017,8321.319,8343.164,313.0,216.0,290.0,304.0,False,HARD,18.0,True,Red Bull Racing,8271.64,2026-06-28 14:24:03.716,1,2.0,False,,False,True
8414.123,VER,3,71.016,68.0,3.0,,,17.251,31.993,21.772,8360.415,8392.408,8414.18,313.0,215.0,290.0,304.0,False,HARD,19.0,True,Red Bull Racing,8343.107,2026-06-28 14:25:15.183,1,2.0,False,,False,True
8485.157,VER,3,71.034,69.0,3.0,,,17.294,31.929,21.811,8431.474,8463.403,8485.214,315.0,215.0,290.0,307.0,False,HARD,20.0,True,Red Bull Racing,8414.123,2026-06-28 14:26:26.199,1,2.0,False,,False,True
8556.29,VER,3,71.133,70.0,3.0,,,17.225,32.04,21.868,8502.439,8534.479,8556.347,316.0,214.0,292.0,309.0,False,HARD,21.0,True,Red Bull Racing,8485.157,2026-06-28 14:27:37.233,1,2.0,False,,False,True
8627.536,VER,3,71.246,71.0,3.0,,,17.143,32.075,22.028,8573.49,8605.565,8627.593,324.0,214.0,292.0,321.0,False,HARD,22.0,True,Red Bull Racing,8556.29,2026-06-28 14:28:48.366,1,2.0,False,,False,True
3506.913,LAW,30,78.967,1.0,1.0,,,,33.884,23.049,,3483.944,3507.014,321.0,212.0,286.0,296.0,False,MEDIUM,1.0,True,Racing Bulls,3427.653,2026-06-28 13:03:19.729,1,8.0,False,,False,False
3580.459,LAW,30,73.546,2.0,1.0,,,17.503,33.281,22.762,3524.496,3557.777,3580.539,302.0,214.0,289.0,293.0,True,MEDIUM,2.0,True,Racing Bulls,3506.913,2026-06-28 13:04:38.989,1,8.0,False,,False,True
3654.069,LAW,30,73.61,3.0,1.0,,,17.397,33.401,22.812,3597.936,3631.337,3654.149,311.0,212.0,287.0,298.0,False,MEDIUM,3.0,True,Racing Bulls,3580.459,2026-06-28 13:05:52.535,1,8.0,False,,False,True
3728.437,LAW,30,74.368,4.0,1.0,,,17.383,34.049,22.936,3671.532,3705.581,3728.517,313.0,205.0,285.0,300.0,False,MEDIUM,4.0,True,Racing Bulls,3654.069,2026-06-28 13:07:06.145,1,9.0,False,,False,True
3801.661,LAW,30,73.224,5.0,1.0,,,17.524,32.992,22.708,3746.041,3779.033,3801.741,302.0,211.0,287.0,298.0,True,MEDIUM,5.0,True,Racing Bulls,3728.437,2026-06-28 13:08:20.513,1,9.0,False,,False,True
3874.769,LAW,30,73.108,6.0,1.0,,,17.547,32.892,22.669,3819.288,3852.18,3874.849,295.0,209.0,286.0,290.0,True,MEDIUM,6.0,True,Racing Bulls,3801.661,2026-06-28 13:09:33.737,1,9.0,False,,False,True
3948.034,LAW,30,73.265,7.0,1.0,,,17.571,32.948,22.746,3892.42,3925.368,3948.114,298.0,209.0,285.0,296.0,False,MEDIUM,7.0,True,Racing Bulls,3874.769,2026-06-28 13:10:46.845,1,9.0,False,,False,True
4021.278,LAW,30,73.244,8.0,1.0,,,17.615,32.942,22.687,3965.729,3998.671,4021.358,301.0,209.0,284.0,296.0,False,MEDIUM,8.0,True,Racing Bulls,3948.034,2026-06-28 13:12:00.110,1,9.0,False,,False,True
4094.706,LAW,30,73.428,9.0,1.0,,,17.584,33.102,22.742,4038.942,4072.044,4094.786,303.0,209.0,284.0,300.0,False,MEDIUM,9.0,True,Racing Bulls,4021.278,2026-06-28 13:13:13.354,1,9.0,False,,False,True
4168.282,LAW,30,73.576,10.0,1.0,,,17.619,33.122,22.835,4112.405,4145.527,4168.362,301.0,208.0,284.0,297.0,False,MEDIUM,10.0,True,Racing Bulls,4094.706,2026-06-28 13:14:26.782,1,9.0,False,,False,True
4241.996,LAW,30,73.714,11.0,1.0,,,17.653,33.138,22.923,4186.015,4219.153,4242.076,299.0,208.0,283.0,295.0,False,MEDIUM,11.0,True,Racing Bulls,4168.282,2026-06-28 13:15:40.358,1,9.0,False,,False,True
4315.62,LAW,30,73.624,12.0,1.0,,,17.708,33.044,22.872,4259.784,4292.828,4315.7,302.0,208.0,285.0,303.0,False,MEDIUM,12.0,True,Racing Bulls,4241.996,2026-06-28 13:16:54.072,1,9.0,False,,False,True
4389.443,LAW,30,73.823,13.0,1.0,,,17.757,33.047,23.019,4333.457,4366.504,4389.523,298.0,208.0,284.0,300.0,False,MEDIUM,13.0,True,Racing Bulls,4315.62,2026-06-28 13:18:07.696,1,8.0,False,,False,True
4463.267,LAW,30,73.824,14.0,1.0,,,17.708,33.1,23.016,4407.231,4440.331,4463.347,298.0,208.0,282.0,302.0,False,MEDIUM,14.0,True,Racing Bulls,4389.443,2026-06-28 13:19:21.519,1,7.0,False,,False,True
4537.255,LAW,30,73.988,15.0,1.0,,,17.858,33.179,22.951,4481.205,4514.384,4537.335,297.0,209.0,284.0,298.0,False,MEDIUM,15.0,True,Racing Bulls,4463.267,2026-06-28 13:20:35.343,1,7.0,False,,False,True
4611.112,LAW,30,73.857,16.0,1.0,,,17.728,33.14,22.989,4555.063,4588.203,4611.192,302.0,208.0,283.0,296.0,False,MEDIUM,16.0,True,Racing Bulls,4537.255,2026-06-28 13:21:49.331,1,7.0,False,,False,True
4685.204,LAW,30,74.092,17.0,1.0,,,17.755,33.271,23.066,4628.947,4662.218,4685.284,301.0,208.0,283.0,302.0,False,MEDIUM,17.0,True,Racing Bulls,4611.112,2026-06-28 13:23:03.188,1,7.0,False,,False,True
4760.302,LAW,30,75.098,18.0,1.0,,,17.865,34.113,23.12,4703.149,4737.262,4760.382,293.0,206.0,283.0,299.0,False,MEDIUM,18.0,True,Racing Bulls,4685.204,2026-06-28 13:24:17.280,1,8.0,False,,False,True
4838.769,LAW,30,78.467,19.0,1.0,,4834.797,17.838,33.437,27.192,4778.22,4811.657,4838.849,303.0,205.0,,305.0,False,MEDIUM,19.0,True,Racing Bulls,4760.302,2026-06-28 13:25:32.378,1,8.0,False,,False,False
4929.812,LAW,30,91.043,20.0,2.0,4856.835,,35.093,33.411,22.539,4873.942,4907.353,4929.892,300.0,212.0,287.0,310.0,False,HARD,1.0,True,Racing Bulls,4838.769,2026-06-28 13:26:50.845,1,10.0,False,,False,False
5003.491,LAW,30,73.679,21.0,2.0,,,17.452,33.591,22.636,4947.344,4980.935,5003.571,304.0,209.0,288.0,292.0,False,HARD,2.0,True,Racing Bulls,4929.812,2026-06-28 13:28:21.888,1,10.0,False,,False,True
5076.579,LAW,30,73.088,22.0,2.0,,,17.497,32.891,22.7,5021.068,5053.959,5076.659,303.0,212.0,289.0,305.0,True,HARD,3.0,True,Racing Bulls,5003.491,2026-06-28 13:29:35.567,1,10.0,False,,False,True
5149.216,LAW,30,72.637,23.0,2.0,,,17.415,32.645,22.577,5094.074,5126.719,5149.296,306.0,211.0,288.0,302.0,True,HARD,4.0,True,Racing Bulls,5076.579,2026-06-28 13:30:48.655,1,10.0,False,,False,True
5230.853,LAW,30,81.637,24.0,2.0,,,17.457,32.652,31.528,5166.753,5199.405,5230.933,308.0,211.0,176.0,303.0,False,HARD,5.0,True,Racing Bulls,5149.216,2026-06-28 13:32:01.292,126,10.0,False,,False,False
5328.925,LAW,30,98.072,25.0,2.0,,,23.932,41.13,33.01,5254.865,5295.995,5329.005,233.0,176.0,175.0,237.0,False,HARD,6.0,True,Racing Bulls,5230.853,2026-06-28 13:33:22.929,6,10.0,False,,False,False
5410.404,LAW,30,81.479,26.0,2.0,,,21.589,37.584,22.306,5350.594,5388.178,5410.484,253.0,216.0,291.0,206.0,False,HARD,7.0,True,Racing Bulls,5328.925,2026-06-28 13:35:01.001,671,10.0,False,,False,False
5483.13,LAW,30,72.726,27.0,2.0,,,17.343,32.836,22.547,5427.827,5460.663,5483.21,306.0,210.0,283.0,293.0,False,HARD,8.0,True,Racing Bulls,5410.404,2026-06-28 13:36:22.480,1,10.0,False,,False,True
5555.546,LAW,30,72.416,28.0,2.0,,,17.529,32.491,22.396,5500.739,5533.23,5555.626,305.0,211.0,286.0,301.0,True,HARD,9.0,True,Racing Bulls,5483.13,2026-06-28 13:37:35.206,1,10.0,False,,False,True
5627.76,LAW,30,72.214,29.0,2.0,,,17.412,32.414,22.388,5573.038,5605.452,5627.84,306.0,213.0,287.0,305.0,True,HARD,10.0,True,Racing Bulls,5555.546,2026-06-28 13:38:47.622,1,10.0,False,,False,True
5700.304,LAW,30,72.544,30.0,2.0,,,17.434,32.786,22.324,5645.274,5678.06,5700.384,307.0,211.0,288.0,307.0,False,HARD,11.0,True,Racing Bulls,5627.76,2026-06-28 13:39:59.836,1,10.0,False,,False,True
5772.881,LAW,30,72.577,31.0,2.0,,,17.4,32.798,22.379,5717.784,5750.582,5772.961,305.0,210.0,288.0,300.0,False,HARD,12.0,True,Racing Bulls,5700.304,2026-06-28 13:41:12.380,1,10.0,False,,False,True
5845.349,LAW,30,72.468,32.0,2.0,,,17.487,32.642,22.339,5790.448,5823.09,5845.429,305.0,213.0,288.0,305.0,False,HARD,13.0,True,Racing Bulls,5772.881,2026-06-28 13:42:24.957,1,10.0,False,,False,True
5918.02,LAW,30,72.671,33.0,2.0,,,17.415,32.8,22.456,5862.844,5895.644,5918.1,309.0,211.0,287.0,304.0,False,HARD,14.0,True,Racing Bulls,5845.349,2026-06-28 13:43:37.425,1,10.0,False,,False,True
5990.804,LAW,30,72.784,34.0,2.0,,,17.461,32.879,22.444,5935.561,5968.44,5990.884,310.0,211.0,289.0,303.0,False,HARD,15.0,True,Racing Bulls,5918.02,2026-06-28 13:44:50.096,1,10.0,False,,False,True
6063.839,LAW,30,73.035,35.0,2.0,,,17.518,32.956,22.561,6008.402,6041.358,6063.919,306.0,211.0,287.0,304.0,False,HARD,16.0,True,Racing Bulls,5990.804,2026-06-28 13:46:02.880,1,10.0,False,,False,True
6136.799,LAW,30,72.96,36.0,2.0,,,17.535,32.836,22.589,6081.454,6114.29,6136.879,306.0,210.0,287.0,302.0,False,HARD,17.0,True,Racing Bulls,6063.839,2026-06-28 13:47:15.915,1,10.0,False,,False,True
6210.01,LAW,30,73.211,37.0,2.0,,,17.589,32.943,22.679,6154.468,6187.411,6210.09,307.0,210.0,289.0,304.0,False,HARD,18.0,True,Racing Bulls,6136.799,2026-06-28 13:48:28.875,1,10.0,False,,False,True
6284.125,LAW,30,74.115,38.0,2.0,,,17.563,33.251,23.301,6227.653,6260.904,6284.205,310.0,209.0,289.0,305.0,False,HARD,19.0,True,Racing Bulls,6210.01,2026-06-28 13:49:42.086,1,10.0,False,,False,True
6358.592,LAW,30,74.467,39.0,2.0,,,18.085,33.862,22.52,6302.29,6336.152,6358.672,303.0,209.0,290.0,302.0,False,HARD,20.0,True,Racing Bulls,6284.125,2026-06-28 13:50:56.201,1,10.0,False,,False,True
6431.71,LAW,30,73.118,40.0,2.0,,,17.544,32.923,22.651,6376.216,6409.139,6431.79,304.0,211.0,288.0,299.0,False,HARD,21.0,True,Racing Bulls,6358.592,2026-06-28 13:52:10.668,1,10.0,False,,False,True
6504.778,LAW,30,73.068,41.0,2.0,,,17.559,32.926,22.583,6449.349,6482.275,6504.858,307.0,210.0,288.0,304.0,False,HARD,22.0,True,Racing Bulls,6431.71,2026-06-28 13:53:23.786,1,10.0,False,,False,True
6578.057,LAW,30,73.279,42.0,2.0,,,17.545,33.084,22.65,6522.403,6555.487,6578.137,309.0,209.0,289.0,304.0,False,HARD,23.0,True,Racing Bulls,6504.778,2026-06-28 13:54:36.854,1,10.0,False,,False,True
6651.692,LAW,30,73.635,43.0,2.0,,,17.561,33.246,22.828,6595.698,6628.944,6651.772,306.0,207.0,288.0,301.0,False,HARD,24.0,True,Racing Bulls,6578.057,2026-06-28 13:55:50.133,1,10.0,False,,False,True
6725.685,LAW,30,73.993,44.0,2.0,,,17.588,33.434,22.971,6669.36,6702.794,6725.765,304.0,207.0,286.0,303.0,False,HARD,25.0,True,Racing Bulls,6651.692,2026-06-28 13:57:03.768,1,10.0,False,,False,True
6803.766,LAW,30,78.081,45.0,2.0,,6799.988,17.647,33.38,27.054,6743.412,6776.792,6803.846,309.0,208.0,,306.0,False,HARD,26.0,True,Racing Bulls,6725.685,2026-06-28 13:58:17.761,1,10.0,False,,False,False
6893.259,LAW,30,89.493,46.0,3.0,6821.674,,34.251,33.076,22.166,6838.097,6871.173,6893.339,300.0,214.0,293.0,302.0,False,MEDIUM,1.0,True,Racing Bulls,6803.766,2026-06-28 13:59:35.842,1,10.0,False,,False,False
6965.358,LAW,30,72.099,47.0,3.0,,,17.166,32.644,22.289,6910.505,6943.149,6965.438,308.0,210.0,290.0,302.0,True,MEDIUM,2.0,True,Racing Bulls,6893.259,2026-06-28 14:01:05.335,1,9.0,False,,False,True
7037.507,LAW,30,72.149,48.0,3.0,,,17.352,32.427,22.37,6982.79,7015.217,7037.587,308.0,209.0,290.0,297.0,False,MEDIUM,3.0,True,Racing Bulls,6965.358,2026-06-28 14:02:17.434,1,9.0,False,,False,True
7109.64,LAW,30,72.133,49.0,3.0,,,17.33,32.637,22.166,7054.917,7087.554,7109.72,306.0,212.0,289.0,305.0,False,MEDIUM,4.0,True,Racing Bulls,7037.507,2026-06-28 14:03:29.583,1,9.0,False,,False,True
7181.586,LAW,30,71.946,50.0,3.0,,,17.37,32.403,22.173,7127.09,7159.493,7181.666,306.0,212.0,288.0,303.0,True,MEDIUM,5.0,True,Racing Bulls,7109.64,2026-06-28 14:04:41.716,1,9.0,False,,False,True
7254.123,LAW,30,72.537,51.0,3.0,,,17.399,32.574,22.564,7199.065,7231.639,7254.203,305.0,211.0,175.0,297.0,False,MEDIUM,6.0,True,Racing Bulls,7181.586,2026-06-28 14:05:53.662,16,9.0,False,,False,False
7338.186,LAW,30,84.063,52.0,3.0,,,26.331,35.841,21.891,7280.534,7316.375,7338.266,228.0,215.0,291.0,276.0,False,MEDIUM,7.0,True,Racing Bulls,7254.123,2026-06-28 14:07:06.199,671,9.0,False,,False,False
7409.96,LAW,30,71.774,53.0,3.0,,,17.328,32.397,22.049,7355.594,7387.991,7410.04,300.0,212.0,287.0,296.0,True,MEDIUM,8.0,True,Racing Bulls,7338.186,2026-06-28 14:08:30.262,1,9.0,False,,False,True
7481.71,LAW,30,71.75,54.0,3.0,,,17.462,32.252,22.036,7427.502,7459.754,7481.79,304.0,212.0,288.0,301.0,True,MEDIUM,9.0,True,Racing Bulls,7409.96,2026-06-28 14:09:42.036,1,9.0,False,,False,True
7553.257,LAW,30,71.547,55.0,3.0,,,17.366,32.076,22.105,7499.156,7531.232,7553.337,305.0,213.0,287.0,304.0,True,MEDIUM,10.0,True,Racing Bulls,7481.71,2026-06-28 14:10:53.786,1,9.0,False,,False,True
7625.066,LAW,30,71.809,56.0,3.0,,,17.445,32.38,21.984,7570.782,7603.162,7625.146,304.0,212.0,288.0,300.0,False,MEDIUM,11.0,True,Racing Bulls,7553.257,2026-06-28 14:12:05.333,1,9.0,False,,False,True
7698.764,LAW,30,73.698,57.0,3.0,,,17.497,33.837,22.364,7642.643,7676.48,7698.844,304.0,212.0,293.0,302.0,False,MEDIUM,12.0,True,Racing Bulls,7625.066,2026-06-28 14:13:17.142,1,9.0,False,,False,True
7770.708,LAW,30,71.944,58.0,3.0,,,17.344,32.458,22.142,7716.188,7748.646,7770.788,306.0,213.0,289.0,306.0,False,MEDIUM,13.0,True,Racing Bulls,7698.764,2026-06-28 14:14:30.840,1,9.0,False,,False,True
7842.518,LAW,30,71.81,59.0,3.0,,,17.39,32.367,22.053,7788.178,7820.545,7842.598,304.0,214.0,290.0,302.0,False,MEDIUM,14.0,True,Racing Bulls,7770.708,2026-06-28 14:15:42.784,1,9.0,False,,False,True
7914.393,LAW,30,71.875,60.0,3.0,,,17.33,32.398,22.147,7859.928,7892.326,7914.473,304.0,211.0,289.0,305.0,False,MEDIUM,15.0,True,Racing Bulls,7842.518,2026-06-28 14:16:54.594,1,9.0,False,,False,True
7986.511,LAW,30,72.118,61.0,3.0,,,17.453,32.431,22.234,7931.926,7964.357,7986.591,308.0,213.0,289.0,304.0,False,MEDIUM,16.0,True,Racing Bulls,7914.393,2026-06-28 14:18:06.469,1,9.0,False,,False,True
8060.67,LAW,30,74.159,62.0,3.0,,,17.876,33.926,22.357,8004.467,8038.393,8060.75,216.0,211.0,289.0,297.0,False,MEDIUM,17.0,True,Racing Bulls,7986.511,2026-06-28 14:19:18.587,1,9.0,False,,False,True
8134.703,LAW,30,74.033,63.0,3.0,,,17.515,34.188,22.33,8078.265,8112.453,8134.783,308.0,211.0,290.0,262.0,False,MEDIUM,18.0,True,Racing Bulls,8060.67,2026-06-28 14:20:32.746,1,9.0,False,,False,True
8206.749,LAW,30,72.046,64.0,3.0,,,17.368,32.482,22.196,8152.151,8184.633,8206.829,310.0,213.0,290.0,307.0,False,MEDIUM,19.0,True,Racing Bulls,8134.703,2026-06-28 14:21:46.779,1,9.0,False,,False,True
8279.023,LAW,30,72.274,65.0,3.0,,,17.466,32.64,22.168,8224.295,8256.935,8279.103,307.0,216.0,289.0,306.0,False,MEDIUM,20.0,True,Racing Bulls,8206.749,2026-06-28 14:22:58.825,1,9.0,False,,False,True
8351.724,LAW,30,72.701,66.0,3.0,,,17.472,32.824,22.405,8296.575,8329.399,8351.804,307.0,211.0,290.0,307.0,False,MEDIUM,21.0,True,Racing Bulls,8279.023,2026-06-28 14:24:11.099,1,9.0,False,,False,True
8424.343,LAW,30,72.619,67.0,3.0,,,17.422,32.893,22.304,8369.226,8402.119,8424.423,310.0,212.0,290.0,306.0,False,MEDIUM,22.0,True,Racing Bulls,8351.724,2026-06-28 14:25:23.800,1,9.0,False,,False,True
8496.695,LAW,30,72.352,68.0,3.0,,,17.467,32.664,22.221,8441.89,8474.554,8496.775,308.0,213.0,289.0,302.0,False,MEDIUM,23.0,True,Racing Bulls,8424.343,2026-06-28 14:26:36.419,1,9.0,False,,False,True
8568.973,LAW,30,72.278,69.0,3.0,,,17.479,32.583,22.216,8514.254,8546.837,8569.053,304.0,212.0,289.0,303.0,False,MEDIUM,24.0,True,Racing Bulls,8496.695,2026-06-28 14:27:48.771,1,9.0,False,,False,True
8641.259,LAW,30,72.286,70.0,3.0,,,17.404,32.603,22.279,8586.457,8619.06,8641.339,307.0,212.0,289.0,304.0,False,MEDIUM,25.0,True,Racing Bulls,8568.973,2026-06-28 14:29:01.049,1,9.0,False,,False,True
3508.487,OCO,31,80.541,1.0,1.0,,,,34.024,23.4,,3485.202,3508.563,306.0,202.0,285.0,304.0,False,MEDIUM,1.0,True,Haas F1 Team,3427.653,2026-06-28 13:03:19.729,1,12.0,False,,False,False
3582.336,OCO,31,73.849,2.0,1.0,,,17.722,33.194,22.933,3526.263,3559.457,3582.39,323.0,205.0,286.0,296.0,True,MEDIUM,2.0,True,Haas F1 Team,3508.487,2026-06-28 13:04:40.563,1,11.0,False,,False,True
3655.981,OCO,31,73.645,3.0,1.0,,,17.534,33.05,23.061,3599.924,3632.974,3656.035,318.0,206.0,285.0,296.0,True,MEDIUM,3.0,True,Haas F1 Team,3582.336,2026-06-28 13:05:54.412,1,11.0,False,,False,True
3730.084,OCO,31,74.103,4.0,1.0,,,17.556,33.389,23.158,3673.591,3706.98,3730.138,314.0,203.0,283.0,296.0,False,MEDIUM,4.0,True,Haas F1 Team,3655.981,2026-06-28 13:07:08.057,1,11.0,False,,False,True
3803.877,OCO,31,73.793,5.0,1.0,,,17.624,33.151,23.018,3747.762,3780.913,3803.931,311.0,206.0,283.0,297.0,False,MEDIUM,5.0,True,Haas F1 Team,3730.084,2026-06-28 13:08:22.160,1,11.0,False,,False,True
3878.002,OCO,31,74.125,6.0,1.0,,,17.719,33.1,23.306,3821.65,3854.75,3878.056,309.0,206.0,281.0,296.0,False,MEDIUM,6.0,True,Haas F1 Team,3803.877,2026-06-28 13:09:35.953,1,11.0,False,,False,True
3953.077,OCO,31,75.075,7.0,1.0,,,17.847,33.885,23.343,3895.903,3929.788,3953.131,309.0,204.0,280.0,291.0,False,MEDIUM,7.0,True,Haas F1 Team,3878.002,2026-06-28 13:10:50.078,1,12.0,False,,False,True
4027.623,OCO,31,74.546,8.0,1.0,,,17.91,33.307,23.329,3971.041,4004.348,4027.677,311.0,205.0,282.0,295.0,False,MEDIUM,8.0,True,Haas F1 Team,3953.077,2026-06-28 13:12:05.153,1,12.0,False,,False,True
4102.52,OCO,31,74.897,9.0,1.0,,,17.893,33.61,23.394,4045.57,4079.18,4102.574,305.0,204.0,279.0,294.0,False,MEDIUM,9.0,True,Haas F1 Team,4027.623,2026-06-28 13:13:19.699,1,12.0,False,,False,True
4177.675,OCO,31,75.155,10.0,1.0,,,18.008,33.573,23.574,4120.582,4154.155,4177.729,304.0,204.0,279.0,295.0,False,MEDIUM,10.0,True,Haas F1 Team,4102.52,2026-06-28 13:14:34.596,1,12.0,False,,False,True
4253.218,OCO,31,75.543,11.0,1.0,,,17.975,33.993,23.575,4195.704,4229.697,4253.272,304.0,204.0,275.0,308.0,False,MEDIUM,11.0,True,Haas F1 Team,4177.675,2026-06-28 13:15:49.751,1,12.0,False,,False,True
4328.145,OCO,31,74.927,12.0,1.0,,,18.08,33.47,23.377,4271.352,4304.822,4328.199,305.0,203.0,278.0,295.0,False,MEDIUM,12.0,True,Haas F1 Team,4253.218,2026-06-28 13:17:05.294,1,12.0,False,,False,True
4403.289,OCO,31,75.144,13.0,1.0,,,18.03,33.617,23.497,4346.229,4379.846,4403.343,306.0,202.0,279.0,296.0,False,MEDIUM,13.0,True,Haas F1 Team,4328.145,2026-06-28 13:18:20.221,1,12.0,False,,False,True
4478.783,OCO,31,75.494,14.0,1.0,,,18.014,33.838,23.642,4421.357,4455.195,4478.837,305.0,199.0,280.0,298.0,False,MEDIUM,14.0,True,Haas F1 Team,4403.289,2026-06-28 13:19:35.365,1,12.0,False,,False,True
4553.937,OCO,31,75.154,15.0,1.0,,,18.006,33.637,23.511,4496.843,4530.48,4553.991,303.0,202.0,276.0,296.0,False,MEDIUM,15.0,True,Haas F1 Team,4478.783,2026-06-28 13:20:50.859,1,12.0,False,,False,True
4629.628,OCO,31,75.691,16.0,1.0,,,18.036,33.775,23.88,4572.027,4605.802,4629.682,305.0,203.0,282.0,295.0,False,MEDIUM,16.0,True,Haas F1 Team,4553.937,2026-06-28 13:22:06.013,1,13.0,False,,False,True
4705.105,OCO,31,75.477,17.0,1.0,,,17.929,33.975,23.573,4647.611,4681.586,4705.159,314.0,201.0,282.0,299.0,False,MEDIUM,17.0,True,Haas F1 Team,4629.628,2026-06-28 13:23:21.704,1,13.0,False,,False,True
4784.829,OCO,31,79.724,18.0,1.0,,4780.837,17.928,33.84,27.956,4723.087,4756.927,4784.883,302.0,202.0,,293.0,False,MEDIUM,18.0,True,Haas F1 Team,4705.105,2026-06-28 13:24:37.181,1,13.0,False,,False,False
4876.63,OCO,31,91.801,19.0,2.0,4802.71,,35.186,33.309,23.306,4820.069,4853.378,4876.684,304.0,206.0,282.0,295.0,False,MEDIUM,1.0,True,Haas F1 Team,4784.829,2026-06-28 13:25:56.905,1,19.0,False,,False,False
4951.05,OCO,31,74.42,20.0,2.0,,,17.673,33.417,23.33,4894.357,4927.774,4951.104,312.0,202.0,278.0,296.0,False,MEDIUM,2.0,True,Haas F1 Team,4876.63,2026-06-28 13:27:28.706,1,18.0,False,,False,True
5025.245,OCO,31,74.195,21.0,2.0,,,17.873,33.206,23.116,4968.977,5002.183,5025.299,309.0,205.0,282.0,295.0,False,MEDIUM,3.0,True,Haas F1 Team,4951.05,2026-06-28 13:28:43.126,1,17.0,False,,False,True
5099.112,OCO,31,73.867,22.0,2.0,,,17.734,33.141,22.992,5043.033,5076.174,5099.166,319.0,206.0,283.0,291.0,False,MEDIUM,4.0,True,Haas F1 Team,5025.245,2026-06-28 13:29:57.321,1,16.0,False,,False,True
5172.811,OCO,31,73.699,23.0,2.0,,,17.744,32.906,23.049,5116.91,5149.816,5172.865,306.0,206.0,280.0,295.0,False,MEDIUM,5.0,True,Haas F1 Team,5099.112,2026-06-28 13:31:11.188,1,16.0,False,,False,True
5262.162,OCO,31,89.351,24.0,2.0,,,17.885,39.911,31.555,5190.75,5230.661,5262.216,307.0,171.0,190.0,162.0,False,MEDIUM,6.0,True,Haas F1 Team,5172.811,2026-06-28 13:32:24.887,126,15.0,False,,False,False
5358.471,OCO,31,96.309,25.0,2.0,,,22.48,42.804,31.025,5284.696,5327.5,5358.525,225.0,172.0,196.0,220.0,False,MEDIUM,7.0,True,Haas F1 Team,5262.162,2026-06-28 13:33:54.238,6,15.0,False,,False,False
5434.31,OCO,31,75.839,26.0,2.0,,,20.187,32.854,22.798,5378.712,5411.566,5434.364,305.0,206.0,285.0,304.0,False,MEDIUM,8.0,True,Haas F1 Team,5358.471,2026-06-28 13:35:30.547,671,15.0,False,,False,False
5507.618,OCO,31,73.308,27.0,2.0,,,17.618,32.83,22.86,5451.982,5484.812,5507.672,307.0,207.0,282.0,295.0,True,MEDIUM,9.0,True,Haas F1 Team,5434.31,2026-06-28 13:36:46.386,1,15.0,False,,False,True
5580.825,OCO,31,73.207,28.0,2.0,,,17.643,32.741,22.823,5525.315,5558.056,5580.879,310.0,205.0,282.0,296.0,True,MEDIUM,10.0,True,Haas F1 Team,5507.618,2026-06-28 13:37:59.694,1,15.0,False,,False,True
5653.942,OCO,31,73.117,29.0,2.0,,,17.674,32.703,22.74,5598.553,5631.256,5653.996,307.0,206.0,282.0,296.0,True,MEDIUM,11.0,True,Haas F1 Team,5580.825,2026-06-28 13:39:12.901,1,15.0,False,,False,True
5727.37,OCO,31,73.428,30.0,2.0,,,17.688,32.788,22.952,5671.684,5704.472,5727.424,309.0,206.0,282.0,294.0,False,MEDIUM,12.0,True,Haas F1 Team,5653.942,2026-06-28 13:40:26.018,1,15.0,False,,False,True
5800.571,OCO,31,73.201,31.0,2.0,,,17.648,32.754,22.799,5745.072,5777.826,5800.625,309.0,208.0,282.0,295.0,False,MEDIUM,13.0,True,Haas F1 Team,5727.37,2026-06-28 13:41:39.446,1,15.0,False,,False,True
5873.977,OCO,31,73.406,32.0,2.0,,,17.699,32.86,22.847,5818.324,5851.184,5874.031,307.0,207.0,283.0,292.0,False,MEDIUM,14.0,True,Haas F1 Team,5800.571,2026-06-28 13:42:52.647,1,15.0,False,,False,True
5952.923,OCO,31,78.946,33.0,2.0,,5949.06,17.723,33.005,28.218,5891.754,5924.759,5952.977,293.0,204.0,,292.0,False,MEDIUM,15.0,True,Haas F1 Team,5873.977,2026-06-28 13:44:06.053,1,16.0,False,,False,False
6046.995,OCO,31,94.072,34.0,3.0,5974.593,,38.583,32.75,22.739,5991.56,6024.31,6047.049,307.0,207.0,286.0,299.0,False,HARD,1.0,True,Haas F1 Team,5952.923,2026-06-28 13:45:24.999,1,17.0,False,,False,False
6120.056,OCO,31,73.061,35.0,3.0,,,17.554,32.732,22.775,6064.603,6097.335,6120.11,306.0,206.0,281.0,294.0,True,HARD,2.0,True,Haas F1 Team,6046.995,2026-06-28 13:46:59.071,1,17.0,False,,False,True
6193.226,OCO,31,73.17,36.0,3.0,,,17.705,32.672,22.793,6137.815,6170.487,6193.28,307.0,208.0,283.0,295.0,False,HARD,3.0,True,Haas F1 Team,6120.056,2026-06-28 13:48:12.132,1,17.0,False,,False,True
6266.205,OCO,31,72.979,37.0,3.0,,,17.614,32.743,22.622,6210.894,6243.637,6266.259,308.0,205.0,284.0,296.0,True,HARD,4.0,True,Haas F1 Team,6193.226,2026-06-28 13:49:25.302,1,17.0,False,,False,True
6339.48,OCO,31,73.275,38.0,3.0,,,17.65,32.766,22.859,6283.909,6316.675,6339.534,307.0,206.0,282.0,293.0,False,HARD,5.0,True,Haas F1 Team,6266.205,2026-06-28 13:50:38.281,1,16.0,False,,False,True
6412.574,OCO,31,73.094,39.0,3.0,,,17.652,32.664,22.778,6357.186,6389.85,6412.628,307.0,207.0,283.0,293.0,False,HARD,6.0,True,Haas F1 Team,6339.48,2026-06-28 13:51:51.556,1,16.0,False,,False,True
6485.723,OCO,31,73.149,40.0,3.0,,,17.634,32.735,22.78,6430.262,6462.997,6485.777,307.0,206.0,283.0,292.0,False,HARD,7.0,True,Haas F1 Team,6412.574,2026-06-28 13:53:04.650,1,16.0,False,,False,True
6559.288,OCO,31,73.565,41.0,3.0,,,17.752,32.914,22.899,6503.529,6536.443,6559.342,307.0,205.0,282.0,291.0,False,HARD,8.0,True,Haas F1 Team,6485.723,2026-06-28 13:54:17.799,1,16.0,False,,False,True
6634.07,OCO,31,74.782,42.0,3.0,,,17.772,33.947,23.063,6577.114,6611.061,6634.124,305.0,205.0,282.0,269.0,False,HARD,9.0,True,Haas F1 Team,6559.288,2026-06-28 13:55:31.364,1,16.0,False,,False,True
6709.932,OCO,31,75.862,43.0,3.0,,,18.16,34.063,23.639,6652.284,6686.347,6709.986,301.0,206.0,288.0,286.0,False,HARD,10.0,True,Haas F1 Team,6634.07,2026-06-28 13:56:46.146,1,16.0,False,,False,True
6783.344,OCO,31,73.412,44.0,3.0,,,17.635,33.001,22.776,6727.621,6760.622,6783.398,307.0,205.0,285.0,297.0,False,HARD,11.0,True,Haas F1 Team,6709.932,2026-06-28 13:58:02.008,1,16.0,False,,False,True
6857.006,OCO,31,73.662,45.0,3.0,,,17.618,33.121,22.923,6801.016,6834.137,6857.06,308.0,207.0,284.0,296.0,False,HARD,12.0,True,Haas F1 Team,6783.344,2026-06-28 13:59:15.420,1,16.0,False,,False,True
6930.408,OCO,31,73.402,46.0,3.0,,,17.605,32.936,22.861,6874.665,6907.601,6930.462,310.0,205.0,283.0,298.0,False,HARD,13.0,True,Haas F1 Team,6857.006,2026-06-28 14:00:29.082,1,16.0,False,,False,True
7005.335,OCO,31,74.927,47.0,3.0,,,17.659,34.364,22.904,6948.121,6982.485,7005.389,309.0,204.0,286.0,243.0,False,HARD,14.0,True,Haas F1 Team,6930.408,2026-06-28 14:01:42.484,1,15.0,False,,False,True
7078.574,OCO,31,73.239,48.0,3.0,,,17.561,32.816,22.862,7022.95,7055.766,7078.628,311.0,206.0,283.0,298.0,False,HARD,15.0,True,Haas F1 Team,7005.335,2026-06-28 14:02:57.411,1,15.0,False,,False,True
7151.884,OCO,31,73.31,49.0,3.0,,,17.669,32.929,22.712,7096.297,7129.226,7151.938,309.0,205.0,284.0,295.0,False,HARD,16.0,True,Haas F1 Team,7078.574,2026-06-28 14:04:10.650,1,15.0,False,,False,True
7225.347,OCO,31,73.463,50.0,3.0,,,17.719,33.025,22.719,7169.657,7202.682,7225.401,310.0,207.0,285.0,295.0,False,HARD,17.0,True,Haas F1 Team,7151.884,2026-06-28 14:05:23.960,1,15.0,False,,False,True
7310.132,OCO,31,84.785,51.0,3.0,,,17.672,41.643,25.47,7243.073,7284.716,7310.186,310.0,168.0,285.0,193.0,False,HARD,18.0,True,Haas F1 Team,7225.347,2026-06-28 14:06:37.423,167,15.0,False,,False,False
7383.319,OCO,31,73.187,52.0,3.0,,,17.627,32.852,22.708,7327.813,7360.665,7383.373,307.0,204.0,285.0,295.0,False,HARD,19.0,True,Haas F1 Team,7310.132,2026-06-28 14:08:02.208,1,15.0,False,,False,True
7456.536,OCO,31,73.217,53.0,3.0,,,17.673,32.752,22.792,7401.046,7433.798,7456.59,307.0,205.0,285.0,296.0,False,HARD,20.0,True,Haas F1 Team,7383.319,2026-06-28 14:09:15.395,1,15.0,False,,False,True
7530.402,OCO,31,73.866,54.0,3.0,,,17.581,33.374,22.911,7474.171,7507.545,7530.456,307.0,205.0,287.0,299.0,False,HARD,21.0,True,Haas F1 Team,7456.536,2026-06-28 14:10:28.612,1,16.0,False,,False,True
7603.748,OCO,31,73.346,55.0,3.0,,,17.658,32.979,22.709,7548.114,7581.093,7603.802,314.0,206.0,287.0,297.0,False,HARD,22.0,True,Haas F1 Team,7530.402,2026-06-28 14:11:42.478,1,16.0,False,,False,True
7677.354,OCO,31,73.606,56.0,3.0,,,17.682,33.016,22.908,7621.484,7654.5,7677.408,310.0,203.0,283.0,296.0,False,HARD,23.0,True,Haas F1 Team,7603.748,2026-06-28 14:12:55.824,1,16.0,False,,False,True
7750.944,OCO,31,73.59,57.0,3.0,,,17.754,32.981,22.855,7695.162,7728.143,7750.998,309.0,206.0,284.0,296.0,False,HARD,24.0,True,Haas F1 Team,7677.354,2026-06-28 14:14:09.430,1,16.0,False,,False,True
7824.768,OCO,31,73.824,58.0,3.0,,,17.729,33.102,22.993,7768.727,7801.829,7824.822,308.0,204.0,283.0,297.0,False,HARD,25.0,True,Haas F1 Team,7750.944,2026-06-28 14:15:23.020,1,16.0,False,,False,True
7898.697,OCO,31,73.929,59.0,3.0,,,17.778,33.235,22.916,7842.6,7875.835,7898.751,309.0,204.0,285.0,298.0,False,HARD,26.0,True,Haas F1 Team,7824.768,2026-06-28 14:16:36.844,1,16.0,False,,False,True
7972.441,OCO,31,73.744,60.0,3.0,,,17.722,33.134,22.888,7916.473,7949.607,7972.495,310.0,204.0,285.0,297.0,False,HARD,27.0,True,Haas F1 Team,7898.697,2026-06-28 14:17:50.773,1,16.0,False,,False,True
8046.453,OCO,31,74.012,61.0,3.0,,,17.785,33.204,23.023,7990.28,8023.484,8046.507,310.0,205.0,284.0,295.0,False,HARD,28.0,True,Haas F1 Team,7972.441,2026-06-28 14:19:04.517,1,16.0,False,,False,True
8120.385,OCO,31,73.932,62.0,3.0,,,17.763,33.324,22.845,8064.27,8097.594,8120.439,309.0,203.0,285.0,296.0,False,HARD,29.0,True,Haas F1 Team,8046.453,2026-06-28 14:20:18.529,1,16.0,False,,False,True
8194.775,OCO,31,74.39,63.0,3.0,,,17.822,33.449,23.119,8138.261,8171.71,8194.829,310.0,206.0,282.0,296.0,False,HARD,30.0,True,Haas F1 Team,8120.385,2026-06-28 14:21:32.461,1,16.0,False,,False,True
8272.65,OCO,31,77.875,64.0,3.0,,,17.847,34.579,25.449,8212.676,8247.255,8272.704,309.0,204.0,189.0,277.0,False,HARD,31.0,True,Haas F1 Team,8194.775,2026-06-28 14:22:46.851,1,16.0,True,TRACK LIMITS AT TURN 10 LAP 64 ,False,True
8348.7,OCO,31,76.05,65.0,3.0,,,19.351,33.726,22.973,8292.055,8325.781,8348.754,311.0,205.0,288.0,318.0,False,HARD,32.0,True,Haas F1 Team,8272.65,2026-06-28 14:24:04.726,1,16.0,True,TRACK LIMITS AT TURN 10 (NEXT LAP),False,True
8423.2,OCO,31,74.5,66.0,3.0,,,17.774,33.518,23.208,8366.528,8400.046,8423.254,309.0,204.0,284.0,297.0,False,HARD,33.0,True,Haas F1 Team,8348.7,2026-06-28 14:25:20.776,1,16.0,False,,False,True
8499.167,OCO,31,75.967,67.0,3.0,,,17.736,34.891,23.34,8440.99,8475.881,8499.221,310.0,204.0,241.0,291.0,False,HARD,34.0,True,Haas F1 Team,8423.2,2026-06-28 14:26:35.276,1,16.0,False,,False,True
8576.173,OCO,31,77.006,68.0,3.0,,,18.721,33.977,24.308,8517.942,8551.919,8576.227,315.0,202.0,286.0,300.0,False,HARD,35.0,True,Haas F1 Team,8499.167,2026-06-28 14:27:51.243,1,16.0,False,,False,True
8651.857,OCO,31,75.684,69.0,3.0,,,17.827,34.205,23.652,8594.054,8628.259,8651.911,321.0,201.0,283.0,305.0,False,HARD,36.0,True,Haas F1 Team,8576.173,2026-06-28 14:29:08.249,1,16.0,False,,False,True
3507.84,LIN,41,79.894,1.0,1.0,,,,34.016,23.411,,3484.543,3508.015,318.0,212.0,276.0,303.0,False,MEDIUM,1.0,True,Racing Bulls,3427.653,2026-06-28 13:03:19.729,1,10.0,False,,False,False
3581.537,LIN,41,73.697,2.0,1.0,,,17.716,33.304,22.677,3525.67,3558.974,3581.651,306.0,209.0,290.0,307.0,True,MEDIUM,2.0,True,Racing Bulls,3507.84,2026-06-28 13:04:39.916,1,10.0,False,,False,True
3655.02,LIN,41,73.483,3.0,1.0,,,17.319,33.265,22.899,3598.97,3632.235,3655.134,309.0,210.0,287.0,303.0,True,MEDIUM,3.0,True,Racing Bulls,3581.537,2026-06-28 13:05:53.613,1,10.0,False,,False,True
3728.933,LIN,41,73.913,4.0,1.0,,,17.508,33.477,22.928,3672.642,3706.119,3729.047,308.0,207.0,288.0,306.0,False,MEDIUM,4.0,True,Racing Bulls,3655.02,2026-06-28 13:07:07.096,1,10.0,False,,False,True
3802.453,LIN,41,73.52,5.0,1.0,,,17.495,33.159,22.866,3746.542,3779.701,3802.567,307.0,206.0,289.0,292.0,False,MEDIUM,5.0,True,Racing Bulls,3728.933,2026-06-28 13:08:21.009,1,10.0,False,,False,True
3875.63,LIN,41,73.177,6.0,1.0,,,17.445,32.967,22.765,3820.012,3852.979,3875.744,304.0,209.0,287.0,296.0,True,MEDIUM,6.0,True,Racing Bulls,3802.453,2026-06-28 13:09:34.529,1,10.0,False,,False,True
3949.244,LIN,41,73.614,7.0,1.0,,,17.596,33.131,22.887,3893.34,3926.471,3949.358,301.0,206.0,286.0,292.0,False,MEDIUM,7.0,True,Racing Bulls,3875.63,2026-06-28 13:10:47.706,1,10.0,False,,False,True
4023.295,LIN,41,74.051,8.0,1.0,,,17.821,33.336,22.894,3967.179,4000.515,4023.409,298.0,205.0,283.0,284.0,False,MEDIUM,8.0,True,Racing Bulls,3949.244,2026-06-28 13:12:01.320,1,10.0,False,,False,True
4096.859,LIN,41,73.564,9.0,1.0,,,17.701,33.086,22.777,4041.11,4074.196,4096.973,299.0,206.0,283.0,288.0,False,MEDIUM,9.0,True,Racing Bulls,4023.295,2026-06-28 13:13:15.371,1,10.0,False,,False,True
4170.545,LIN,41,73.686,10.0,1.0,,,17.685,33.142,22.859,4114.658,4147.8,4170.659,302.0,206.0,284.0,289.0,False,MEDIUM,10.0,True,Racing Bulls,4096.859,2026-06-28 13:14:28.935,1,10.0,False,,False,True
4244.544,LIN,41,73.999,11.0,1.0,,,17.757,33.141,23.101,4188.416,4221.557,4244.658,299.0,206.0,282.0,289.0,False,MEDIUM,11.0,True,Racing Bulls,4170.545,2026-06-28 13:15:42.621,1,10.0,False,,False,True
4318.242,LIN,41,73.698,12.0,1.0,,,17.703,33.096,22.899,4262.361,4295.457,4318.356,299.0,208.0,285.0,290.0,False,MEDIUM,12.0,True,Racing Bulls,4244.544,2026-06-28 13:16:56.620,1,10.0,False,,False,True
4392.081,LIN,41,73.839,13.0,1.0,,,17.7,33.131,23.008,4336.056,4369.187,4392.195,300.0,207.0,283.0,295.0,False,MEDIUM,13.0,True,Racing Bulls,4318.242,2026-06-28 13:18:10.318,1,9.0,False,,False,True
4466.056,LIN,41,73.975,14.0,1.0,,,17.765,33.161,23.049,4409.96,4443.121,4466.17,301.0,205.0,284.0,303.0,False,MEDIUM,14.0,True,Racing Bulls,4392.081,2026-06-28 13:19:24.157,1,8.0,False,,False,True
4540.45,LIN,41,74.394,15.0,1.0,,,17.777,33.574,23.043,4483.947,4517.521,4540.564,303.0,207.0,285.0,302.0,False,MEDIUM,15.0,True,Racing Bulls,4466.056,2026-06-28 13:20:38.132,1,8.0,False,,False,True
4615.37,LIN,41,74.92,16.0,1.0,,,17.771,34.117,23.032,4558.335,4592.452,4615.484,299.0,206.0,285.0,294.0,False,MEDIUM,16.0,True,Racing Bulls,4540.45,2026-06-28 13:21:52.526,1,9.0,False,,False,True
4689.386,LIN,41,74.016,17.0,1.0,,,17.765,33.283,22.968,4633.249,4666.532,4689.5,303.0,204.0,285.0,300.0,False,MEDIUM,17.0,True,Racing Bulls,4615.37,2026-06-28 13:23:07.446,1,9.0,False,,False,True
4767.177,LIN,41,77.791,18.0,1.0,,4763.285,17.721,33.299,26.771,4707.221,4740.52,4767.291,302.0,204.0,,293.0,False,MEDIUM,18.0,True,Racing Bulls,4689.386,2026-06-28 13:24:21.462,1,10.0,False,,False,False
4856.837,LIN,41,89.66,19.0,2.0,4784.604,,34.47,32.944,22.246,4801.761,4834.705,4856.951,296.0,211.0,291.0,299.0,False,HARD,1.0,True,Racing Bulls,4767.177,2026-06-28 13:25:39.253,1,12.0,False,,False,False
4930.349,LIN,41,73.512,20.0,2.0,,,17.146,33.838,22.528,4874.097,4907.935,4930.463,342.0,210.0,291.0,288.0,False,HARD,2.0,True,Racing Bulls,4856.837,2026-06-28 13:27:08.913,1,11.0,False,,False,True
5002.804,LIN,41,72.455,21.0,2.0,,,17.429,32.605,22.421,4947.892,4980.497,5002.918,300.0,209.0,283.0,324.0,True,HARD,3.0,True,Racing Bulls,4930.349,2026-06-28 13:28:22.425,1,9.0,False,,False,True
5075.524,LIN,41,72.72,22.0,2.0,,,17.687,32.614,22.419,5020.605,5053.219,5075.638,293.0,208.0,283.0,311.0,False,HARD,4.0,True,Racing Bulls,5002.804,2026-06-28 13:29:34.880,1,9.0,False,,False,True
5148.126,LIN,41,72.602,23.0,2.0,,,17.681,32.583,22.338,5093.319,5125.902,5148.24,292.0,209.0,280.0,283.0,False,HARD,5.0,True,Racing Bulls,5075.524,2026-06-28 13:30:47.600,1,9.0,False,,False,True
5229.182,LIN,41,81.056,24.0,2.0,,,17.629,32.593,30.834,5165.869,5198.462,5229.296,300.0,209.0,151.0,290.0,False,HARD,6.0,True,Racing Bulls,5148.126,2026-06-28 13:32:00.202,126,9.0,False,,False,False
5326.601,LIN,41,97.419,25.0,2.0,,,23.568,41.723,32.128,5252.864,5294.587,5326.715,244.0,165.0,171.0,214.0,False,HARD,7.0,True,Racing Bulls,5229.182,2026-06-28 13:33:21.258,6,9.0,False,,False,False
5409.008,LIN,41,82.407,26.0,2.0,,,22.797,37.362,22.248,5349.512,5386.874,5409.122,253.0,210.0,288.0,202.0,False,HARD,8.0,True,Racing Bulls,5326.601,2026-06-28 13:34:58.677,671,9.0,False,,False,False
5481.715,LIN,41,72.707,27.0,2.0,,,17.511,32.704,22.492,5426.633,5459.337,5481.829,293.0,208.0,280.0,283.0,False,HARD,9.0,True,Racing Bulls,5409.008,2026-06-28 13:36:21.084,1,9.0,False,,False,True
5554.082,LIN,41,72.367,28.0,2.0,,,17.663,32.483,22.221,5499.492,5531.975,5554.196,301.0,210.0,284.0,290.0,True,HARD,10.0,True,Racing Bulls,5481.715,2026-06-28 13:37:33.791,1,9.0,False,,False,True
5626.309,LIN,41,72.227,29.0,2.0,,,17.527,32.536,22.164,5571.723,5604.259,5626.423,303.0,209.0,285.0,296.0,True,HARD,11.0,True,Racing Bulls,5554.082,2026-06-28 13:38:46.158,1,9.0,False,,False,True
5699.055,LIN,41,72.746,30.0,2.0,,,17.467,33.036,22.243,5643.89,5676.926,5699.169,306.0,207.0,286.0,298.0,False,HARD,12.0,True,Racing Bulls,5626.309,2026-06-28 13:39:58.385,1,9.0,False,,False,True
5771.648,LIN,41,72.593,31.0,2.0,,,17.566,32.804,22.223,5716.735,5749.539,5771.762,303.0,210.0,286.0,293.0,False,HARD,13.0,True,Racing Bulls,5699.055,2026-06-28 13:41:11.131,1,9.0,False,,False,True
5844.173,LIN,41,72.525,32.0,2.0,,,17.509,32.727,22.289,5789.271,5821.998,5844.287,303.0,210.0,286.0,301.0,False,HARD,14.0,True,Racing Bulls,5771.648,2026-06-28 13:42:23.724,1,9.0,False,,False,True
5916.953,LIN,41,72.78,33.0,2.0,,,17.588,32.896,22.296,5861.875,5894.771,5917.067,302.0,209.0,286.0,299.0,False,HARD,15.0,True,Racing Bulls,5844.173,2026-06-28 13:43:36.249,1,9.0,False,,False,True
5989.763,LIN,41,72.81,34.0,2.0,,,17.527,32.986,22.297,5934.594,5967.58,5989.877,305.0,208.0,287.0,298.0,False,HARD,16.0,True,Racing Bulls,5916.953,2026-06-28 13:44:49.029,1,9.0,False,,False,True
6062.726,LIN,41,72.963,35.0,2.0,,,17.53,32.977,22.456,6007.407,6040.384,6062.84,307.0,211.0,285.0,300.0,False,HARD,17.0,True,Racing Bulls,5989.763,2026-06-28 13:46:01.839,1,9.0,False,,False,True
6135.587,LIN,41,72.861,36.0,2.0,,,17.558,32.86,22.443,6080.398,6113.258,6135.701,305.0,207.0,286.0,303.0,False,HARD,18.0,True,Racing Bulls,6062.726,2026-06-28 13:47:14.802,1,9.0,False,,False,True
6208.868,LIN,41,73.281,37.0,2.0,,,17.575,33.047,22.659,6153.276,6186.323,6208.982,305.0,207.0,287.0,302.0,False,HARD,19.0,True,Racing Bulls,6135.587,2026-06-28 13:48:27.663,1,9.0,False,,False,True
6283.272,LIN,41,74.404,38.0,2.0,,,17.621,33.603,23.18,6226.603,6260.206,6283.386,311.0,205.0,285.0,305.0,False,HARD,20.0,True,Racing Bulls,6208.868,2026-06-28 13:49:40.944,1,9.0,False,,False,True
6356.629,LIN,41,73.357,39.0,2.0,,,18.045,32.944,22.368,6301.431,6334.375,6356.743,301.0,209.0,288.0,304.0,False,HARD,21.0,True,Racing Bulls,6283.272,2026-06-28 13:50:55.348,1,9.0,False,,False,True
6429.826,LIN,41,73.197,40.0,2.0,,,17.547,33.002,22.648,6374.29,6407.292,6429.94,305.0,209.0,286.0,299.0,False,HARD,22.0,True,Racing Bulls,6356.629,2026-06-28 13:52:08.705,1,9.0,False,,False,True
6503.203,LIN,41,73.377,41.0,2.0,,,17.597,33.171,22.609,6447.537,6480.708,6503.317,305.0,208.0,286.0,299.0,False,HARD,23.0,True,Racing Bulls,6429.826,2026-06-28 13:53:21.902,1,9.0,False,,False,True
6576.804,LIN,41,73.601,42.0,2.0,,,17.609,33.389,22.603,6520.926,6554.315,6576.918,305.0,207.0,285.0,303.0,False,HARD,24.0,True,Racing Bulls,6503.203,2026-06-28 13:54:35.279,1,9.0,False,,False,True
6650.705,LIN,41,73.901,43.0,2.0,,,17.663,33.474,22.764,6594.581,6628.055,6650.819,309.0,206.0,285.0,301.0,False,HARD,25.0,True,Racing Bulls,6576.804,2026-06-28 13:55:48.880,1,9.0,False,,False,True
6724.705,LIN,41,74.0,44.0,2.0,,,17.709,33.473,22.818,6668.528,6702.001,6724.819,307.0,206.0,285.0,301.0,False,HARD,26.0,True,Racing Bulls,6650.705,2026-06-28 13:57:02.781,1,9.0,False,,False,True
6798.667,LIN,41,73.962,45.0,2.0,,,17.675,33.455,22.832,6742.494,6775.949,6798.781,304.0,207.0,286.0,300.0,False,HARD,27.0,True,Racing Bulls,6724.705,2026-06-28 13:58:16.781,1,9.0,False,,False,True
6876.297,LIN,41,77.63,46.0,2.0,,6872.575,17.72,33.483,26.427,6816.501,6849.984,6876.411,306.0,208.0,,299.0,False,HARD,28.0,True,Racing Bulls,6798.667,2026-06-28 13:59:30.743,1,9.0,False,,False,False
6966.583,LIN,41,90.286,47.0,3.0,6894.199,,34.296,33.646,22.344,6910.707,6944.353,6966.697,302.0,211.0,292.0,301.0,False,MEDIUM,1.0,True,Racing Bulls,6876.297,2026-06-28 14:00:48.373,1,10.0,False,,False,False
7038.725,LIN,41,72.142,48.0,3.0,,,17.34,32.565,22.237,6984.037,7016.602,7038.839,310.0,209.0,290.0,306.0,True,MEDIUM,2.0,True,Racing Bulls,6966.583,2026-06-28 14:02:18.659,1,10.0,False,,False,True
7110.719,LIN,41,71.994,49.0,3.0,,,17.297,32.412,22.285,7056.136,7088.548,7110.833,312.0,212.0,290.0,306.0,True,MEDIUM,3.0,True,Racing Bulls,7038.725,2026-06-28 14:03:30.801,1,10.0,False,,False,True
7182.726,LIN,41,72.007,50.0,3.0,,,17.273,32.635,22.099,7128.106,7160.741,7182.84,312.0,209.0,291.0,301.0,False,MEDIUM,4.0,True,Racing Bulls,7110.719,2026-06-28 14:04:42.795,1,10.0,False,,False,True
7257.424,LIN,41,74.698,51.0,3.0,,,17.287,33.021,24.39,7200.127,7233.148,7257.538,308.0,211.0,104.0,304.0,False,MEDIUM,5.0,True,Racing Bulls,7182.726,2026-06-28 14:05:54.802,16,10.0,False,,False,False
7339.855,LIN,41,82.431,52.0,3.0,,,24.479,36.038,21.914,7282.017,7318.055,7339.969,215.0,212.0,292.0,294.0,False,MEDIUM,6.0,True,Racing Bulls,7257.424,2026-06-28 14:07:09.500,671,10.0,False,,False,False
7411.736,LIN,41,71.881,53.0,3.0,,,17.408,32.428,22.045,7357.377,7389.805,7411.85,299.0,210.0,289.0,298.0,True,MEDIUM,7.0,True,Racing Bulls,7339.855,2026-06-28 14:08:31.931,1,10.0,False,,False,True
7483.397,LIN,41,71.661,54.0,3.0,,,17.32,32.295,22.046,7429.17,7461.465,7483.511,307.0,211.0,289.0,306.0,True,MEDIUM,8.0,True,Racing Bulls,7411.736,2026-06-28 14:09:43.812,1,10.0,False,,False,True
7557.011,LIN,41,73.614,55.0,3.0,,,19.012,32.597,22.005,7502.523,7535.12,7557.125,307.0,210.0,290.0,308.0,False,MEDIUM,9.0,True,Racing Bulls,7483.397,2026-06-28 14:10:55.473,1,10.0,False,,False,True
7628.598,LIN,41,71.587,56.0,3.0,,,17.274,32.344,21.969,7574.399,7606.743,7628.712,310.0,211.0,291.0,306.0,True,MEDIUM,10.0,True,Racing Bulls,7557.011,2026-06-28 14:12:09.087,1,10.0,False,,False,True
7700.517,LIN,41,71.919,57.0,3.0,,,17.332,32.581,22.006,7646.044,7678.625,7700.631,306.0,211.0,292.0,305.0,False,MEDIUM,11.0,True,Racing Bulls,7628.598,2026-06-28 14:13:20.674,1,10.0,False,,False,True
7772.277,LIN,41,71.76,58.0,3.0,,,17.267,32.362,22.131,7717.898,7750.26,7772.391,308.0,213.0,290.0,307.0,False,MEDIUM,12.0,True,Racing Bulls,7700.517,2026-06-28 14:14:32.593,1,10.0,False,,False,True
7844.195,LIN,41,71.918,59.0,3.0,,,17.301,32.524,22.093,7789.692,7822.216,7844.309,309.0,212.0,291.0,308.0,False,MEDIUM,13.0,True,Racing Bulls,7772.277,2026-06-28 14:15:44.353,1,10.0,False,,False,True
7917.697,LIN,41,73.502,60.0,3.0,,,17.283,32.516,23.703,7861.592,7894.108,7917.811,309.0,213.0,286.0,307.0,False,MEDIUM,14.0,True,Racing Bulls,7844.195,2026-06-28 14:16:56.271,1,10.0,False,,False,True
7989.762,LIN,41,72.065,61.0,3.0,,,17.452,32.559,22.054,7935.263,7967.822,7989.876,305.0,212.0,292.0,309.0,False,MEDIUM,15.0,True,Racing Bulls,7917.697,2026-06-28 14:18:09.773,1,10.0,False,,False,True
8063.807,LIN,41,74.045,62.0,3.0,,,17.335,34.33,22.38,8007.211,8041.541,8063.921,307.0,210.0,289.0,259.0,False,MEDIUM,16.0,True,Racing Bulls,7989.762,2026-06-28 14:19:21.838,1,10.0,False,,False,True
8136.154,LIN,41,72.347,63.0,3.0,,,17.456,32.722,22.169,8081.377,8114.099,8136.268,308.0,211.0,290.0,307.0,False,MEDIUM,17.0,True,Racing Bulls,8063.807,2026-06-28 14:20:35.883,1,10.0,False,,False,True
8208.369,LIN,41,72.215,64.0,3.0,,,17.319,32.767,22.129,8153.587,8186.354,8208.483,314.0,211.0,292.0,311.0,False,MEDIUM,18.0,True,Racing Bulls,8136.154,2026-06-28 14:21:48.230,1,10.0,False,,False,True
8280.978,LIN,41,72.609,65.0,3.0,,,17.435,32.804,22.37,8225.918,8258.722,8281.092,308.0,211.0,286.0,309.0,False,MEDIUM,19.0,True,Racing Bulls,8208.369,2026-06-28 14:23:00.445,1,10.0,False,,False,True
8353.839,LIN,41,72.861,66.0,3.0,,,17.582,32.952,22.327,8298.674,8331.626,8353.953,308.0,210.0,292.0,308.0,False,MEDIUM,20.0,True,Racing Bulls,8280.978,2026-06-28 14:24:13.054,1,10.0,False,,False,True
8426.708,LIN,41,72.869,67.0,3.0,,,17.343,32.801,22.725,8371.296,8404.097,8426.822,310.0,210.0,291.0,306.0,False,MEDIUM,21.0,True,Racing Bulls,8353.839,2026-06-28 14:25:25.915,1,10.0,False,,False,True
8499.512,LIN,41,72.804,68.0,3.0,,,17.448,32.871,22.485,8444.27,8477.141,8499.626,309.0,211.0,290.0,308.0,False,MEDIUM,22.0,True,Racing Bulls,8426.708,2026-06-28 14:26:38.784,1,10.0,False,,False,True
8572.293,LIN,41,72.781,69.0,3.0,,,17.542,32.853,22.386,8517.168,8550.021,8572.407,305.0,211.0,290.0,306.0,False,MEDIUM,23.0,True,Racing Bulls,8499.512,2026-06-28 14:27:51.588,1,10.0,False,,False,True
8644.955,LIN,41,72.662,70.0,3.0,,,17.365,32.937,22.36,8589.772,8622.709,8645.069,306.0,209.0,288.0,304.0,False,MEDIUM,24.0,True,Racing Bulls,8572.293,2026-06-28 14:29:04.369,1,10.0,False,,False,True
3511.596,COL,43,83.65,1.0,1.0,,,,35.048,23.775,,3487.922,3511.651,278.0,198.0,286.0,284.0,False,MEDIUM,1.0,True,Alpine,3427.653,2026-06-28 13:03:19.729,1,20.0,False,,False,False
3586.35,COL,43,74.754,2.0,1.0,,,17.959,33.514,23.281,3529.61,3563.124,3586.405,303.0,201.0,287.0,303.0,True,MEDIUM,2.0,True,Alpine,3511.596,2026-06-28 13:04:43.672,1,19.0,False,,False,True
3660.773,COL,43,74.423,3.0,1.0,,,17.694,33.526,23.203,3604.099,3637.625,3660.828,306.0,200.0,288.0,305.0,True,MEDIUM,3.0,True,Alpine,3586.35,2026-06-28 13:05:58.426,1,19.0,False,,False,True
3734.625,COL,43,73.852,4.0,1.0,,,17.485,33.258,23.109,3678.313,3711.571,3734.68,315.0,200.0,285.0,307.0,True,MEDIUM,4.0,True,Alpine,3660.773,2026-06-28 13:07:12.849,1,18.0,False,,False,True
3809.725,COL,43,75.1,5.0,1.0,,,17.808,33.939,23.353,3752.488,3786.427,3809.78,313.0,201.0,255.0,298.0,False,MEDIUM,5.0,True,Alpine,3734.625,2026-06-28 13:08:26.701,1,18.0,False,,False,True
3883.908,COL,43,74.183,6.0,1.0,,,18.167,33.14,22.876,3827.947,3861.087,3883.963,307.0,202.0,284.0,300.0,False,MEDIUM,6.0,True,Alpine,3809.725,2026-06-28 13:09:41.801,1,18.0,False,,False,True
3958.019,COL,43,74.111,7.0,1.0,,,17.758,33.316,23.037,3901.721,3935.037,3958.074,305.0,201.0,288.0,301.0,False,MEDIUM,7.0,True,Alpine,3883.908,2026-06-28 13:10:55.984,1,18.0,False,,False,True
4032.67,COL,43,74.651,8.0,1.0,,,17.682,33.518,23.451,3975.756,4009.274,4032.725,313.0,199.0,283.0,302.0,False,MEDIUM,8.0,True,Alpine,3958.019,2026-06-28 13:12:10.095,1,18.0,False,,False,True
4107.932,COL,43,75.262,9.0,1.0,,,17.852,33.68,23.73,4050.577,4084.257,4107.987,310.0,200.0,283.0,311.0,False,MEDIUM,9.0,True,Alpine,4032.67,2026-06-28 13:13:24.746,1,18.0,False,,False,True
4183.246,COL,43,75.314,10.0,1.0,,,17.881,33.711,23.722,4125.868,4159.579,4183.301,309.0,198.0,283.0,316.0,False,MEDIUM,10.0,True,Alpine,4107.932,2026-06-28 13:14:40.008,1,18.0,False,,False,True
4258.975,COL,43,75.729,11.0,1.0,,,17.892,33.869,23.968,4201.193,4235.062,4259.03,315.0,199.0,281.0,313.0,False,MEDIUM,11.0,True,Alpine,4183.246,2026-06-28 13:15:55.322,1,18.0,False,,False,True
4334.463,COL,43,75.488,12.0,1.0,,,17.906,33.741,23.841,4276.936,4310.677,4334.518,313.0,200.0,285.0,314.0,False,MEDIUM,12.0,True,Alpine,4258.975,2026-06-28 13:17:11.051,1,18.0,False,,False,True
4409.85,COL,43,75.387,13.0,1.0,,,17.951,33.941,23.495,4352.469,4386.41,4409.905,306.0,198.0,286.0,309.0,False,MEDIUM,13.0,True,Alpine,4334.463,2026-06-28 13:18:26.539,1,18.0,False,,False,True
4486.185,COL,43,76.335,14.0,1.0,,,17.789,33.731,24.815,4427.694,4461.425,4486.24,316.0,197.0,274.0,317.0,False,MEDIUM,14.0,True,Alpine,4409.85,2026-06-28 13:19:41.926,1,17.0,False,,False,True
4561.425,COL,43,75.24,15.0,1.0,,,18.229,33.616,23.395,4504.469,4538.085,4561.48,308.0,201.0,280.0,309.0,False,MEDIUM,15.0,True,Alpine,4486.185,2026-06-28 13:20:58.261,1,16.0,False,,False,True
4636.035,COL,43,74.61,16.0,1.0,,,18.069,33.419,23.122,4579.549,4612.968,4636.09,306.0,199.0,278.0,304.0,False,MEDIUM,16.0,True,Alpine,4561.425,2026-06-28 13:22:13.501,1,16.0,False,,False,True
4710.452,COL,43,74.417,17.0,1.0,,,18.068,33.289,23.06,4654.158,4687.447,4710.507,308.0,197.0,283.0,301.0,False,MEDIUM,17.0,True,Alpine,4636.035,2026-06-28 13:23:28.111,1,16.0,False,,False,True
4784.922,COL,43,74.47,18.0,1.0,,,17.862,33.413,23.195,4728.369,4761.782,4784.977,309.0,201.0,283.0,304.0,False,MEDIUM,18.0,True,Alpine,4710.452,2026-06-28 13:24:42.528,1,14.0,False,,False,True
4859.697,COL,43,74.775,19.0,1.0,,,17.964,33.627,23.184,4802.941,4836.568,4859.752,310.0,199.0,281.0,305.0,False,MEDIUM,19.0,True,Alpine,4784.922,2026-06-28 13:25:56.998,1,13.0,False,,False,True
4938.874,COL,43,79.177,20.0,1.0,,4934.96,17.755,33.994,27.428,4877.507,4911.501,4938.929,325.0,198.0,,305.0,False,MEDIUM,20.0,True,Alpine,4859.697,2026-06-28 13:27:11.773,1,15.0,False,,False,False
5030.997,COL,43,92.123,21.0,2.0,4956.642,,35.49,33.588,23.045,4974.419,5008.007,5031.052,286.0,203.0,278.0,294.0,False,HARD,1.0,True,Alpine,4938.874,2026-06-28 13:28:30.950,1,20.0,False,,False,False
5104.298,COL,43,73.301,22.0,2.0,,,17.748,32.59,22.963,5048.8,5081.39,5104.353,309.0,200.0,281.0,307.0,True,HARD,2.0,True,Alpine,5030.997,2026-06-28 13:30:03.073,1,19.0,False,,False,True
5177.742,COL,43,73.444,23.0,2.0,,,17.689,32.798,22.957,5122.042,5154.84,5177.797,307.0,199.0,282.0,306.0,False,HARD,3.0,True,Alpine,5104.298,2026-06-28 13:31:16.374,12,18.0,False,,False,True
5270.733,COL,43,92.991,24.0,2.0,,,17.829,43.37,31.792,5195.626,5238.996,5270.788,308.0,185.0,117.0,127.0,False,HARD,4.0,True,Alpine,5177.742,2026-06-28 13:32:29.818,26,17.0,False,,False,False
5364.263,COL,43,93.53,25.0,2.0,,,22.742,40.731,30.057,5293.53,5334.261,5364.318,259.0,147.0,220.0,254.0,False,HARD,5.0,True,Alpine,5270.733,2026-06-28 13:34:02.809,67,17.0,False,,False,False
5439.19,COL,43,74.927,26.0,2.0,,,19.069,33.043,22.815,5383.387,5416.43,5439.245,311.0,203.0,285.0,301.0,False,HARD,6.0,True,Alpine,5364.263,2026-06-28 13:35:36.339,71,17.0,False,,False,False
5512.153,COL,43,72.963,27.0,2.0,,,17.661,32.727,22.575,5456.906,5489.633,5512.208,310.0,203.0,283.0,304.0,True,HARD,7.0,True,Alpine,5439.19,2026-06-28 13:36:51.266,1,17.0,False,,False,True
5584.826,COL,43,72.673,28.0,2.0,,,17.628,32.513,22.532,5529.836,5562.349,5584.881,312.0,203.0,285.0,306.0,True,HARD,8.0,True,Alpine,5512.153,2026-06-28 13:38:04.229,1,17.0,False,,False,True
5657.93,COL,43,73.104,29.0,2.0,,,17.673,32.821,22.61,5602.554,5635.375,5657.985,308.0,202.0,289.0,305.0,False,HARD,9.0,True,Alpine,5584.826,2026-06-28 13:39:16.902,1,17.0,False,,False,True
5730.508,COL,43,72.578,30.0,2.0,,,17.422,32.622,22.534,5675.407,5708.029,5730.563,313.0,204.0,282.0,322.0,True,HARD,10.0,True,Alpine,5657.93,2026-06-28 13:40:30.006,1,16.0,False,,False,True
5804.98,COL,43,74.472,31.0,2.0,,,17.79,32.879,23.803,5748.353,5781.232,5805.035,307.0,202.0,287.0,299.0,False,HARD,11.0,True,Alpine,5730.508,2026-06-28 13:41:42.584,1,16.0,False,,False,True
5878.146,COL,43,73.166,32.0,2.0,,,17.636,32.91,22.62,5822.671,5855.581,5878.201,316.0,203.0,286.0,307.0,False,HARD,12.0,True,Alpine,5804.98,2026-06-28 13:42:57.056,1,16.0,False,,False,True
5952.646,COL,43,74.5,33.0,2.0,,,17.668,34.095,22.737,5895.869,5929.964,5952.701,308.0,201.0,287.0,294.0,False,HARD,13.0,True,Alpine,5878.146,2026-06-28 13:44:10.222,1,15.0,False,,False,True
6025.754,COL,43,73.108,34.0,2.0,,,17.618,32.788,22.702,5970.319,6003.107,6025.809,311.0,202.0,285.0,305.0,False,HARD,14.0,True,Alpine,5952.646,2026-06-28 13:45:24.722,1,15.0,False,,False,True
6099.019,COL,43,73.265,35.0,2.0,,,17.737,32.763,22.765,6043.546,6076.309,6099.074,309.0,201.0,284.0,302.0,False,HARD,15.0,True,Alpine,6025.754,2026-06-28 13:46:37.830,1,15.0,False,,False,True
6172.593,COL,43,73.574,36.0,2.0,,,17.755,32.989,22.83,6116.829,6149.818,6172.648,309.0,201.0,285.0,303.0,False,HARD,16.0,True,Alpine,6099.019,2026-06-28 13:47:51.095,1,15.0,False,,False,True
6247.622,COL,43,75.029,37.0,2.0,,,17.697,34.426,22.906,6190.345,6224.771,6247.677,307.0,201.0,287.0,275.0,False,HARD,17.0,True,Alpine,6172.593,2026-06-28 13:49:04.669,1,15.0,False,,False,True
6321.264,COL,43,73.642,38.0,2.0,,,17.691,33.075,22.876,6265.368,6298.443,6321.319,310.0,200.0,284.0,305.0,False,HARD,18.0,True,Alpine,6247.622,2026-06-28 13:50:19.698,1,15.0,False,,False,True
6395.312,COL,43,74.048,39.0,2.0,,,17.936,33.267,22.845,6339.255,6372.522,6395.367,311.0,200.0,285.0,307.0,False,HARD,19.0,True,Alpine,6321.264,2026-06-28 13:51:33.340,1,15.0,False,,False,True
6468.923,COL,43,73.611,40.0,2.0,,,17.82,33.08,22.711,6413.187,6446.267,6468.978,313.0,202.0,285.0,304.0,False,HARD,20.0,True,Alpine,6395.312,2026-06-28 13:52:47.388,1,15.0,False,,False,True
6545.262,COL,43,76.339,41.0,2.0,,,17.676,35.494,23.169,6486.654,6522.148,6545.317,312.0,197.0,286.0,292.0,False,HARD,21.0,True,Alpine,6468.923,2026-06-28 13:54:00.999,1,15.0,False,,False,True
6618.861,COL,43,73.599,42.0,2.0,,,17.732,33.086,22.781,6563.049,6596.135,6618.916,307.0,201.0,285.0,300.0,False,HARD,22.0,True,Alpine,6545.262,2026-06-28 13:55:17.338,1,15.0,False,,False,True
6693.969,COL,43,75.108,43.0,2.0,,,17.671,33.334,24.103,6636.587,6669.921,6694.024,311.0,201.0,283.0,306.0,False,HARD,23.0,True,Alpine,6618.861,2026-06-28 13:56:30.937,1,15.0,False,,False,True
6767.665,COL,43,73.696,44.0,2.0,,,17.571,33.219,22.906,6711.595,6744.814,6767.72,328.0,201.0,286.0,304.0,False,HARD,24.0,True,Alpine,6693.969,2026-06-28 13:57:46.045,1,15.0,False,,False,True
6841.776,COL,43,74.111,45.0,2.0,,,17.664,33.513,22.934,6785.384,6818.897,6841.831,311.0,200.0,284.0,302.0,False,HARD,25.0,True,Alpine,6767.665,2026-06-28 13:58:59.741,1,15.0,False,,False,True
6919.654,COL,43,77.878,46.0,2.0,,6916.062,17.785,33.073,27.02,6859.616,6892.689,6919.709,310.0,201.0,,304.0,False,HARD,26.0,True,Alpine,6841.776,2026-06-28 14:00:13.852,1,14.0,False,,False,False
7010.432,COL,43,90.778,47.0,3.0,6937.356,,35.178,33.074,22.526,6954.887,6987.961,7010.487,299.0,202.0,287.0,298.0,False,MEDIUM,1.0,True,Alpine,6919.654,2026-06-28 14:01:31.730,1,17.0,False,,False,False
7082.758,COL,43,72.326,48.0,3.0,,,17.471,32.308,22.547,7027.958,7060.266,7082.813,313.0,204.0,285.0,308.0,True,MEDIUM,2.0,True,Alpine,7010.432,2026-06-28 14:03:02.508,1,17.0,False,,False,True
7154.553,COL,43,71.795,49.0,3.0,,,17.324,32.3,22.171,7100.137,7132.437,7154.608,323.0,207.0,287.0,304.0,True,MEDIUM,3.0,True,Alpine,7082.758,2026-06-28 14:04:14.834,1,16.0,False,,False,True
7227.047,COL,43,72.494,50.0,3.0,,,17.546,32.565,22.383,7172.154,7204.719,7227.102,307.0,205.0,288.0,299.0,False,MEDIUM,4.0,True,Alpine,7154.553,2026-06-28 14:05:26.629,1,16.0,False,,False,True
7311.259,COL,43,84.212,51.0,3.0,,,17.556,42.069,24.587,7244.658,7286.727,7311.314,308.0,179.0,292.0,162.0,False,MEDIUM,5.0,True,Alpine,7227.047,2026-06-28 14:06:39.123,167,16.0,False,,False,False
7383.755,COL,43,72.496,52.0,3.0,,,17.473,32.599,22.424,7328.787,7361.386,7383.81,308.0,203.0,291.0,309.0,False,MEDIUM,6.0,True,Alpine,7311.259,2026-06-28 14:08:03.335,1,16.0,False,,False,True
7456.919,COL,43,73.164,53.0,3.0,,,17.475,33.055,22.634,7401.285,7434.34,7456.974,318.0,206.0,291.0,295.0,False,MEDIUM,7.0,True,Alpine,7383.755,2026-06-28 14:09:15.831,1,16.0,False,,False,True
7529.304,COL,43,72.385,54.0,3.0,,,17.293,32.8,22.292,7474.267,7507.067,7529.359,325.0,205.0,284.0,290.0,False,MEDIUM,8.0,True,Alpine,7456.919,2026-06-28 14:10:28.995,1,15.0,False,,False,True
7601.665,COL,43,72.361,55.0,3.0,,,17.692,32.437,22.232,7547.051,7579.488,7601.72,304.0,205.0,288.0,298.0,False,MEDIUM,9.0,True,Alpine,7529.304,2026-06-28 14:11:41.380,1,15.0,False,,False,True
7673.646,COL,43,71.981,56.0,3.0,,,17.514,32.37,22.097,7619.234,7651.604,7673.701,303.0,203.0,288.0,299.0,False,MEDIUM,10.0,True,Alpine,7601.665,2026-06-28 14:12:53.741,1,15.0,False,,False,True
7745.933,COL,43,72.287,57.0,3.0,,,17.536,32.504,22.247,7691.237,7723.741,7745.988,306.0,203.0,289.0,300.0,False,MEDIUM,11.0,True,Alpine,7673.646,2026-06-28 14:14:05.722,1,15.0,False,,False,True
7818.082,COL,43,72.149,58.0,3.0,,,17.461,32.49,22.198,7763.449,7795.939,7818.137,307.0,206.0,290.0,303.0,False,MEDIUM,12.0,True,Alpine,7745.933,2026-06-28 14:15:18.009,1,15.0,False,,False,True
7890.355,COL,43,72.273,59.0,3.0,,,17.575,32.408,22.29,7835.712,7868.12,7890.41,310.0,207.0,288.0,305.0,False,MEDIUM,13.0,True,Alpine,7818.082,2026-06-28 14:16:30.158,1,15.0,False,,False,True
7963.927,COL,43,73.572,60.0,3.0,,,17.509,32.583,23.48,7907.919,7940.502,7963.982,310.0,203.0,292.0,306.0,False,MEDIUM,14.0,True,Alpine,7890.355,2026-06-28 14:17:42.431,1,15.0,False,,False,True
8036.749,COL,43,72.822,61.0,3.0,,,17.366,33.052,22.404,7981.348,8014.4,8036.804,317.0,205.0,292.0,306.0,False,MEDIUM,15.0,True,Alpine,7963.927,2026-06-28 14:18:56.003,1,15.0,False,,False,True
8109.483,COL,43,72.734,62.0,3.0,,,17.369,32.942,22.423,8054.173,8087.115,8109.538,331.0,206.0,287.0,295.0,False,MEDIUM,16.0,True,Alpine,8036.749,2026-06-28 14:20:08.825,1,15.0,False,,False,True
8182.209,COL,43,72.726,63.0,3.0,,,17.622,32.601,22.503,8127.16,8159.761,8182.264,311.0,205.0,285.0,302.0,False,MEDIUM,17.0,True,Alpine,8109.483,2026-06-28 14:21:21.559,1,15.0,False,,False,True
8254.753,COL,43,72.544,64.0,3.0,,,17.57,32.547,22.427,8199.834,8232.381,8254.808,307.0,205.0,288.0,304.0,False,MEDIUM,18.0,True,Alpine,8182.209,2026-06-28 14:22:34.285,1,15.0,False,,False,True
8327.289,COL,43,72.536,65.0,3.0,,,17.613,32.618,22.305,8272.421,8305.039,8327.344,309.0,206.0,288.0,303.0,False,MEDIUM,19.0,True,Alpine,8254.753,2026-06-28 14:23:46.829,1,15.0,False,,False,True
8400.007,COL,43,72.718,66.0,3.0,,,17.682,32.731,22.305,8345.026,8377.757,8400.062,309.0,207.0,290.0,303.0,False,MEDIUM,20.0,True,Alpine,8327.289,2026-06-28 14:24:59.365,1,15.0,False,,False,True
8472.736,COL,43,72.729,67.0,3.0,,,17.562,32.66,22.507,8417.624,8450.284,8472.791,309.0,207.0,289.0,305.0,False,MEDIUM,21.0,True,Alpine,8400.007,2026-06-28 14:26:12.083,1,15.0,False,,False,True
8545.534,COL,43,72.798,68.0,3.0,,,17.508,32.592,22.698,8490.299,8522.891,8545.589,319.0,205.0,286.0,317.0,False,MEDIUM,22.0,True,Alpine,8472.736,2026-06-28 14:27:24.812,1,15.0,False,,False,True
8618.895,COL,43,73.361,69.0,3.0,,,17.696,33.022,22.643,8563.285,8596.307,8618.95,309.0,205.0,287.0,299.0,False,MEDIUM,23.0,True,Alpine,8545.534,2026-06-28 14:28:37.610,1,15.0,False,,False,True
8691.572,COL,43,72.677,70.0,3.0,,,17.453,32.76,22.464,8636.403,8669.163,8691.627,322.0,206.0,291.0,316.0,False,MEDIUM,24.0,True,Alpine,8618.895,2026-06-28 14:29:50.971,1,15.0,False,,False,True
3503.748,HAM,44,75.802,1.0,1.0,,,,32.733,22.144,,3481.666,3503.831,317.0,203.0,285.0,299.0,False,MEDIUM,1.0,True,Ferrari,3427.653,2026-06-28 13:03:19.729,1,2.0,False,,False,False
3575.776,HAM,44,72.028,2.0,1.0,,,17.47,32.538,22.02,3521.28,3553.818,3575.838,307.0,208.0,284.0,293.0,True,MEDIUM,2.0,True,Ferrari,3503.748,2026-06-28 13:04:35.824,1,2.0,False,,False,True
3647.75,HAM,44,71.974,3.0,1.0,,,17.344,32.443,22.187,3593.182,3625.625,3647.812,311.0,206.0,285.0,295.0,True,MEDIUM,3.0,True,Ferrari,3575.776,2026-06-28 13:05:47.852,1,2.0,False,,False,True
3719.687,HAM,44,71.937,4.0,1.0,,,17.356,32.473,22.108,3665.168,3697.641,3719.749,311.0,205.0,284.0,295.0,True,MEDIUM,4.0,True,Ferrari,3647.75,2026-06-28 13:06:59.826,1,2.0,False,,False,True
3791.568,HAM,44,71.881,5.0,1.0,,,17.362,32.308,22.211,3737.111,3769.419,3791.63,309.0,206.0,284.0,297.0,True,MEDIUM,5.0,True,Ferrari,3719.687,2026-06-28 13:08:11.763,1,2.0,False,,False,True
3864.014,HAM,44,72.446,6.0,1.0,,,17.517,32.585,22.344,3809.147,3841.732,3864.076,308.0,205.0,282.0,296.0,False,MEDIUM,6.0,True,Ferrari,3791.568,2026-06-28 13:09:23.644,1,2.0,False,,False,True
3936.444,HAM,44,72.43,7.0,1.0,,,17.463,32.568,22.399,3881.539,3914.107,3936.506,307.0,205.0,281.0,292.0,False,MEDIUM,7.0,True,Ferrari,3864.014,2026-06-28 13:10:36.090,1,2.0,False,,False,True
4008.985,HAM,44,72.541,8.0,1.0,,,17.535,32.597,22.409,3954.041,3986.638,4009.047,308.0,205.0,281.0,291.0,False,MEDIUM,8.0,True,Ferrari,3936.444,2026-06-28 13:11:48.520,1,2.0,False,,False,True
4081.63,HAM,44,72.645,9.0,1.0,,,17.601,32.564,22.48,4026.648,4059.212,4081.692,307.0,205.0,280.0,291.0,False,MEDIUM,9.0,True,Ferrari,4008.985,2026-06-28 13:13:01.061,1,2.0,False,,False,True
4154.466,HAM,44,72.836,10.0,1.0,,,17.668,32.675,22.493,4099.36,4132.035,4154.528,304.0,205.0,280.0,291.0,False,MEDIUM,10.0,True,Ferrari,4081.63,2026-06-28 13:14:13.706,1,2.0,False,,False,True
4228.986,HAM,44,74.52,11.0,1.0,,,17.655,33.931,22.934,4172.183,4206.114,4229.048,307.0,203.0,276.0,301.0,False,MEDIUM,11.0,True,Ferrari,4154.466,2026-06-28 13:15:26.542,1,2.0,False,,False,True
4306.525,HAM,44,77.539,12.0,1.0,,4302.509,17.755,32.748,27.036,4246.803,4279.551,4306.587,305.0,205.0,,294.0,False,MEDIUM,12.0,True,Ferrari,4228.986,2026-06-28 13:16:41.062,1,4.0,False,,False,False
4395.726,HAM,44,89.201,13.0,2.0,4323.807,,34.428,32.426,22.347,4341.015,4373.441,4395.788,308.0,208.0,290.0,303.0,False,HARD,1.0,True,Ferrari,4306.525,2026-06-28 13:17:58.601,1,11.0,False,,False,False
4468.043,HAM,44,72.317,14.0,2.0,,,17.512,32.326,22.479,4413.3,4445.626,4468.105,302.0,205.0,284.0,292.0,False,HARD,2.0,True,Ferrari,4395.726,2026-06-28 13:19:27.802,1,9.0,False,,False,True
4540.827,HAM,44,72.784,15.0,2.0,,,17.448,32.486,22.85,4485.553,4518.039,4540.889,307.0,204.0,282.0,298.0,False,HARD,3.0,True,Ferrari,4468.043,2026-06-28 13:20:40.119,1,9.0,False,,False,True
4613.145,HAM,44,72.318,16.0,2.0,,,17.582,32.495,22.241,4558.471,4590.966,4613.207,319.0,205.0,285.0,298.0,False,HARD,4.0,True,Ferrari,4540.827,2026-06-28 13:21:52.903,1,8.0,False,,False,True
4685.636,HAM,44,72.491,17.0,2.0,,,17.387,32.391,22.713,4630.594,4662.985,4685.698,306.0,205.0,282.0,296.0,False,HARD,5.0,True,Ferrari,4613.145,2026-06-28 13:23:05.221,1,8.0,False,,False,True
4757.939,HAM,44,72.303,18.0,2.0,,,17.516,32.491,22.296,4703.214,4735.705,4758.001,321.0,206.0,284.0,295.0,False,HARD,6.0,True,Ferrari,4685.636,2026-06-28 13:24:17.712,1,7.0,False,,False,True
4830.191,HAM,44,72.252,19.0,2.0,,,17.454,32.456,22.342,4775.455,4807.911,4830.253,303.0,204.0,280.0,289.0,False,HARD,7.0,True,Ferrari,4757.939,2026-06-28 13:25:30.015,1,5.0,False,,False,True
4902.078,HAM,44,71.887,20.0,2.0,,,17.508,32.198,22.181,4847.761,4879.959,4902.14,308.0,205.0,285.0,297.0,False,HARD,8.0,True,Ferrari,4830.191,2026-06-28 13:26:42.267,1,4.0,False,,False,True
4974.005,HAM,44,71.927,21.0,2.0,,,17.345,32.212,22.37,4919.485,4951.697,4974.067,310.0,204.0,283.0,296.0,False,HARD,9.0,True,Ferrari,4902.078,2026-06-28 13:27:54.154,1,3.0,False,,False,True
5048.021,HAM,44,74.016,22.0,2.0,,,17.46,33.936,22.62,4991.527,5025.463,5048.083,309.0,199.0,279.0,303.0,False,HARD,10.0,True,Ferrari,4974.005,2026-06-28 13:29:06.081,1,4.0,False,,False,True
5120.344,HAM,44,72.323,23.0,2.0,,,17.712,32.432,22.179,5065.795,5098.227,5120.406,308.0,205.0,287.0,300.0,False,HARD,11.0,True,Ferrari,5048.021,2026-06-28 13:30:20.097,1,4.0,False,,False,True
5192.861,HAM,44,72.517,24.0,2.0,,,17.362,32.482,22.673,5137.768,5170.25,5192.923,308.0,206.0,277.0,297.0,False,HARD,12.0,True,Ferrari,5120.344,2026-06-28 13:31:32.420,12,4.0,False,,False,True
5291.71,HAM,44,98.849,25.0,2.0,,5287.856,26.12,40.814,31.915,5219.043,5259.857,5291.772,227.0,173.0,,202.0,False,HARD,13.0,True,Ferrari,5192.861,2026-06-28 13:32:44.937,26,3.0,False,,False,False
5393.659,HAM,44,101.949,26.0,3.0,5309.031,,36.633,42.897,22.419,5328.405,5371.302,5393.721,234.0,155.0,287.0,223.0,False,SOFT,3.0,False,Ferrari,5291.71,2026-06-28 13:34:23.786,671,7.0,False,,False,False
5464.943,HAM,44,71.284,27.0,3.0,,,17.282,31.963,22.039,5411.003,5442.966,5465.005,307.0,209.0,285.0,295.0,True,SOFT,4.0,False,Ferrari,5393.659,2026-06-28 13:36:05.735,1,7.0,False,,False,True
5536.022,HAM,44,71.079,28.0,3.0,,,17.201,31.96,21.918,5482.206,5514.166,5536.084,317.0,208.0,288.0,302.0,True,SOFT,5.0,False,Ferrari,5464.943,2026-06-28 13:37:17.019,1,7.0,False,,False,True
5607.419,HAM,44,71.397,29.0,3.0,,,17.159,32.229,22.009,5553.243,5585.472,5607.481,322.0,208.0,293.0,299.0,False,SOFT,6.0,False,Ferrari,5536.022,2026-06-28 13:38:28.098,1,7.0,False,,False,True
5679.269,HAM,44,71.85,30.0,3.0,,,17.144,32.304,22.402,5624.625,5656.929,5679.331,326.0,208.0,282.0,319.0,False,SOFT,7.0,False,Ferrari,5607.419,2026-06-28 13:39:39.495,1,6.0,False,,False,True
5750.973,HAM,44,71.704,31.0,3.0,,,17.401,32.172,22.131,5696.732,5728.904,5751.035,310.0,209.0,282.0,296.0,False,SOFT,8.0,False,Ferrari,5679.269,2026-06-28 13:40:51.345,1,6.0,False,,False,True
5822.563,HAM,44,71.59,32.0,3.0,,,17.466,32.18,21.944,5768.501,5800.681,5822.625,298.0,208.0,286.0,278.0,False,SOFT,9.0,False,Ferrari,5750.973,2026-06-28 13:42:03.049,1,6.0,False,,False,True
5894.312,HAM,44,71.749,33.0,3.0,,,17.412,32.266,22.071,5840.037,5872.303,5894.374,300.0,207.0,286.0,279.0,False,SOFT,10.0,False,Ferrari,5822.563,2026-06-28 13:43:14.639,1,6.0,False,,False,True
5965.808,HAM,44,71.496,34.0,3.0,,,17.336,32.236,21.924,5911.71,5943.946,5965.87,311.0,207.0,288.0,290.0,False,SOFT,11.0,False,Ferrari,5894.312,2026-06-28 13:44:26.388,1,6.0,False,,False,True
6037.535,HAM,44,71.727,35.0,3.0,,,17.285,32.421,22.021,5983.155,6015.576,6037.597,313.0,208.0,289.0,298.0,False,SOFT,12.0,False,Ferrari,5965.808,2026-06-28 13:45:37.884,1,6.0,False,,False,True
6109.665,HAM,44,72.13,36.0,3.0,,,17.315,32.59,22.225,6054.912,6087.502,6109.727,310.0,207.0,287.0,283.0,False,SOFT,13.0,False,Ferrari,6037.535,2026-06-28 13:46:49.611,1,6.0,False,,False,True
6182.217,HAM,44,72.552,37.0,3.0,,,17.288,32.866,22.398,6127.015,6159.881,6182.279,312.0,207.0,287.0,277.0,False,SOFT,14.0,False,Ferrari,6109.665,2026-06-28 13:48:01.741,1,5.0,False,,False,True
6254.464,HAM,44,72.247,38.0,3.0,,,17.395,32.52,22.332,6199.674,6232.194,6254.526,309.0,206.0,289.0,285.0,False,SOFT,15.0,False,Ferrari,6182.217,2026-06-28 13:49:14.293,1,5.0,False,,False,True
6326.97,HAM,44,72.506,39.0,3.0,,,17.278,32.725,22.503,6271.804,6304.529,6327.032,322.0,206.0,287.0,301.0,False,SOFT,16.0,False,Ferrari,6254.464,2026-06-28 13:50:26.540,1,5.0,False,,False,True
6399.129,HAM,44,72.159,40.0,3.0,,,17.377,32.628,22.154,6344.409,6377.037,6399.191,304.0,206.0,289.0,283.0,False,SOFT,17.0,False,Ferrari,6326.97,2026-06-28 13:51:39.046,1,5.0,False,,False,True
6471.312,HAM,44,72.183,41.0,3.0,,,17.395,32.435,22.353,6416.586,6449.021,6471.374,307.0,206.0,285.0,289.0,False,SOFT,18.0,False,Ferrari,6399.129,2026-06-28 13:52:51.205,1,5.0,False,,False,True
6547.806,HAM,44,76.494,42.0,3.0,,6543.97,17.392,32.681,26.421,6488.766,6521.447,6547.868,306.0,206.0,,289.0,False,SOFT,19.0,False,Ferrari,6471.312,2026-06-28 13:54:03.388,1,5.0,False,,False,False
6635.809,HAM,44,88.003,43.0,4.0,6565.244,,33.802,32.26,21.941,6581.67,6613.93,6635.871,309.0,208.0,290.0,299.0,False,HARD,1.0,True,Ferrari,6547.806,2026-06-28 13:55:19.882,1,7.0,False,,False,False
6707.028,HAM,44,71.219,44.0,4.0,,,17.162,32.117,21.94,6653.033,6685.15,6707.09,315.0,210.0,288.0,298.0,False,HARD,2.0,True,Ferrari,6635.809,2026-06-28 13:56:47.885,1,7.0,False,,False,True
6777.974,HAM,44,70.946,45.0,4.0,,,17.191,31.852,21.903,6724.281,6756.133,6778.036,313.0,208.0,288.0,296.0,True,HARD,3.0,True,Ferrari,6707.028,2026-06-28 13:57:59.104,1,7.0,False,,False,True
6849.416,HAM,44,71.442,46.0,4.0,,,17.26,32.226,21.956,6795.296,6827.522,6849.478,308.0,209.0,288.0,300.0,False,HARD,4.0,True,Ferrari,6777.974,2026-06-28 13:59:10.050,1,7.0,False,,False,True
6920.708,HAM,44,71.292,47.0,4.0,,,17.247,32.083,21.962,6866.725,6898.808,6920.77,312.0,206.0,286.0,296.0,False,HARD,5.0,True,Ferrari,6849.416,2026-06-28 14:00:21.492,1,7.0,False,,False,True
6991.971,HAM,44,71.263,48.0,4.0,,,17.342,32.073,21.848,6938.112,6970.185,6992.033,311.0,206.0,290.0,299.0,False,HARD,6.0,True,Ferrari,6920.708,2026-06-28 14:01:32.784,1,6.0,False,,False,True
7062.97,HAM,44,70.999,49.0,4.0,,,17.144,31.957,21.898,7009.177,7041.134,7063.032,314.0,207.0,287.0,301.0,False,HARD,7.0,True,Ferrari,6991.971,2026-06-28 14:02:44.047,1,6.0,False,,False,True
7133.953,HAM,44,70.983,50.0,4.0,,,17.191,32.005,21.787,7080.223,7112.228,7134.015,316.0,208.0,292.0,301.0,False,HARD,8.0,True,Ferrari,7062.97,2026-06-28 14:03:55.046,1,6.0,False,,False,True
7205.466,HAM,44,71.513,51.0,4.0,,,17.106,32.444,21.963,7151.121,7183.565,7205.528,326.0,206.0,293.0,304.0,False,HARD,9.0,True,Ferrari,7133.953,2026-06-28 14:05:06.029,1,6.0,False,,False,True
7285.943,HAM,44,80.477,52.0,4.0,,,17.161,33.929,29.387,7222.689,7256.618,7286.005,316.0,95.0,194.0,278.0,False,HARD,10.0,True,Ferrari,7205.466,2026-06-28 14:06:17.542,167,5.0,False,,False,False
7360.317,HAM,44,74.374,53.0,4.0,,,20.322,32.225,21.827,7306.327,7338.552,7360.379,302.0,208.0,292.0,306.0,False,HARD,11.0,True,Ferrari,7285.943,2026-06-28 14:07:38.019,71,5.0,False,,False,False
7432.009,HAM,44,71.692,54.0,4.0,,,17.341,32.382,21.969,7377.72,7410.102,7432.071,293.0,207.0,287.0,281.0,False,HARD,12.0,True,Ferrari,7360.317,2026-06-28 14:08:52.393,1,5.0,False,,False,True
7503.588,HAM,44,71.579,55.0,4.0,,,17.389,32.242,21.948,7449.46,7481.702,7503.65,300.0,207.0,289.0,286.0,False,HARD,13.0,True,Ferrari,7432.009,2026-06-28 14:10:04.085,1,5.0,False,,False,True
7574.905,HAM,44,71.317,56.0,4.0,,,17.201,32.118,21.998,7520.851,7552.969,7574.967,312.0,206.0,289.0,300.0,False,HARD,14.0,True,Ferrari,7503.588,2026-06-28 14:11:15.664,1,5.0,False,,False,True
7646.136,HAM,44,71.231,57.0,4.0,,,17.252,32.051,21.928,7592.219,7624.27,7646.198,315.0,207.0,287.0,301.0,False,HARD,15.0,True,Ferrari,7574.905,2026-06-28 14:12:26.981,1,5.0,False,,False,True
7717.442,HAM,44,71.306,58.0,4.0,,,17.202,32.095,22.009,7663.4,7695.495,7717.504,317.0,207.0,289.0,304.0,False,HARD,16.0,True,Ferrari,7646.136,2026-06-28 14:13:38.212,1,5.0,False,,False,True
7788.826,HAM,44,71.384,59.0,4.0,,,17.282,32.143,21.959,7734.786,7766.929,7788.888,309.0,205.0,287.0,296.0,False,HARD,17.0,True,Ferrari,7717.442,2026-06-28 14:14:49.518,1,5.0,False,,False,True
7860.224,HAM,44,71.398,60.0,4.0,,,17.289,32.106,22.003,7806.177,7838.283,7860.286,309.0,207.0,287.0,300.0,False,HARD,18.0,True,Ferrari,7788.826,2026-06-28 14:16:00.902,1,5.0,False,,False,True
7931.693,HAM,44,71.469,61.0,4.0,,,17.324,32.08,22.065,7877.61,7909.69,7931.755,310.0,205.0,287.0,300.0,False,HARD,19.0,True,Ferrari,7860.224,2026-06-28 14:17:12.300,1,5.0,False,,False,True
8003.493,HAM,44,71.8,62.0,4.0,,,17.328,32.393,22.079,7949.083,7981.476,8003.555,312.0,206.0,289.0,297.0,False,HARD,20.0,True,Ferrari,7931.693,2026-06-28 14:18:23.769,1,5.0,False,,False,True
8074.998,HAM,44,71.505,63.0,4.0,,,17.323,32.177,22.005,8020.878,8053.055,8075.06,312.0,206.0,287.0,298.0,False,HARD,21.0,True,Ferrari,8003.493,2026-06-28 14:19:35.569,1,5.0,False,,False,True
8146.491,HAM,44,71.493,64.0,4.0,,,17.306,32.132,22.055,8092.366,8124.498,8146.553,311.0,207.0,289.0,299.0,False,HARD,22.0,True,Ferrari,8074.998,2026-06-28 14:20:47.074,1,5.0,False,,False,True
8218.149,HAM,44,71.658,65.0,4.0,,,17.247,32.237,22.174,8163.8,8196.037,8218.211,313.0,206.0,287.0,302.0,False,HARD,23.0,True,Ferrari,8146.491,2026-06-28 14:21:58.567,1,5.0,False,,False,True
8290.208,HAM,44,72.059,66.0,4.0,,,17.321,32.478,22.26,8235.532,8268.01,8290.27,315.0,206.0,287.0,303.0,False,HARD,24.0,True,Ferrari,8218.149,2026-06-28 14:23:10.225,1,5.0,False,,False,True
8362.288,HAM,44,72.08,67.0,4.0,,,17.379,32.48,22.221,8307.649,8340.129,8362.35,315.0,206.0,291.0,306.0,False,HARD,25.0,True,Ferrari,8290.208,2026-06-28 14:24:22.284,1,5.0,False,,False,True
8434.534,HAM,44,72.246,68.0,4.0,,,17.321,32.452,22.473,8379.671,8412.123,8434.596,321.0,205.0,289.0,294.0,False,HARD,26.0,True,Ferrari,8362.288,2026-06-28 14:25:34.364,1,5.0,False,,False,True
8506.707,HAM,44,72.173,69.0,4.0,,,17.355,32.489,22.329,8451.951,8484.44,8506.769,311.0,204.0,286.0,300.0,False,HARD,27.0,True,Ferrari,8434.534,2026-06-28 14:26:46.610,1,5.0,False,,False,True
8579.409,HAM,44,72.702,70.0,4.0,,,17.701,32.648,22.353,8524.47,8557.118,8579.471,313.0,204.0,288.0,300.0,False,HARD,28.0,True,Ferrari,8506.707,2026-06-28 14:27:58.783,1,5.0,False,,False,True
8652.318,HAM,44,72.909,71.0,4.0,,,17.486,32.816,22.607,8596.957,8629.773,8652.38,314.0,203.0,271.0,306.0,False,HARD,29.0,True,Ferrari,8579.409,2026-06-28 14:29:11.485,1,5.0,False,,False,True
3508.169,BOR,5,80.223,1.0,1.0,,,,33.933,23.529,,3484.805,3508.418,314.0,208.0,282.0,308.0,False,SOFT,1.0,True,Audi,3427.653,2026-06-28 13:03:19.729,1,11.0,False,,False,False
3582.685,BOR,5,74.516,2.0,1.0,,,17.98,33.507,23.029,3526.193,3559.7,3582.729,304.0,212.0,271.0,303.0,True,SOFT,2.0,True,Audi,3508.169,2026-06-28 13:04:40.245,1,12.0,False,,False,True
3656.223,BOR,5,73.538,3.0,1.0,,,17.681,32.996,22.861,3600.41,3633.406,3656.267,310.0,214.0,284.0,296.0,True,SOFT,3.0,True,Audi,3582.685,2026-06-28 13:05:54.761,1,12.0,False,,False,True
3730.353,BOR,5,74.13,4.0,1.0,,,17.748,33.369,23.013,3674.015,3707.384,3730.397,305.0,209.0,281.0,292.0,False,SOFT,4.0,True,Audi,3656.223,2026-06-28 13:07:08.299,1,12.0,False,,False,True
3804.402,BOR,5,74.049,5.0,1.0,,,17.82,33.199,23.03,3748.217,3781.416,3804.446,307.0,211.0,280.0,297.0,False,SOFT,5.0,True,Audi,3730.353,2026-06-28 13:08:22.429,1,12.0,False,,False,True
3878.127,BOR,5,73.725,6.0,1.0,,,17.762,32.982,22.981,3822.208,3855.19,3878.171,308.0,210.0,287.0,299.0,False,SOFT,6.0,True,Audi,3804.402,2026-06-28 13:09:36.478,1,12.0,False,,False,True
3951.96,BOR,5,73.833,7.0,1.0,,,17.839,33.224,22.77,3896.01,3929.234,3952.004,316.0,211.0,276.0,305.0,False,SOFT,7.0,True,Audi,3878.127,2026-06-28 13:10:50.203,1,11.0,False,,False,True
4025.92,BOR,5,73.96,8.0,1.0,,,17.91,32.931,23.119,3969.914,4002.845,4025.964,301.0,210.0,276.0,295.0,False,SOFT,8.0,True,Audi,3951.96,2026-06-28 13:12:04.036,1,11.0,False,,False,True
4099.728,BOR,5,73.808,9.0,1.0,,,17.906,32.963,22.939,4043.87,4076.833,4099.772,302.0,211.0,277.0,296.0,False,SOFT,9.0,True,Audi,4025.92,2026-06-28 13:13:17.996,1,11.0,False,,False,True
4173.684,BOR,5,73.956,10.0,1.0,,,17.926,32.933,23.097,4117.698,4150.631,4173.728,300.0,212.0,277.0,296.0,False,SOFT,10.0,True,Audi,4099.728,2026-06-28 13:14:31.804,1,11.0,False,,False,True
4247.662,BOR,5,73.978,11.0,1.0,,,17.979,32.885,23.114,4191.707,4224.592,4247.706,300.0,209.0,277.0,297.0,False,SOFT,11.0,True,Audi,4173.684,2026-06-28 13:15:45.760,1,11.0,False,,False,True
4321.426,BOR,5,73.764,12.0,1.0,,,17.856,32.894,23.014,4265.562,4298.456,4321.47,301.0,211.0,278.0,299.0,False,SOFT,12.0,True,Audi,4247.662,2026-06-28 13:16:59.738,1,11.0,False,,False,True
4395.472,BOR,5,74.046,13.0,1.0,,,17.999,32.895,23.152,4339.469,4372.364,4395.516,299.0,208.0,277.0,299.0,False,SOFT,13.0,True,Audi,4321.426,2026-06-28 13:18:13.502,1,10.0,False,,False,True
4470.186,BOR,5,74.714,14.0,1.0,,,18.135,33.462,23.117,4413.651,4447.113,4470.23,299.0,206.0,278.0,303.0,False,SOFT,14.0,True,Audi,4395.472,2026-06-28 13:19:27.548,1,10.0,False,,False,True
4544.277,BOR,5,74.091,15.0,1.0,,,17.937,33.067,23.087,4488.167,4521.234,4544.321,302.0,208.0,277.0,300.0,False,SOFT,15.0,True,Audi,4470.186,2026-06-28 13:20:42.262,1,10.0,False,,False,True
4618.349,BOR,5,74.072,16.0,1.0,,,17.973,33.068,23.031,4562.294,4595.362,4618.393,301.0,210.0,277.0,300.0,False,SOFT,16.0,True,Audi,4544.277,2026-06-28 13:21:56.353,1,10.0,False,,False,True
4696.493,BOR,5,78.144,17.0,1.0,,4692.454,17.881,33.061,27.202,4636.274,4669.335,4696.537,306.0,208.0,,300.0,False,SOFT,17.0,True,Audi,4618.349,2026-06-28 13:23:10.425,1,11.0,False,,False,False
4787.191,BOR,5,90.698,18.0,2.0,4714.97,,35.656,32.712,22.33,4732.193,4764.905,4787.235,293.0,215.0,277.0,293.0,False,MEDIUM,1.0,True,Audi,4696.493,2026-06-28 13:24:28.569,1,15.0,False,,False,False
4860.255,BOR,5,73.064,19.0,2.0,,,17.772,32.53,22.762,4805.007,4837.537,4860.299,303.0,214.0,283.0,299.0,True,MEDIUM,2.0,True,Audi,4787.191,2026-06-28 13:25:59.267,1,14.0,False,,False,True
4932.793,BOR,5,72.538,20.0,2.0,,,17.521,32.658,22.359,4877.82,4910.478,4932.837,311.0,212.0,282.0,317.0,True,MEDIUM,3.0,True,Audi,4860.255,2026-06-28 13:27:12.331,1,13.0,False,,False,True
5005.81,BOR,5,73.017,21.0,2.0,,,17.567,32.896,22.554,4950.404,4983.3,5005.854,309.0,210.0,276.0,295.0,False,MEDIUM,4.0,True,Audi,4932.793,2026-06-28 13:28:24.869,1,11.0,False,,False,True
5078.791,BOR,5,72.981,22.0,2.0,,,17.807,32.484,22.69,5023.661,5056.145,5078.835,300.0,213.0,278.0,296.0,False,MEDIUM,5.0,True,Audi,5005.81,2026-06-28 13:29:37.886,1,11.0,False,,False,True
5151.222,BOR,5,72.431,23.0,2.0,,,17.752,32.302,22.377,5096.587,5128.889,5151.266,302.0,215.0,280.0,300.0,True,MEDIUM,6.0,True,Audi,5078.791,2026-06-28 13:30:50.867,1,11.0,False,,False,True
5232.697,BOR,5,81.475,24.0,2.0,,,17.771,32.441,31.263,5169.037,5201.478,5232.741,302.0,213.0,161.0,300.0,False,MEDIUM,7.0,True,Audi,5151.222,2026-06-28 13:32:03.298,126,11.0,False,,False,False
5330.953,BOR,5,98.256,25.0,2.0,,,23.339,42.543,32.374,5256.08,5298.623,5330.997,211.0,188.0,198.0,196.0,False,MEDIUM,8.0,True,Audi,5232.697,2026-06-28 13:33:24.773,6,11.0,False,,False,False
5413.028,BOR,5,82.075,26.0,2.0,,,21.649,37.77,22.656,5352.646,5390.416,5413.072,216.0,213.0,280.0,205.0,False,MEDIUM,9.0,True,Audi,5330.953,2026-06-28 13:35:03.029,671,11.0,False,,False,False
5485.584,BOR,5,72.556,27.0,2.0,,,17.645,32.413,22.498,5430.717,5463.13,5485.628,302.0,215.0,280.0,299.0,False,MEDIUM,10.0,True,Audi,5413.028,2026-06-28 13:36:25.104,1,11.0,False,,False,True
5558.042,BOR,5,72.458,28.0,2.0,,,17.596,32.456,22.406,5503.224,5535.68,5558.086,305.0,215.0,281.0,299.0,False,MEDIUM,11.0,True,Audi,5485.584,2026-06-28 13:37:37.660,1,11.0,False,,False,True
5630.538,BOR,5,72.496,29.0,2.0,,,17.598,32.412,22.486,5575.684,5608.096,5630.582,303.0,215.0,280.0,298.0,False,MEDIUM,12.0,True,Audi,5558.042,2026-06-28 13:38:50.118,1,11.0,False,,False,True
5703.309,BOR,5,72.771,30.0,2.0,,,17.745,32.478,22.548,5648.327,5680.805,5703.353,303.0,214.0,280.0,298.0,False,MEDIUM,13.0,True,Audi,5630.538,2026-06-28 13:40:02.614,1,11.0,False,,False,True
5776.189,BOR,5,72.88,31.0,2.0,,,17.758,32.604,22.518,5721.111,5753.715,5776.233,302.0,215.0,280.0,297.0,False,MEDIUM,14.0,True,Audi,5703.309,2026-06-28 13:41:15.385,1,11.0,False,,False,True
5849.087,BOR,5,72.898,32.0,2.0,,,17.716,32.557,22.625,5793.949,5826.506,5849.131,302.0,210.0,280.0,299.0,False,MEDIUM,15.0,True,Audi,5776.189,2026-06-28 13:42:28.265,1,11.0,False,,False,True
5922.121,BOR,5,73.034,33.0,2.0,,,17.757,32.776,22.501,5866.888,5899.664,5922.165,303.0,212.0,280.0,297.0,False,MEDIUM,16.0,True,Audi,5849.087,2026-06-28 13:43:41.163,1,11.0,False,,False,True
5995.313,BOR,5,73.192,34.0,2.0,,,17.75,32.828,22.614,5939.915,5972.743,5995.357,304.0,210.0,280.0,297.0,False,MEDIUM,17.0,True,Audi,5922.121,2026-06-28 13:44:54.197,1,11.0,False,,False,True
6068.679,BOR,5,73.366,35.0,2.0,,,17.758,32.843,22.765,6013.115,6045.958,6068.723,305.0,211.0,279.0,297.0,False,MEDIUM,18.0,True,Audi,5995.313,2026-06-28 13:46:07.389,1,11.0,False,,False,True
6141.931,BOR,5,73.252,36.0,2.0,,,17.801,32.788,22.663,6086.524,6119.312,6141.975,304.0,211.0,278.0,298.0,False,MEDIUM,19.0,True,Audi,6068.679,2026-06-28 13:47:20.755,1,11.0,False,,False,True
6215.466,BOR,5,73.535,37.0,2.0,,,17.912,32.912,22.711,6159.887,6192.799,6215.51,304.0,211.0,280.0,299.0,False,MEDIUM,20.0,True,Audi,6141.931,2026-06-28 13:48:34.007,1,11.0,False,,False,True
6289.003,BOR,5,73.537,38.0,2.0,,,17.884,32.945,22.708,6233.394,6266.339,6289.047,303.0,210.0,281.0,299.0,False,MEDIUM,21.0,True,Audi,6215.466,2026-06-28 13:49:47.542,1,11.0,False,,False,True
6362.358,BOR,5,73.355,39.0,2.0,,,17.826,32.782,22.747,6306.873,6339.655,6362.402,304.0,212.0,283.0,299.0,False,MEDIUM,22.0,True,Audi,6289.003,2026-06-28 13:51:01.079,1,11.0,False,,False,True
6436.184,BOR,5,73.826,40.0,2.0,,,17.707,33.152,22.967,6380.109,6413.261,6436.228,309.0,207.0,284.0,301.0,False,MEDIUM,23.0,True,Audi,6362.358,2026-06-28 13:52:14.434,1,11.0,False,,False,True
6509.914,BOR,5,73.73,41.0,2.0,,,17.658,33.256,22.816,6453.886,6487.142,6509.958,315.0,209.0,283.0,293.0,False,MEDIUM,24.0,True,Audi,6436.184,2026-06-28 13:53:28.260,1,11.0,False,,False,True
6584.124,BOR,5,74.21,42.0,2.0,,,17.758,33.666,22.786,6527.716,6561.382,6584.168,302.0,208.0,278.0,289.0,False,MEDIUM,25.0,True,Audi,6509.914,2026-06-28 13:54:41.990,1,11.0,False,,False,True
6658.511,BOR,5,74.387,43.0,2.0,,,17.917,33.414,23.056,6602.085,6635.499,6658.555,302.0,208.0,278.0,296.0,False,MEDIUM,26.0,True,Audi,6584.124,2026-06-28 13:55:56.200,1,11.0,False,,False,True
6736.918,BOR,5,78.407,44.0,2.0,,6733.124,17.916,33.304,27.187,6676.471,6709.775,6736.962,302.0,209.0,,299.0,False,MEDIUM,27.0,True,Audi,6658.511,2026-06-28 13:57:10.587,1,11.0,False,,False,False
6826.038,BOR,5,89.12,45.0,3.0,6754.932,,34.599,32.464,22.057,6771.561,6804.025,6826.082,299.0,215.0,280.0,292.0,False,HARD,1.0,True,Audi,6736.918,2026-06-28 13:58:28.994,1,12.0,False,,False,False
6898.174,BOR,5,72.136,46.0,3.0,,,17.555,32.325,22.256,6843.637,6875.962,6898.218,304.0,215.0,282.0,296.0,True,HARD,2.0,True,Audi,6826.038,2026-06-28 13:59:58.114,1,11.0,False,,False,True
6970.305,BOR,5,72.131,47.0,3.0,,,17.569,32.204,22.358,6915.787,6947.991,6970.349,303.0,215.0,281.0,295.0,True,HARD,3.0,True,Audi,6898.174,2026-06-28 14:01:10.250,1,11.0,False,,False,True
7042.618,BOR,5,72.313,48.0,3.0,,,17.661,32.343,22.309,6988.01,7020.353,7042.662,300.0,215.0,282.0,295.0,False,HARD,4.0,True,Audi,6970.305,2026-06-28 14:02:22.381,1,11.0,False,,False,True
7114.743,BOR,5,72.125,49.0,3.0,,,17.562,32.274,22.289,7060.224,7092.498,7114.787,302.0,214.0,283.0,295.0,True,HARD,5.0,True,Audi,7042.618,2026-06-28 14:03:34.694,1,11.0,False,,False,True
7188.189,BOR,5,73.446,50.0,3.0,,,18.015,33.113,22.318,7132.802,7165.915,7188.233,237.0,216.0,283.0,306.0,False,HARD,6.0,True,Audi,7114.743,2026-06-28 14:04:46.819,1,11.0,False,,False,True
7265.318,BOR,5,77.129,51.0,3.0,,,17.601,32.458,27.07,7205.834,7238.292,7265.362,304.0,213.0,144.0,300.0,False,HARD,7.0,True,Audi,7188.189,2026-06-28 14:06:00.265,16,11.0,False,,False,False
7345.221,BOR,5,79.903,52.0,3.0,,,22.888,34.597,22.418,7288.25,7322.847,7345.265,193.0,214.0,283.0,301.0,False,HARD,8.0,True,Audi,7265.318,2026-06-28 14:07:17.394,671,11.0,False,,False,False
7417.321,BOR,5,72.1,53.0,3.0,,,17.56,32.171,22.369,7362.825,7394.996,7417.365,304.0,216.0,283.0,301.0,True,HARD,9.0,True,Audi,7345.221,2026-06-28 14:08:37.297,1,11.0,False,,False,True
7489.492,BOR,5,72.171,54.0,3.0,,,17.6,32.269,22.302,7434.965,7467.234,7489.536,300.0,214.0,282.0,296.0,False,HARD,10.0,True,Audi,7417.321,2026-06-28 14:09:49.397,1,11.0,False,,False,True
7561.721,BOR,5,72.229,55.0,3.0,,,17.631,32.379,22.219,7507.167,7539.546,7561.765,299.0,214.0,282.0,296.0,False,HARD,11.0,True,Audi,7489.492,2026-06-28 14:11:01.568,1,11.0,False,,False,True
7635.281,BOR,5,73.56,56.0,3.0,,,17.658,33.653,22.249,7579.423,7613.076,7635.325,303.0,214.0,285.0,237.0,False,HARD,12.0,True,Audi,7561.721,2026-06-28 14:12:13.797,1,11.0,False,,False,True
7707.413,BOR,5,72.132,57.0,3.0,,,17.531,32.379,22.222,7652.856,7685.235,7707.457,305.0,216.0,285.0,301.0,False,HARD,13.0,True,Audi,7635.281,2026-06-28 14:13:27.357,1,11.0,False,,False,True
7780.906,BOR,5,73.493,58.0,3.0,,,17.619,33.517,22.357,7725.076,7758.593,7780.95,303.0,213.0,285.0,240.0,False,HARD,14.0,True,Audi,7707.413,2026-06-28 14:14:39.489,1,11.0,False,,False,True
7852.772,BOR,5,71.866,59.0,3.0,,,17.468,32.249,22.149,7798.418,7830.667,7852.816,305.0,216.0,284.0,300.0,True,HARD,15.0,True,Audi,7780.906,2026-06-28 14:15:52.982,1,11.0,False,,False,True
7924.669,BOR,5,71.897,60.0,3.0,,,17.461,32.264,22.172,7870.277,7902.541,7924.713,306.0,216.0,284.0,300.0,False,HARD,16.0,True,Audi,7852.772,2026-06-28 14:17:04.848,1,11.0,False,,False,True
7996.983,BOR,5,72.314,61.0,3.0,,,17.567,32.409,22.338,7942.28,7974.689,7997.027,306.0,215.0,282.0,299.0,False,HARD,17.0,True,Audi,7924.669,2026-06-28 14:18:16.745,1,11.0,False,,False,True
8069.434,BOR,5,72.451,62.0,3.0,,,17.64,32.509,22.302,8014.667,8047.176,8069.478,304.0,214.0,284.0,298.0,False,HARD,18.0,True,Audi,7996.983,2026-06-28 14:19:29.059,1,11.0,False,,False,True
8143.711,BOR,5,74.277,63.0,3.0,,,17.639,34.169,22.469,8087.117,8121.286,8143.755,304.0,214.0,285.0,218.0,False,HARD,19.0,True,Audi,8069.434,2026-06-28 14:20:41.510,1,11.0,False,,False,True
8216.104,BOR,5,72.393,64.0,3.0,,,17.486,32.427,22.48,8161.241,8193.668,8216.148,309.0,215.0,284.0,303.0,False,HARD,20.0,True,Audi,8143.711,2026-06-28 14:21:55.787,1,11.0,False,,False,True
8288.592,BOR,5,72.488,65.0,3.0,,,17.559,32.503,22.426,8233.707,8266.21,8288.636,306.0,215.0,285.0,303.0,False,HARD,21.0,True,Audi,8216.104,2026-06-28 14:23:08.180,1,11.0,True,TRACK LIMITS AT TURN 8 LAP 65 ,False,True
8361.521,BOR,5,72.929,66.0,3.0,,,17.602,32.723,22.604,8306.238,8338.961,8361.565,305.0,214.0,283.0,303.0,False,HARD,22.0,True,Audi,8288.592,2026-06-28 14:24:20.668,1,11.0,False,,False,True
8435.779,BOR,5,74.258,67.0,3.0,,,18.244,33.381,22.633,8379.809,8413.19,8435.823,276.0,212.0,286.0,309.0,False,HARD,23.0,True,Audi,8361.521,2026-06-28 14:25:33.597,1,11.0,False,,False,True
8508.597,BOR,5,72.818,68.0,3.0,,,17.56,32.76,22.498,8453.383,8486.143,8508.641,309.0,213.0,285.0,304.0,False,HARD,24.0,True,Audi,8435.779,2026-06-28 14:26:47.855,1,11.0,False,,False,True
8581.413,BOR,5,72.816,69.0,3.0,,,17.594,32.737,22.485,8526.235,8558.972,8581.457,310.0,213.0,285.0,303.0,False,HARD,25.0,True,Audi,8508.597,2026-06-28 14:28:00.673,1,11.0,False,,False,True
8656.24,BOR,5,74.827,70.0,3.0,,,17.649,34.445,22.733,8599.106,8633.551,8656.284,309.0,211.0,288.0,281.0,False,HARD,26.0,True,Audi,8581.413,2026-06-28 14:29:13.489,1,11.0,False,,False,True
3509.991,SAI,55,82.045,1.0,1.0,,,,34.518,23.647,,3486.448,3510.172,309.0,198.0,282.0,304.0,False,SOFT,1.0,True,Williams,3427.653,2026-06-28 13:03:19.729,1,16.0,False,,False,False
3584.681,SAI,55,74.69,2.0,1.0,,,17.771,33.776,23.143,3527.848,3561.624,3584.767,308.0,199.0,287.0,304.0,True,SOFT,2.0,True,Williams,3509.991,2026-06-28 13:04:42.067,1,16.0,False,,False,True
3658.847,SAI,55,74.166,3.0,1.0,,,17.579,33.389,23.198,3602.346,3635.735,3658.933,315.0,200.0,286.0,311.0,True,SOFT,3.0,True,Williams,3584.681,2026-06-28 13:05:56.757,1,16.0,False,,False,True
3733.096,SAI,55,74.249,4.0,1.0,,,17.638,33.324,23.287,3676.571,3709.895,3733.182,316.0,200.0,282.0,310.0,False,SOFT,4.0,True,Williams,3658.847,2026-06-28 13:07:10.923,1,16.0,False,,False,True
3807.24,SAI,55,74.144,5.0,1.0,,,17.842,33.02,23.282,3751.024,3784.044,3807.326,313.0,199.0,282.0,311.0,True,SOFT,5.0,True,Williams,3733.096,2026-06-28 13:08:25.172,1,16.0,False,,False,True
3881.497,SAI,55,74.257,6.0,1.0,,,17.789,33.062,23.406,3825.115,3858.177,3881.583,314.0,198.0,282.0,311.0,False,SOFT,6.0,True,Williams,3807.24,2026-06-28 13:09:39.316,1,16.0,False,,False,True
3956.117,SAI,55,74.62,7.0,1.0,,,17.767,33.239,23.614,3899.35,3932.589,3956.203,316.0,198.0,282.0,311.0,False,SOFT,7.0,True,Williams,3881.497,2026-06-28 13:10:53.573,1,16.0,False,,False,True
4030.738,SAI,55,74.621,8.0,1.0,,,17.801,33.399,23.421,3974.004,4007.403,4030.824,314.0,198.0,280.0,309.0,False,SOFT,8.0,True,Williams,3956.117,2026-06-28 13:12:08.193,1,16.0,False,,False,True
4105.637,SAI,55,74.899,9.0,1.0,,,17.825,33.553,23.521,4048.649,4082.202,4105.723,315.0,198.0,280.0,306.0,False,SOFT,9.0,True,Williams,4030.738,2026-06-28 13:13:22.814,1,16.0,False,,False,True
4181.253,SAI,55,75.616,10.0,1.0,,,17.819,33.767,24.03,4123.542,4157.309,4181.339,315.0,193.0,283.0,310.0,False,SOFT,10.0,True,Williams,4105.637,2026-06-28 13:14:37.713,1,16.0,False,,False,True
4256.708,SAI,55,75.455,11.0,1.0,,,17.911,33.597,23.947,4199.25,4232.847,4256.794,313.0,195.0,278.0,325.0,False,SOFT,11.0,True,Williams,4181.253,2026-06-28 13:15:53.329,1,16.0,False,,False,True
4332.046,SAI,55,75.338,12.0,1.0,,,17.987,33.627,23.724,4274.781,4308.408,4332.132,314.0,196.0,282.0,310.0,False,SOFT,12.0,True,Williams,4256.708,2026-06-28 13:17:08.784,1,16.0,False,,False,True
4407.115,SAI,55,75.069,13.0,1.0,,,17.978,33.366,23.725,4350.11,4383.476,4407.201,308.0,197.0,285.0,311.0,False,SOFT,13.0,True,Williams,4332.046,2026-06-28 13:18:24.122,1,15.0,False,,False,True
4485.933,SAI,55,78.818,14.0,1.0,,4481.917,17.803,33.603,27.412,4425.004,4458.607,4486.019,313.0,193.0,,310.0,False,SOFT,14.0,True,Williams,4407.115,2026-06-28 13:19:39.191,1,16.0,False,,False,False
4577.599,SAI,55,91.666,15.0,2.0,4503.33,,34.342,34.212,23.112,4520.361,4554.573,4577.685,319.0,199.0,274.0,298.0,False,MEDIUM,1.0,True,Williams,4485.933,2026-06-28 13:20:58.009,1,20.0,False,,False,False
4651.902,SAI,55,74.303,16.0,2.0,,,18.003,33.129,23.171,4595.688,4628.817,4651.988,303.0,198.0,278.0,300.0,False,MEDIUM,2.0,True,Williams,4577.599,2026-06-28 13:22:29.675,1,20.0,False,,False,True
4726.045,SAI,55,74.143,17.0,2.0,,,17.909,32.971,23.263,4669.897,4702.868,4726.131,306.0,197.0,281.0,302.0,True,MEDIUM,3.0,True,Williams,4651.902,2026-06-28 13:23:43.978,1,20.0,False,,False,True
4799.91,SAI,55,73.865,18.0,2.0,,,17.832,32.984,23.049,4743.963,4776.947,4799.996,306.0,198.0,282.0,302.0,True,MEDIUM,4.0,True,Williams,4726.045,2026-06-28 13:24:58.121,1,20.0,False,,False,True
4873.788,SAI,55,73.878,19.0,2.0,,,17.79,32.924,23.164,4817.786,4850.71,4873.874,312.0,198.0,279.0,326.0,False,MEDIUM,5.0,True,Williams,4799.91,2026-06-28 13:26:11.986,1,17.0,False,,False,True
4947.547,SAI,55,73.759,20.0,2.0,,,17.757,32.957,23.045,4891.631,4924.588,4947.633,309.0,198.0,276.0,324.0,True,MEDIUM,6.0,True,Williams,4873.788,2026-06-28 13:27:25.864,1,16.0,False,,False,True
5021.346,SAI,55,73.799,21.0,2.0,,,17.863,32.909,23.027,4965.496,4998.405,5021.432,304.0,199.0,281.0,297.0,False,MEDIUM,7.0,True,Williams,4947.547,2026-06-28 13:28:39.623,1,15.0,False,,False,True
5095.04,SAI,55,73.694,22.0,2.0,,,17.809,32.907,22.978,5039.241,5072.148,5095.126,303.0,200.0,282.0,299.0,True,MEDIUM,8.0,True,Williams,5021.346,2026-06-28 13:29:53.422,1,14.0,False,,False,True
5171.48,SAI,55,76.44,23.0,2.0,,,17.829,33.002,25.609,5112.955,5145.957,5171.566,303.0,199.0,87.0,301.0,False,MEDIUM,9.0,True,Williams,5095.04,2026-06-28 13:31:07.116,1,15.0,False,,False,True
5321.48,SAI,55,,24.0,2.0,,,,,,,,,,,,,,MEDIUM,10.0,True,Williams,5171.48,2026-06-28 13:32:23.556,126,,False,,True,False
3507.494,HAD,6,79.548,1.0,1.0,,,,34.261,23.335,,3484.222,3507.654,318.0,209.0,270.0,297.0,False,MEDIUM,1.0,True,Red Bull Racing,3427.653,2026-06-28 13:03:19.729,1,9.0,False,,False,False
3580.907,HAD,6,73.413,2.0,1.0,,,17.674,32.934,22.805,3525.212,3558.146,3580.951,309.0,214.0,286.0,300.0,True,MEDIUM,2.0,True,Red Bull Racing,3507.494,2026-06-28 13:04:39.570,1,9.0,False,,False,True
3654.406,HAD,6,73.499,3.0,1.0,,,17.381,33.208,22.91,3598.332,3631.54,3654.45,312.0,213.0,288.0,302.0,False,MEDIUM,3.0,True,Red Bull Racing,3580.907,2026-06-28 13:05:52.983,1,9.0,False,,False,True
3727.435,HAD,6,73.029,4.0,1.0,,,17.364,33.295,22.37,3671.814,3705.109,3727.479,314.0,208.0,285.0,304.0,True,MEDIUM,4.0,True,Red Bull Racing,3654.406,2026-06-28 13:07:06.482,1,8.0,False,,False,True
3800.028,HAD,6,72.593,5.0,1.0,,,17.32,32.867,22.406,3744.799,3777.666,3800.072,311.0,211.0,286.0,300.0,True,MEDIUM,5.0,True,Red Bull Racing,3727.435,2026-06-28 13:08:19.511,1,8.0,False,,False,True
3872.385,HAD,6,72.357,6.0,1.0,,,17.368,32.551,22.438,3817.44,3849.991,3872.429,312.0,212.0,284.0,301.0,True,MEDIUM,6.0,True,Red Bull Racing,3800.028,2026-06-28 13:09:32.104,1,8.0,False,,False,True
3945.091,HAD,6,72.706,7.0,1.0,,,17.37,32.869,22.467,3889.799,3922.668,3945.135,314.0,210.0,283.0,295.0,False,MEDIUM,7.0,True,Red Bull Racing,3872.385,2026-06-28 13:10:44.461,1,8.0,False,,False,True
4018.008,HAD,6,72.917,8.0,1.0,,,17.483,32.769,22.665,3962.618,3995.387,4018.052,315.0,209.0,287.0,305.0,False,MEDIUM,8.0,True,Red Bull Racing,3945.091,2026-06-28 13:11:57.167,1,8.0,False,,False,True
4090.865,HAD,6,72.857,9.0,1.0,,,17.409,32.788,22.66,4035.461,4068.249,4090.909,317.0,212.0,285.0,307.0,False,MEDIUM,9.0,True,Red Bull Racing,4018.008,2026-06-28 13:13:10.084,1,8.0,False,,False,True
4164.127,HAD,6,73.262,10.0,1.0,,,17.408,33.07,22.784,4108.317,4141.387,4164.171,318.0,209.0,286.0,307.0,False,MEDIUM,10.0,True,Red Bull Racing,4090.865,2026-06-28 13:14:22.941,1,8.0,False,,False,True
4237.576,HAD,6,73.449,11.0,1.0,,,17.514,33.046,22.889,4181.685,4214.731,4237.62,316.0,211.0,285.0,308.0,False,MEDIUM,11.0,True,Red Bull Racing,4164.127,2026-06-28 13:15:36.203,1,8.0,False,,False,True
4311.043,HAD,6,73.467,12.0,1.0,,,17.565,33.049,22.853,4255.185,4288.234,4311.087,310.0,208.0,285.0,305.0,False,MEDIUM,12.0,True,Red Bull Racing,4237.576,2026-06-28 13:16:49.652,1,8.0,False,,False,True
4384.599,HAD,6,73.556,13.0,1.0,,,17.699,33.023,22.834,4328.786,4361.809,4384.643,306.0,212.0,282.0,307.0,False,MEDIUM,13.0,True,Red Bull Racing,4311.043,2026-06-28 13:18:03.119,1,6.0,False,,False,True
4458.484,HAD,6,73.885,14.0,1.0,,,17.831,33.056,22.998,4402.474,4435.53,4458.528,299.0,209.0,284.0,301.0,False,MEDIUM,14.0,True,Red Bull Racing,4384.599,2026-06-28 13:19:16.675,1,6.0,False,,False,True
4532.002,HAD,6,73.518,15.0,1.0,,,17.74,32.899,22.879,4476.268,4509.167,4532.046,304.0,212.0,281.0,302.0,False,MEDIUM,15.0,True,Red Bull Racing,4458.484,2026-06-28 13:20:30.560,1,6.0,False,,False,True
4605.747,HAD,6,73.745,16.0,1.0,,,17.823,33.079,22.843,4549.869,4582.948,4605.791,302.0,211.0,283.0,298.0,False,MEDIUM,16.0,True,Red Bull Racing,4532.002,2026-06-28 13:21:44.078,1,6.0,False,,False,True
4679.225,HAD,6,73.478,17.0,1.0,,,17.72,33.023,22.735,4623.511,4656.534,4679.269,302.0,213.0,282.0,299.0,False,MEDIUM,17.0,True,Red Bull Racing,4605.747,2026-06-28 13:22:57.823,1,6.0,False,,False,True
4756.164,HAD,6,76.939,18.0,1.0,,4752.237,17.728,32.903,26.308,4696.997,4729.9,4756.208,302.0,213.0,,299.0,False,MEDIUM,18.0,True,Red Bull Racing,4679.225,2026-06-28 13:24:11.301,1,6.0,False,,False,False
4845.341,HAD,6,89.177,19.0,2.0,4773.949,,34.672,32.433,22.072,4790.88,4823.313,4845.385,293.0,217.0,283.0,289.0,False,MEDIUM,1.0,True,Red Bull Racing,4756.164,2026-06-28 13:25:28.240,1,9.0,False,,False,False
4917.18,HAD,6,71.839,20.0,2.0,,,17.369,32.266,22.204,4862.754,4895.02,4917.224,304.0,213.0,286.0,302.0,True,MEDIUM,2.0,True,Red Bull Racing,4845.341,2026-06-28 13:26:57.417,1,8.0,False,,False,True
4988.448,HAD,6,71.268,21.0,2.0,,,17.189,32.007,22.072,4934.413,4966.42,4988.492,311.0,212.0,287.0,302.0,True,MEDIUM,3.0,True,Red Bull Racing,4917.18,2026-06-28 13:28:09.256,1,8.0,False,,False,True
5060.246,HAD,6,71.798,22.0,2.0,,,17.31,32.345,22.143,5005.802,5038.147,5060.29,311.0,210.0,289.0,300.0,False,MEDIUM,4.0,True,Red Bull Racing,4988.448,2026-06-28 13:29:20.524,1,7.0,False,,False,True
5131.773,HAD,6,71.527,23.0,2.0,,,17.215,32.234,22.078,5077.505,5109.739,5131.817,306.0,214.0,288.0,302.0,False,MEDIUM,5.0,True,Red Bull Racing,5060.246,2026-06-28 13:30:32.322,1,7.0,False,,False,True
5203.912,HAD,6,72.139,24.0,2.0,,,17.291,32.253,22.595,5149.108,5181.361,5203.956,309.0,218.0,248.0,303.0,False,MEDIUM,6.0,True,Red Bull Racing,5131.773,2026-06-28 13:31:43.849,126,7.0,False,,False,False
5304.372,HAD,6,100.46,25.0,2.0,,,26.568,42.41,31.482,5230.524,5272.934,5304.416,216.0,168.0,205.0,220.0,False,MEDIUM,7.0,True,Red Bull Racing,5203.912,2026-06-28 13:32:55.988,6,7.0,False,,False,False
5391.964,HAD,6,87.592,26.0,2.0,,,22.406,42.014,23.172,5326.822,5368.836,5392.008,247.0,177.0,291.0,189.0,False,MEDIUM,8.0,True,Red Bull Racing,5304.372,2026-06-28 13:34:36.448,671,6.0,False,,False,False
5463.585,HAD,6,71.621,27.0,2.0,,,17.251,32.113,22.257,5409.259,5441.372,5463.629,302.0,213.0,288.0,319.0,False,MEDIUM,9.0,True,Red Bull Racing,5391.964,2026-06-28 13:36:04.040,1,6.0,False,,False,True
5535.386,HAD,6,71.801,28.0,2.0,,,17.507,32.338,21.956,5481.136,5513.474,5535.43,307.0,213.0,289.0,302.0,False,MEDIUM,10.0,True,Red Bull Racing,5463.585,2026-06-28 13:37:15.661,1,6.0,False,,False,True
5607.05,HAD,6,71.664,29.0,2.0,,,17.344,32.297,22.023,5552.774,5585.071,5607.094,310.0,210.0,289.0,304.0,False,MEDIUM,11.0,True,Red Bull Racing,5535.386,2026-06-28 13:38:27.462,1,6.0,False,,False,True
5679.874,HAD,6,72.824,30.0,2.0,,,17.331,32.793,22.7,5624.425,5657.218,5679.918,323.0,209.0,289.0,308.0,False,MEDIUM,12.0,True,Red Bull Racing,5607.05,2026-06-28 13:39:39.126,1,7.0,False,,False,True
5752.118,HAD,6,72.244,31.0,2.0,,,17.303,32.533,22.408,5697.221,5729.754,5752.162,317.0,210.0,288.0,307.0,False,MEDIUM,13.0,True,Red Bull Racing,5679.874,2026-06-28 13:40:51.950,1,7.0,False,,False,True
5824.305,HAD,6,72.187,32.0,2.0,,,17.481,32.561,22.145,5769.643,5802.204,5824.349,312.0,219.0,284.0,300.0,False,MEDIUM,14.0,True,Red Bull Racing,5752.118,2026-06-28 13:42:04.194,1,7.0,False,,False,True
5896.507,HAD,6,72.202,33.0,2.0,,,17.533,32.441,22.228,5841.882,5874.323,5896.551,310.0,217.0,285.0,303.0,False,MEDIUM,15.0,True,Red Bull Racing,5824.305,2026-06-28 13:43:16.381,1,7.0,False,,False,True
5968.844,HAD,6,72.337,34.0,2.0,,,17.49,32.602,22.245,5914.041,5946.643,5968.888,308.0,217.0,284.0,298.0,False,MEDIUM,16.0,True,Red Bull Racing,5896.507,2026-06-28 13:44:28.583,1,7.0,False,,False,True
6041.136,HAD,6,72.292,35.0,2.0,,,17.516,32.638,22.138,5986.404,6019.042,6041.18,307.0,212.0,286.0,299.0,False,MEDIUM,17.0,True,Red Bull Racing,5968.844,2026-06-28 13:45:40.920,1,7.0,False,,False,True
6113.698,HAD,6,72.562,36.0,2.0,,,17.539,32.678,22.345,6058.719,6091.397,6113.742,305.0,209.0,284.0,298.0,False,MEDIUM,18.0,True,Red Bull Racing,6041.136,2026-06-28 13:46:53.212,1,7.0,False,,False,True
6186.397,HAD,6,72.699,37.0,2.0,,,17.594,32.73,22.375,6131.336,6164.066,6186.441,306.0,209.0,284.0,300.0,False,MEDIUM,19.0,True,Red Bull Racing,6113.698,2026-06-28 13:48:05.774,1,6.0,False,,False,True
6258.625,HAD,6,72.228,38.0,2.0,,,17.534,32.533,22.161,6203.975,6236.508,6258.669,312.0,212.0,285.0,304.0,False,MEDIUM,20.0,True,Red Bull Racing,6186.397,2026-06-28 13:49:18.473,1,6.0,False,,False,True
6331.068,HAD,6,72.443,39.0,2.0,,,17.577,32.673,22.193,6276.246,6308.919,6331.112,313.0,209.0,286.0,305.0,False,MEDIUM,21.0,True,Red Bull Racing,6258.625,2026-06-28 13:50:30.701,1,6.0,False,,False,True
6406.865,HAD,6,75.797,40.0,2.0,,6403.054,17.49,32.615,25.692,6348.602,6381.217,6406.909,311.0,210.0,,304.0,False,MEDIUM,22.0,True,Red Bull Racing,6331.068,2026-06-28 13:51:43.144,1,7.0,False,,False,False
6494.623,HAD,6,87.758,41.0,3.0,6424.352,,33.745,32.205,21.808,6440.654,6472.859,6494.667,312.0,215.0,287.0,305.0,False,HARD,1.0,True,Red Bull Racing,6406.865,2026-06-28 13:52:58.941,1,8.0,False,,False,False
6565.57,HAD,6,70.947,42.0,3.0,,,17.278,31.951,21.718,6511.945,6543.896,6565.614,311.0,214.0,287.0,302.0,True,HARD,2.0,True,Red Bull Racing,6494.623,2026-06-28 13:54:26.699,1,8.0,False,,False,True
6636.797,HAD,6,71.227,43.0,3.0,,,17.113,32.114,22.0,6582.727,6614.841,6636.841,318.0,213.0,291.0,308.0,False,HARD,3.0,True,Red Bull Racing,6565.57,2026-06-28 13:55:37.646,1,8.0,False,,False,True
6708.994,HAD,6,72.197,44.0,3.0,,,16.945,32.819,22.433,6653.786,6686.605,6709.038,322.0,211.0,289.0,312.0,False,HARD,4.0,True,Red Bull Racing,6636.797,2026-06-28 13:56:48.873,1,8.0,False,,False,True
6779.996,HAD,6,71.002,45.0,3.0,,,17.187,31.92,21.895,6726.225,6758.145,6780.04,316.0,212.0,289.0,310.0,False,HARD,5.0,True,Red Bull Racing,6708.994,2026-06-28 13:58:01.070,1,8.0,False,,False,True
6851.291,HAD,6,71.295,46.0,3.0,,,17.163,32.158,21.974,6797.203,6829.361,6851.335,317.0,214.0,288.0,307.0,False,HARD,6.0,True,Red Bull Racing,6779.996,2026-06-28 13:59:12.072,1,8.0,False,,False,True
6922.789,HAD,6,71.498,47.0,3.0,,,17.238,32.25,22.01,6868.573,6900.823,6922.833,316.0,211.0,289.0,307.0,False,HARD,7.0,True,Red Bull Racing,6851.291,2026-06-28 14:00:23.367,1,8.0,False,,False,True
6994.153,HAD,6,71.364,48.0,3.0,,,17.324,32.144,21.896,6940.157,6972.301,6994.197,314.0,212.0,290.0,306.0,False,HARD,8.0,True,Red Bull Racing,6922.789,2026-06-28 14:01:34.865,1,7.0,False,,False,True
7065.536,HAD,6,71.383,49.0,3.0,,,17.254,32.113,22.016,7011.451,7043.564,7065.58,316.0,213.0,287.0,304.0,False,HARD,9.0,True,Red Bull Racing,6994.153,2026-06-28 14:02:46.229,1,7.0,False,,False,True
7137.199,HAD,6,71.663,50.0,3.0,,,17.274,32.527,21.862,7082.854,7115.381,7137.243,315.0,212.0,289.0,304.0,False,HARD,10.0,True,Red Bull Racing,7065.536,2026-06-28 14:03:57.612,1,7.0,False,,False,True
7208.661,HAD,6,71.462,51.0,3.0,,,17.287,32.284,21.891,7154.53,7186.814,7208.705,314.0,211.0,289.0,304.0,False,HARD,11.0,True,Red Bull Racing,7137.199,2026-06-28 14:05:09.275,1,7.0,False,,False,True
7290.46,HAD,6,81.799,52.0,3.0,,,17.388,35.104,29.307,7226.093,7261.197,7290.504,314.0,153.0,225.0,305.0,False,HARD,12.0,True,Red Bull Racing,7208.661,2026-06-28 14:06:20.737,167,7.0,False,,False,False
7363.481,HAD,6,73.021,53.0,3.0,,,18.701,32.27,22.05,7309.205,7341.475,7363.525,309.0,213.0,290.0,303.0,False,HARD,13.0,True,Red Bull Racing,7290.46,2026-06-28 14:07:42.536,71,7.0,False,,False,False
7434.766,HAD,6,71.285,54.0,3.0,,,17.27,32.038,21.977,7380.795,7412.833,7434.81,317.0,212.0,291.0,311.0,False,HARD,14.0,True,Red Bull Racing,7363.481,2026-06-28 14:08:55.557,1,7.0,False,,False,True
7506.23,HAD,6,71.464,55.0,3.0,,,17.19,32.236,22.038,7452.0,7484.236,7506.274,318.0,211.0,290.0,312.0,False,HARD,15.0,True,Red Bull Racing,7434.766,2026-06-28 14:10:06.842,1,7.0,False,,False,True
7578.643,HAD,6,72.413,56.0,3.0,,,17.106,33.353,21.954,7523.38,7556.733,7578.687,333.0,213.0,290.0,322.0,False,HARD,16.0,True,Red Bull Racing,7506.23,2026-06-28 14:11:18.306,1,6.0,False,,False,True
7650.161,HAD,6,71.518,57.0,3.0,,,17.366,32.258,21.894,7596.053,7628.311,7650.205,309.0,210.0,286.0,300.0,False,HARD,17.0,True,Red Bull Racing,7578.643,2026-06-28 14:12:30.719,1,6.0,False,,False,True
7721.808,HAD,6,71.647,58.0,3.0,,,17.384,32.346,21.917,7667.589,7699.935,7721.852,312.0,211.0,289.0,304.0,False,HARD,18.0,True,Red Bull Racing,7650.161,2026-06-28 14:13:42.237,1,6.0,False,,False,True
7793.367,HAD,6,71.559,59.0,3.0,,,17.347,32.311,21.901,7739.199,7771.51,7793.411,313.0,211.0,289.0,305.0,False,HARD,19.0,True,Red Bull Racing,7721.808,2026-06-28 14:14:53.884,1,6.0,False,,False,True
7864.934,HAD,6,71.567,60.0,3.0,,,17.253,32.274,22.04,7810.664,7842.938,7864.978,317.0,213.0,290.0,309.0,False,HARD,20.0,True,Red Bull Racing,7793.367,2026-06-28 14:16:05.443,1,6.0,False,,False,True
7936.769,HAD,6,71.835,61.0,3.0,,,17.334,32.407,22.094,7882.312,7914.719,7936.813,315.0,212.0,290.0,310.0,False,HARD,21.0,True,Red Bull Racing,7864.934,2026-06-28 14:17:17.010,1,6.0,False,,False,True
8008.224,HAD,6,71.455,62.0,3.0,,,17.281,32.256,21.918,7954.094,7986.35,8008.268,320.0,214.0,290.0,305.0,False,HARD,22.0,True,Red Bull Racing,7936.769,2026-06-28 14:18:28.845,1,6.0,False,,False,True
8079.716,HAD,6,71.492,63.0,3.0,,,17.276,32.287,21.929,8025.544,8057.831,8079.76,314.0,211.0,288.0,304.0,False,HARD,23.0,True,Red Bull Racing,8008.224,2026-06-28 14:19:40.300,1,6.0,False,,False,True
8151.357,HAD,6,71.641,64.0,3.0,,,17.455,32.244,21.942,8097.215,8129.459,8151.401,312.0,213.0,289.0,305.0,False,HARD,24.0,True,Red Bull Racing,8079.716,2026-06-28 14:20:51.792,1,6.0,False,,False,True
8223.156,HAD,6,71.799,65.0,3.0,,,17.363,32.46,21.976,8168.764,8201.224,8223.2,314.0,212.0,288.0,308.0,False,HARD,25.0,True,Red Bull Racing,8151.357,2026-06-28 14:22:03.433,1,6.0,False,,False,True
8294.884,HAD,6,71.728,66.0,3.0,,,17.401,32.305,22.022,8240.601,8272.906,8294.928,313.0,211.0,288.0,308.0,False,HARD,26.0,True,Red Bull Racing,8223.156,2026-06-28 14:23:15.232,1,6.0,False,,False,True
8366.745,HAD,6,71.861,67.0,3.0,,,17.365,32.477,22.019,8312.293,8344.77,8366.789,313.0,213.0,289.0,306.0,False,HARD,27.0,True,Red Bull Racing,8294.884,2026-06-28 14:24:26.960,1,6.0,False,,False,True
8438.655,HAD,6,71.91,68.0,3.0,,,17.434,32.456,22.02,8384.223,8416.679,8438.699,314.0,211.0,289.0,309.0,False,HARD,28.0,True,Red Bull Racing,8366.745,2026-06-28 14:25:38.821,1,6.0,False,,False,True
8510.302,HAD,6,71.647,69.0,3.0,,,17.323,32.349,21.975,8456.022,8488.371,8510.346,316.0,211.0,291.0,311.0,False,HARD,29.0,True,Red Bull Racing,8438.655,2026-06-28 14:26:50.731,1,6.0,False,,False,True
8582.686,HAD,6,72.384,70.0,3.0,,,17.331,32.811,22.242,8527.677,8560.488,8582.73,318.0,211.0,291.0,311.0,False,HARD,30.0,True,Red Bull Racing,8510.302,2026-06-28 14:28:02.378,1,6.0,False,,False,True
8655.324,HAD,6,72.638,71.0,3.0,,,17.427,32.689,22.522,8600.157,8632.846,8655.368,317.0,213.0,271.0,309.0,False,HARD,31.0,True,Red Bull Racing,8582.686,2026-06-28 14:29:14.762,1,6.0,False,,False,True
3502.948,RUS,63,75.002,1.0,1.0,,,,32.703,21.861,,3481.144,3503.104,290.0,205.0,283.0,278.0,False,MEDIUM,1.0,True,Mercedes,3427.653,2026-06-28 13:03:19.729,1,1.0,False,,False,False
3574.985,RUS,63,72.037,2.0,1.0,,,17.679,32.556,21.802,3520.684,3553.24,3575.042,289.0,204.0,285.0,288.0,True,MEDIUM,2.0,True,Mercedes,3502.948,2026-06-28 13:04:35.024,1,1.0,False,,False,True
3646.803,RUS,63,71.818,3.0,1.0,,,17.546,32.419,21.853,3592.588,3625.007,3646.86,289.0,205.0,286.0,293.0,True,MEDIUM,3.0,True,Mercedes,3574.985,2026-06-28 13:05:47.061,1,1.0,False,,False,True
3718.582,RUS,63,71.779,4.0,1.0,,,17.512,32.282,21.985,3664.372,3696.654,3718.639,295.0,205.0,283.0,294.0,True,MEDIUM,4.0,True,Mercedes,3646.803,2026-06-28 13:06:58.879,1,1.0,False,,False,True
3790.268,RUS,63,71.686,5.0,1.0,,,17.524,32.303,21.859,3736.163,3768.466,3790.325,300.0,206.0,286.0,298.0,True,MEDIUM,5.0,True,Mercedes,3718.582,2026-06-28 13:08:10.658,1,1.0,False,,False,True
3862.215,RUS,63,71.947,6.0,1.0,,,17.528,32.387,22.032,3807.853,3840.24,3862.272,296.0,206.0,286.0,297.0,False,MEDIUM,6.0,True,Mercedes,3790.268,2026-06-28 13:09:22.344,1,1.0,False,,False,True
3934.19,RUS,63,71.975,7.0,1.0,,,17.441,32.377,22.157,3879.713,3912.09,3934.247,299.0,204.0,285.0,296.0,False,MEDIUM,7.0,True,Mercedes,3862.215,2026-06-28 13:10:34.291,1,1.0,False,,False,True
4006.259,RUS,63,72.069,8.0,1.0,,,17.441,32.434,22.194,,3984.122,4006.316,302.0,204.0,284.0,295.0,False,MEDIUM,8.0,True,Mercedes,3934.19,2026-06-28 13:11:46.266,1,1.0,False,,False,True
4078.662,RUS,63,72.403,9.0,1.0,,,17.558,32.504,22.341,4023.874,4056.378,4078.719,301.0,203.0,283.0,296.0,False,MEDIUM,9.0,True,Mercedes,4006.259,2026-06-28 13:12:58.335,1,1.0,False,,False,True
4151.178,RUS,63,72.516,10.0,1.0,,,17.596,32.516,22.404,4096.315,4128.831,4151.235,300.0,203.0,282.0,296.0,False,MEDIUM,10.0,True,Mercedes,4078.662,2026-06-28 13:14:10.738,1,1.0,False,,False,True
4223.83,RUS,63,72.652,11.0,1.0,,,17.578,32.649,22.425,4168.813,4201.462,4223.887,303.0,202.0,282.0,298.0,False,MEDIUM,11.0,True,Mercedes,4151.178,2026-06-28 13:15:23.254,1,1.0,False,,False,True
4296.742,RUS,63,72.912,12.0,1.0,,,17.73,32.661,22.521,4241.617,4274.278,4296.799,296.0,202.0,280.0,296.0,False,MEDIUM,12.0,True,Mercedes,4223.83,2026-06-28 13:16:35.906,1,1.0,False,,False,True
4369.906,RUS,63,73.164,13.0,1.0,,,17.805,32.9,22.459,4314.604,4347.504,4369.963,300.0,203.0,284.0,299.0,False,MEDIUM,13.0,True,Mercedes,4296.742,2026-06-28 13:17:48.818,1,1.0,False,,False,True
4442.871,RUS,63,72.965,14.0,1.0,,,17.691,32.731,22.543,4387.654,4420.385,4442.928,301.0,200.0,283.0,300.0,False,MEDIUM,14.0,True,Mercedes,4369.906,2026-06-28 13:19:01.982,1,1.0,False,,False,True
4515.657,RUS,63,72.786,15.0,1.0,,,17.661,32.64,22.485,4460.589,4493.229,4515.714,302.0,202.0,284.0,302.0,False,MEDIUM,15.0,True,Mercedes,4442.871,2026-06-28 13:20:14.947,1,1.0,False,,False,True
4588.437,RUS,63,72.78,16.0,1.0,,,17.604,32.671,22.505,4533.318,4565.989,4588.494,302.0,201.0,284.0,299.0,False,MEDIUM,16.0,True,Mercedes,4515.657,2026-06-28 13:21:27.733,1,1.0,False,,False,True
4661.348,RUS,63,72.911,17.0,1.0,,,17.686,32.771,22.454,4606.18,4638.951,4661.405,303.0,200.0,282.0,299.0,False,MEDIUM,17.0,True,Mercedes,4588.437,2026-06-28 13:22:40.513,1,1.0,False,,False,True
4734.252,RUS,63,72.904,18.0,1.0,,,17.779,32.646,22.479,4679.184,4711.83,4734.309,304.0,202.0,282.0,299.0,False,MEDIUM,18.0,True,Mercedes,4661.348,2026-06-28 13:23:53.424,1,1.0,False,,False,True
4811.337,RUS,63,77.085,19.0,1.0,,4807.318,17.703,32.695,26.687,4752.012,4784.707,4811.394,305.0,201.0,,301.0,False,MEDIUM,19.0,True,Mercedes,4734.252,2026-06-28 13:25:06.328,1,1.0,False,,False,False
4900.41,RUS,63,89.073,20.0,2.0,4828.504,,34.5,32.413,22.16,4845.894,4878.307,4900.467,316.0,208.0,286.0,290.0,False,HARD,1.0,True,Mercedes,4811.337,2026-06-28 13:26:23.413,1,3.0,False,,False,False
4972.34,RUS,63,71.93,21.0,2.0,,,17.36,32.119,22.451,4917.827,4949.946,4972.397,304.0,205.0,286.0,298.0,False,HARD,2.0,True,Mercedes,4900.41,2026-06-28 13:27:52.486,1,2.0,False,,False,True
5043.798,RUS,63,71.458,22.0,2.0,,,17.361,32.083,22.014,4989.758,5021.841,5043.855,298.0,207.0,287.0,291.0,True,HARD,3.0,True,Mercedes,4972.34,2026-06-28 13:29:04.416,1,2.0,False,,False,True
5115.024,RUS,63,71.226,23.0,2.0,,,17.319,32.023,21.884,5061.174,5093.197,5115.081,294.0,206.0,287.0,291.0,True,HARD,4.0,True,Mercedes,5043.798,2026-06-28 13:30:15.874,1,2.0,False,,False,True
5186.904,RUS,63,71.88,24.0,2.0,,,17.427,32.134,22.319,5132.508,5164.642,5186.961,294.0,205.0,261.0,293.0,False,HARD,5.0,True,Mercedes,5115.024,2026-06-28 13:31:27.100,12,2.0,False,,False,True
5283.8,RUS,63,96.896,25.0,2.0,,,17.649,44.969,34.278,5204.61,5249.579,5283.857,268.0,198.0,165.0,234.0,False,HARD,6.0,True,Mercedes,5186.904,2026-06-28 13:32:38.980,26,1.0,False,,False,False
5375.066,RUS,63,91.266,26.0,2.0,,,20.29,41.738,29.238,5304.147,5345.885,5375.123,277.0,147.0,243.0,156.0,False,HARD,7.0,True,Mercedes,5283.8,2026-06-28 13:34:15.876,671,1.0,False,,False,False
5446.992,RUS,63,71.926,27.0,2.0,,,17.647,32.265,22.014,5392.77,5425.035,5447.049,297.0,208.0,286.0,295.0,False,HARD,8.0,True,Mercedes,5375.066,2026-06-28 13:35:47.142,1,1.0,False,,False,True
5518.255,RUS,63,71.263,28.0,2.0,,,17.371,31.959,21.933,5464.42,5496.379,5518.312,304.0,208.0,288.0,302.0,False,HARD,9.0,True,Mercedes,5446.992,2026-06-28 13:36:59.068,1,1.0,False,,False,True
5589.508,RUS,63,71.253,29.0,2.0,,,17.384,31.903,21.966,5535.696,5567.599,5589.565,307.0,206.0,287.0,299.0,False,HARD,10.0,True,Mercedes,5518.255,2026-06-28 13:38:10.331,1,1.0,False,,False,True
5660.782,RUS,63,71.274,30.0,2.0,,,17.389,31.904,21.981,5606.954,5638.858,5660.839,304.0,206.0,287.0,303.0,False,HARD,11.0,True,Mercedes,5589.508,2026-06-28 13:39:21.584,1,1.0,False,,False,True
5732.336,RUS,63,71.554,31.0,2.0,,,17.37,32.1,22.084,5678.209,5710.309,5732.393,309.0,206.0,290.0,303.0,False,HARD,12.0,True,Mercedes,5660.782,2026-06-28 13:40:32.858,1,1.0,False,,False,True
5804.042,RUS,63,71.706,32.0,2.0,,,17.364,32.275,22.067,5749.757,5782.032,5804.099,307.0,207.0,289.0,296.0,False,HARD,13.0,True,Mercedes,5732.336,2026-06-28 13:41:44.412,1,1.0,False,,False,True
5875.588,RUS,63,71.546,33.0,2.0,,,17.362,32.125,22.059,5821.461,5853.586,5875.645,302.0,205.0,288.0,296.0,False,HARD,14.0,True,Mercedes,5804.042,2026-06-28 13:42:56.118,1,1.0,False,,False,True
5947.654,RUS,63,72.066,34.0,2.0,,,17.464,32.416,22.186,5893.109,5925.525,5947.711,298.0,204.0,287.0,293.0,False,HARD,15.0,True,Mercedes,5875.588,2026-06-28 13:44:07.664,1,1.0,False,,False,True
6019.728,RUS,63,72.074,35.0,2.0,,,17.559,32.394,22.121,5965.27,5997.664,6019.785,295.0,205.0,286.0,292.0,False,HARD,16.0,True,Mercedes,5947.654,2026-06-28 13:45:19.730,1,1.0,False,,False,True
6092.443,RUS,63,72.715,36.0,2.0,,,17.505,33.056,22.154,6037.29,6070.346,6092.5,302.0,207.0,285.0,293.0,False,HARD,17.0,True,Mercedes,6019.728,2026-06-28 13:46:31.804,1,1.0,False,,False,True
6164.586,RUS,63,72.143,37.0,2.0,,,17.516,32.331,22.296,6110.016,6142.347,6164.643,303.0,204.0,287.0,301.0,False,HARD,18.0,True,Mercedes,6092.443,2026-06-28 13:47:44.519,1,1.0,False,,False,True
6236.951,RUS,63,72.365,38.0,2.0,,,17.409,32.747,22.209,6182.052,6214.799,6237.008,312.0,204.0,287.0,303.0,False,HARD,19.0,True,Mercedes,6164.586,2026-06-28 13:48:56.662,1,1.0,False,,False,True
6309.567,RUS,63,72.616,39.0,2.0,,,17.472,32.949,22.195,6254.48,6287.429,6309.624,308.0,206.0,288.0,300.0,False,HARD,20.0,True,Mercedes,6236.951,2026-06-28 13:50:09.027,1,1.0,False,,False,True
6381.801,RUS,63,72.234,40.0,2.0,,,17.543,32.534,22.157,6327.167,6359.701,6381.858,307.0,205.0,288.0,302.0,False,HARD,21.0,True,Mercedes,6309.567,2026-06-28 13:51:21.643,1,1.0,False,,False,True
6453.736,RUS,63,71.935,41.0,2.0,,,17.483,32.335,22.117,6399.341,6431.676,6453.793,308.0,203.0,288.0,299.0,False,HARD,22.0,True,Mercedes,6381.801,2026-06-28 13:52:33.877,1,1.0,False,,False,True
6525.961,RUS,63,72.225,42.0,2.0,,,17.384,32.631,22.21,6471.177,6503.808,6526.018,309.0,202.0,289.0,300.0,False,HARD,23.0,True,Mercedes,6453.736,2026-06-28 13:53:45.812,1,1.0,False,,False,True
6602.169,RUS,63,76.208,43.0,2.0,,6598.395,17.375,32.469,26.364,6543.393,6575.862,6602.226,311.0,203.0,,302.0,False,HARD,24.0,True,Mercedes,6525.961,2026-06-28 13:54:58.037,1,2.0,False,,False,False
6690.022,RUS,63,87.853,44.0,3.0,6619.605,,33.942,32.095,21.816,6636.168,6668.263,6690.079,318.0,208.0,288.0,292.0,False,HARD,1.0,True,Mercedes,6602.169,2026-06-28 13:56:14.245,1,3.0,False,,False,False
6760.882,RUS,63,70.86,45.0,3.0,,,17.21,31.772,21.878,6707.289,6739.061,6760.939,309.0,207.0,289.0,302.0,True,HARD,2.0,True,Mercedes,6690.022,2026-06-28 13:57:42.098,1,3.0,False,,False,True
6831.927,RUS,63,71.045,46.0,3.0,,,17.128,31.956,21.961,6778.067,6810.023,6831.984,312.0,207.0,289.0,302.0,False,HARD,3.0,True,Mercedes,6760.882,2026-06-28 13:58:52.958,1,3.0,False,,False,True
6902.831,RUS,63,70.904,47.0,3.0,,,17.24,31.906,21.758,6849.224,6881.13,6902.888,310.0,207.0,291.0,302.0,False,HARD,4.0,True,Mercedes,6831.927,2026-06-28 14:00:04.003,1,3.0,False,,False,True
6974.046,RUS,63,71.215,48.0,3.0,,,17.255,31.949,22.011,6920.143,6952.092,6974.103,310.0,207.0,289.0,305.0,False,HARD,5.0,True,Mercedes,6902.831,2026-06-28 14:01:14.907,1,3.0,False,,False,True
7044.729,RUS,63,70.683,49.0,3.0,,,17.23,31.759,21.694,6991.333,7023.092,7044.786,306.0,206.0,293.0,300.0,True,HARD,6.0,True,Mercedes,6974.046,2026-06-28 14:02:26.122,1,3.0,False,,False,True
7115.681,RUS,63,70.952,50.0,3.0,,,17.113,31.932,21.907,7061.899,7093.831,7115.738,310.0,208.0,290.0,302.0,False,HARD,7.0,True,Mercedes,7044.729,2026-06-28 14:03:36.805,1,2.0,False,,False,True
7186.852,RUS,63,71.171,51.0,3.0,,,17.288,31.881,22.002,7133.026,7164.907,7186.909,312.0,207.0,290.0,300.0,False,HARD,8.0,True,Mercedes,7115.681,2026-06-28 14:04:47.757,1,2.0,False,,False,True
7262.493,RUS,63,75.641,52.0,3.0,,,17.315,31.919,26.407,7204.224,7236.143,7262.55,305.0,207.0,159.0,300.0,False,HARD,9.0,True,Mercedes,7186.852,2026-06-28 14:05:58.928,16,1.0,False,,False,False
7342.524,RUS,63,80.031,53.0,3.0,,,22.236,36.084,21.711,7284.786,7320.87,7342.581,208.0,208.0,291.0,271.0,False,HARD,10.0,True,Mercedes,7262.493,2026-06-28 14:07:14.569,671,1.0,False,,False,False
7413.461,RUS,63,70.937,54.0,3.0,,,17.256,31.973,21.708,7359.837,7391.81,7413.518,308.0,208.0,293.0,303.0,False,HARD,11.0,True,Mercedes,7342.524,2026-06-28 14:08:34.600,1,1.0,False,,False,True
7484.357,RUS,63,70.896,55.0,3.0,,,17.163,31.813,21.92,7430.681,7462.494,7484.414,310.0,207.0,291.0,306.0,False,HARD,12.0,True,Mercedes,7413.461,2026-06-28 14:09:45.537,1,1.0,False,,False,True
7555.137,RUS,63,70.78,56.0,3.0,,,17.226,31.838,21.716,7501.64,7533.478,7555.194,306.0,207.0,293.0,304.0,False,HARD,13.0,True,Mercedes,7484.357,2026-06-28 14:10:56.433,1,1.0,False,,False,True
7626.64,RUS,63,71.503,57.0,3.0,,,17.495,32.21,21.798,7572.689,7604.899,7626.697,313.0,206.0,291.0,305.0,False,HARD,14.0,True,Mercedes,7555.137,2026-06-28 14:12:07.213,1,1.0,True,TRACK LIMITS AT TURN 1 LAP 57 ,False,True
7697.65,RUS,63,71.01,58.0,3.0,,,17.152,32.121,21.737,7643.849,7675.97,7697.707,312.0,208.0,290.0,302.0,False,HARD,15.0,True,Mercedes,7626.64,2026-06-28 14:13:18.716,1,1.0,False,,False,True
7768.793,RUS,63,71.143,59.0,3.0,,,17.27,32.04,21.833,7714.977,7747.017,7768.85,306.0,207.0,289.0,300.0,False,HARD,16.0,True,Mercedes,7697.65,2026-06-28 14:14:29.726,1,1.0,False,,False,True
7840.154,RUS,63,71.361,60.0,3.0,,,17.411,32.115,21.835,7786.261,7818.376,7840.211,301.0,207.0,289.0,299.0,False,HARD,17.0,True,Mercedes,7768.793,2026-06-28 14:15:40.869,1,1.0,False,,False,True
7911.267,RUS,63,71.113,61.0,3.0,,,17.254,32.049,21.81,7857.465,7889.514,7911.324,307.0,207.0,290.0,302.0,False,HARD,18.0,True,Mercedes,7840.154,2026-06-28 14:16:52.230,1,1.0,False,,False,True
7982.429,RUS,63,71.162,62.0,3.0,,,17.27,32.12,21.772,7928.594,7960.714,7982.486,306.0,207.0,292.0,304.0,False,HARD,19.0,True,Mercedes,7911.267,2026-06-28 14:18:03.343,1,1.0,False,,False,True
8053.497,RUS,63,71.068,63.0,3.0,,,17.221,31.956,21.891,7999.707,8031.663,8053.554,310.0,207.0,291.0,305.0,False,HARD,20.0,True,Mercedes,7982.429,2026-06-28 14:19:14.505,1,1.0,False,,False,True
8124.788,RUS,63,71.291,64.0,3.0,,,17.284,32.103,21.904,8070.838,8102.941,8124.845,311.0,206.0,292.0,304.0,False,HARD,21.0,True,Mercedes,8053.497,2026-06-28 14:20:25.573,1,1.0,False,,False,True
8196.369,RUS,63,71.581,65.0,3.0,,,17.22,32.318,22.043,8142.065,8174.383,8196.426,316.0,207.0,292.0,307.0,False,HARD,22.0,True,Mercedes,8124.788,2026-06-28 14:21:36.864,1,1.0,False,,False,True
8267.984,RUS,63,71.615,66.0,3.0,,,17.189,32.336,22.09,8213.615,8245.951,8268.041,316.0,205.0,290.0,304.0,False,HARD,23.0,True,Mercedes,8196.369,2026-06-28 14:22:48.445,1,1.0,False,,False,True
8339.541,RUS,63,71.557,67.0,3.0,,,17.279,32.305,21.973,8285.32,8317.625,8339.598,309.0,206.0,290.0,303.0,False,HARD,24.0,True,Mercedes,8267.984,2026-06-28 14:24:00.060,1,1.0,False,,False,True
8411.03,RUS,63,71.489,68.0,3.0,,,17.287,32.217,21.985,8356.885,8389.102,8411.087,308.0,206.0,291.0,305.0,False,HARD,25.0,True,Mercedes,8339.541,2026-06-28 14:25:11.617,1,1.0,False,,False,True
8482.455,RUS,63,71.425,69.0,3.0,,,17.249,32.184,21.992,8428.336,8460.52,8482.512,310.0,207.0,292.0,308.0,False,HARD,26.0,True,Mercedes,8411.03,2026-06-28 14:26:23.106,1,1.0,False,,False,True
8554.093,RUS,63,71.638,70.0,3.0,,,17.197,32.435,22.006,8499.709,8532.144,8554.15,320.0,202.0,292.0,313.0,False,HARD,27.0,True,Mercedes,8482.455,2026-06-28 14:27:34.531,1,1.0,False,,False,True
8625.925,RUS,63,71.832,71.0,3.0,,,17.267,32.461,22.104,8571.417,8603.878,8625.982,307.0,202.0,287.0,305.0,False,HARD,28.0,True,Mercedes,8554.093,2026-06-28 14:28:46.169,1,1.0,False,,False,True
3512.022,BOT,77,84.016,1.0,1.0,,,,35.182,24.614,,3487.543,3512.115,291.0,202.0,291.0,293.0,False,MEDIUM,1.0,True,Cadillac,3427.653,2026-06-28 13:03:19.729,1,21.0,False,,False,False
3599.77,BOT,77,87.748,2.0,1.0,,3595.755,17.904,36.123,33.721,3529.926,3566.049,3599.77,323.0,173.0,,267.0,False,MEDIUM,2.0,True,Cadillac,3512.022,2026-06-28 13:04:44.098,1,22.0,False,,False,False
3506.069,PIA,81,78.123,1.0,1.0,,,,33.419,22.84,,3483.236,3506.069,315.0,203.0,285.0,316.0,False,MEDIUM,1.0,True,McLaren,3427.653,2026-06-28 13:03:19.729,1,6.0,False,,False,False
3579.569,PIA,81,73.5,2.0,1.0,,,17.495,33.132,22.873,3523.564,3556.696,3579.569,309.0,198.0,290.0,334.0,True,MEDIUM,2.0,True,McLaren,3506.069,2026-06-28 13:04:38.145,1,6.0,False,,False,True
3652.27,PIA,81,72.701,3.0,1.0,,,17.357,32.819,22.525,3596.926,3629.745,3652.27,311.0,201.0,289.0,309.0,True,MEDIUM,3.0,True,McLaren,3579.569,2026-06-28 13:05:51.645,1,6.0,False,,False,True
3724.63,PIA,81,72.36,4.0,1.0,,,17.389,32.627,22.344,3669.659,3702.286,3724.63,315.0,202.0,288.0,311.0,True,MEDIUM,4.0,True,McLaren,3652.27,2026-06-28 13:07:04.346,1,6.0,False,,False,True
3796.864,PIA,81,72.234,5.0,1.0,,,17.293,32.656,22.285,3741.923,3774.579,3796.864,313.0,201.0,284.0,309.0,True,MEDIUM,5.0,True,McLaren,3724.63,2026-06-28 13:08:16.706,1,6.0,False,,False,True
3869.254,PIA,81,72.39,6.0,1.0,,,17.405,32.515,22.47,3814.269,3846.784,3869.254,315.0,201.0,285.0,311.0,False,MEDIUM,6.0,True,McLaren,3796.864,2026-06-28 13:09:28.940,1,6.0,False,,False,True
3942.027,PIA,81,72.773,7.0,1.0,,,17.385,32.611,22.777,3886.639,3919.25,3942.027,316.0,202.0,287.0,308.0,False,MEDIUM,7.0,True,McLaren,3869.254,2026-06-28 13:10:41.330,1,6.0,False,,False,True
4015.248,PIA,81,73.221,8.0,1.0,,,17.548,32.847,22.826,3959.575,3992.422,4015.248,315.0,201.0,287.0,308.0,False,MEDIUM,8.0,True,McLaren,3942.027,2026-06-28 13:11:54.103,1,6.0,False,,False,True
4088.366,PIA,81,73.118,9.0,1.0,,,17.432,32.822,22.864,4032.68,4065.502,4088.366,315.0,200.0,285.0,308.0,False,MEDIUM,9.0,True,McLaren,4015.248,2026-06-28 13:13:07.324,1,6.0,False,,False,True
4161.586,PIA,81,73.22,10.0,1.0,,,17.611,32.685,22.924,4105.977,4138.662,4161.586,311.0,200.0,286.0,306.0,False,MEDIUM,10.0,True,McLaren,4088.366,2026-06-28 13:14:20.442,1,6.0,False,,False,True
4234.97,PIA,81,73.384,11.0,1.0,,,17.541,32.798,23.045,4179.127,4211.925,4234.97,310.0,201.0,287.0,307.0,False,MEDIUM,11.0,True,McLaren,4161.586,2026-06-28 13:15:33.662,1,6.0,False,,False,True
4308.396,PIA,81,73.426,12.0,1.0,,,17.537,32.911,22.978,4252.507,4285.418,4308.396,310.0,200.0,286.0,307.0,False,MEDIUM,12.0,True,McLaren,4234.97,2026-06-28 13:16:47.046,1,6.0,False,,False,True
4382.071,PIA,81,73.675,13.0,1.0,,,17.632,32.954,23.089,4326.028,4358.982,4382.071,309.0,201.0,284.0,307.0,False,MEDIUM,13.0,True,McLaren,4308.396,2026-06-28 13:18:00.472,1,4.0,False,,False,True
4455.489,PIA,81,73.418,14.0,1.0,,,17.719,32.828,22.871,4399.79,4432.618,4455.489,303.0,200.0,283.0,303.0,False,MEDIUM,14.0,True,McLaren,4382.071,2026-06-28 13:19:14.147,1,4.0,False,,False,True
4528.724,PIA,81,73.235,15.0,1.0,,,17.656,32.791,22.788,4473.145,4505.936,4528.724,303.0,199.0,283.0,302.0,False,MEDIUM,15.0,True,McLaren,4455.489,2026-06-28 13:20:27.565,1,4.0,False,,False,True
4601.903,PIA,81,73.179,16.0,1.0,,,17.698,32.601,22.88,4546.422,4579.023,4601.903,304.0,200.0,284.0,302.0,False,MEDIUM,16.0,True,McLaren,4528.724,2026-06-28 13:21:40.800,1,4.0,False,,False,True
4675.004,PIA,81,73.101,17.0,1.0,,,17.618,32.693,22.79,4619.521,4652.214,4675.004,305.0,198.0,284.0,300.0,False,MEDIUM,17.0,True,McLaren,4601.903,2026-06-28 13:22:53.979,1,4.0,False,,False,True
4748.455,PIA,81,73.451,18.0,1.0,,,17.747,32.915,22.789,4692.751,4725.666,4748.455,305.0,199.0,281.0,299.0,False,MEDIUM,18.0,True,McLaren,4675.004,2026-06-28 13:24:07.080,1,4.0,False,,False,True
4826.709,PIA,81,78.254,19.0,1.0,,4822.383,17.845,32.918,27.491,4766.3,4799.218,4826.709,305.0,202.0,,299.0,False,MEDIUM,19.0,True,McLaren,4748.455,2026-06-28 13:25:20.531,1,4.0,False,,False,False
4916.244,PIA,81,89.535,20.0,2.0,4844.507,,34.874,32.462,22.199,4861.583,4894.045,4916.244,299.0,205.0,286.0,302.0,False,HARD,1.0,True,McLaren,4826.709,2026-06-28 13:26:38.785,1,7.0,False,,False,False
4987.708,PIA,81,71.464,21.0,2.0,,,17.423,32.024,22.017,4933.667,4965.691,4987.708,306.0,204.0,284.0,300.0,True,HARD,2.0,True,McLaren,4916.244,2026-06-28 13:28:08.320,1,7.0,False,,False,True
5059.286,PIA,81,71.578,22.0,2.0,,,17.409,32.15,22.019,5005.117,5037.267,5059.286,307.0,202.0,287.0,300.0,False,HARD,3.0,True,McLaren,4987.708,2026-06-28 13:29:19.784,1,6.0,False,,False,True
5130.713,PIA,81,71.427,23.0,2.0,,,17.375,32.048,22.004,5076.661,5108.709,5130.713,306.0,203.0,287.0,302.0,True,HARD,4.0,True,McLaren,5059.286,2026-06-28 13:30:31.362,1,6.0,False,,False,True
5202.923,PIA,81,72.21,24.0,2.0,,,17.414,32.127,22.669,5148.127,5180.254,5202.923,306.0,204.0,250.0,303.0,False,HARD,5.0,True,McLaren,5130.713,2026-06-28 13:31:42.789,126,6.0,False,,False,False
5301.237,PIA,81,98.314,25.0,2.0,,,24.409,43.923,29.982,5227.332,5271.255,5301.237,229.0,183.0,209.0,201.0,False,HARD,6.0,True,McLaren,5202.923,2026-06-28 13:32:54.999,6,6.0,False,,False,False
5391.365,PIA,81,90.128,26.0,2.0,,,23.13,42.816,24.182,5324.367,5367.183,5391.365,239.0,166.0,286.0,248.0,False,HARD,7.0,True,McLaren,5301.237,2026-06-28 13:34:33.313,671,5.0,False,,False,False
5463.023,PIA,81,71.658,27.0,2.0,,,17.247,32.148,22.263,5408.612,5440.76,5463.023,313.0,202.0,288.0,305.0,False,HARD,8.0,True,McLaren,5391.365,2026-06-28 13:36:03.441,1,5.0,False,,False,True
5534.25,PIA,81,71.227,28.0,2.0,,,17.372,31.968,21.887,5480.395,5512.363,5534.25,308.0,205.0,286.0,303.0,True,HARD,9.0,True,McLaren,5463.023,2026-06-28 13:37:15.099,1,5.0,False,,False,True
5606.168,PIA,81,71.918,29.0,2.0,,,17.405,32.299,22.214,5551.655,5583.954,5606.168,310.0,203.0,289.0,305.0,False,HARD,10.0,True,McLaren,5534.25,2026-06-28 13:38:26.326,1,5.0,False,,False,True
5677.317,PIA,81,71.149,30.0,2.0,,,17.252,31.988,21.909,5623.42,5655.408,5677.317,310.0,201.0,289.0,303.0,True,HARD,11.0,True,McLaren,5606.168,2026-06-28 13:39:38.244,1,5.0,False,,False,True
5749.085,PIA,81,71.768,31.0,2.0,,,17.321,32.391,22.056,5694.638,5727.029,5749.085,313.0,202.0,286.0,304.0,False,HARD,12.0,True,McLaren,5677.317,2026-06-28 13:40:49.393,1,5.0,False,,False,True
5820.939,PIA,81,71.854,32.0,2.0,,,17.472,32.258,22.124,5766.557,5798.815,5820.939,312.0,201.0,289.0,306.0,False,HARD,13.0,True,McLaren,5749.085,2026-06-28 13:42:01.161,1,5.0,False,,False,True
5892.719,PIA,81,71.78,33.0,2.0,,,17.367,32.246,22.167,5838.306,5870.552,5892.719,314.0,202.0,289.0,306.0,False,HARD,14.0,True,McLaren,5820.939,2026-06-28 13:43:13.015,1,5.0,False,,False,True
5964.767,PIA,81,72.048,34.0,2.0,,,17.366,32.457,22.225,5910.085,5942.542,5964.767,314.0,199.0,289.0,307.0,False,HARD,15.0,True,McLaren,5892.719,2026-06-28 13:44:24.795,1,5.0,False,,False,True
6036.708,PIA,81,71.941,35.0,2.0,,,17.402,32.324,22.215,5982.169,6014.493,6036.708,315.0,199.0,290.0,311.0,False,HARD,16.0,True,McLaren,5964.767,2026-06-28 13:45:36.843,1,5.0,False,,False,True
6109.026,PIA,81,72.318,36.0,2.0,,,17.57,32.472,22.276,6054.278,6086.75,6109.026,318.0,199.0,291.0,312.0,False,HARD,17.0,True,McLaren,6036.708,2026-06-28 13:46:48.784,1,5.0,True,TRACK LIMITS AT TURN 1 LAP 36 ,False,True
6181.57,PIA,81,72.544,37.0,2.0,,,17.301,32.833,22.41,6126.327,6159.16,6181.57,346.0,198.0,283.0,296.0,False,HARD,18.0,True,McLaren,6109.026,2026-06-28 13:48:01.102,1,4.0,False,,False,True
6253.955,PIA,81,72.385,38.0,2.0,,,17.599,32.438,22.348,6199.169,6231.607,6253.955,306.0,201.0,286.0,299.0,False,HARD,19.0,True,McLaren,6181.57,2026-06-28 13:49:13.646,1,4.0,False,,False,True
6325.979,PIA,81,72.024,39.0,2.0,,,17.497,32.408,22.119,6271.452,6303.86,6325.979,307.0,201.0,285.0,302.0,False,HARD,20.0,True,McLaren,6253.955,2026-06-28 13:50:26.031,1,4.0,False,,False,True
6397.996,PIA,81,72.017,40.0,2.0,,,17.484,32.369,22.164,6343.463,6375.832,6397.996,310.0,202.0,289.0,303.0,False,HARD,21.0,True,McLaren,6325.979,2026-06-28 13:51:38.055,1,4.0,False,,False,True
6470.112,PIA,81,72.116,41.0,2.0,,,17.406,32.424,22.286,6415.402,6447.826,6470.112,312.0,200.0,290.0,305.0,False,HARD,22.0,True,McLaren,6397.996,2026-06-28 13:52:50.072,1,4.0,False,,False,True
6546.593,PIA,81,76.481,42.0,2.0,,6542.559,17.391,32.496,26.594,6487.503,6519.999,6546.593,314.0,202.0,,302.0,False,HARD,23.0,True,McLaren,6470.112,2026-06-28 13:54:02.188,1,4.0,False,,False,False
6634.686,PIA,81,88.093,43.0,3.0,6563.66,,33.821,32.322,21.95,6580.414,6612.736,6634.686,303.0,204.0,293.0,302.0,False,HARD,1.0,True,McLaren,6546.593,2026-06-28 13:55:18.669,1,6.0,False,,False,False
6705.439,PIA,81,70.753,44.0,3.0,,,17.247,31.846,21.66,6651.933,6683.779,6705.439,311.0,206.0,292.0,302.0,True,HARD,2.0,True,McLaren,6634.686,2026-06-28 13:56:46.762,1,6.0,False,,False,True
6776.034,PIA,81,70.595,45.0,3.0,,,17.129,31.733,21.733,6722.568,6754.301,6776.034,312.0,205.0,290.0,306.0,True,HARD,3.0,True,McLaren,6705.439,2026-06-28 13:57:57.515,1,6.0,False,,False,True
6846.878,PIA,81,70.844,46.0,3.0,,,17.179,31.842,21.823,6793.213,6825.055,6846.878,314.0,205.0,292.0,309.0,False,HARD,4.0,True,McLaren,6776.034,2026-06-28 13:59:08.110,1,6.0,False,,False,True
6917.98,PIA,81,71.102,47.0,3.0,,,17.168,32.102,21.832,6864.046,6896.148,6917.98,315.0,202.0,294.0,311.0,False,HARD,5.0,True,McLaren,6846.878,2026-06-28 14:00:18.954,1,6.0,False,,False,True
6989.369,PIA,81,71.389,48.0,3.0,,,17.085,32.319,21.985,6935.065,6967.384,6989.369,328.0,204.0,289.0,302.0,False,HARD,6.0,True,McLaren,6917.98,2026-06-28 14:01:30.056,1,4.0,False,,False,True
7060.644,PIA,81,71.275,49.0,3.0,,,17.351,32.068,21.856,7006.72,7038.788,7060.644,307.0,205.0,287.0,297.0,False,HARD,7.0,True,McLaren,6989.369,2026-06-28 14:02:41.445,1,4.0,False,,False,True
7131.891,PIA,81,71.247,50.0,3.0,,,17.397,31.984,21.866,7078.041,7110.025,7131.891,310.0,205.0,290.0,301.0,False,HARD,8.0,True,McLaren,7060.644,2026-06-28 14:03:52.720,1,4.0,False,,False,True
7202.992,PIA,81,71.101,51.0,3.0,,,17.284,32.066,21.751,7149.175,7181.241,7202.992,309.0,203.0,291.0,302.0,False,HARD,9.0,True,McLaren,7131.891,2026-06-28 14:05:03.967,1,4.0,False,,False,True
7282.807,PIA,81,79.815,52.0,3.0,,,17.254,32.085,30.476,7220.246,7252.331,7282.807,315.0,203.0,219.0,308.0,False,HARD,10.0,True,McLaren,7202.992,2026-06-28 14:06:15.068,16,4.0,False,,False,False
7358.105,PIA,81,75.298,53.0,3.0,,,21.626,31.919,21.753,7304.433,7336.352,7358.105,302.0,205.0,293.0,310.0,False,HARD,11.0,True,McLaren,7282.807,2026-06-28 14:07:34.883,671,4.0,False,,False,False
7429.104,PIA,81,70.999,54.0,3.0,,,17.207,31.881,21.911,7375.312,7407.193,7429.104,313.0,204.0,291.0,311.0,False,HARD,12.0,True,McLaren,7358.105,2026-06-28 14:08:50.181,1,4.0,False,,False,True
7500.16,PIA,81,71.056,55.0,3.0,,,17.24,31.961,21.855,7446.344,7478.305,7500.16,311.0,204.0,290.0,306.0,False,HARD,13.0,True,McLaren,7429.104,2026-06-28 14:10:01.180,1,4.0,False,,False,True
7571.227,PIA,81,71.067,56.0,3.0,,,17.297,31.933,21.837,7517.457,7549.39,7571.227,310.0,204.0,290.0,305.0,False,HARD,14.0,True,McLaren,7500.16,2026-06-28 14:11:12.236,1,4.0,False,,False,True
7642.562,PIA,81,71.335,57.0,3.0,,,17.328,32.158,21.849,7588.555,7620.713,7642.562,311.0,204.0,291.0,303.0,False,HARD,15.0,True,McLaren,7571.227,2026-06-28 14:12:23.303,1,4.0,False,,False,True
7713.781,PIA,81,71.219,58.0,3.0,,,17.288,32.11,21.821,7659.85,7691.96,7713.781,310.0,205.0,292.0,304.0,False,HARD,16.0,True,McLaren,7642.562,2026-06-28 14:13:34.638,1,4.0,False,,False,True
7785.113,PIA,81,71.332,59.0,3.0,,,17.29,32.156,21.886,7731.071,7763.227,7785.113,309.0,204.0,291.0,303.0,False,HARD,17.0,True,McLaren,7713.781,2026-06-28 14:14:45.857,1,4.0,False,,False,True
7856.245,PIA,81,71.132,60.0,3.0,,,17.263,31.976,21.893,7802.376,7834.352,7856.245,311.0,203.0,290.0,305.0,False,HARD,18.0,True,McLaren,7785.113,2026-06-28 14:15:57.189,1,4.0,False,,False,True
7927.608,PIA,81,71.363,61.0,3.0,,,17.308,32.119,21.936,7873.553,7905.672,7927.608,312.0,203.0,291.0,304.0,False,HARD,19.0,True,McLaren,7856.245,2026-06-28 14:17:08.321,1,4.0,False,,False,True
7999.133,PIA,81,71.525,62.0,3.0,,,17.249,32.28,21.996,7944.857,7977.137,7999.133,314.0,203.0,291.0,306.0,False,HARD,20.0,True,McLaren,7927.608,2026-06-28 14:18:19.684,1,4.0,False,,False,True
8071.016,PIA,81,71.883,63.0,3.0,,,17.317,32.596,21.97,8016.45,8049.046,8071.016,315.0,203.0,292.0,305.0,False,HARD,21.0,True,McLaren,7999.133,2026-06-28 14:19:31.209,1,4.0,False,,False,True
8142.334,PIA,81,71.318,64.0,3.0,,,17.24,32.166,21.912,8088.256,8120.422,8142.334,316.0,205.0,290.0,305.0,False,HARD,22.0,True,McLaren,8071.016,2026-06-28 14:20:43.092,1,4.0,False,,False,True
8213.813,PIA,81,71.479,65.0,3.0,,,17.297,32.192,21.99,8159.631,8191.823,8213.813,311.0,201.0,291.0,305.0,False,HARD,23.0,True,McLaren,8142.334,2026-06-28 14:21:54.410,1,4.0,False,,False,True
8285.946,PIA,81,72.133,66.0,3.0,,,17.375,32.512,22.246,8231.188,8263.7,8285.946,311.0,203.0,288.0,305.0,False,HARD,24.0,True,McLaren,8213.813,2026-06-28 14:23:05.889,1,4.0,False,,False,True
8357.883,PIA,81,71.937,67.0,3.0,,,17.494,32.364,22.079,8303.44,8335.804,8357.883,310.0,204.0,293.0,305.0,False,HARD,25.0,True,McLaren,8285.946,2026-06-28 14:24:18.022,1,4.0,False,,False,True
8429.657,PIA,81,71.774,68.0,3.0,,,17.339,32.314,22.121,8375.222,8407.536,8429.657,310.0,204.0,290.0,305.0,False,HARD,26.0,True,McLaren,8357.883,2026-06-28 14:25:29.959,1,4.0,False,,False,True
8502.166,PIA,81,72.509,69.0,3.0,,,17.343,32.514,22.652,8447.0,8479.514,8502.166,316.0,202.0,290.0,312.0,False,HARD,27.0,True,McLaren,8429.657,2026-06-28 14:26:41.733,1,4.0,False,,False,True
8575.231,PIA,81,73.065,70.0,3.0,,,17.415,32.973,22.677,8519.581,8552.554,8575.231,316.0,188.0,289.0,313.0,False,HARD,28.0,True,McLaren,8502.166,2026-06-28 14:27:54.242,1,4.0,False,,False,True
8647.734,PIA,81,72.503,71.0,3.0,,,17.583,32.631,22.289,8592.814,8625.445,8647.734,310.0,203.0,290.0,303.0,False,HARD,29.0,True,McLaren,8575.231,2026-06-28 14:29:07.307,1,4.0,False,,False,True
3509.488,BEA,87,81.542,1.0,1.0,,,,34.659,23.559,,3485.998,3509.687,300.0,205.0,288.0,286.0,False,MEDIUM,1.0,True,Haas F1 Team,3427.653,2026-06-28 13:03:19.729,1,15.0,False,,False,False
3583.886,BEA,87,74.398,2.0,1.0,,,17.691,33.674,23.033,3527.233,3560.907,3583.94,320.0,206.0,287.0,300.0,True,MEDIUM,2.0,True,Haas F1 Team,3509.488,2026-06-28 13:04:41.564,1,15.0,False,,False,True
3657.993,BEA,87,74.107,3.0,1.0,,,17.609,33.515,22.983,3601.549,3635.064,3658.047,321.0,206.0,288.0,304.0,True,MEDIUM,3.0,True,Haas F1 Team,3583.886,2026-06-28 13:05:55.962,1,15.0,False,,False,True
3732.096,BEA,87,74.103,4.0,1.0,,,17.487,33.537,23.079,3675.534,3709.071,3732.15,318.0,204.0,286.0,305.0,True,MEDIUM,4.0,True,Haas F1 Team,3657.993,2026-06-28 13:07:10.069,1,15.0,False,,False,True
3806.266,BEA,87,74.17,5.0,1.0,,,17.594,33.595,22.981,3749.744,3783.339,3806.32,311.0,205.0,286.0,300.0,False,MEDIUM,5.0,True,Haas F1 Team,3732.096,2026-06-28 13:08:24.172,1,15.0,False,,False,True
3880.595,BEA,87,74.329,6.0,1.0,,,17.665,33.477,23.187,3823.985,3857.462,3880.649,310.0,204.0,286.0,297.0,False,MEDIUM,6.0,True,Haas F1 Team,3806.266,2026-06-28 13:09:38.342,1,15.0,False,,False,True
3955.087,BEA,87,74.492,7.0,1.0,,,17.616,33.645,23.231,3898.265,3931.91,3955.141,316.0,204.0,285.0,302.0,False,MEDIUM,7.0,True,Haas F1 Team,3880.595,2026-06-28 13:10:52.671,1,15.0,False,,False,True
4029.877,BEA,87,74.79,8.0,1.0,,,17.75,33.692,23.348,3972.891,4006.583,4029.931,308.0,203.0,283.0,303.0,False,MEDIUM,8.0,True,Haas F1 Team,3955.087,2026-06-28 13:12:07.163,1,15.0,False,,False,True
4104.848,BEA,87,74.971,9.0,1.0,,,17.876,33.761,23.334,4047.807,4081.568,4104.902,312.0,202.0,283.0,300.0,False,MEDIUM,9.0,True,Haas F1 Team,4029.877,2026-06-28 13:13:21.953,1,15.0,False,,False,True
4180.619,BEA,87,75.771,10.0,1.0,,,17.671,34.44,23.66,4122.573,4157.013,4180.673,313.0,201.0,280.0,299.0,False,MEDIUM,10.0,True,Haas F1 Team,4104.848,2026-06-28 13:14:36.924,1,15.0,False,,False,True
4255.817,BEA,87,75.198,11.0,1.0,,,17.89,33.787,23.521,4198.563,4232.35,4255.871,303.0,202.0,282.0,297.0,False,MEDIUM,11.0,True,Haas F1 Team,4180.619,2026-06-28 13:15:52.695,1,15.0,False,,False,True
4331.167,BEA,87,75.35,12.0,1.0,,,17.875,33.962,23.513,4273.746,4307.708,4331.221,307.0,202.0,283.0,296.0,False,MEDIUM,12.0,True,Haas F1 Team,4255.817,2026-06-28 13:17:07.893,1,15.0,False,,False,True
4406.17,BEA,87,75.003,13.0,1.0,,,17.84,33.682,23.481,4349.061,4382.743,4406.224,304.0,200.0,284.0,298.0,False,MEDIUM,13.0,True,Haas F1 Team,4331.167,2026-06-28 13:18:23.243,1,14.0,False,,False,True
4481.536,BEA,87,75.366,14.0,1.0,,,17.904,33.814,23.648,4424.128,4457.942,4481.59,303.0,200.0,283.0,298.0,False,MEDIUM,14.0,True,Haas F1 Team,4406.17,2026-06-28 13:19:38.246,1,14.0,False,,False,True
4556.577,BEA,87,75.041,15.0,1.0,,,17.866,33.674,23.501,4499.456,4533.13,4556.631,304.0,203.0,280.0,296.0,False,MEDIUM,15.0,True,Haas F1 Team,4481.536,2026-06-28 13:20:53.612,1,14.0,False,,False,True
4631.328,BEA,87,74.751,16.0,1.0,,,17.815,33.656,23.28,4574.446,4608.102,4631.382,307.0,201.0,282.0,298.0,False,MEDIUM,16.0,True,Haas F1 Team,4556.577,2026-06-28 13:22:08.653,1,14.0,False,,False,True
4706.037,BEA,87,74.709,17.0,1.0,,,17.739,33.513,23.457,4649.121,4682.634,4706.091,311.0,202.0,284.0,300.0,False,MEDIUM,17.0,True,Haas F1 Team,4631.328,2026-06-28 13:23:23.404,1,14.0,False,,False,True
4781.381,BEA,87,75.344,18.0,1.0,,,17.668,34.158,23.518,4723.759,4757.917,4781.435,318.0,202.0,281.0,301.0,False,MEDIUM,18.0,True,Haas F1 Team,4706.037,2026-06-28 13:24:38.113,1,12.0,False,,False,True
4856.208,BEA,87,74.827,19.0,1.0,,,17.922,33.614,23.291,4799.357,4832.971,4856.262,307.0,203.0,280.0,297.0,False,MEDIUM,19.0,True,Haas F1 Team,4781.381,2026-06-28 13:25:53.457,1,11.0,False,,False,True
4932.116,BEA,87,75.908,20.0,1.0,,,17.791,34.705,23.412,4874.053,4908.758,4932.17,311.0,200.0,282.0,291.0,False,MEDIUM,20.0,True,Haas F1 Team,4856.208,2026-06-28 13:27:08.284,1,12.0,False,,False,True
5007.052,BEA,87,74.936,21.0,1.0,,,17.802,33.564,23.57,4949.972,4983.536,5007.106,310.0,203.0,282.0,298.0,False,MEDIUM,21.0,True,Haas F1 Team,4932.116,2026-06-28 13:28:24.192,1,13.0,False,,False,True
5081.697,BEA,87,74.645,22.0,1.0,,,17.786,33.771,23.088,5024.892,5058.663,5081.751,313.0,200.0,282.0,298.0,False,MEDIUM,22.0,True,Haas F1 Team,5007.052,2026-06-28 13:29:39.128,1,12.0,False,,False,True
5157.169,BEA,87,75.472,23.0,1.0,,,17.835,33.714,23.923,5099.586,5133.3,5157.223,310.0,203.0,281.0,294.0,False,MEDIUM,23.0,True,Haas F1 Team,5081.697,2026-06-28 13:30:53.773,1,13.0,False,,False,True
5243.935,BEA,87,86.766,24.0,1.0,,5239.994,17.91,35.982,32.874,5175.133,5211.115,5243.989,311.0,111.0,,304.0,False,MEDIUM,24.0,True,Haas F1 Team,5157.169,2026-06-28 13:32:09.245,126,13.0,False,,False,False
5353.801,BEA,87,109.866,25.0,2.0,5261.568,,37.354,42.55,29.962,5281.343,5323.893,5353.855,221.0,163.0,177.0,192.0,False,HARD,1.0,True,Haas F1 Team,5243.935,2026-06-28 13:33:36.011,6,14.0,False,,False,False
5431.858,BEA,87,78.057,26.0,2.0,,,22.571,32.943,22.543,5376.426,5409.369,5431.912,296.0,208.0,286.0,315.0,False,HARD,2.0,True,Haas F1 Team,5353.801,2026-06-28 13:35:25.877,671,14.0,False,,False,False
5504.959,BEA,87,73.101,27.0,2.0,,,17.478,32.972,22.651,5449.39,5482.362,5505.013,305.0,207.0,284.0,302.0,True,HARD,3.0,True,Haas F1 Team,5431.858,2026-06-28 13:36:43.934,1,14.0,False,,False,True
5578.061,BEA,87,73.102,28.0,2.0,,,17.588,32.963,22.551,5522.601,5555.564,5578.115,306.0,206.0,284.0,296.0,False,HARD,4.0,True,Haas F1 Team,5504.959,2026-06-28 13:37:57.035,1,14.0,False,,False,True
5651.086,BEA,87,73.025,29.0,2.0,,,17.573,32.854,22.598,5595.688,5628.542,5651.14,310.0,206.0,284.0,297.0,True,HARD,5.0,True,Haas F1 Team,5578.061,2026-06-28 13:39:10.137,1,14.0,False,,False,True
5724.149,BEA,87,73.063,30.0,2.0,,,17.583,32.947,22.533,5668.723,5701.67,5724.203,304.0,206.0,283.0,297.0,False,HARD,6.0,True,Haas F1 Team,5651.086,2026-06-28 13:40:23.162,1,14.0,False,,False,True
5797.296,BEA,87,73.147,31.0,2.0,,,17.614,32.977,22.556,5741.817,5774.794,5797.35,305.0,208.0,284.0,297.0,False,HARD,7.0,True,Haas F1 Team,5724.149,2026-06-28 13:41:36.225,1,14.0,False,,False,True
5870.371,BEA,87,73.075,32.0,2.0,,,17.568,32.894,22.613,5814.918,5847.812,5870.425,307.0,205.0,282.0,296.0,False,HARD,8.0,True,Haas F1 Team,5797.296,2026-06-28 13:42:49.372,1,14.0,False,,False,True
5943.641,BEA,87,73.27,33.0,2.0,,,17.654,32.973,22.643,5888.079,5921.052,5943.695,307.0,204.0,282.0,294.0,False,HARD,9.0,True,Haas F1 Team,5870.371,2026-06-28 13:44:02.447,1,14.0,False,,False,True
6016.779,BEA,87,73.138,34.0,2.0,,,17.647,32.999,22.492,5961.342,5994.341,6016.833,307.0,204.0,282.0,295.0,False,HARD,10.0,True,Haas F1 Team,5943.641,2026-06-28 13:45:15.717,1,14.0,False,,False,True
6089.94,BEA,87,73.161,35.0,2.0,,,17.642,32.964,22.555,6034.475,6067.439,6089.994,305.0,206.0,282.0,295.0,False,HARD,11.0,True,Haas F1 Team,6016.779,2026-06-28 13:46:28.855,1,14.0,False,,False,True
6163.343,BEA,87,73.403,36.0,2.0,,,17.608,32.969,22.826,6107.602,6140.571,6163.397,308.0,205.0,280.0,293.0,False,HARD,12.0,True,Haas F1 Team,6089.94,2026-06-28 13:47:42.016,1,14.0,False,,False,True
6239.611,BEA,87,76.268,37.0,2.0,,,17.748,34.377,24.143,6181.145,6215.522,6239.665,306.0,203.0,284.0,249.0,False,HARD,13.0,True,Haas F1 Team,6163.343,2026-06-28 13:48:55.419,1,14.0,False,,False,True
6313.691,BEA,87,74.08,38.0,2.0,,,17.715,33.409,22.956,6257.38,6290.789,6313.745,314.0,204.0,285.0,302.0,False,HARD,14.0,True,Haas F1 Team,6239.611,2026-06-28 13:50:11.687,1,14.0,False,,False,True
6387.695,BEA,87,74.004,39.0,2.0,,,17.752,33.312,22.94,6331.497,6364.809,6387.749,306.0,203.0,281.0,296.0,False,HARD,15.0,True,Haas F1 Team,6313.691,2026-06-28 13:51:25.767,1,13.0,False,,False,True
6462.923,BEA,87,75.228,40.0,2.0,,,17.662,33.138,24.428,6405.411,6438.549,6462.977,307.0,203.0,282.0,295.0,False,HARD,16.0,True,Haas F1 Team,6387.695,2026-06-28 13:52:39.771,1,13.0,False,,False,True
6536.762,BEA,87,73.839,41.0,2.0,,,17.619,33.27,22.95,6480.596,6513.866,6536.816,319.0,203.0,285.0,296.0,False,HARD,17.0,True,Haas F1 Team,6462.923,2026-06-28 13:53:54.999,1,13.0,False,,False,True
6610.47,BEA,87,73.708,42.0,2.0,,,17.521,33.172,23.015,6554.337,6587.509,6610.524,307.0,207.0,282.0,295.0,False,HARD,18.0,True,Haas F1 Team,6536.762,2026-06-28 13:55:08.838,1,13.0,False,,False,True
6685.276,BEA,87,74.806,43.0,2.0,,,17.761,33.903,23.142,6628.285,6662.188,6685.33,308.0,203.0,277.0,300.0,False,HARD,19.0,True,Haas F1 Team,6610.47,2026-06-28 13:56:22.546,1,14.0,False,,False,True
6759.153,BEA,87,73.877,44.0,2.0,,,17.786,33.17,22.921,6703.116,6736.286,6759.207,311.0,206.0,285.0,303.0,False,HARD,20.0,True,Haas F1 Team,6685.276,2026-06-28 13:57:37.352,1,14.0,False,,False,True
6837.496,BEA,87,78.343,45.0,2.0,,6833.818,17.544,34.58,26.219,6776.751,6811.331,6837.55,311.0,205.0,,217.0,False,HARD,21.0,True,Haas F1 Team,6759.153,2026-06-28 13:58:51.229,1,14.0,False,,False,False
6926.982,BEA,87,89.486,46.0,3.0,6855.887,,34.64,32.612,22.234,6872.19,6904.802,6927.036,311.0,207.0,287.0,305.0,False,MEDIUM,1.0,True,Haas F1 Team,6837.496,2026-06-28 14:00:09.572,1,15.0,False,,False,False
6999.387,BEA,87,72.405,47.0,3.0,,,17.418,32.592,22.395,6944.454,6977.046,6999.441,308.0,207.0,284.0,295.0,True,MEDIUM,2.0,True,Haas F1 Team,6926.982,2026-06-28 14:01:39.058,1,14.0,False,,False,True
7072.013,BEA,87,72.626,48.0,3.0,,,17.507,32.627,22.492,7016.948,7049.575,7072.067,309.0,206.0,284.0,296.0,False,MEDIUM,3.0,True,Haas F1 Team,6999.387,2026-06-28 14:02:51.463,1,14.0,False,,False,True
7145.488,BEA,87,73.475,49.0,3.0,,,17.462,32.577,23.436,7089.529,7122.106,7145.542,309.0,208.0,286.0,295.0,False,MEDIUM,4.0,True,Haas F1 Team,7072.013,2026-06-28 14:04:04.089,1,14.0,False,,False,True
7218.067,BEA,87,72.579,50.0,3.0,,,17.433,32.809,22.337,7162.975,7195.784,7218.121,315.0,207.0,287.0,302.0,False,MEDIUM,5.0,True,Haas F1 Team,7145.488,2026-06-28 14:05:17.564,1,14.0,False,,False,True
7301.22,BEA,87,83.153,51.0,3.0,,,17.514,39.733,25.906,7235.635,7275.368,7301.274,312.0,176.0,289.0,305.0,False,MEDIUM,6.0,True,Haas F1 Team,7218.067,2026-06-28 14:06:30.143,167,14.0,False,,False,False
7374.028,BEA,87,72.808,52.0,3.0,,,17.53,32.94,22.338,7318.804,7351.744,7374.082,312.0,208.0,286.0,297.0,False,MEDIUM,7.0,True,Haas F1 Team,7301.22,2026-06-28 14:07:53.296,1,14.0,False,,False,True
7446.294,BEA,87,72.266,53.0,3.0,,,17.586,32.367,22.313,7391.668,7424.035,7446.348,305.0,207.0,286.0,296.0,True,MEDIUM,8.0,True,Haas F1 Team,7374.028,2026-06-28 14:09:06.104,1,14.0,False,,False,True
7518.501,BEA,87,72.207,54.0,3.0,,,17.451,32.509,22.247,7463.799,7496.308,7518.555,306.0,208.0,283.0,297.0,True,MEDIUM,9.0,True,Haas F1 Team,7446.294,2026-06-28 14:10:18.370,1,14.0,False,,False,True
7591.007,BEA,87,72.506,55.0,3.0,,,17.561,32.507,22.438,7536.116,7568.623,7591.061,308.0,209.0,284.0,298.0,False,MEDIUM,10.0,True,Haas F1 Team,7518.501,2026-06-28 14:11:30.577,1,14.0,False,,False,True
7663.771,BEA,87,72.764,56.0,3.0,,,17.637,32.649,22.478,7608.698,7641.347,7663.825,308.0,207.0,284.0,298.0,False,MEDIUM,11.0,True,Haas F1 Team,7591.007,2026-06-28 14:12:43.083,1,14.0,False,,False,True
7736.723,BEA,87,72.952,57.0,3.0,,,17.517,32.88,22.555,7681.342,7714.222,7736.777,307.0,205.0,285.0,298.0,False,MEDIUM,12.0,True,Haas F1 Team,7663.771,2026-06-28 14:13:55.847,1,14.0,False,,False,True
7809.712,BEA,87,72.989,58.0,3.0,,,17.462,32.845,22.682,7754.239,7787.084,7809.766,307.0,206.0,282.0,299.0,False,MEDIUM,13.0,True,Haas F1 Team,7736.723,2026-06-28 14:15:08.799,1,14.0,False,,False,True
7882.766,BEA,87,73.054,59.0,3.0,,,17.657,32.766,22.631,7827.423,7860.189,7882.82,306.0,207.0,284.0,296.0,False,MEDIUM,14.0,True,Haas F1 Team,7809.712,2026-06-28 14:16:21.788,1,14.0,False,,False,True
7955.776,BEA,87,73.01,60.0,3.0,,,17.576,32.869,22.565,7900.396,7933.265,7955.83,308.0,207.0,285.0,297.0,False,MEDIUM,15.0,True,Haas F1 Team,7882.766,2026-06-28 14:17:34.842,1,14.0,False,,False,True
8028.908,BEA,87,73.132,61.0,3.0,,,17.578,32.819,22.735,7973.408,8006.227,8028.962,308.0,208.0,284.0,295.0,False,MEDIUM,16.0,True,Haas F1 Team,7955.776,2026-06-28 14:18:47.852,1,14.0,False,,False,True
8102.233,BEA,87,73.325,62.0,3.0,,,17.619,32.926,22.78,8046.581,8079.507,8102.287,307.0,207.0,284.0,298.0,False,MEDIUM,17.0,True,Haas F1 Team,8028.908,2026-06-28 14:20:00.984,1,14.0,False,,False,True
8177.195,BEA,87,74.962,63.0,3.0,,,17.654,32.943,24.365,8119.941,8152.884,8177.249,308.0,208.0,287.0,296.0,False,MEDIUM,18.0,True,Haas F1 Team,8102.233,2026-06-28 14:21:14.309,1,14.0,False,,False,True
8250.436,BEA,87,73.241,64.0,3.0,,,17.453,32.88,22.908,8194.702,8227.582,8250.49,318.0,208.0,284.0,304.0,False,MEDIUM,19.0,True,Haas F1 Team,8177.195,2026-06-28 14:22:29.271,1,14.0,False,,False,True
8323.627,BEA,87,73.191,65.0,3.0,,,17.613,32.691,22.887,8268.103,8300.794,8323.681,310.0,208.0,280.0,301.0,False,MEDIUM,20.0,True,Haas F1 Team,8250.436,2026-06-28 14:23:42.512,1,14.0,False,,False,True
8396.671,BEA,87,73.044,66.0,3.0,,,17.62,32.85,22.574,8341.301,8374.151,8396.725,309.0,209.0,286.0,300.0,False,MEDIUM,21.0,True,Haas F1 Team,8323.627,2026-06-28 14:24:55.703,1,14.0,False,,False,True
8469.703,BEA,87,73.032,67.0,3.0,,,17.588,32.796,22.648,8414.313,8447.109,8469.757,309.0,205.0,287.0,298.0,False,MEDIUM,22.0,True,Haas F1 Team,8396.671,2026-06-28 14:26:08.747,1,14.0,False,,False,True
8542.598,BEA,87,72.895,68.0,3.0,,,17.428,32.805,22.662,8487.185,8519.99,8542.652,308.0,209.0,285.0,296.0,False,MEDIUM,23.0,True,Haas F1 Team,8469.703,2026-06-28 14:27:21.779,1,14.0,False,,False,True
8615.948,BEA,87,73.35,69.0,3.0,,,17.54,32.951,22.859,8560.192,8593.143,8616.002,307.0,207.0,285.0,294.0,False,MEDIUM,24.0,True,Haas F1 Team,8542.598,2026-06-28 14:28:34.674,1,14.0,False,,False,True
8688.602,BEA,87,72.654,70.0,3.0,,,17.47,32.636,22.548,8633.472,8666.108,8688.656,309.0,206.0,287.0,315.0,False,MEDIUM,25.0,True,Haas F1 Team,8615.948,2026-06-28 14:29:48.024,1,14.0,False,,False,True
