Time,Driver,DriverNumber,LapTime,LapNumber,Stint,PitOutTime,PitInTime,Sector1Time,Sector2Time,Sector3Time,Sector1SessionTime,Sector2SessionTime,Sector3SessionTime,SpeedI1,SpeedI2,SpeedFL,SpeedST,IsPersonalBest,Compound,TyreLife,FreshTyre,Team,LapStartTime,LapStartDate,TrackStatus,Position,Deleted,DeletedReason,FastF1Generated,IsAccurate
3838.725,NOR,1,86.181,1.0,1.0,,,,26.091,32.008,,3806.884,3839.009,240.0,274.0,278.0,298.0,False,INTERMEDIATE,1.0,True,McLaren,3752.281,2026-05-24 20:09:47.755,1,1.0,False,,False,False
3936.499,NOR,1,97.774,2.0,1.0,,3914.626,23.565,26.304,47.905,3862.322,3888.626,3936.531,226.0,267.0,,296.0,False,INTERMEDIATE,2.0,True,McLaren,3838.725,2026-05-24 20:11:14.199,1,13.0,False,,False,False
4020.574,NOR,1,84.075,3.0,2.0,3938.119,,26.055,25.903,32.117,3962.586,3988.489,4020.606,237.0,283.0,271.0,305.0,False,MEDIUM,1.0,True,McLaren,3936.499,2026-05-24 20:12:51.973,1,14.0,False,,False,False
4101.744,NOR,1,81.17,4.0,2.0,,,24.684,25.667,30.819,4045.29,4070.957,4101.776,227.0,280.0,283.0,313.0,False,MEDIUM,2.0,True,McLaren,4020.574,2026-05-24 20:14:16.048,1,14.0,True,TRACK LIMITS AT TURN 4 LAP 4 ,False,True
4180.347,NOR,1,78.603,5.0,2.0,,,22.558,25.085,30.96,4124.334,4149.419,4180.379,234.0,279.0,283.0,313.0,True,MEDIUM,3.0,True,McLaren,4101.744,2026-05-24 20:15:37.218,1,14.0,False,,False,True
4259.69,NOR,1,79.343,6.0,2.0,,,22.674,25.181,31.488,4203.053,4228.234,4259.722,233.0,286.0,286.0,320.0,False,MEDIUM,4.0,True,McLaren,4180.347,2026-05-24 20:16:55.821,1,14.0,False,,False,True
4337.769,NOR,1,78.079,7.0,2.0,,,22.5,24.805,30.774,4282.222,4307.027,4337.801,236.0,287.0,293.0,326.0,True,MEDIUM,5.0,True,McLaren,4259.69,2026-05-24 20:18:15.164,1,13.0,False,,False,True
4415.796,NOR,1,78.027,8.0,2.0,,,22.487,24.992,30.548,4360.288,4385.28,4415.828,237.0,279.0,272.0,312.0,True,MEDIUM,6.0,True,McLaren,4337.769,2026-05-24 20:19:33.243,1,11.0,False,,False,True
4492.902,NOR,1,77.106,9.0,2.0,,,22.114,24.496,30.496,4437.942,4462.438,4492.934,235.0,278.0,276.0,309.0,True,MEDIUM,7.0,True,McLaren,4415.796,2026-05-24 20:20:51.270,1,11.0,False,,False,True
4570.128,NOR,1,77.226,10.0,2.0,,,22.097,24.661,30.468,4515.031,4539.692,4570.16,235.0,281.0,275.0,326.0,False,MEDIUM,8.0,True,McLaren,4492.902,2026-05-24 20:22:08.376,1,11.0,False,,False,True
4648.061,NOR,1,77.933,11.0,2.0,,,22.395,24.55,30.988,4592.555,4617.105,4648.093,236.0,282.0,299.0,320.0,False,MEDIUM,9.0,True,McLaren,4570.128,2026-05-24 20:23:25.602,1,9.0,False,,False,True
4724.929,NOR,1,76.868,12.0,2.0,,,21.86,24.441,30.567,4669.953,4694.394,4724.961,237.0,276.0,270.0,304.0,True,MEDIUM,10.0,True,McLaren,4648.061,2026-05-24 20:24:43.535,12,9.0,False,,False,True
4802.609,NOR,1,77.68,13.0,2.0,,,21.985,24.424,31.271,4746.946,4771.37,4802.641,237.0,256.0,272.0,301.0,False,MEDIUM,11.0,True,McLaren,4724.929,2026-05-24 20:26:00.403,2,9.0,False,,False,True
4879.41,NOR,1,76.801,14.0,2.0,,,21.92,24.338,30.543,4824.561,4848.899,4879.442,236.0,277.0,274.0,303.0,True,MEDIUM,12.0,True,McLaren,4802.609,2026-05-24 20:27:18.083,21,9.0,False,,False,True
4978.246,NOR,1,98.836,15.0,2.0,,4951.004,21.758,24.505,52.573,4901.2,4925.705,4978.278,235.0,277.0,,322.0,False,MEDIUM,13.0,True,McLaren,4879.41,2026-05-24 20:28:34.884,1,14.0,False,,False,False
5061.36,NOR,1,83.114,16.0,3.0,4979.857,,25.089,25.254,32.771,5003.367,5028.621,5061.392,232.0,275.0,275.0,305.0,False,MEDIUM,4.0,False,McLaren,4978.246,2026-05-24 20:30:13.720,1,14.0,True,TRACK LIMITS AT TURN 10 LAP 16 ,False,False
5138.566,NOR,1,77.206,17.0,3.0,,,22.256,24.461,30.489,5083.648,5108.109,5138.598,235.0,283.0,300.0,313.0,False,MEDIUM,5.0,False,McLaren,5061.36,2026-05-24 20:31:36.834,1,14.0,False,,False,True
5216.684,NOR,1,78.118,18.0,3.0,,,22.244,24.577,31.297,5160.842,5185.419,5216.716,236.0,253.0,283.0,311.0,False,MEDIUM,6.0,False,McLaren,5138.566,2026-05-24 20:32:54.040,12,13.0,True,TRACK LIMITS AT TURN 14 LAP 18 ,False,True
5293.561,NOR,1,76.877,19.0,3.0,,,22.038,24.307,30.532,5238.754,5263.061,5293.593,236.0,281.0,278.0,310.0,False,MEDIUM,7.0,False,McLaren,5216.684,2026-05-24 20:34:12.158,1,13.0,False,,False,True
5370.159,NOR,1,76.598,20.0,3.0,,,21.817,24.17,30.611,5315.41,5339.58,5370.191,236.0,280.0,274.0,311.0,True,MEDIUM,8.0,False,McLaren,5293.561,2026-05-24 20:35:29.035,1,12.0,False,,False,True
5447.133,NOR,1,76.974,21.0,3.0,,,21.805,24.375,30.794,5391.996,5416.371,5447.165,236.0,275.0,273.0,298.0,False,MEDIUM,9.0,False,McLaren,5370.159,2026-05-24 20:36:45.633,1,12.0,False,,False,True
5524.162,NOR,1,77.029,22.0,3.0,,,21.788,24.218,31.023,5468.953,5493.171,5524.194,235.0,275.0,218.0,298.0,False,MEDIUM,10.0,False,McLaren,5447.133,2026-05-24 20:38:02.607,1,12.0,False,,False,True
5603.213,NOR,1,79.051,23.0,3.0,,,24.004,24.233,30.814,5548.198,5572.431,5603.245,236.0,280.0,277.0,308.0,False,MEDIUM,11.0,False,McLaren,5524.162,2026-05-24 20:39:19.636,1,12.0,False,,False,True
5680.425,NOR,1,77.212,24.0,3.0,,,22.054,24.55,30.608,5625.299,5649.849,5680.457,237.0,283.0,276.0,311.0,False,MEDIUM,12.0,False,McLaren,5603.213,2026-05-24 20:40:38.687,1,12.0,False,,False,True
5757.117,NOR,1,76.692,25.0,3.0,,,22.022,24.401,30.269,5702.479,5726.88,5757.149,237.0,283.0,279.0,312.0,False,MEDIUM,13.0,False,McLaren,5680.425,2026-05-24 20:41:55.899,1,12.0,False,,False,True
5833.571,NOR,1,76.454,26.0,3.0,,,21.972,24.152,30.33,5779.121,5803.273,5833.603,237.0,281.0,278.0,309.0,True,MEDIUM,14.0,False,McLaren,5757.117,2026-05-24 20:43:12.591,1,12.0,False,,False,True
5909.758,NOR,1,76.187,27.0,3.0,,,21.786,24.13,30.271,5855.389,5879.519,5909.79,238.0,286.0,278.0,310.0,True,MEDIUM,15.0,False,McLaren,5833.571,2026-05-24 20:44:29.045,1,12.0,False,,False,True
5985.927,NOR,1,76.169,28.0,3.0,,,21.842,24.105,30.222,5931.632,5955.737,5985.959,237.0,284.0,283.0,311.0,True,MEDIUM,16.0,False,McLaren,5909.758,2026-05-24 20:45:45.232,1,12.0,False,,False,True
6062.165,NOR,1,76.238,29.0,3.0,,,21.718,24.242,30.278,6007.677,6031.919,6062.197,239.0,280.0,280.0,309.0,False,MEDIUM,17.0,False,McLaren,5985.927,2026-05-24 20:47:01.401,12,12.0,False,,False,True
6165.123,NOR,1,102.958,30.0,3.0,,,27.371,37.049,38.538,6089.568,6126.617,6165.155,226.0,176.0,277.0,262.0,False,MEDIUM,18.0,False,McLaren,6062.165,2026-05-24 20:48:17.639,26,9.0,False,,False,False
6268.802,NOR,1,103.679,31.0,3.0,,,28.338,37.245,38.096,6193.493,6230.738,6268.834,192.0,219.0,205.0,248.0,False,MEDIUM,19.0,False,McLaren,6165.123,2026-05-24 20:50:00.597,67,9.0,False,,False,False
6347.62,NOR,1,78.818,32.0,3.0,,,23.236,25.051,30.531,6292.07,6317.121,6347.652,250.0,271.0,280.0,308.0,False,MEDIUM,20.0,False,McLaren,6268.802,2026-05-24 20:51:44.276,71,9.0,False,,False,False
6424.134,NOR,1,76.514,33.0,3.0,,,21.821,24.244,30.449,6369.473,6393.717,6424.166,238.0,278.0,278.0,306.0,False,MEDIUM,21.0,False,McLaren,6347.62,2026-05-24 20:53:03.094,1,9.0,False,,False,True
6500.931,NOR,1,76.797,34.0,3.0,,,21.803,24.25,30.744,6445.969,6470.219,6500.963,238.0,281.0,278.0,310.0,False,MEDIUM,22.0,False,McLaren,6424.134,2026-05-24 20:54:19.608,1,9.0,False,,False,True
6577.545,NOR,1,76.614,35.0,3.0,,,21.73,24.465,30.419,6522.693,6547.158,6577.577,237.0,280.0,278.0,307.0,False,MEDIUM,23.0,False,McLaren,6500.931,2026-05-24 20:55:36.405,1,9.0,False,,False,True
6653.39,NOR,1,75.845,36.0,3.0,,,21.762,24.114,29.969,6599.339,6623.453,6653.422,240.0,288.0,284.0,335.0,True,MEDIUM,24.0,False,McLaren,6577.545,2026-05-24 20:56:53.019,1,8.0,False,,False,True
6729.751,NOR,1,76.361,37.0,3.0,,,21.619,24.21,30.532,6675.041,6699.251,6729.783,236.0,275.0,274.0,300.0,False,MEDIUM,25.0,False,McLaren,6653.39,2026-05-24 20:58:08.864,1,8.0,False,,False,True
6805.765,NOR,1,76.014,38.0,3.0,,,21.625,24.112,30.277,6751.408,6775.52,6805.797,237.0,282.0,284.0,308.0,False,MEDIUM,26.0,False,McLaren,6729.751,2026-05-24 20:59:25.225,1,8.0,False,,False,True
6955.765,NOR,1,,39.0,3.0,,,,,,,,,,,,,,MEDIUM,27.0,False,McLaren,6805.765,2026-05-24 21:00:41.239,12,,False,,True,False
3847.986,GAS,10,95.442,1.0,1.0,,,,28.768,33.043,,3815.166,3848.056,204.0,286.0,264.0,334.0,False,MEDIUM,1.0,True,Alpine,3752.281,2026-05-24 20:09:47.755,1,12.0,False,,False,False
3934.208,GAS,10,86.222,2.0,1.0,,,26.933,26.924,32.365,3874.949,3901.873,3934.238,229.0,283.0,280.0,315.0,True,MEDIUM,2.0,True,Alpine,3847.986,2026-05-24 20:11:23.460,1,11.0,False,,False,True
4014.769,GAS,10,80.561,3.0,1.0,,,23.482,25.916,31.163,3957.72,3983.636,4014.799,242.0,282.0,290.0,321.0,True,MEDIUM,3.0,True,Alpine,3934.208,2026-05-24 20:12:49.682,1,11.0,False,,False,True
4095.706,GAS,10,80.937,4.0,1.0,,,23.174,25.563,32.2,4037.973,4063.536,4095.736,235.0,290.0,271.0,348.0,False,MEDIUM,4.0,True,Alpine,4014.769,2026-05-24 20:14:10.243,1,11.0,True,TRACK LIMITS AT TURN 14 LAP 4 ,False,True
4176.652,GAS,10,80.946,5.0,1.0,,,23.916,25.326,31.704,4119.652,4144.978,4176.682,235.0,285.0,265.0,302.0,False,MEDIUM,5.0,True,Alpine,4095.706,2026-05-24 20:15:31.180,1,11.0,False,,False,True
4256.431,GAS,10,79.779,6.0,1.0,,,22.861,25.642,31.276,4199.543,4225.185,4256.461,239.0,289.0,280.0,321.0,True,MEDIUM,6.0,True,Alpine,4176.652,2026-05-24 20:16:52.126,1,10.0,False,,False,True
4335.444,GAS,10,79.013,7.0,1.0,,,22.488,24.843,31.682,4278.949,4303.792,4335.474,236.0,279.0,266.0,310.0,True,MEDIUM,7.0,True,Alpine,4256.431,2026-05-24 20:18:11.905,1,10.0,False,,False,True
4413.913,GAS,10,78.469,8.0,1.0,,,22.618,24.909,30.942,4358.092,4383.001,4413.943,238.0,278.0,274.0,313.0,True,MEDIUM,8.0,True,Alpine,4335.444,2026-05-24 20:19:30.918,1,10.0,False,,False,True
4491.829,GAS,10,77.916,9.0,1.0,,,22.351,24.749,30.816,4436.294,4461.043,4491.859,238.0,283.0,275.0,318.0,True,MEDIUM,9.0,True,Alpine,4413.913,2026-05-24 20:20:49.387,1,10.0,False,,False,True
4569.619,GAS,10,77.79,10.0,1.0,,,22.434,24.529,30.827,4514.293,4538.822,4569.649,238.0,285.0,276.0,320.0,True,MEDIUM,10.0,True,Alpine,4491.829,2026-05-24 20:22:07.303,1,10.0,False,,False,True
4648.194,GAS,10,78.575,11.0,1.0,,,22.362,24.793,31.42,4592.011,4616.804,4648.224,238.0,290.0,263.0,304.0,False,MEDIUM,11.0,True,Alpine,4569.619,2026-05-24 20:23:25.093,1,10.0,False,,False,True
4727.213,GAS,10,79.019,12.0,1.0,,,22.757,24.776,31.486,4670.981,4695.757,4727.243,238.0,281.0,274.0,309.0,False,MEDIUM,12.0,True,Alpine,4648.194,2026-05-24 20:24:43.668,12,10.0,False,,False,True
4806.445,GAS,10,79.232,13.0,1.0,,,22.334,24.772,32.126,4749.577,4774.349,4806.475,237.0,280.0,277.0,309.0,False,MEDIUM,13.0,True,Alpine,4727.213,2026-05-24 20:26:02.687,2,10.0,False,,False,True
4884.458,GAS,10,78.013,14.0,1.0,,,22.341,24.801,30.871,4828.816,4853.617,4884.488,239.0,277.0,273.0,306.0,False,MEDIUM,14.0,True,Alpine,4806.445,2026-05-24 20:27:21.919,21,10.0,False,,False,True
4962.053,GAS,10,77.595,15.0,1.0,,,22.05,24.566,30.979,4906.538,4931.104,4962.083,238.0,278.0,271.0,305.0,True,MEDIUM,15.0,True,Alpine,4884.458,2026-05-24 20:28:39.932,1,9.0,False,,False,True
5039.622,GAS,10,77.569,16.0,1.0,,,22.102,24.543,30.924,4984.185,5008.728,5039.652,237.0,277.0,271.0,304.0,True,MEDIUM,16.0,True,Alpine,4962.053,2026-05-24 20:29:57.527,1,9.0,False,,False,True
5117.255,GAS,10,77.633,17.0,1.0,,,22.08,24.672,30.881,5061.732,5086.404,5117.285,238.0,278.0,272.0,304.0,False,MEDIUM,17.0,True,Alpine,5039.622,2026-05-24 20:31:15.096,1,9.0,False,,False,True
5194.711,GAS,10,77.456,18.0,1.0,,,22.106,24.552,30.798,5139.391,5163.943,5194.741,236.0,280.0,274.0,303.0,True,MEDIUM,18.0,True,Alpine,5117.255,2026-05-24 20:32:32.729,12,9.0,False,,False,True
5272.13,GAS,10,77.419,19.0,1.0,,,22.026,24.603,30.79,5216.767,5241.37,5272.16,239.0,280.0,270.0,304.0,True,MEDIUM,19.0,True,Alpine,5194.711,2026-05-24 20:33:50.185,1,9.0,False,,False,True
5349.637,GAS,10,77.507,20.0,1.0,,,22.024,24.609,30.874,5294.184,5318.793,5349.667,238.0,276.0,272.0,305.0,False,MEDIUM,20.0,True,Alpine,5272.13,2026-05-24 20:35:07.604,1,9.0,False,,False,True
5427.411,GAS,10,77.774,21.0,1.0,,,22.219,24.704,30.851,5371.886,5396.59,5427.441,239.0,278.0,276.0,306.0,False,MEDIUM,21.0,True,Alpine,5349.637,2026-05-24 20:36:25.111,1,9.0,False,,False,True
5504.843,GAS,10,77.432,22.0,1.0,,,22.118,24.573,30.741,5449.559,5474.132,5504.873,238.0,282.0,280.0,309.0,False,MEDIUM,22.0,True,Alpine,5427.411,2026-05-24 20:37:42.885,1,9.0,False,,False,True
5582.934,GAS,10,78.091,23.0,1.0,,,22.296,25.052,30.743,5527.169,5552.221,5582.964,240.0,278.0,274.0,304.0,False,MEDIUM,23.0,True,Alpine,5504.843,2026-05-24 20:39:00.317,1,9.0,False,,False,True
5660.226,GAS,10,77.292,24.0,1.0,,,21.978,24.641,30.673,5604.942,5629.583,5660.256,239.0,279.0,266.0,305.0,True,MEDIUM,24.0,True,Alpine,5582.934,2026-05-24 20:40:18.408,1,9.0,False,,False,True
5737.545,GAS,10,77.319,25.0,1.0,,,22.051,24.455,30.813,5682.307,5706.762,5737.575,237.0,278.0,274.0,304.0,False,MEDIUM,25.0,True,Alpine,5660.226,2026-05-24 20:41:35.700,1,9.0,False,,False,True
5814.643,GAS,10,77.098,26.0,1.0,,,21.977,24.432,30.689,5759.552,5783.984,5814.673,240.0,275.0,267.0,302.0,True,MEDIUM,26.0,True,Alpine,5737.545,2026-05-24 20:42:53.019,1,9.0,False,,False,True
5891.693,GAS,10,77.05,27.0,1.0,,,22.037,24.36,30.653,5836.71,5861.07,5891.723,240.0,278.0,267.0,302.0,True,MEDIUM,27.0,True,Alpine,5814.643,2026-05-24 20:44:10.117,1,9.0,False,,False,True
5968.674,GAS,10,76.981,28.0,1.0,,,21.862,24.45,30.669,5913.585,5938.035,5968.704,242.0,277.0,271.0,302.0,True,MEDIUM,28.0,True,Alpine,5891.693,2026-05-24 20:45:27.167,1,9.0,False,,False,True
6045.541,GAS,10,76.867,29.0,1.0,,,21.903,24.419,30.545,5990.607,6015.026,6045.571,241.0,278.0,271.0,305.0,True,MEDIUM,29.0,True,Alpine,5968.674,2026-05-24 20:46:44.148,12,9.0,False,,False,True
6158.274,GAS,10,112.733,30.0,1.0,,6134.245,21.915,37.796,53.022,6067.486,6105.282,6158.304,241.0,235.0,,181.0,False,MEDIUM,30.0,True,Alpine,6045.541,2026-05-24 20:48:01.015,26,8.0,False,,False,False
6263.01,GAS,10,104.736,31.0,2.0,6159.932,,31.349,36.353,37.034,6189.653,6226.006,6263.04,218.0,218.0,232.0,246.0,False,HARD,1.0,True,Alpine,6158.274,2026-05-24 20:49:53.748,67,8.0,False,,False,False
6343.714,GAS,10,80.704,32.0,2.0,,,24.548,25.222,30.934,6287.588,6312.81,6343.744,243.0,276.0,275.0,307.0,False,HARD,2.0,True,Alpine,6263.01,2026-05-24 20:51:38.484,71,8.0,False,,False,False
6421.831,GAS,10,78.117,33.0,2.0,,,22.565,24.687,30.865,6366.309,6390.996,6421.861,241.0,282.0,281.0,311.0,False,HARD,3.0,True,Alpine,6343.714,2026-05-24 20:52:59.188,1,8.0,False,,False,True
6499.3,GAS,10,77.469,34.0,2.0,,,22.162,24.8,30.507,6444.023,6468.823,6499.33,242.0,282.0,284.0,312.0,False,HARD,4.0,True,Alpine,6421.831,2026-05-24 20:54:17.305,1,8.0,False,,False,True
6576.689,GAS,10,77.389,35.0,2.0,,,22.203,24.574,30.612,6521.533,6546.107,6576.719,241.0,280.0,276.0,304.0,False,HARD,5.0,True,Alpine,6499.3,2026-05-24 20:55:34.774,1,8.0,False,,False,True
6653.922,GAS,10,77.233,36.0,2.0,,,21.854,24.38,30.999,6598.573,6622.953,6653.952,242.0,282.0,282.0,306.0,False,HARD,6.0,True,Alpine,6576.689,2026-05-24 20:56:52.163,1,9.0,False,,False,True
6730.844,GAS,10,76.922,37.0,2.0,,,21.962,24.589,30.371,6675.914,6700.503,6730.874,245.0,285.0,279.0,318.0,False,HARD,7.0,True,Alpine,6653.922,2026-05-24 20:58:09.396,1,9.0,False,,False,True
6809.753,GAS,10,78.909,38.0,2.0,,,22.104,26.081,30.724,6752.978,6779.059,6809.783,242.0,279.0,267.0,303.0,False,HARD,8.0,True,Alpine,6730.844,2026-05-24 20:59:26.318,1,9.0,False,,False,True
6886.588,GAS,10,76.835,39.0,2.0,,,21.931,24.254,30.65,6831.714,6855.968,6886.618,242.0,281.0,268.0,303.0,True,HARD,9.0,True,Alpine,6809.753,2026-05-24 21:00:45.227,12,8.0,False,,False,True
6963.173,GAS,10,76.585,40.0,2.0,,,21.767,24.26,30.558,6908.385,6932.645,6963.203,241.0,279.0,272.0,304.0,True,HARD,10.0,True,Alpine,6886.588,2026-05-24 21:02:02.062,1,8.0,False,,False,True
7039.568,GAS,10,76.395,41.0,2.0,,,21.623,24.312,30.46,6984.826,7009.138,7039.598,244.0,280.0,271.0,302.0,True,HARD,11.0,True,Alpine,6963.173,2026-05-24 21:03:18.647,1,8.0,False,,False,True
7115.813,GAS,10,76.245,42.0,2.0,,,21.68,24.132,30.433,7061.278,7085.41,7115.843,243.0,281.0,277.0,305.0,True,HARD,12.0,True,Alpine,7039.568,2026-05-24 21:04:35.042,1,8.0,False,,False,True
7192.032,GAS,10,76.219,43.0,2.0,,,21.763,24.209,30.247,7137.606,7161.815,7192.062,241.0,285.0,276.0,307.0,True,HARD,13.0,True,Alpine,7115.813,2026-05-24 21:05:51.287,1,8.0,False,,False,True
7269.891,GAS,10,77.859,44.0,2.0,,,21.867,25.493,30.499,7213.929,7239.422,7269.921,242.0,293.0,283.0,311.0,False,HARD,14.0,True,Alpine,7192.032,2026-05-24 21:07:07.506,1,8.0,False,,False,True
7363.371,GAS,10,93.48,45.0,2.0,,,22.172,33.697,37.611,7292.093,7325.79,7363.401,241.0,260.0,304.0,249.0,False,HARD,15.0,True,Alpine,7269.891,2026-05-24 21:08:25.365,167,8.0,False,,False,False
7440.259,GAS,10,76.888,46.0,2.0,,,21.934,24.36,30.594,7385.335,7409.695,7440.289,242.0,283.0,280.0,306.0,False,HARD,16.0,True,Alpine,7363.371,2026-05-24 21:09:58.845,1,8.0,False,,False,True
7518.625,GAS,10,78.366,47.0,2.0,,,21.807,24.167,32.392,7462.096,7486.263,7518.655,242.0,286.0,275.0,218.0,False,HARD,17.0,True,Alpine,7440.259,2026-05-24 21:11:15.733,1,8.0,False,,False,True
7596.214,GAS,10,77.589,48.0,2.0,,,21.844,24.31,31.435,7540.499,7564.809,7596.244,243.0,282.0,297.0,268.0,False,HARD,18.0,True,Alpine,7518.625,2026-05-24 21:12:34.099,1,8.0,False,,False,True
7672.9,GAS,10,76.686,49.0,2.0,,,21.902,24.253,30.531,7618.146,7642.399,7672.93,241.0,284.0,265.0,317.0,False,HARD,19.0,True,Alpine,7596.214,2026-05-24 21:13:51.688,1,8.0,False,,False,True
7748.965,GAS,10,76.065,50.0,2.0,,,21.722,24.175,30.168,7694.652,7718.827,7748.995,244.0,288.0,271.0,320.0,True,HARD,20.0,True,Alpine,7672.9,2026-05-24 21:15:08.374,1,8.0,False,,False,True
7830.51,GAS,10,81.545,51.0,2.0,,,21.631,24.082,35.832,7770.626,7794.708,7830.54,244.0,287.0,259.0,320.0,False,HARD,21.0,True,Alpine,7748.965,2026-05-24 21:16:24.439,16,8.0,False,,False,False
7934.32,GAS,10,103.81,52.0,2.0,,,28.542,32.5,42.768,7859.082,7891.582,7934.35,225.0,218.0,241.0,244.0,False,HARD,22.0,True,Alpine,7830.51,2026-05-24 21:17:45.984,67,8.0,False,,False,False
8015.944,GAS,10,81.624,53.0,2.0,,,26.047,25.09,30.487,7960.397,7985.487,8015.974,237.0,287.0,276.0,318.0,False,HARD,23.0,True,Alpine,7934.32,2026-05-24 21:19:29.794,71,8.0,False,,False,False
8092.31,GAS,10,76.366,54.0,2.0,,,21.777,24.308,30.281,8037.751,8062.059,8092.34,245.0,285.0,280.0,316.0,False,HARD,24.0,True,Alpine,8015.944,2026-05-24 21:20:51.418,1,8.0,False,,False,True
8168.173,GAS,10,75.863,55.0,2.0,,,21.687,24.094,30.082,8114.027,8138.121,8168.203,243.0,287.0,280.0,312.0,True,HARD,25.0,True,Alpine,8092.31,2026-05-24 21:22:07.784,1,8.0,False,,False,True
8244.034,GAS,10,75.861,56.0,2.0,,,21.602,24.125,30.134,8189.805,8213.93,8244.064,243.0,288.0,281.0,314.0,True,HARD,26.0,True,Alpine,8168.173,2026-05-24 21:23:23.647,1,8.0,False,,False,True
8319.819,GAS,10,75.785,57.0,2.0,,,21.613,24.144,30.028,8265.677,8289.821,8319.849,243.0,289.0,284.0,311.0,True,HARD,27.0,True,Alpine,8244.034,2026-05-24 21:24:39.508,1,8.0,False,,False,True
8395.802,GAS,10,75.983,58.0,2.0,,,21.573,24.106,30.304,8341.422,8365.528,8395.832,244.0,289.0,285.0,316.0,False,HARD,28.0,True,Alpine,8319.819,2026-05-24 21:25:55.293,1,8.0,False,,False,True
8471.554,GAS,10,75.752,59.0,2.0,,,21.72,24.109,29.923,8417.552,8441.661,8471.584,243.0,293.0,283.0,316.0,True,HARD,29.0,True,Alpine,8395.802,2026-05-24 21:27:11.276,1,8.0,False,,False,True
8547.481,GAS,10,75.927,60.0,2.0,,,21.565,24.123,30.239,8493.149,8517.272,8547.511,244.0,292.0,282.0,313.0,False,HARD,30.0,True,Alpine,8471.554,2026-05-24 21:28:27.028,12,8.0,False,,False,True
8623.376,GAS,10,75.895,61.0,2.0,,,21.642,24.171,30.082,8569.153,8593.324,8623.406,243.0,293.0,282.0,319.0,False,HARD,31.0,True,Alpine,8547.481,2026-05-24 21:29:42.955,1,8.0,False,,False,True
8699.497,GAS,10,76.121,62.0,2.0,,,21.595,24.05,30.476,8645.001,8669.051,8699.527,244.0,289.0,278.0,322.0,False,HARD,32.0,True,Alpine,8623.376,2026-05-24 21:30:58.850,1,8.0,False,,False,True
8775.318,GAS,10,75.821,63.0,2.0,,,21.691,24.053,30.077,8721.218,8745.271,8775.348,244.0,293.0,280.0,318.0,False,HARD,33.0,True,Alpine,8699.497,2026-05-24 21:32:14.971,1,8.0,False,,False,True
8852.171,GAS,10,76.853,64.0,2.0,,,21.77,24.235,30.848,8797.118,8821.353,8852.201,244.0,291.0,260.0,338.0,False,HARD,34.0,True,Alpine,8775.318,2026-05-24 21:33:30.792,1,8.0,True,TRACK LIMITS AT TURN 14 LAP 64 ,False,True
8930.644,GAS,10,78.473,65.0,2.0,,,22.708,24.458,31.307,8874.909,8899.367,8930.674,244.0,293.0,259.0,343.0,False,HARD,35.0,True,Alpine,8852.171,2026-05-24 21:34:47.645,1,8.0,False,,False,True
9007.484,GAS,10,76.84,66.0,2.0,,,21.781,25.051,30.008,8952.455,8977.506,9007.514,243.0,288.0,276.0,311.0,False,HARD,36.0,True,Alpine,8930.644,2026-05-24 21:36:06.118,1,8.0,False,,False,True
9082.874,GAS,10,75.39,67.0,2.0,,,21.458,24.076,29.856,9028.972,9053.048,9082.904,243.0,286.0,294.0,327.0,True,HARD,37.0,True,Alpine,9007.484,2026-05-24 21:37:22.958,1,8.0,False,,False,True
3850.925,PER,11,98.381,1.0,1.0,,,,29.244,33.875,,3817.28,3851.009,199.0,273.0,283.0,317.0,False,INTERMEDIATE,1.0,True,Cadillac,3752.281,2026-05-24 20:09:47.755,1,17.0,False,,False,False
3955.944,PER,11,105.019,2.0,1.0,,3931.792,25.507,28.039,51.473,3876.471,3904.51,3955.983,203.0,268.0,,314.0,False,INTERMEDIATE,2.0,True,Cadillac,3850.925,2026-05-24 20:11:26.399,1,21.0,False,,False,False
4043.062,PER,11,87.118,3.0,2.0,3957.532,,27.703,27.271,32.144,3983.686,4010.957,4043.101,220.0,271.0,282.0,307.0,False,SOFT,1.0,True,Cadillac,3955.944,2026-05-24 20:13:11.418,1,20.0,False,,False,False
4124.67,PER,11,81.608,4.0,2.0,,,23.776,26.296,31.536,4066.877,4093.173,4124.709,227.0,266.0,280.0,306.0,True,SOFT,2.0,True,Cadillac,4043.062,2026-05-24 20:14:38.536,1,20.0,False,,False,True
4204.771,PER,11,80.101,5.0,2.0,,,22.979,25.402,31.72,4147.688,4173.09,4204.81,226.0,294.0,259.0,300.0,True,SOFT,3.0,True,Cadillac,4124.67,2026-05-24 20:16:00.144,1,20.0,False,,False,True
4283.828,PER,11,79.057,6.0,2.0,,,22.805,25.224,31.028,4227.615,4252.839,4283.867,229.0,274.0,277.0,309.0,True,SOFT,4.0,True,Cadillac,4204.771,2026-05-24 20:17:20.245,1,20.0,False,,False,True
4362.549,PER,11,78.721,7.0,2.0,,,22.639,25.159,30.923,4306.506,4331.665,4362.588,227.0,273.0,276.0,305.0,True,SOFT,5.0,True,Cadillac,4283.828,2026-05-24 20:18:39.302,1,20.0,False,,False,True
4441.261,PER,11,78.712,8.0,2.0,,,22.71,25.14,30.862,4385.298,4410.438,4441.3,228.0,272.0,276.0,304.0,True,SOFT,6.0,True,Cadillac,4362.549,2026-05-24 20:19:58.023,1,20.0,False,,False,True
4520.347,PER,11,79.086,9.0,2.0,,,22.794,25.276,31.016,4464.094,4489.37,4520.386,226.0,271.0,271.0,300.0,False,SOFT,7.0,True,Cadillac,4441.261,2026-05-24 20:21:16.735,1,20.0,False,,False,True
4598.844,PER,11,78.497,10.0,2.0,,,22.443,25.036,31.018,4542.829,4567.865,4598.883,228.0,271.0,269.0,300.0,True,SOFT,8.0,True,Cadillac,4520.347,2026-05-24 20:22:35.821,1,20.0,False,,False,True
4677.407,PER,11,78.563,11.0,2.0,,,22.542,25.179,30.842,4621.425,4646.604,4677.446,232.0,270.0,276.0,302.0,False,SOFT,9.0,True,Cadillac,4598.844,2026-05-24 20:23:54.318,1,20.0,False,,False,True
4756.094,PER,11,78.687,12.0,2.0,,,22.563,25.081,31.043,4700.009,4725.09,4756.133,231.0,273.0,282.0,305.0,False,SOFT,10.0,True,Cadillac,4677.407,2026-05-24 20:25:12.881,12,18.0,False,,False,True
4835.365,PER,11,79.271,13.0,2.0,,,22.759,25.361,31.151,4778.892,4804.253,4835.404,229.0,277.0,261.0,327.0,False,SOFT,11.0,True,Cadillac,4756.094,2026-05-24 20:26:31.568,21,17.0,False,,False,True
4914.571,PER,11,79.206,14.0,2.0,,,22.64,25.313,31.253,4858.044,4883.357,4914.61,230.0,268.0,268.0,297.0,False,SOFT,12.0,True,Cadillac,4835.365,2026-05-24 20:27:50.839,1,17.0,False,,False,True
5010.752,PER,11,96.181,15.0,2.0,,4987.248,22.417,25.115,48.649,4937.027,4962.142,5010.791,229.0,269.0,,306.0,False,SOFT,13.0,True,Cadillac,4914.571,2026-05-24 20:29:10.045,1,18.0,False,,False,False
5094.95,PER,11,84.198,16.0,3.0,5012.338,,26.146,26.299,31.753,5036.937,5063.236,5094.989,225.0,266.0,273.0,297.0,False,MEDIUM,1.0,True,Cadillac,5010.752,2026-05-24 20:30:46.226,1,18.0,False,,False,False
5174.757,PER,11,79.807,17.0,3.0,,,22.933,25.486,31.388,5117.922,5143.408,5174.796,229.0,266.0,272.0,295.0,False,MEDIUM,2.0,True,Cadillac,5094.95,2026-05-24 20:32:10.424,1,18.0,False,,False,True
5253.879,PER,11,79.122,18.0,3.0,,,22.65,25.314,31.158,5197.446,5222.76,5253.918,229.0,267.0,275.0,295.0,False,MEDIUM,3.0,True,Cadillac,5174.757,2026-05-24 20:33:30.231,12,18.0,False,,False,True
5332.469,PER,11,78.59,19.0,3.0,,,22.467,25.118,31.005,5276.385,5301.503,5332.508,228.0,268.0,272.0,293.0,False,MEDIUM,4.0,True,Cadillac,5253.879,2026-05-24 20:34:49.353,1,18.0,False,,False,True
5411.037,PER,11,78.568,20.0,3.0,,,22.254,25.017,31.297,5354.762,5379.779,5411.076,229.0,269.0,235.0,293.0,False,MEDIUM,5.0,True,Cadillac,5332.469,2026-05-24 20:36:07.943,1,18.0,False,,False,True
5490.425,PER,11,79.388,21.0,3.0,,,23.612,25.049,30.727,5434.688,5459.737,5490.464,228.0,271.0,277.0,299.0,False,MEDIUM,6.0,True,Cadillac,5411.037,2026-05-24 20:37:26.511,1,18.0,False,,False,True
5568.385,PER,11,77.96,22.0,3.0,,,22.342,24.847,30.771,5512.806,5537.653,5568.424,230.0,271.0,276.0,300.0,True,MEDIUM,7.0,True,Cadillac,5490.425,2026-05-24 20:38:45.899,1,18.0,False,,False,True
5646.321,PER,11,77.936,23.0,3.0,,,22.17,24.996,30.77,5590.594,5615.59,5646.36,230.0,272.0,272.0,301.0,True,MEDIUM,8.0,True,Cadillac,5568.385,2026-05-24 20:40:03.859,1,18.0,False,,False,True
5724.533,PER,11,78.212,24.0,3.0,,,22.293,24.943,30.976,5668.653,5693.596,5724.572,230.0,275.0,262.0,332.0,False,MEDIUM,9.0,True,Cadillac,5646.321,2026-05-24 20:41:21.795,1,18.0,False,,False,True
5802.996,PER,11,78.463,25.0,3.0,,,22.633,24.865,30.965,5747.205,5772.07,5803.035,230.0,270.0,272.0,297.0,False,MEDIUM,10.0,True,Cadillac,5724.533,2026-05-24 20:42:40.007,1,17.0,False,,False,True
5881.1,PER,11,78.104,26.0,3.0,,,22.332,24.875,30.897,5825.367,5850.242,5881.139,230.0,270.0,271.0,294.0,False,MEDIUM,11.0,True,Cadillac,5802.996,2026-05-24 20:43:58.470,1,17.0,False,,False,True
5959.578,PER,11,78.478,27.0,3.0,,,22.352,25.051,31.075,5903.491,5928.542,5959.617,230.0,270.0,272.0,293.0,False,MEDIUM,12.0,True,Cadillac,5881.1,2026-05-24 20:45:16.574,1,17.0,False,,False,True
6037.565,PER,11,77.987,28.0,3.0,,,22.371,24.872,30.744,5981.988,6006.86,6037.604,229.0,271.0,272.0,294.0,False,MEDIUM,13.0,True,Cadillac,5959.578,2026-05-24 20:46:35.052,1,17.0,False,,False,True
6149.674,PER,11,112.109,29.0,3.0,,6126.246,22.133,32.683,57.293,6059.737,6092.42,6149.713,231.0,160.0,,221.0,False,MEDIUM,14.0,True,Cadillac,6037.565,2026-05-24 20:47:53.039,126,17.0,False,,False,False
6257.685,PER,11,108.011,30.0,4.0,6151.281,,28.915,39.286,39.81,6178.628,6217.914,6257.724,216.0,112.0,242.0,219.0,False,SOFT,1.0,True,Cadillac,6149.674,2026-05-24 20:49:45.148,67,16.0,False,,False,False
6341.101,PER,11,83.416,31.0,4.0,,,24.472,27.064,31.88,6282.196,6309.26,6341.14,233.0,261.0,281.0,309.0,False,SOFT,2.0,True,Cadillac,6257.685,2026-05-24 20:51:33.159,71,16.0,False,,False,False
6420.349,PER,11,79.248,32.0,4.0,,,23.131,25.328,30.789,6364.271,6389.599,6420.388,236.0,283.0,286.0,326.0,False,SOFT,3.0,True,Cadillac,6341.101,2026-05-24 20:52:56.575,1,16.0,False,,False,True
6501.602,PER,11,81.253,33.0,4.0,,,22.569,25.365,33.319,6442.957,6468.322,6501.641,232.0,245.0,280.0,211.0,False,SOFT,4.0,True,Cadillac,6420.349,2026-05-24 20:54:15.823,1,16.0,False,,False,True
6579.714,PER,11,78.112,34.0,4.0,,,22.6,24.88,30.632,6524.241,6549.121,6579.753,232.0,276.0,281.0,310.0,False,SOFT,5.0,True,Cadillac,6501.602,2026-05-24 20:55:37.076,1,16.0,False,,False,True
6656.834,PER,11,77.12,35.0,4.0,,,22.193,24.605,30.322,6601.946,6626.551,6656.873,233.0,280.0,288.0,323.0,True,SOFT,6.0,True,Cadillac,6579.714,2026-05-24 20:56:55.188,1,16.0,False,,False,True
6734.232,PER,11,77.398,36.0,4.0,,,22.208,24.571,30.619,6679.081,6703.652,6734.271,231.0,290.0,275.0,305.0,False,SOFT,7.0,True,Cadillac,6656.834,2026-05-24 20:58:12.308,1,16.0,False,,False,True
6811.147,PER,11,76.915,37.0,4.0,,,22.178,24.503,30.234,6756.449,6780.952,6811.186,233.0,280.0,281.0,313.0,True,SOFT,8.0,True,Cadillac,6734.232,2026-05-24 20:59:29.706,1,16.0,False,,False,True
6888.57,PER,11,77.423,38.0,4.0,,,22.336,24.636,30.451,6833.522,6858.158,6888.609,234.0,280.0,272.0,340.0,False,SOFT,9.0,True,Cadillac,6811.147,2026-05-24 21:00:46.621,12,15.0,False,,False,True
6969.434,PER,11,80.864,39.0,4.0,,,22.461,26.809,31.594,6911.07,6937.879,6969.473,231.0,273.0,274.0,302.0,False,SOFT,10.0,True,Cadillac,6888.57,2026-05-24 21:02:04.044,1,15.0,False,,False,True
7042.618,PER,11,,40.0,4.0,,7042.657,22.469,24.759,,6992.011,7016.897,,233.0,279.0,,289.0,False,SOFT,11.0,True,Cadillac,6969.434,2026-05-24 21:03:24.908,1,14.0,False,,False,False
3839.884,ANT,12,87.34,1.0,1.0,,,,26.222,31.942,,3808.193,3840.041,236.0,283.0,276.0,310.0,False,SOFT,5.0,False,Mercedes,3752.281,2026-05-24 20:09:47.755,1,2.0,False,,False,False
3921.331,ANT,12,81.447,2.0,1.0,,,23.454,25.6,32.393,3863.384,3888.984,3921.377,242.0,282.0,265.0,300.0,True,SOFT,6.0,False,Mercedes,3839.884,2026-05-24 20:11:15.358,1,1.0,False,,False,True
4000.305,ANT,12,78.974,3.0,1.0,,,22.886,24.922,31.166,3944.263,3969.185,4000.351,232.0,275.0,275.0,300.0,True,SOFT,7.0,False,Mercedes,3921.331,2026-05-24 20:12:36.805,1,1.0,False,,False,True
4078.279,ANT,12,77.974,4.0,1.0,,,22.389,24.665,30.92,4022.74,4047.405,4078.325,234.0,274.0,273.0,299.0,True,SOFT,8.0,False,Mercedes,4000.305,2026-05-24 20:13:55.779,1,1.0,False,,False,True
4155.337,ANT,12,77.058,5.0,1.0,,,22.001,24.485,30.572,4100.326,4124.811,4155.383,235.0,274.0,275.0,299.0,True,SOFT,9.0,False,Mercedes,4078.279,2026-05-24 20:15:13.753,1,1.0,False,,False,True
4233.047,ANT,12,77.71,6.0,1.0,,,21.991,24.326,31.393,4177.374,4201.7,4233.093,235.0,274.0,277.0,299.0,False,SOFT,10.0,False,Mercedes,4155.337,2026-05-24 20:16:30.811,1,2.0,True,TRACK LIMITS AT TURN 14 LAP 6 ,False,True
4309.92,ANT,12,76.873,7.0,1.0,,,22.33,24.415,30.128,4255.423,4279.838,4309.966,235.0,278.0,276.0,313.0,True,SOFT,11.0,False,Mercedes,4233.047,2026-05-24 20:17:48.521,1,2.0,False,,False,True
4385.967,ANT,12,76.047,8.0,1.0,,,21.72,24.125,30.202,4331.686,4355.811,4386.013,237.0,279.0,272.0,310.0,True,SOFT,12.0,False,Mercedes,4309.92,2026-05-24 20:19:05.394,1,2.0,False,,False,True
4461.815,ANT,12,75.848,9.0,1.0,,,21.781,24.074,29.993,4407.794,4431.868,4461.861,237.0,283.0,282.0,317.0,True,SOFT,13.0,False,Mercedes,4385.967,2026-05-24 20:20:21.441,1,2.0,False,,False,True
4537.555,ANT,12,75.74,10.0,1.0,,,21.638,24.005,30.097,4483.499,4507.504,4537.601,238.0,281.0,279.0,310.0,True,SOFT,14.0,False,Mercedes,4461.815,2026-05-24 20:21:37.289,1,2.0,False,,False,True
4613.185,ANT,12,75.63,11.0,1.0,,,21.538,24.042,30.05,4559.139,4583.181,4613.231,238.0,280.0,279.0,312.0,True,SOFT,15.0,False,Mercedes,4537.555,2026-05-24 20:22:53.029,1,2.0,False,,False,True
4689.101,ANT,12,75.916,12.0,1.0,,,21.512,23.989,30.415,4634.743,4658.732,4689.147,238.0,280.0,302.0,302.0,False,SOFT,16.0,False,Mercedes,4613.185,2026-05-24 20:24:08.659,1,2.0,False,,False,True
4766.934,ANT,12,77.833,13.0,1.0,,,22.734,24.512,30.587,4711.881,4736.393,4766.98,235.0,266.0,281.0,315.0,False,SOFT,17.0,False,Mercedes,4689.101,2026-05-24 20:25:24.575,12,2.0,False,,False,True
4843.06,ANT,12,76.126,14.0,1.0,,,21.638,24.14,30.348,4788.618,4812.758,4843.106,240.0,285.0,282.0,320.0,False,SOFT,18.0,False,Mercedes,4766.934,2026-05-24 20:26:42.408,21,2.0,False,,False,True
4918.695,ANT,12,75.635,15.0,1.0,,,21.585,23.961,30.089,4864.691,4888.652,4918.741,240.0,288.0,284.0,313.0,False,SOFT,19.0,False,Mercedes,4843.06,2026-05-24 20:27:58.534,1,2.0,False,,False,True
4994.106,ANT,12,75.411,16.0,1.0,,,21.581,24.003,29.827,4940.322,4964.325,4994.152,241.0,287.0,285.0,325.0,True,SOFT,20.0,False,Mercedes,4918.695,2026-05-24 20:29:14.169,1,2.0,False,,False,True
5070.637,ANT,12,76.531,17.0,1.0,,,21.601,24.215,30.715,5015.753,5039.968,5070.683,241.0,286.0,284.0,315.0,False,SOFT,21.0,False,Mercedes,4994.106,2026-05-24 20:30:29.580,1,2.0,False,,False,True
5146.352,ANT,12,75.715,18.0,1.0,,,21.72,24.173,29.822,5092.403,5116.576,5146.398,241.0,287.0,286.0,326.0,False,SOFT,22.0,False,Mercedes,5070.637,2026-05-24 20:31:46.111,1,2.0,False,,False,True
5221.939,ANT,12,75.587,19.0,1.0,,,21.707,24.079,29.801,5168.105,5192.184,5221.985,241.0,287.0,286.0,330.0,False,SOFT,23.0,False,Mercedes,5146.352,2026-05-24 20:33:01.826,12,2.0,False,,False,True
5297.498,ANT,12,75.559,20.0,1.0,,,21.66,24.084,29.815,5243.645,5267.729,5297.544,240.0,286.0,283.0,327.0,False,SOFT,24.0,False,Mercedes,5221.939,2026-05-24 20:34:17.413,1,2.0,False,,False,True
5372.937,ANT,12,75.439,21.0,1.0,,,21.58,23.96,29.899,5319.124,5343.084,5372.983,240.0,288.0,300.0,339.0,False,SOFT,25.0,False,Mercedes,5297.498,2026-05-24 20:35:32.972,1,2.0,False,,False,True
5449.119,ANT,12,76.182,22.0,1.0,,,22.121,24.233,29.828,5395.104,5419.337,5449.165,238.0,285.0,272.0,328.0,False,SOFT,26.0,False,Mercedes,5372.937,2026-05-24 20:36:48.411,1,1.0,False,,False,True
5524.532,ANT,12,75.413,23.0,1.0,,,21.467,24.151,29.795,5470.632,5494.783,5524.578,238.0,278.0,285.0,327.0,False,SOFT,27.0,False,Mercedes,5449.119,2026-05-24 20:38:04.593,1,1.0,False,,False,True
5600.997,ANT,12,76.465,24.0,1.0,,,21.38,24.25,30.835,5545.958,5570.208,5601.043,236.0,278.0,270.0,325.0,False,SOFT,28.0,False,Mercedes,5524.532,2026-05-24 20:39:20.006,1,1.0,True,TRACK LIMITS AT TURN 10 LAP 24 ,False,True
5679.54,ANT,12,78.543,25.0,1.0,,,22.432,25.706,30.405,5623.475,5649.181,5679.586,234.0,278.0,274.0,325.0,False,SOFT,29.0,False,Mercedes,5600.997,2026-05-24 20:40:36.471,1,2.0,False,,False,True
5756.02,ANT,12,76.48,26.0,1.0,,,21.99,24.427,30.063,5701.576,5726.003,5756.066,236.0,284.0,278.0,338.0,False,SOFT,30.0,False,Mercedes,5679.54,2026-05-24 20:41:55.014,1,2.0,False,,False,True
5831.991,ANT,12,75.971,27.0,1.0,,,21.874,24.201,29.896,5777.94,5802.141,5832.037,235.0,283.0,289.0,335.0,False,SOFT,31.0,False,Mercedes,5756.02,2026-05-24 20:43:11.494,1,2.0,False,,False,True
5908.418,ANT,12,76.427,28.0,1.0,,,22.056,24.401,29.97,5854.093,5878.494,5908.464,238.0,286.0,282.0,338.0,False,SOFT,32.0,False,Mercedes,5831.991,2026-05-24 20:44:27.465,1,2.0,False,,False,True
5984.17,ANT,12,75.752,29.0,1.0,,,22.017,24.009,29.726,5930.481,5954.49,5984.216,235.0,285.0,281.0,338.0,False,SOFT,33.0,False,Mercedes,5908.418,2026-05-24 20:45:43.892,1,2.0,False,,False,True
6060.531,ANT,12,76.361,30.0,1.0,,,21.786,24.587,29.988,6006.002,6030.589,6060.577,236.0,274.0,275.0,323.0,False,SOFT,34.0,False,Mercedes,5984.17,2026-05-24 20:46:59.644,12,1.0,False,,False,True
6179.77,ANT,12,119.239,31.0,1.0,,6156.253,26.854,37.012,55.373,6087.431,6124.443,6179.816,169.0,140.0,,270.0,False,SOFT,35.0,False,Mercedes,6060.531,2026-05-24 20:48:16.005,26,1.0,False,,False,False
6280.871,ANT,12,101.101,32.0,2.0,6181.314,,28.986,34.74,37.375,6208.802,6243.542,6280.917,173.0,208.0,289.0,240.0,False,MEDIUM,1.0,True,Mercedes,6179.77,2026-05-24 20:50:15.244,671,1.0,False,,False,False
6360.136,ANT,12,79.265,33.0,2.0,,,22.882,25.561,30.822,6303.799,6329.36,6360.182,239.0,266.0,268.0,294.0,False,MEDIUM,2.0,True,Mercedes,6280.871,2026-05-24 20:51:56.345,1,1.0,False,,False,True
6436.426,ANT,12,76.29,34.0,2.0,,,21.855,24.269,30.166,6382.037,6406.306,6436.472,239.0,283.0,287.0,318.0,False,MEDIUM,3.0,True,Mercedes,6360.136,2026-05-24 20:53:15.610,1,1.0,False,,False,True
6512.527,ANT,12,76.101,35.0,2.0,,,21.607,24.405,30.089,6458.079,6482.484,6512.573,241.0,283.0,282.0,308.0,False,MEDIUM,4.0,True,Mercedes,6436.426,2026-05-24 20:54:31.900,1,1.0,False,,False,True
6588.235,ANT,12,75.708,36.0,2.0,,,21.535,24.03,30.143,6534.108,6558.138,6588.281,238.0,280.0,280.0,300.0,False,MEDIUM,5.0,True,Mercedes,6512.527,2026-05-24 20:55:48.001,1,1.0,False,,False,True
6663.701,ANT,12,75.466,37.0,2.0,,,21.359,23.94,30.167,6609.64,6633.58,6663.747,240.0,281.0,281.0,303.0,False,MEDIUM,6.0,True,Mercedes,6588.235,2026-05-24 20:57:03.709,1,1.0,False,,False,True
6738.936,ANT,12,75.235,38.0,2.0,,,21.321,23.936,29.978,6685.068,6709.004,6738.982,241.0,282.0,280.0,306.0,True,MEDIUM,7.0,True,Mercedes,6663.701,2026-05-24 20:58:19.175,1,1.0,False,,False,True
6814.226,ANT,12,75.29,39.0,2.0,,,21.388,24.021,29.881,6760.37,6784.391,6814.272,241.0,284.0,282.0,307.0,False,MEDIUM,8.0,True,Mercedes,6738.936,2026-05-24 20:59:34.410,1,1.0,False,,False,True
6890.097,ANT,12,75.871,40.0,2.0,,,21.34,24.012,30.519,6835.612,6859.624,6890.143,242.0,286.0,281.0,310.0,False,MEDIUM,9.0,True,Mercedes,6814.226,2026-05-24 21:00:49.700,12,1.0,False,,False,True
6968.002,ANT,12,77.905,41.0,2.0,,,21.69,25.939,30.276,6911.833,6937.772,6968.048,241.0,285.0,277.0,301.0,False,MEDIUM,10.0,True,Mercedes,6890.097,2026-05-24 21:02:05.571,1,1.0,False,,False,True
7043.246,ANT,12,75.244,42.0,2.0,,,21.285,23.963,29.996,6989.333,7013.296,7043.292,240.0,281.0,281.0,302.0,False,MEDIUM,11.0,True,Mercedes,6968.002,2026-05-24 21:03:23.476,1,1.0,False,,False,True
7118.06,ANT,12,74.814,43.0,2.0,,,21.128,23.801,29.885,7064.42,7088.221,7118.106,241.0,282.0,283.0,306.0,True,MEDIUM,12.0,True,Mercedes,7043.246,2026-05-24 21:04:38.720,1,1.0,False,,False,True
7193.239,ANT,12,75.179,44.0,2.0,,,21.308,23.88,29.991,7139.414,7163.294,7193.285,241.0,286.0,286.0,309.0,False,MEDIUM,13.0,True,Mercedes,7118.06,2026-05-24 21:05:53.534,1,1.0,False,,False,True
7268.515,ANT,12,75.276,45.0,2.0,,,21.378,23.961,29.937,7214.663,7238.624,7268.561,241.0,283.0,283.0,306.0,False,MEDIUM,14.0,True,Mercedes,7193.239,2026-05-24 21:07:08.713,1,1.0,False,,False,True
7361.9,ANT,12,93.385,46.0,2.0,,,21.219,32.216,39.95,7289.78,7321.996,7361.946,241.0,211.0,265.0,261.0,False,MEDIUM,15.0,True,Mercedes,7268.515,2026-05-24 21:08:23.989,167,1.0,False,,False,False
7437.777,ANT,12,75.877,47.0,2.0,,,21.84,23.88,30.157,7383.786,7407.666,7437.823,240.0,282.0,278.0,301.0,False,MEDIUM,16.0,True,Mercedes,7361.9,2026-05-24 21:09:57.374,1,1.0,False,,False,True
7512.796,ANT,12,75.019,48.0,2.0,,,21.109,23.688,30.222,7458.932,7482.62,7512.842,241.0,280.0,279.0,299.0,False,MEDIUM,17.0,True,Mercedes,7437.777,2026-05-24 21:11:13.251,1,1.0,False,,False,True
7587.731,ANT,12,74.935,49.0,2.0,,,21.12,23.79,30.025,7533.962,7557.752,7587.777,240.0,281.0,277.0,299.0,False,MEDIUM,18.0,True,Mercedes,7512.796,2026-05-24 21:12:28.270,1,1.0,False,,False,True
7662.501,ANT,12,74.77,50.0,2.0,,,21.099,23.646,30.025,7608.876,7632.522,7662.547,241.0,281.0,279.0,299.0,True,MEDIUM,19.0,True,Mercedes,7587.731,2026-05-24 21:13:43.205,1,1.0,False,,False,True
7737.105,ANT,12,74.604,51.0,2.0,,,21.101,23.642,29.861,7683.648,7707.29,7737.151,241.0,282.0,282.0,309.0,True,MEDIUM,20.0,True,Mercedes,7662.501,2026-05-24 21:14:57.975,1,1.0,False,,False,True
7811.471,ANT,12,74.366,52.0,2.0,,,21.05,23.653,29.663,7758.201,7781.854,7811.517,243.0,282.0,283.0,305.0,True,MEDIUM,21.0,True,Mercedes,7737.105,2026-05-24 21:16:12.579,1,1.0,False,,False,True
7917.827,ANT,12,106.356,53.0,2.0,,,30.277,33.041,43.038,7841.794,7874.835,7917.873,179.0,210.0,234.0,239.0,False,MEDIUM,22.0,True,Mercedes,7811.471,2026-05-24 21:17:26.945,16,1.0,False,,False,False
8001.463,ANT,12,83.636,54.0,2.0,,,27.668,25.392,30.576,7945.541,7970.933,8001.509,203.0,275.0,285.0,303.0,False,MEDIUM,23.0,True,Mercedes,7917.827,2026-05-24 21:19:13.301,671,1.0,False,,False,False
8076.85,ANT,12,75.387,55.0,2.0,,,21.477,23.954,29.956,8022.986,8046.94,8076.896,241.0,283.0,283.0,305.0,False,MEDIUM,24.0,True,Mercedes,8001.463,2026-05-24 21:20:36.937,1,1.0,False,,False,True
8151.859,ANT,12,75.009,56.0,2.0,,,21.261,24.022,29.726,8098.157,8122.179,8151.905,242.0,284.0,283.0,310.0,False,MEDIUM,25.0,True,Mercedes,8076.85,2026-05-24 21:21:52.324,1,1.0,False,,False,True
8226.768,ANT,12,74.909,57.0,2.0,,,21.203,23.906,29.8,8173.108,8197.014,8226.814,241.0,282.0,278.0,304.0,False,MEDIUM,26.0,True,Mercedes,8151.859,2026-05-24 21:23:07.333,1,1.0,False,,False,True
8301.469,ANT,12,74.701,58.0,2.0,,,21.192,23.678,29.831,8248.006,8271.684,8301.515,241.0,283.0,279.0,301.0,False,MEDIUM,27.0,True,Mercedes,8226.768,2026-05-24 21:24:22.242,1,1.0,False,,False,True
8376.259,ANT,12,74.79,59.0,2.0,,,21.055,23.765,29.97,8322.57,8346.335,8376.305,242.0,283.0,281.0,304.0,False,MEDIUM,28.0,True,Mercedes,8301.469,2026-05-24 21:25:36.943,1,1.0,False,,False,True
8450.704,ANT,12,74.445,60.0,2.0,,,21.244,23.692,29.509,8397.549,8421.241,8450.75,241.0,284.0,284.0,308.0,False,MEDIUM,29.0,True,Mercedes,8376.259,2026-05-24 21:26:51.733,1,1.0,False,,False,True
8525.044,ANT,12,74.34,61.0,2.0,,,21.105,23.59,29.645,8471.855,8495.445,8525.09,243.0,287.0,258.0,317.0,True,MEDIUM,30.0,True,Mercedes,8450.704,2026-05-24 21:28:06.178,12,1.0,False,,False,True
8600.457,ANT,12,75.413,62.0,2.0,,,22.236,23.657,29.52,8547.326,8570.983,8600.503,243.0,285.0,290.0,313.0,False,MEDIUM,31.0,True,Mercedes,8525.044,2026-05-24 21:29:20.518,1,1.0,False,,False,True
8675.183,ANT,12,74.726,63.0,2.0,,,21.23,23.885,29.611,8621.733,8645.618,8675.229,243.0,283.0,282.0,309.0,False,MEDIUM,32.0,True,Mercedes,8600.457,2026-05-24 21:30:35.931,1,1.0,False,,False,True
8750.302,ANT,12,75.119,64.0,2.0,,,21.455,23.821,29.843,8696.684,8720.505,8750.348,241.0,283.0,279.0,301.0,False,MEDIUM,33.0,True,Mercedes,8675.183,2026-05-24 21:31:50.657,1,1.0,False,,False,True
8825.071,ANT,12,74.769,65.0,2.0,,,21.101,23.777,29.891,8771.449,8795.226,8825.117,241.0,282.0,280.0,301.0,False,MEDIUM,34.0,True,Mercedes,8750.302,2026-05-24 21:33:05.776,1,1.0,False,,False,True
8899.483,ANT,12,74.412,66.0,2.0,,,21.124,23.791,29.497,8846.241,8870.032,8899.529,242.0,286.0,281.0,315.0,False,MEDIUM,35.0,True,Mercedes,8825.071,2026-05-24 21:34:20.545,1,1.0,False,,False,True
8974.092,ANT,12,74.609,67.0,2.0,,,21.123,23.652,29.834,8920.652,8944.304,8974.138,241.0,282.0,280.0,301.0,False,MEDIUM,36.0,True,Mercedes,8899.483,2026-05-24 21:35:34.957,1,1.0,False,,False,True
9048.302,ANT,12,74.21,68.0,2.0,,,20.989,23.638,29.583,8995.127,9018.765,9048.348,242.0,282.0,283.0,323.0,True,MEDIUM,37.0,True,Mercedes,8974.092,2026-05-24 21:36:49.566,1,1.0,False,,False,True
3848.67,ALO,14,96.126,1.0,1.0,,,,28.969,32.99,,3815.822,3848.775,209.0,274.0,273.0,322.0,False,SOFT,1.0,True,Aston Martin,3752.281,2026-05-24 20:09:47.755,1,14.0,False,,False,False
3932.378,ALO,14,83.708,2.0,1.0,,,24.705,26.647,32.356,3873.455,3900.102,3932.458,229.0,270.0,273.0,325.0,True,SOFT,2.0,True,Aston Martin,3848.67,2026-05-24 20:11:24.144,1,10.0,False,,False,True
4013.962,ALO,14,81.584,3.0,1.0,,,23.899,26.104,31.581,3956.357,3982.461,4014.042,228.0,270.0,274.0,310.0,True,SOFT,3.0,True,Aston Martin,3932.378,2026-05-24 20:12:47.852,1,10.0,False,,False,True
4095.594,ALO,14,81.632,4.0,1.0,,,23.438,25.899,32.295,4037.48,4063.379,4095.674,228.0,269.0,269.0,336.0,False,SOFT,4.0,True,Aston Martin,4013.962,2026-05-24 20:14:09.436,1,10.0,False,,False,True
4175.975,ALO,14,80.381,5.0,1.0,,,23.438,25.564,31.379,,4144.676,4176.055,230.0,271.0,269.0,315.0,True,SOFT,5.0,True,Aston Martin,4095.594,2026-05-24 20:15:31.068,1,10.0,False,,False,True
4256.917,ALO,14,80.942,6.0,1.0,,,23.25,25.723,31.969,4199.305,4225.028,4256.997,228.0,265.0,274.0,309.0,False,SOFT,6.0,True,Aston Martin,4175.975,2026-05-24 20:16:51.449,1,11.0,False,,False,True
4336.868,ALO,14,79.951,7.0,1.0,,,23.165,25.501,31.285,4280.162,4305.663,4336.948,229.0,268.0,267.0,314.0,True,SOFT,7.0,True,Aston Martin,4256.917,2026-05-24 20:18:12.391,1,11.0,False,,False,True
4417.487,ALO,14,80.619,8.0,1.0,,,23.062,26.002,31.555,4360.01,4386.012,4417.567,229.0,270.0,276.0,319.0,False,SOFT,8.0,True,Aston Martin,4336.868,2026-05-24 20:19:32.342,1,13.0,False,,False,True
4497.195,ALO,14,79.708,9.0,1.0,,,23.368,25.382,30.958,4440.935,4466.317,4497.275,232.0,271.0,270.0,317.0,True,SOFT,9.0,True,Aston Martin,4417.487,2026-05-24 20:20:52.961,1,14.0,False,,False,True
4576.83,ALO,14,79.635,10.0,1.0,,,22.795,25.491,31.349,4520.07,4545.561,4576.91,230.0,266.0,266.0,300.0,True,SOFT,10.0,True,Aston Martin,4497.195,2026-05-24 20:22:12.669,1,14.0,False,,False,True
4656.567,ALO,14,79.737,11.0,1.0,,,22.837,25.436,31.464,4599.747,4625.183,4656.647,228.0,264.0,265.0,299.0,False,SOFT,11.0,True,Aston Martin,4576.83,2026-05-24 20:23:32.304,1,14.0,False,,False,True
4736.701,ALO,14,80.134,12.0,1.0,,,22.698,25.486,31.95,4679.345,4704.831,4736.781,228.0,264.0,270.0,298.0,False,SOFT,12.0,True,Aston Martin,4656.567,2026-05-24 20:24:52.041,12,12.0,False,,False,True
4817.303,ALO,14,80.602,13.0,1.0,,,22.744,25.391,32.467,4759.525,4784.916,4817.383,231.0,266.0,271.0,294.0,False,SOFT,13.0,True,Aston Martin,4736.701,2026-05-24 20:26:12.175,2,12.0,False,,False,True
4897.002,ALO,14,79.699,14.0,1.0,,,22.725,25.222,31.752,4840.108,4865.33,4897.082,232.0,270.0,262.0,297.0,False,SOFT,14.0,True,Aston Martin,4817.303,2026-05-24 20:27:32.777,21,12.0,False,,False,True
4977.226,ALO,14,80.224,15.0,1.0,,,22.883,25.856,31.485,4919.965,4945.821,4977.306,227.0,269.0,279.0,322.0,False,SOFT,15.0,True,Aston Martin,4897.002,2026-05-24 20:28:52.476,1,12.0,False,,False,True
5057.635,ALO,14,80.409,16.0,1.0,,,23.006,25.511,31.892,5000.312,5025.823,5057.715,227.0,266.0,263.0,309.0,False,SOFT,16.0,True,Aston Martin,4977.226,2026-05-24 20:30:12.700,1,12.0,False,,False,True
5138.425,ALO,14,80.79,17.0,1.0,,,23.037,25.699,32.054,5080.752,5106.451,5138.505,228.0,264.0,274.0,296.0,False,SOFT,17.0,True,Aston Martin,5057.635,2026-05-24 20:31:33.109,1,13.0,False,,False,True
5218.766,ALO,14,80.341,18.0,1.0,,,23.483,25.458,31.4,5161.988,5187.446,5218.846,232.0,270.0,272.0,312.0,False,SOFT,18.0,True,Aston Martin,5138.425,2026-05-24 20:32:53.899,12,14.0,False,,False,True
5300.76,ALO,14,81.994,19.0,1.0,,,22.971,27.277,31.746,5241.817,5269.094,5300.84,231.0,267.0,273.0,303.0,False,SOFT,19.0,True,Aston Martin,5218.766,2026-05-24 20:34:14.240,1,14.0,False,,False,True
5398.014,ALO,14,97.254,20.0,1.0,,5374.909,22.975,25.307,48.972,5323.815,5349.122,5398.094,234.0,270.0,,297.0,False,SOFT,20.0,True,Aston Martin,5300.76,2026-05-24 20:35:36.234,1,15.0,False,,False,False
5482.234,ALO,14,84.22,21.0,2.0,5399.578,,25.741,26.958,31.521,5423.835,5450.793,5482.314,229.0,271.0,273.0,307.0,False,SOFT,1.0,True,Aston Martin,5398.014,2026-05-24 20:37:13.488,1,17.0,False,,False,False
5562.66,ALO,14,80.426,22.0,2.0,,,22.883,25.451,32.092,5505.197,5530.648,5562.74,232.0,271.0,264.0,300.0,False,SOFT,2.0,True,Aston Martin,5482.234,2026-05-24 20:38:37.708,1,17.0,False,,False,True
5643.524,ALO,14,80.864,23.0,2.0,,,23.055,25.585,32.224,5585.795,5611.38,5643.604,232.0,269.0,266.0,297.0,False,SOFT,3.0,True,Aston Martin,5562.66,2026-05-24 20:39:58.134,1,17.0,False,,False,True
5718.616,ALO,14,,24.0,2.0,,5718.696,23.178,25.951,,5666.908,5692.821,,232.0,269.0,,309.0,False,SOFT,4.0,True,Aston Martin,5643.524,2026-05-24 20:41:18.998,1,17.0,False,,False,False
3842.997,LEC,16,90.453,1.0,1.0,,,,26.992,32.102,,3810.993,3843.134,213.0,292.0,292.0,317.0,False,SOFT,5.0,False,Ferrari,3752.281,2026-05-24 20:09:47.755,1,6.0,False,,False,False
3923.348,LEC,16,80.351,2.0,1.0,,,23.603,25.524,31.224,3866.641,3892.165,3923.389,232.0,283.0,283.0,322.0,True,SOFT,6.0,False,Ferrari,3842.997,2026-05-24 20:11:18.471,1,5.0,False,,False,True
4002.872,LEC,16,79.524,3.0,1.0,,,23.229,25.361,30.934,3946.618,3971.979,4002.913,231.0,283.0,290.0,327.0,True,SOFT,7.0,False,Ferrari,3923.348,2026-05-24 20:12:38.822,1,5.0,False,,False,True
4081.508,LEC,16,78.636,4.0,1.0,,,22.874,25.042,30.72,4025.787,4050.829,4081.549,231.0,280.0,281.0,318.0,True,SOFT,8.0,False,Ferrari,4002.872,2026-05-24 20:13:58.346,1,5.0,False,,False,True
4159.316,LEC,16,77.808,5.0,1.0,,,22.53,24.653,30.625,4104.079,4128.732,4159.357,234.0,278.0,277.0,310.0,True,SOFT,9.0,False,Ferrari,4081.508,2026-05-24 20:15:16.982,1,5.0,False,,False,True
4236.66,LEC,16,77.344,6.0,1.0,,,22.241,24.459,30.644,4181.598,4206.057,4236.701,233.0,277.0,277.0,308.0,True,SOFT,10.0,False,Ferrari,4159.316,2026-05-24 20:16:34.790,1,5.0,False,,False,True
4313.85,LEC,16,77.19,7.0,1.0,,,22.143,24.461,30.586,4258.844,4283.305,4313.891,233.0,275.0,276.0,308.0,True,SOFT,11.0,False,Ferrari,4236.66,2026-05-24 20:17:52.134,1,5.0,False,,False,True
4390.489,LEC,16,76.639,8.0,1.0,,,21.944,24.271,30.424,4335.835,4360.106,4390.53,234.0,276.0,282.0,308.0,True,SOFT,12.0,False,Ferrari,4313.85,2026-05-24 20:19:09.324,1,5.0,False,,False,True
4466.968,LEC,16,76.479,9.0,1.0,,,21.937,24.202,30.34,4412.467,4436.669,4467.009,233.0,278.0,280.0,312.0,True,SOFT,13.0,False,Ferrari,4390.489,2026-05-24 20:20:25.963,1,5.0,False,,False,True
4543.437,LEC,16,76.469,10.0,1.0,,,21.959,24.276,30.234,4488.968,4513.244,4543.478,234.0,277.0,281.0,313.0,True,SOFT,14.0,False,Ferrari,4466.968,2026-05-24 20:21:42.442,1,5.0,False,,False,True
4619.664,LEC,16,76.227,11.0,1.0,,,21.871,24.139,30.217,4565.349,4589.488,4619.705,236.0,279.0,279.0,313.0,True,SOFT,15.0,False,Ferrari,4543.437,2026-05-24 20:22:58.911,1,5.0,False,,False,True
4695.882,LEC,16,76.218,12.0,1.0,,,21.854,24.305,30.059,4641.559,4665.864,4695.923,234.0,280.0,281.0,313.0,True,SOFT,16.0,False,Ferrari,4619.664,2026-05-24 20:24:15.138,1,5.0,False,,False,True
4772.711,LEC,16,76.829,13.0,1.0,,,21.82,24.18,30.829,4717.743,4741.923,4772.752,236.0,276.0,279.0,310.0,False,SOFT,17.0,False,Ferrari,4695.882,2026-05-24 20:25:31.356,12,5.0,False,,False,True
4852.913,LEC,16,80.202,14.0,1.0,,,21.799,27.573,30.83,4794.551,4822.124,4852.954,235.0,255.0,280.0,305.0,False,SOFT,18.0,False,Ferrari,4772.711,2026-05-24 20:26:48.185,21,5.0,True,TRACK LIMITS AT TURN 8 LAP 14 ,False,True
4929.67,LEC,16,76.757,15.0,1.0,,,21.92,24.362,30.475,4874.874,4899.236,4929.711,234.0,275.0,273.0,305.0,False,SOFT,19.0,False,Ferrari,4852.913,2026-05-24 20:28:08.387,1,5.0,False,,False,True
5006.253,LEC,16,76.583,16.0,1.0,,,21.85,24.259,30.474,4951.561,4975.82,5006.294,234.0,275.0,274.0,303.0,False,SOFT,20.0,False,Ferrari,4929.67,2026-05-24 20:29:25.144,1,5.0,False,,False,True
5082.806,LEC,16,76.553,17.0,1.0,,,21.792,24.53,30.231,5028.086,5052.616,5082.847,236.0,275.0,275.0,305.0,False,SOFT,21.0,False,Ferrari,5006.253,2026-05-24 20:30:41.727,1,5.0,False,,False,True
5159.391,LEC,16,76.585,18.0,1.0,,,21.749,24.298,30.538,5104.596,5128.894,5159.432,236.0,279.0,277.0,305.0,False,SOFT,22.0,False,Ferrari,5082.806,2026-05-24 20:31:58.280,1,5.0,False,,False,True
5235.741,LEC,16,76.35,19.0,1.0,,,21.844,24.263,30.243,5181.276,5205.539,5235.782,235.0,276.0,277.0,305.0,False,SOFT,23.0,False,Ferrari,5159.391,2026-05-24 20:33:14.865,12,5.0,False,,False,True
5312.021,LEC,16,76.28,20.0,1.0,,,21.742,24.201,30.337,5257.524,5281.725,5312.062,235.0,276.0,277.0,306.0,False,SOFT,24.0,False,Ferrari,5235.741,2026-05-24 20:34:31.215,1,5.0,False,,False,True
5388.285,LEC,16,76.264,21.0,1.0,,,21.772,24.191,30.301,5333.834,5358.025,5388.326,234.0,278.0,279.0,306.0,False,SOFT,25.0,False,Ferrari,5312.021,2026-05-24 20:35:47.495,1,5.0,False,,False,True
5464.376,LEC,16,76.091,22.0,1.0,,,21.694,24.229,30.168,5410.02,5434.249,5464.417,235.0,278.0,279.0,308.0,True,SOFT,26.0,False,Ferrari,5388.285,2026-05-24 20:37:03.759,1,5.0,False,,False,True
5540.655,LEC,16,76.279,23.0,1.0,,,21.692,24.465,30.122,5486.109,5510.574,5540.696,236.0,280.0,281.0,309.0,False,SOFT,27.0,False,Ferrari,5464.376,2026-05-24 20:38:19.850,1,5.0,False,,False,True
5616.751,LEC,16,76.096,24.0,1.0,,,21.786,24.178,30.132,5562.482,5586.66,5616.792,234.0,280.0,281.0,314.0,False,SOFT,28.0,False,Ferrari,5540.655,2026-05-24 20:39:36.129,1,5.0,False,,False,True
5692.997,LEC,16,76.246,25.0,1.0,,,21.632,24.347,30.267,5638.424,5662.771,5693.038,236.0,278.0,279.0,310.0,False,SOFT,29.0,False,Ferrari,5616.751,2026-05-24 20:40:52.225,1,5.0,False,,False,True
5769.276,LEC,16,76.279,26.0,1.0,,,21.89,24.272,30.117,5714.928,5739.2,5769.317,234.0,280.0,280.0,306.0,False,SOFT,30.0,False,Ferrari,5692.997,2026-05-24 20:42:08.471,1,5.0,False,,False,True
5845.366,LEC,16,76.09,27.0,1.0,,,21.784,24.189,30.117,5791.101,5815.29,5845.407,234.0,279.0,279.0,306.0,True,SOFT,31.0,False,Ferrari,5769.276,2026-05-24 20:43:24.750,1,5.0,False,,False,True
5921.827,LEC,16,76.461,28.0,1.0,,,21.615,24.11,30.736,5867.022,5891.132,5921.868,235.0,280.0,276.0,305.0,False,SOFT,32.0,False,Ferrari,5845.366,2026-05-24 20:44:40.840,1,5.0,False,,False,True
5998.123,LEC,16,76.296,29.0,1.0,,,21.946,24.23,30.12,5943.814,5968.044,5998.164,235.0,279.0,280.0,306.0,False,SOFT,33.0,False,Ferrari,5921.827,2026-05-24 20:45:57.301,1,5.0,False,,False,True
6078.211,LEC,16,80.088,30.0,1.0,,,21.752,24.885,33.451,6019.916,6044.801,6078.252,236.0,264.0,88.0,310.0,False,SOFT,34.0,False,Ferrari,5998.123,2026-05-24 20:47:13.597,126,4.0,False,,False,False
6203.696,LEC,16,125.485,31.0,1.0,,6175.08,29.755,36.557,59.173,6108.007,6144.564,6203.737,180.0,149.0,,269.0,False,SOFT,35.0,False,Ferrari,6078.211,2026-05-24 20:48:33.685,6,5.0,False,,False,False
6299.116,LEC,16,95.42,32.0,2.0,6205.314,,30.373,32.655,32.392,6234.11,6266.765,6299.157,187.0,236.0,285.0,293.0,False,MEDIUM,1.0,True,Ferrari,6203.696,2026-05-24 20:50:39.170,671,5.0,False,,False,False
6376.735,LEC,16,77.619,33.0,2.0,,,22.431,24.782,30.406,6321.588,6346.37,6376.776,234.0,280.0,285.0,314.0,False,MEDIUM,2.0,True,Ferrari,6299.116,2026-05-24 20:52:14.590,1,5.0,False,,False,True
6453.788,LEC,16,77.053,34.0,2.0,,,21.987,24.297,30.769,6398.763,6423.06,6453.829,237.0,288.0,268.0,304.0,False,MEDIUM,3.0,True,Ferrari,6376.735,2026-05-24 20:53:32.209,1,5.0,False,,False,True
6530.039,LEC,16,76.251,35.0,2.0,,,22.018,24.109,30.124,6475.847,6499.956,6530.08,237.0,285.0,285.0,320.0,False,MEDIUM,4.0,True,Ferrari,6453.788,2026-05-24 20:54:49.262,1,5.0,False,,False,True
6606.228,LEC,16,76.189,36.0,2.0,,,21.997,24.387,29.805,6552.077,6576.464,6606.269,237.0,280.0,291.0,322.0,False,MEDIUM,5.0,True,Ferrari,6530.039,2026-05-24 20:56:05.513,1,5.0,False,,False,True
6681.525,LEC,16,75.297,37.0,2.0,,,21.737,24.12,29.44,6628.006,6652.126,6681.566,236.0,285.0,307.0,330.0,True,MEDIUM,6.0,True,Ferrari,6606.228,2026-05-24 20:57:21.702,1,5.0,False,,False,True
6756.889,LEC,16,75.364,38.0,2.0,,,21.804,23.911,29.649,6703.37,6727.281,6756.93,237.0,283.0,288.0,332.0,False,MEDIUM,7.0,True,Ferrari,6681.525,2026-05-24 20:58:36.999,1,5.0,False,,False,True
6832.7,LEC,16,75.811,39.0,2.0,,,21.97,24.193,29.648,6778.9,6803.093,6832.741,237.0,284.0,280.0,316.0,False,MEDIUM,8.0,True,Ferrari,6756.889,2026-05-24 20:59:52.363,1,4.0,False,,False,True
6908.308,LEC,16,75.608,40.0,2.0,,,21.503,23.995,30.11,6854.244,6878.239,6908.349,238.0,278.0,277.0,305.0,False,MEDIUM,9.0,True,Ferrari,6832.7,2026-05-24 21:01:08.174,12,4.0,False,,False,True
6983.92,LEC,16,75.612,41.0,2.0,,,21.587,24.052,29.973,6929.936,6953.988,6983.961,237.0,283.0,278.0,309.0,False,MEDIUM,10.0,True,Ferrari,6908.308,2026-05-24 21:02:23.782,1,4.0,False,,False,True
7059.582,LEC,16,75.662,42.0,2.0,,,21.533,24.096,30.033,7005.494,7029.59,7059.623,237.0,279.0,281.0,301.0,False,MEDIUM,11.0,True,Ferrari,6983.92,2026-05-24 21:03:39.394,1,4.0,False,,False,True
7135.102,LEC,16,75.52,43.0,2.0,,,21.57,23.911,30.039,7081.193,7105.104,7135.143,236.0,279.0,278.0,303.0,False,MEDIUM,12.0,True,Ferrari,7059.582,2026-05-24 21:04:55.056,1,4.0,False,,False,True
7210.471,LEC,16,75.369,44.0,2.0,,,21.499,23.875,29.995,7156.642,7180.517,7210.512,238.0,280.0,280.0,304.0,False,MEDIUM,13.0,True,Ferrari,7135.102,2026-05-24 21:06:10.576,1,4.0,False,,False,True
7285.851,LEC,16,75.38,45.0,2.0,,,21.35,23.808,30.222,7231.862,7255.67,7285.892,238.0,282.0,280.0,307.0,False,MEDIUM,14.0,True,Ferrari,7210.471,2026-05-24 21:07:25.945,1,4.0,False,,False,True
7377.646,LEC,16,91.795,46.0,2.0,,,28.262,31.124,32.409,7314.154,7345.278,7377.687,240.0,178.0,288.0,303.0,False,MEDIUM,15.0,True,Ferrari,7285.851,2026-05-24 21:08:41.325,167,4.0,False,,False,False
7453.006,LEC,16,75.36,47.0,2.0,,,21.424,23.966,29.97,7399.111,7423.077,7453.047,238.0,280.0,281.0,305.0,False,MEDIUM,16.0,True,Ferrari,7377.646,2026-05-24 21:10:13.120,1,4.0,False,,False,True
7528.609,LEC,16,75.603,48.0,2.0,,,21.452,24.042,30.109,7474.499,7498.541,7528.65,237.0,280.0,282.0,304.0,False,MEDIUM,17.0,True,Ferrari,7453.006,2026-05-24 21:11:28.480,1,4.0,False,,False,True
7604.307,LEC,16,75.698,49.0,2.0,,,21.558,24.001,30.139,7550.208,7574.209,7604.348,237.0,279.0,277.0,298.0,False,MEDIUM,18.0,True,Ferrari,7528.609,2026-05-24 21:12:44.083,1,4.0,False,,False,True
7679.74,LEC,16,75.433,50.0,2.0,,,21.447,23.797,30.189,7625.795,7649.592,7679.781,237.0,280.0,276.0,299.0,False,MEDIUM,19.0,True,Ferrari,7604.307,2026-05-24 21:13:59.781,1,4.0,False,,False,True
7756.86,LEC,16,77.12,51.0,2.0,,,22.898,24.188,30.034,7702.679,7726.867,7756.901,229.0,278.0,279.0,300.0,False,MEDIUM,20.0,True,Ferrari,7679.74,2026-05-24 21:15:15.214,1,4.0,False,,False,True
7840.097,LEC,16,83.237,52.0,2.0,,,21.419,23.778,38.04,7778.32,7802.098,7840.138,238.0,280.0,226.0,211.0,False,MEDIUM,21.0,True,Ferrari,7756.86,2026-05-24 21:16:32.334,16,4.0,False,,False,False
7947.364,LEC,16,107.267,53.0,2.0,,,28.873,33.476,44.918,7869.011,7902.487,7947.405,200.0,166.0,273.0,247.0,False,MEDIUM,22.0,True,Ferrari,7840.097,2026-05-24 21:17:55.571,671,4.0,False,,False,False
8025.281,LEC,16,77.917,54.0,2.0,,,22.809,24.788,30.32,7970.214,7995.002,8025.322,234.0,281.0,284.0,304.0,False,MEDIUM,23.0,True,Ferrari,7947.364,2026-05-24 21:19:42.838,1,4.0,False,,False,True
8101.89,LEC,16,76.609,55.0,2.0,,,21.709,24.207,30.693,8047.031,8071.238,8101.931,237.0,282.0,278.0,309.0,False,MEDIUM,24.0,True,Ferrari,8025.281,2026-05-24 21:21:00.755,1,4.0,False,,False,True
8177.862,LEC,16,75.972,56.0,2.0,,,21.727,24.045,30.2,8123.658,8147.703,8177.903,239.0,279.0,280.0,302.0,False,MEDIUM,25.0,True,Ferrari,8101.89,2026-05-24 21:22:17.364,1,4.0,False,,False,True
8253.737,LEC,16,75.875,57.0,2.0,,,21.691,23.992,30.192,8199.594,8223.586,8253.778,239.0,279.0,277.0,299.0,False,MEDIUM,26.0,True,Ferrari,8177.862,2026-05-24 21:23:33.336,1,4.0,False,,False,True
8329.707,LEC,16,75.97,58.0,2.0,,,21.707,24.046,30.217,8275.485,8299.531,8329.748,238.0,279.0,278.0,299.0,False,MEDIUM,27.0,True,Ferrari,8253.737,2026-05-24 21:24:49.211,1,4.0,False,,False,True
8405.688,LEC,16,75.981,59.0,2.0,,,21.651,24.071,30.259,8351.399,8375.47,8405.729,238.0,279.0,281.0,301.0,False,MEDIUM,28.0,True,Ferrari,8329.707,2026-05-24 21:26:05.181,1,4.0,False,,False,True
8481.238,LEC,16,75.55,60.0,2.0,,,21.531,23.935,30.084,8427.26,8451.195,8481.279,237.0,280.0,278.0,302.0,False,MEDIUM,29.0,True,Ferrari,8405.688,2026-05-24 21:27:21.162,1,4.0,False,,False,True
8556.635,LEC,16,75.397,61.0,2.0,,,21.51,23.993,29.894,8502.789,8526.782,8556.676,239.0,280.0,282.0,306.0,False,MEDIUM,30.0,True,Ferrari,8481.238,2026-05-24 21:28:36.712,12,4.0,False,,False,True
8632.209,LEC,16,75.574,62.0,2.0,,,21.556,24.097,29.921,8578.232,8602.329,8632.25,238.0,283.0,279.0,305.0,False,MEDIUM,31.0,True,Ferrari,8556.635,2026-05-24 21:29:52.109,1,4.0,False,,False,True
8708.126,LEC,16,75.917,63.0,2.0,,,21.545,24.019,30.353,8653.795,8677.814,8708.167,237.0,279.0,279.0,300.0,False,MEDIUM,32.0,True,Ferrari,8632.209,2026-05-24 21:31:07.683,1,4.0,False,,False,True
8784.777,LEC,16,76.651,64.0,2.0,,,22.007,24.313,30.331,8730.174,8754.487,8784.818,236.0,278.0,280.0,299.0,False,MEDIUM,33.0,True,Ferrari,8708.126,2026-05-24 21:32:23.600,1,4.0,False,,False,True
8861.249,LEC,16,76.472,65.0,2.0,,,21.868,24.105,30.499,8806.686,8830.791,8861.29,238.0,278.0,279.0,299.0,False,MEDIUM,34.0,True,Ferrari,8784.777,2026-05-24 21:33:40.251,1,4.0,False,,False,True
8938.459,LEC,16,77.21,66.0,2.0,,,22.02,24.5,30.69,8883.31,8907.81,8938.5,236.0,280.0,281.0,300.0,False,MEDIUM,35.0,True,Ferrari,8861.249,2026-05-24 21:34:56.723,1,4.0,False,,False,True
9014.927,LEC,16,76.468,67.0,2.0,,,21.779,24.328,30.361,8960.279,8984.607,9014.968,239.0,282.0,281.0,302.0,False,MEDIUM,36.0,True,Ferrari,8938.459,2026-05-24 21:36:13.933,1,4.0,False,,False,True
9092.453,LEC,16,77.526,68.0,2.0,,,21.82,24.493,31.213,9036.788,9061.281,9092.494,239.0,281.0,238.0,303.0,False,MEDIUM,37.0,True,Ferrari,9014.927,2026-05-24 21:37:30.401,1,4.0,False,,False,True
3854.389,STR,18,101.845,1.0,1.0,3766.593,,,27.978,33.166,,3821.478,3854.547,223.0,266.0,266.0,303.0,False,SOFT,1.0,True,Aston Martin,3752.281,2026-05-24 20:09:47.755,1,20.0,False,,False,False
3939.467,STR,18,85.078,2.0,1.0,,,24.736,27.472,32.87,3879.179,3906.651,3939.521,223.0,270.0,270.0,315.0,True,SOFT,2.0,True,Aston Martin,3854.389,2026-05-24 20:11:29.863,1,16.0,False,,False,True
4023.98,STR,18,84.513,3.0,1.0,,,25.059,27.322,32.132,3964.58,3991.902,4024.034,219.0,267.0,267.0,308.0,True,SOFT,3.0,True,Aston Martin,3939.467,2026-05-24 20:12:54.941,1,15.0,False,,False,True
4106.498,STR,18,82.518,4.0,1.0,,,23.609,26.809,32.1,4047.643,4074.452,4106.552,227.0,270.0,267.0,307.0,True,SOFT,4.0,True,Aston Martin,4023.98,2026-05-24 20:14:19.454,1,16.0,False,,False,True
4188.361,STR,18,81.863,5.0,1.0,,,23.563,26.125,32.175,4130.115,4156.24,4188.415,227.0,266.0,267.0,310.0,True,SOFT,5.0,True,Aston Martin,4106.498,2026-05-24 20:15:41.972,1,16.0,False,,False,True
4269.198,STR,18,80.837,6.0,1.0,,,23.248,25.71,31.879,4211.663,4237.373,4269.252,229.0,267.0,263.0,296.0,True,SOFT,6.0,True,Aston Martin,4188.361,2026-05-24 20:17:03.835,1,16.0,False,,False,True
4350.099,STR,18,80.901,7.0,1.0,,,23.232,25.878,31.791,4292.484,4318.362,4350.153,226.0,262.0,269.0,297.0,False,SOFT,7.0,True,Aston Martin,4269.198,2026-05-24 20:18:24.672,1,16.0,False,,False,True
4433.692,STR,18,83.593,8.0,1.0,,,22.996,28.718,31.879,4373.149,4401.867,4433.746,231.0,262.0,269.0,308.0,False,SOFT,8.0,True,Aston Martin,4350.099,2026-05-24 20:19:45.573,1,17.0,True,TRACK LIMITS AT TURN 8 LAP 8 ,False,True
4514.596,STR,18,80.904,9.0,1.0,,,23.235,26.017,31.652,4456.981,4482.998,4514.65,232.0,273.0,268.0,308.0,False,SOFT,9.0,True,Aston Martin,4433.692,2026-05-24 20:21:09.166,1,18.0,False,,False,True
4594.862,STR,18,80.266,10.0,1.0,,,23.112,25.562,31.592,4537.762,4563.324,4594.916,233.0,271.0,258.0,311.0,True,SOFT,10.0,True,Aston Martin,4514.596,2026-05-24 20:22:30.070,1,18.0,False,,False,True
4675.436,STR,18,80.574,11.0,1.0,,,23.149,25.55,31.875,4618.065,4643.615,4675.49,231.0,268.0,267.0,297.0,False,SOFT,11.0,True,Aston Martin,4594.862,2026-05-24 20:23:50.336,1,19.0,False,,False,True
4755.569,STR,18,80.133,12.0,1.0,,,23.103,25.491,31.539,4698.593,4724.084,4755.623,232.0,269.0,267.0,310.0,True,SOFT,12.0,True,Aston Martin,4675.436,2026-05-24 20:25:10.910,12,17.0,False,,False,True
4836.095,STR,18,80.526,13.0,1.0,,,22.889,25.398,32.239,4778.512,4803.91,4836.149,230.0,267.0,264.0,304.0,False,SOFT,13.0,True,Aston Martin,4755.569,2026-05-24 20:26:31.043,21,18.0,False,,False,True
4932.306,STR,18,96.211,14.0,1.0,,4909.716,23.023,25.498,47.69,4859.172,4884.67,4932.36,229.0,267.0,,314.0,False,SOFT,14.0,True,Aston Martin,4836.095,2026-05-24 20:27:51.569,1,19.0,False,,False,False
5018.117,STR,18,85.811,15.0,2.0,4933.966,,26.518,26.997,32.296,4958.878,4985.875,5018.171,226.0,265.0,260.0,288.0,False,SOFT,1.0,True,Aston Martin,4932.306,2026-05-24 20:29:27.780,1,19.0,False,,False,False
5100.153,STR,18,82.036,16.0,2.0,,,23.335,25.734,32.967,5041.506,5067.24,5100.207,229.0,266.0,262.0,283.0,False,SOFT,2.0,True,Aston Martin,5018.117,2026-05-24 20:30:53.591,1,19.0,False,,False,True
5181.288,STR,18,81.135,17.0,2.0,,,23.174,25.688,32.273,5123.381,5149.069,5181.342,229.0,266.0,270.0,285.0,False,SOFT,3.0,True,Aston Martin,5100.153,2026-05-24 20:32:15.627,12,19.0,False,,False,True
5260.968,STR,18,79.68,18.0,2.0,,,22.989,25.362,31.329,5204.331,5229.693,5261.022,232.0,270.0,262.0,309.0,True,SOFT,4.0,True,Aston Martin,5181.288,2026-05-24 20:33:36.762,21,19.0,False,,False,True
5341.004,STR,18,80.036,19.0,2.0,,,22.824,25.718,31.494,5283.846,5309.564,5341.058,229.0,265.0,252.0,296.0,False,SOFT,5.0,True,Aston Martin,5260.968,2026-05-24 20:34:56.442,1,19.0,False,,False,True
5424.046,STR,18,83.042,20.0,2.0,,,24.332,25.51,33.2,5365.39,5390.9,5424.1,228.0,265.0,271.0,296.0,False,SOFT,6.0,True,Aston Martin,5341.004,2026-05-24 20:36:16.478,1,19.0,True,TRACK LIMITS AT TURN 10 LAP 20 ,False,True
5503.908,STR,18,79.862,21.0,2.0,,,22.823,25.325,31.714,5446.923,5472.248,5503.962,233.0,269.0,261.0,291.0,False,SOFT,7.0,True,Aston Martin,5424.046,2026-05-24 20:37:39.520,1,19.0,False,,False,True
5585.161,STR,18,81.253,22.0,2.0,,,22.79,26.164,32.299,5526.752,5552.916,5585.215,228.0,259.0,274.0,314.0,False,SOFT,8.0,True,Aston Martin,5503.908,2026-05-24 20:38:59.382,1,19.0,False,,False,True
5664.283,STR,18,79.122,23.0,2.0,,,22.685,25.176,31.261,5607.9,5633.076,5664.337,235.0,271.0,269.0,302.0,True,SOFT,9.0,True,Aston Martin,5585.161,2026-05-24 20:40:20.635,1,19.0,False,,False,True
5743.425,STR,18,79.142,24.0,2.0,,,22.627,25.235,31.28,5686.964,5712.199,5743.479,232.0,268.0,269.0,298.0,False,SOFT,10.0,True,Aston Martin,5664.283,2026-05-24 20:41:39.757,1,19.0,False,,False,True
5822.501,STR,18,79.076,25.0,2.0,,,22.524,25.234,31.318,5766.003,5791.237,5822.555,232.0,268.0,266.0,294.0,True,SOFT,11.0,True,Aston Martin,5743.425,2026-05-24 20:42:58.899,1,18.0,False,,False,True
5903.072,STR,18,80.571,26.0,2.0,,,22.72,25.308,32.543,5845.275,5870.583,5903.126,232.0,268.0,268.0,277.0,False,SOFT,12.0,True,Aston Martin,5822.501,2026-05-24 20:44:17.975,1,18.0,False,,False,True
5982.467,STR,18,79.395,27.0,2.0,,,22.828,25.263,31.304,5925.954,5951.217,5982.521,232.0,269.0,269.0,298.0,False,SOFT,13.0,True,Aston Martin,5903.072,2026-05-24 20:45:38.546,1,18.0,False,,False,True
6065.326,STR,18,82.859,28.0,2.0,,,24.661,26.679,31.519,6007.182,6033.861,6065.38,230.0,272.0,267.0,302.0,False,SOFT,14.0,True,Aston Martin,5982.467,2026-05-24 20:46:57.941,12,18.0,False,,False,True
6168.219,STR,18,102.893,29.0,2.0,,,29.555,36.851,36.487,6094.935,6131.786,6168.273,153.0,225.0,238.0,278.0,False,SOFT,15.0,True,Aston Martin,6065.326,2026-05-24 20:48:20.800,26,18.0,False,,False,False
6272.986,STR,18,104.767,30.0,2.0,,,32.374,34.879,37.514,6200.647,6235.526,6273.04,168.0,153.0,262.0,268.0,False,SOFT,16.0,True,Aston Martin,6168.219,2026-05-24 20:50:03.693,671,17.0,False,,False,False
6355.216,STR,18,82.23,31.0,2.0,,,23.789,26.427,32.014,6296.829,6323.256,6355.27,228.0,268.0,269.0,266.0,False,SOFT,17.0,True,Aston Martin,6272.986,2026-05-24 20:51:48.460,1,17.0,False,,False,True
6436.613,STR,18,81.397,32.0,2.0,,,22.756,26.709,31.932,6378.026,6404.735,6436.667,231.0,276.0,224.0,310.0,False,SOFT,18.0,True,Aston Martin,6355.216,2026-05-24 20:53:10.690,1,17.0,False,,False,True
6517.078,STR,18,80.465,33.0,2.0,,,23.407,25.669,31.389,6460.074,6485.743,6517.132,232.0,271.0,255.0,301.0,False,SOFT,19.0,True,Aston Martin,6436.613,2026-05-24 20:54:32.087,1,17.0,False,,False,True
6601.034,STR,18,83.956,34.0,2.0,,,24.688,26.412,32.856,6541.82,6568.232,6601.088,232.0,275.0,271.0,260.0,False,SOFT,20.0,True,Aston Martin,6517.078,2026-05-24 20:55:52.552,1,17.0,False,,False,True
6680.936,STR,18,79.902,35.0,2.0,,,23.006,25.383,31.513,6624.094,6649.477,6680.99,232.0,271.0,238.0,298.0,False,SOFT,21.0,True,Aston Martin,6601.034,2026-05-24 20:57:16.508,1,17.0,False,,False,True
6761.483,STR,18,80.547,36.0,2.0,,,23.959,25.284,31.304,6704.949,6730.233,6761.537,233.0,273.0,272.0,301.0,False,SOFT,22.0,True,Aston Martin,6680.936,2026-05-24 20:58:36.410,1,17.0,False,,False,True
6841.449,STR,18,79.966,37.0,2.0,,,23.416,25.276,31.274,6784.953,6810.229,6841.503,234.0,272.0,272.0,300.0,False,SOFT,23.0,True,Aston Martin,6761.483,2026-05-24 20:59:56.957,1,17.0,False,,False,True
6920.699,STR,18,79.25,38.0,2.0,,,22.733,25.15,31.367,6864.236,6889.386,6920.753,234.0,270.0,268.0,296.0,False,SOFT,24.0,True,Aston Martin,6841.449,2026-05-24 21:01:16.923,12,17.0,False,,False,True
6999.42,STR,18,78.721,39.0,2.0,,,22.417,25.139,31.165,6943.17,6968.309,6999.474,233.0,270.0,268.0,294.0,True,SOFT,25.0,True,Aston Martin,6920.699,2026-05-24 21:02:36.173,1,16.0,False,,False,True
7079.714,STR,18,80.294,40.0,2.0,,,24.036,25.193,31.065,7023.51,7048.703,7079.768,233.0,271.0,270.0,298.0,False,SOFT,26.0,True,Aston Martin,6999.42,2026-05-24 21:03:54.894,1,16.0,False,,False,True
7158.64,STR,18,78.926,41.0,2.0,,,22.559,25.137,31.23,7102.327,7127.464,7158.694,233.0,270.0,269.0,294.0,False,SOFT,27.0,True,Aston Martin,7079.714,2026-05-24 21:05:15.188,1,15.0,False,,False,True
7240.368,STR,18,81.728,42.0,2.0,,,24.007,26.36,31.361,7182.701,7209.061,7240.422,231.0,272.0,267.0,297.0,False,SOFT,28.0,True,Aston Martin,7158.64,2026-05-24 21:06:34.114,1,15.0,True,TRACK LIMITS AT TURN 2 LAP 42 ,False,True
7331.339,STR,18,90.971,43.0,2.0,,,22.681,25.006,43.284,7263.103,7288.109,7331.393,234.0,271.0,250.0,245.0,False,SOFT,29.0,True,Aston Martin,7240.368,2026-05-24 21:07:55.842,16,15.0,False,,False,False
7414.184,STR,18,82.845,44.0,2.0,,,25.513,25.718,31.614,7356.906,7382.624,7414.238,231.0,270.0,270.0,293.0,False,SOFT,30.0,True,Aston Martin,7331.339,2026-05-24 21:09:26.813,671,15.0,False,,False,False
7495.096,STR,18,80.912,45.0,2.0,,,22.622,26.417,31.873,7436.86,7463.277,7495.15,233.0,270.0,264.0,289.0,False,SOFT,31.0,True,Aston Martin,7414.184,2026-05-24 21:10:49.658,1,15.0,False,,False,True
7575.438,STR,18,80.342,46.0,2.0,,,22.843,25.42,32.079,7517.993,7543.413,7575.492,232.0,268.0,264.0,288.0,False,SOFT,32.0,True,Aston Martin,7495.096,2026-05-24 21:12:10.570,1,15.0,False,,False,True
7656.725,STR,18,81.287,47.0,2.0,,,24.286,25.543,31.458,7599.778,7625.321,7656.779,232.0,270.0,268.0,294.0,False,SOFT,33.0,True,Aston Martin,7575.438,2026-05-24 21:13:30.912,1,15.0,False,,False,True
7737.257,STR,18,80.532,48.0,2.0,,,22.968,25.512,32.052,7679.747,7705.259,7737.311,232.0,269.0,215.0,291.0,False,SOFT,34.0,True,Aston Martin,7656.725,2026-05-24 21:14:52.199,1,15.0,False,,False,True
7834.144,STR,18,96.887,49.0,2.0,,7811.608,23.475,25.458,47.954,7760.786,7786.244,7834.198,232.0,270.0,,294.0,False,SOFT,35.0,True,Aston Martin,7737.257,2026-05-24 21:16:12.731,16,15.0,False,,False,False
7939.824,STR,18,105.68,50.0,3.0,7835.733,,29.868,32.337,43.475,7864.066,7896.403,7939.878,230.0,249.0,237.0,303.0,False,MEDIUM,1.0,True,Aston Martin,7834.144,2026-05-24 21:17:49.618,67,15.0,False,,False,False
8021.848,STR,18,82.024,51.0,3.0,,,24.574,25.714,31.736,7964.452,7990.166,8021.902,231.0,262.0,273.0,296.0,False,MEDIUM,2.0,True,Aston Martin,7939.824,2026-05-24 21:19:35.298,71,15.0,False,,False,False
8102.693,STR,18,80.845,52.0,3.0,,,22.818,25.362,32.665,8044.72,8070.082,8102.747,234.0,269.0,269.0,266.0,False,MEDIUM,3.0,True,Aston Martin,8021.848,2026-05-24 21:20:57.322,1,15.0,False,,False,True
8182.302,STR,18,79.609,53.0,3.0,,,22.888,25.428,31.293,8125.635,8151.063,8182.356,235.0,272.0,271.0,298.0,False,MEDIUM,4.0,True,Aston Martin,8102.693,2026-05-24 21:22:18.167,1,15.0,False,,False,True
8261.462,STR,18,79.16,54.0,3.0,,,22.614,25.116,31.43,8204.97,8230.086,8261.516,235.0,271.0,269.0,293.0,False,MEDIUM,5.0,True,Aston Martin,8182.302,2026-05-24 21:23:37.776,1,15.0,False,,False,True
8341.608,STR,18,80.146,55.0,3.0,,,23.708,25.265,31.173,8285.224,8310.489,8341.662,233.0,273.0,274.0,297.0,False,MEDIUM,6.0,True,Aston Martin,8261.462,2026-05-24 21:24:56.936,1,15.0,False,,False,True
8424.149,STR,18,82.541,56.0,3.0,,,22.669,27.912,31.96,8364.331,8392.243,8424.203,232.0,273.0,271.0,301.0,False,MEDIUM,7.0,True,Aston Martin,8341.608,2026-05-24 21:26:17.082,1,15.0,False,,False,True
8504.946,STR,18,80.797,57.0,3.0,,,24.098,25.478,31.221,8448.301,8473.779,8505.0,235.0,272.0,271.0,300.0,False,MEDIUM,8.0,True,Aston Martin,8424.149,2026-05-24 21:27:39.623,1,15.0,False,,False,True
8584.082,STR,18,79.136,58.0,3.0,,,22.763,25.178,31.195,8527.763,8552.941,8584.136,235.0,271.0,271.0,298.0,False,MEDIUM,9.0,True,Aston Martin,8504.946,2026-05-24 21:29:00.420,12,15.0,False,,False,True
8662.959,STR,18,78.877,59.0,3.0,,,22.536,25.111,31.23,8606.672,8631.783,8663.013,236.0,271.0,271.0,293.0,False,MEDIUM,10.0,True,Aston Martin,8584.082,2026-05-24 21:30:19.556,1,15.0,False,,False,True
8742.371,STR,18,79.412,60.0,3.0,,,22.738,25.307,31.367,8685.751,8711.058,8742.425,234.0,270.0,269.0,291.0,False,MEDIUM,11.0,True,Aston Martin,8662.959,2026-05-24 21:31:38.433,1,15.0,False,,False,True
8821.383,STR,18,79.012,61.0,3.0,,,22.593,25.047,31.372,8765.018,8790.065,8821.437,235.0,270.0,270.0,290.0,False,MEDIUM,12.0,True,Aston Martin,8742.371,2026-05-24 21:32:57.845,1,15.0,False,,False,True
8900.818,STR,18,79.435,62.0,3.0,,,22.491,25.122,31.822,8843.928,8869.05,8900.872,235.0,270.0,271.0,284.0,False,MEDIUM,13.0,True,Aston Martin,8821.383,2026-05-24 21:34:16.857,1,15.0,False,,False,True
8980.067,STR,18,79.249,63.0,3.0,,,22.67,25.674,30.905,8923.542,8949.216,8980.121,233.0,277.0,275.0,307.0,False,MEDIUM,14.0,True,Aston Martin,8900.818,2026-05-24 21:35:36.292,1,15.0,False,,False,True
9066.699,STR,18,86.632,64.0,3.0,,,22.498,25.056,39.078,9002.619,9027.675,9066.753,235.0,272.0,254.0,241.0,False,MEDIUM,15.0,True,Aston Martin,8980.067,2026-05-24 21:36:55.541,1,15.0,True,TRACK LIMITS AT TURN 10 LAP 64 ,False,True
3851.707,ALB,23,99.163,1.0,1.0,,,,29.38,33.908,,3817.946,3851.713,180.0,276.0,270.0,323.0,False,SOFT,1.0,True,Williams,3752.281,2026-05-24 20:09:47.755,1,19.0,False,,False,False
3937.221,ALB,23,85.514,2.0,1.0,,,25.435,27.841,32.238,3877.148,3904.989,3937.227,220.0,278.0,248.0,324.0,False,SOFT,2.0,True,Williams,3851.707,2026-05-24 20:11:27.181,1,14.0,True,TRACK LIMITS AT TURN 14 LAP 2 ,False,True
4020.025,ALB,23,82.804,3.0,1.0,,,24.572,26.098,32.134,3961.799,3987.897,4020.031,227.0,274.0,276.0,300.0,True,SOFT,3.0,True,Williams,3937.221,2026-05-24 20:12:52.695,1,13.0,False,,False,True
4100.392,ALB,23,80.367,4.0,1.0,,,23.311,25.675,31.381,4043.342,4069.017,4100.398,231.0,276.0,278.0,306.0,True,SOFT,4.0,True,Williams,4020.025,2026-05-24 20:14:15.499,1,13.0,False,,False,True
4179.451,ALB,23,79.059,5.0,1.0,,,22.778,25.23,31.051,4123.176,4148.406,4179.457,235.0,281.0,279.0,323.0,True,SOFT,5.0,True,Williams,4100.392,2026-05-24 20:15:35.866,1,13.0,False,,False,True
4258.984,ALB,23,79.533,6.0,1.0,,,22.931,25.503,31.099,4202.388,4227.891,4258.99,238.0,285.0,281.0,325.0,False,SOFT,6.0,True,Williams,4179.451,2026-05-24 20:16:54.925,1,12.0,False,,False,True
4337.622,ALB,23,78.638,7.0,1.0,,,22.576,25.064,30.998,4281.566,4306.63,4337.628,230.0,275.0,265.0,314.0,True,SOFT,7.0,True,Williams,4258.984,2026-05-24 20:18:14.458,1,12.0,False,,False,True
4416.839,ALB,23,79.217,8.0,1.0,,,23.132,25.303,30.782,4360.76,4386.063,4416.845,236.0,290.0,272.0,318.0,False,SOFT,8.0,True,Williams,4337.622,2026-05-24 20:19:33.096,1,12.0,False,,False,True
4494.48,ALB,23,77.641,9.0,1.0,,,22.172,24.778,30.691,4439.017,4463.795,4494.486,237.0,280.0,266.0,314.0,True,SOFT,9.0,True,Williams,4416.839,2026-05-24 20:20:52.313,1,12.0,False,,False,True
4571.976,ALB,23,77.496,10.0,1.0,,,22.145,24.682,30.669,4516.631,4541.313,4571.982,237.0,276.0,268.0,309.0,True,SOFT,10.0,True,Williams,4494.48,2026-05-24 20:22:09.954,1,12.0,False,,False,True
4649.197,ALB,23,77.221,11.0,1.0,,,21.979,24.649,30.593,4593.961,4618.61,4649.203,238.0,280.0,282.0,316.0,True,SOFT,11.0,True,Williams,4571.976,2026-05-24 20:23:27.450,1,12.0,False,,False,True
4799.197,ALB,23,,12.0,1.0,,,,,,,,,,,,,,SOFT,12.0,True,Williams,4649.197,2026-05-24 20:24:44.671,12,,False,,True,False
3846.407,HUL,27,93.863,1.0,1.0,,,,27.701,33.081,,3813.513,3846.572,200.0,280.0,269.0,330.0,False,INTERMEDIATE,1.0,True,Audi,3752.281,2026-05-24 20:09:47.755,1,10.0,False,,False,False
3949.474,HUL,27,103.067,2.0,1.0,,3926.104,25.038,27.491,50.538,3871.499,3898.99,3949.528,216.0,272.0,,311.0,False,INTERMEDIATE,2.0,True,Audi,3846.407,2026-05-24 20:11:21.881,1,18.0,False,,False,False
4034.725,HUL,27,85.251,3.0,2.0,3951.08,,26.408,26.732,32.111,3975.936,4002.668,4034.779,226.0,272.0,271.0,303.0,False,SOFT,5.0,False,Audi,3949.474,2026-05-24 20:13:04.948,1,17.0,False,,False,False
4115.776,HUL,27,81.051,4.0,2.0,,,23.277,25.417,32.357,4058.056,4083.473,4115.83,240.0,270.0,268.0,303.0,False,SOFT,6.0,False,Audi,4034.725,2026-05-24 20:14:30.199,1,17.0,True,TRACK LIMITS AT TURN 14 LAP 4 ,False,True
4195.701,HUL,27,79.925,5.0,2.0,,,23.028,25.525,31.372,4138.858,4164.383,4195.755,236.0,268.0,272.0,303.0,True,SOFT,7.0,False,Audi,4115.776,2026-05-24 20:15:51.250,1,17.0,False,,False,True
4277.577,HUL,27,81.876,6.0,2.0,,,22.52,25.128,34.228,4218.275,4243.403,4277.631,236.0,270.0,277.0,303.0,False,SOFT,8.0,False,Audi,4195.701,2026-05-24 20:17:11.175,1,18.0,True,TRACK LIMITS AT TURN 10 LAP 6 ,False,True
4356.1,HUL,27,78.523,7.0,2.0,,,22.616,24.964,30.943,4300.247,4325.211,4356.154,238.0,273.0,277.0,310.0,True,SOFT,9.0,False,Audi,4277.577,2026-05-24 20:18:33.051,1,18.0,False,,False,True
4434.196,HUL,27,78.096,8.0,2.0,,,22.28,24.931,30.885,4378.434,4403.365,4434.25,237.0,275.0,283.0,317.0,True,SOFT,10.0,False,Audi,4356.1,2026-05-24 20:19:51.574,1,18.0,False,,False,True
4513.382,HUL,27,79.186,9.0,2.0,,,22.944,24.986,31.256,4457.194,4482.18,4513.436,235.0,276.0,269.0,302.0,False,SOFT,11.0,False,Audi,4434.196,2026-05-24 20:21:09.670,1,17.0,False,,False,True
4591.723,HUL,27,78.341,10.0,2.0,,,22.422,24.954,30.965,4535.858,4560.812,4591.777,235.0,270.0,273.0,303.0,False,SOFT,12.0,False,Audi,4513.382,2026-05-24 20:22:28.856,1,17.0,False,,False,True
4669.724,HUL,27,78.001,11.0,2.0,,,22.148,24.776,31.077,4613.925,4638.701,4669.778,236.0,271.0,274.0,304.0,True,SOFT,13.0,False,Audi,4591.723,2026-05-24 20:23:47.197,1,17.0,False,,False,True
4747.712,HUL,27,77.988,12.0,2.0,,,22.062,24.637,31.289,4691.84,4716.477,4747.766,237.0,272.0,275.0,306.0,True,SOFT,14.0,False,Audi,4669.724,2026-05-24 20:25:05.198,12,15.0,False,,False,True
4825.921,HUL,27,78.209,13.0,2.0,,,22.042,24.672,31.495,4769.808,4794.48,4825.975,236.0,270.0,275.0,311.0,False,SOFT,15.0,False,Audi,4747.712,2026-05-24 20:26:23.186,2,15.0,False,,False,True
4903.597,HUL,27,77.676,14.0,2.0,,,22.087,24.828,30.761,4848.062,4872.89,4903.651,237.0,273.0,274.0,306.0,True,SOFT,16.0,False,Audi,4825.921,2026-05-24 20:27:41.395,21,15.0,False,,False,True
4980.986,HUL,27,77.389,15.0,2.0,,,21.988,24.659,30.742,4925.639,4950.298,4981.04,239.0,273.0,276.0,307.0,True,SOFT,17.0,False,Audi,4903.597,2026-05-24 20:28:59.071,1,15.0,False,,False,True
5060.025,HUL,27,79.039,16.0,2.0,,,22.578,25.363,31.098,5003.618,5028.981,5060.079,229.0,281.0,274.0,310.0,False,SOFT,18.0,False,Audi,4980.986,2026-05-24 20:30:16.460,1,13.0,False,,False,True
5137.723,HUL,27,77.698,17.0,2.0,,,22.044,24.581,31.073,5082.123,5106.704,5137.777,238.0,277.0,280.0,304.0,False,SOFT,19.0,False,Audi,5060.025,2026-05-24 20:31:35.499,1,12.0,False,,False,True
5215.219,HUL,27,77.496,18.0,2.0,,,22.05,24.568,30.878,5159.827,5184.395,5215.273,237.0,271.0,274.0,303.0,False,SOFT,20.0,False,Audi,5137.723,2026-05-24 20:32:53.197,12,12.0,False,,False,True
5292.345,HUL,27,77.126,19.0,2.0,,,21.876,24.544,30.706,5237.149,5261.693,5292.399,238.0,272.0,275.0,304.0,True,SOFT,21.0,False,Audi,5215.219,2026-05-24 20:34:10.693,1,12.0,False,,False,True
5392.782,HUL,27,100.437,20.0,2.0,,5363.472,21.833,24.569,54.035,5314.232,5338.801,5392.836,237.0,277.0,,311.0,False,SOFT,22.0,False,Audi,5292.345,2026-05-24 20:35:27.819,1,14.0,False,,False,False
5475.423,HUL,27,82.641,21.0,3.0,5394.422,,25.611,25.653,31.377,5418.447,5444.1,5475.477,232.0,274.0,271.0,301.0,False,MEDIUM,1.0,False,Audi,5392.782,2026-05-24 20:37:08.256,1,14.0,False,,False,False
5553.687,HUL,27,78.264,22.0,3.0,,,22.432,24.733,31.099,5497.909,5522.642,5553.741,238.0,271.0,273.0,301.0,False,MEDIUM,2.0,False,Audi,5475.423,2026-05-24 20:38:30.897,1,14.0,False,,False,True
5631.413,HUL,27,77.726,23.0,3.0,,,22.152,24.576,30.998,5575.893,5600.469,5631.467,237.0,272.0,272.0,301.0,False,MEDIUM,3.0,False,Audi,5553.687,2026-05-24 20:39:49.161,1,14.0,False,,False,True
5709.002,HUL,27,77.589,24.0,3.0,,,22.088,24.634,30.867,5653.555,5678.189,5709.056,238.0,273.0,271.0,304.0,False,MEDIUM,4.0,False,Audi,5631.413,2026-05-24 20:41:06.887,1,14.0,False,,False,True
5786.454,HUL,27,77.452,25.0,3.0,,,22.062,24.564,30.826,5731.118,5755.682,5786.508,238.0,274.0,273.0,302.0,False,MEDIUM,5.0,False,Audi,5709.002,2026-05-24 20:42:24.476,1,14.0,False,,False,True
5863.926,HUL,27,77.472,26.0,3.0,,,21.993,24.557,30.922,5808.501,5833.058,5863.98,239.0,273.0,273.0,302.0,False,MEDIUM,6.0,False,Audi,5786.454,2026-05-24 20:43:41.928,1,14.0,False,,False,True
5941.656,HUL,27,77.73,27.0,3.0,,,22.076,24.681,30.973,5886.056,5910.737,5941.71,239.0,273.0,273.0,304.0,False,MEDIUM,7.0,False,Audi,5863.926,2026-05-24 20:44:59.400,1,14.0,False,,False,True
6019.289,HUL,27,77.633,28.0,3.0,,,22.154,24.574,30.905,5963.864,5988.438,6019.343,239.0,273.0,274.0,303.0,False,MEDIUM,8.0,False,Audi,5941.656,2026-05-24 20:46:17.130,1,14.0,False,,False,True
6108.985,HUL,27,89.696,29.0,3.0,,,22.031,25.892,41.773,6041.374,6067.266,6109.039,239.0,278.0,223.0,227.0,False,MEDIUM,9.0,False,Audi,6019.289,2026-05-24 20:47:34.763,126,14.0,False,,False,False
6213.067,HUL,27,104.082,30.0,3.0,,,29.52,36.436,38.126,6138.559,6174.995,6213.121,225.0,218.0,263.0,150.0,False,MEDIUM,10.0,False,Audi,6108.985,2026-05-24 20:49:04.459,6,13.0,False,,False,False
6306.36,HUL,27,93.293,31.0,3.0,,,30.035,31.573,31.685,6243.156,6274.729,6306.414,183.0,272.0,277.0,298.0,False,MEDIUM,11.0,False,Audi,6213.067,2026-05-24 20:50:48.541,671,13.0,False,,False,False
6384.748,HUL,27,78.388,32.0,3.0,,,22.721,24.853,30.814,6329.135,6353.988,6384.802,241.0,274.0,277.0,305.0,False,MEDIUM,12.0,False,Audi,6306.36,2026-05-24 20:52:21.834,1,13.0,False,,False,True
6462.65,HUL,27,77.902,33.0,3.0,,,22.353,24.643,30.906,6407.155,6431.798,6462.704,238.0,274.0,275.0,300.0,False,MEDIUM,13.0,False,Audi,6384.748,2026-05-24 20:53:40.222,1,13.0,False,,False,True
6539.682,HUL,27,77.032,34.0,3.0,,,22.007,24.425,30.6,6484.711,6509.136,6539.736,240.0,274.0,276.0,302.0,True,MEDIUM,14.0,False,Audi,6462.65,2026-05-24 20:54:58.124,1,13.0,False,,False,True
6616.733,HUL,27,77.051,35.0,3.0,,,21.972,24.431,30.648,6561.708,6586.139,6616.787,239.0,274.0,278.0,303.0,False,MEDIUM,15.0,False,Audi,6539.682,2026-05-24 20:56:15.156,1,13.0,False,,False,True
6693.571,HUL,27,76.838,36.0,3.0,,,21.85,24.501,30.487,6638.637,6663.138,6693.625,239.0,274.0,277.0,305.0,True,MEDIUM,16.0,False,Audi,6616.733,2026-05-24 20:57:32.207,1,13.0,False,,False,True
6770.149,HUL,27,76.578,37.0,3.0,,,21.885,24.315,30.378,6715.51,6739.825,6770.203,239.0,274.0,276.0,306.0,True,MEDIUM,17.0,False,Audi,6693.571,2026-05-24 20:58:49.045,1,13.0,False,,False,True
6847.177,HUL,27,77.028,38.0,3.0,,,21.895,24.421,30.712,6792.098,6816.519,6847.231,238.0,275.0,275.0,306.0,False,MEDIUM,18.0,False,Audi,6770.149,2026-05-24 21:00:05.623,1,13.0,False,,False,True
6923.866,HUL,27,76.689,39.0,3.0,,,21.71,24.528,30.451,6868.941,6893.469,6923.92,240.0,275.0,276.0,308.0,False,MEDIUM,19.0,False,Audi,6847.177,2026-05-24 21:01:22.651,12,12.0,False,,False,True
7000.516,HUL,27,76.65,40.0,3.0,,,21.734,24.423,30.493,6945.654,6970.077,7000.57,241.0,277.0,277.0,310.0,False,MEDIUM,20.0,False,Audi,6923.866,2026-05-24 21:02:39.340,1,12.0,False,,False,True
7077.353,HUL,27,76.837,41.0,3.0,,,21.978,24.325,30.534,7022.548,7046.873,7077.407,240.0,275.0,275.0,301.0,False,MEDIUM,21.0,False,Audi,7000.516,2026-05-24 21:03:55.990,1,12.0,False,,False,True
7154.151,HUL,27,76.798,42.0,3.0,,,21.99,24.437,30.371,7099.397,7123.834,7154.205,240.0,275.0,275.0,301.0,False,MEDIUM,22.0,False,Audi,7077.353,2026-05-24 21:05:12.827,1,12.0,False,,False,True
7231.002,HUL,27,76.851,43.0,3.0,,,21.845,24.376,30.63,7176.05,7200.426,7231.056,240.0,274.0,275.0,299.0,False,MEDIUM,23.0,False,Audi,7154.151,2026-05-24 21:06:29.625,1,12.0,False,,False,True
7313.027,HUL,27,82.025,44.0,3.0,,,21.737,24.25,36.038,7252.793,7277.043,7313.081,240.0,274.0,266.0,238.0,False,MEDIUM,24.0,False,Audi,7231.002,2026-05-24 21:07:46.476,16,12.0,False,,False,False
7400.276,HUL,27,87.249,45.0,3.0,,,28.9,27.572,30.777,7341.981,7369.553,7400.33,168.0,277.0,278.0,301.0,False,MEDIUM,25.0,False,Audi,7313.027,2026-05-24 21:09:08.501,671,12.0,False,,False,False
7477.345,HUL,27,77.069,46.0,3.0,,,21.912,24.396,30.761,7422.242,7446.638,7477.399,241.0,275.0,275.0,302.0,False,MEDIUM,26.0,False,Audi,7400.276,2026-05-24 21:10:35.750,1,12.0,False,,False,True
7554.446,HUL,27,77.101,47.0,3.0,,,21.977,24.475,30.649,7499.376,7523.851,7554.5,239.0,274.0,276.0,301.0,False,MEDIUM,27.0,False,Audi,7477.345,2026-05-24 21:11:52.819,1,12.0,False,,False,True
7631.016,HUL,27,76.57,48.0,3.0,,,21.767,24.331,30.472,7576.267,7600.598,7631.07,239.0,275.0,276.0,300.0,True,MEDIUM,28.0,False,Audi,7554.446,2026-05-24 21:13:09.920,1,12.0,False,,False,True
7707.64,HUL,27,76.624,49.0,3.0,,,21.831,24.246,30.547,7652.901,7677.147,7707.694,239.0,275.0,277.0,301.0,False,MEDIUM,29.0,False,Audi,7631.016,2026-05-24 21:14:26.490,1,12.0,False,,False,True
7783.924,HUL,27,76.284,50.0,3.0,,,21.734,24.221,30.329,7729.428,7753.649,7783.978,241.0,275.0,277.0,303.0,True,MEDIUM,30.0,False,Audi,7707.64,2026-05-24 21:15:43.114,1,12.0,False,,False,True
7878.164,HUL,27,94.24,51.0,3.0,,,21.78,31.447,41.013,7805.758,7837.205,7878.218,240.0,261.0,241.0,315.0,False,MEDIUM,31.0,False,Audi,7783.924,2026-05-24 21:16:59.398,16,11.0,False,,False,False
7974.0,HUL,27,95.836,52.0,3.0,,,30.301,32.742,32.793,7908.519,7941.261,7974.054,224.0,211.0,276.0,287.0,False,MEDIUM,32.0,False,Audi,7878.164,2026-05-24 21:18:33.638,671,11.0,False,,False,False
8051.497,HUL,27,77.497,53.0,3.0,,,22.355,24.527,30.615,7996.409,8020.936,8051.551,243.0,276.0,278.0,306.0,False,MEDIUM,33.0,False,Audi,7974.0,2026-05-24 21:20:09.474,1,11.0,False,,False,True
8128.576,HUL,27,77.079,54.0,3.0,,,22.182,24.341,30.556,8073.733,8098.074,8128.63,240.0,276.0,279.0,304.0,False,MEDIUM,34.0,False,Audi,8051.497,2026-05-24 21:21:26.971,1,11.0,False,,False,True
8205.034,HUL,27,76.458,55.0,3.0,,,21.645,24.395,30.418,8150.275,8174.67,8205.088,240.0,276.0,277.0,304.0,False,MEDIUM,35.0,False,Audi,8128.576,2026-05-24 21:22:44.050,1,11.0,False,,False,True
8281.544,HUL,27,76.51,56.0,3.0,,,21.778,24.269,30.463,8226.866,8251.135,8281.598,242.0,276.0,277.0,302.0,False,MEDIUM,36.0,False,Audi,8205.034,2026-05-24 21:24:00.508,1,11.0,False,,False,True
8357.819,HUL,27,76.275,57.0,3.0,,,21.619,24.145,30.511,8303.217,8327.362,8357.873,242.0,275.0,278.0,303.0,True,MEDIUM,37.0,False,Audi,8281.544,2026-05-24 21:25:17.018,1,11.0,False,,False,True
8434.876,HUL,27,77.057,58.0,3.0,,,21.691,24.968,30.398,8379.564,8404.532,8434.93,243.0,277.0,278.0,305.0,False,MEDIUM,38.0,False,Audi,8357.819,2026-05-24 21:26:33.293,1,11.0,False,,False,True
8511.205,HUL,27,76.329,59.0,3.0,,,21.761,24.201,30.367,8456.691,8480.892,8511.259,242.0,277.0,277.0,305.0,False,MEDIUM,39.0,False,Audi,8434.876,2026-05-24 21:27:50.350,1,11.0,False,,False,True
8596.911,HUL,27,85.706,60.0,3.0,,,29.211,25.694,30.801,8540.47,8566.164,8596.965,233.0,273.0,274.0,298.0,False,MEDIUM,40.0,False,Audi,8511.205,2026-05-24 21:29:06.679,12,11.0,True,TRACK LIMITS AT TURN 2 LAP 60 ,False,True
8673.796,HUL,27,76.885,61.0,3.0,,,21.97,24.402,30.513,8618.935,8643.337,8673.85,242.0,276.0,276.0,301.0,False,MEDIUM,41.0,False,Audi,8596.911,2026-05-24 21:30:32.385,1,11.0,False,,False,True
8752.239,HUL,27,78.443,62.0,3.0,,,22.081,25.434,30.928,8695.931,8721.365,8752.293,243.0,283.0,264.0,316.0,False,MEDIUM,42.0,False,Audi,8673.796,2026-05-24 21:31:49.270,1,11.0,False,,False,True
8829.259,HUL,27,77.02,63.0,3.0,,,22.66,24.269,30.091,8774.953,8799.222,8829.313,245.0,280.0,285.0,330.0,False,MEDIUM,43.0,False,Audi,8752.239,2026-05-24 21:33:07.713,1,11.0,False,,False,True
8906.445,HUL,27,77.186,64.0,3.0,,,21.872,24.443,30.871,8851.185,8875.628,8906.499,237.0,278.0,283.0,324.0,False,MEDIUM,44.0,False,Audi,8829.259,2026-05-24 21:34:24.733,1,12.0,False,,False,True
8982.898,HUL,27,76.453,65.0,3.0,,,22.349,24.238,29.866,8928.848,8953.086,8982.952,238.0,284.0,277.0,332.0,False,MEDIUM,45.0,False,Audi,8906.445,2026-05-24 21:35:41.919,1,12.0,False,,False,True
9062.484,HUL,27,79.586,66.0,3.0,,,24.661,24.596,30.329,9007.613,9032.209,9062.538,238.0,282.0,289.0,334.0,False,MEDIUM,46.0,False,Audi,8982.898,2026-05-24 21:36:58.372,1,12.0,False,,False,True
3842.468,VER,3,89.924,1.0,1.0,,,,26.974,32.019,,3810.531,3842.494,232.0,280.0,268.0,321.0,False,SOFT,6.0,False,Red Bull Racing,3752.281,2026-05-24 20:09:47.755,1,5.0,False,,False,False
3922.744,VER,3,80.276,2.0,1.0,,,23.286,25.745,31.245,3865.754,3891.499,3922.744,235.0,277.0,280.0,314.0,True,SOFT,7.0,False,Red Bull Racing,3842.468,2026-05-24 20:11:17.942,1,4.0,False,,False,True
4002.361,VER,3,79.617,3.0,1.0,,,23.159,25.506,30.952,3945.903,3971.409,4002.361,234.0,278.0,286.0,309.0,True,SOFT,8.0,False,Red Bull Racing,3922.744,2026-05-24 20:12:38.218,1,4.0,False,,False,True
4080.195,VER,3,77.834,4.0,1.0,,,22.523,24.889,30.422,4024.884,4049.773,4080.195,235.0,279.0,286.0,316.0,True,SOFT,9.0,False,Red Bull Racing,4002.361,2026-05-24 20:13:57.835,1,4.0,False,,False,True
4157.416,VER,3,77.221,5.0,1.0,,,22.183,24.715,30.323,4102.378,4127.093,4157.416,240.0,280.0,287.0,319.0,True,SOFT,10.0,False,Red Bull Racing,4080.195,2026-05-24 20:15:15.669,1,4.0,False,,False,True
4234.622,VER,3,77.206,6.0,1.0,,,22.242,24.672,30.292,4179.658,4204.33,4234.622,238.0,280.0,288.0,317.0,True,SOFT,11.0,False,Red Bull Racing,4157.416,2026-05-24 20:16:32.890,1,4.0,False,,False,True
4311.296,VER,3,76.674,7.0,1.0,,,22.06,24.508,30.106,4256.682,4281.19,4311.296,241.0,281.0,287.0,320.0,True,SOFT,12.0,False,Red Bull Racing,4234.622,2026-05-24 20:17:50.096,1,4.0,False,,False,True
4387.872,VER,3,76.576,8.0,1.0,,,22.212,24.496,29.868,4333.508,4358.004,4387.872,238.0,281.0,296.0,322.0,True,SOFT,13.0,False,Red Bull Racing,4311.296,2026-05-24 20:19:06.770,1,4.0,False,,False,True
4464.676,VER,3,76.804,9.0,1.0,,,22.075,24.446,30.283,4409.947,4434.393,4464.676,238.0,276.0,274.0,303.0,False,SOFT,14.0,False,Red Bull Racing,4387.872,2026-05-24 20:20:23.346,1,3.0,False,,False,True
4541.135,VER,3,76.459,10.0,1.0,,,21.846,24.456,30.157,4486.522,4510.978,4541.135,235.0,274.0,280.0,304.0,True,SOFT,15.0,False,Red Bull Racing,4464.676,2026-05-24 20:21:40.150,1,3.0,False,,False,True
4617.632,VER,3,76.497,11.0,1.0,,,21.643,24.369,30.485,4562.778,4587.147,4617.632,240.0,272.0,278.0,300.0,False,SOFT,16.0,False,Red Bull Racing,4541.135,2026-05-24 20:22:56.609,1,3.0,False,,False,True
4693.984,VER,3,76.352,12.0,1.0,,,21.694,24.341,30.317,4639.326,4663.667,4693.984,237.0,274.0,280.0,301.0,True,SOFT,17.0,False,Red Bull Racing,4617.632,2026-05-24 20:24:13.106,1,3.0,False,,False,True
4770.516,VER,3,76.532,13.0,1.0,,,21.64,24.386,30.506,4715.624,4740.01,4770.516,238.0,272.0,280.0,303.0,False,SOFT,18.0,False,Red Bull Racing,4693.984,2026-05-24 20:25:29.458,12,3.0,False,,False,True
4846.888,VER,3,76.372,14.0,1.0,,,21.585,24.268,30.519,4792.101,4816.369,4846.888,238.0,275.0,281.0,306.0,False,SOFT,19.0,False,Red Bull Racing,4770.516,2026-05-24 20:26:45.990,21,3.0,False,,False,True
4923.062,VER,3,76.174,15.0,1.0,,,21.657,24.367,30.15,4868.545,4892.912,4923.062,238.0,276.0,281.0,311.0,True,SOFT,20.0,False,Red Bull Racing,4846.888,2026-05-24 20:28:02.362,1,3.0,False,,False,True
4999.194,VER,3,76.132,16.0,1.0,,,21.671,24.361,30.1,4944.733,4969.094,4999.194,240.0,276.0,280.0,306.0,True,SOFT,21.0,False,Red Bull Racing,4923.062,2026-05-24 20:29:18.536,1,3.0,False,,False,True
5075.282,VER,3,76.088,17.0,1.0,,,21.565,24.237,30.286,5020.759,5044.996,5075.282,239.0,273.0,281.0,303.0,True,SOFT,22.0,False,Red Bull Racing,4999.194,2026-05-24 20:30:34.668,1,3.0,False,,False,True
5151.288,VER,3,76.006,18.0,1.0,,,21.558,24.169,30.279,5096.84,5121.009,5151.288,238.0,276.0,281.0,302.0,True,SOFT,23.0,False,Red Bull Racing,5075.282,2026-05-24 20:31:50.756,1,3.0,False,,False,True
5227.491,VER,3,76.203,19.0,1.0,,,21.641,24.36,30.202,5172.929,5197.289,5227.491,237.0,274.0,281.0,302.0,False,SOFT,24.0,False,Red Bull Racing,5151.288,2026-05-24 20:33:06.762,12,3.0,False,,False,True
5303.671,VER,3,76.18,20.0,1.0,,,21.677,24.319,30.184,5249.168,5273.487,5303.671,240.0,273.0,282.0,303.0,False,SOFT,25.0,False,Red Bull Racing,5227.491,2026-05-24 20:34:22.965,1,3.0,True,TRACK LIMITS AT TURN 14 LAP 20 ,False,True
5380.415,VER,3,76.744,21.0,1.0,,,21.851,24.364,30.529,5325.522,5349.886,5380.415,240.0,280.0,277.0,301.0,False,SOFT,26.0,False,Red Bull Racing,5303.671,2026-05-24 20:35:39.145,1,3.0,False,,False,True
5456.252,VER,3,75.837,22.0,1.0,,,21.676,24.118,30.043,5402.091,5426.209,5456.252,241.0,276.0,283.0,306.0,True,SOFT,27.0,False,Red Bull Racing,5380.415,2026-05-24 20:36:55.889,1,3.0,False,,False,True
5532.514,VER,3,76.262,23.0,1.0,,,21.772,24.266,30.224,5478.024,5502.29,5532.514,236.0,275.0,281.0,301.0,False,SOFT,28.0,False,Red Bull Racing,5456.252,2026-05-24 20:38:11.726,1,3.0,False,,False,True
5609.385,VER,3,76.871,24.0,1.0,,,21.735,24.322,30.814,5554.249,5578.571,5609.385,239.0,274.0,280.0,296.0,False,SOFT,29.0,False,Red Bull Racing,5532.514,2026-05-24 20:39:27.988,1,3.0,False,,False,True
5685.808,VER,3,76.423,25.0,1.0,,,21.774,24.355,30.294,5631.159,5655.514,5685.808,237.0,275.0,280.0,302.0,False,SOFT,30.0,False,Red Bull Racing,5609.385,2026-05-24 20:40:44.859,1,3.0,False,,False,True
5762.143,VER,3,76.335,26.0,1.0,,,21.704,24.314,30.317,5707.512,5731.826,5762.143,241.0,277.0,281.0,300.0,False,SOFT,31.0,False,Red Bull Racing,5685.808,2026-05-24 20:42:01.282,1,3.0,False,,False,True
5838.405,VER,3,76.262,27.0,1.0,,,21.746,24.345,30.171,5783.889,5808.234,5838.405,240.0,275.0,283.0,302.0,False,SOFT,32.0,False,Red Bull Racing,5762.143,2026-05-24 20:43:17.617,1,3.0,False,,False,True
5914.506,VER,3,76.101,28.0,1.0,,,21.687,24.266,30.148,5860.092,5884.358,5914.506,240.0,276.0,278.0,304.0,False,SOFT,33.0,False,Red Bull Racing,5838.405,2026-05-24 20:44:33.879,1,3.0,False,,False,True
5990.761,VER,3,76.255,29.0,1.0,,,21.69,24.248,30.317,5936.196,5960.444,5990.761,240.0,277.0,283.0,302.0,False,SOFT,34.0,False,Red Bull Racing,5914.506,2026-05-24 20:45:49.980,1,3.0,False,,False,True
6066.771,VER,3,76.01,30.0,1.0,,,21.642,24.26,30.108,6012.403,6036.663,6066.771,241.0,276.0,282.0,309.0,False,SOFT,35.0,False,Red Bull Racing,5990.761,2026-05-24 20:47:06.235,12,2.0,False,,False,True
6185.873,VER,3,119.102,31.0,1.0,,6162.217,28.872,36.39,53.84,6095.643,6132.033,6185.873,171.0,226.0,,255.0,False,SOFT,36.0,False,Red Bull Racing,6066.771,2026-05-24 20:48:22.245,26,2.0,False,,False,False
6286.215,VER,3,100.342,32.0,2.0,6187.502,,29.162,36.652,34.528,6215.035,6251.687,6286.215,222.0,193.0,283.0,288.0,False,MEDIUM,1.0,True,Red Bull Racing,6185.873,2026-05-24 20:50:21.347,671,2.0,False,,False,False
6364.535,VER,3,78.32,33.0,2.0,,,22.741,24.931,30.648,6308.956,6333.887,6364.535,235.0,276.0,278.0,308.0,False,MEDIUM,2.0,True,Red Bull Racing,6286.215,2026-05-24 20:52:01.689,1,2.0,False,,False,True
6441.595,VER,3,77.06,34.0,2.0,,,22.186,24.535,30.339,6386.721,6411.256,6441.595,238.0,276.0,282.0,300.0,False,MEDIUM,3.0,True,Red Bull Racing,6364.535,2026-05-24 20:53:20.009,1,2.0,False,,False,True
6518.025,VER,3,76.43,35.0,2.0,,,21.699,24.346,30.385,6463.294,6487.64,6518.025,241.0,278.0,282.0,309.0,False,MEDIUM,4.0,True,Red Bull Racing,6441.595,2026-05-24 20:54:37.069,1,2.0,False,,False,True
6594.595,VER,3,76.57,36.0,2.0,,,22.085,24.211,30.274,6540.11,6564.321,6594.595,240.0,277.0,282.0,303.0,False,MEDIUM,5.0,True,Red Bull Racing,6518.025,2026-05-24 20:55:53.499,1,2.0,False,,False,True
6670.13,VER,3,75.535,37.0,2.0,,,21.523,24.074,29.938,6616.118,6640.192,6670.13,241.0,278.0,288.0,306.0,True,MEDIUM,6.0,True,Red Bull Racing,6594.595,2026-05-24 20:57:10.069,1,2.0,False,,False,True
6745.82,VER,3,75.69,38.0,2.0,,,21.48,24.033,30.177,6691.61,6715.643,6745.82,242.0,280.0,282.0,306.0,False,MEDIUM,7.0,True,Red Bull Racing,6670.13,2026-05-24 20:58:25.604,1,2.0,False,,False,True
6821.455,VER,3,75.635,39.0,2.0,,,21.493,24.034,30.108,6767.313,6791.347,6821.455,240.0,276.0,283.0,300.0,False,MEDIUM,8.0,True,Red Bull Racing,6745.82,2026-05-24 20:59:41.294,1,2.0,False,,False,True
6897.051,VER,3,75.596,40.0,2.0,,,21.321,23.995,30.28,6842.776,6866.771,6897.051,243.0,277.0,284.0,300.0,False,MEDIUM,9.0,True,Red Bull Racing,6821.455,2026-05-24 21:00:56.929,12,2.0,False,,False,True
6972.669,VER,3,75.618,41.0,2.0,,,21.429,24.151,30.038,6918.48,6942.631,6972.669,240.0,276.0,282.0,302.0,False,MEDIUM,10.0,True,Red Bull Racing,6897.051,2026-05-24 21:02:12.525,1,2.0,False,,False,True
7048.084,VER,3,75.415,42.0,2.0,,,21.365,24.024,30.026,6994.034,7018.058,7048.084,243.0,280.0,283.0,311.0,True,MEDIUM,11.0,True,Red Bull Racing,6972.669,2026-05-24 21:03:28.143,1,2.0,False,,False,True
7123.471,VER,3,75.387,43.0,2.0,,,21.478,23.983,29.926,7069.562,7093.545,7123.471,244.0,279.0,283.0,304.0,True,MEDIUM,12.0,True,Red Bull Racing,7048.084,2026-05-24 21:04:43.558,1,2.0,False,,False,True
7198.976,VER,3,75.505,44.0,2.0,,,21.302,24.059,30.144,7144.773,7168.832,7198.976,241.0,276.0,280.0,296.0,False,MEDIUM,13.0,True,Red Bull Racing,7123.471,2026-05-24 21:05:58.945,1,2.0,False,,False,True
7274.198,VER,3,75.222,45.0,2.0,,,21.283,24.021,29.918,7220.259,7244.28,7274.198,244.0,276.0,283.0,298.0,True,MEDIUM,14.0,True,Red Bull Racing,7198.976,2026-05-24 21:07:14.450,1,2.0,False,,False,True
7366.542,VER,3,92.344,46.0,2.0,,,21.399,33.692,37.253,7295.597,7329.289,7366.542,197.0,229.0,296.0,298.0,False,MEDIUM,15.0,True,Red Bull Racing,7274.198,2026-05-24 21:08:29.672,167,2.0,False,,False,False
7442.018,VER,3,75.476,47.0,2.0,,,21.378,24.091,30.007,7387.92,7412.011,7442.018,242.0,278.0,284.0,299.0,False,MEDIUM,16.0,True,Red Bull Racing,7366.542,2026-05-24 21:10:02.016,1,2.0,False,,False,True
7517.47,VER,3,75.452,48.0,2.0,,,21.447,23.906,30.099,7463.465,7487.371,7517.47,242.0,281.0,284.0,302.0,False,MEDIUM,17.0,True,Red Bull Racing,7442.018,2026-05-24 21:11:17.492,1,2.0,False,,False,True
7593.005,VER,3,75.535,49.0,2.0,,,21.504,24.014,30.017,7538.974,7562.988,7593.005,242.0,279.0,283.0,306.0,False,MEDIUM,18.0,True,Red Bull Racing,7517.47,2026-05-24 21:12:32.944,1,2.0,False,,False,True
7668.026,VER,3,75.021,50.0,2.0,,,21.291,23.841,29.889,7614.296,7638.137,7668.026,244.0,280.0,284.0,303.0,True,MEDIUM,19.0,True,Red Bull Racing,7593.005,2026-05-24 21:13:48.479,1,2.0,False,,False,True
7743.52,VER,3,75.494,51.0,2.0,,,21.333,24.006,30.155,7689.359,7713.365,7743.52,241.0,275.0,283.0,298.0,False,MEDIUM,20.0,True,Red Bull Racing,7668.026,2026-05-24 21:15:03.500,1,2.0,False,,False,True
7822.126,VER,3,78.606,52.0,2.0,,,21.232,23.914,33.46,7764.752,7788.666,7822.126,242.0,279.0,228.0,305.0,False,MEDIUM,21.0,True,Red Bull Racing,7743.52,2026-05-24 21:16:18.994,16,2.0,False,,False,False
7926.46,VER,3,104.334,53.0,2.0,,,28.163,33.058,43.113,7850.289,7883.347,7926.46,211.0,241.0,229.0,238.0,False,MEDIUM,22.0,True,Red Bull Racing,7822.126,2026-05-24 21:17:37.600,6,2.0,False,,False,False
8007.964,VER,3,81.504,54.0,2.0,,,26.242,24.834,30.428,7952.702,7977.536,8007.964,238.0,277.0,282.0,300.0,False,MEDIUM,23.0,True,Red Bull Racing,7926.46,2026-05-24 21:19:21.934,671,2.0,False,,False,False
8083.417,VER,3,75.453,55.0,2.0,,,21.426,24.079,29.948,8029.39,8053.469,8083.417,242.0,280.0,285.0,304.0,False,MEDIUM,24.0,True,Red Bull Racing,8007.964,2026-05-24 21:20:43.438,1,2.0,False,,False,True
8158.976,VER,3,75.559,56.0,2.0,,,21.415,23.92,30.224,8104.832,8128.752,8158.976,242.0,278.0,284.0,303.0,False,MEDIUM,25.0,True,Red Bull Racing,8083.417,2026-05-24 21:21:58.891,1,2.0,False,,False,True
8234.926,VER,3,75.95,57.0,2.0,,,21.652,24.127,30.171,8180.628,8204.755,8234.926,242.0,278.0,280.0,303.0,False,MEDIUM,26.0,True,Red Bull Racing,8158.976,2026-05-24 21:23:14.450,1,2.0,False,,False,True
8310.262,VER,3,75.336,58.0,2.0,,,21.407,23.898,30.031,8256.333,8280.231,8310.262,243.0,278.0,287.0,298.0,False,MEDIUM,27.0,True,Red Bull Racing,8234.926,2026-05-24 21:24:30.400,1,2.0,False,,False,True
8385.053,VER,3,74.791,59.0,2.0,,,21.101,23.814,29.876,8331.363,8355.177,8385.053,243.0,278.0,285.0,302.0,True,MEDIUM,28.0,True,Red Bull Racing,8310.262,2026-05-24 21:25:45.736,1,2.0,False,,False,True
8459.907,VER,3,74.854,60.0,2.0,,,21.217,23.798,29.839,8406.27,8430.068,8459.907,244.0,277.0,285.0,306.0,False,MEDIUM,29.0,True,Red Bull Racing,8385.053,2026-05-24 21:27:00.527,1,2.0,False,,False,True
8535.004,VER,3,75.097,61.0,2.0,,,21.19,23.916,29.991,8481.097,8505.013,8535.004,243.0,279.0,283.0,310.0,False,MEDIUM,30.0,True,Red Bull Racing,8459.907,2026-05-24 21:28:15.381,12,2.0,False,,False,True
8610.567,VER,3,75.563,62.0,2.0,,,21.979,23.97,29.614,8556.983,8580.953,8610.567,243.0,286.0,305.0,316.0,False,MEDIUM,31.0,True,Red Bull Racing,8535.004,2026-05-24 21:29:30.478,1,3.0,False,,False,True
8685.72,VER,3,75.153,63.0,2.0,,,21.6,23.929,29.624,8632.167,8656.096,8685.72,244.0,284.0,289.0,317.0,False,MEDIUM,32.0,True,Red Bull Racing,8610.567,2026-05-24 21:30:46.041,1,3.0,False,,False,True
8760.956,VER,3,75.236,64.0,2.0,,,21.439,24.099,29.698,8707.159,8731.258,8760.956,245.0,283.0,290.0,313.0,False,MEDIUM,33.0,True,Red Bull Racing,8685.72,2026-05-24 21:32:01.194,1,3.0,False,,False,True
8835.379,VER,3,74.423,65.0,2.0,,,21.259,23.724,29.44,8782.215,8805.939,8835.379,247.0,287.0,298.0,320.0,True,MEDIUM,34.0,True,Red Bull Racing,8760.956,2026-05-24 21:33:16.430,1,3.0,False,,False,True
8910.086,VER,3,74.707,66.0,2.0,,,21.361,23.901,29.445,8856.74,8880.641,8910.086,245.0,288.0,309.0,321.0,False,MEDIUM,35.0,True,Red Bull Racing,8835.379,2026-05-24 21:34:30.853,1,3.0,False,,False,True
8985.18,VER,3,75.094,67.0,2.0,,,21.64,23.848,29.606,8931.726,8955.574,8985.18,244.0,288.0,303.0,318.0,False,MEDIUM,36.0,True,Red Bull Racing,8910.086,2026-05-24 21:35:45.560,1,3.0,False,,False,True
9059.578,VER,3,74.398,68.0,2.0,,,21.164,23.796,29.438,9006.344,9030.14,9059.578,245.0,286.0,265.0,329.0,True,MEDIUM,37.0,True,Red Bull Racing,8985.18,2026-05-24 21:37:00.654,1,3.0,False,,False,True
3845.766,LAW,30,93.222,1.0,1.0,,,,27.456,33.078,,3812.831,3845.822,215.0,283.0,257.0,314.0,False,MEDIUM,1.0,True,Racing Bulls,3752.281,2026-05-24 20:09:47.755,1,9.0,False,,False,False
3928.448,LAW,30,82.682,2.0,1.0,,,24.189,26.265,32.228,3869.999,3896.264,3928.492,233.0,277.0,271.0,316.0,True,MEDIUM,2.0,True,Racing Bulls,3845.766,2026-05-24 20:11:21.240,1,8.0,False,,False,True
4009.768,LAW,30,81.32,3.0,1.0,,,23.518,25.919,31.883,3952.01,3977.929,4009.812,236.0,275.0,280.0,313.0,True,MEDIUM,3.0,True,Racing Bulls,3928.448,2026-05-24 20:12:43.922,1,8.0,False,,False,True
4089.893,LAW,30,80.125,4.0,1.0,,,23.004,25.551,31.57,4032.816,4058.367,4089.937,234.0,275.0,281.0,309.0,True,MEDIUM,4.0,True,Racing Bulls,4009.768,2026-05-24 20:14:05.242,1,8.0,False,,False,True
4169.391,LAW,30,79.498,5.0,1.0,,,22.801,25.402,31.295,4112.738,4138.14,4169.435,239.0,272.0,281.0,307.0,True,MEDIUM,5.0,True,Racing Bulls,4089.893,2026-05-24 20:15:25.367,1,8.0,False,,False,True
4248.261,LAW,30,78.87,6.0,1.0,,,22.617,25.407,30.846,4192.052,4217.459,4248.305,234.0,273.0,282.0,307.0,True,MEDIUM,6.0,True,Racing Bulls,4169.391,2026-05-24 20:16:44.865,1,8.0,False,,False,True
4327.005,LAW,30,78.744,7.0,1.0,,,22.539,25.247,30.958,4270.844,4296.091,4327.049,232.0,273.0,281.0,305.0,True,MEDIUM,7.0,True,Racing Bulls,4248.261,2026-05-24 20:18:03.735,1,8.0,False,,False,True
4405.151,LAW,30,78.146,8.0,1.0,,,22.401,25.047,30.698,4349.45,4374.497,4405.195,236.0,274.0,279.0,310.0,True,MEDIUM,8.0,True,Racing Bulls,4327.005,2026-05-24 20:19:22.479,1,8.0,False,,False,True
4483.469,LAW,30,78.318,9.0,1.0,,,22.531,24.987,30.8,4427.726,4452.713,4483.513,234.0,275.0,281.0,305.0,False,MEDIUM,9.0,True,Racing Bulls,4405.151,2026-05-24 20:20:40.625,1,8.0,False,,False,True
4561.637,LAW,30,78.168,10.0,1.0,,,22.464,24.897,30.807,4505.977,4530.874,4561.681,236.0,274.0,278.0,304.0,False,MEDIUM,10.0,True,Racing Bulls,4483.469,2026-05-24 20:21:58.943,1,8.0,False,,False,True
4640.495,LAW,30,78.858,11.0,1.0,,,22.498,25.363,30.997,4584.179,4609.542,4640.539,237.0,275.0,281.0,303.0,False,MEDIUM,11.0,True,Racing Bulls,4561.637,2026-05-24 20:23:17.111,1,8.0,False,,False,True
4718.679,LAW,30,78.184,12.0,1.0,,,22.309,24.973,30.902,4662.848,4687.821,4718.723,235.0,273.0,278.0,303.0,False,MEDIUM,12.0,True,Racing Bulls,4640.495,2026-05-24 20:24:35.969,12,8.0,False,,False,True
4797.063,LAW,30,78.384,13.0,1.0,,,22.397,24.935,31.052,4741.12,4766.055,4797.107,237.0,272.0,277.0,303.0,False,MEDIUM,13.0,True,Racing Bulls,4718.679,2026-05-24 20:25:54.153,2,8.0,False,,False,True
4875.377,LAW,30,78.314,14.0,1.0,,,22.361,25.0,30.953,4819.468,4844.468,4875.421,233.0,273.0,273.0,302.0,False,MEDIUM,14.0,True,Racing Bulls,4797.063,2026-05-24 20:27:12.537,21,8.0,False,,False,True
4953.266,LAW,30,77.889,15.0,1.0,,,22.244,24.923,30.722,4897.665,4922.588,4953.31,237.0,274.0,277.0,302.0,True,MEDIUM,15.0,True,Racing Bulls,4875.377,2026-05-24 20:28:30.851,1,8.0,False,,False,True
5031.067,LAW,30,77.801,16.0,1.0,,,22.098,24.872,30.831,4975.408,5000.28,5031.111,240.0,274.0,279.0,301.0,True,MEDIUM,16.0,True,Racing Bulls,4953.266,2026-05-24 20:29:48.740,1,8.0,False,,False,True
5108.647,LAW,30,77.58,17.0,1.0,,,22.111,24.736,30.733,5053.222,5077.958,5108.691,239.0,272.0,281.0,301.0,True,MEDIUM,17.0,True,Racing Bulls,5031.067,2026-05-24 20:31:06.541,1,8.0,False,,False,True
5186.196,LAW,30,77.549,18.0,1.0,,,22.136,24.709,30.704,5130.827,5155.536,5186.24,236.0,274.0,278.0,301.0,True,MEDIUM,18.0,True,Racing Bulls,5108.647,2026-05-24 20:32:24.121,12,8.0,False,,False,True
5263.749,LAW,30,77.553,19.0,1.0,,,22.243,24.684,30.626,5208.483,5233.167,5263.793,238.0,276.0,276.0,307.0,False,MEDIUM,19.0,True,Racing Bulls,5186.196,2026-05-24 20:33:41.670,1,8.0,False,,False,True
5341.625,LAW,30,77.876,20.0,1.0,,,22.123,24.908,30.845,5285.916,5310.824,5341.669,237.0,275.0,281.0,314.0,False,MEDIUM,20.0,True,Racing Bulls,5263.749,2026-05-24 20:34:59.223,1,8.0,False,,False,True
5419.467,LAW,30,77.842,21.0,1.0,,,22.427,24.806,30.609,5364.096,5388.902,5419.511,239.0,275.0,279.0,305.0,False,MEDIUM,21.0,True,Racing Bulls,5341.625,2026-05-24 20:36:17.099,1,8.0,False,,False,True
5496.951,LAW,30,77.484,22.0,1.0,,,22.089,24.694,30.701,5441.6,5466.294,5496.995,236.0,272.0,277.0,301.0,True,MEDIUM,22.0,True,Racing Bulls,5419.467,2026-05-24 20:37:34.941,1,8.0,False,,False,True
5574.579,LAW,30,77.628,23.0,1.0,,,22.206,24.799,30.623,5519.201,5544.0,5574.623,238.0,274.0,282.0,303.0,False,MEDIUM,23.0,True,Racing Bulls,5496.951,2026-05-24 20:38:52.425,1,8.0,False,,False,True
5652.042,LAW,30,77.463,24.0,1.0,,,22.053,24.814,30.596,5596.676,5621.49,5652.086,238.0,274.0,279.0,305.0,True,MEDIUM,24.0,True,Racing Bulls,5574.579,2026-05-24 20:40:10.053,1,8.0,False,,False,True
5729.795,LAW,30,77.753,25.0,1.0,,,22.028,24.715,31.01,5674.114,5698.829,5729.839,240.0,276.0,279.0,303.0,False,MEDIUM,25.0,True,Racing Bulls,5652.042,2026-05-24 20:41:27.516,1,8.0,False,,False,True
5807.364,LAW,30,77.569,26.0,1.0,,,22.227,24.656,30.686,5752.066,5776.722,5807.408,238.0,274.0,279.0,303.0,False,MEDIUM,26.0,True,Racing Bulls,5729.795,2026-05-24 20:42:45.269,1,8.0,False,,False,True
5884.747,LAW,30,77.383,27.0,1.0,,,22.075,24.722,30.586,5829.483,5854.205,5884.791,240.0,277.0,280.0,302.0,True,MEDIUM,27.0,True,Racing Bulls,5807.364,2026-05-24 20:44:02.838,1,8.0,False,,False,True
5962.28,LAW,30,77.533,28.0,1.0,,,22.058,24.728,30.747,5906.849,5931.577,5962.324,238.0,276.0,282.0,300.0,False,MEDIUM,28.0,True,Racing Bulls,5884.747,2026-05-24 20:45:20.221,1,8.0,False,,False,True
6039.545,LAW,30,77.265,29.0,1.0,,,22.035,24.675,30.555,5984.359,6009.034,6039.589,241.0,276.0,281.0,304.0,True,MEDIUM,29.0,True,Racing Bulls,5962.28,2026-05-24 20:46:37.754,12,8.0,False,,False,True
6150.863,LAW,30,111.318,30.0,1.0,,6128.207,22.06,35.581,53.677,6061.649,6097.23,6150.907,240.0,165.0,,258.0,False,MEDIUM,30.0,True,Racing Bulls,6039.545,2026-05-24 20:47:55.019,26,7.0,False,,False,False
6259.095,LAW,30,108.232,31.0,2.0,6152.36,,29.107,39.648,39.477,6180.014,6219.662,6259.139,221.0,154.0,271.0,166.0,False,SOFT,1.0,True,Racing Bulls,6150.863,2026-05-24 20:49:46.337,67,7.0,False,,False,False
6340.343,LAW,30,81.248,32.0,2.0,,,23.585,26.491,31.172,6282.724,6309.215,6340.387,239.0,284.0,285.0,329.0,False,SOFT,2.0,True,Racing Bulls,6259.095,2026-05-24 20:51:34.569,71,7.0,False,,False,False
6418.776,LAW,30,78.433,33.0,2.0,,,22.529,25.031,30.873,6362.916,6387.947,6418.82,247.0,276.0,276.0,305.0,False,SOFT,3.0,True,Racing Bulls,6340.343,2026-05-24 20:52:55.817,1,7.0,False,,False,True
6496.953,LAW,30,78.177,34.0,2.0,,,22.336,24.957,30.884,6441.156,6466.113,6496.997,240.0,275.0,280.0,301.0,False,SOFT,4.0,True,Racing Bulls,6418.776,2026-05-24 20:54:14.250,1,7.0,False,,False,True
6574.323,LAW,30,77.37,35.0,2.0,,,22.05,24.666,30.654,6519.047,6543.713,6574.367,240.0,276.0,281.0,298.0,False,SOFT,5.0,True,Racing Bulls,6496.953,2026-05-24 20:55:32.427,1,7.0,False,,False,True
6651.167,LAW,30,76.844,36.0,2.0,,,21.814,24.498,30.532,6596.181,6620.679,6651.211,241.0,275.0,285.0,297.0,True,SOFT,6.0,True,Racing Bulls,6574.323,2026-05-24 20:56:49.797,1,7.0,False,,False,True
6728.141,LAW,30,76.974,37.0,2.0,,,21.817,24.491,30.666,6673.028,6697.519,6728.185,239.0,275.0,280.0,299.0,False,SOFT,7.0,True,Racing Bulls,6651.167,2026-05-24 20:58:06.641,1,7.0,False,,False,True
6805.134,LAW,30,76.993,38.0,2.0,,,21.928,24.58,30.485,6750.113,6774.693,6805.178,240.0,276.0,284.0,299.0,False,SOFT,8.0,True,Racing Bulls,6728.141,2026-05-24 20:59:23.615,1,7.0,False,,False,True
6882.326,LAW,30,77.192,39.0,2.0,,,21.735,24.342,31.115,6826.913,6851.255,6882.37,239.0,276.0,280.0,298.0,False,SOFT,9.0,True,Racing Bulls,6805.134,2026-05-24 21:00:40.608,12,7.0,False,,False,True
6959.798,LAW,30,77.472,40.0,2.0,,,22.118,24.583,30.771,6904.488,6929.071,6959.842,241.0,276.0,279.0,299.0,False,SOFT,10.0,True,Racing Bulls,6882.326,2026-05-24 21:01:57.800,1,7.0,False,,False,True
7036.807,LAW,30,77.009,41.0,2.0,,,21.787,24.565,30.657,6981.629,7006.194,7036.851,242.0,276.0,281.0,299.0,False,SOFT,11.0,True,Racing Bulls,6959.798,2026-05-24 21:03:15.272,1,7.0,False,,False,True
7113.525,LAW,30,76.718,42.0,2.0,,,21.795,24.457,30.466,7058.646,7083.103,7113.569,240.0,278.0,280.0,302.0,True,SOFT,12.0,True,Racing Bulls,7036.807,2026-05-24 21:04:32.281,1,7.0,False,,False,True
7190.123,LAW,30,76.598,43.0,2.0,,,21.711,24.408,30.479,7135.28,7159.688,7190.167,241.0,276.0,284.0,299.0,True,SOFT,13.0,True,Racing Bulls,7113.525,2026-05-24 21:05:48.999,1,7.0,False,,False,True
7266.809,LAW,30,76.686,44.0,2.0,,,21.708,24.5,30.478,7211.875,7236.375,7266.853,241.0,279.0,282.0,305.0,False,SOFT,14.0,True,Racing Bulls,7190.123,2026-05-24 21:07:05.597,1,7.0,False,,False,True
7360.369,LAW,30,93.56,45.0,2.0,,,21.634,31.724,40.202,7288.487,7320.211,7360.413,242.0,221.0,300.0,276.0,False,SOFT,15.0,True,Racing Bulls,7266.809,2026-05-24 21:08:22.283,167,7.0,False,,False,False
7438.708,LAW,30,78.339,46.0,2.0,,,21.782,24.382,32.175,7382.195,7406.577,7438.752,244.0,279.0,285.0,237.0,False,SOFT,16.0,True,Racing Bulls,7360.369,2026-05-24 21:09:55.843,1,7.0,False,,False,True
7515.593,LAW,30,76.885,47.0,2.0,,,22.022,24.335,30.528,7460.774,7485.109,7515.637,242.0,281.0,284.0,306.0,False,SOFT,17.0,True,Racing Bulls,7438.708,2026-05-24 21:11:14.182,1,7.0,False,,False,True
7592.446,LAW,30,76.853,48.0,2.0,,,21.672,24.297,30.884,7537.309,7561.606,7592.49,241.0,277.0,220.0,299.0,False,SOFT,18.0,True,Racing Bulls,7515.593,2026-05-24 21:12:31.067,1,7.0,False,,False,True
7671.642,LAW,30,79.196,49.0,2.0,,,23.016,25.323,30.857,7615.506,7640.829,7671.686,242.0,258.0,287.0,317.0,False,SOFT,19.0,True,Racing Bulls,7592.446,2026-05-24 21:13:47.920,1,7.0,False,,False,True
7747.788,LAW,30,76.146,50.0,2.0,,,21.738,24.205,30.203,7693.424,7717.629,7747.832,244.0,295.0,280.0,309.0,True,SOFT,20.0,True,Racing Bulls,7671.642,2026-05-24 21:15:07.116,1,7.0,False,,False,True
7829.614,LAW,30,81.826,51.0,2.0,,,21.68,24.259,35.887,7769.512,7793.771,7829.658,240.0,276.0,228.0,310.0,False,SOFT,21.0,True,Racing Bulls,7747.788,2026-05-24 21:16:23.262,16,7.0,False,,False,False
7932.263,LAW,30,102.649,52.0,2.0,,,28.792,32.393,41.464,7858.45,7890.843,7932.307,231.0,216.0,281.0,277.0,False,SOFT,22.0,True,Racing Bulls,7829.614,2026-05-24 21:17:45.088,67,7.0,False,,False,False
8014.883,LAW,30,82.62,53.0,2.0,,,27.471,24.988,30.161,7959.778,7984.766,8014.927,242.0,281.0,286.0,317.0,False,SOFT,23.0,True,Racing Bulls,7932.263,2026-05-24 21:19:27.737,71,7.0,False,,False,False
8091.214,LAW,30,76.331,54.0,2.0,,,21.679,24.34,30.312,8036.606,8060.946,8091.258,240.0,275.0,284.0,305.0,False,SOFT,24.0,True,Racing Bulls,8014.883,2026-05-24 21:20:50.357,1,7.0,False,,False,True
8167.294,LAW,30,76.08,55.0,2.0,,,21.556,24.311,30.213,8112.814,8137.125,8167.338,240.0,276.0,285.0,304.0,True,SOFT,25.0,True,Racing Bulls,8091.214,2026-05-24 21:22:06.688,1,7.0,False,,False,True
8243.234,LAW,30,75.94,56.0,2.0,,,21.528,24.27,30.142,8188.866,8213.136,8243.278,242.0,278.0,282.0,303.0,True,SOFT,26.0,True,Racing Bulls,8167.294,2026-05-24 21:23:22.768,1,7.0,False,,False,True
8319.04,LAW,30,75.806,57.0,2.0,,,21.539,24.161,30.106,8264.817,8288.978,8319.084,243.0,279.0,284.0,303.0,True,SOFT,27.0,True,Racing Bulls,8243.234,2026-05-24 21:24:38.708,1,7.0,False,,False,True
8395.143,LAW,30,76.103,58.0,2.0,,,21.62,24.124,30.359,8340.704,8364.828,8395.187,240.0,280.0,283.0,308.0,False,SOFT,28.0,True,Racing Bulls,8319.04,2026-05-24 21:25:54.514,1,7.0,False,,False,True
8470.747,LAW,30,75.604,59.0,2.0,,,21.411,24.113,30.08,8416.598,8440.711,8470.791,245.0,281.0,276.0,312.0,True,SOFT,29.0,True,Racing Bulls,8395.143,2026-05-24 21:27:10.617,1,7.0,False,,False,True
8546.899,LAW,30,76.152,60.0,2.0,,,21.649,24.286,30.217,8492.44,8516.726,8546.943,242.0,278.0,278.0,304.0,False,SOFT,30.0,True,Racing Bulls,8470.747,2026-05-24 21:28:26.221,12,7.0,False,,False,True
8622.88,LAW,30,75.981,61.0,2.0,,,21.6,24.186,30.195,8568.543,8592.729,8622.924,243.0,279.0,282.0,301.0,False,SOFT,31.0,True,Racing Bulls,8546.899,2026-05-24 21:29:42.373,1,7.0,False,,False,True
8698.897,LAW,30,76.017,62.0,2.0,,,21.499,24.207,30.311,8644.423,8668.63,8698.941,242.0,277.0,280.0,306.0,False,SOFT,32.0,True,Racing Bulls,8622.88,2026-05-24 21:30:58.354,1,7.0,False,,False,True
8774.953,LAW,30,76.056,63.0,2.0,,,21.627,24.178,30.251,8720.568,8744.746,8774.997,241.0,279.0,274.0,311.0,False,SOFT,33.0,True,Racing Bulls,8698.897,2026-05-24 21:32:14.371,1,7.0,False,,False,True
8851.807,LAW,30,76.854,64.0,2.0,,,21.665,24.194,30.995,8796.662,8820.856,8851.851,243.0,277.0,257.0,310.0,False,SOFT,34.0,True,Racing Bulls,8774.953,2026-05-24 21:33:30.427,1,7.0,True,TRACK LIMITS AT TURN 14 LAP 64 ,False,True
8929.669,LAW,30,77.862,65.0,2.0,,,22.696,24.592,30.574,8874.547,8899.139,8929.713,242.0,278.0,267.0,319.0,False,SOFT,35.0,True,Racing Bulls,8851.807,2026-05-24 21:34:47.281,1,7.0,False,,False,True
9006.11,LAW,30,76.441,66.0,2.0,,,21.778,24.168,30.495,8951.491,8975.659,9006.154,243.0,278.0,280.0,300.0,False,SOFT,36.0,True,Racing Bulls,8929.669,2026-05-24 21:36:05.143,1,7.0,False,,False,True
9082.537,LAW,30,76.427,67.0,2.0,,,21.592,24.446,30.389,9027.746,9052.192,9082.581,243.0,280.0,271.0,320.0,False,SOFT,37.0,True,Racing Bulls,9006.11,2026-05-24 21:37:21.584,1,7.0,False,,False,True
3849.306,OCO,31,96.762,1.0,1.0,,,,28.91,33.363,,3816.025,3849.463,200.0,281.0,285.0,320.0,False,SOFT,1.0,True,Haas F1 Team,3752.281,2026-05-24 20:09:47.755,1,15.0,False,,False,False
3935.002,OCO,31,85.696,2.0,1.0,,,25.899,27.088,32.709,3875.237,3902.325,3935.034,215.0,279.0,275.0,308.0,True,SOFT,2.0,True,Haas F1 Team,3849.306,2026-05-24 20:11:24.780,1,12.0,False,,False,True
4016.687,OCO,31,81.685,3.0,1.0,,,23.929,26.089,31.667,3958.963,3985.052,4016.719,227.0,284.0,276.0,329.0,True,SOFT,3.0,True,Haas F1 Team,3935.002,2026-05-24 20:12:50.476,1,12.0,False,,False,True
4098.312,OCO,31,81.625,4.0,1.0,,,23.505,26.327,31.793,4040.224,4066.551,4098.344,228.0,268.0,272.0,312.0,True,SOFT,4.0,True,Haas F1 Team,4016.687,2026-05-24 20:14:12.161,1,12.0,False,,False,True
4179.02,OCO,31,80.708,5.0,1.0,,,23.503,25.891,31.314,4121.847,4147.738,4179.052,227.0,272.0,267.0,313.0,True,SOFT,5.0,True,Haas F1 Team,4098.312,2026-05-24 20:15:33.786,1,12.0,False,,False,True
4259.645,OCO,31,80.625,6.0,1.0,,,23.044,25.559,32.022,4202.096,4227.655,4259.677,228.0,267.0,266.0,314.0,True,SOFT,6.0,True,Haas F1 Team,4179.02,2026-05-24 20:16:54.494,1,13.0,False,,False,True
4343.171,OCO,31,83.526,7.0,1.0,,,23.616,27.99,31.92,4283.293,4311.283,4343.203,227.0,261.0,251.0,329.0,False,SOFT,7.0,True,Haas F1 Team,4259.645,2026-05-24 20:18:15.119,1,15.0,True,TRACK LIMITS AT TURN 8 LAP 7 ,False,True
4422.824,OCO,31,79.653,8.0,1.0,,,23.133,25.305,31.215,4366.336,4391.641,4422.856,227.0,271.0,267.0,312.0,True,SOFT,8.0,True,Haas F1 Team,4343.171,2026-05-24 20:19:38.645,1,15.0,False,,False,True
4501.926,OCO,31,79.102,9.0,1.0,,,22.688,25.106,31.308,4445.544,4470.65,4501.958,228.0,271.0,272.0,301.0,True,SOFT,9.0,True,Haas F1 Team,4422.824,2026-05-24 20:20:58.298,1,15.0,False,,False,True
4580.431,OCO,31,78.505,10.0,1.0,,,22.56,24.882,31.063,4524.518,4549.4,4580.463,231.0,271.0,270.0,301.0,True,SOFT,10.0,True,Haas F1 Team,4501.926,2026-05-24 20:22:17.400,1,15.0,False,,False,True
4659.432,OCO,31,79.001,11.0,1.0,,,22.446,25.491,31.064,4602.909,4628.4,4659.464,230.0,271.0,274.0,302.0,False,SOFT,11.0,True,Haas F1 Team,4580.431,2026-05-24 20:23:35.905,1,15.0,False,,False,True
4739.045,OCO,31,79.613,12.0,1.0,,,22.574,25.136,31.903,4682.038,4707.174,4739.077,229.0,273.0,273.0,301.0,False,SOFT,12.0,True,Haas F1 Team,4659.432,2026-05-24 20:24:54.906,12,13.0,False,,False,True
4818.589,OCO,31,79.544,13.0,1.0,,,22.67,25.101,31.773,4761.747,4786.848,4818.621,228.0,267.0,275.0,304.0,False,SOFT,13.0,True,Haas F1 Team,4739.045,2026-05-24 20:26:14.519,2,13.0,False,,False,True
4897.704,OCO,31,79.115,14.0,1.0,,,22.57,25.014,31.531,4841.191,4866.205,4897.736,231.0,275.0,265.0,309.0,False,SOFT,14.0,True,Haas F1 Team,4818.589,2026-05-24 20:27:34.063,21,14.0,False,,False,True
4977.387,OCO,31,79.683,15.0,1.0,,,23.185,25.199,31.299,4920.921,4946.12,4977.419,231.0,281.0,290.0,327.0,False,SOFT,15.0,True,Haas F1 Team,4897.704,2026-05-24 20:28:53.178,1,13.0,False,,False,True
5075.778,OCO,31,98.391,16.0,1.0,,5052.564,23.358,25.262,49.771,5000.777,5026.039,5075.81,229.0,279.0,,308.0,False,SOFT,16.0,True,Haas F1 Team,4977.387,2026-05-24 20:30:12.861,1,16.0,False,,False,False
5160.94,OCO,31,85.162,17.0,2.0,5077.392,,26.595,25.751,32.816,5102.405,5128.156,5160.972,225.0,280.0,295.0,315.0,False,MEDIUM,1.0,True,Haas F1 Team,5075.778,2026-05-24 20:31:51.252,1,17.0,False,,False,False
5240.459,OCO,31,79.519,18.0,2.0,,,22.904,25.405,31.21,5183.876,5209.281,5240.491,231.0,270.0,273.0,305.0,False,MEDIUM,2.0,True,Haas F1 Team,5160.94,2026-05-24 20:33:16.414,12,17.0,False,,False,True
5319.844,OCO,31,79.385,19.0,2.0,,,22.992,25.095,31.298,5263.483,5288.578,5319.876,227.0,273.0,273.0,299.0,False,MEDIUM,3.0,True,Haas F1 Team,5240.459,2026-05-24 20:34:35.933,1,16.0,False,,False,True
5398.534,OCO,31,78.69,20.0,2.0,,,22.667,24.95,31.073,5342.543,5367.493,5398.566,230.0,271.0,281.0,298.0,False,MEDIUM,4.0,True,Haas F1 Team,5319.844,2026-05-24 20:35:55.318,1,16.0,False,,False,True
5477.142,OCO,31,78.608,21.0,2.0,,,22.536,25.076,30.996,5421.102,5446.178,5477.174,228.0,270.0,272.0,303.0,False,MEDIUM,5.0,True,Haas F1 Team,5398.534,2026-05-24 20:37:14.008,1,15.0,False,,False,True
5555.782,OCO,31,78.64,22.0,2.0,,,22.552,24.745,31.343,5499.726,5524.471,5555.814,230.0,274.0,271.0,301.0,False,MEDIUM,6.0,True,Haas F1 Team,5477.142,2026-05-24 20:38:32.616,1,15.0,False,,False,True
5634.069,OCO,31,78.287,23.0,2.0,,,22.588,24.727,30.972,5578.402,5603.129,5634.101,229.0,275.0,272.0,302.0,True,MEDIUM,7.0,True,Haas F1 Team,5555.782,2026-05-24 20:39:51.256,1,15.0,False,,False,True
5712.406,OCO,31,78.337,24.0,2.0,,,22.514,24.899,30.924,5656.615,5681.514,5712.438,230.0,273.0,272.0,301.0,False,MEDIUM,8.0,True,Haas F1 Team,5634.069,2026-05-24 20:41:09.543,1,15.0,False,,False,True
5790.978,OCO,31,78.572,25.0,2.0,,,22.522,24.89,31.16,5734.96,5759.85,5791.01,229.0,272.0,271.0,297.0,False,MEDIUM,9.0,True,Haas F1 Team,5712.406,2026-05-24 20:42:27.880,1,15.0,False,,False,True
5869.242,OCO,31,78.264,26.0,2.0,,,22.427,24.85,30.987,5813.437,5838.287,5869.274,231.0,271.0,274.0,299.0,True,MEDIUM,10.0,True,Haas F1 Team,5790.978,2026-05-24 20:43:46.452,1,15.0,False,,False,True
5948.378,OCO,31,79.136,27.0,2.0,,,22.589,25.224,31.323,5891.863,5917.087,5948.41,230.0,267.0,270.0,308.0,False,MEDIUM,11.0,True,Haas F1 Team,5869.242,2026-05-24 20:45:04.716,1,16.0,False,,False,True
6026.984,OCO,31,78.606,28.0,2.0,,,22.756,25.049,30.801,5971.166,5996.215,6027.016,230.0,275.0,256.0,329.0,False,MEDIUM,12.0,True,Haas F1 Team,5948.378,2026-05-24 20:46:23.852,1,16.0,False,,False,True
6121.124,OCO,31,94.14,29.0,2.0,,,22.583,32.291,39.266,6049.599,6081.89,6121.156,229.0,188.0,209.0,246.0,False,MEDIUM,13.0,True,Haas F1 Team,6026.984,2026-05-24 20:47:42.458,126,16.0,False,,False,False
6252.112,OCO,31,130.988,30.0,2.0,,6218.334,29.666,35.912,65.41,6150.822,6186.734,6252.144,164.0,217.0,,232.0,False,MEDIUM,14.0,True,Haas F1 Team,6121.124,2026-05-24 20:49:16.598,6,15.0,False,,False,False
6340.388,OCO,31,88.276,31.0,3.0,6253.714,,29.462,26.155,32.659,6281.606,6307.761,6340.42,225.0,277.0,234.0,297.0,False,SOFT,1.0,True,Haas F1 Team,6252.112,2026-05-24 20:51:27.586,671,15.0,False,,False,False
6419.893,OCO,31,79.505,32.0,3.0,,,23.513,25.109,30.883,6363.933,6389.042,6419.925,234.0,279.0,282.0,304.0,False,SOFT,2.0,True,Haas F1 Team,6340.388,2026-05-24 20:52:55.862,1,15.0,False,,False,True
6498.209,OCO,31,78.316,33.0,3.0,,,22.51,24.973,30.833,6442.435,6467.408,6498.241,233.0,275.0,272.0,314.0,False,SOFT,3.0,True,Haas F1 Team,6419.893,2026-05-24 20:54:15.367,1,15.0,False,,False,True
6578.425,OCO,31,80.216,34.0,3.0,,,22.504,26.577,31.135,6520.745,6547.322,6578.457,231.0,260.0,279.0,314.0,False,SOFT,4.0,True,Haas F1 Team,6498.209,2026-05-24 20:55:33.683,1,15.0,False,,False,True
6655.684,OCO,31,77.259,35.0,3.0,,,22.41,24.595,30.254,6600.867,6625.462,6655.716,234.0,278.0,285.0,324.0,True,SOFT,5.0,True,Haas F1 Team,6578.425,2026-05-24 20:56:53.899,1,15.0,False,,False,True
6733.042,OCO,31,77.358,36.0,3.0,,,22.253,24.684,30.421,6677.969,6702.653,6733.074,231.0,276.0,266.0,313.0,False,SOFT,6.0,True,Haas F1 Team,6655.684,2026-05-24 20:58:11.158,1,15.0,False,,False,True
6810.634,OCO,31,77.592,37.0,3.0,,,22.233,24.797,30.562,6755.307,6780.104,6810.666,231.0,278.0,276.0,314.0,False,SOFT,7.0,True,Haas F1 Team,6733.042,2026-05-24 20:59:28.516,1,15.0,False,,False,True
6888.767,OCO,31,78.133,38.0,3.0,,,22.261,24.541,31.331,6832.927,6857.468,6888.799,233.0,276.0,292.0,312.0,False,SOFT,8.0,True,Haas F1 Team,6810.634,2026-05-24 21:00:46.108,12,16.0,False,,False,True
6969.004,OCO,31,80.237,39.0,3.0,,,23.955,25.354,30.928,6912.754,6938.108,6969.036,231.0,276.0,278.0,340.0,False,SOFT,9.0,True,Haas F1 Team,6888.767,2026-05-24 21:02:04.241,1,14.0,False,,False,True
7046.406,OCO,31,77.402,40.0,3.0,,,22.348,24.742,30.312,6991.384,7016.126,7046.438,233.0,275.0,274.0,321.0,False,SOFT,10.0,True,Haas F1 Team,6969.004,2026-05-24 21:03:24.478,1,15.0,False,,False,True
7124.989,OCO,31,78.583,41.0,3.0,,,22.183,25.682,30.718,7068.621,7094.303,7125.021,232.0,277.0,269.0,314.0,False,SOFT,11.0,True,Haas F1 Team,7046.406,2026-05-24 21:04:41.880,1,14.0,False,,False,True
7203.542,OCO,31,78.553,42.0,3.0,,,22.206,25.041,31.306,7147.227,7172.268,7203.574,232.0,223.0,277.0,316.0,False,SOFT,12.0,True,Haas F1 Team,7124.989,2026-05-24 21:06:00.463,1,14.0,False,,False,True
7280.217,OCO,31,76.675,43.0,3.0,,,22.046,24.437,30.192,7225.62,7250.057,7280.249,234.0,275.0,280.0,327.0,True,SOFT,13.0,True,Haas F1 Team,7203.542,2026-05-24 21:07:19.016,1,14.0,False,,False,True
7373.42,OCO,31,93.203,44.0,3.0,,,27.674,30.663,34.866,7307.923,7338.586,7373.452,126.0,194.0,292.0,303.0,False,SOFT,14.0,True,Haas F1 Team,7280.217,2026-05-24 21:08:35.691,167,14.0,False,,False,False
7451.173,OCO,31,77.753,45.0,3.0,,,22.21,24.868,30.675,7395.662,7420.53,7451.205,232.0,274.0,267.0,309.0,False,SOFT,15.0,True,Haas F1 Team,7373.42,2026-05-24 21:10:08.894,1,14.0,False,,False,True
7530.027,OCO,31,78.854,46.0,3.0,,,22.28,25.938,30.636,7473.485,7499.423,7530.059,231.0,277.0,277.0,315.0,False,SOFT,16.0,True,Haas F1 Team,7451.173,2026-05-24 21:11:26.647,1,14.0,False,,False,True
7609.772,OCO,31,79.745,47.0,3.0,,,24.116,24.931,30.698,7554.175,7579.106,7609.804,230.0,278.0,280.0,310.0,False,SOFT,17.0,True,Haas F1 Team,7530.027,2026-05-24 21:12:45.501,1,14.0,False,,False,True
7688.723,OCO,31,78.951,48.0,3.0,,,22.073,24.661,32.217,7631.877,7656.538,7688.755,231.0,274.0,279.0,287.0,False,SOFT,18.0,True,Haas F1 Team,7609.772,2026-05-24 21:14:05.246,1,14.0,False,,False,True
7766.037,OCO,31,77.314,49.0,3.0,,,22.278,24.663,30.373,7711.033,7735.696,7766.069,235.0,274.0,275.0,329.0,False,SOFT,19.0,True,Haas F1 Team,7688.723,2026-05-24 21:15:24.197,1,14.0,False,,False,True
7858.569,OCO,31,92.532,50.0,3.0,,,22.355,24.699,45.478,7788.424,7813.123,7858.601,231.0,273.0,238.0,229.0,False,SOFT,20.0,True,Haas F1 Team,7766.037,2026-05-24 21:16:41.511,16,14.0,False,,False,False
7957.149,OCO,31,98.58,51.0,3.0,,,26.09,33.194,39.296,7884.691,7917.885,7957.181,175.0,202.0,295.0,229.0,False,SOFT,21.0,True,Haas F1 Team,7858.569,2026-05-24 21:18:14.043,671,14.0,False,,False,False
8037.624,OCO,31,80.475,52.0,3.0,,,22.759,25.082,32.634,7979.94,8005.022,8037.656,230.0,270.0,279.0,246.0,False,SOFT,22.0,True,Haas F1 Team,7957.149,2026-05-24 21:19:52.623,1,14.0,False,,False,True
8115.964,OCO,31,78.34,53.0,3.0,,,22.724,24.944,30.672,8060.38,8085.324,8115.996,232.0,272.0,265.0,323.0,False,SOFT,23.0,True,Haas F1 Team,8037.624,2026-05-24 21:21:13.098,1,14.0,False,,False,True
8192.942,OCO,31,76.978,54.0,3.0,,,22.248,24.456,30.274,8138.244,8162.7,8192.974,233.0,278.0,276.0,313.0,False,SOFT,24.0,True,Haas F1 Team,8115.964,2026-05-24 21:22:31.438,1,14.0,False,,False,True
8271.326,OCO,31,78.384,55.0,3.0,,,22.109,25.677,30.598,8215.083,8240.76,8271.358,233.0,277.0,284.0,312.0,False,SOFT,25.0,True,Haas F1 Team,8192.942,2026-05-24 21:23:48.416,1,14.0,False,,False,True
8348.05,OCO,31,76.724,56.0,3.0,,,21.914,24.43,30.38,8293.272,8317.702,8348.082,235.0,276.0,272.0,312.0,False,SOFT,26.0,True,Haas F1 Team,8271.326,2026-05-24 21:25:06.800,1,14.0,False,,False,True
8424.962,OCO,31,76.912,57.0,3.0,,,22.085,24.48,30.347,8370.167,8394.647,8424.994,232.0,275.0,281.0,313.0,False,SOFT,27.0,True,Haas F1 Team,8348.05,2026-05-24 21:26:23.524,1,14.0,False,,False,True
8501.876,OCO,31,76.914,58.0,3.0,,,22.189,24.326,30.399,8447.183,8471.509,8501.908,233.0,274.0,272.0,310.0,False,SOFT,28.0,True,Haas F1 Team,8424.962,2026-05-24 21:27:40.436,1,14.0,False,,False,True
8578.758,OCO,31,76.882,59.0,3.0,,,22.039,24.542,30.301,8523.947,8548.489,8578.79,234.0,270.0,276.0,311.0,False,SOFT,29.0,True,Haas F1 Team,8501.876,2026-05-24 21:28:57.350,12,14.0,False,,False,True
8655.523,OCO,31,76.765,60.0,3.0,,,21.961,24.417,30.387,8600.751,8625.168,8655.555,234.0,277.0,275.0,297.0,False,SOFT,30.0,True,Haas F1 Team,8578.758,2026-05-24 21:30:14.232,1,14.0,False,,False,True
8733.039,OCO,31,77.516,61.0,3.0,,,22.162,24.547,30.807,8677.717,8702.264,8733.071,233.0,276.0,274.0,297.0,False,SOFT,31.0,True,Haas F1 Team,8655.523,2026-05-24 21:31:30.997,1,14.0,False,,False,True
8810.031,OCO,31,76.992,62.0,3.0,,,22.084,24.416,30.492,8755.155,8779.571,8810.063,233.0,276.0,278.0,296.0,False,SOFT,32.0,True,Haas F1 Team,8733.039,2026-05-24 21:32:48.513,1,14.0,False,,False,True
8886.867,OCO,31,76.836,63.0,3.0,,,22.014,24.342,30.48,8832.077,8856.419,8886.899,234.0,277.0,279.0,297.0,False,SOFT,33.0,True,Haas F1 Team,8810.031,2026-05-24 21:34:05.505,1,14.0,False,,False,True
8963.444,OCO,31,76.577,64.0,3.0,,,21.845,24.294,30.438,8908.744,8933.038,8963.476,234.0,275.0,278.0,297.0,True,SOFT,34.0,True,Haas F1 Team,8886.867,2026-05-24 21:35:22.341,1,14.0,False,,False,True
9040.183,OCO,31,76.739,65.0,3.0,,,21.903,24.265,30.571,8985.379,9009.644,9040.215,233.0,276.0,277.0,299.0,False,SOFT,35.0,True,Haas F1 Team,8963.444,2026-05-24 21:36:38.918,1,14.0,False,,False,True
9116.937,OCO,31,76.754,66.0,3.0,,,21.955,24.337,30.462,9062.17,9086.507,9116.969,234.0,277.0,277.0,298.0,False,SOFT,36.0,True,Haas F1 Team,9040.183,2026-05-24 21:37:55.657,1,14.0,False,,False,True
3845.219,COL,43,92.675,1.0,1.0,,,,27.483,32.879,,3812.501,3845.322,226.0,283.0,258.0,314.0,False,MEDIUM,1.0,True,Alpine,3752.281,2026-05-24 20:09:47.755,1,8.0,False,,False,False
3927.444,COL,43,82.225,2.0,1.0,,,23.826,25.97,32.429,3869.086,3895.056,3927.485,242.0,280.0,273.0,310.0,True,MEDIUM,2.0,True,Alpine,3845.219,2026-05-24 20:11:20.693,1,7.0,False,,False,True
4008.438,COL,43,80.994,3.0,1.0,,,23.19,25.815,31.989,3950.675,3976.49,4008.479,236.0,276.0,277.0,305.0,True,MEDIUM,3.0,True,Alpine,3927.444,2026-05-24 20:12:42.918,1,7.0,False,,False,True
4088.481,COL,43,80.043,4.0,1.0,,,22.953,25.314,31.776,4031.432,4056.746,4088.522,234.0,290.0,269.0,300.0,True,MEDIUM,4.0,True,Alpine,4008.438,2026-05-24 20:14:03.912,1,7.0,False,,False,True
4167.457,COL,43,78.976,5.0,1.0,,,22.671,25.045,31.26,4111.193,4136.238,4167.498,236.0,278.0,279.0,306.0,True,MEDIUM,5.0,True,Alpine,4088.481,2026-05-24 20:15:23.955,1,7.0,False,,False,True
4246.322,COL,43,78.865,6.0,1.0,,,22.613,25.009,31.243,4190.111,4215.12,4246.363,236.0,279.0,277.0,306.0,True,MEDIUM,6.0,True,Alpine,4167.457,2026-05-24 20:16:42.931,1,7.0,False,,False,True
4324.865,COL,43,78.543,7.0,1.0,,,22.498,24.957,31.088,4268.861,4293.818,4324.906,236.0,277.0,281.0,306.0,True,MEDIUM,7.0,True,Alpine,4246.322,2026-05-24 20:18:01.796,1,7.0,False,,False,True
4403.152,COL,43,78.287,8.0,1.0,,,22.413,24.901,30.973,4347.319,4372.22,4403.193,231.0,278.0,277.0,306.0,True,MEDIUM,8.0,True,Alpine,4324.865,2026-05-24 20:19:20.339,1,7.0,False,,False,True
4481.46,COL,43,78.308,9.0,1.0,,,22.408,24.881,31.019,4425.601,4450.482,4481.501,229.0,279.0,277.0,304.0,False,MEDIUM,9.0,True,Alpine,4403.152,2026-05-24 20:20:38.626,1,7.0,False,,False,True
4559.464,COL,43,78.004,10.0,1.0,,,22.271,24.855,30.878,4503.772,4528.627,4559.505,234.0,276.0,275.0,304.0,True,MEDIUM,10.0,True,Alpine,4481.46,2026-05-24 20:21:56.934,1,7.0,False,,False,True
4637.681,COL,43,78.217,11.0,1.0,,,22.214,25.008,30.995,4581.719,4606.727,4637.722,230.0,276.0,278.0,304.0,False,MEDIUM,11.0,True,Alpine,4559.464,2026-05-24 20:23:14.938,1,7.0,False,,False,True
4715.383,COL,43,77.702,12.0,1.0,,,22.181,24.653,30.868,4659.903,4684.556,4715.424,233.0,277.0,278.0,304.0,True,MEDIUM,12.0,True,Alpine,4637.681,2026-05-24 20:24:33.155,12,7.0,False,,False,True
4793.712,COL,43,78.329,13.0,1.0,,,22.04,24.896,31.393,4737.464,4762.36,4793.753,238.0,263.0,272.0,305.0,False,MEDIUM,13.0,True,Alpine,4715.383,2026-05-24 20:25:50.857,2,7.0,False,,False,True
4871.54,COL,43,77.828,14.0,1.0,,,22.155,24.704,30.969,4815.908,4840.612,4871.581,237.0,277.0,279.0,303.0,False,MEDIUM,14.0,True,Alpine,4793.712,2026-05-24 20:27:09.186,21,7.0,False,,False,True
4949.022,COL,43,77.482,15.0,1.0,,,21.944,24.653,30.885,4893.525,4918.178,4949.063,238.0,280.0,272.0,303.0,True,MEDIUM,15.0,True,Alpine,4871.54,2026-05-24 20:28:27.014,1,7.0,False,,False,True
5026.314,COL,43,77.292,16.0,1.0,,,22.015,24.584,30.693,4971.078,4995.662,5026.355,239.0,278.0,277.0,304.0,True,MEDIUM,16.0,True,Alpine,4949.022,2026-05-24 20:29:44.496,1,7.0,False,,False,True
5103.452,COL,43,77.138,17.0,1.0,,,21.88,24.576,30.682,5048.235,5072.811,5103.493,238.0,279.0,275.0,306.0,True,MEDIUM,17.0,True,Alpine,5026.314,2026-05-24 20:31:01.788,1,7.0,False,,False,True
5180.467,COL,43,77.015,18.0,1.0,,,21.947,24.596,30.472,5125.44,5150.036,5180.508,240.0,281.0,274.0,317.0,True,MEDIUM,18.0,True,Alpine,5103.452,2026-05-24 20:32:18.926,1,7.0,False,,False,True
5257.831,COL,43,77.364,19.0,1.0,,,21.968,24.545,30.851,5202.476,5227.021,5257.872,240.0,272.0,273.0,305.0,False,MEDIUM,19.0,True,Alpine,5180.467,2026-05-24 20:33:35.941,12,7.0,False,,False,True
5334.849,COL,43,77.018,20.0,1.0,,,22.057,24.505,30.456,5279.929,5304.434,5334.89,239.0,280.0,281.0,308.0,False,MEDIUM,20.0,True,Alpine,5257.831,2026-05-24 20:34:53.305,1,7.0,False,,False,True
5411.712,COL,43,76.863,21.0,1.0,,,21.912,24.387,30.564,5356.802,5381.189,5411.753,239.0,282.0,282.0,311.0,True,MEDIUM,21.0,True,Alpine,5334.849,2026-05-24 20:36:10.323,1,7.0,False,,False,True
5488.847,COL,43,77.135,22.0,1.0,,,22.083,24.539,30.513,5433.836,5458.375,5488.888,239.0,281.0,267.0,311.0,False,MEDIUM,22.0,True,Alpine,5411.712,2026-05-24 20:37:27.186,1,7.0,False,,False,True
5565.918,COL,43,77.071,23.0,1.0,,,22.049,24.369,30.653,5510.937,5535.306,5565.959,241.0,280.0,271.0,307.0,False,MEDIUM,23.0,True,Alpine,5488.847,2026-05-24 20:38:44.321,1,7.0,False,,False,True
5642.746,COL,43,76.828,24.0,1.0,,,22.003,24.362,30.463,5587.962,5612.324,5642.787,241.0,285.0,279.0,315.0,True,MEDIUM,24.0,True,Alpine,5565.918,2026-05-24 20:40:01.392,1,7.0,False,,False,True
5719.832,COL,43,77.086,25.0,1.0,,,21.991,24.396,30.699,5664.778,5689.174,5719.873,241.0,281.0,273.0,308.0,False,MEDIUM,25.0,True,Alpine,5642.746,2026-05-24 20:41:18.220,1,7.0,False,,False,True
5796.934,COL,43,77.102,26.0,1.0,,,21.973,24.498,30.631,5741.846,5766.344,5796.975,238.0,282.0,269.0,305.0,False,MEDIUM,26.0,True,Alpine,5719.832,2026-05-24 20:42:35.306,1,7.0,False,,False,True
5874.408,COL,43,77.474,27.0,1.0,,,22.032,24.535,30.907,5819.007,5843.542,5874.449,240.0,273.0,277.0,306.0,False,MEDIUM,27.0,True,Alpine,5796.934,2026-05-24 20:43:52.408,1,7.0,False,,False,True
5951.473,COL,43,77.065,28.0,1.0,,,21.923,24.487,30.655,5896.372,5920.859,5951.514,240.0,279.0,279.0,306.0,False,MEDIUM,28.0,True,Alpine,5874.408,2026-05-24 20:45:09.882,1,7.0,False,,False,True
6028.178,COL,43,76.705,29.0,1.0,,,21.872,24.451,30.382,5973.386,5997.837,6028.219,241.0,283.0,279.0,314.0,True,MEDIUM,29.0,True,Alpine,5951.473,2026-05-24 20:46:26.947,1,7.0,False,,False,True
6137.125,COL,43,108.947,30.0,1.0,,6113.114,22.022,29.909,57.016,6050.241,6080.15,6137.166,242.0,174.0,,215.0,False,MEDIUM,30.0,True,Alpine,6028.178,2026-05-24 20:47:43.652,126,6.0,False,,False,False
6242.462,COL,43,105.337,31.0,2.0,6138.68,,33.22,33.116,39.001,6170.386,6203.502,6242.503,211.0,225.0,187.0,209.0,False,HARD,1.0,True,Alpine,6137.125,2026-05-24 20:49:32.599,6,6.0,False,,False,False
6328.975,COL,43,86.513,32.0,2.0,,,28.593,26.384,31.536,6271.096,6297.48,6329.016,217.0,290.0,278.0,301.0,False,HARD,2.0,True,Alpine,6242.462,2026-05-24 20:51:17.936,671,6.0,False,,False,False
6407.772,COL,43,78.797,33.0,2.0,,,22.525,24.978,31.294,6351.541,6376.519,6407.813,243.0,278.0,277.0,303.0,False,HARD,3.0,True,Alpine,6328.975,2026-05-24 20:52:44.449,1,6.0,False,,False,True
6485.594,COL,43,77.822,34.0,2.0,,,22.232,24.673,30.917,6430.045,6454.718,6485.635,242.0,280.0,275.0,304.0,False,HARD,4.0,True,Alpine,6407.772,2026-05-24 20:54:03.246,1,6.0,False,,False,True
6562.929,COL,43,77.335,35.0,2.0,,,22.17,24.423,30.742,6507.805,6532.228,6562.97,241.0,278.0,273.0,300.0,False,HARD,5.0,True,Alpine,6485.594,2026-05-24 20:55:21.068,1,6.0,False,,False,True
6640.168,COL,43,77.239,36.0,2.0,,,21.944,24.452,30.843,6584.914,6609.366,6640.209,240.0,281.0,278.0,301.0,False,HARD,6.0,True,Alpine,6562.929,2026-05-24 20:56:38.403,1,6.0,False,,False,True
6716.84,COL,43,76.672,37.0,2.0,,,21.871,24.259,30.542,6662.08,6686.339,6716.881,241.0,280.0,270.0,304.0,True,HARD,7.0,True,Alpine,6640.168,2026-05-24 20:57:55.642,1,6.0,False,,False,True
6793.386,COL,43,76.546,38.0,2.0,,,21.847,24.279,30.42,6738.728,6763.007,6793.427,242.0,281.0,284.0,307.0,True,HARD,8.0,True,Alpine,6716.84,2026-05-24 20:59:12.314,1,6.0,False,,False,True
6870.065,COL,43,76.679,39.0,2.0,,,21.735,24.324,30.62,6815.162,6839.486,6870.106,243.0,278.0,277.0,299.0,False,HARD,9.0,True,Alpine,6793.386,2026-05-24 21:00:28.860,12,6.0,False,,False,True
6946.944,COL,43,76.879,40.0,2.0,,,21.827,24.439,30.613,6891.933,6916.372,6946.985,242.0,279.0,273.0,303.0,False,HARD,10.0,True,Alpine,6870.065,2026-05-24 21:01:45.539,1,6.0,False,,False,True
7023.734,COL,43,76.79,41.0,2.0,,,21.867,24.317,30.606,6968.852,6993.169,7023.775,241.0,280.0,275.0,299.0,False,HARD,11.0,True,Alpine,6946.944,2026-05-24 21:03:02.418,1,6.0,False,,False,True
7100.352,COL,43,76.618,42.0,2.0,,,21.763,24.269,30.586,7045.538,7069.807,7100.393,243.0,280.0,272.0,299.0,False,HARD,12.0,True,Alpine,7023.734,2026-05-24 21:04:19.208,1,6.0,False,,False,True
7177.278,COL,43,76.926,43.0,2.0,,,21.829,24.289,30.808,7122.222,7146.511,7177.319,242.0,281.0,274.0,300.0,False,HARD,13.0,True,Alpine,7100.352,2026-05-24 21:05:35.826,1,6.0,False,,False,True
7253.527,COL,43,76.249,44.0,2.0,,,21.603,24.022,30.624,7198.922,7222.944,7253.568,242.0,280.0,267.0,299.0,True,HARD,14.0,True,Alpine,7177.278,2026-05-24 21:06:52.752,1,6.0,False,,False,True
7343.85,COL,43,90.323,45.0,2.0,,,21.517,27.498,41.308,7275.085,7302.583,7343.891,244.0,176.0,208.0,192.0,False,HARD,15.0,True,Alpine,7253.527,2026-05-24 21:08:09.001,167,6.0,False,,False,False
7423.447,COL,43,79.597,46.0,2.0,,,24.339,24.646,30.612,7368.23,7392.876,7423.488,245.0,282.0,271.0,306.0,False,HARD,16.0,True,Alpine,7343.85,2026-05-24 21:09:39.324,71,6.0,False,,False,False
7500.068,COL,43,76.621,47.0,2.0,,,21.699,24.169,30.753,7445.187,7469.356,7500.109,243.0,281.0,270.0,301.0,False,HARD,17.0,True,Alpine,7423.447,2026-05-24 21:10:58.921,1,6.0,False,,False,True
7576.678,COL,43,76.61,48.0,2.0,,,21.682,24.165,30.763,7521.791,7545.956,7576.719,244.0,283.0,282.0,305.0,False,HARD,18.0,True,Alpine,7500.068,2026-05-24 21:12:15.542,1,6.0,False,,False,True
7653.215,COL,43,76.537,49.0,2.0,,,21.72,24.15,30.667,7598.439,7622.589,7653.256,243.0,278.0,275.0,300.0,False,HARD,19.0,True,Alpine,7576.678,2026-05-24 21:13:32.152,1,6.0,False,,False,True
7729.525,COL,43,76.31,50.0,2.0,,,21.574,24.123,30.613,7674.83,7698.953,7729.566,243.0,281.0,267.0,300.0,False,HARD,20.0,True,Alpine,7653.215,2026-05-24 21:14:48.689,1,6.0,False,,False,True
7805.778,COL,43,76.253,51.0,2.0,,,21.738,24.024,30.491,7751.304,7775.328,7805.819,244.0,280.0,276.0,302.0,False,HARD,21.0,True,Alpine,7729.525,2026-05-24 21:16:04.999,1,6.0,False,,False,True
7908.722,COL,43,102.944,52.0,2.0,,,28.269,32.218,42.457,7834.088,7866.306,7908.763,173.0,200.0,190.0,213.0,False,HARD,22.0,True,Alpine,7805.778,2026-05-24 21:17:21.252,16,6.0,False,,False,False
7996.088,COL,43,87.366,53.0,2.0,,,28.857,27.044,31.465,7937.62,7964.664,7996.129,189.0,292.0,284.0,293.0,False,HARD,23.0,True,Alpine,7908.722,2026-05-24 21:19:04.196,671,6.0,False,,False,False
8073.765,COL,43,77.677,54.0,2.0,,,22.286,24.539,30.852,8018.415,8042.954,8073.806,243.0,284.0,284.0,308.0,False,HARD,24.0,True,Alpine,7996.088,2026-05-24 21:20:31.562,1,6.0,False,,False,True
8150.574,COL,43,76.809,55.0,2.0,,,21.884,24.314,30.611,8095.69,8120.004,8150.615,243.0,279.0,279.0,305.0,False,HARD,25.0,True,Alpine,8073.765,2026-05-24 21:21:49.239,1,6.0,False,,False,True
8228.504,COL,43,77.93,56.0,2.0,,,21.95,25.61,30.37,8172.565,8198.175,8228.545,205.0,286.0,279.0,312.0,False,HARD,26.0,True,Alpine,8150.574,2026-05-24 21:23:06.048,1,6.0,False,,False,True
8305.015,COL,43,76.511,57.0,2.0,,,21.686,24.192,30.633,8250.231,8274.423,8305.056,244.0,283.0,277.0,304.0,False,HARD,27.0,True,Alpine,8228.504,2026-05-24 21:24:23.978,1,6.0,False,,False,True
8381.383,COL,43,76.368,58.0,2.0,,,21.602,24.2,30.566,8326.658,8350.858,8381.424,245.0,281.0,274.0,305.0,False,HARD,28.0,True,Alpine,8305.015,2026-05-24 21:25:40.489,1,6.0,False,,False,True
8457.47,COL,43,76.087,59.0,2.0,,,21.667,24.072,30.348,8403.091,8427.163,8457.511,246.0,275.0,278.0,305.0,True,HARD,29.0,True,Alpine,8381.383,2026-05-24 21:26:56.857,1,6.0,False,,False,True
8533.66,COL,43,76.19,60.0,2.0,,,21.543,24.066,30.581,8479.054,8503.12,8533.701,246.0,284.0,275.0,305.0,False,HARD,30.0,True,Alpine,8457.47,2026-05-24 21:28:12.944,12,6.0,False,,False,True
8612.133,COL,43,78.473,61.0,2.0,,,24.029,24.288,30.156,8557.73,8582.018,8612.174,249.0,290.0,285.0,315.0,False,HARD,31.0,True,Alpine,8533.66,2026-05-24 21:29:29.134,1,6.0,False,,False,True
8687.898,COL,43,75.765,62.0,2.0,,,21.567,24.001,30.197,8633.741,8657.742,8687.939,245.0,287.0,280.0,314.0,True,HARD,32.0,True,Alpine,8612.133,2026-05-24 21:30:47.607,1,6.0,False,,False,True
8764.184,COL,43,76.286,63.0,2.0,,,21.693,24.202,30.391,8709.632,8733.834,8764.225,243.0,280.0,280.0,308.0,False,HARD,33.0,True,Alpine,8687.898,2026-05-24 21:32:03.372,1,6.0,False,,False,True
8840.229,COL,43,76.045,64.0,2.0,,,21.577,24.086,30.382,8785.802,8809.888,8840.27,245.0,284.0,277.0,305.0,False,HARD,34.0,True,Alpine,8764.184,2026-05-24 21:33:19.658,1,6.0,False,,False,True
8916.209,COL,43,75.98,65.0,2.0,,,21.521,24.107,30.352,8861.791,8885.898,8916.25,246.0,277.0,283.0,306.0,False,HARD,35.0,True,Alpine,8840.229,2026-05-24 21:34:35.703,1,6.0,False,,False,True
8992.35,COL,43,76.141,66.0,2.0,,,21.614,24.127,30.4,8937.864,8961.991,8992.391,246.0,281.0,283.0,309.0,False,HARD,36.0,True,Alpine,8916.209,2026-05-24 21:35:51.683,1,6.0,False,,False,True
9067.812,COL,43,75.462,67.0,2.0,,,21.489,23.97,30.003,9013.88,9037.85,9067.853,247.0,285.0,290.0,330.0,True,HARD,37.0,True,Alpine,8992.35,2026-05-24 21:37:07.824,1,6.0,False,,False,True
3841.066,HAM,44,88.522,1.0,1.0,,,,26.605,31.751,,3809.531,3841.275,227.0,294.0,289.0,319.0,False,SOFT,4.0,False,Ferrari,3752.281,2026-05-24 20:09:47.755,1,4.0,False,,False,False
3921.736,HAM,44,80.67,2.0,1.0,,,23.569,25.55,31.551,3864.663,3890.213,3921.764,233.0,280.0,287.0,328.0,True,SOFT,5.0,False,Ferrari,3841.066,2026-05-24 20:11:16.540,1,3.0,False,,False,True
4001.444,HAM,44,79.708,3.0,1.0,,,23.77,25.036,30.902,3945.534,3970.57,4001.472,229.0,278.0,281.0,322.0,True,SOFT,6.0,False,Ferrari,3921.736,2026-05-24 20:12:37.210,1,3.0,False,,False,True
4079.437,HAM,44,77.993,4.0,1.0,,,22.768,24.704,30.521,4024.24,4048.944,4079.465,231.0,280.0,268.0,337.0,True,SOFT,7.0,False,Ferrari,4001.444,2026-05-24 20:13:56.918,1,3.0,False,,False,True
4156.892,HAM,44,77.455,5.0,1.0,,,22.407,24.493,30.555,4101.872,4126.365,4156.92,232.0,279.0,266.0,328.0,True,SOFT,8.0,False,Ferrari,4079.437,2026-05-24 20:15:14.911,1,3.0,False,,False,True
4233.906,HAM,44,77.014,6.0,1.0,,,22.235,24.273,30.506,4179.155,4203.428,4233.934,232.0,277.0,280.0,313.0,True,SOFT,9.0,False,Ferrari,4156.892,2026-05-24 20:16:32.366,1,3.0,False,,False,True
4310.888,HAM,44,76.982,7.0,1.0,,,22.206,24.366,30.41,4256.14,4280.506,4310.916,233.0,280.0,265.0,328.0,True,SOFT,10.0,False,Ferrari,4233.906,2026-05-24 20:17:49.380,1,3.0,False,,False,True
4387.549,HAM,44,76.661,8.0,1.0,,,22.125,24.331,30.205,4333.041,4357.372,4387.577,233.0,278.0,266.0,331.0,True,SOFT,11.0,False,Ferrari,4310.888,2026-05-24 20:19:06.362,1,3.0,False,,False,True
4465.469,HAM,44,77.92,9.0,1.0,,,22.974,24.507,30.439,4410.551,4435.058,4465.497,232.0,278.0,276.0,314.0,False,SOFT,12.0,False,Ferrari,4387.549,2026-05-24 20:20:23.023,1,4.0,False,,False,True
4541.889,HAM,44,76.42,10.0,1.0,,,21.941,24.294,30.185,4487.438,4511.732,4541.917,234.0,280.0,283.0,320.0,True,SOFT,13.0,False,Ferrari,4465.469,2026-05-24 20:21:40.943,1,4.0,False,,False,True
4618.352,HAM,44,76.463,11.0,1.0,,,21.959,24.183,30.321,4563.876,4588.059,4618.38,234.0,279.0,280.0,318.0,False,SOFT,14.0,False,Ferrari,4541.889,2026-05-24 20:22:57.363,1,4.0,False,,False,True
4694.579,HAM,44,76.227,12.0,1.0,,,21.819,24.342,30.066,4640.199,4664.541,4694.607,235.0,279.0,283.0,320.0,True,SOFT,15.0,False,Ferrari,4618.352,2026-05-24 20:24:13.826,1,4.0,False,,False,True
4771.061,HAM,44,76.482,13.0,1.0,,,21.801,24.281,30.4,4716.408,4740.689,4771.089,234.0,276.0,283.0,321.0,False,SOFT,16.0,False,Ferrari,4694.579,2026-05-24 20:25:30.053,12,4.0,False,,False,True
4847.459,HAM,44,76.398,14.0,1.0,,,21.867,24.254,30.277,4792.956,4817.21,4847.487,235.0,271.0,285.0,323.0,False,SOFT,17.0,False,Ferrari,4771.061,2026-05-24 20:26:46.535,21,4.0,False,,False,True
4923.718,HAM,44,76.259,15.0,1.0,,,21.878,24.358,30.023,4869.365,4893.723,4923.746,234.0,280.0,284.0,325.0,False,SOFT,18.0,False,Ferrari,4847.459,2026-05-24 20:28:02.933,1,4.0,False,,False,True
4999.725,HAM,44,76.007,16.0,1.0,,,21.815,24.22,29.972,4945.561,4969.781,4999.753,235.0,282.0,285.0,323.0,True,SOFT,19.0,False,Ferrari,4923.718,2026-05-24 20:29:19.192,1,4.0,False,,False,True
5075.793,HAM,44,76.068,17.0,1.0,,,21.867,24.223,29.978,5021.62,5045.843,5075.821,235.0,280.0,285.0,322.0,False,SOFT,20.0,False,Ferrari,4999.725,2026-05-24 20:30:35.199,1,4.0,False,,False,True
5151.964,HAM,44,76.171,18.0,1.0,,,21.945,24.274,29.952,5097.766,5122.04,5151.992,233.0,280.0,285.0,320.0,False,SOFT,21.0,False,Ferrari,5075.793,2026-05-24 20:31:51.267,1,4.0,False,,False,True
5228.028,HAM,44,76.064,19.0,1.0,,,21.899,24.269,29.896,5173.891,5198.16,5228.056,233.0,280.0,286.0,321.0,False,SOFT,22.0,False,Ferrari,5151.964,2026-05-24 20:33:07.438,12,4.0,False,,False,True
5303.989,HAM,44,75.961,20.0,1.0,,,21.848,24.161,29.952,5249.904,5274.065,5304.017,235.0,282.0,301.0,322.0,True,SOFT,23.0,False,Ferrari,5228.028,2026-05-24 20:34:23.502,1,4.0,False,,False,True
5380.842,HAM,44,76.853,21.0,1.0,,,22.132,24.4,30.321,5326.149,5350.549,5380.87,235.0,278.0,301.0,320.0,False,SOFT,24.0,False,Ferrari,5303.989,2026-05-24 20:35:39.463,1,4.0,False,,False,True
5461.041,HAM,44,80.199,22.0,1.0,,,21.893,27.568,30.738,5402.763,5430.331,5461.069,235.0,255.0,281.0,311.0,False,SOFT,25.0,False,Ferrari,5380.842,2026-05-24 20:36:56.316,1,4.0,True,TRACK LIMITS AT TURN 8 LAP 22 ,False,True
5537.525,HAM,44,76.484,23.0,1.0,,,21.798,24.307,30.379,5482.867,5507.174,5537.553,234.0,273.0,276.0,302.0,False,SOFT,26.0,False,Ferrari,5461.041,2026-05-24 20:38:16.515,1,4.0,False,,False,True
5614.028,HAM,44,76.503,24.0,1.0,,,21.845,24.287,30.371,5559.398,5583.685,5614.056,234.0,273.0,276.0,305.0,False,SOFT,27.0,False,Ferrari,5537.525,2026-05-24 20:39:32.999,1,4.0,False,,False,True
5690.432,HAM,44,76.404,25.0,1.0,,,21.737,24.326,30.341,5635.793,5660.119,5690.46,235.0,277.0,273.0,304.0,False,SOFT,28.0,False,Ferrari,5614.028,2026-05-24 20:40:49.502,1,4.0,False,,False,True
5766.865,HAM,44,76.433,26.0,1.0,,,21.763,24.321,30.349,5712.223,5736.544,5766.893,234.0,276.0,274.0,301.0,False,SOFT,29.0,False,Ferrari,5690.432,2026-05-24 20:42:05.906,1,4.0,False,,False,True
5843.28,HAM,44,76.415,27.0,1.0,,,21.788,24.36,30.267,5788.681,5813.041,5843.308,234.0,276.0,278.0,302.0,False,SOFT,30.0,False,Ferrari,5766.865,2026-05-24 20:43:22.339,1,4.0,False,,False,True
5919.46,HAM,44,76.18,28.0,1.0,,,21.693,24.215,30.272,5865.001,5889.216,5919.488,235.0,276.0,274.0,302.0,False,SOFT,31.0,False,Ferrari,5843.28,2026-05-24 20:44:38.754,1,4.0,False,,False,True
5995.834,HAM,44,76.374,29.0,1.0,,,21.75,24.272,30.352,5941.238,5965.51,5995.862,235.0,274.0,275.0,302.0,False,SOFT,32.0,False,Ferrari,5919.46,2026-05-24 20:45:54.934,1,4.0,False,,False,True
6074.807,HAM,44,78.973,30.0,1.0,,,21.868,25.284,31.821,6017.73,6043.014,6074.835,235.0,262.0,110.0,304.0,False,SOFT,33.0,False,Ferrari,5995.834,2026-05-24 20:47:11.308,126,3.0,False,,False,False
6197.761,HAM,44,122.954,31.0,1.0,,6173.424,31.103,37.431,54.42,6105.938,6143.369,6197.789,172.0,125.0,,245.0,False,SOFT,34.0,False,Ferrari,6074.807,2026-05-24 20:48:30.281,6,3.0,False,,False,False
6294.172,HAM,44,96.411,32.0,2.0,6199.361,,29.796,33.799,32.816,6227.585,6261.384,6294.2,220.0,196.0,280.0,304.0,False,MEDIUM,1.0,True,Ferrari,6197.761,2026-05-24 20:50:33.235,671,3.0,False,,False,False
6372.147,HAM,44,77.975,33.0,2.0,,,22.557,24.865,30.553,6316.757,6341.622,6372.175,231.0,276.0,282.0,305.0,False,MEDIUM,2.0,True,Ferrari,6294.172,2026-05-24 20:52:09.646,1,3.0,False,,False,True
6448.645,HAM,44,76.498,34.0,2.0,,,21.834,24.42,30.244,6394.009,6418.429,6448.673,233.0,277.0,280.0,304.0,False,MEDIUM,3.0,True,Ferrari,6372.147,2026-05-24 20:53:27.621,1,3.0,False,,False,True
6524.417,HAM,44,75.772,35.0,2.0,,,21.656,24.047,30.069,6470.329,6494.376,6524.445,236.0,277.0,280.0,304.0,True,MEDIUM,4.0,True,Ferrari,6448.645,2026-05-24 20:54:44.119,1,3.0,False,,False,True
6600.067,HAM,44,75.65,36.0,2.0,,,21.589,23.879,30.182,6546.034,6569.913,6600.095,236.0,281.0,277.0,310.0,True,MEDIUM,5.0,True,Ferrari,6524.417,2026-05-24 20:55:59.891,1,3.0,False,,False,True
6675.352,HAM,44,75.285,37.0,2.0,,,21.511,23.908,29.866,6621.606,6645.514,6675.38,238.0,282.0,284.0,311.0,True,MEDIUM,6.0,True,Ferrari,6600.067,2026-05-24 20:57:15.541,1,3.0,False,,False,True
6750.905,HAM,44,75.553,38.0,2.0,,,21.713,23.928,29.912,6697.093,6721.021,6750.933,234.0,278.0,280.0,311.0,False,MEDIUM,7.0,True,Ferrari,6675.352,2026-05-24 20:58:30.826,1,3.0,False,,False,True
6826.291,HAM,44,75.386,39.0,2.0,,,21.359,23.857,30.17,6772.292,6796.149,6826.319,237.0,279.0,278.0,304.0,False,MEDIUM,8.0,True,Ferrari,6750.905,2026-05-24 20:59:46.379,1,3.0,False,,False,True
6901.43,HAM,44,75.139,40.0,2.0,,,21.416,23.868,29.855,6847.735,6871.603,6901.458,237.0,280.0,282.0,307.0,True,MEDIUM,9.0,True,Ferrari,6826.291,2026-05-24 21:01:01.765,12,3.0,False,,False,True
6976.887,HAM,44,75.457,41.0,2.0,,,21.425,24.143,29.889,6922.883,6947.026,6976.915,238.0,279.0,280.0,303.0,False,MEDIUM,10.0,True,Ferrari,6901.43,2026-05-24 21:02:16.904,1,3.0,False,,False,True
7052.13,HAM,44,75.243,42.0,2.0,,,21.311,23.842,30.09,6998.226,7022.068,7052.158,236.0,278.0,278.0,301.0,False,MEDIUM,11.0,True,Ferrari,6976.887,2026-05-24 21:03:32.361,1,3.0,False,,False,True
7127.415,HAM,44,75.285,43.0,2.0,,,21.647,23.811,29.827,7073.805,7097.616,7127.443,236.0,279.0,278.0,305.0,False,MEDIUM,12.0,True,Ferrari,7052.13,2026-05-24 21:04:47.604,1,3.0,False,,False,True
7202.623,HAM,44,75.208,44.0,2.0,,,21.362,23.795,30.051,7148.805,7172.6,7202.651,237.0,283.0,273.0,301.0,False,MEDIUM,13.0,True,Ferrari,7127.415,2026-05-24 21:06:02.889,1,3.0,False,,False,True
7277.583,HAM,44,74.96,45.0,2.0,,,21.283,23.722,29.955,7223.934,7247.656,7277.611,237.0,277.0,277.0,301.0,True,MEDIUM,14.0,True,Ferrari,7202.623,2026-05-24 21:07:18.097,1,3.0,False,,False,True
7369.751,HAM,44,92.168,46.0,2.0,,,25.939,30.828,35.401,7303.55,7334.378,7369.779,123.0,182.0,279.0,300.0,False,MEDIUM,15.0,True,Ferrari,7277.583,2026-05-24 21:08:33.057,167,3.0,False,,False,False
7445.162,HAM,44,75.411,47.0,2.0,,,21.582,23.812,30.017,7391.361,7415.173,7445.19,239.0,280.0,280.0,301.0,False,MEDIUM,16.0,True,Ferrari,7369.751,2026-05-24 21:10:05.225,1,3.0,False,,False,True
7520.076,HAM,44,74.914,48.0,2.0,,,21.364,23.654,29.896,7466.554,7490.208,7520.104,236.0,280.0,281.0,303.0,True,MEDIUM,17.0,True,Ferrari,7445.162,2026-05-24 21:11:20.636,1,3.0,False,,False,True
7595.262,HAM,44,75.186,49.0,2.0,,,21.339,24.029,29.818,7541.443,7565.472,7595.29,237.0,281.0,285.0,311.0,False,MEDIUM,18.0,True,Ferrari,7520.076,2026-05-24 21:12:35.550,1,3.0,False,,False,True
7670.643,HAM,44,75.381,50.0,2.0,,,21.51,23.9,29.971,7616.8,7640.7,7670.671,239.0,279.0,281.0,302.0,False,MEDIUM,19.0,True,Ferrari,7595.262,2026-05-24 21:13:50.736,1,3.0,False,,False,True
7745.605,HAM,44,74.962,51.0,2.0,,,21.35,23.743,29.869,7692.021,7715.764,7745.633,235.0,280.0,282.0,303.0,False,MEDIUM,20.0,True,Ferrari,7670.643,2026-05-24 21:15:06.117,1,3.0,False,,False,True
7825.174,HAM,44,79.569,52.0,2.0,,,21.226,23.797,34.546,7766.859,7790.656,7825.202,238.0,280.0,247.0,306.0,False,MEDIUM,21.0,True,Ferrari,7745.605,2026-05-24 21:16:21.079,16,3.0,False,,False,False
7927.942,HAM,44,102.768,53.0,2.0,,,27.266,33.201,42.301,7852.468,7885.669,7927.97,217.0,187.0,184.0,244.0,False,MEDIUM,22.0,True,Ferrari,7825.174,2026-05-24 21:17:40.648,6,3.0,False,,False,False
8008.987,HAM,44,81.045,54.0,2.0,,,26.814,24.241,29.99,7954.784,7979.025,8009.015,250.0,286.0,293.0,309.0,False,MEDIUM,23.0,True,Ferrari,7927.942,2026-05-24 21:19:23.416,671,3.0,False,,False,False
8084.077,HAM,44,75.09,55.0,2.0,,,21.464,23.814,29.812,8030.479,8054.293,8084.105,238.0,285.0,283.0,316.0,False,MEDIUM,24.0,True,Ferrari,8008.987,2026-05-24 21:20:44.461,1,3.0,False,,False,True
8159.249,HAM,44,75.172,56.0,2.0,,,21.549,23.774,29.849,8105.654,8129.428,8159.277,238.0,285.0,306.0,328.0,False,MEDIUM,25.0,True,Ferrari,8084.077,2026-05-24 21:21:59.551,1,3.0,False,,False,True
8235.232,HAM,44,75.983,57.0,2.0,,,21.953,24.026,30.004,8181.23,8205.256,8235.26,238.0,282.0,299.0,320.0,False,MEDIUM,26.0,True,Ferrari,8159.249,2026-05-24 21:23:14.723,1,3.0,False,,False,True
8310.691,HAM,44,75.459,58.0,2.0,,,21.829,23.92,29.71,8257.089,8281.009,8310.719,236.0,281.0,302.0,315.0,False,MEDIUM,27.0,True,Ferrari,8235.232,2026-05-24 21:24:30.706,1,3.0,False,,False,True
8385.836,HAM,44,75.145,59.0,2.0,,,21.512,23.804,29.829,8332.231,8356.035,8385.864,237.0,284.0,268.0,327.0,False,MEDIUM,28.0,True,Ferrari,8310.691,2026-05-24 21:25:46.165,1,3.0,False,,False,True
8460.587,HAM,44,74.751,60.0,2.0,,,21.485,23.742,29.524,8407.349,8431.091,8460.615,237.0,283.0,279.0,323.0,True,MEDIUM,29.0,True,Ferrari,8385.836,2026-05-24 21:27:01.310,1,3.0,False,,False,True
8535.16,HAM,44,74.573,61.0,2.0,,,21.319,23.726,29.528,8481.934,8505.66,8535.188,238.0,286.0,311.0,328.0,True,MEDIUM,30.0,True,Ferrari,8460.587,2026-05-24 21:28:16.061,12,3.0,False,,False,True
8610.276,HAM,44,75.116,62.0,2.0,,,21.339,23.879,29.898,8556.527,8580.406,8610.304,237.0,277.0,278.0,301.0,False,MEDIUM,31.0,True,Ferrari,8535.16,2026-05-24 21:29:30.634,1,2.0,False,,False,True
8685.166,HAM,44,74.89,63.0,2.0,,,21.371,23.803,29.716,8631.675,8655.478,8685.194,237.0,277.0,276.0,308.0,False,MEDIUM,32.0,True,Ferrari,8610.276,2026-05-24 21:30:45.750,1,2.0,False,,False,True
8760.235,HAM,44,75.069,64.0,2.0,,,21.476,23.708,29.885,8706.67,8730.378,8760.263,236.0,278.0,273.0,307.0,False,MEDIUM,33.0,True,Ferrari,8685.166,2026-05-24 21:32:00.640,1,2.0,False,,False,True
8834.924,HAM,44,74.689,65.0,2.0,,,21.28,23.72,29.689,8781.543,8805.263,8834.952,237.0,279.0,277.0,309.0,False,MEDIUM,34.0,True,Ferrari,8760.235,2026-05-24 21:33:15.709,1,2.0,False,,False,True
8909.725,HAM,44,74.801,66.0,2.0,,,21.296,23.69,29.815,8856.248,8879.938,8909.753,238.0,280.0,276.0,311.0,False,MEDIUM,35.0,True,Ferrari,8834.924,2026-05-24 21:34:30.398,1,2.0,False,,False,True
8984.424,HAM,44,74.699,67.0,2.0,,,21.521,23.608,29.57,8931.274,8954.882,8984.452,238.0,281.0,286.0,313.0,False,MEDIUM,36.0,True,Ferrari,8909.725,2026-05-24 21:35:45.199,1,2.0,False,,False,True
9059.07,HAM,44,74.646,68.0,2.0,,,21.302,23.721,29.623,9005.754,9029.475,9059.098,238.0,279.0,270.0,316.0,False,MEDIUM,37.0,True,Ferrari,8984.424,2026-05-24 21:36:59.898,1,2.0,False,,False,True
3848.093,BOR,5,95.549,1.0,1.0,,,,28.391,33.851,,3814.345,3848.15,202.0,271.0,265.0,321.0,False,INTERMEDIATE,1.0,True,Audi,3752.281,2026-05-24 20:09:47.755,1,13.0,False,,False,False
3955.447,BOR,5,107.354,2.0,1.0,,3928.994,25.844,27.267,54.243,3873.971,3901.238,3955.481,227.0,273.0,,284.0,False,INTERMEDIATE,2.0,True,Audi,3848.093,2026-05-24 20:11:23.567,1,20.0,False,,False,False
4042.588,BOR,5,87.141,3.0,2.0,3957.11,,27.435,26.964,32.742,3982.916,4009.88,4042.622,231.0,272.0,262.0,303.0,False,SOFT,1.0,True,Audi,3955.447,2026-05-24 20:13:10.921,1,19.0,False,,False,False
4123.807,BOR,5,81.219,4.0,2.0,,,23.661,25.742,31.816,4066.283,4092.025,4123.841,234.0,270.0,268.0,302.0,True,SOFT,2.0,True,Audi,4042.588,2026-05-24 20:14:38.062,1,19.0,False,,False,True
4203.647,BOR,5,79.84,5.0,2.0,,,23.117,25.417,31.306,4146.958,4172.375,4203.681,233.0,270.0,271.0,301.0,True,SOFT,3.0,True,Audi,4123.807,2026-05-24 20:15:59.281,1,19.0,False,,False,True
4282.955,BOR,5,79.308,6.0,2.0,,,22.668,25.265,31.375,4226.349,4251.614,4282.989,235.0,268.0,271.0,301.0,True,SOFT,4.0,True,Audi,4203.647,2026-05-24 20:17:19.121,1,19.0,False,,False,True
4361.5,BOR,5,78.545,7.0,2.0,,,22.492,25.147,30.906,4305.481,4330.628,4361.534,235.0,270.0,272.0,301.0,False,SOFT,5.0,True,Audi,4282.955,2026-05-24 20:18:38.429,1,19.0,True,TRACK LIMITS AT TURN 14 LAP 7 ,False,True
4440.016,BOR,5,78.516,8.0,2.0,,,22.571,25.079,30.866,4384.105,4409.184,4440.05,236.0,270.0,273.0,303.0,True,SOFT,6.0,True,Audi,4361.5,2026-05-24 20:19:56.974,1,19.0,False,,False,True
4518.369,BOR,5,78.353,9.0,2.0,,,22.384,25.101,30.868,4462.434,4487.535,4518.403,235.0,271.0,273.0,303.0,True,SOFT,7.0,True,Audi,4440.016,2026-05-24 20:21:15.490,1,19.0,False,,False,True
4596.3,BOR,5,77.931,10.0,2.0,,,22.329,24.944,30.658,4540.732,4565.676,4596.334,235.0,271.0,274.0,306.0,True,SOFT,8.0,True,Audi,4518.369,2026-05-24 20:22:33.843,1,19.0,False,,False,True
4674.768,BOR,5,78.468,11.0,2.0,,,22.217,25.377,30.874,4618.551,4643.928,4674.802,239.0,278.0,270.0,317.0,False,SOFT,9.0,True,Audi,4596.3,2026-05-24 20:23:51.774,1,18.0,False,,False,True
4753.213,BOR,5,78.445,12.0,2.0,,,22.298,24.827,31.32,4697.1,4721.927,4753.247,236.0,264.0,272.0,304.0,False,SOFT,10.0,True,Audi,4674.768,2026-05-24 20:25:10.242,12,16.0,False,,False,True
4831.492,BOR,5,78.279,13.0,2.0,,,22.303,24.968,31.008,4775.55,4800.518,4831.526,236.0,271.0,271.0,302.0,False,SOFT,11.0,True,Audi,4753.213,2026-05-24 20:26:28.687,21,16.0,False,,False,True
4909.19,BOR,5,77.698,14.0,2.0,,,22.184,24.84,30.674,4853.71,4878.55,4909.224,236.0,270.0,271.0,303.0,True,SOFT,12.0,True,Audi,4831.492,2026-05-24 20:27:46.966,1,16.0,False,,False,True
4987.094,BOR,5,77.904,15.0,2.0,,,22.25,24.827,30.827,4931.474,4956.301,4987.128,236.0,270.0,271.0,301.0,False,SOFT,13.0,True,Audi,4909.19,2026-05-24 20:29:04.664,1,16.0,False,,False,True
5064.846,BOR,5,77.752,16.0,2.0,,,22.218,24.826,30.708,5009.346,5034.172,5064.88,236.0,270.0,273.0,304.0,False,SOFT,14.0,True,Audi,4987.094,2026-05-24 20:30:22.568,1,15.0,False,,False,True
5142.547,BOR,5,77.701,17.0,2.0,,,22.228,24.702,30.771,5087.108,5111.81,5142.581,236.0,272.0,273.0,303.0,False,SOFT,15.0,True,Audi,5064.846,2026-05-24 20:31:40.320,1,15.0,False,,False,True
5236.961,BOR,5,94.414,18.0,2.0,,5214.006,22.148,24.775,47.491,5164.729,5189.504,5236.995,237.0,277.0,,317.0,False,SOFT,16.0,True,Audi,5142.547,2026-05-24 20:32:58.021,12,16.0,False,,False,False
5322.069,BOR,5,85.108,19.0,3.0,5238.599,,26.942,26.595,31.571,5263.937,5290.532,5322.103,229.0,274.0,272.0,302.0,False,MEDIUM,1.0,False,Audi,5236.961,2026-05-24 20:34:32.435,1,17.0,False,,False,False
5401.059,BOR,5,78.99,20.0,3.0,,,22.931,25.163,30.896,5345.034,5370.197,5401.093,235.0,272.0,273.0,304.0,False,MEDIUM,2.0,False,Audi,5322.069,2026-05-24 20:35:57.543,1,17.0,False,,False,True
5481.039,BOR,5,79.98,21.0,3.0,,,22.981,25.837,31.162,5424.074,5449.911,5481.073,237.0,273.0,272.0,303.0,False,MEDIUM,3.0,False,Audi,5401.059,2026-05-24 20:37:16.533,1,16.0,False,,False,True
5559.249,BOR,5,78.21,22.0,3.0,,,22.474,24.996,30.74,5503.547,5528.543,5559.283,237.0,271.0,275.0,302.0,False,MEDIUM,4.0,False,Audi,5481.039,2026-05-24 20:38:36.513,1,16.0,False,,False,True
5636.96,BOR,5,77.711,23.0,3.0,,,22.246,24.783,30.682,5581.529,5606.312,5636.994,237.0,273.0,273.0,304.0,False,MEDIUM,5.0,False,Audi,5559.249,2026-05-24 20:39:54.723,1,16.0,False,,False,True
5714.443,BOR,5,77.483,24.0,3.0,,,22.287,24.642,30.554,5659.281,5683.923,5714.477,236.0,275.0,272.0,305.0,True,MEDIUM,6.0,False,Audi,5636.96,2026-05-24 20:41:12.434,1,16.0,False,,False,True
5792.126,BOR,5,77.683,25.0,3.0,,,22.512,24.764,30.407,5736.989,5761.753,5792.16,235.0,275.0,277.0,306.0,False,MEDIUM,7.0,False,Audi,5714.443,2026-05-24 20:42:29.917,1,16.0,False,,False,True
5869.834,BOR,5,77.708,26.0,3.0,,,22.259,24.776,30.673,5814.419,5839.195,5869.868,238.0,277.0,279.0,316.0,False,MEDIUM,8.0,False,Audi,5792.126,2026-05-24 20:43:47.600,1,16.0,False,,False,True
5947.805,BOR,5,77.971,27.0,3.0,,,22.371,25.181,30.419,5892.239,5917.42,5947.839,239.0,279.0,274.0,336.0,False,MEDIUM,9.0,False,Audi,5869.834,2026-05-24 20:45:05.308,1,15.0,False,,False,True
6025.161,BOR,5,77.356,28.0,3.0,,,22.271,24.713,30.372,5970.11,5994.823,6025.195,232.0,270.0,270.0,314.0,True,MEDIUM,10.0,False,Audi,5947.805,2026-05-24 20:46:23.279,1,15.0,False,,False,True
6115.485,BOR,5,90.324,29.0,3.0,,,22.18,25.35,42.794,6047.375,6072.725,6115.519,232.0,231.0,213.0,297.0,False,MEDIUM,11.0,False,Audi,6025.161,2026-05-24 20:47:40.635,126,15.0,False,,False,False
6220.289,BOR,5,104.804,30.0,3.0,,,30.029,34.789,39.986,6145.548,6180.337,6220.323,194.0,190.0,229.0,212.0,False,MEDIUM,12.0,False,Audi,6115.485,2026-05-24 20:49:10.959,6,14.0,True,TRACK LIMITS AT TURN 14 LAP 30 ,False,False
6312.915,BOR,5,92.626,31.0,3.0,,,29.301,31.547,31.778,6249.624,6281.171,6312.949,192.0,262.0,272.0,314.0,False,MEDIUM,13.0,False,Audi,6220.289,2026-05-24 20:50:55.763,671,14.0,False,,False,False
6391.706,BOR,5,78.791,32.0,3.0,,,22.81,25.141,30.84,6335.759,6360.9,6391.74,237.0,272.0,273.0,302.0,False,MEDIUM,14.0,False,Audi,6312.915,2026-05-24 20:52:28.389,1,14.0,False,,False,True
6469.521,BOR,5,77.815,33.0,3.0,,,22.366,24.808,30.641,6414.106,6438.914,6469.555,238.0,272.0,272.0,300.0,False,MEDIUM,15.0,False,Audi,6391.706,2026-05-24 20:53:47.180,1,14.0,False,,False,True
6547.029,BOR,5,77.508,34.0,3.0,,,22.186,24.689,30.633,6491.741,6516.43,6547.063,237.0,272.0,275.0,298.0,False,MEDIUM,16.0,False,Audi,6469.521,2026-05-24 20:55:04.995,1,14.0,False,,False,True
6624.138,BOR,5,77.109,35.0,3.0,,,22.033,24.475,30.601,6569.096,6593.571,6624.172,238.0,271.0,273.0,298.0,True,MEDIUM,17.0,False,Audi,6547.029,2026-05-24 20:56:22.503,1,14.0,False,,False,True
6701.001,BOR,5,76.863,36.0,3.0,,,21.99,24.432,30.441,6646.162,6670.594,6701.035,238.0,272.0,272.0,300.0,True,MEDIUM,18.0,False,Audi,6624.138,2026-05-24 20:57:39.612,1,14.0,False,,False,True
6777.685,BOR,5,76.684,37.0,3.0,,,21.874,24.386,30.424,6722.909,6747.295,6777.719,238.0,272.0,276.0,301.0,True,MEDIUM,19.0,False,Audi,6701.001,2026-05-24 20:58:56.475,1,14.0,False,,False,True
6854.234,BOR,5,76.549,38.0,3.0,,,21.828,24.393,30.328,6799.547,6823.94,6854.268,239.0,273.0,274.0,299.0,True,MEDIUM,20.0,False,Audi,6777.685,2026-05-24 21:00:13.159,1,14.0,False,,False,True
6930.652,BOR,5,76.418,39.0,3.0,,,21.758,24.327,30.333,6876.026,6900.353,6930.686,240.0,273.0,273.0,303.0,True,MEDIUM,21.0,False,Audi,6854.234,2026-05-24 21:01:29.708,12,13.0,False,,False,True
7007.267,BOR,5,76.615,40.0,3.0,,,21.83,24.427,30.358,6952.516,6976.943,7007.301,240.0,273.0,273.0,301.0,False,MEDIUM,22.0,False,Audi,6930.652,2026-05-24 21:02:46.126,1,13.0,False,,False,True
7083.894,BOR,5,76.627,41.0,3.0,,,21.824,24.506,30.297,7029.125,7053.631,7083.928,241.0,276.0,273.0,302.0,False,MEDIUM,23.0,False,Audi,7007.267,2026-05-24 21:04:02.741,1,13.0,False,,False,True
7160.296,BOR,5,76.402,42.0,3.0,,,21.897,24.269,30.236,7105.825,7130.094,7160.33,240.0,275.0,274.0,305.0,True,MEDIUM,24.0,False,Audi,7083.894,2026-05-24 21:05:19.368,1,13.0,False,,False,True
7238.44,BOR,5,78.144,43.0,3.0,,,22.522,25.073,30.549,7182.852,7207.925,7238.474,233.0,274.0,274.0,297.0,False,MEDIUM,25.0,False,Audi,7160.296,2026-05-24 21:06:35.770,1,13.0,False,,False,True
7324.194,BOR,5,85.754,44.0,3.0,,,21.867,24.372,39.515,7260.341,7284.713,7324.228,239.0,271.0,247.0,173.0,False,MEDIUM,26.0,False,Audi,7238.44,2026-05-24 21:07:53.914,16,13.0,False,,False,False
7408.451,BOR,5,84.257,45.0,3.0,,,28.572,25.179,30.506,7352.8,7377.979,7408.485,217.0,275.0,278.0,301.0,False,MEDIUM,27.0,False,Audi,7324.194,2026-05-24 21:09:19.668,671,13.0,False,,False,False
7485.114,BOR,5,76.663,46.0,3.0,,,21.814,24.518,30.331,7430.299,7454.817,7485.148,241.0,273.0,272.0,299.0,False,MEDIUM,28.0,False,Audi,7408.451,2026-05-24 21:10:43.925,1,13.0,False,,False,True
7561.771,BOR,5,76.657,47.0,3.0,,,21.839,24.332,30.486,7506.987,7531.319,7561.805,240.0,272.0,273.0,298.0,False,MEDIUM,29.0,False,Audi,7485.114,2026-05-24 21:12:00.588,1,13.0,False,,False,True
7638.037,BOR,5,76.266,48.0,3.0,,,21.76,24.327,30.179,7583.565,7607.892,7638.071,240.0,272.0,274.0,299.0,True,MEDIUM,30.0,False,Audi,7561.771,2026-05-24 21:13:17.245,1,13.0,False,,False,True
7714.799,BOR,5,76.762,49.0,3.0,,,21.853,24.446,30.463,7659.924,7684.37,7714.833,238.0,272.0,273.0,300.0,False,MEDIUM,31.0,False,Audi,7638.037,2026-05-24 21:14:33.511,1,13.0,False,,False,True
7791.02,BOR,5,76.221,50.0,3.0,,,21.737,24.229,30.255,7736.57,7760.799,7791.054,241.0,273.0,275.0,300.0,True,MEDIUM,32.0,False,Audi,7714.799,2026-05-24 21:15:50.273,1,13.0,False,,False,True
7887.991,BOR,5,96.971,51.0,3.0,,,21.735,32.799,42.437,7812.789,7845.588,7888.025,240.0,219.0,190.0,184.0,False,MEDIUM,33.0,False,Audi,7791.02,2026-05-24 21:17:06.494,16,12.0,False,,False,False
7984.29,BOR,5,96.299,52.0,3.0,,,30.1,34.976,31.223,7918.125,7953.101,7984.324,149.0,272.0,276.0,298.0,False,MEDIUM,34.0,False,Audi,7887.991,2026-05-24 21:18:43.465,671,12.0,False,,False,False
8061.959,BOR,5,77.669,53.0,3.0,,,22.303,24.708,30.658,8006.627,8031.335,8061.993,242.0,274.0,273.0,300.0,False,MEDIUM,35.0,False,Audi,7984.29,2026-05-24 21:20:19.764,1,12.0,False,,False,True
8139.08,BOR,5,77.121,54.0,3.0,,,22.116,24.55,30.455,8084.109,8108.659,8139.114,239.0,273.0,272.0,299.0,False,MEDIUM,36.0,False,Audi,8061.959,2026-05-24 21:21:37.433,1,12.0,False,,False,True
8216.031,BOR,5,76.951,55.0,3.0,,,21.97,24.691,30.29,8161.084,8185.775,8216.065,240.0,274.0,271.0,303.0,False,MEDIUM,37.0,False,Audi,8139.08,2026-05-24 21:22:54.554,1,12.0,False,,False,True
8292.761,BOR,5,76.73,56.0,3.0,,,21.944,24.437,30.349,8238.009,8262.446,8292.795,240.0,274.0,274.0,296.0,False,MEDIUM,38.0,False,Audi,8216.031,2026-05-24 21:24:11.505,1,12.0,False,,False,True
8369.56,BOR,5,76.799,57.0,3.0,,,21.949,24.313,30.537,8314.744,8339.057,8369.594,239.0,273.0,274.0,300.0,False,MEDIUM,39.0,False,Audi,8292.761,2026-05-24 21:25:28.235,1,12.0,False,,False,True
8446.259,BOR,5,76.699,58.0,3.0,,,21.992,24.508,30.199,8391.586,8416.094,8446.293,240.0,274.0,274.0,300.0,False,MEDIUM,40.0,False,Audi,8369.56,2026-05-24 21:26:45.034,1,12.0,False,,False,True
8522.63,BOR,5,76.371,59.0,3.0,,,21.795,24.296,30.28,8468.088,8492.384,8522.664,242.0,275.0,274.0,301.0,False,MEDIUM,41.0,False,Audi,8446.259,2026-05-24 21:28:01.733,12,12.0,False,,False,True
8599.199,BOR,5,76.569,60.0,3.0,,,21.995,24.399,30.175,8544.659,8569.058,8599.233,242.0,276.0,276.0,307.0,False,MEDIUM,42.0,False,Audi,8522.63,2026-05-24 21:29:18.104,21,12.0,False,,False,True
8676.524,BOR,5,77.325,61.0,3.0,,,21.91,25.327,30.088,8621.143,8646.47,8676.558,243.0,283.0,279.0,316.0,False,MEDIUM,43.0,False,Audi,8599.199,2026-05-24 21:30:34.673,1,12.0,False,,False,True
8753.457,BOR,5,76.933,62.0,3.0,,,21.989,24.56,30.384,8698.547,8723.107,8753.491,242.0,281.0,279.0,311.0,False,MEDIUM,44.0,False,Audi,8676.524,2026-05-24 21:31:51.998,1,12.0,False,,False,True
8830.896,BOR,5,77.439,63.0,3.0,,,22.012,24.707,30.72,8775.503,8800.21,8830.93,244.0,280.0,284.0,323.0,False,MEDIUM,45.0,False,Audi,8753.457,2026-05-24 21:33:08.931,1,13.0,False,,False,True
8911.395,BOR,5,80.499,64.0,3.0,,,21.783,26.523,32.193,8852.713,8879.236,8911.429,243.0,255.0,283.0,326.0,False,MEDIUM,46.0,False,Audi,8830.896,2026-05-24 21:34:26.370,1,13.0,True,TRACK LIMITS AT TURN 8 LAP 64 ,False,True
8987.882,BOR,5,76.487,65.0,3.0,,,22.028,24.374,30.085,8933.457,8957.831,8987.916,242.0,283.0,277.0,314.0,False,MEDIUM,47.0,False,Audi,8911.395,2026-05-24 21:35:46.869,1,13.0,False,,False,True
9064.458,BOR,5,76.576,66.0,3.0,,,21.854,24.508,30.214,9009.77,9034.278,9064.492,242.0,280.0,298.0,315.0,False,MEDIUM,48.0,False,Audi,8987.882,2026-05-24 21:37:03.356,1,13.0,False,,False,True
3850.658,SAI,55,98.114,1.0,1.0,,,,29.098,33.957,,3816.913,3850.791,194.0,278.0,265.0,315.0,False,INTERMEDIATE,1.0,True,Williams,3752.281,2026-05-24 20:09:47.755,1,16.0,False,,False,False
3953.117,SAI,55,102.459,2.0,1.0,,3930.088,25.377,27.774,49.308,3876.063,3903.837,3953.145,197.0,274.0,,312.0,False,INTERMEDIATE,2.0,True,Williams,3850.658,2026-05-24 20:11:26.132,1,19.0,False,,False,False
4039.503,SAI,55,86.386,3.0,2.0,3954.704,,26.944,26.758,32.684,3980.089,4006.847,4039.531,223.0,267.0,266.0,298.0,False,MEDIUM,9.0,False,Williams,3953.117,2026-05-24 20:13:08.591,1,18.0,False,,False,False
4119.324,SAI,55,79.821,4.0,2.0,,,23.11,25.348,31.363,4062.641,4087.989,4119.352,232.0,276.0,277.0,303.0,True,MEDIUM,10.0,False,Williams,4039.503,2026-05-24 20:14:34.977,1,18.0,False,,False,True
4197.929,SAI,55,78.605,5.0,2.0,,,22.548,24.99,31.067,4141.9,4166.89,4197.957,235.0,278.0,279.0,306.0,True,MEDIUM,11.0,False,Williams,4119.324,2026-05-24 20:15:54.798,1,18.0,False,,False,True
4276.113,SAI,55,78.184,6.0,2.0,,,22.27,24.749,31.165,4220.227,4244.976,4276.141,237.0,279.0,266.0,301.0,True,MEDIUM,12.0,False,Williams,4197.929,2026-05-24 20:17:13.403,1,17.0,False,,False,True
4354.249,SAI,55,78.136,7.0,2.0,,,22.294,24.818,31.024,4298.435,4323.253,4354.277,236.0,276.0,267.0,305.0,True,MEDIUM,13.0,False,Williams,4276.113,2026-05-24 20:18:31.587,1,17.0,False,,False,True
4432.222,SAI,55,77.973,8.0,2.0,,,22.151,24.796,31.026,4376.428,4401.224,4432.25,237.0,276.0,274.0,302.0,True,MEDIUM,14.0,False,Williams,4354.249,2026-05-24 20:19:49.723,1,16.0,False,,False,True
4509.818,SAI,55,77.596,9.0,2.0,,,22.074,24.716,30.806,4454.324,4479.04,4509.846,235.0,276.0,278.0,300.0,True,MEDIUM,15.0,False,Williams,4432.222,2026-05-24 20:21:07.696,1,16.0,False,,False,True
4587.186,SAI,55,77.368,10.0,2.0,,,22.007,24.522,30.839,4531.853,4556.375,4587.214,236.0,278.0,276.0,302.0,True,MEDIUM,16.0,False,Williams,4509.818,2026-05-24 20:22:25.292,1,16.0,False,,False,True
4664.64,SAI,55,77.454,11.0,2.0,,,21.92,24.628,30.906,4609.134,4633.762,4664.668,236.0,277.0,258.0,303.0,False,MEDIUM,17.0,False,Williams,4587.186,2026-05-24 20:23:42.660,1,16.0,True,TRACK LIMITS AT TURN 14 LAP 11 ,False,True
4743.034,SAI,55,78.394,12.0,2.0,,,22.172,24.657,31.565,4686.84,4711.497,4743.062,235.0,275.0,277.0,304.0,False,MEDIUM,18.0,False,Williams,4664.64,2026-05-24 20:25:00.114,12,14.0,False,,False,True
4820.652,SAI,55,77.618,13.0,2.0,,,21.946,24.545,31.127,4765.008,4789.553,4820.68,236.0,277.0,283.0,307.0,False,MEDIUM,19.0,False,Williams,4743.034,2026-05-24 20:26:18.508,2,14.0,False,,False,True
4897.698,SAI,55,77.046,14.0,2.0,,,21.951,24.521,30.574,4842.631,4867.152,4897.726,238.0,284.0,296.0,320.0,True,MEDIUM,20.0,False,Williams,4820.652,2026-05-24 20:27:36.126,21,13.0,False,,False,True
4976.659,SAI,55,78.961,15.0,2.0,,,22.5,25.024,31.437,4920.226,4945.25,4976.687,237.0,267.0,260.0,294.0,False,MEDIUM,21.0,False,Williams,4897.698,2026-05-24 20:28:53.172,1,11.0,False,,False,True
5054.203,SAI,55,77.544,16.0,2.0,,,22.077,24.546,30.921,4998.764,5023.31,5054.231,237.0,276.0,265.0,301.0,False,MEDIUM,22.0,False,Williams,4976.659,2026-05-24 20:30:12.133,1,11.0,False,,False,True
5131.424,SAI,55,77.221,17.0,2.0,,,21.95,24.543,30.728,5076.181,5100.724,5131.452,237.0,277.0,273.0,302.0,False,MEDIUM,23.0,False,Williams,5054.203,2026-05-24 20:31:29.677,1,11.0,False,,False,True
5208.593,SAI,55,77.169,18.0,2.0,,,21.98,24.443,30.746,5153.432,5177.875,5208.621,236.0,277.0,277.0,306.0,False,MEDIUM,24.0,False,Williams,5131.424,2026-05-24 20:32:46.898,12,11.0,False,,False,True
5286.072,SAI,55,77.479,19.0,2.0,,,22.103,24.559,30.817,5230.724,5255.283,5286.1,236.0,275.0,274.0,297.0,False,MEDIUM,25.0,False,Williams,5208.593,2026-05-24 20:34:04.067,1,11.0,False,,False,True
5363.204,SAI,55,77.132,20.0,2.0,,,21.911,24.4,30.821,5308.011,5332.411,5363.232,236.0,277.0,277.0,299.0,False,MEDIUM,26.0,False,Williams,5286.072,2026-05-24 20:35:21.546,1,11.0,False,,False,True
5440.428,SAI,55,77.224,21.0,2.0,,,21.827,24.495,30.902,5385.059,5409.554,5440.456,238.0,277.0,279.0,300.0,False,MEDIUM,27.0,False,Williams,5363.204,2026-05-24 20:36:38.678,1,11.0,False,,False,True
5517.643,SAI,55,77.215,22.0,2.0,,,21.843,24.424,30.948,5462.299,5486.723,5517.671,238.0,278.0,277.0,298.0,False,MEDIUM,28.0,False,Williams,5440.428,2026-05-24 20:37:55.902,1,11.0,False,,False,True
5594.641,SAI,55,76.998,23.0,2.0,,,21.949,24.483,30.566,5539.62,5564.103,5594.669,237.0,278.0,278.0,302.0,True,MEDIUM,29.0,False,Williams,5517.643,2026-05-24 20:39:13.117,1,11.0,False,,False,True
5671.781,SAI,55,77.14,24.0,2.0,,,21.815,24.75,30.575,5616.484,5641.234,5671.809,238.0,278.0,276.0,302.0,False,MEDIUM,30.0,False,Williams,5594.641,2026-05-24 20:40:30.115,1,11.0,False,,False,True
5748.618,SAI,55,76.837,25.0,2.0,,,21.854,24.382,30.601,5693.663,5718.045,5748.646,238.0,279.0,274.0,301.0,True,MEDIUM,31.0,False,Williams,5671.781,2026-05-24 20:41:47.255,1,11.0,False,,False,True
5825.273,SAI,55,76.655,26.0,2.0,,,21.817,24.328,30.51,5770.463,5794.791,5825.301,237.0,279.0,278.0,303.0,True,MEDIUM,32.0,False,Williams,5748.618,2026-05-24 20:43:04.092,1,11.0,False,,False,True
5902.262,SAI,55,76.989,27.0,2.0,,,21.912,24.496,30.581,5847.213,5871.709,5902.29,239.0,282.0,273.0,311.0,False,MEDIUM,33.0,False,Williams,5825.273,2026-05-24 20:44:20.747,1,11.0,False,,False,True
5979.321,SAI,55,77.059,28.0,2.0,,,21.793,24.394,30.872,5924.083,5948.477,5979.349,238.0,278.0,274.0,299.0,False,MEDIUM,34.0,False,Williams,5902.262,2026-05-24 20:45:37.736,1,11.0,False,,False,True
6056.057,SAI,55,76.736,29.0,2.0,,,21.877,24.349,30.51,6001.226,6025.575,6056.085,238.0,278.0,270.0,302.0,False,MEDIUM,35.0,False,Williams,5979.321,2026-05-24 20:46:54.795,12,11.0,False,,False,True
6172.34,SAI,55,116.283,30.0,2.0,,6148.362,26.995,35.29,53.998,6083.08,6118.37,6172.368,155.0,188.0,,269.0,False,MEDIUM,36.0,False,Williams,6056.057,2026-05-24 20:48:11.531,26,10.0,False,,False,False
6276.923,SAI,55,104.583,31.0,3.0,6173.97,,30.612,36.432,37.539,6202.98,6239.412,6276.951,215.0,210.0,263.0,258.0,False,MEDIUM,1.0,True,Williams,6172.34,2026-05-24 20:50:07.814,671,10.0,False,,False,False
6356.715,SAI,55,79.792,32.0,3.0,,,23.209,25.552,31.031,6300.16,6325.712,6356.743,238.0,278.0,279.0,302.0,False,MEDIUM,2.0,True,Williams,6276.923,2026-05-24 20:51:52.397,1,10.0,False,,False,True
6435.315,SAI,55,78.6,33.0,3.0,,,22.386,25.105,31.109,6379.129,6404.234,6435.343,240.0,279.0,276.0,301.0,False,MEDIUM,3.0,True,Williams,6356.715,2026-05-24 20:53:12.189,1,10.0,False,,False,True
6514.057,SAI,55,78.742,34.0,3.0,,,22.284,25.842,30.616,6457.627,6483.469,6514.085,203.0,280.0,277.0,310.0,False,MEDIUM,4.0,True,Williams,6435.315,2026-05-24 20:54:30.789,1,10.0,False,,False,True
6591.225,SAI,55,77.168,35.0,3.0,,,21.951,24.493,30.724,6536.036,6560.529,6591.253,238.0,279.0,272.0,303.0,False,MEDIUM,5.0,True,Williams,6514.057,2026-05-24 20:55:49.531,1,10.0,False,,False,True
6667.824,SAI,55,76.599,36.0,3.0,,,21.778,24.305,30.516,6613.031,6637.336,6667.852,240.0,280.0,276.0,303.0,True,MEDIUM,6.0,True,Williams,6591.225,2026-05-24 20:57:06.699,1,10.0,False,,False,True
6746.785,SAI,55,78.961,37.0,3.0,,,22.23,24.504,32.227,6690.082,6714.586,6746.813,239.0,279.0,271.0,264.0,False,MEDIUM,7.0,True,Williams,6667.824,2026-05-24 20:58:23.298,1,10.0,False,,False,True
6823.302,SAI,55,76.517,38.0,3.0,,,21.921,24.239,30.357,6768.734,6792.973,6823.33,241.0,283.0,274.0,311.0,True,MEDIUM,8.0,True,Williams,6746.785,2026-05-24 20:59:42.259,1,10.0,False,,False,True
6900.066,SAI,55,76.764,39.0,3.0,,,21.746,24.362,30.656,6845.076,6869.438,6900.094,240.0,280.0,269.0,304.0,False,MEDIUM,9.0,True,Williams,6823.302,2026-05-24 21:00:58.776,12,9.0,True,TRACK LIMITS AT TURN 14 LAP 54 ,False,True
6978.488,SAI,55,78.422,40.0,3.0,,,22.271,25.771,30.38,6922.365,6948.136,6978.516,207.0,283.0,279.0,309.0,False,MEDIUM,10.0,True,Williams,6900.066,2026-05-24 21:02:15.540,1,9.0,False,,False,True
7055.14,SAI,55,76.652,41.0,3.0,,,21.674,24.138,30.84,7000.19,7024.328,7055.168,241.0,281.0,278.0,302.0,False,MEDIUM,11.0,True,Williams,6978.488,2026-05-24 21:03:33.962,1,9.0,False,,False,True
7131.972,SAI,55,76.832,42.0,3.0,,,21.698,24.703,30.431,7076.866,7101.569,7132.0,241.0,280.0,278.0,301.0,False,MEDIUM,12.0,True,Williams,7055.14,2026-05-24 21:04:50.614,1,9.0,False,,False,True
7208.375,SAI,55,76.403,43.0,3.0,,,21.632,24.217,30.554,7153.632,7177.849,7208.403,241.0,280.0,281.0,299.0,True,MEDIUM,13.0,True,Williams,7131.972,2026-05-24 21:06:07.446,1,9.0,False,,False,True
7286.876,SAI,55,78.501,44.0,3.0,,,21.541,24.318,32.642,7229.944,7254.262,7286.904,241.0,281.0,271.0,237.0,False,MEDIUM,14.0,True,Williams,7208.375,2026-05-24 21:07:23.849,1,9.0,False,,False,True
7381.777,SAI,55,94.901,45.0,3.0,,,32.618,28.986,33.297,7319.522,7348.508,7381.805,201.0,243.0,304.0,270.0,False,MEDIUM,15.0,True,Williams,7286.876,2026-05-24 21:08:42.350,167,9.0,False,,False,False
7458.244,SAI,55,76.467,46.0,3.0,,,21.528,24.304,30.635,7403.333,7427.637,7458.272,245.0,284.0,267.0,306.0,False,MEDIUM,16.0,True,Williams,7381.777,2026-05-24 21:10:17.251,1,9.0,False,,False,True
7535.228,SAI,55,76.984,47.0,3.0,,,21.835,24.402,30.747,7480.107,7504.509,7535.256,240.0,281.0,262.0,305.0,False,MEDIUM,17.0,True,Williams,7458.244,2026-05-24 21:11:33.718,1,9.0,False,,False,True
7611.542,SAI,55,76.314,48.0,3.0,,,21.768,24.291,30.255,7557.024,7581.315,7611.57,241.0,287.0,281.0,311.0,True,MEDIUM,18.0,True,Williams,7535.228,2026-05-24 21:12:50.702,1,9.0,False,,False,True
7688.051,SAI,55,76.509,49.0,3.0,,,21.714,24.203,30.592,7633.284,7657.487,7688.079,240.0,285.0,276.0,298.0,False,MEDIUM,19.0,True,Williams,7611.542,2026-05-24 21:14:07.016,1,9.0,False,,False,True
7764.364,SAI,55,76.313,50.0,3.0,,,21.66,24.206,30.447,7709.739,7733.945,7764.392,241.0,281.0,277.0,302.0,True,MEDIUM,20.0,True,Williams,7688.051,2026-05-24 21:15:23.525,1,9.0,False,,False,True
7857.021,SAI,55,92.657,51.0,3.0,,,22.478,24.41,45.769,7786.87,7811.28,7857.049,233.0,282.0,237.0,254.0,False,MEDIUM,21.0,True,Williams,7764.364,2026-05-24 21:16:39.838,16,9.0,False,,False,False
7954.997,SAI,55,97.976,52.0,3.0,,,25.324,33.675,38.977,7882.373,7916.048,7955.025,218.0,224.0,260.0,221.0,False,MEDIUM,22.0,True,Williams,7857.021,2026-05-24 21:18:12.495,671,9.0,False,,False,False
8032.759,SAI,55,77.762,53.0,3.0,,,22.637,24.581,30.544,7977.662,8002.243,8032.787,237.0,281.0,279.0,300.0,False,MEDIUM,23.0,True,Williams,7954.997,2026-05-24 21:19:50.471,1,9.0,False,,False,True
8109.523,SAI,55,76.764,54.0,3.0,,,21.734,24.315,30.715,8054.521,8078.836,8109.551,240.0,282.0,270.0,302.0,False,MEDIUM,24.0,True,Williams,8032.759,2026-05-24 21:21:08.233,1,9.0,True,TRACK LIMITS AT TURN 14 LAP 54 ,False,True
8186.377,SAI,55,76.854,55.0,3.0,,,22.162,24.297,30.395,8131.713,8156.01,8186.405,239.0,282.0,284.0,305.0,False,MEDIUM,25.0,True,Williams,8109.523,2026-05-24 21:22:24.997,1,9.0,False,,False,True
8262.468,SAI,55,76.091,56.0,3.0,,,21.648,24.137,30.306,8208.053,8232.19,8262.496,241.0,283.0,287.0,307.0,True,MEDIUM,26.0,True,Williams,8186.377,2026-05-24 21:23:41.851,1,9.0,False,,False,True
8338.787,SAI,55,76.319,57.0,3.0,,,21.726,24.247,30.346,8284.222,8308.469,8338.815,241.0,280.0,278.0,299.0,False,MEDIUM,27.0,True,Williams,8262.468,2026-05-24 21:24:57.942,1,9.0,False,,False,True
8416.031,SAI,55,77.244,58.0,3.0,,,21.608,25.202,30.434,8360.423,8385.625,8416.059,241.0,282.0,277.0,301.0,False,MEDIUM,28.0,True,Williams,8338.787,2026-05-24 21:26:14.261,1,9.0,False,,False,True
8492.362,SAI,55,76.331,59.0,3.0,,,21.754,24.191,30.386,8437.813,8462.004,8492.39,242.0,281.0,277.0,299.0,False,MEDIUM,29.0,True,Williams,8416.031,2026-05-24 21:27:31.505,1,9.0,False,,False,True
8568.396,SAI,55,76.034,60.0,3.0,,,21.573,24.279,30.182,8513.963,8538.242,8568.424,241.0,282.0,280.0,303.0,True,MEDIUM,30.0,True,Williams,8492.362,2026-05-24 21:28:47.836,12,9.0,False,,False,True
8645.836,SAI,55,77.44,61.0,3.0,,,21.602,25.692,30.146,8590.026,8615.718,8645.864,214.0,287.0,279.0,311.0,False,MEDIUM,31.0,True,Williams,8568.396,2026-05-24 21:30:03.870,1,9.0,False,,False,True
8722.333,SAI,55,76.497,62.0,3.0,,,21.681,24.253,30.563,8667.545,8691.798,8722.361,243.0,280.0,272.0,298.0,False,MEDIUM,32.0,True,Williams,8645.836,2026-05-24 21:31:21.310,1,9.0,False,,False,True
8798.706,SAI,55,76.373,63.0,3.0,,,21.691,24.14,30.542,8744.052,8768.192,8798.734,243.0,281.0,275.0,296.0,False,MEDIUM,33.0,True,Williams,8722.333,2026-05-24 21:32:37.807,1,9.0,False,,False,True
8874.594,SAI,55,75.888,64.0,3.0,,,21.51,24.092,30.286,8820.244,8844.336,8874.622,241.0,281.0,280.0,300.0,True,MEDIUM,34.0,True,Williams,8798.706,2026-05-24 21:33:54.180,1,9.0,False,,False,True
8950.446,SAI,55,75.852,65.0,3.0,,,21.595,24.082,30.175,8896.217,8920.299,8950.474,241.0,282.0,280.0,301.0,True,MEDIUM,35.0,True,Williams,8874.594,2026-05-24 21:35:10.068,1,9.0,False,,False,True
9029.856,SAI,55,79.41,66.0,3.0,,,21.594,27.03,30.786,8972.068,8999.098,9029.884,241.0,270.0,280.0,300.0,False,MEDIUM,36.0,True,Williams,8950.446,2026-05-24 21:36:25.920,1,9.0,True,TRACK LIMITS AT TURN 8 LAP 66 ,False,True
9106.316,SAI,55,76.46,67.0,3.0,,,21.798,24.246,30.416,9051.682,9075.928,9106.344,241.0,282.0,286.0,313.0,False,MEDIUM,37.0,True,Williams,9029.856,2026-05-24 21:37:45.330,1,9.0,False,,False,True
3844.101,HAD,6,91.557,1.0,1.0,,,,27.319,32.188,,3812.084,3844.197,226.0,281.0,281.0,318.0,False,SOFT,5.0,False,Red Bull Racing,3752.281,2026-05-24 20:09:47.755,1,7.0,False,,False,False
3924.777,HAD,6,80.676,2.0,1.0,,,23.667,25.815,31.194,3867.828,3893.643,3924.837,237.0,280.0,282.0,316.0,True,SOFT,6.0,False,Red Bull Racing,3844.101,2026-05-24 20:11:19.575,1,6.0,False,,False,True
4004.058,HAD,6,79.281,3.0,1.0,,,22.96,25.381,30.94,3947.797,3973.178,4004.118,237.0,279.0,284.0,315.0,True,SOFT,7.0,False,Red Bull Racing,3924.777,2026-05-24 20:12:40.251,1,6.0,False,,False,True
4083.018,HAD,6,78.96,4.0,1.0,,,22.529,25.291,31.14,4026.647,4051.938,4083.078,239.0,278.0,286.0,315.0,False,SOFT,8.0,False,Red Bull Racing,4004.058,2026-05-24 20:13:59.532,1,6.0,True,TRACK LIMITS AT TURN 14 LAP 4 ,False,True
4160.931,HAD,6,77.913,5.0,1.0,,,22.373,24.933,30.607,4105.451,4130.384,4160.991,241.0,279.0,286.0,314.0,True,SOFT,9.0,False,Red Bull Racing,4083.018,2026-05-24 20:15:18.492,1,6.0,False,,False,True
4238.769,HAD,6,77.838,6.0,1.0,,,22.021,24.849,30.968,4183.012,4207.861,4238.829,239.0,277.0,283.0,310.0,True,SOFT,10.0,False,Red Bull Racing,4160.931,2026-05-24 20:16:36.405,1,6.0,False,,False,True
4315.933,HAD,6,77.164,7.0,1.0,,,21.867,24.642,30.655,4260.696,4285.338,4315.993,241.0,278.0,286.0,310.0,True,SOFT,11.0,False,Red Bull Racing,4238.769,2026-05-24 20:17:54.243,1,6.0,False,,False,True
4392.815,HAD,6,76.882,8.0,1.0,,,21.828,24.586,30.468,4337.821,4362.407,4392.875,240.0,279.0,282.0,311.0,True,SOFT,12.0,False,Red Bull Racing,4315.933,2026-05-24 20:19:11.407,1,6.0,False,,False,True
4469.713,HAD,6,76.898,9.0,1.0,,,21.747,24.765,30.386,4414.622,4439.387,4469.773,240.0,276.0,284.0,311.0,False,SOFT,13.0,False,Red Bull Racing,4392.815,2026-05-24 20:20:28.289,1,6.0,False,,False,True
4546.075,HAD,6,76.362,10.0,1.0,,,21.626,24.545,30.191,4491.399,4515.944,4546.135,241.0,277.0,283.0,311.0,True,SOFT,14.0,False,Red Bull Racing,4469.713,2026-05-24 20:21:45.187,1,6.0,False,,False,True
4622.297,HAD,6,76.222,11.0,1.0,,,21.608,24.413,30.201,4567.743,4592.156,4622.357,239.0,277.0,284.0,311.0,True,SOFT,15.0,False,Red Bull Racing,4546.075,2026-05-24 20:23:01.549,1,6.0,False,,False,True
4698.959,HAD,6,76.662,12.0,1.0,,,21.784,24.402,30.476,4644.141,4668.543,4699.019,239.0,278.0,284.0,309.0,False,SOFT,16.0,False,Red Bull Racing,4622.297,2026-05-24 20:24:17.771,1,6.0,False,,False,True
4776.019,HAD,6,77.06,13.0,1.0,,,21.7,24.614,30.746,4720.719,4745.333,4776.079,241.0,277.0,283.0,309.0,False,SOFT,17.0,False,Red Bull Racing,4698.959,2026-05-24 20:25:34.433,12,6.0,False,,False,True
4853.485,HAD,6,77.466,14.0,1.0,,,21.744,24.576,31.146,4797.823,4822.399,4853.545,241.0,267.0,286.0,321.0,False,SOFT,18.0,False,Red Bull Racing,4776.019,2026-05-24 20:26:51.493,21,6.0,False,,False,True
4930.326,HAD,6,76.841,15.0,1.0,,,21.983,24.605,30.253,4875.528,4900.133,4930.386,242.0,281.0,287.0,321.0,False,SOFT,19.0,False,Red Bull Racing,4853.485,2026-05-24 20:28:08.959,1,6.0,False,,False,True
5006.863,HAD,6,76.537,16.0,1.0,,,21.843,24.494,30.2,4952.229,4976.723,5006.923,242.0,283.0,289.0,320.0,False,SOFT,20.0,False,Red Bull Racing,4930.326,2026-05-24 20:29:25.800,1,6.0,False,,False,True
5083.362,HAD,6,76.499,17.0,1.0,,,21.823,24.473,30.203,5028.746,5053.219,5083.422,243.0,284.0,289.0,324.0,False,SOFT,21.0,False,Red Bull Racing,5006.863,2026-05-24 20:30:42.337,1,6.0,False,,False,True
5160.094,HAD,6,76.732,18.0,1.0,,,21.915,24.338,30.479,5105.337,5129.675,5160.154,242.0,284.0,288.0,322.0,False,SOFT,22.0,False,Red Bull Racing,5083.362,2026-05-24 20:31:58.836,1,6.0,False,,False,True
5236.569,HAD,6,76.475,19.0,1.0,,,21.83,24.441,30.204,5181.984,5206.425,5236.629,244.0,282.0,285.0,321.0,False,SOFT,23.0,False,Red Bull Racing,5160.094,2026-05-24 20:33:15.568,12,6.0,False,,False,True
5313.084,HAD,6,76.515,20.0,1.0,,,21.722,24.358,30.435,5258.351,5282.709,5313.144,243.0,283.0,292.0,320.0,False,SOFT,24.0,False,Red Bull Racing,5236.569,2026-05-24 20:34:32.043,1,6.0,False,,False,True
5389.366,HAD,6,76.282,21.0,1.0,,,21.626,24.383,30.273,5334.77,5359.153,5389.426,243.0,279.0,284.0,316.0,False,SOFT,25.0,False,Red Bull Racing,5313.084,2026-05-24 20:35:48.558,1,6.0,False,,False,True
5465.688,HAD,6,76.322,22.0,1.0,,,21.724,24.423,30.175,5411.15,5435.573,5465.748,243.0,280.0,288.0,317.0,False,SOFT,26.0,False,Red Bull Racing,5389.366,2026-05-24 20:37:04.840,1,6.0,False,,False,True
5541.864,HAD,6,76.176,23.0,1.0,,,21.649,24.333,30.194,5487.397,5511.73,5541.924,241.0,281.0,286.0,316.0,True,SOFT,27.0,False,Red Bull Racing,5465.688,2026-05-24 20:38:21.162,1,6.0,False,,False,True
5618.291,HAD,6,76.427,24.0,1.0,,,21.752,24.42,30.255,5563.676,5588.096,5618.351,241.0,280.0,284.0,317.0,False,SOFT,28.0,False,Red Bull Racing,5541.864,2026-05-24 20:39:37.338,1,6.0,False,,False,True
5694.851,HAD,6,76.56,25.0,1.0,,,21.718,24.365,30.477,5640.069,5664.434,5694.911,240.0,280.0,282.0,313.0,False,SOFT,29.0,False,Red Bull Racing,5618.291,2026-05-24 20:40:53.765,1,6.0,False,,False,True
5771.004,HAD,6,76.153,26.0,1.0,,,21.734,24.377,30.042,5716.645,5741.022,5771.064,242.0,283.0,285.0,312.0,True,SOFT,30.0,False,Red Bull Racing,5694.851,2026-05-24 20:42:10.325,1,6.0,False,,False,True
5847.322,HAD,6,76.318,27.0,1.0,,,21.62,24.454,30.244,5792.684,5817.138,5847.382,241.0,281.0,283.0,311.0,False,SOFT,31.0,False,Red Bull Racing,5771.004,2026-05-24 20:43:26.478,1,6.0,False,,False,True
5923.951,HAD,6,76.629,28.0,1.0,,,21.742,24.504,30.383,5869.124,5893.628,5924.011,240.0,278.0,283.0,306.0,False,SOFT,32.0,False,Red Bull Racing,5847.322,2026-05-24 20:44:42.796,1,6.0,False,,False,True
6001.044,HAD,6,77.093,29.0,1.0,,,22.013,24.628,30.452,5946.024,5970.652,6001.104,239.0,279.0,281.0,305.0,False,SOFT,33.0,False,Red Bull Racing,5923.951,2026-05-24 20:45:59.425,1,6.0,False,,False,True
6083.362,HAD,6,82.318,30.0,1.0,,,21.816,24.449,36.053,6022.92,6047.369,6083.422,240.0,277.0,189.0,310.0,False,SOFT,34.0,False,Red Bull Racing,6001.044,2026-05-24 20:47:16.518,126,5.0,False,,False,False
6200.88,HAD,6,117.518,31.0,1.0,,6177.689,26.876,35.326,55.316,6110.298,6145.624,6200.94,197.0,200.0,,191.0,False,SOFT,35.0,False,Red Bull Racing,6083.362,2026-05-24 20:48:38.836,6,4.0,False,,False,False
6297.262,HAD,6,96.382,32.0,2.0,6202.424,,31.26,32.702,32.42,6232.2,6264.902,6297.322,212.0,234.0,279.0,323.0,False,MEDIUM,1.0,True,Red Bull Racing,6200.88,2026-05-24 20:50:36.354,671,4.0,False,,False,False
6375.956,HAD,6,78.694,33.0,2.0,,,22.687,25.151,30.856,6320.009,6345.16,6376.016,238.0,280.0,283.0,308.0,False,MEDIUM,2.0,True,Red Bull Racing,6297.262,2026-05-24 20:52:12.736,1,4.0,False,,False,True
6453.306,HAD,6,77.35,34.0,2.0,,,21.957,24.673,30.72,6397.973,6422.646,6453.366,241.0,277.0,285.0,305.0,False,MEDIUM,3.0,True,Red Bull Racing,6375.956,2026-05-24 20:53:31.430,1,4.0,False,,False,True
6529.788,HAD,6,76.482,35.0,2.0,,,21.716,24.316,30.45,6475.082,6499.398,6529.848,240.0,281.0,279.0,301.0,False,MEDIUM,4.0,True,Red Bull Racing,6453.306,2026-05-24 20:54:48.780,1,4.0,False,,False,True
6605.814,HAD,6,76.026,36.0,2.0,,,21.763,24.131,30.132,6551.611,6575.742,6605.874,242.0,278.0,285.0,305.0,True,MEDIUM,5.0,True,Red Bull Racing,6529.788,2026-05-24 20:56:05.262,1,4.0,False,,False,True
6681.273,HAD,6,75.459,37.0,2.0,,,21.544,24.174,29.741,6627.418,6651.592,6681.333,240.0,283.0,289.0,316.0,True,MEDIUM,6.0,True,Red Bull Racing,6605.814,2026-05-24 20:57:21.288,1,4.0,False,,False,True
6756.685,HAD,6,75.412,38.0,2.0,,,21.441,23.94,30.031,6702.774,6726.714,6756.745,243.0,281.0,278.0,310.0,True,MEDIUM,7.0,True,Red Bull Racing,6681.273,2026-05-24 20:58:36.747,1,4.0,False,,False,True
6833.197,HAD,6,76.512,39.0,2.0,,,21.74,24.178,30.594,6778.485,6802.663,6833.257,242.0,276.0,292.0,308.0,False,MEDIUM,8.0,True,Red Bull Racing,6756.685,2026-05-24 20:59:52.159,1,5.0,False,,False,True
6909.445,HAD,6,76.248,40.0,2.0,,,21.83,24.236,30.182,6855.087,6879.323,6909.505,245.0,283.0,291.0,319.0,False,MEDIUM,9.0,True,Red Bull Racing,6833.197,2026-05-24 21:01:08.671,12,5.0,False,,False,True
6985.06,HAD,6,75.615,41.0,2.0,,,21.585,24.138,29.892,6931.09,6955.228,6985.12,243.0,283.0,285.0,315.0,False,MEDIUM,10.0,True,Red Bull Racing,6909.445,2026-05-24 21:02:24.919,1,5.0,False,,False,True
7060.841,HAD,6,75.781,42.0,2.0,,,21.787,24.213,29.781,7006.907,7031.12,7060.901,244.0,283.0,287.0,312.0,False,MEDIUM,11.0,True,Red Bull Racing,6985.06,2026-05-24 21:03:40.534,1,5.0,False,,False,True
7136.304,HAD,6,75.463,43.0,2.0,,,21.556,23.98,29.927,7082.457,7106.437,7136.364,243.0,281.0,285.0,314.0,False,MEDIUM,12.0,True,Red Bull Racing,7060.841,2026-05-24 21:04:56.315,1,5.0,False,,False,True
7212.053,HAD,6,75.749,44.0,2.0,,,21.544,24.143,30.062,7157.908,7182.051,7212.113,243.0,281.0,286.0,311.0,False,MEDIUM,13.0,True,Red Bull Racing,7136.304,2026-05-24 21:06:11.778,1,5.0,False,,False,True
7287.414,HAD,6,75.361,45.0,2.0,,,21.388,24.007,29.966,7233.501,7257.508,7287.474,243.0,283.0,294.0,310.0,True,MEDIUM,14.0,True,Red Bull Racing,7212.053,2026-05-24 21:07:27.527,1,5.0,False,,False,True
7378.514,HAD,6,91.1,46.0,2.0,,,30.424,29.529,31.147,7317.898,7347.427,7378.574,199.0,234.0,292.0,326.0,False,MEDIUM,15.0,True,Red Bull Racing,7287.414,2026-05-24 21:08:42.888,167,5.0,False,,False,False
7455.402,HAD,6,76.888,47.0,2.0,,,21.605,25.005,30.278,7400.179,7425.184,7455.462,243.0,279.0,282.0,303.0,False,MEDIUM,16.0,True,Red Bull Racing,7378.514,2026-05-24 21:10:13.988,1,5.0,False,,False,True
7530.977,HAD,6,75.575,48.0,2.0,,,21.604,24.178,29.793,7477.066,7501.244,7531.037,242.0,280.0,287.0,314.0,False,MEDIUM,17.0,True,Red Bull Racing,7455.402,2026-05-24 21:11:30.876,1,5.0,False,,False,True
7606.65,HAD,6,75.673,49.0,2.0,,,21.5,24.035,30.138,7552.537,7576.572,7606.71,244.0,279.0,285.0,305.0,False,MEDIUM,18.0,True,Red Bull Racing,7530.977,2026-05-24 21:12:46.451,1,5.0,False,,False,True
7682.216,HAD,6,75.566,50.0,2.0,,,21.596,24.05,29.92,7628.306,7652.356,7682.276,242.0,280.0,283.0,306.0,False,MEDIUM,19.0,True,Red Bull Racing,7606.65,2026-05-24 21:14:02.124,1,5.0,False,,False,True
7757.727,HAD,6,75.511,51.0,2.0,,,21.42,24.166,29.925,7703.696,7727.862,7757.787,244.0,282.0,288.0,313.0,False,MEDIUM,20.0,True,Red Bull Racing,7682.216,2026-05-24 21:15:17.690,1,5.0,False,,False,True
7868.036,HAD,6,110.309,52.0,2.0,,7834.905,21.445,23.974,64.89,7779.232,7803.206,7868.096,246.0,286.0,,233.0,False,MEDIUM,21.0,True,Red Bull Racing,7757.727,2026-05-24 21:16:33.201,16,5.0,False,,False,False
7965.717,HAD,6,97.681,53.0,3.0,7869.61,,28.819,33.114,35.748,7896.915,7930.029,7965.777,207.0,226.0,299.0,284.0,False,SOFT,5.0,False,Red Bull Racing,7868.036,2026-05-24 21:18:23.510,671,5.0,False,,False,False
8043.341,HAD,6,77.624,54.0,3.0,,,22.422,24.742,30.46,7988.199,8012.941,8043.401,242.0,282.0,284.0,308.0,False,SOFT,6.0,False,Red Bull Racing,7965.717,2026-05-24 21:20:01.191,1,5.0,False,,False,True
8119.336,HAD,6,75.995,55.0,3.0,,,21.816,24.285,29.894,8065.217,8089.502,8119.396,242.0,282.0,287.0,310.0,False,SOFT,7.0,False,Red Bull Racing,8043.341,2026-05-24 21:21:18.815,1,5.0,False,,False,True
8194.499,HAD,6,75.163,56.0,3.0,,,21.414,24.022,29.727,8140.81,8164.832,8194.559,244.0,282.0,289.0,315.0,True,SOFT,8.0,False,Red Bull Racing,8119.336,2026-05-24 21:22:34.810,1,5.0,False,,False,True
8269.509,HAD,6,75.01,57.0,3.0,,,21.392,24.015,29.603,8215.951,8239.966,8269.569,245.0,280.0,282.0,310.0,True,SOFT,9.0,False,Red Bull Racing,8194.499,2026-05-24 21:23:49.973,1,5.0,False,,False,True
8344.267,HAD,6,74.758,58.0,3.0,,,21.275,23.858,29.625,8290.844,8314.702,8344.327,244.0,284.0,290.0,312.0,True,SOFT,10.0,False,Red Bull Racing,8269.509,2026-05-24 21:25:04.983,1,5.0,False,,False,True
8419.522,HAD,6,75.255,59.0,3.0,,,21.291,24.077,29.887,8365.618,8389.695,8419.582,245.0,283.0,285.0,304.0,False,SOFT,11.0,False,Red Bull Racing,8344.267,2026-05-24 21:26:19.741,1,5.0,False,,False,True
8494.53,HAD,6,75.008,60.0,3.0,,,21.25,23.867,29.891,8440.832,8464.699,8494.59,245.0,282.0,284.0,309.0,False,SOFT,12.0,False,Red Bull Racing,8419.522,2026-05-24 21:27:34.996,1,5.0,False,,False,True
8569.579,HAD,6,75.049,61.0,3.0,,,21.33,24.069,29.65,8515.92,8539.989,8569.639,243.0,282.0,284.0,314.0,False,SOFT,13.0,False,Red Bull Racing,8494.53,2026-05-24 21:28:50.004,12,5.0,False,,False,True
8672.575,HAD,6,102.996,62.0,3.0,,8639.361,21.276,24.117,57.603,8590.915,8615.032,8672.635,245.0,278.0,,300.0,False,SOFT,14.0,False,Red Bull Racing,8569.579,2026-05-24 21:30:05.053,1,5.0,False,,False,False
8752.118,HAD,6,79.543,63.0,4.0,8674.208,,24.872,24.676,29.995,8697.507,8722.183,8752.178,245.0,286.0,285.0,326.0,False,SOFT,15.0,False,Red Bull Racing,8672.575,2026-05-24 21:31:48.049,1,5.0,False,,False,False
8827.517,HAD,6,75.399,64.0,4.0,,,21.476,23.993,29.93,8773.654,8797.647,8827.577,246.0,284.0,287.0,311.0,False,SOFT,16.0,False,Red Bull Racing,8752.118,2026-05-24 21:33:07.592,1,5.0,False,,False,True
8902.527,HAD,6,75.01,65.0,4.0,,,21.381,23.928,29.701,8848.958,8872.886,8902.587,244.0,283.0,287.0,310.0,False,SOFT,17.0,False,Red Bull Racing,8827.517,2026-05-24 21:34:22.991,1,5.0,False,,False,True
8978.757,HAD,6,76.23,66.0,4.0,,,21.347,24.446,30.437,8923.934,8948.38,8978.817,245.0,280.0,286.0,305.0,False,SOFT,18.0,False,Red Bull Racing,8902.527,2026-05-24 21:35:38.001,1,5.0,False,,False,True
9053.335,HAD,6,74.578,67.0,4.0,,,21.18,23.82,29.578,8999.997,9023.817,9053.395,244.0,281.0,284.0,311.0,True,SOFT,19.0,False,Red Bull Racing,8978.757,2026-05-24 21:36:54.231,1,5.0,False,,False,True
3840.509,RUS,63,87.965,1.0,1.0,,,,26.419,31.635,,3809.106,3840.697,234.0,285.0,283.0,315.0,False,SOFT,4.0,False,Mercedes,3752.281,2026-05-24 20:09:47.755,1,3.0,False,,False,False
3921.434,RUS,63,80.925,2.0,1.0,,,23.553,25.496,31.876,3864.084,3889.58,3921.456,239.0,286.0,289.0,318.0,True,SOFT,5.0,False,Mercedes,3840.509,2026-05-24 20:11:15.983,1,2.0,False,,False,True
4000.854,RUS,63,79.42,3.0,1.0,,,23.408,25.005,31.007,3944.864,3969.869,4000.876,232.0,278.0,283.0,313.0,True,SOFT,6.0,False,Mercedes,3921.434,2026-05-24 20:12:36.908,1,2.0,False,,False,True
4078.799,RUS,63,77.945,4.0,1.0,,,22.525,24.756,30.664,4023.401,4048.157,4078.821,235.0,282.0,276.0,315.0,True,SOFT,7.0,False,Mercedes,4000.854,2026-05-24 20:13:56.328,1,2.0,False,,False,True
4155.833,RUS,63,77.034,5.0,1.0,,,22.186,24.48,30.368,4101.007,4125.487,4155.855,238.0,282.0,280.0,319.0,True,SOFT,8.0,False,Mercedes,4078.799,2026-05-24 20:15:14.273,1,2.0,False,,False,True
4232.198,RUS,63,76.365,6.0,1.0,,,22.024,24.19,30.151,4177.879,4202.069,4232.22,238.0,285.0,285.0,333.0,True,SOFT,9.0,False,Mercedes,4155.833,2026-05-24 20:16:31.307,1,1.0,False,,False,True
4308.782,RUS,63,76.584,7.0,1.0,,,21.738,24.313,30.533,4253.958,4278.271,4308.804,236.0,274.0,271.0,308.0,False,SOFT,10.0,False,Mercedes,4232.198,2026-05-24 20:17:47.672,1,1.0,False,,False,True
4384.887,RUS,63,76.105,8.0,1.0,,,21.85,24.177,30.078,4330.654,4354.831,4384.909,236.0,275.0,271.0,309.0,True,SOFT,11.0,False,Mercedes,4308.782,2026-05-24 20:19:04.256,1,1.0,False,,False,True
4460.683,RUS,63,75.796,9.0,1.0,,,21.751,24.142,29.903,4406.66,4430.802,4460.705,236.0,276.0,273.0,312.0,True,SOFT,12.0,False,Mercedes,4384.887,2026-05-24 20:20:20.361,1,1.0,False,,False,True
4536.461,RUS,63,75.778,10.0,1.0,,,21.668,24.109,30.001,4482.373,4506.482,4536.483,237.0,279.0,271.0,309.0,True,SOFT,13.0,False,Mercedes,4460.683,2026-05-24 20:21:36.157,1,1.0,False,,False,True
4612.033,RUS,63,75.572,11.0,1.0,,,21.485,24.034,30.053,4557.968,4582.002,4612.055,238.0,275.0,271.0,308.0,True,SOFT,14.0,False,Mercedes,4536.461,2026-05-24 20:22:51.935,1,1.0,False,,False,True
4688.837,RUS,63,76.804,12.0,1.0,,,21.483,23.953,31.368,4633.538,4657.491,4688.859,238.0,275.0,275.0,316.0,False,SOFT,15.0,False,Mercedes,4612.033,2026-05-24 20:24:07.507,1,1.0,True,TRACK LIMITS AT TURN 10 LAP 12 ,False,True
4766.178,RUS,63,77.341,13.0,1.0,,,22.74,24.186,30.415,4711.599,4735.785,4766.2,234.0,277.0,274.0,310.0,False,SOFT,16.0,False,Mercedes,4688.837,2026-05-24 20:25:24.311,12,1.0,False,,False,True
4842.37,RUS,63,76.192,14.0,1.0,,,21.668,24.059,30.465,4787.868,4811.927,4842.392,238.0,278.0,272.0,316.0,False,SOFT,17.0,False,Mercedes,4766.178,2026-05-24 20:26:41.652,21,1.0,False,,False,True
4918.161,RUS,63,75.791,15.0,1.0,,,21.56,24.016,30.215,4863.952,4887.968,4918.183,238.0,280.0,284.0,308.0,False,SOFT,18.0,False,Mercedes,4842.37,2026-05-24 20:27:57.844,1,1.0,False,,False,True
4993.638,RUS,63,75.477,16.0,1.0,,,21.517,24.073,29.887,4939.7,4963.773,4993.66,238.0,279.0,276.0,316.0,True,SOFT,19.0,False,Mercedes,4918.161,2026-05-24 20:29:13.635,1,1.0,False,,False,True
5070.183,RUS,63,76.545,17.0,1.0,,,21.635,24.186,30.724,5015.295,5039.481,5070.205,237.0,278.0,272.0,313.0,False,SOFT,20.0,False,Mercedes,4993.638,2026-05-24 20:30:29.112,1,1.0,False,,False,True
5145.918,RUS,63,75.735,18.0,1.0,,,21.648,24.069,30.018,5091.853,5115.922,5145.94,237.0,277.0,275.0,314.0,False,SOFT,21.0,False,Mercedes,5070.183,2026-05-24 20:31:45.657,1,1.0,False,,False,True
5221.494,RUS,63,75.576,19.0,1.0,,,21.608,24.092,29.876,5167.548,5191.64,5221.516,238.0,281.0,275.0,320.0,False,SOFT,22.0,False,Mercedes,5145.918,2026-05-24 20:33:01.392,12,1.0,False,,False,True
5297.032,RUS,63,75.538,20.0,1.0,,,21.611,24.033,29.894,5243.127,5267.16,5297.054,238.0,278.0,277.0,315.0,False,SOFT,23.0,False,Mercedes,5221.494,2026-05-24 20:34:16.968,1,1.0,False,,False,True
5372.791,RUS,63,75.759,21.0,1.0,,,21.545,23.998,30.216,5318.599,5342.597,5372.813,237.0,280.0,276.0,316.0,False,SOFT,24.0,False,Mercedes,5297.032,2026-05-24 20:35:32.506,1,1.0,False,,False,True
5449.448,RUS,63,76.657,22.0,1.0,,,21.784,24.096,30.777,5394.597,5418.693,5449.47,238.0,282.0,282.0,312.0,False,SOFT,25.0,False,Mercedes,5372.791,2026-05-24 20:36:48.265,1,2.0,False,,False,True
5525.325,RUS,63,75.877,23.0,1.0,,,22.019,24.131,29.727,5471.489,5495.62,5525.347,237.0,283.0,279.0,335.0,False,SOFT,26.0,False,Mercedes,5449.448,2026-05-24 20:38:04.922,1,2.0,False,,False,True
5602.153,RUS,63,76.828,24.0,1.0,,,21.603,24.084,31.141,5546.95,5571.034,5602.175,238.0,282.0,276.0,318.0,False,SOFT,27.0,False,Mercedes,5525.325,2026-05-24 20:39:20.799,1,2.0,True,TRACK LIMITS AT TURN 14 LAP 24 ,False,True
5679.191,RUS,63,77.038,25.0,1.0,,,22.08,24.356,30.602,5624.255,5648.611,5679.213,237.0,278.0,274.0,324.0,False,SOFT,28.0,False,Mercedes,5602.153,2026-05-24 20:40:37.627,1,1.0,False,,False,True
5755.512,RUS,63,76.321,26.0,1.0,,,21.786,24.397,30.138,5700.999,5725.396,5755.534,236.0,276.0,271.0,310.0,False,SOFT,29.0,False,Mercedes,5679.191,2026-05-24 20:41:54.665,1,1.0,False,,False,True
5831.785,RUS,63,76.273,27.0,1.0,,,21.774,24.276,30.223,5777.308,5801.584,5831.807,237.0,278.0,273.0,311.0,False,SOFT,30.0,False,Mercedes,5755.512,2026-05-24 20:43:10.986,1,1.0,False,,False,True
5908.057,RUS,63,76.272,28.0,1.0,,,21.916,24.208,30.148,5853.723,5877.931,5908.079,238.0,279.0,270.0,311.0,False,SOFT,31.0,False,Mercedes,5831.785,2026-05-24 20:44:27.259,1,1.0,False,,False,True
5983.598,RUS,63,75.541,29.0,1.0,,,21.577,24.039,29.925,5929.656,5953.695,5983.62,238.0,281.0,279.0,316.0,False,SOFT,32.0,False,Mercedes,5908.057,2026-05-24 20:45:43.531,1,1.0,False,,False,True
6133.598,RUS,63,,30.0,1.0,,,,,,,,,,,,,,SOFT,33.0,False,Mercedes,5983.598,2026-05-24 20:46:59.072,126,,False,,True,False
3851.275,BOT,77,98.731,1.0,1.0,,,,29.157,33.988,,3817.364,3851.338,200.0,279.0,277.0,321.0,False,INTERMEDIATE,1.0,True,Cadillac,3752.281,2026-05-24 20:09:47.755,1,18.0,False,,False,False
3938.952,BOT,77,87.677,2.0,1.0,,,25.636,28.413,33.628,3876.929,3905.342,3938.97,206.0,274.0,271.0,314.0,True,INTERMEDIATE,2.0,True,Cadillac,3851.275,2026-05-24 20:11:26.749,1,15.0,False,,False,True
4046.756,BOT,77,107.804,3.0,1.0,,4020.092,25.338,28.634,53.832,3964.308,3992.942,4046.774,214.0,260.0,,302.0,False,INTERMEDIATE,3.0,True,Cadillac,3938.952,2026-05-24 20:12:54.426,1,21.0,False,,False,False
4133.55,BOT,77,86.794,4.0,2.0,4048.382,,27.036,27.229,32.529,4073.81,4101.039,4133.568,205.0,266.0,277.0,296.0,False,SOFT,1.0,True,Cadillac,4046.756,2026-05-24 20:14:42.230,1,21.0,False,,False,False
4215.788,BOT,77,82.238,5.0,2.0,,,23.896,26.332,32.01,4157.464,4183.796,4215.806,225.0,259.0,276.0,295.0,True,SOFT,2.0,True,Cadillac,4133.55,2026-05-24 20:16:09.024,1,21.0,False,,False,True
4296.828,BOT,77,81.04,6.0,2.0,,,23.305,25.93,31.805,4239.111,4265.041,4296.846,225.0,261.0,267.0,288.0,True,SOFT,3.0,True,Cadillac,4215.788,2026-05-24 20:17:31.262,1,21.0,False,,False,True
4377.117,BOT,77,80.289,7.0,2.0,,,22.891,25.792,31.606,4319.737,4345.529,4377.135,226.0,263.0,264.0,290.0,True,SOFT,4.0,True,Cadillac,4296.828,2026-05-24 20:18:52.302,1,21.0,False,,False,True
4457.042,BOT,77,79.925,8.0,2.0,,,22.908,25.682,31.335,4400.043,4425.725,4457.06,228.0,265.0,267.0,291.0,True,SOFT,5.0,True,Cadillac,4377.117,2026-05-24 20:20:12.591,1,21.0,False,,False,True
4556.481,BOT,77,99.439,9.0,2.0,,4533.182,22.925,25.656,50.858,4479.985,4505.641,4556.499,225.0,263.0,,304.0,False,SOFT,6.0,True,Cadillac,4457.042,2026-05-24 20:21:32.516,1,21.0,False,,False,False
4642.511,BOT,77,86.03,10.0,3.0,4558.036,,26.794,27.522,31.714,4583.293,4610.815,4642.529,223.0,273.0,279.0,295.0,False,MEDIUM,1.0,True,Cadillac,4556.481,2026-05-24 20:23:11.955,1,21.0,False,,False,False
4722.428,BOT,77,79.917,11.0,3.0,,,23.015,25.481,31.421,4665.544,4691.025,4722.446,226.0,269.0,271.0,296.0,True,MEDIUM,2.0,True,Cadillac,4642.511,2026-05-24 20:24:37.985,12,21.0,False,,False,True
4804.666,BOT,77,82.238,12.0,3.0,,,23.183,26.944,32.111,4745.629,4772.573,4804.684,227.0,260.0,269.0,300.0,False,MEDIUM,3.0,True,Cadillac,4722.428,2026-05-24 20:25:57.902,2,20.0,False,,False,True
4887.409,BOT,77,82.743,13.0,3.0,,,23.021,28.425,31.297,4827.705,4856.13,4887.427,226.0,272.0,273.0,303.0,False,MEDIUM,4.0,True,Cadillac,4804.666,2026-05-24 20:27:20.140,21,20.0,False,,False,True
4966.77,BOT,77,79.361,14.0,3.0,,,22.671,25.366,31.324,4910.098,4935.464,4966.788,230.0,269.0,270.0,297.0,True,MEDIUM,5.0,True,Cadillac,4887.409,2026-05-24 20:28:42.883,1,20.0,False,,False,True
5045.995,BOT,77,79.225,15.0,3.0,,,22.804,25.218,31.203,4989.592,5014.81,5046.013,227.0,270.0,270.0,295.0,True,MEDIUM,6.0,True,Cadillac,4966.77,2026-05-24 20:30:02.244,1,20.0,False,,False,True
5125.527,BOT,77,79.532,16.0,3.0,,,22.686,25.428,31.418,5068.699,5094.127,5125.545,229.0,265.0,267.0,291.0,False,MEDIUM,7.0,True,Cadillac,5045.995,2026-05-24 20:31:21.469,1,20.0,False,,False,True
5207.37,BOT,77,81.843,17.0,3.0,,,22.732,25.362,33.749,5148.277,5173.639,5207.388,228.0,268.0,264.0,290.0,False,MEDIUM,8.0,True,Cadillac,5125.527,2026-05-24 20:32:41.001,12,20.0,True,TRACK LIMITS AT TURN 10 LAP 17 ,False,True
5288.475,BOT,77,81.105,18.0,3.0,,,24.452,25.455,31.198,5231.84,5257.295,5288.493,229.0,271.0,278.0,297.0,False,MEDIUM,9.0,True,Cadillac,5207.37,2026-05-24 20:34:02.844,1,20.0,False,,False,True
5368.166,BOT,77,79.691,19.0,3.0,,,22.737,25.543,31.411,5311.23,5336.773,5368.184,227.0,268.0,269.0,292.0,False,MEDIUM,10.0,True,Cadillac,5288.475,2026-05-24 20:35:23.949,1,20.0,False,,False,True
5450.719,BOT,77,82.553,20.0,3.0,,,23.029,26.442,33.082,5391.213,5417.655,5450.737,227.0,268.0,272.0,246.0,False,MEDIUM,11.0,True,Cadillac,5368.166,2026-05-24 20:36:43.640,1,20.0,False,,False,True
5530.209,BOT,77,79.49,21.0,3.0,,,22.842,25.406,31.242,5473.579,5498.985,5530.227,228.0,269.0,272.0,297.0,False,MEDIUM,12.0,True,Cadillac,5450.719,2026-05-24 20:38:06.193,1,20.0,False,,False,True
5611.173,BOT,77,80.964,22.0,3.0,,,22.918,26.683,31.363,5553.145,5579.828,5611.191,227.0,271.0,271.0,304.0,False,MEDIUM,13.0,True,Cadillac,5530.209,2026-05-24 20:39:25.683,1,20.0,False,,False,True
5691.645,BOT,77,80.472,23.0,3.0,,,22.883,25.76,31.829,5634.074,5659.834,5691.663,229.0,267.0,273.0,306.0,False,MEDIUM,14.0,True,Cadillac,5611.173,2026-05-24 20:40:46.647,1,20.0,False,,False,True
5773.492,BOT,77,81.847,24.0,3.0,,,23.765,26.607,31.475,5715.428,5742.035,5773.51,219.0,275.0,236.0,321.0,False,MEDIUM,15.0,True,Cadillac,5691.645,2026-05-24 20:42:07.119,1,20.0,False,,False,True
5854.065,BOT,77,80.573,25.0,3.0,,,23.647,25.548,31.378,5797.157,5822.705,5854.083,227.0,270.0,267.0,295.0,False,MEDIUM,16.0,True,Cadillac,5773.492,2026-05-24 20:43:28.966,1,19.0,False,,False,True
5933.523,BOT,77,79.458,26.0,3.0,,,22.807,25.454,31.197,5876.89,5902.344,5933.541,228.0,268.0,268.0,290.0,False,MEDIUM,17.0,True,Cadillac,5854.065,2026-05-24 20:44:49.539,1,19.0,False,,False,True
6012.859,BOT,77,79.336,27.0,3.0,,,22.748,25.318,31.27,5956.289,5981.607,6012.877,227.0,266.0,268.0,289.0,False,MEDIUM,18.0,True,Cadillac,5933.523,2026-05-24 20:46:08.997,1,19.0,False,,False,True
6103.287,BOT,77,90.428,28.0,3.0,,,22.662,26.89,40.876,6035.539,6062.429,6103.305,230.0,258.0,218.0,196.0,False,MEDIUM,19.0,True,Cadillac,6012.859,2026-05-24 20:47:28.333,126,19.0,False,,False,False
6225.063,BOT,77,121.776,29.0,3.0,,6202.299,30.137,38.409,53.23,6133.442,6171.851,6225.081,190.0,188.0,,262.0,False,MEDIUM,20.0,True,Cadillac,6103.287,2026-05-24 20:48:58.761,6,19.0,False,,False,False
6314.446,BOT,77,89.383,30.0,4.0,6226.692,,27.389,29.748,32.246,6252.47,6282.218,6314.464,206.0,274.0,278.0,296.0,False,SOFT,1.0,True,Cadillac,6225.063,2026-05-24 20:51:00.537,671,18.0,False,,False,False
6395.593,BOT,77,81.147,31.0,4.0,,,23.657,25.908,31.582,6338.121,6364.029,6395.611,228.0,267.0,273.0,298.0,False,SOFT,2.0,True,Cadillac,6314.446,2026-05-24 20:52:29.920,1,18.0,False,,False,True
6475.56,BOT,77,79.967,32.0,4.0,,,23.12,25.59,31.257,6418.731,6444.321,6475.578,227.0,269.0,274.0,295.0,False,SOFT,3.0,True,Cadillac,6395.593,2026-05-24 20:53:51.067,1,18.0,False,,False,True
6554.723,BOT,77,79.163,33.0,4.0,,,22.731,25.194,31.238,6498.309,6523.503,6554.741,230.0,270.0,273.0,287.0,True,SOFT,4.0,True,Cadillac,6475.56,2026-05-24 20:55:11.034,1,18.0,False,,False,True
6633.963,BOT,77,79.24,34.0,4.0,,,22.651,25.218,31.371,6577.392,6602.61,6633.981,229.0,270.0,268.0,286.0,False,SOFT,5.0,True,Cadillac,6554.723,2026-05-24 20:56:30.197,1,18.0,False,,False,True
6712.958,BOT,77,78.995,35.0,4.0,,,22.678,25.191,31.126,6656.659,6681.85,6712.976,229.0,269.0,269.0,290.0,True,SOFT,6.0,True,Cadillac,6633.963,2026-05-24 20:57:49.437,1,18.0,False,,False,True
6791.845,BOT,77,78.887,36.0,4.0,,,22.59,25.108,31.189,6735.566,6760.674,6791.863,230.0,270.0,269.0,287.0,True,SOFT,7.0,True,Cadillac,6712.958,2026-05-24 20:59:08.432,1,18.0,False,,False,True
6871.506,BOT,77,79.661,37.0,4.0,,,22.663,25.849,31.149,6814.526,6840.375,6871.524,227.0,273.0,268.0,295.0,False,SOFT,8.0,True,Cadillac,6791.845,2026-05-24 21:00:27.319,12,18.0,False,,False,True
6950.435,BOT,77,78.929,38.0,4.0,,,22.647,25.136,31.146,6894.171,6919.307,6950.453,230.0,270.0,273.0,293.0,False,SOFT,9.0,True,Cadillac,6871.506,2026-05-24 21:01:46.980,1,18.0,False,,False,True
7029.21,BOT,77,78.775,39.0,4.0,,,22.469,25.191,31.115,6972.922,6998.113,7029.228,231.0,270.0,272.0,287.0,True,SOFT,10.0,True,Cadillac,6950.435,2026-05-24 21:03:05.909,1,17.0,False,,False,True
7108.066,BOT,77,78.856,40.0,4.0,,,22.49,25.101,31.265,7051.718,7076.819,7108.084,231.0,270.0,271.0,288.0,False,SOFT,11.0,True,Cadillac,7029.21,2026-05-24 21:04:24.684,1,17.0,False,,False,True
7187.125,BOT,77,79.059,41.0,4.0,,,22.644,25.252,31.163,7130.728,7155.98,7187.143,229.0,270.0,270.0,285.0,False,SOFT,12.0,True,Cadillac,7108.066,2026-05-24 21:05:43.540,1,16.0,False,,False,True
7266.537,BOT,77,79.412,42.0,4.0,,,22.599,25.329,31.484,7209.742,7235.071,7266.555,230.0,268.0,238.0,284.0,False,SOFT,13.0,True,Cadillac,7187.125,2026-05-24 21:07:02.599,1,16.0,False,,False,True
7366.079,BOT,77,99.542,43.0,4.0,,,27.717,33.984,37.841,7294.272,7328.256,7366.097,227.0,224.0,255.0,280.0,False,SOFT,14.0,True,Cadillac,7266.537,2026-05-24 21:08:22.011,167,16.0,False,,False,False
7448.194,BOT,77,82.115,44.0,4.0,,,23.959,26.361,31.795,7390.056,7416.417,7448.212,231.0,278.0,272.0,294.0,False,SOFT,15.0,True,Cadillac,7366.079,2026-05-24 21:10:01.553,1,16.0,False,,False,True
7527.298,BOT,77,79.104,45.0,4.0,,,22.826,25.221,31.057,7471.038,7496.259,7527.316,229.0,274.0,276.0,292.0,False,SOFT,16.0,True,Cadillac,7448.194,2026-05-24 21:11:23.668,1,16.0,False,,False,True
7612.59,BOT,77,85.292,46.0,4.0,,,27.757,25.401,32.134,7555.073,7580.474,7612.608,228.0,279.0,279.0,262.0,False,SOFT,17.0,True,Cadillac,7527.298,2026-05-24 21:12:42.772,1,16.0,False,,False,True
7692.872,BOT,77,80.282,47.0,4.0,,,24.341,25.012,30.929,7636.949,7661.961,7692.89,231.0,278.0,279.0,309.0,False,SOFT,18.0,True,Cadillac,7612.59,2026-05-24 21:14:08.064,1,16.0,False,,False,True
7771.542,BOT,77,78.67,48.0,4.0,,,22.541,25.141,30.988,7715.431,7740.572,7771.56,231.0,276.0,272.0,295.0,True,SOFT,19.0,True,Cadillac,7692.872,2026-05-24 21:15:28.346,1,16.0,False,,False,True
7891.065,BOT,77,119.523,49.0,4.0,,7861.607,24.479,31.299,63.745,7796.039,7827.338,7891.083,230.0,161.0,,251.0,False,SOFT,20.0,True,Cadillac,7771.542,2026-05-24 21:16:47.016,16,16.0,False,,False,False
7990.634,BOT,77,99.569,50.0,5.0,7892.655,,28.416,37.152,34.001,7919.499,7956.651,7990.652,164.0,264.0,277.0,279.0,False,MEDIUM,1.0,True,Cadillac,7891.065,2026-05-24 21:18:46.539,671,16.0,False,,False,False
8072.22,BOT,77,81.586,51.0,5.0,,,23.824,26.208,31.554,8014.476,8040.684,8072.238,232.0,271.0,277.0,294.0,False,MEDIUM,2.0,True,Cadillac,7990.634,2026-05-24 21:20:26.108,1,16.0,False,,False,True
8154.921,BOT,77,82.701,52.0,5.0,,,24.622,26.783,31.296,8096.86,8123.643,8154.939,230.0,274.0,276.0,299.0,False,MEDIUM,3.0,True,Cadillac,8072.22,2026-05-24 21:21:47.694,1,16.0,False,,False,True
8236.606,BOT,77,81.685,53.0,5.0,,,22.968,25.425,33.292,8177.907,8203.332,8236.624,230.0,273.0,279.0,261.0,False,MEDIUM,4.0,True,Cadillac,8154.921,2026-05-24 21:23:10.395,1,16.0,False,,False,True
8315.964,BOT,77,79.358,54.0,5.0,,,22.923,25.299,31.136,8259.547,8284.846,8315.982,231.0,276.0,272.0,296.0,False,MEDIUM,5.0,True,Cadillac,8236.606,2026-05-24 21:24:32.080,1,16.0,False,,False,True
8394.521,BOT,77,78.557,55.0,5.0,,,22.494,24.974,31.089,8338.476,8363.45,8394.539,232.0,272.0,274.0,292.0,True,MEDIUM,6.0,True,Cadillac,8315.964,2026-05-24 21:25:51.438,1,16.0,False,,False,True
8475.587,BOT,77,81.066,56.0,5.0,,,24.739,25.271,31.056,8419.278,8444.549,8475.605,232.0,272.0,277.0,294.0,False,MEDIUM,7.0,True,Cadillac,8394.521,2026-05-24 21:27:09.995,1,16.0,False,,False,True
8553.868,BOT,77,78.281,57.0,5.0,,,22.426,24.902,30.953,8498.031,8522.933,8553.886,230.0,272.0,276.0,293.0,True,MEDIUM,8.0,True,Cadillac,8475.587,2026-05-24 21:28:31.061,12,16.0,False,,False,True
8633.452,BOT,77,79.584,58.0,5.0,,,22.541,24.839,32.204,8576.427,8601.266,8633.47,231.0,273.0,277.0,283.0,False,MEDIUM,9.0,True,Cadillac,8553.868,2026-05-24 21:29:49.342,1,16.0,False,,False,True
8711.177,BOT,77,77.725,59.0,5.0,,,22.337,24.744,30.644,8655.807,8680.551,8711.195,234.0,276.0,276.0,301.0,True,MEDIUM,10.0,True,Cadillac,8633.452,2026-05-24 21:31:08.926,1,16.0,False,,False,True
8789.26,BOT,77,78.083,60.0,5.0,,,22.386,24.789,30.908,8733.581,8758.37,8789.278,233.0,272.0,275.0,288.0,False,MEDIUM,11.0,True,Cadillac,8711.177,2026-05-24 21:32:26.651,1,16.0,False,,False,True
8867.371,BOT,77,78.111,61.0,5.0,,,22.283,24.781,31.047,8811.561,8836.342,8867.389,231.0,274.0,275.0,288.0,False,MEDIUM,12.0,True,Cadillac,8789.26,2026-05-24 21:33:44.734,1,16.0,False,,False,True
8945.622,BOT,77,78.251,62.0,5.0,,,22.367,24.973,30.911,8889.756,8914.729,8945.64,232.0,272.0,275.0,290.0,False,MEDIUM,13.0,True,Cadillac,8867.371,2026-05-24 21:35:02.845,1,16.0,False,,False,True
9023.627,BOT,77,78.005,63.0,5.0,,,22.336,24.741,30.928,8967.976,8992.717,9023.645,232.0,274.0,293.0,291.0,False,MEDIUM,14.0,True,Cadillac,8945.622,2026-05-24 21:36:21.096,1,16.0,False,,False,True
9101.692,BOT,77,78.065,64.0,5.0,,,22.13,24.742,31.193,9045.775,9070.517,9101.71,233.0,276.0,271.0,292.0,False,MEDIUM,15.0,True,Cadillac,9023.627,2026-05-24 21:37:39.101,1,16.0,False,,False,True
3858.068,PIA,81,105.524,1.0,1.0,,3835.522,,26.881,48.015,,3810.277,3858.213,218.0,287.0,,319.0,False,INTERMEDIATE,1.0,True,McLaren,3752.281,2026-05-24 20:09:47.755,1,21.0,False,,False,False
3942.687,PIA,81,84.619,2.0,2.0,3859.635,,26.085,26.273,32.261,3884.17,3910.443,3942.704,234.0,278.0,277.0,307.0,False,MEDIUM,1.0,True,McLaren,3858.068,2026-05-24 20:11:33.542,1,17.0,False,,False,False
4024.506,PIA,81,81.819,3.0,2.0,,,23.446,26.68,31.693,3966.15,3992.83,4024.523,234.0,273.0,277.0,315.0,True,MEDIUM,2.0,True,McLaren,3942.687,2026-05-24 20:12:58.161,1,16.0,False,,False,True
4105.28,PIA,81,80.774,4.0,2.0,,,23.336,26.038,31.4,4047.859,4073.897,4105.297,233.0,278.0,279.0,306.0,True,MEDIUM,3.0,True,McLaren,4024.506,2026-05-24 20:14:19.980,1,15.0,False,,False,True
4184.546,PIA,81,79.266,5.0,2.0,,,22.9,25.365,31.001,4128.197,4153.562,4184.563,232.0,276.0,281.0,304.0,True,MEDIUM,4.0,True,McLaren,4105.28,2026-05-24 20:15:40.754,1,15.0,False,,False,True
4262.515,PIA,81,77.969,6.0,2.0,,,22.284,24.897,30.788,4206.847,4231.744,4262.532,236.0,278.0,283.0,306.0,True,MEDIUM,5.0,True,McLaren,4184.546,2026-05-24 20:17:00.020,1,15.0,False,,False,True
4339.92,PIA,81,77.405,7.0,2.0,,,22.165,24.559,30.681,4284.697,4309.256,4339.937,236.0,280.0,281.0,310.0,True,MEDIUM,6.0,True,McLaren,4262.515,2026-05-24 20:18:17.989,1,14.0,False,,False,True
4417.683,PIA,81,77.763,8.0,2.0,,,22.312,24.71,30.741,4362.249,4386.959,4417.7,236.0,285.0,300.0,326.0,False,MEDIUM,7.0,True,McLaren,4339.92,2026-05-24 20:19:35.394,1,14.0,False,,False,True
4495.54,PIA,81,77.857,9.0,2.0,,,22.467,24.599,30.791,4440.167,4464.766,4495.557,236.0,283.0,287.0,313.0,False,MEDIUM,8.0,True,McLaren,4417.683,2026-05-24 20:20:53.157,1,13.0,False,,False,True
4573.377,PIA,81,77.837,10.0,2.0,,,22.274,24.532,31.031,4517.831,4542.363,4573.394,236.0,282.0,283.0,312.0,False,MEDIUM,9.0,True,McLaren,4495.54,2026-05-24 20:22:11.014,1,13.0,False,,False,True
4650.366,PIA,81,76.989,11.0,2.0,,,22.07,24.343,30.576,4595.464,4619.807,4650.383,236.0,282.0,289.0,312.0,True,MEDIUM,10.0,True,McLaren,4573.377,2026-05-24 20:23:28.851,1,13.0,False,,False,True
4760.052,PIA,81,109.686,12.0,2.0,,4725.068,22.124,24.685,62.877,4672.507,4697.192,4760.069,236.0,292.0,,257.0,False,MEDIUM,11.0,True,McLaren,4650.366,2026-05-24 20:24:45.840,12,19.0,False,,False,False
4843.895,PIA,81,83.843,13.0,3.0,4761.703,,25.078,25.555,33.21,4785.147,4810.702,4843.912,239.0,271.0,282.0,228.0,False,MEDIUM,5.0,False,McLaren,4760.052,2026-05-24 20:26:35.526,21,19.0,False,,False,False
4921.561,PIA,81,77.666,14.0,3.0,,,22.383,24.712,30.571,4866.295,4891.007,4921.578,246.0,282.0,282.0,312.0,False,MEDIUM,6.0,False,McLaren,4843.895,2026-05-24 20:27:59.369,1,18.0,False,,False,True
5000.76,PIA,81,79.199,15.0,3.0,,,21.949,24.303,32.947,4943.527,4967.83,5000.777,236.0,278.0,272.0,222.0,False,MEDIUM,7.0,False,McLaren,4921.561,2026-05-24 20:29:17.035,1,17.0,False,,False,True
5078.068,PIA,81,77.308,16.0,3.0,,,22.28,24.404,30.624,5023.057,5047.461,5078.085,238.0,283.0,264.0,313.0,False,MEDIUM,8.0,False,McLaren,5000.76,2026-05-24 20:30:36.234,1,17.0,False,,False,True
5155.233,PIA,81,77.165,17.0,3.0,,,22.083,24.323,30.759,5100.168,5124.491,5155.25,236.0,280.0,263.0,306.0,False,MEDIUM,9.0,False,McLaren,5078.068,2026-05-24 20:31:53.542,1,16.0,False,,False,True
5231.899,PIA,81,76.666,18.0,3.0,,,21.872,24.242,30.552,5177.122,5201.364,5231.916,238.0,281.0,274.0,307.0,False,MEDIUM,10.0,False,McLaren,5155.233,2026-05-24 20:33:10.707,12,15.0,True,TRACK LIMITS AT TURN 14 LAP 18 ,False,True
5309.422,PIA,81,77.523,19.0,3.0,,,22.298,24.554,30.671,5254.214,5278.768,5309.439,235.0,278.0,279.0,302.0,False,MEDIUM,11.0,False,McLaren,5231.899,2026-05-24 20:34:27.373,1,15.0,False,,False,True
5386.038,PIA,81,76.616,20.0,3.0,,,21.778,24.25,30.588,5331.217,5355.467,5386.055,237.0,280.0,279.0,303.0,True,MEDIUM,12.0,False,McLaren,5309.422,2026-05-24 20:35:44.896,1,13.0,False,,False,True
5462.33,PIA,81,76.292,21.0,3.0,,,21.674,24.257,30.361,5407.729,5431.986,5462.347,237.0,280.0,284.0,310.0,True,MEDIUM,13.0,False,McLaren,5386.038,2026-05-24 20:37:01.512,1,13.0,False,,False,True
5539.057,PIA,81,76.727,22.0,3.0,,,21.766,24.634,30.327,5484.113,5508.747,5539.074,238.0,284.0,281.0,307.0,False,MEDIUM,14.0,False,McLaren,5462.33,2026-05-24 20:38:17.804,1,13.0,False,,False,True
5616.426,PIA,81,77.369,23.0,3.0,,,21.779,24.328,31.262,5560.853,5585.181,5616.443,237.0,284.0,196.0,308.0,False,MEDIUM,15.0,False,McLaren,5539.057,2026-05-24 20:39:34.531,1,13.0,False,,False,True
5696.673,PIA,81,80.247,24.0,3.0,,,24.904,24.787,30.556,5641.347,5666.134,5696.69,249.0,280.0,270.0,310.0,False,MEDIUM,16.0,False,McLaren,5616.426,2026-05-24 20:40:51.900,1,13.0,False,,False,True
5773.678,PIA,81,77.005,25.0,3.0,,,22.127,24.391,30.487,5718.817,5743.208,5773.695,238.0,285.0,269.0,317.0,False,MEDIUM,17.0,False,McLaren,5696.673,2026-05-24 20:42:12.147,1,13.0,False,,False,True
5850.458,PIA,81,76.78,26.0,3.0,,,22.053,24.455,30.272,5795.748,5820.203,5850.475,241.0,282.0,283.0,312.0,False,MEDIUM,18.0,False,McLaren,5773.678,2026-05-24 20:43:29.152,1,13.0,False,,False,True
5927.662,PIA,81,77.204,27.0,3.0,,,21.841,24.421,30.942,5872.316,5896.737,5927.679,238.0,280.0,278.0,303.0,False,MEDIUM,19.0,False,McLaren,5850.458,2026-05-24 20:44:45.932,1,13.0,False,,False,True
6004.154,PIA,81,76.492,28.0,3.0,,,21.865,24.248,30.379,5949.544,5973.792,6004.171,238.0,282.0,283.0,305.0,False,MEDIUM,20.0,False,McLaren,5927.662,2026-05-24 20:46:03.136,1,13.0,False,,False,True
6090.83,PIA,81,86.676,29.0,3.0,,,21.893,26.644,38.139,6026.064,6052.708,6090.847,238.0,221.0,224.0,166.0,False,MEDIUM,21.0,False,McLaren,6004.154,2026-05-24 20:47:19.628,126,13.0,False,,False,False
6193.88,PIA,81,103.05,30.0,3.0,,,28.924,35.67,38.456,6119.771,6155.441,6193.897,172.0,162.0,236.0,261.0,False,MEDIUM,22.0,False,McLaren,6090.83,2026-05-24 20:48:46.304,6,12.0,False,,False,False
6294.884,PIA,81,101.004,31.0,3.0,,,29.466,36.938,34.6,6223.363,6260.301,6294.901,175.0,191.0,292.0,248.0,False,MEDIUM,23.0,False,McLaren,6193.88,2026-05-24 20:50:29.354,671,12.0,False,,False,False
6374.313,PIA,81,79.429,32.0,3.0,,,23.198,25.319,30.912,6318.099,6343.418,6374.33,249.0,287.0,280.0,304.0,False,MEDIUM,24.0,False,McLaren,6294.884,2026-05-24 20:52:10.358,1,12.0,False,,False,True
6454.907,PIA,81,80.594,33.0,3.0,,,22.413,27.318,30.863,6396.743,6424.061,6454.924,238.0,288.0,289.0,310.0,False,MEDIUM,25.0,False,McLaren,6374.313,2026-05-24 20:53:29.787,1,12.0,False,,False,True
6532.22,PIA,81,77.313,34.0,3.0,,,22.207,24.547,30.559,6477.131,6501.678,6532.237,238.0,280.0,283.0,306.0,False,MEDIUM,26.0,False,McLaren,6454.907,2026-05-24 20:54:50.381,1,12.0,False,,False,True
6609.161,PIA,81,76.941,35.0,3.0,,,21.882,24.511,30.548,6554.119,6578.63,6609.178,248.0,280.0,282.0,303.0,False,MEDIUM,27.0,False,McLaren,6532.22,2026-05-24 20:56:07.694,1,12.0,False,,False,True
6685.54,PIA,81,76.379,36.0,3.0,,,21.737,24.358,30.284,6630.915,6655.273,6685.557,240.0,281.0,283.0,307.0,False,MEDIUM,28.0,False,McLaren,6609.161,2026-05-24 20:57:24.635,1,12.0,False,,False,True
6762.074,PIA,81,76.534,37.0,3.0,,,21.811,24.324,30.399,6707.368,6731.692,6762.091,238.0,288.0,287.0,312.0,False,MEDIUM,29.0,False,McLaren,6685.54,2026-05-24 20:58:41.014,1,12.0,False,,False,True
6838.61,PIA,81,76.536,38.0,3.0,,,22.021,24.198,30.317,6784.112,6808.31,6838.627,244.0,285.0,283.0,305.0,False,MEDIUM,30.0,False,McLaren,6762.074,2026-05-24 20:59:57.548,1,12.0,False,,False,True
6915.16,PIA,81,76.55,39.0,3.0,,,22.023,24.28,30.247,6860.65,6884.93,6915.177,242.0,283.0,280.0,303.0,False,MEDIUM,31.0,False,McLaren,6838.61,2026-05-24 21:01:14.084,12,11.0,False,,False,True
6991.887,PIA,81,76.727,40.0,3.0,,,21.899,24.409,30.419,6937.076,6961.485,6991.904,239.0,282.0,279.0,302.0,False,MEDIUM,32.0,False,McLaren,6915.16,2026-05-24 21:02:30.634,1,11.0,False,,False,True
7068.511,PIA,81,76.624,41.0,3.0,,,21.852,24.345,30.427,7013.756,7038.101,7068.528,238.0,284.0,282.0,300.0,False,MEDIUM,33.0,False,McLaren,6991.887,2026-05-24 21:03:47.361,1,11.0,False,,False,True
7144.521,PIA,81,76.01,42.0,3.0,,,21.711,24.106,30.193,7090.239,7114.345,7144.538,238.0,283.0,281.0,303.0,True,MEDIUM,34.0,False,McLaren,7068.511,2026-05-24 21:05:03.985,1,11.0,False,,False,True
7220.464,PIA,81,75.943,43.0,3.0,,,21.579,24.057,30.307,7166.117,7190.174,7220.481,240.0,283.0,280.0,300.0,True,MEDIUM,35.0,False,McLaren,7144.521,2026-05-24 21:06:19.995,1,11.0,False,,False,True
7299.07,PIA,81,78.606,44.0,3.0,,,21.687,24.176,32.743,7242.168,7266.344,7299.087,240.0,277.0,106.0,302.0,False,MEDIUM,36.0,False,McLaren,7220.464,2026-05-24 21:07:35.938,16,11.0,False,,False,False
7390.397,PIA,81,91.327,45.0,3.0,,,31.521,28.458,31.348,7330.608,7359.066,7390.414,181.0,292.0,285.0,303.0,False,MEDIUM,37.0,False,McLaren,7299.07,2026-05-24 21:08:54.544,671,11.0,False,,False,False
7467.586,PIA,81,77.189,46.0,3.0,,,22.057,24.423,30.709,7412.471,7436.894,7467.603,244.0,287.0,278.0,298.0,False,MEDIUM,38.0,False,McLaren,7390.397,2026-05-24 21:10:25.871,1,11.0,False,,False,True
7544.014,PIA,81,76.428,47.0,3.0,,,21.716,24.109,30.603,7489.319,7513.428,7544.031,240.0,283.0,281.0,301.0,False,MEDIUM,39.0,False,McLaren,7467.586,2026-05-24 21:11:43.060,1,11.0,False,,False,True
7621.067,PIA,81,77.053,48.0,3.0,,,22.298,24.251,30.504,7566.329,7590.58,7621.084,235.0,282.0,284.0,300.0,False,MEDIUM,40.0,False,McLaren,7544.014,2026-05-24 21:12:59.488,1,11.0,False,,False,True
7697.331,PIA,81,76.264,49.0,3.0,,,21.649,24.137,30.478,7642.733,7666.87,7697.348,239.0,284.0,285.0,301.0,False,MEDIUM,41.0,False,McLaren,7621.067,2026-05-24 21:14:16.541,1,11.0,False,,False,True
7773.132,PIA,81,75.801,50.0,3.0,,,21.505,24.036,30.26,7718.853,7742.889,7773.149,240.0,283.0,288.0,307.0,True,MEDIUM,42.0,False,McLaren,7697.331,2026-05-24 21:15:32.805,1,11.0,False,,False,True
7893.253,PIA,81,120.121,51.0,3.0,,7858.956,21.687,29.001,69.433,7794.836,7823.837,7893.27,240.0,171.0,,280.0,False,MEDIUM,43.0,False,McLaren,7773.132,2026-05-24 21:16:48.606,16,13.0,False,,False,False
7988.399,PIA,81,95.146,52.0,4.0,7894.799,,28.17,34.785,32.191,7921.44,7956.225,7988.416,202.0,284.0,292.0,300.0,False,SOFT,5.0,False,McLaren,7893.253,2026-05-24 21:18:48.727,671,13.0,False,,False,False
8066.796,PIA,81,78.397,53.0,4.0,,,22.638,24.785,30.974,8011.054,8035.839,8066.813,245.0,280.0,283.0,299.0,False,SOFT,6.0,False,McLaren,7988.399,2026-05-24 21:20:23.873,1,13.0,False,,False,True
8143.933,PIA,81,77.137,54.0,4.0,,,22.221,24.457,30.459,8089.034,8113.491,8143.95,238.0,284.0,282.0,302.0,False,SOFT,7.0,False,McLaren,8066.796,2026-05-24 21:21:42.270,1,13.0,False,,False,True
8220.619,PIA,81,76.686,55.0,4.0,,,22.033,24.212,30.441,8165.983,8190.195,8220.636,238.0,284.0,281.0,303.0,False,SOFT,8.0,False,McLaren,8143.933,2026-05-24 21:22:59.407,1,13.0,False,,False,True
8296.553,PIA,81,75.934,56.0,4.0,,,21.734,23.968,30.232,8242.37,8266.338,8296.57,241.0,284.0,284.0,299.0,False,SOFT,9.0,False,McLaren,8220.619,2026-05-24 21:24:16.093,1,13.0,False,,False,True
8372.208,PIA,81,75.655,57.0,4.0,,,21.48,23.874,30.301,8318.05,8341.924,8372.225,239.0,284.0,283.0,304.0,True,SOFT,10.0,False,McLaren,8296.553,2026-05-24 21:25:32.027,1,13.0,False,,False,True
8448.647,PIA,81,76.439,58.0,4.0,,,22.263,24.107,30.069,8394.488,8418.595,8448.664,241.0,284.0,278.0,304.0,False,SOFT,11.0,False,McLaren,8372.208,2026-05-24 21:26:47.682,1,13.0,True,TRACK LIMITS AT TURN 1 LAP 58 ,False,True
8524.855,PIA,81,76.208,59.0,4.0,,,21.638,23.941,30.629,8470.302,8494.243,8524.872,240.0,287.0,223.0,307.0,False,SOFT,12.0,False,McLaren,8448.647,2026-05-24 21:28:04.121,12,13.0,False,,False,True
8602.332,PIA,81,77.477,60.0,4.0,,,23.236,24.28,29.961,8548.108,8572.388,8602.349,256.0,289.0,277.0,309.0,False,SOFT,13.0,False,McLaren,8524.855,2026-05-24 21:29:20.329,1,13.0,False,,False,True
8677.788,PIA,81,75.456,61.0,4.0,,,21.695,23.849,29.912,8624.044,8647.893,8677.805,241.0,288.0,284.0,313.0,True,SOFT,14.0,False,McLaren,8602.332,2026-05-24 21:30:37.806,1,13.0,False,,False,True
8754.131,PIA,81,76.343,62.0,4.0,,,22.314,24.084,29.945,8700.119,8724.203,8754.148,241.0,291.0,288.0,316.0,False,SOFT,15.0,False,McLaren,8677.788,2026-05-24 21:31:53.262,1,13.0,False,,False,True
8830.014,PIA,81,75.883,63.0,4.0,,,21.763,24.286,29.834,8775.911,8800.197,8830.031,244.0,298.0,292.0,319.0,False,SOFT,16.0,False,McLaren,8754.131,2026-05-24 21:33:09.605,1,12.0,False,,False,True
8905.956,PIA,81,75.942,64.0,4.0,,,21.612,24.23,30.1,8851.643,8875.873,8905.973,244.0,296.0,284.0,336.0,False,SOFT,17.0,False,McLaren,8830.014,2026-05-24 21:34:25.488,1,11.0,False,,False,True
8982.531,PIA,81,76.575,65.0,4.0,,,21.78,24.002,30.793,8927.753,8951.755,8982.548,237.0,284.0,269.0,305.0,False,SOFT,18.0,False,McLaren,8905.956,2026-05-24 21:35:41.430,1,11.0,True,TRACK LIMITS AT TURN 14 LAP 65 ,False,True
9061.001,PIA,81,78.47,66.0,4.0,,,21.928,25.474,31.068,9004.476,9029.95,9061.018,241.0,192.0,280.0,318.0,False,SOFT,19.0,False,McLaren,8982.531,2026-05-24 21:36:58.005,1,11.0,False,,False,True
3847.838,BEA,87,95.294,1.0,1.0,,,,28.916,32.518,,3815.447,3847.963,198.0,284.0,297.0,326.0,False,SOFT,6.0,False,Haas F1 Team,3752.281,2026-05-24 20:09:47.755,1,11.0,False,,False,False
3931.695,BEA,87,83.857,2.0,1.0,,,24.542,26.874,32.441,3872.414,3899.288,3931.729,223.0,273.0,278.0,328.0,True,SOFT,7.0,False,Haas F1 Team,3847.838,2026-05-24 20:11:23.312,1,9.0,False,,False,True
4013.443,BEA,87,81.748,3.0,1.0,,,23.82,26.156,31.772,3955.549,3981.705,4013.477,227.0,270.0,274.0,304.0,True,SOFT,8.0,False,Haas F1 Team,3931.695,2026-05-24 20:12:47.169,1,9.0,False,,False,True
4095.024,BEA,87,81.581,4.0,1.0,,,23.227,25.608,32.746,4036.704,4062.312,4095.058,226.0,270.0,260.0,301.0,True,SOFT,9.0,False,Haas F1 Team,4013.443,2026-05-24 20:14:08.917,1,9.0,False,,False,True
4175.087,BEA,87,80.063,5.0,1.0,,,23.284,25.357,31.422,4118.342,4143.699,4175.121,229.0,272.0,278.0,304.0,True,SOFT,10.0,False,Haas F1 Team,4095.024,2026-05-24 20:15:30.498,1,9.0,False,,False,True
4254.408,BEA,87,79.321,6.0,1.0,,,22.835,25.361,31.125,4197.956,4223.317,4254.442,228.0,271.0,277.0,303.0,True,SOFT,11.0,False,Haas F1 Team,4175.087,2026-05-24 20:16:50.561,1,9.0,False,,False,True
4334.038,BEA,87,79.63,7.0,1.0,,,22.951,25.24,31.439,4277.393,4302.633,4334.072,228.0,271.0,276.0,303.0,False,SOFT,12.0,False,Haas F1 Team,4254.408,2026-05-24 20:18:09.882,1,9.0,False,,False,True
4412.928,BEA,87,78.89,8.0,1.0,,,22.727,25.066,31.097,4356.799,4381.865,4412.962,230.0,272.0,275.0,302.0,True,SOFT,13.0,False,Haas F1 Team,4334.038,2026-05-24 20:19:29.512,1,9.0,False,,False,True
4491.021,BEA,87,78.093,9.0,1.0,,,22.502,24.866,30.725,4435.464,4460.33,4491.055,230.0,272.0,277.0,302.0,True,SOFT,14.0,False,Haas F1 Team,4412.928,2026-05-24 20:20:48.402,1,9.0,False,,False,True
4568.95,BEA,87,77.929,10.0,1.0,,,22.395,24.819,30.715,4513.45,4538.269,4568.984,231.0,272.0,273.0,301.0,True,SOFT,15.0,False,Haas F1 Team,4491.021,2026-05-24 20:22:06.495,1,9.0,False,,False,True
4648.702,BEA,87,79.752,11.0,1.0,,,22.268,25.819,31.665,4591.252,4617.071,4648.736,231.0,265.0,298.0,327.0,False,SOFT,16.0,False,Haas F1 Team,4568.95,2026-05-24 20:23:24.424,1,11.0,False,,False,True
4729.004,BEA,87,80.302,12.0,1.0,,,22.897,25.397,32.008,4671.633,4697.03,4729.038,232.0,279.0,274.0,311.0,False,SOFT,17.0,False,Haas F1 Team,4648.702,2026-05-24 20:24:44.176,12,11.0,False,,False,True
4807.528,BEA,87,78.524,13.0,1.0,,,22.641,24.805,31.078,4751.679,4776.484,4807.562,232.0,274.0,279.0,309.0,False,SOFT,18.0,False,Haas F1 Team,4729.004,2026-05-24 20:26:04.478,2,11.0,False,,False,True
4885.733,BEA,87,78.205,14.0,1.0,,,22.471,25.032,30.702,4830.033,4855.065,4885.767,232.0,274.0,282.0,311.0,False,SOFT,19.0,False,Haas F1 Team,4807.528,2026-05-24 20:27:23.002,21,11.0,False,,False,True
4963.242,BEA,87,77.509,15.0,1.0,,,22.33,24.828,30.351,4908.097,4932.925,4963.276,231.0,275.0,278.0,308.0,False,SOFT,20.0,False,Haas F1 Team,4885.733,2026-05-24 20:28:41.207,1,10.0,True,TRACK LIMITS AT TURN 14 LAP 15 ,False,True
5041.362,BEA,87,78.12,16.0,1.0,,,22.63,24.8,30.69,4985.906,5010.706,5041.396,233.0,278.0,278.0,306.0,False,SOFT,21.0,False,Haas F1 Team,4963.242,2026-05-24 20:29:58.716,1,10.0,False,,False,True
5118.882,BEA,87,77.52,17.0,1.0,,,22.256,24.616,30.648,5063.652,5088.268,5118.916,231.0,275.0,278.0,306.0,True,SOFT,22.0,False,Haas F1 Team,5041.362,2026-05-24 20:31:16.836,1,10.0,False,,False,True
5196.345,BEA,87,77.463,18.0,1.0,,,22.351,24.563,30.549,5141.267,5165.83,5196.379,231.0,275.0,281.0,306.0,True,SOFT,23.0,False,Haas F1 Team,5118.882,2026-05-24 20:32:34.356,12,10.0,False,,False,True
5273.934,BEA,87,77.589,19.0,1.0,,,22.447,24.583,30.559,5218.826,5243.409,5273.968,231.0,276.0,282.0,307.0,False,SOFT,24.0,False,Haas F1 Team,5196.345,2026-05-24 20:33:51.819,1,10.0,False,,False,True
5351.58,BEA,87,77.646,20.0,1.0,,,22.188,24.906,30.552,5296.156,5321.062,5351.614,232.0,275.0,281.0,306.0,False,SOFT,25.0,False,Haas F1 Team,5273.934,2026-05-24 20:35:09.408,1,10.0,False,,False,True
5429.065,BEA,87,77.485,21.0,1.0,,,22.29,24.576,30.619,5373.904,5398.48,5429.099,232.0,276.0,281.0,307.0,False,SOFT,26.0,False,Haas F1 Team,5351.58,2026-05-24 20:36:27.054,1,10.0,False,,False,True
5506.515,BEA,87,77.45,22.0,1.0,,,22.28,24.658,30.512,5451.379,5476.037,5506.549,232.0,277.0,283.0,308.0,True,SOFT,27.0,False,Haas F1 Team,5429.065,2026-05-24 20:37:44.539,1,10.0,False,,False,True
5584.144,BEA,87,77.629,23.0,1.0,,,22.371,24.67,30.588,5528.92,5553.59,5584.178,231.0,280.0,281.0,309.0,False,SOFT,28.0,False,Haas F1 Team,5506.515,2026-05-24 20:39:01.989,1,10.0,False,,False,True
5661.408,BEA,87,77.264,24.0,1.0,,,22.252,24.704,30.308,5606.43,5631.134,5661.442,233.0,276.0,280.0,308.0,True,SOFT,29.0,False,Haas F1 Team,5584.144,2026-05-24 20:40:19.618,1,10.0,False,,False,True
5738.805,BEA,87,77.397,25.0,1.0,,,22.193,24.63,30.574,5683.635,5708.265,5738.839,232.0,276.0,278.0,306.0,False,SOFT,30.0,False,Haas F1 Team,5661.408,2026-05-24 20:41:36.882,1,10.0,False,,False,True
5816.324,BEA,87,77.519,26.0,1.0,,,22.237,24.633,30.649,5761.076,5785.709,5816.358,233.0,276.0,280.0,305.0,False,SOFT,31.0,False,Haas F1 Team,5738.805,2026-05-24 20:42:54.279,1,10.0,False,,False,True
5893.994,BEA,87,77.67,27.0,1.0,,,22.393,24.723,30.554,5838.751,5863.474,5894.028,232.0,276.0,278.0,304.0,False,SOFT,32.0,False,Haas F1 Team,5816.324,2026-05-24 20:44:11.798,1,10.0,False,,False,True
5971.368,BEA,87,77.374,28.0,1.0,,,22.203,24.684,30.487,5916.231,5940.915,5971.402,233.0,275.0,277.0,302.0,False,SOFT,33.0,False,Haas F1 Team,5893.994,2026-05-24 20:45:29.468,1,10.0,False,,False,True
6048.651,BEA,87,77.283,29.0,1.0,,,22.216,24.623,30.444,5993.618,6018.241,6048.685,232.0,275.0,279.0,304.0,False,SOFT,34.0,False,Haas F1 Team,5971.368,2026-05-24 20:46:46.842,12,10.0,False,,False,True
6182.477,BEA,87,133.826,30.0,1.0,,6139.133,22.155,38.091,73.58,6070.84,6108.931,6182.511,232.0,238.0,,268.0,False,SOFT,35.0,False,Haas F1 Team,6048.651,2026-05-24 20:48:04.125,26,11.0,False,,False,False
6284.378,BEA,87,101.901,31.0,2.0,6184.08,,30.1,35.204,36.597,6212.611,6247.815,6284.412,159.0,195.0,277.0,252.0,False,MEDIUM,1.0,True,Haas F1 Team,6182.477,2026-05-24 20:50:17.951,671,11.0,False,,False,False
6363.493,BEA,87,79.115,32.0,2.0,,,22.725,25.205,31.185,6307.137,6332.342,6363.527,232.0,275.0,217.0,304.0,False,MEDIUM,2.0,True,Haas F1 Team,6284.378,2026-05-24 20:51:59.852,1,11.0,False,,False,True
6443.021,BEA,87,79.528,33.0,2.0,,,24.239,24.827,30.462,6387.766,6412.593,6443.055,233.0,281.0,284.0,311.0,False,MEDIUM,3.0,True,Haas F1 Team,6363.493,2026-05-24 20:53:18.967,1,11.0,False,,False,True
6520.286,BEA,87,77.265,34.0,2.0,,,22.259,24.527,30.479,6465.314,6489.841,6520.32,235.0,278.0,281.0,308.0,False,MEDIUM,4.0,True,Haas F1 Team,6443.021,2026-05-24 20:54:38.495,1,11.0,False,,False,True
6597.711,BEA,87,77.425,35.0,2.0,,,22.191,24.825,30.409,6542.511,6567.336,6597.745,235.0,280.0,278.0,304.0,False,MEDIUM,5.0,True,Haas F1 Team,6520.286,2026-05-24 20:55:55.760,1,11.0,False,,False,True
6674.581,BEA,87,76.87,36.0,2.0,,,22.041,24.428,30.401,6619.786,6644.214,6674.615,235.0,279.0,249.0,304.0,True,MEDIUM,6.0,True,Haas F1 Team,6597.711,2026-05-24 20:57:13.185,1,11.0,False,,False,True
6752.664,BEA,87,78.083,37.0,2.0,,,23.362,24.512,30.209,6697.977,6722.489,6752.698,234.0,280.0,281.0,309.0,False,MEDIUM,7.0,True,Haas F1 Team,6674.581,2026-05-24 20:58:30.055,1,11.0,False,,False,True
6829.4,BEA,87,76.736,38.0,2.0,,,21.941,24.51,30.285,6774.639,6799.149,6829.434,234.0,277.0,284.0,304.0,True,MEDIUM,8.0,True,Haas F1 Team,6752.664,2026-05-24 20:59:48.138,1,11.0,False,,False,True
6905.958,BEA,87,76.558,39.0,2.0,,,21.815,24.351,30.392,6851.249,6875.6,6905.992,235.0,277.0,277.0,303.0,True,MEDIUM,9.0,True,Haas F1 Team,6829.4,2026-05-24 21:01:04.874,12,10.0,False,,False,True
6983.215,BEA,87,77.257,40.0,2.0,,,22.135,24.554,30.568,6928.127,6952.681,6983.249,232.0,277.0,219.0,302.0,False,MEDIUM,10.0,True,Haas F1 Team,6905.958,2026-05-24 21:02:21.432,1,10.0,False,,False,True
7062.172,BEA,87,78.957,41.0,2.0,,,23.415,25.211,30.331,7006.664,7031.875,7062.206,233.0,285.0,286.0,311.0,False,MEDIUM,11.0,True,Haas F1 Team,6983.215,2026-05-24 21:03:38.689,1,10.0,False,,False,True
7138.849,BEA,87,76.677,42.0,2.0,,,22.077,24.256,30.344,7084.283,7108.539,7138.883,235.0,280.0,280.0,306.0,False,MEDIUM,12.0,True,Haas F1 Team,7062.172,2026-05-24 21:04:57.646,1,10.0,False,,False,True
7215.33,BEA,87,76.481,43.0,2.0,,,21.989,24.253,30.239,7160.872,7185.125,7215.364,235.0,279.0,284.0,303.0,True,MEDIUM,13.0,True,Haas F1 Team,7138.849,2026-05-24 21:06:14.323,1,10.0,False,,False,True
7291.82,BEA,87,76.49,44.0,2.0,,,21.931,24.27,30.289,7237.295,7261.565,7291.854,234.0,278.0,282.0,302.0,False,MEDIUM,14.0,True,Haas F1 Team,7215.33,2026-05-24 21:07:30.804,1,10.0,False,,False,True
7383.794,BEA,87,91.974,45.0,2.0,,,30.698,30.527,30.749,7322.552,7353.079,7383.828,210.0,259.0,285.0,305.0,False,MEDIUM,15.0,True,Haas F1 Team,7291.82,2026-05-24 21:08:47.294,167,10.0,False,,False,False
7460.646,BEA,87,76.852,46.0,2.0,,,22.105,24.399,30.348,7405.933,7430.332,7460.68,236.0,276.0,284.0,306.0,False,MEDIUM,16.0,True,Haas F1 Team,7383.794,2026-05-24 21:10:19.268,1,10.0,False,,False,True
7537.341,BEA,87,76.695,47.0,2.0,,,21.942,24.407,30.346,7482.622,7507.029,7537.375,234.0,278.0,285.0,305.0,False,MEDIUM,17.0,True,Haas F1 Team,7460.646,2026-05-24 21:11:36.120,1,10.0,False,,False,True
7613.933,BEA,87,76.592,48.0,2.0,,,21.923,24.411,30.258,7559.298,7583.709,7613.967,235.0,279.0,286.0,304.0,False,MEDIUM,18.0,True,Haas F1 Team,7537.341,2026-05-24 21:12:52.815,1,10.0,False,,False,True
7691.676,BEA,87,77.743,49.0,2.0,,,22.046,24.355,31.342,7636.013,7660.368,7691.71,236.0,279.0,279.0,302.0,False,MEDIUM,19.0,True,Haas F1 Team,7613.933,2026-05-24 21:14:09.407,1,10.0,False,,False,True
7768.257,BEA,87,76.581,50.0,2.0,,,22.022,24.357,30.202,7713.732,7738.089,7768.291,237.0,280.0,283.0,307.0,False,MEDIUM,20.0,True,Haas F1 Team,7691.676,2026-05-24 21:15:27.150,1,10.0,False,,False,True
7860.733,BEA,87,92.476,51.0,2.0,,,21.873,24.483,46.12,7790.164,7814.647,7860.767,236.0,230.0,242.0,226.0,False,MEDIUM,21.0,True,Haas F1 Team,7768.257,2026-05-24 21:16:43.731,16,10.0,False,,False,False
7958.919,BEA,87,98.186,52.0,2.0,,,25.845,33.665,38.676,7886.612,7920.277,7958.953,203.0,188.0,279.0,220.0,False,MEDIUM,22.0,True,Haas F1 Team,7860.733,2026-05-24 21:18:16.207,671,10.0,False,,False,False
8036.948,BEA,87,78.029,53.0,2.0,,,22.772,24.755,30.502,7981.725,8006.48,8036.982,233.0,282.0,282.0,308.0,False,MEDIUM,23.0,True,Haas F1 Team,7958.919,2026-05-24 21:19:54.393,1,10.0,False,,False,True
8113.86,BEA,87,76.912,54.0,2.0,,,22.1,24.464,30.348,8059.082,8083.546,8113.894,234.0,279.0,282.0,304.0,False,MEDIUM,24.0,True,Haas F1 Team,8036.948,2026-05-24 21:21:12.422,1,10.0,False,,False,True
8190.348,BEA,87,76.488,55.0,2.0,,,21.875,24.297,30.316,8135.769,8160.066,8190.382,235.0,278.0,277.0,304.0,False,MEDIUM,25.0,True,Haas F1 Team,8113.86,2026-05-24 21:22:29.334,1,10.0,False,,False,True
8266.641,BEA,87,76.293,56.0,2.0,,,21.913,24.207,30.173,8212.295,8236.502,8266.675,235.0,280.0,281.0,302.0,True,MEDIUM,26.0,True,Haas F1 Team,8190.348,2026-05-24 21:23:45.822,1,10.0,False,,False,True
8342.911,BEA,87,76.27,57.0,2.0,,,21.823,24.353,30.094,8288.498,8312.851,8342.945,235.0,277.0,286.0,306.0,True,MEDIUM,27.0,True,Haas F1 Team,8266.641,2026-05-24 21:25:02.115,1,10.0,False,,False,True
8420.233,BEA,87,77.322,58.0,2.0,,,21.939,24.368,31.015,8364.884,8389.252,8420.267,236.0,272.0,302.0,317.0,False,MEDIUM,28.0,True,Haas F1 Team,8342.911,2026-05-24 21:26:18.385,1,10.0,False,,False,True
8496.983,BEA,87,76.75,59.0,2.0,,,22.063,24.446,30.241,8442.33,8466.776,8497.017,236.0,279.0,264.0,312.0,False,MEDIUM,29.0,True,Haas F1 Team,8420.233,2026-05-24 21:27:35.707,1,10.0,False,,False,True
8573.486,BEA,87,76.503,60.0,2.0,,,21.966,24.298,30.239,8518.983,8543.281,8573.52,236.0,277.0,281.0,305.0,False,MEDIUM,30.0,True,Haas F1 Team,8496.983,2026-05-24 21:28:52.457,12,10.0,False,,False,True
8650.058,BEA,87,76.572,61.0,2.0,,,21.871,24.413,30.288,8595.391,8619.804,8650.092,237.0,279.0,281.0,301.0,False,MEDIUM,31.0,True,Haas F1 Team,8573.486,2026-05-24 21:30:08.960,1,10.0,False,,False,True
8726.721,BEA,87,76.663,62.0,2.0,,,21.894,24.43,30.339,8671.986,8696.416,8726.755,237.0,277.0,280.0,300.0,False,MEDIUM,32.0,True,Haas F1 Team,8650.058,2026-05-24 21:31:25.532,1,10.0,False,,False,True
8803.097,BEA,87,76.376,63.0,2.0,,,21.857,24.237,30.282,8748.612,8772.849,8803.131,237.0,277.0,279.0,299.0,False,MEDIUM,33.0,True,Haas F1 Team,8726.721,2026-05-24 21:32:42.195,1,10.0,False,,False,True
8879.099,BEA,87,76.002,64.0,2.0,,,21.687,24.222,30.093,8824.818,8849.04,8879.133,236.0,279.0,281.0,300.0,True,MEDIUM,34.0,True,Haas F1 Team,8803.097,2026-05-24 21:33:58.571,1,10.0,False,,False,True
8955.288,BEA,87,76.189,65.0,2.0,,,21.844,24.237,30.108,8900.977,8925.214,8955.322,237.0,277.0,282.0,301.0,False,MEDIUM,35.0,True,Haas F1 Team,8879.099,2026-05-24 21:35:14.573,1,10.0,False,,False,True
9031.303,BEA,87,76.015,66.0,2.0,,,21.74,24.207,30.068,8977.062,9001.269,9031.337,237.0,280.0,284.0,307.0,False,MEDIUM,36.0,True,Haas F1 Team,8955.288,2026-05-24 21:36:30.762,1,10.0,False,,False,True
9107.351,BEA,87,76.048,67.0,2.0,,,21.737,24.172,30.139,9053.074,9077.246,9107.385,238.0,281.0,284.0,328.0,False,MEDIUM,37.0,True,Haas F1 Team,9031.303,2026-05-24 21:37:46.777,1,10.0,False,,False,True
