Time,Driver,DriverNumber,LapTime,LapNumber,Stint,PitOutTime,PitInTime,Sector1Time,Sector2Time,Sector3Time,Sector1SessionTime,Sector2SessionTime,Sector3SessionTime,SpeedI1,SpeedI2,SpeedFL,SpeedST,IsPersonalBest,Compound,TyreLife,FreshTyre,Team,LapStartTime,LapStartDate,TrackStatus,Position,Deleted,DeletedReason,FastF1Generated,IsAccurate
3477.622,ANT,12,121.479,1.0,1.0,,,,49.689,37.953,,3439.792,3477.915,307.0,205.0,191.0,287.0,False,MEDIUM,1.0,True,Mercedes,3355.977,2026-07-19 13:03:52.074,124,1.0,False,,False,False
3645.71,ANT,12,,2.0,1.0,,,47.708,76.685,43.606,3525.542,3602.266,3645.873,139.0,112.0,177.0,186.0,False,MEDIUM,2.0,True,Mercedes,3477.622,2026-07-19 13:05:53.719,4,1.0,False,,False,False
3806.249,ANT,12,,3.0,1.0,,,43.661,73.591,43.349,3689.467,3763.023,3806.464,164.0,98.0,189.0,176.0,False,MEDIUM,3.0,True,Mercedes,3645.71,2026-07-19 13:08:41.807,4,1.0,False,,False,False
3969.687,ANT,12,,4.0,1.0,,,42.001,72.223,49.265,3848.445,3920.709,3970.067,258.0,133.0,219.0,175.0,False,MEDIUM,4.0,True,Mercedes,3806.249,2026-07-19 13:11:22.346,41,1.0,False,,False,False
4081.325,ANT,12,111.638,5.0,1.0,,,31.74,49.916,29.982,4001.55,4051.466,4081.448,304.0,205.0,220.0,293.0,True,MEDIUM,5.0,True,Mercedes,3969.687,2026-07-19 13:14:05.784,1,1.0,False,,False,True
4192.64,ANT,12,111.315,6.0,1.0,,,31.424,49.856,30.035,4112.872,4162.728,4192.763,306.0,205.0,220.0,296.0,True,MEDIUM,6.0,True,Mercedes,4081.325,2026-07-19 13:15:57.422,1,1.0,False,,False,True
4303.597,ANT,12,110.957,7.0,1.0,,,31.459,49.581,29.917,4224.222,4273.803,4303.72,306.0,203.0,219.0,295.0,True,MEDIUM,7.0,True,Mercedes,4192.64,2026-07-19 13:17:48.737,1,1.0,False,,False,True
4414.583,ANT,12,110.986,8.0,1.0,,,31.546,49.565,29.875,4335.266,4384.831,4414.706,306.0,204.0,218.0,296.0,False,MEDIUM,8.0,True,Mercedes,4303.597,2026-07-19 13:19:39.694,12,1.0,False,,False,True
4525.408,ANT,12,110.825,9.0,1.0,,,31.549,49.468,29.808,4446.255,4495.723,4525.531,306.0,205.0,218.0,296.0,True,MEDIUM,9.0,True,Mercedes,4414.583,2026-07-19 13:21:30.680,1,1.0,False,,False,True
4636.147,ANT,12,110.739,10.0,1.0,,,31.488,49.387,29.864,4557.019,4606.406,4636.27,306.0,201.0,218.0,296.0,True,MEDIUM,10.0,True,Mercedes,4525.408,2026-07-19 13:23:21.505,1,1.0,False,,False,True
4747.237,ANT,12,111.09,11.0,1.0,,,31.438,49.775,29.877,4667.708,4717.483,4747.36,307.0,202.0,219.0,297.0,False,MEDIUM,11.0,True,Mercedes,4636.147,2026-07-19 13:25:12.244,1,1.0,True,TRACK LIMITS AT TURN 4 LAP 11 ,False,True
4858.13,ANT,12,110.893,12.0,1.0,,,31.404,49.603,29.886,4778.764,4828.367,4858.253,308.0,201.0,219.0,299.0,False,MEDIUM,12.0,True,Mercedes,4747.237,2026-07-19 13:27:03.334,1,1.0,False,,False,True
4969.199,ANT,12,111.069,13.0,1.0,,,31.431,49.782,29.856,4889.684,4939.466,4969.322,308.0,204.0,218.0,299.0,False,MEDIUM,13.0,True,Mercedes,4858.13,2026-07-19 13:28:54.227,1,1.0,False,,False,True
5080.183,ANT,12,110.984,14.0,1.0,,,31.446,49.762,29.776,5000.768,5050.53,5080.306,308.0,202.0,219.0,298.0,False,MEDIUM,14.0,True,Mercedes,4969.199,2026-07-19 13:30:45.296,1,1.0,False,,False,True
5191.296,ANT,12,111.113,15.0,1.0,,,31.418,49.812,29.883,5111.724,5161.536,5191.419,310.0,202.0,219.0,298.0,False,MEDIUM,15.0,True,Mercedes,5080.183,2026-07-19 13:32:36.280,1,1.0,False,,False,True
5302.475,ANT,12,111.179,16.0,1.0,,,31.471,49.853,29.855,5222.89,5272.743,5302.598,308.0,202.0,220.0,298.0,False,MEDIUM,16.0,True,Mercedes,5191.296,2026-07-19 13:34:27.393,1,1.0,False,,False,True
5413.443,ANT,12,110.968,17.0,1.0,,,31.432,49.784,29.752,5334.03,5383.814,5413.566,308.0,202.0,218.0,298.0,False,MEDIUM,17.0,True,Mercedes,5302.475,2026-07-19 13:36:18.572,1,1.0,False,,False,True
5540.201,ANT,12,126.758,18.0,1.0,,5536.542,31.505,55.212,40.041,5445.071,5500.283,5540.324,307.0,131.0,,299.0,False,MEDIUM,18.0,True,Mercedes,5413.443,2026-07-19 13:38:09.540,167,1.0,False,,False,False
5665.039,ANT,12,124.838,19.0,2.0,5559.597,,46.389,49.204,29.245,5586.713,5635.917,5665.162,311.0,207.0,223.0,302.0,False,SOFT,4.0,False,Mercedes,5540.201,2026-07-19 13:40:16.298,1,5.0,False,,False,False
5793.759,ANT,12,128.72,20.0,2.0,,,31.186,56.837,40.697,5696.348,5753.185,5793.882,311.0,132.0,142.0,296.0,False,SOFT,5.0,False,Mercedes,5665.039,2026-07-19 13:42:21.136,16,5.0,False,,False,False
5914.808,ANT,12,121.049,21.0,2.0,,,41.721,49.703,29.625,5835.603,5885.306,5914.931,300.0,204.0,220.0,261.0,False,SOFT,6.0,False,Mercedes,5793.759,2026-07-19 13:44:29.856,671,3.0,False,,False,False
6024.175,ANT,12,109.367,22.0,2.0,,,30.938,48.972,29.457,5945.869,5994.841,6024.298,318.0,204.0,222.0,302.0,True,SOFT,7.0,False,Mercedes,5914.808,2026-07-19 13:46:30.905,1,3.0,False,,False,True
6133.76,ANT,12,109.585,23.0,2.0,,,30.891,49.333,29.361,6055.189,6104.522,6133.883,317.0,200.0,222.0,303.0,False,SOFT,8.0,False,Mercedes,6024.175,2026-07-19 13:48:20.272,1,3.0,False,,False,True
6243.703,ANT,12,109.943,24.0,2.0,,,30.617,49.97,29.356,6164.5,6214.47,6243.826,328.0,203.0,224.0,306.0,False,SOFT,9.0,False,Mercedes,6133.76,2026-07-19 13:50:09.857,1,3.0,False,,False,True
6354.581,ANT,12,110.878,25.0,2.0,,,30.775,50.656,29.447,6274.601,6325.257,6354.704,324.0,202.0,224.0,298.0,False,SOFT,10.0,False,Mercedes,6243.703,2026-07-19 13:51:59.800,1,3.0,False,,False,True
6463.914,ANT,12,109.333,26.0,2.0,,,30.706,49.329,29.298,6385.41,6434.739,6464.037,324.0,203.0,219.0,307.0,True,SOFT,11.0,False,Mercedes,6354.581,2026-07-19 13:53:50.678,1,2.0,False,,False,True
6573.698,ANT,12,109.784,27.0,2.0,,,31.161,49.258,29.365,6495.198,6544.456,6573.821,315.0,205.0,218.0,299.0,False,SOFT,12.0,False,Mercedes,6463.914,2026-07-19 13:55:40.011,1,2.0,False,,False,True
6683.347,ANT,12,109.649,28.0,2.0,,,31.196,49.248,29.205,6605.017,6654.265,6683.47,315.0,202.0,220.0,300.0,False,SOFT,13.0,False,Mercedes,6573.698,2026-07-19 13:57:29.795,1,2.0,False,,False,True
6793.006,ANT,12,109.659,29.0,2.0,,,31.11,49.23,29.319,6714.58,6763.81,6793.129,318.0,206.0,220.0,301.0,False,SOFT,14.0,False,Mercedes,6683.347,2026-07-19 13:59:19.444,1,2.0,False,,False,True
6902.701,ANT,12,109.695,30.0,2.0,,,30.913,49.479,29.303,6824.042,6873.521,6902.824,321.0,208.0,220.0,303.0,False,SOFT,15.0,False,Mercedes,6793.006,2026-07-19 14:01:09.103,1,2.0,False,,False,True
7012.724,ANT,12,110.023,31.0,2.0,,,31.051,49.56,29.412,6933.875,6983.435,7012.847,322.0,206.0,221.0,304.0,False,SOFT,16.0,False,Mercedes,6902.701,2026-07-19 14:02:58.798,1,2.0,False,,False,True
7122.587,ANT,12,109.863,32.0,2.0,,,30.808,49.814,29.241,7043.655,7093.469,7122.71,322.0,206.0,221.0,305.0,False,SOFT,17.0,False,Mercedes,7012.724,2026-07-19 14:04:48.821,1,2.0,False,,False,True
7232.385,ANT,12,109.798,33.0,2.0,,,30.619,49.726,29.453,7153.329,7203.055,7232.508,326.0,204.0,222.0,305.0,False,SOFT,18.0,False,Mercedes,7122.587,2026-07-19 14:06:38.684,1,2.0,False,,False,True
7341.69,ANT,12,109.305,34.0,2.0,,,30.576,49.052,29.677,7263.084,7312.136,7341.813,322.0,208.0,220.0,307.0,True,SOFT,19.0,False,Mercedes,7232.385,2026-07-19 14:08:28.482,1,1.0,False,,False,True
7451.546,ANT,12,109.856,35.0,2.0,,,31.217,49.418,29.221,7373.03,7422.448,7451.669,309.0,207.0,214.0,300.0,False,SOFT,20.0,False,Mercedes,7341.69,2026-07-19 14:10:17.787,1,1.0,True,TRACK LIMITS AT TURN 4 LAP 35 ,False,True
7561.619,ANT,12,110.073,36.0,2.0,,,31.621,49.373,29.079,7483.29,7532.663,7561.742,308.0,207.0,217.0,301.0,False,SOFT,21.0,False,Mercedes,7451.546,2026-07-19 14:12:07.643,1,1.0,False,,False,True
7671.32,ANT,12,109.701,37.0,2.0,,,31.597,49.072,29.032,7593.339,7642.411,7671.443,309.0,209.0,216.0,299.0,False,SOFT,22.0,False,Mercedes,7561.619,2026-07-19 14:13:57.716,1,1.0,False,,False,True
7781.0,ANT,12,109.68,38.0,2.0,,,31.503,49.125,29.052,7702.946,7752.071,7781.123,309.0,205.0,214.0,300.0,False,SOFT,23.0,False,Mercedes,7671.32,2026-07-19 14:15:47.417,1,1.0,False,,False,True
7890.629,ANT,12,109.629,39.0,2.0,,,31.523,49.168,28.938,7812.646,7861.814,7890.752,310.0,206.0,215.0,301.0,False,SOFT,24.0,False,Mercedes,7781.0,2026-07-19 14:17:37.097,1,1.0,False,,False,True
8000.294,ANT,12,109.665,40.0,2.0,,,31.343,49.364,28.958,7922.095,7971.459,8000.417,310.0,207.0,214.0,301.0,False,SOFT,25.0,False,Mercedes,7890.629,2026-07-19 14:19:26.726,1,1.0,False,,False,True
8109.392,ANT,12,109.098,41.0,2.0,,,31.318,48.904,28.876,8031.735,8080.639,8109.515,313.0,206.0,214.0,305.0,True,SOFT,26.0,False,Mercedes,8000.294,2026-07-19 14:21:16.391,1,1.0,False,,False,True
8218.749,ANT,12,109.357,42.0,2.0,,,31.134,49.327,28.896,8140.649,8189.976,8218.872,316.0,206.0,213.0,303.0,False,SOFT,27.0,False,Mercedes,8109.392,2026-07-19 14:23:05.489,1,1.0,False,,False,True
8328.635,ANT,12,109.886,43.0,2.0,,,31.268,49.5,29.118,8250.14,8299.64,8328.758,314.0,206.0,213.0,303.0,False,SOFT,28.0,False,Mercedes,8218.749,2026-07-19 14:24:54.846,1,1.0,False,,False,True
8438.598,ANT,12,109.963,44.0,2.0,,,31.26,49.72,28.983,8360.018,8409.738,8438.721,316.0,205.0,205.0,302.0,False,SOFT,29.0,False,Mercedes,8328.635,2026-07-19 14:26:44.732,1,1.0,False,,False,True
3480.026,LEC,16,123.706,1.0,1.0,,,,50.445,39.336,,3440.748,3480.13,323.0,204.0,200.0,295.0,False,MEDIUM,1.0,True,Ferrari,3355.977,2026-07-19 13:03:52.074,124,2.0,False,,False,False
3647.075,LEC,16,,2.0,1.0,,,46.114,77.706,43.317,3526.151,3603.892,3647.133,174.0,119.0,190.0,165.0,False,MEDIUM,2.0,True,Ferrari,3480.026,2026-07-19 13:05:56.123,4,2.0,False,,False,False
3807.601,LEC,16,,3.0,1.0,,,42.937,73.907,43.715,3690.117,3763.944,3807.864,143.0,110.0,197.0,161.0,False,MEDIUM,3.0,True,Ferrari,3647.075,2026-07-19 13:08:43.172,4,2.0,False,,False,False
3970.71,LEC,16,,4.0,1.0,,,41.71,72.198,49.218,3849.51,3921.665,3970.976,253.0,137.0,219.0,261.0,False,MEDIUM,4.0,True,Ferrari,3807.601,2026-07-19 13:11:23.698,41,2.0,False,,False,False
4082.384,LEC,16,111.674,5.0,1.0,,,32.023,49.845,29.806,4002.791,4052.636,4082.442,306.0,203.0,212.0,285.0,True,MEDIUM,5.0,True,Ferrari,3970.71,2026-07-19 13:14:06.807,1,2.0,False,,False,True
4194.364,LEC,16,111.98,6.0,1.0,,,31.713,50.403,29.864,4114.155,4164.558,4194.422,308.0,208.0,211.0,297.0,False,MEDIUM,6.0,True,Ferrari,4082.384,2026-07-19 13:15:58.481,1,3.0,False,,False,True
4305.482,LEC,16,111.118,7.0,1.0,,,31.46,49.938,29.72,4225.882,4275.82,4305.54,320.0,203.0,211.0,300.0,True,MEDIUM,7.0,True,Ferrari,4194.364,2026-07-19 13:17:50.461,1,3.0,False,,False,True
4417.052,LEC,16,111.57,8.0,1.0,,,31.511,50.211,29.848,4337.051,4387.262,4417.11,315.0,202.0,210.0,300.0,False,MEDIUM,8.0,True,Ferrari,4305.482,2026-07-19 13:19:41.579,12,3.0,False,,False,True
4527.703,LEC,16,110.651,9.0,1.0,,,31.29,49.648,29.713,4448.4,4498.048,4527.761,317.0,203.0,210.0,299.0,True,MEDIUM,9.0,True,Ferrari,4417.052,2026-07-19 13:21:33.149,1,3.0,False,,False,True
4638.488,LEC,16,110.785,10.0,1.0,,,31.342,49.697,29.746,4559.103,4608.8,4638.546,320.0,201.0,211.0,300.0,False,MEDIUM,10.0,True,Ferrari,4527.703,2026-07-19 13:23:23.800,1,3.0,False,,False,True
4749.697,LEC,16,111.209,11.0,1.0,,,31.299,50.175,29.735,4669.845,4720.02,4749.755,322.0,203.0,212.0,301.0,False,MEDIUM,11.0,True,Ferrari,4638.488,2026-07-19 13:25:14.585,1,3.0,False,,False,True
4860.921,LEC,16,111.224,12.0,1.0,,,31.514,49.94,29.77,4781.269,4831.209,4860.979,324.0,202.0,205.0,296.0,False,MEDIUM,12.0,True,Ferrari,4749.697,2026-07-19 13:27:05.794,1,3.0,False,,False,True
4972.273,LEC,16,111.352,13.0,1.0,,,31.692,50.015,29.645,4892.671,4942.686,4972.331,318.0,203.0,211.0,295.0,False,MEDIUM,13.0,True,Ferrari,4860.921,2026-07-19 13:28:57.018,1,3.0,False,,False,True
5083.305,LEC,16,111.032,14.0,1.0,,,31.588,49.914,29.53,5003.919,5053.833,5083.363,317.0,203.0,211.0,300.0,False,MEDIUM,14.0,True,Ferrari,4972.273,2026-07-19 13:30:48.370,1,3.0,False,,False,True
5194.411,LEC,16,111.106,15.0,1.0,,,31.584,50.041,29.481,5114.947,5164.988,5194.469,317.0,204.0,212.0,300.0,False,MEDIUM,15.0,True,Ferrari,5083.305,2026-07-19 13:32:39.402,1,3.0,False,,False,True
5305.78,LEC,16,111.369,16.0,1.0,,,31.534,50.287,29.548,5226.003,5276.29,5305.838,318.0,203.0,212.0,300.0,False,MEDIUM,16.0,True,Ferrari,5194.411,2026-07-19 13:34:30.508,1,3.0,False,,False,True
5417.016,LEC,16,111.236,17.0,1.0,,,31.579,50.075,29.582,5337.417,5387.492,5417.074,319.0,202.0,211.0,300.0,False,MEDIUM,17.0,True,Ferrari,5305.78,2026-07-19 13:36:21.877,1,2.0,False,,False,True
5540.665,LEC,16,123.649,18.0,1.0,,,31.67,56.518,35.461,5448.744,5505.262,5540.723,311.0,158.0,212.0,298.0,False,MEDIUM,18.0,True,Ferrari,5417.016,2026-07-19 13:38:13.113,167,2.0,False,,False,False
5651.527,LEC,16,110.862,19.0,1.0,,,31.633,49.493,29.736,5572.356,5621.849,5651.585,305.0,206.0,212.0,299.0,False,MEDIUM,19.0,True,Ferrari,5540.665,2026-07-19 13:40:16.762,1,1.0,False,,False,True
5780.493,LEC,16,128.966,20.0,1.0,,5776.846,31.708,53.359,43.899,5683.293,5736.652,5780.551,305.0,160.0,,297.0,False,MEDIUM,20.0,True,Ferrari,5651.527,2026-07-19 13:42:07.624,16,1.0,False,,False,False
5912.318,LEC,16,131.825,21.0,2.0,5799.879,,52.988,49.359,29.478,5833.539,5882.898,5912.376,288.0,209.0,214.0,233.0,False,HARD,1.0,True,Ferrari,5780.493,2026-07-19 13:44:16.590,671,2.0,False,,False,False
6022.136,LEC,16,109.818,22.0,2.0,,,31.034,48.974,29.81,5943.41,5992.384,6022.194,318.0,207.0,215.0,301.0,True,HARD,2.0,True,Ferrari,5912.318,2026-07-19 13:46:28.415,1,2.0,False,,False,True
6131.469,LEC,16,109.333,23.0,2.0,,,30.732,48.948,29.653,6052.926,6101.874,6131.527,320.0,206.0,213.0,305.0,True,HARD,3.0,True,Ferrari,6022.136,2026-07-19 13:48:18.233,1,1.0,False,,False,True
6240.962,LEC,16,109.493,24.0,2.0,,,31.411,48.456,29.626,6162.938,6211.394,6241.02,309.0,207.0,214.0,299.0,False,HARD,4.0,True,Ferrari,6131.469,2026-07-19 13:50:07.566,1,1.0,False,,False,True
6351.05,LEC,16,110.088,25.0,2.0,,,31.591,48.798,29.699,6272.611,6321.409,6351.108,307.0,208.0,212.0,300.0,False,HARD,5.0,True,Ferrari,6240.962,2026-07-19 13:51:57.059,1,1.0,False,,False,True
6460.957,LEC,16,109.907,26.0,2.0,,,31.41,49.003,29.494,6382.518,6431.521,6461.015,314.0,206.0,214.0,299.0,False,HARD,6.0,True,Ferrari,6351.05,2026-07-19 13:53:47.147,1,1.0,False,,False,True
6570.945,LEC,16,109.988,27.0,2.0,,,31.592,48.921,29.475,6492.607,6541.528,6571.003,311.0,207.0,212.0,299.0,False,HARD,7.0,True,Ferrari,6460.957,2026-07-19 13:55:37.054,1,1.0,False,,False,True
6680.85,LEC,16,109.905,28.0,2.0,,,31.414,49.076,29.415,6602.417,6651.493,6680.908,314.0,209.0,213.0,300.0,False,HARD,8.0,True,Ferrari,6570.945,2026-07-19 13:57:27.042,1,1.0,False,,False,True
6790.856,LEC,16,110.006,29.0,2.0,,,31.508,48.806,29.692,6712.416,6761.222,6790.914,310.0,209.0,214.0,300.0,False,HARD,9.0,True,Ferrari,6680.85,2026-07-19 13:59:16.947,1,1.0,False,,False,True
6901.009,LEC,16,110.153,30.0,2.0,,,31.431,49.136,29.586,6822.345,6871.481,6901.067,311.0,208.0,214.0,300.0,False,HARD,10.0,True,Ferrari,6790.856,2026-07-19 14:01:06.953,1,1.0,False,,False,True
7011.379,LEC,16,110.37,31.0,2.0,,,31.554,49.237,29.579,6932.621,6981.858,7011.437,310.0,209.0,213.0,300.0,False,HARD,11.0,True,Ferrari,6901.009,2026-07-19 14:02:57.106,1,1.0,False,,False,True
7121.578,LEC,16,110.199,32.0,2.0,,,31.485,49.291,29.423,7042.922,7092.213,7121.636,308.0,209.0,214.0,302.0,False,HARD,12.0,True,Ferrari,7011.379,2026-07-19 14:04:47.476,1,1.0,False,,False,True
7231.807,LEC,16,110.229,33.0,2.0,,,31.28,49.155,29.794,7152.916,7202.071,7231.865,310.0,206.0,213.0,303.0,False,HARD,13.0,True,Ferrari,7121.578,2026-07-19 14:06:37.675,1,1.0,False,,False,True
7342.479,LEC,16,110.672,34.0,2.0,,,31.324,49.782,29.566,7263.189,7312.971,7342.537,309.0,206.0,214.0,301.0,False,HARD,14.0,True,Ferrari,7231.807,2026-07-19 14:08:27.904,1,2.0,False,,False,True
7452.407,LEC,16,109.928,35.0,2.0,,,31.045,49.552,29.331,7373.582,7423.134,7452.465,321.0,204.0,215.0,302.0,False,HARD,15.0,True,Ferrari,7342.479,2026-07-19 14:10:18.576,1,2.0,False,,False,True
7562.569,LEC,16,110.162,36.0,2.0,,,31.162,49.78,29.22,7483.627,7533.407,7562.627,324.0,205.0,215.0,304.0,False,HARD,16.0,True,Ferrari,7452.407,2026-07-19 14:12:08.504,1,2.0,False,,False,True
7672.285,LEC,16,109.716,37.0,2.0,,,31.161,49.488,29.067,7593.788,7643.276,7672.343,322.0,206.0,216.0,302.0,False,HARD,17.0,True,Ferrari,7562.569,2026-07-19 14:13:58.666,1,2.0,False,,False,True
7782.355,LEC,16,110.07,38.0,2.0,,,31.411,49.442,29.217,7703.754,7753.196,7782.413,322.0,205.0,216.0,301.0,False,HARD,18.0,True,Ferrari,7672.285,2026-07-19 14:15:48.382,1,2.0,False,,False,True
7892.2,LEC,16,109.845,39.0,2.0,,,31.195,49.482,29.168,7813.608,7863.09,7892.258,317.0,206.0,215.0,303.0,False,HARD,19.0,True,Ferrari,7782.355,2026-07-19 14:17:38.452,1,2.0,False,,False,True
8001.83,LEC,16,109.63,40.0,2.0,,,31.174,49.133,29.323,7923.432,7972.565,8001.888,313.0,206.0,215.0,301.0,False,HARD,20.0,True,Ferrari,7892.2,2026-07-19 14:19:28.297,1,2.0,False,,False,True
8111.379,LEC,16,109.549,41.0,2.0,,,31.133,49.036,29.38,8033.021,8082.057,8111.437,316.0,204.0,215.0,305.0,False,HARD,21.0,True,Ferrari,8001.83,2026-07-19 14:21:17.927,1,2.0,False,,False,True
8221.355,LEC,16,109.976,42.0,2.0,,,31.185,49.486,29.305,8142.622,8192.108,8221.413,314.0,207.0,215.0,304.0,False,HARD,22.0,True,Ferrari,8111.379,2026-07-19 14:23:07.476,1,2.0,False,,False,True
8331.199,LEC,16,109.844,43.0,2.0,,,31.212,49.237,29.395,8252.625,8301.862,8331.257,314.0,206.0,215.0,302.0,False,HARD,23.0,True,Ferrari,8221.355,2026-07-19 14:24:57.452,1,2.0,False,,False,True
8440.613,LEC,16,109.414,44.0,2.0,,,31.221,49.385,28.808,8362.478,8411.863,8440.671,315.0,202.0,219.0,302.0,False,HARD,24.0,True,Ferrari,8331.199,2026-07-19 14:26:47.296,1,2.0,False,,False,True
3481.653,VER,3,125.369,1.0,1.0,,,,51.029,40.391,,3441.329,3481.741,299.0,194.0,178.0,288.0,False,MEDIUM,1.0,True,Red Bull Racing,3355.977,2026-07-19 13:03:52.074,124,3.0,False,,False,False
3648.285,VER,3,,2.0,1.0,,,45.495,78.753,42.436,3527.244,3606.017,3648.352,185.0,67.0,187.0,240.0,False,MEDIUM,2.0,True,Red Bull Racing,3481.653,2026-07-19 13:05:57.750,4,3.0,False,,False,False
3808.796,VER,3,,3.0,1.0,,,43.061,73.679,43.737,3691.447,3765.168,3808.973,203.0,147.0,183.0,240.0,False,MEDIUM,3.0,True,Red Bull Racing,3648.285,2026-07-19 13:08:44.382,4,3.0,False,,False,False
3971.631,VER,3,,4.0,1.0,,,41.711,72.078,49.115,3850.648,3922.639,3971.797,247.0,142.0,210.0,269.0,False,MEDIUM,4.0,True,Red Bull Racing,3808.796,2026-07-19 13:11:24.893,41,3.0,False,,False,False
4082.932,VER,3,111.301,5.0,1.0,,,31.396,50.173,29.732,4003.094,4053.267,4082.999,317.0,200.0,210.0,288.0,True,MEDIUM,5.0,True,Red Bull Racing,3971.631,2026-07-19 13:14:07.728,1,3.0,False,,False,True
4193.519,VER,3,110.587,6.0,1.0,,,31.078,49.712,29.797,4114.077,4163.789,4193.586,320.0,198.0,210.0,293.0,True,MEDIUM,6.0,True,Red Bull Racing,4082.932,2026-07-19 13:15:59.029,1,2.0,False,,False,True
4304.647,VER,3,111.128,7.0,1.0,,,31.476,49.951,29.701,4225.062,4275.013,4304.714,315.0,194.0,209.0,289.0,False,MEDIUM,7.0,True,Red Bull Racing,4193.519,2026-07-19 13:17:49.616,1,2.0,False,,False,True
4415.68,VER,3,111.033,8.0,1.0,,,31.569,49.831,29.633,4336.283,4386.114,4415.747,314.0,197.0,210.0,287.0,False,MEDIUM,8.0,True,Red Bull Racing,4304.647,2026-07-19 13:19:40.744,12,2.0,False,,False,True
4526.727,VER,3,111.047,9.0,1.0,,,31.626,49.729,29.692,4447.373,4497.102,4526.794,313.0,195.0,208.0,287.0,False,MEDIUM,9.0,True,Red Bull Racing,4415.68,2026-07-19 13:21:31.777,1,2.0,False,,False,True
4637.817,VER,3,111.09,10.0,1.0,,,31.642,49.69,29.758,4558.436,4608.126,4637.884,312.0,196.0,211.0,286.0,False,MEDIUM,10.0,True,Red Bull Racing,4526.727,2026-07-19 13:23:22.824,1,2.0,False,,False,True
4748.937,VER,3,111.12,11.0,1.0,,,31.708,49.648,29.764,4669.592,4719.24,4749.004,310.0,196.0,211.0,287.0,False,MEDIUM,11.0,True,Red Bull Racing,4637.817,2026-07-19 13:25:13.914,1,2.0,False,,False,True
4860.03,VER,3,111.093,12.0,1.0,,,31.65,49.65,29.793,4780.654,4830.304,4860.097,312.0,199.0,211.0,287.0,False,MEDIUM,12.0,True,Red Bull Racing,4748.937,2026-07-19 13:27:05.034,1,2.0,False,,False,True
4971.19,VER,3,111.16,13.0,1.0,,,31.63,49.722,29.808,4891.727,4941.449,4971.257,311.0,202.0,211.0,286.0,False,MEDIUM,13.0,True,Red Bull Racing,4860.03,2026-07-19 13:28:56.127,1,2.0,False,,False,True
5082.332,VER,3,111.142,14.0,1.0,,,31.62,49.641,29.881,5002.877,5052.518,5082.399,311.0,197.0,211.0,287.0,False,MEDIUM,14.0,True,Red Bull Racing,4971.19,2026-07-19 13:30:47.287,1,2.0,False,,False,True
5193.573,VER,3,111.241,15.0,1.0,,,31.668,49.78,29.793,5114.067,5163.847,5193.64,311.0,198.0,211.0,285.0,False,MEDIUM,15.0,True,Red Bull Racing,5082.332,2026-07-19 13:32:38.429,1,2.0,False,,False,True
5304.891,VER,3,111.318,16.0,1.0,,,31.692,49.855,29.771,5225.332,5275.187,5304.958,311.0,198.0,210.0,287.0,False,MEDIUM,16.0,True,Red Bull Racing,5193.573,2026-07-19 13:34:29.670,1,2.0,False,,False,True
5420.609,VER,3,115.718,17.0,1.0,,5416.882,31.71,49.777,34.231,5336.668,5386.445,5420.676,311.0,197.0,,286.0,False,MEDIUM,17.0,True,Red Bull Racing,5304.891,2026-07-19 13:36:20.988,1,4.0,False,,False,False
5557.705,VER,3,137.096,18.0,2.0,5440.05,,46.038,61.121,29.937,5466.714,5527.835,5557.772,307.0,202.0,211.0,284.0,False,HARD,1.0,True,Red Bull Racing,5420.609,2026-07-19 13:38:16.706,167,6.0,False,,False,False
5667.736,VER,3,110.031,19.0,2.0,,,31.505,49.062,29.464,5589.277,5638.339,5667.803,312.0,203.0,214.0,287.0,True,HARD,2.0,True,Red Bull Racing,5557.705,2026-07-19 13:40:33.802,1,6.0,False,,False,True
5797.049,VER,3,129.313,20.0,2.0,,,31.309,57.599,40.405,5699.112,5756.711,5797.116,313.0,149.0,179.0,289.0,False,HARD,3.0,True,Red Bull Racing,5667.736,2026-07-19 13:42:23.833,16,6.0,False,,False,False
5918.297,VER,3,121.248,21.0,2.0,,,42.246,49.199,29.803,5839.362,5888.561,5918.364,278.0,201.0,213.0,260.0,False,HARD,4.0,True,Red Bull Racing,5797.049,2026-07-19 13:44:33.146,671,4.0,False,,False,False
6028.023,VER,3,109.726,22.0,2.0,,,31.332,48.925,29.469,5949.696,5998.621,6028.09,313.0,202.0,212.0,289.0,True,HARD,5.0,True,Red Bull Racing,5918.297,2026-07-19 13:46:34.394,1,4.0,False,,False,True
6137.641,VER,3,109.618,23.0,2.0,,,31.403,48.669,29.546,6059.493,6108.162,6137.708,311.0,203.0,214.0,288.0,True,HARD,6.0,True,Red Bull Racing,6028.023,2026-07-19 13:48:24.120,1,4.0,False,,False,True
6247.271,VER,3,109.63,24.0,2.0,,,31.376,48.756,29.498,6169.084,6217.84,6247.338,312.0,202.0,213.0,288.0,False,HARD,7.0,True,Red Bull Racing,6137.641,2026-07-19 13:50:13.738,1,4.0,False,,False,True
6357.072,VER,3,109.801,25.0,2.0,,,31.373,48.959,29.469,6278.711,6327.67,6357.139,311.0,202.0,212.0,291.0,False,HARD,8.0,True,Red Bull Racing,6247.271,2026-07-19 13:52:03.368,1,4.0,False,,False,True
6467.144,VER,3,110.072,26.0,2.0,,,31.35,49.313,29.409,6388.489,6437.802,6467.211,316.0,197.0,213.0,289.0,False,HARD,9.0,True,Red Bull Racing,6357.072,2026-07-19 13:53:53.169,1,4.0,False,,False,True
6577.245,VER,3,110.101,27.0,2.0,,,31.6,49.23,29.271,6498.811,6548.041,6577.312,318.0,199.0,212.0,288.0,False,HARD,10.0,True,Red Bull Racing,6467.144,2026-07-19 13:55:43.241,1,4.0,False,,False,True
6687.583,VER,3,110.338,28.0,2.0,,,31.106,49.82,29.412,6608.418,6658.238,6687.65,326.0,195.0,213.0,292.0,False,HARD,11.0,True,Red Bull Racing,6577.245,2026-07-19 13:57:33.342,1,4.0,False,,False,True
6797.951,VER,3,110.368,29.0,2.0,,,30.752,50.084,29.532,6718.402,6768.486,6798.018,332.0,200.0,213.0,299.0,False,HARD,12.0,True,Red Bull Racing,6687.583,2026-07-19 13:59:23.680,1,3.0,False,,False,True
6908.257,VER,3,110.306,30.0,2.0,,,31.467,49.363,29.476,6829.485,6878.848,6908.324,313.0,202.0,212.0,289.0,False,HARD,13.0,True,Red Bull Racing,6797.951,2026-07-19 14:01:14.048,1,3.0,False,,False,True
7018.452,VER,3,110.195,31.0,2.0,,,31.546,49.206,29.443,6939.87,6989.076,7018.519,312.0,203.0,213.0,288.0,False,HARD,14.0,True,Red Bull Racing,6908.257,2026-07-19 14:03:04.354,1,3.0,False,,False,True
7128.876,VER,3,110.424,32.0,2.0,,,31.514,49.375,29.535,7050.033,7099.408,7128.943,310.0,202.0,214.0,290.0,False,HARD,15.0,True,Red Bull Racing,7018.452,2026-07-19 14:04:54.549,1,3.0,False,,False,True
7238.944,VER,3,110.068,33.0,2.0,,,31.417,49.204,29.447,7160.36,7209.564,7239.011,310.0,205.0,214.0,290.0,False,HARD,16.0,True,Red Bull Racing,7128.876,2026-07-19 14:06:44.973,1,3.0,False,,False,True
7349.642,VER,3,110.698,34.0,2.0,,,31.509,49.472,29.717,7270.52,7319.992,7349.709,309.0,202.0,214.0,294.0,False,HARD,17.0,True,Red Bull Racing,7238.944,2026-07-19 14:08:35.041,1,3.0,False,,False,True
7460.049,VER,3,110.407,35.0,2.0,,,31.503,49.351,29.553,7381.212,7430.563,7460.116,306.0,202.0,215.0,292.0,False,HARD,18.0,True,Red Bull Racing,7349.642,2026-07-19 14:10:25.739,1,3.0,False,,False,True
7570.247,VER,3,110.198,36.0,2.0,,,31.573,49.144,29.481,7491.689,7540.833,7570.314,306.0,203.0,213.0,291.0,False,HARD,19.0,True,Red Bull Racing,7460.049,2026-07-19 14:12:16.146,1,3.0,False,,False,True
7680.339,VER,3,110.092,37.0,2.0,,,31.627,49.054,29.411,7601.941,7650.995,7680.406,306.0,204.0,214.0,289.0,False,HARD,20.0,True,Red Bull Racing,7570.247,2026-07-19 14:14:06.344,1,3.0,False,,False,True
7790.691,VER,3,110.352,38.0,2.0,,,31.625,49.209,29.518,7712.031,7761.24,7790.758,306.0,204.0,215.0,291.0,False,HARD,21.0,True,Red Bull Racing,7680.339,2026-07-19 14:15:56.436,1,3.0,False,,False,True
7900.978,VER,3,110.287,39.0,2.0,,,31.424,49.13,29.733,7822.182,7871.312,7901.045,307.0,208.0,215.0,294.0,False,HARD,22.0,True,Red Bull Racing,7790.691,2026-07-19 14:17:46.788,1,3.0,False,,False,True
8010.631,VER,3,109.653,40.0,2.0,,,31.263,49.021,29.369,7932.308,7981.329,8010.698,308.0,206.0,213.0,297.0,False,HARD,23.0,True,Red Bull Racing,7900.978,2026-07-19 14:19:37.075,1,3.0,False,,False,True
8120.554,VER,3,109.923,41.0,2.0,,,31.313,49.114,29.496,8042.011,8091.125,8120.621,309.0,207.0,215.0,298.0,False,HARD,24.0,True,Red Bull Racing,8010.631,2026-07-19 14:21:26.728,1,3.0,False,,False,True
8230.414,VER,3,109.86,42.0,2.0,,,31.178,49.175,29.507,8151.799,8200.974,8230.481,309.0,208.0,212.0,296.0,False,HARD,25.0,True,Red Bull Racing,8120.554,2026-07-19 14:23:16.651,1,3.0,False,,False,True
8340.471,VER,3,110.057,43.0,2.0,,,31.265,49.117,29.675,8261.746,8310.863,8340.538,313.0,208.0,212.0,297.0,False,HARD,26.0,True,Red Bull Racing,8230.414,2026-07-19 14:25:06.511,1,3.0,False,,False,True
8450.262,VER,3,109.791,44.0,2.0,,,31.259,49.349,29.183,8371.797,8421.146,8450.329,310.0,204.0,210.0,295.0,False,HARD,27.0,True,Red Bull Racing,8340.471,2026-07-19 14:26:56.568,1,3.0,False,,False,True
3486.907,HAM,44,130.66,1.0,1.0,,,,53.401,43.1,,3443.905,3487.08,324.0,202.0,196.0,293.0,False,MEDIUM,1.0,True,Ferrari,3355.977,2026-07-19 13:03:52.074,124,5.0,False,,False,False
3651.863,HAM,44,,2.0,1.0,,,42.961,77.208,44.802,3529.951,3607.218,3652.116,182.0,64.0,162.0,267.0,False,MEDIUM,2.0,True,Ferrari,3486.907,2026-07-19 13:06:03.004,4,5.0,False,,False,False
3811.473,HAM,44,,3.0,1.0,,,42.071,73.258,44.291,3694.079,3767.28,3811.709,195.0,117.0,148.0,233.0,False,MEDIUM,3.0,True,Ferrari,3651.863,2026-07-19 13:08:47.960,4,5.0,False,,False,False
3972.436,HAM,44,,4.0,1.0,,,41.704,71.214,48.077,3853.406,3924.571,3972.67,218.0,107.0,225.0,264.0,False,MEDIUM,4.0,True,Ferrari,3811.473,2026-07-19 13:11:27.570,41,5.0,False,,False,False
4084.392,HAM,44,111.956,5.0,1.0,,,31.787,50.624,29.545,4004.321,4054.945,4084.49,313.0,204.0,213.0,288.0,True,MEDIUM,5.0,True,Ferrari,3972.436,2026-07-19 13:14:08.533,1,5.0,False,,False,True
4195.649,HAM,44,111.257,6.0,1.0,,,31.179,50.39,29.688,4115.669,4166.059,4195.747,326.0,203.0,211.0,302.0,True,MEDIUM,6.0,True,Ferrari,4084.392,2026-07-19 13:16:00.489,1,5.0,False,,False,True
4306.421,HAM,44,110.772,7.0,1.0,,,30.912,50.471,29.389,4226.659,4277.13,4306.519,333.0,203.0,212.0,304.0,True,MEDIUM,7.0,True,Ferrari,4195.649,2026-07-19 13:17:51.746,1,5.0,False,,False,True
4418.098,HAM,44,111.677,8.0,1.0,,,30.734,51.617,29.326,4337.253,4388.87,4418.196,339.0,199.0,212.0,307.0,False,MEDIUM,8.0,True,Ferrari,4306.421,2026-07-19 13:19:42.518,12,5.0,False,,False,True
4528.297,HAM,44,110.199,9.0,1.0,,,30.909,50.012,29.278,4449.105,4499.117,4528.395,339.0,204.0,212.0,300.0,True,MEDIUM,9.0,True,Ferrari,4418.098,2026-07-19 13:21:34.195,1,4.0,False,,False,True
4639.11,HAM,44,110.813,10.0,1.0,,,31.063,50.27,29.48,4559.458,4609.728,4639.208,328.0,202.0,209.0,298.0,False,MEDIUM,10.0,True,Ferrari,4528.297,2026-07-19 13:23:24.394,1,4.0,False,,False,True
4750.189,HAM,44,111.079,11.0,1.0,,,31.006,50.568,29.505,4670.214,4720.782,4750.287,333.0,199.0,211.0,305.0,False,MEDIUM,11.0,True,Ferrari,4639.11,2026-07-19 13:25:15.207,1,4.0,False,,False,True
4861.609,HAM,44,111.42,12.0,1.0,,,31.08,50.892,29.448,4781.367,4832.259,4861.707,327.0,202.0,211.0,300.0,False,MEDIUM,12.0,True,Ferrari,4750.189,2026-07-19 13:27:06.286,1,4.0,False,,False,True
4973.316,HAM,44,111.707,13.0,1.0,,,,,29.478,,,4973.58,327.0,201.0,212.0,300.0,False,MEDIUM,13.0,True,Ferrari,4861.609,2026-07-19 13:28:57.706,1,4.0,False,,False,False
5084.484,HAM,44,111.168,14.0,1.0,,,31.123,50.412,29.633,5004.537,5054.949,5084.582,327.0,199.0,211.0,302.0,False,MEDIUM,14.0,True,Ferrari,4973.316,2026-07-19 13:30:49.413,1,4.0,False,,False,True
5195.906,HAM,44,111.422,15.0,1.0,,,31.251,50.556,29.615,5115.833,5166.389,5196.004,323.0,200.0,210.0,303.0,False,MEDIUM,15.0,True,Ferrari,5084.484,2026-07-19 13:32:40.581,1,4.0,False,,False,True
5307.675,HAM,44,111.769,16.0,1.0,,,31.361,50.7,29.708,5227.365,5278.065,5307.773,320.0,199.0,211.0,302.0,False,MEDIUM,16.0,True,Ferrari,5195.906,2026-07-19 13:34:32.003,1,4.0,False,,False,True
5419.239,HAM,44,111.564,17.0,1.0,,,31.414,50.465,29.685,5339.187,5389.652,5419.337,317.0,198.0,212.0,301.0,False,MEDIUM,17.0,True,Ferrari,5307.675,2026-07-19 13:36:23.772,1,3.0,False,,False,True
5542.099,HAM,44,122.86,18.0,1.0,,,31.504,57.643,33.713,5450.841,5508.484,5542.197,314.0,149.0,219.0,301.0,False,MEDIUM,18.0,True,Ferrari,5419.239,2026-07-19 13:38:15.336,167,3.0,True,TRACK LIMITS AT TURN 4 LAP 18 ,False,False
5654.902,HAM,44,112.803,19.0,1.0,,,32.376,50.641,29.786,5574.573,5625.214,5655.0,300.0,200.0,211.0,286.0,False,MEDIUM,19.0,True,Ferrari,5542.099,2026-07-19 13:40:18.196,1,2.0,False,,False,True
5785.911,HAM,44,131.009,20.0,1.0,,5782.234,31.453,55.34,44.216,5686.453,5741.793,5786.009,313.0,124.0,,299.0,False,MEDIUM,20.0,True,Ferrari,5654.902,2026-07-19 13:42:10.999,16,2.0,False,,False,False
5924.819,HAM,44,138.908,21.0,2.0,5814.639,,59.872,49.681,29.355,5845.881,5895.562,5924.917,333.0,207.0,216.0,259.0,False,HARD,1.0,True,Ferrari,5785.911,2026-07-19 13:44:22.008,671,6.0,False,,False,False
6034.908,HAM,44,110.089,22.0,2.0,,,31.205,49.116,29.768,5956.122,6005.238,6035.006,316.0,208.0,214.0,301.0,True,HARD,2.0,True,Ferrari,5924.819,2026-07-19 13:46:40.916,1,6.0,False,,False,True
6144.423,HAM,44,109.515,23.0,2.0,,,31.106,48.913,29.496,6066.112,6115.025,6144.521,315.0,207.0,214.0,301.0,True,HARD,3.0,True,Ferrari,6034.908,2026-07-19 13:48:31.005,1,6.0,False,,False,True
6254.947,HAM,44,110.524,24.0,2.0,,,31.62,49.294,29.61,6176.141,6225.435,6255.045,314.0,206.0,214.0,297.0,False,HARD,4.0,True,Ferrari,6144.423,2026-07-19 13:50:20.520,1,6.0,False,,False,True
6365.279,HAM,44,110.332,25.0,2.0,,,31.344,49.437,29.551,6286.389,6335.826,6365.377,313.0,202.0,215.0,302.0,False,HARD,5.0,True,Ferrari,6254.947,2026-07-19 13:52:11.044,1,6.0,False,,False,True
6475.421,HAM,44,110.142,26.0,2.0,,,31.221,49.476,29.445,6396.598,6446.074,6475.519,314.0,205.0,215.0,302.0,False,HARD,6.0,True,Ferrari,6365.279,2026-07-19 13:54:01.376,1,6.0,False,,False,True
6585.584,HAM,44,110.163,27.0,2.0,,,31.283,49.459,29.421,6506.802,6556.261,6585.682,315.0,205.0,215.0,300.0,False,HARD,7.0,True,Ferrari,6475.421,2026-07-19 13:55:51.518,1,6.0,False,,False,True
6695.666,HAM,44,110.082,28.0,2.0,,,31.335,49.346,29.401,6617.017,6666.363,6695.764,314.0,203.0,215.0,299.0,False,HARD,8.0,True,Ferrari,6585.584,2026-07-19 13:57:41.681,1,6.0,False,,False,True
6805.524,HAM,44,109.858,29.0,2.0,,,31.308,49.072,29.478,6727.072,6776.144,6805.622,315.0,206.0,215.0,302.0,False,HARD,9.0,True,Ferrari,6695.666,2026-07-19 13:59:31.763,1,6.0,False,,False,True
6915.538,HAM,44,110.014,30.0,2.0,,,31.234,49.359,29.421,6836.856,6886.215,6915.636,316.0,206.0,213.0,302.0,False,HARD,10.0,True,Ferrari,6805.524,2026-07-19 14:01:21.621,1,6.0,False,,False,True
7025.405,HAM,44,109.867,31.0,2.0,,,31.258,49.089,29.52,6946.894,6995.983,7025.503,316.0,205.0,214.0,303.0,False,HARD,11.0,True,Ferrari,6915.538,2026-07-19 14:03:11.635,1,5.0,False,,False,True
7135.031,HAM,44,109.626,32.0,2.0,,,31.148,49.144,29.334,7056.651,7105.795,7135.129,314.0,207.0,214.0,305.0,False,HARD,12.0,True,Ferrari,7025.405,2026-07-19 14:05:01.502,1,5.0,False,,False,True
7244.485,HAM,44,109.454,33.0,2.0,,,31.074,48.95,29.43,7166.203,7215.153,7244.583,316.0,206.0,215.0,304.0,True,HARD,13.0,True,Ferrari,7135.031,2026-07-19 14:06:51.128,1,5.0,False,,False,True
7354.457,HAM,44,109.972,34.0,2.0,,,31.153,49.186,29.633,7275.736,7324.922,7354.555,317.0,204.0,212.0,304.0,False,HARD,14.0,True,Ferrari,7244.485,2026-07-19 14:08:40.582,1,5.0,False,,False,True
7464.617,HAM,44,110.16,35.0,2.0,,,31.17,49.445,29.545,7385.725,7435.17,7464.715,315.0,206.0,214.0,302.0,False,HARD,15.0,True,Ferrari,7354.457,2026-07-19 14:10:30.554,1,5.0,False,,False,True
7574.758,HAM,44,110.141,36.0,2.0,,,31.183,49.423,29.535,7495.898,7545.321,7574.856,318.0,199.0,213.0,305.0,False,HARD,16.0,True,Ferrari,7464.617,2026-07-19 14:12:20.714,1,5.0,False,,False,True
7684.296,HAM,44,109.538,37.0,2.0,,,31.061,49.146,29.331,7605.917,7655.063,7684.394,319.0,204.0,216.0,303.0,False,HARD,17.0,True,Ferrari,7574.758,2026-07-19 14:14:10.855,1,5.0,False,,False,True
7794.176,HAM,44,109.88,38.0,2.0,,,31.247,49.417,29.216,7715.641,7765.058,7794.274,328.0,202.0,217.0,301.0,False,HARD,18.0,True,Ferrari,7684.296,2026-07-19 14:16:00.393,1,5.0,False,,False,True
7904.867,HAM,44,110.691,39.0,2.0,,,30.859,50.779,29.053,7825.133,7875.912,7904.965,338.0,205.0,211.0,302.0,False,HARD,19.0,True,Ferrari,7794.176,2026-07-19 14:17:50.273,1,5.0,False,,False,True
8014.406,HAM,44,109.539,40.0,2.0,,,30.976,49.42,29.143,7935.941,7985.361,8014.504,339.0,204.0,215.0,303.0,False,HARD,20.0,True,Ferrari,7904.867,2026-07-19 14:19:40.964,1,4.0,False,,False,True
8124.089,HAM,44,109.683,41.0,2.0,,,31.232,49.019,29.432,8045.736,8094.755,8124.187,314.0,204.0,214.0,304.0,False,HARD,21.0,True,Ferrari,8014.406,2026-07-19 14:21:30.503,1,4.0,False,,False,True
8234.241,HAM,44,110.152,42.0,2.0,,,31.222,49.364,29.566,8155.409,8204.773,8234.339,310.0,206.0,215.0,304.0,False,HARD,22.0,True,Ferrari,8124.089,2026-07-19 14:23:20.186,1,4.0,False,,False,True
8345.295,HAM,44,111.054,43.0,2.0,,,31.158,50.311,29.585,8265.497,8315.808,8345.393,314.0,201.0,216.0,304.0,False,HARD,23.0,True,Ferrari,8234.241,2026-07-19 14:25:10.338,1,4.0,False,,False,True
8455.914,HAM,44,110.619,44.0,2.0,,,30.999,50.01,29.61,8376.392,8426.402,8456.012,318.0,202.0,214.0,305.0,False,HARD,24.0,True,Ferrari,8345.295,2026-07-19 14:27:01.392,1,4.0,False,,False,True
3485.222,PIA,81,129.005,1.0,1.0,,,,,42.63,,,3485.242,,202.0,152.0,297.0,False,MEDIUM,1.0,True,McLaren,3355.977,2026-07-19 13:03:52.074,124,4.0,False,,False,False
3650.477,PIA,81,,2.0,1.0,,,43.922,77.305,44.013,3529.319,3606.729,3650.497,197.0,64.0,154.0,245.0,False,MEDIUM,2.0,True,McLaren,3485.222,2026-07-19 13:06:01.319,4,4.0,False,,False,False
3810.982,PIA,81,,3.0,1.0,,,43.026,73.014,44.399,3693.589,3766.628,3811.025,209.0,122.0,155.0,246.0,False,MEDIUM,3.0,True,McLaren,3650.477,2026-07-19 13:08:46.574,4,4.0,False,,False,False
3972.25,PIA,81,,4.0,1.0,,,41.406,71.177,48.765,3852.444,3923.625,3972.538,261.0,123.0,222.0,238.0,False,MEDIUM,4.0,True,McLaren,3810.982,2026-07-19 13:11:27.079,41,4.0,False,,False,False
4083.583,PIA,81,111.333,5.0,1.0,,,31.072,50.798,29.463,4003.342,4054.14,4083.603,327.0,203.0,212.0,302.0,True,MEDIUM,5.0,True,McLaren,3972.25,2026-07-19 13:14:08.347,1,4.0,False,,False,True
4195.014,PIA,81,111.431,6.0,1.0,,,31.328,50.354,29.749,4114.931,4165.285,4195.034,319.0,205.0,212.0,301.0,False,MEDIUM,6.0,True,McLaren,4083.583,2026-07-19 13:15:59.680,1,4.0,False,,False,True
4305.93,PIA,81,110.916,7.0,1.0,,,31.088,50.384,29.444,4226.122,4276.506,4305.95,328.0,202.0,213.0,306.0,True,MEDIUM,7.0,True,McLaren,4195.014,2026-07-19 13:17:51.111,1,4.0,False,,False,True
4417.712,PIA,81,111.782,8.0,1.0,,,31.121,51.223,29.438,4337.071,4388.294,4417.732,319.0,201.0,211.0,308.0,False,MEDIUM,8.0,True,McLaren,4305.93,2026-07-19 13:19:42.027,12,4.0,False,,False,True
4529.377,PIA,81,111.665,9.0,1.0,,,31.404,50.838,29.423,4449.136,4499.974,4529.397,313.0,204.0,210.0,303.0,False,MEDIUM,9.0,True,McLaren,4417.712,2026-07-19 13:21:33.809,1,5.0,False,,False,True
4640.111,PIA,81,110.734,10.0,1.0,,,31.212,50.061,29.461,4560.609,4610.67,4640.131,321.0,203.0,215.0,303.0,True,MEDIUM,10.0,True,McLaren,4529.377,2026-07-19 13:23:25.474,1,5.0,False,,False,True
4751.267,PIA,81,111.156,11.0,1.0,,,31.09,50.459,29.607,4671.221,4721.68,4751.287,324.0,200.0,215.0,305.0,False,MEDIUM,11.0,True,McLaren,4640.111,2026-07-19 13:25:16.208,1,5.0,False,,False,True
4863.088,PIA,81,111.821,12.0,1.0,,,31.159,50.893,29.769,4782.446,4833.339,4863.108,321.0,201.0,210.0,306.0,False,MEDIUM,12.0,True,McLaren,4751.267,2026-07-19 13:27:07.364,1,5.0,False,,False,True
4975.216,PIA,81,112.128,13.0,1.0,,,31.429,50.825,29.874,4894.537,4945.362,4975.236,317.0,197.0,204.0,304.0,False,MEDIUM,13.0,True,McLaren,4863.088,2026-07-19 13:28:59.185,1,5.0,False,,False,True
5087.371,PIA,81,112.155,14.0,1.0,,,31.75,50.509,29.896,5006.986,5057.495,5087.391,315.0,202.0,211.0,303.0,False,MEDIUM,14.0,True,McLaren,4975.216,2026-07-19 13:30:51.313,1,5.0,False,,False,True
5199.415,PIA,81,112.044,15.0,1.0,,,31.526,50.61,29.908,5118.917,5169.527,5199.435,315.0,200.0,212.0,304.0,False,MEDIUM,15.0,True,McLaren,5087.371,2026-07-19 13:32:43.468,1,5.0,False,,False,True
5311.59,PIA,81,112.175,16.0,1.0,,,31.509,50.694,29.972,5230.944,5281.638,5311.61,314.0,202.0,212.0,303.0,False,MEDIUM,16.0,True,McLaren,5199.415,2026-07-19 13:34:35.512,1,5.0,False,,False,True
5423.664,PIA,81,112.074,17.0,1.0,,,31.614,50.525,29.935,5343.224,5393.749,5423.684,312.0,202.0,212.0,302.0,False,MEDIUM,17.0,True,McLaren,5311.59,2026-07-19 13:36:27.687,1,5.0,False,,False,True
5546.972,PIA,81,123.308,18.0,1.0,,,31.628,59.511,32.169,5455.312,5514.823,5546.992,310.0,134.0,212.0,302.0,False,MEDIUM,18.0,True,McLaren,5423.664,2026-07-19 13:38:19.761,167,4.0,False,,False,False
5659.812,PIA,81,112.84,19.0,1.0,,,31.668,50.737,30.435,5578.66,5629.397,5659.832,309.0,200.0,213.0,303.0,False,MEDIUM,19.0,True,McLaren,5546.972,2026-07-19 13:40:23.069,1,4.0,False,,False,True
5790.266,PIA,81,130.454,20.0,1.0,,5786.535,31.203,57.077,42.174,5691.035,5748.112,5790.286,313.0,136.0,,308.0,False,MEDIUM,20.0,True,McLaren,5659.812,2026-07-19 13:42:15.909,16,4.0,False,,False,False
5919.575,PIA,81,129.309,21.0,2.0,5809.762,,50.756,49.482,29.071,5841.042,5890.524,5919.595,317.0,208.0,213.0,251.0,False,HARD,1.0,True,McLaren,5790.266,2026-07-19 13:44:26.363,671,5.0,False,,False,False
6029.474,PIA,81,109.899,22.0,2.0,,,31.389,49.033,29.477,5950.984,6000.017,6029.494,315.0,209.0,214.0,300.0,True,HARD,2.0,True,McLaren,5919.575,2026-07-19 13:46:35.672,1,5.0,False,,False,True
6139.036,PIA,81,109.562,23.0,2.0,,,30.917,49.201,29.444,6060.411,6109.612,6139.056,318.0,207.0,213.0,305.0,True,HARD,3.0,True,McLaren,6029.474,2026-07-19 13:48:25.571,1,5.0,False,,False,True
6248.607,PIA,81,109.571,24.0,2.0,,,30.988,49.113,29.47,6170.044,6219.157,6248.627,318.0,209.0,217.0,307.0,False,HARD,4.0,True,McLaren,6139.036,2026-07-19 13:50:15.133,1,5.0,False,,False,True
6358.576,PIA,81,109.969,25.0,2.0,,,30.878,49.53,29.561,6279.505,6329.035,6358.596,320.0,199.0,216.0,308.0,False,HARD,5.0,True,McLaren,6248.607,2026-07-19 13:52:04.704,1,5.0,False,,False,True
6468.367,PIA,81,109.791,26.0,2.0,,,30.882,49.653,29.256,6389.478,6439.131,6468.387,321.0,205.0,213.0,306.0,False,HARD,6.0,True,McLaren,6358.576,2026-07-19 13:53:54.673,1,5.0,False,,False,True
6578.462,PIA,81,110.095,27.0,2.0,,,30.985,49.707,29.403,6499.372,6549.079,6578.482,326.0,204.0,215.0,306.0,False,HARD,7.0,True,McLaren,6468.367,2026-07-19 13:55:44.464,1,5.0,False,,False,True
6688.56,PIA,81,110.098,28.0,2.0,,,30.958,49.751,29.389,6609.44,6659.191,6688.58,322.0,206.0,217.0,305.0,False,HARD,8.0,True,McLaren,6578.462,2026-07-19 13:57:34.559,1,5.0,False,,False,True
6800.089,PIA,81,111.529,29.0,2.0,,,30.888,50.656,29.985,6719.468,6770.124,6800.109,324.0,202.0,214.0,310.0,False,HARD,9.0,True,McLaren,6688.56,2026-07-19 13:59:24.657,1,5.0,False,,False,True
6910.345,PIA,81,110.256,30.0,2.0,,,30.897,50.016,29.343,6831.006,6881.022,6910.365,325.0,204.0,216.0,309.0,False,HARD,10.0,True,McLaren,6800.089,2026-07-19 14:01:16.186,1,4.0,False,,False,True
7020.707,PIA,81,110.362,31.0,2.0,,,31.201,49.623,29.538,6941.566,6991.189,7020.727,317.0,206.0,217.0,306.0,False,HARD,11.0,True,McLaren,6910.345,2026-07-19 14:03:06.442,1,4.0,False,,False,True
7130.908,PIA,81,110.201,32.0,2.0,,,31.061,49.653,29.487,7051.788,7101.441,7130.928,315.0,206.0,213.0,308.0,False,HARD,12.0,True,McLaren,7020.707,2026-07-19 14:04:56.804,1,4.0,False,,False,True
7240.906,PIA,81,109.998,33.0,2.0,,,31.068,49.616,29.314,7161.996,7211.612,7240.926,316.0,206.0,215.0,307.0,False,HARD,13.0,True,McLaren,7130.908,2026-07-19 14:06:47.005,1,4.0,False,,False,True
7351.775,PIA,81,110.869,34.0,2.0,,,31.223,49.958,29.688,7272.149,7322.107,7351.795,316.0,203.0,214.0,305.0,False,HARD,14.0,True,McLaren,7240.906,2026-07-19 14:08:37.003,1,4.0,False,,False,True
7462.513,PIA,81,110.738,35.0,2.0,,,31.232,49.974,29.532,7383.027,7433.001,7462.533,313.0,207.0,215.0,304.0,False,HARD,15.0,True,McLaren,7351.775,2026-07-19 14:10:27.872,1,4.0,False,,False,True
7573.078,PIA,81,110.565,36.0,2.0,,,31.309,49.695,29.561,7493.842,7543.537,7573.098,312.0,203.0,218.0,304.0,False,HARD,16.0,True,McLaren,7462.513,2026-07-19 14:12:18.610,1,4.0,False,,False,True
7683.392,PIA,81,110.314,37.0,2.0,,,31.245,49.605,29.464,7604.343,7653.948,7683.412,312.0,204.0,218.0,303.0,False,HARD,17.0,True,McLaren,7573.078,2026-07-19 14:14:09.175,1,4.0,False,,False,True
7793.748,PIA,81,110.356,38.0,2.0,,,31.245,49.643,29.468,,7764.3,7793.768,311.0,205.0,219.0,305.0,False,HARD,18.0,True,McLaren,7683.392,2026-07-19 14:15:59.489,1,4.0,False,,False,True
7904.466,PIA,81,110.718,39.0,2.0,,,31.195,50.093,29.43,7824.963,7875.056,7904.486,311.0,208.0,215.0,304.0,False,HARD,19.0,True,McLaren,7793.748,2026-07-19 14:17:49.845,1,4.0,False,,False,True
8016.456,PIA,81,111.99,40.0,2.0,,,31.35,51.129,29.511,7935.836,7986.965,8016.476,314.0,203.0,215.0,305.0,False,HARD,20.0,True,McLaren,7904.466,2026-07-19 14:19:40.563,1,5.0,False,,False,True
8126.879,PIA,81,110.423,41.0,2.0,,,31.14,49.79,29.493,8047.616,8097.406,8126.899,316.0,205.0,215.0,307.0,False,HARD,21.0,True,McLaren,8016.456,2026-07-19 14:21:32.553,1,5.0,False,,False,True
8237.455,PIA,81,110.576,42.0,2.0,,,31.092,49.877,29.607,8157.991,8207.868,8237.475,314.0,206.0,217.0,308.0,False,HARD,22.0,True,McLaren,8126.879,2026-07-19 14:23:22.976,1,5.0,False,,False,True
8347.911,PIA,81,110.456,43.0,2.0,,,31.043,49.919,29.494,8268.518,8318.437,8347.931,315.0,205.0,217.0,306.0,False,HARD,23.0,True,McLaren,8237.455,2026-07-19 14:25:13.552,1,5.0,False,,False,True
8457.685,PIA,81,109.774,44.0,2.0,,,30.939,49.849,28.986,8378.87,8428.719,8457.705,317.0,204.0,218.0,306.0,False,HARD,24.0,True,McLaren,8347.911,2026-07-19 14:27:04.008,1,5.0,False,,False,True
3510.496,HAD,6,154.266,1.0,1.0,,3506.6,,56.074,60.868,,3449.732,3510.591,335.0,184.0,,280.0,False,HARD,1.0,True,Red Bull Racing,3355.977,2026-07-19 13:03:52.074,124,16.0,False,,False,False
3671.011,HAD,6,,2.0,2.0,3530.826,3667.265,49.495,61.684,49.344,3560.117,3621.762,3671.175,263.0,103.0,,263.0,False,MEDIUM,1.0,True,Red Bull Racing,3510.496,2026-07-19 13:06:26.593,4,18.0,False,,False,False
3832.712,HAD,6,,3.0,3.0,3690.19,,49.255,65.704,46.845,3720.425,3786.064,3832.995,265.0,108.0,178.0,265.0,False,HARD,1.0,True,Red Bull Racing,3671.011,2026-07-19 13:09:07.108,4,21.0,False,,False,False
3980.835,HAD,6,148.123,4.0,3.0,,,44.687,63.973,39.463,3877.494,3941.467,3980.93,263.0,166.0,215.0,245.0,True,HARD,2.0,True,Red Bull Racing,3832.712,2026-07-19 13:11:48.809,41,21.0,False,,False,False
4094.631,HAD,6,113.796,5.0,3.0,,,30.819,53.0,29.977,4011.749,4064.749,4094.726,335.0,187.0,205.0,300.0,True,HARD,3.0,True,Red Bull Racing,3980.835,2026-07-19 13:14:16.932,1,16.0,False,,False,True
4206.495,HAD,6,111.864,6.0,3.0,,,31.802,50.015,30.047,4126.528,4176.543,4206.59,312.0,188.0,213.0,290.0,True,HARD,4.0,True,Red Bull Racing,4094.631,2026-07-19 13:16:10.728,1,16.0,False,,False,True
4318.051,HAD,6,111.556,7.0,3.0,,,31.166,50.675,29.715,4237.756,4288.431,4318.146,323.0,191.0,212.0,295.0,True,HARD,5.0,True,Red Bull Racing,4206.495,2026-07-19 13:18:02.592,1,16.0,False,,False,True
4430.42,HAD,6,112.369,8.0,3.0,,,31.185,51.362,29.822,4349.331,4400.693,4430.515,328.0,188.0,211.0,294.0,False,HARD,6.0,True,Red Bull Racing,4318.051,2026-07-19 13:19:54.148,12,16.0,False,,False,True
4543.565,HAD,6,113.145,9.0,3.0,,,30.661,52.685,29.799,4461.176,4513.861,4543.66,344.0,190.0,212.0,303.0,False,HARD,7.0,True,Red Bull Racing,4430.42,2026-07-19 13:21:46.517,1,16.0,False,,False,True
4655.677,HAD,6,112.112,10.0,3.0,,,31.067,51.134,29.911,4574.727,4625.861,4655.772,329.0,186.0,211.0,298.0,False,HARD,8.0,True,Red Bull Racing,4543.565,2026-07-19 13:23:39.662,1,15.0,False,,False,True
4767.35,HAD,6,111.673,11.0,3.0,,,30.964,50.833,29.876,4686.736,4737.569,4767.445,326.0,191.0,212.0,297.0,False,HARD,9.0,True,Red Bull Racing,4655.677,2026-07-19 13:25:31.774,1,14.0,False,,False,True
4879.285,HAD,6,111.935,12.0,3.0,,,30.899,51.298,29.738,4798.344,4849.642,4879.38,327.0,194.0,209.0,296.0,False,HARD,10.0,True,Red Bull Racing,4767.35,2026-07-19 13:27:23.447,1,13.0,False,,False,True
4990.319,HAD,6,111.034,13.0,3.0,,,31.016,50.27,29.748,4910.396,4960.666,4990.414,326.0,193.0,209.0,295.0,True,HARD,11.0,True,Red Bull Racing,4879.285,2026-07-19 13:29:15.382,1,12.0,False,,False,True
5101.738,HAD,6,111.419,14.0,3.0,,,31.34,50.439,29.64,5021.754,5072.193,5101.833,319.0,194.0,209.0,292.0,False,HARD,12.0,True,Red Bull Racing,4990.319,2026-07-19 13:31:06.416,1,11.0,False,,False,True
5213.686,HAD,6,111.948,15.0,3.0,,,30.875,51.049,30.024,5132.708,5183.757,5213.781,326.0,193.0,211.0,299.0,False,HARD,13.0,True,Red Bull Racing,5101.738,2026-07-19 13:32:57.835,1,8.0,False,,False,True
5325.41,HAD,6,111.724,16.0,3.0,,,31.604,50.279,29.841,5245.385,5295.664,5325.505,315.0,192.0,209.0,290.0,False,HARD,14.0,True,Red Bull Racing,5213.686,2026-07-19 13:34:49.783,1,8.0,False,,False,True
5436.832,HAD,6,111.422,17.0,3.0,,,31.693,50.016,29.713,5357.198,5407.214,5436.927,310.0,194.0,208.0,287.0,False,HARD,15.0,True,Red Bull Racing,5325.41,2026-07-19 13:36:41.507,1,7.0,False,,False,True
5560.04,HAD,6,123.208,18.0,3.0,,,31.664,61.82,29.724,5468.591,5530.411,5560.135,313.0,200.0,212.0,291.0,False,HARD,16.0,True,Red Bull Racing,5436.832,2026-07-19 13:38:32.929,167,7.0,False,,False,False
5671.043,HAD,6,111.003,19.0,3.0,,,31.504,49.863,29.636,5591.639,5641.502,5671.138,314.0,203.0,212.0,290.0,True,HARD,17.0,True,Red Bull Racing,5560.04,2026-07-19 13:40:36.137,1,7.0,False,,False,True
5805.257,HAD,6,134.214,20.0,3.0,,5801.628,31.491,60.395,42.328,5702.629,5763.024,5805.352,313.0,137.0,,291.0,False,HARD,18.0,True,Red Bull Racing,5671.043,2026-07-19 13:42:27.140,16,7.0,False,,False,False
5932.499,HAD,6,127.242,21.0,4.0,5826.319,,48.077,49.663,29.502,5853.429,5903.092,5932.594,304.0,205.0,213.0,285.0,False,HARD,2.0,False,Red Bull Racing,5805.257,2026-07-19 13:44:41.354,671,7.0,False,,False,False
6042.165,HAD,6,109.666,22.0,4.0,,,31.333,48.859,29.474,5963.927,6012.786,6042.26,311.0,207.0,213.0,289.0,True,HARD,3.0,False,Red Bull Racing,5932.499,2026-07-19 13:46:48.596,1,7.0,False,,False,True
6152.164,HAD,6,109.999,23.0,4.0,,,31.397,48.997,29.605,6073.657,6122.654,6152.259,310.0,203.0,209.0,291.0,False,HARD,4.0,False,Red Bull Racing,6042.165,2026-07-19 13:48:38.262,1,7.0,False,,False,True
6262.005,HAD,6,109.841,24.0,4.0,,,31.406,48.907,29.528,6183.665,6232.572,6262.1,314.0,206.0,213.0,291.0,False,HARD,5.0,False,Red Bull Racing,6152.164,2026-07-19 13:50:28.261,1,7.0,False,,False,True
6372.09,HAD,6,110.085,25.0,4.0,,,31.268,49.288,29.529,6293.368,6342.656,6372.185,313.0,205.0,212.0,291.0,False,HARD,6.0,False,Red Bull Racing,6262.005,2026-07-19 13:52:18.102,1,7.0,False,,False,True
6481.982,HAD,6,109.892,26.0,4.0,,,31.319,49.188,29.385,6403.504,6452.692,6482.077,314.0,205.0,211.0,291.0,False,HARD,7.0,False,Red Bull Racing,6372.09,2026-07-19 13:54:08.187,1,7.0,False,,False,True
6592.067,HAD,6,110.085,27.0,4.0,,,31.433,49.264,29.388,6513.51,6562.774,6592.162,312.0,207.0,213.0,291.0,False,HARD,8.0,False,Red Bull Racing,6481.982,2026-07-19 13:55:58.079,1,7.0,False,,False,True
6702.094,HAD,6,110.027,28.0,4.0,,,31.325,49.207,29.495,6623.487,6672.694,6702.189,313.0,207.0,213.0,291.0,False,HARD,9.0,False,Red Bull Racing,6592.067,2026-07-19 13:57:48.164,1,7.0,False,,False,True
6812.039,HAD,6,109.945,29.0,4.0,,,31.314,49.154,29.477,6733.503,6782.657,6812.134,317.0,205.0,210.0,295.0,False,HARD,10.0,False,Red Bull Racing,6702.094,2026-07-19 13:59:38.191,1,7.0,False,,False,True
6922.222,HAD,6,110.183,30.0,4.0,,,31.327,49.402,29.454,6843.461,6892.863,6922.317,319.0,204.0,210.0,291.0,False,HARD,11.0,False,Red Bull Racing,6812.039,2026-07-19 14:01:28.136,1,7.0,False,,False,True
7032.375,HAD,6,110.153,31.0,4.0,,,31.421,49.258,29.474,6953.738,7002.996,7032.47,316.0,206.0,212.0,292.0,False,HARD,12.0,False,Red Bull Racing,6922.222,2026-07-19 14:03:18.319,1,6.0,False,,False,True
7142.59,HAD,6,110.215,32.0,4.0,,,31.254,49.36,29.601,7063.724,7113.084,7142.685,316.0,206.0,213.0,293.0,False,HARD,13.0,False,Red Bull Racing,7032.375,2026-07-19 14:05:08.472,1,6.0,False,,False,True
7252.529,HAD,6,109.939,33.0,4.0,,,31.231,49.157,29.551,7173.916,7223.073,7252.624,311.0,205.0,213.0,298.0,False,HARD,14.0,False,Red Bull Racing,7142.59,2026-07-19 14:06:58.687,1,6.0,False,,False,True
7362.803,HAD,6,110.274,34.0,4.0,,,31.275,49.346,29.653,7283.899,7333.245,7362.898,312.0,201.0,211.0,297.0,False,HARD,15.0,False,Red Bull Racing,7252.529,2026-07-19 14:08:48.626,1,6.0,False,,False,True
7473.255,HAD,6,110.452,35.0,4.0,,,31.334,49.524,29.594,7394.232,7443.756,7473.35,308.0,203.0,212.0,295.0,False,HARD,16.0,False,Red Bull Racing,7362.803,2026-07-19 14:10:38.900,1,6.0,False,,False,True
7583.496,HAD,6,110.241,36.0,4.0,,,31.378,49.337,29.526,7504.728,7554.065,7583.591,310.0,205.0,211.0,297.0,False,HARD,17.0,False,Red Bull Racing,7473.255,2026-07-19 14:12:29.352,1,6.0,True,TRACK LIMITS AT TURN 19 LAP 36 ,False,True
7693.744,HAD,6,110.248,37.0,4.0,,,31.357,49.278,29.613,7614.948,7664.226,7693.839,309.0,205.0,214.0,297.0,False,HARD,18.0,False,Red Bull Racing,7583.496,2026-07-19 14:14:19.593,1,6.0,False,,False,True
7803.869,HAD,6,110.125,38.0,4.0,,,31.334,49.392,29.399,7725.173,7774.565,7803.964,309.0,204.0,215.0,296.0,False,HARD,19.0,False,Red Bull Racing,7693.744,2026-07-19 14:16:09.841,1,6.0,False,,False,True
7913.769,HAD,6,109.9,39.0,4.0,,,31.257,49.201,29.442,7835.221,7884.422,7913.864,309.0,207.0,213.0,296.0,False,HARD,20.0,False,Red Bull Racing,7803.869,2026-07-19 14:17:59.966,1,6.0,False,,False,True
8023.816,HAD,6,110.047,40.0,4.0,,,31.277,49.292,29.478,7945.141,7994.433,8023.911,310.0,204.0,213.0,297.0,False,HARD,21.0,False,Red Bull Racing,7913.769,2026-07-19 14:19:49.866,1,6.0,False,,False,True
8133.3,HAD,6,109.484,41.0,4.0,,,31.122,49.002,29.36,8055.033,8104.035,8133.395,313.0,206.0,213.0,301.0,True,HARD,22.0,False,Red Bull Racing,8023.816,2026-07-19 14:21:39.913,1,6.0,False,,False,True
8242.931,HAD,6,109.631,42.0,4.0,,,31.194,49.155,29.282,8164.589,8213.744,8243.026,322.0,207.0,214.0,292.0,False,HARD,23.0,False,Red Bull Racing,8133.3,2026-07-19 14:23:29.397,1,6.0,False,,False,True
8352.607,HAD,6,109.676,43.0,4.0,,,31.154,49.192,29.33,8274.18,8323.372,8352.702,312.0,202.0,215.0,298.0,False,HARD,24.0,False,Red Bull Racing,8242.931,2026-07-19 14:25:19.028,1,6.0,False,,False,True
8461.905,HAD,6,109.298,44.0,4.0,,,31.113,49.31,28.875,8383.815,8433.125,8462.0,312.0,206.0,212.0,300.0,True,HARD,25.0,False,Red Bull Racing,8352.607,2026-07-19 14:27:08.704,1,6.0,False,,False,True
3495.954,NOR,1,139.726,1.0,1.0,,,,55.081,49.3,,3446.81,3496.02,319.0,200.0,189.0,290.0,False,HARD,1.0,True,McLaren,3355.977,2026-07-19 13:03:52.074,124,10.0,False,,False,False
3659.196,NOR,1,,2.0,1.0,,,41.849,74.702,46.687,3537.933,3612.575,3659.318,183.0,81.0,150.0,237.0,False,HARD,2.0,True,McLaren,3495.954,2026-07-19 13:06:12.051,4,10.0,False,,False,False
3816.523,NOR,1,,3.0,1.0,,,39.812,74.837,42.619,3699.19,3773.97,3816.596,157.0,138.0,118.0,265.0,False,HARD,3.0,True,McLaren,3659.196,2026-07-19 13:08:55.293,4,10.0,False,,False,False
3974.619,NOR,1,,4.0,1.0,,,44.011,67.867,46.299,3860.61,3928.418,3974.919,258.0,137.0,225.0,252.0,False,HARD,4.0,True,McLaren,3816.523,2026-07-19 13:11:32.620,41,10.0,False,,False,False
4087.666,NOR,1,113.047,5.0,1.0,,,31.008,52.469,29.57,4005.693,4058.162,4087.732,322.0,203.0,211.0,310.0,True,HARD,5.0,True,McLaren,3974.619,2026-07-19 13:14:10.716,1,9.0,False,,False,True
4200.338,NOR,1,112.672,6.0,1.0,,,31.363,51.464,29.845,4119.095,4170.559,4200.404,311.0,204.0,213.0,302.0,True,HARD,6.0,True,McLaren,4087.666,2026-07-19 13:16:03.763,1,9.0,False,,False,True
4311.445,NOR,1,111.107,7.0,1.0,,,31.351,50.581,29.175,4231.755,4282.336,4311.511,318.0,202.0,213.0,302.0,True,HARD,7.0,True,McLaren,4200.338,2026-07-19 13:17:56.435,1,8.0,False,,False,True
4423.339,NOR,1,111.894,8.0,1.0,,,31.914,50.703,29.277,4343.425,4394.128,4423.405,312.0,202.0,211.0,296.0,False,HARD,8.0,True,McLaren,4311.445,2026-07-19 13:19:47.542,12,8.0,False,,False,True
4534.806,NOR,1,111.467,9.0,1.0,,,31.209,51.05,29.208,4454.614,4505.664,4534.872,323.0,201.0,213.0,305.0,False,HARD,9.0,True,McLaren,4423.339,2026-07-19 13:21:39.436,1,7.0,False,,False,True
4646.448,NOR,1,111.642,10.0,1.0,,,31.902,50.312,29.428,4566.774,4617.086,4646.514,312.0,200.0,213.0,296.0,False,HARD,10.0,True,McLaren,4534.806,2026-07-19 13:23:30.903,1,7.0,False,,False,True
4759.252,NOR,1,112.804,11.0,1.0,,,31.517,51.476,29.811,4678.031,4729.507,4759.318,326.0,201.0,213.0,308.0,False,HARD,11.0,True,McLaren,4646.448,2026-07-19 13:25:22.545,1,7.0,False,,False,True
4870.012,NOR,1,110.76,12.0,1.0,,,31.309,50.013,29.438,4790.627,4840.64,4870.078,318.0,205.0,210.0,305.0,True,HARD,12.0,True,McLaren,4759.252,2026-07-19 13:27:15.349,1,6.0,False,,False,True
4981.528,NOR,1,111.516,13.0,1.0,,,31.769,50.215,29.532,4901.847,4952.062,4981.594,307.0,205.0,211.0,299.0,False,HARD,13.0,True,McLaren,4870.012,2026-07-19 13:29:06.109,1,6.0,False,,False,True
5092.471,NOR,1,110.943,14.0,1.0,,,31.55,49.85,29.543,5013.144,5062.994,5092.537,310.0,203.0,214.0,301.0,False,HARD,14.0,True,McLaren,4981.528,2026-07-19 13:30:57.625,1,6.0,False,,False,True
5203.134,NOR,1,110.663,15.0,1.0,,,31.55,49.733,29.38,,5173.82,5203.2,310.0,204.0,211.0,300.0,True,HARD,15.0,True,McLaren,5092.471,2026-07-19 13:32:48.568,1,6.0,False,,False,True
5314.197,NOR,1,111.063,16.0,1.0,,,31.602,50.02,29.441,5234.802,5284.822,5314.263,311.0,203.0,211.0,300.0,False,HARD,16.0,True,McLaren,5203.134,2026-07-19 13:34:39.231,1,6.0,False,,False,True
5425.097,NOR,1,110.9,17.0,1.0,,,31.639,49.899,29.362,5345.902,5395.801,5425.163,312.0,204.0,212.0,300.0,False,HARD,17.0,True,McLaren,5314.197,2026-07-19 13:36:30.294,1,6.0,False,,False,True
5547.671,NOR,1,122.574,18.0,1.0,,,31.432,59.733,31.409,5456.595,5516.328,5547.737,316.0,119.0,211.0,303.0,False,HARD,18.0,True,McLaren,5425.097,2026-07-19 13:38:21.194,167,5.0,False,,False,False
5659.132,NOR,1,111.461,19.0,1.0,,,31.374,50.801,29.286,5579.111,5629.912,5659.198,319.0,198.0,215.0,306.0,False,HARD,19.0,True,McLaren,5547.671,2026-07-19 13:40:23.768,1,3.0,False,,False,True
5789.173,NOR,1,130.041,20.0,1.0,,,31.996,58.503,39.542,5691.194,5749.697,5789.239,307.0,148.0,106.0,293.0,False,HARD,20.0,True,McLaren,5659.132,2026-07-19 13:42:15.229,16,3.0,False,,False,False
5910.883,NOR,1,121.71,21.0,1.0,,,42.219,49.455,30.036,5831.458,5880.913,5910.949,246.0,205.0,221.0,269.0,False,HARD,21.0,True,McLaren,5789.173,2026-07-19 13:44:25.270,671,1.0,False,,False,False
6021.616,NOR,1,110.733,22.0,1.0,,,31.42,49.483,29.83,5942.369,5991.852,6021.682,307.0,207.0,218.0,299.0,False,HARD,22.0,True,McLaren,5910.883,2026-07-19 13:46:26.980,1,1.0,False,,False,True
6132.891,NOR,1,111.275,23.0,1.0,,,31.45,50.262,29.563,6053.132,6103.394,6132.957,305.0,201.0,215.0,301.0,False,HARD,23.0,True,McLaren,6021.616,2026-07-19 13:48:17.713,1,2.0,False,,False,True
6243.319,NOR,1,110.428,24.0,1.0,,,31.13,49.708,29.59,6164.087,6213.795,6243.385,317.0,204.0,216.0,304.0,True,HARD,24.0,True,McLaren,6132.891,2026-07-19 13:50:08.988,1,2.0,False,,False,True
6354.222,NOR,1,110.903,25.0,1.0,,,31.179,50.188,29.536,6274.564,6324.752,6354.288,312.0,202.0,216.0,305.0,False,HARD,25.0,True,McLaren,6243.319,2026-07-19 13:51:59.416,1,2.0,False,,False,True
6465.289,NOR,1,111.067,26.0,1.0,,,31.303,50.502,29.262,6385.591,6436.093,6465.355,311.0,200.0,214.0,302.0,False,HARD,26.0,True,McLaren,6354.222,2026-07-19 13:53:50.319,1,3.0,False,,False,True
6576.263,NOR,1,110.974,27.0,1.0,,,31.405,50.264,29.305,6496.76,6547.024,6576.329,317.0,201.0,212.0,303.0,False,HARD,27.0,True,McLaren,6465.289,2026-07-19 13:55:41.386,1,3.0,False,,False,True
6687.006,NOR,1,110.743,28.0,1.0,,,31.5,49.88,29.363,6607.829,6657.709,6687.072,312.0,203.0,213.0,302.0,False,HARD,28.0,True,McLaren,6576.263,2026-07-19 13:57:32.360,1,3.0,False,,False,True
6798.802,NOR,1,111.796,29.0,1.0,,,31.335,51.177,29.284,6718.407,6769.584,6798.868,313.0,205.0,212.0,305.0,False,HARD,29.0,True,McLaren,6687.006,2026-07-19 13:59:23.103,1,4.0,False,,False,True
6913.858,NOR,1,115.056,30.0,1.0,,6910.171,31.142,50.302,33.612,6830.01,6880.312,6913.924,322.0,206.0,,307.0,False,HARD,30.0,True,McLaren,6798.802,2026-07-19 14:01:14.899,1,5.0,False,,False,False
7043.705,NOR,1,129.847,31.0,2.0,6938.46,,51.668,48.943,29.236,6965.592,7014.535,7043.771,314.0,207.0,216.0,290.0,False,MEDIUM,1.0,True,McLaren,6913.858,2026-07-19 14:03:09.955,1,8.0,False,,False,False
7153.152,NOR,1,109.447,32.0,2.0,,,31.334,48.87,29.243,7075.105,7123.975,7153.218,310.0,212.0,214.0,311.0,True,MEDIUM,2.0,True,McLaren,7043.705,2026-07-19 14:05:19.802,1,7.0,False,,False,True
7262.584,NOR,1,109.432,33.0,2.0,,,31.298,48.783,29.351,7184.516,7233.299,7262.65,308.0,210.0,215.0,303.0,True,MEDIUM,3.0,True,McLaren,7153.152,2026-07-19 14:07:09.249,1,7.0,False,,False,True
7371.901,NOR,1,109.317,34.0,2.0,,,31.245,48.593,29.479,7293.895,7342.488,7371.967,312.0,209.0,219.0,304.0,True,MEDIUM,4.0,True,McLaren,7262.584,2026-07-19 14:08:58.681,1,7.0,False,,False,True
7481.004,NOR,1,109.103,35.0,2.0,,,31.074,48.8,29.229,7403.041,7451.841,7481.07,311.0,209.0,216.0,304.0,True,MEDIUM,5.0,True,McLaren,7371.901,2026-07-19 14:10:47.998,1,7.0,False,,False,True
7590.358,NOR,1,109.354,36.0,2.0,,,31.406,48.699,29.249,7512.476,7561.175,7590.424,306.0,207.0,217.0,302.0,False,MEDIUM,6.0,True,McLaren,7481.004,2026-07-19 14:12:37.101,1,7.0,False,,False,True
7699.499,NOR,1,109.141,37.0,2.0,,,31.315,48.755,29.071,7621.739,7670.494,7699.565,307.0,210.0,216.0,302.0,False,MEDIUM,7.0,True,McLaren,7590.358,2026-07-19 14:14:26.455,1,7.0,False,,False,True
7808.599,NOR,1,109.1,38.0,2.0,,,31.341,48.745,29.014,7730.906,7779.651,7808.665,307.0,208.0,217.0,302.0,True,MEDIUM,8.0,True,McLaren,7699.499,2026-07-19 14:16:15.596,1,7.0,False,,False,True
7917.721,NOR,1,109.122,39.0,2.0,,,31.281,48.783,29.058,7839.946,7888.729,7917.787,307.0,210.0,215.0,304.0,False,MEDIUM,9.0,True,McLaren,7808.599,2026-07-19 14:18:04.696,1,7.0,False,,False,True
8026.805,NOR,1,109.084,40.0,2.0,,,31.289,48.757,29.038,7949.076,7997.833,8026.871,308.0,207.0,216.0,305.0,True,MEDIUM,10.0,True,McLaren,7917.721,2026-07-19 14:19:53.818,1,7.0,False,,False,True
8135.732,NOR,1,108.927,41.0,2.0,,,31.085,48.786,29.056,8057.956,8106.742,8135.798,311.0,204.0,216.0,309.0,True,MEDIUM,11.0,True,McLaren,8026.805,2026-07-19 14:21:42.902,1,7.0,False,,False,True
8244.636,NOR,1,108.904,42.0,2.0,,,30.934,49.096,28.874,8166.732,8215.828,8244.702,312.0,204.0,217.0,310.0,True,MEDIUM,12.0,True,McLaren,8135.732,2026-07-19 14:23:31.829,1,7.0,False,,False,True
8353.813,NOR,1,109.177,43.0,2.0,,,31.031,49.017,29.129,8275.733,8324.75,8353.879,315.0,206.0,215.0,309.0,False,MEDIUM,13.0,True,McLaren,8244.636,2026-07-19 14:25:20.733,1,7.0,False,,False,True
8462.703,NOR,1,108.89,44.0,2.0,,,30.922,49.362,28.606,8384.801,8434.163,8462.769,318.0,204.0,220.0,308.0,True,MEDIUM,14.0,True,McLaren,8353.813,2026-07-19 14:27:09.910,1,7.0,False,,False,True
3494.379,BOR,5,138.086,1.0,1.0,,,,54.783,48.145,,3446.265,3494.558,325.0,199.0,176.0,293.0,False,MEDIUM,1.0,True,Audi,3355.977,2026-07-19 13:03:52.074,124,9.0,False,,False,False
3656.668,BOR,5,,2.0,1.0,,,40.65,76.536,45.164,3535.112,3611.618,3656.699,181.0,79.0,160.0,243.0,False,MEDIUM,2.0,True,Audi,3494.379,2026-07-19 13:06:10.476,4,9.0,False,,False,False
3815.515,BOR,5,,3.0,1.0,,,41.017,73.278,44.497,3697.863,3771.049,3815.614,169.0,176.0,121.0,255.0,False,MEDIUM,3.0,True,Audi,3656.668,2026-07-19 13:08:52.765,4,9.0,False,,False,False
3974.327,BOR,5,,4.0,1.0,,,42.043,70.234,46.581,3857.695,3927.934,3974.488,182.0,118.0,216.0,245.0,False,MEDIUM,4.0,True,Audi,3815.515,2026-07-19 13:11:31.612,41,9.0,False,,False,False
4088.176,BOR,5,113.849,5.0,1.0,,,31.243,51.936,30.67,4005.601,4057.537,4088.207,335.0,197.0,207.0,298.0,True,MEDIUM,5.0,True,Audi,3974.327,2026-07-19 13:14:10.424,1,10.0,False,,False,True
4201.086,BOR,5,112.91,6.0,1.0,,,31.416,51.421,30.073,4119.623,4171.044,4201.117,326.0,196.0,207.0,309.0,True,MEDIUM,6.0,True,Audi,4088.176,2026-07-19 13:16:04.273,1,10.0,False,,False,True
4313.912,BOR,5,112.826,7.0,1.0,,,31.79,51.133,29.903,4232.907,4284.04,4313.943,315.0,198.0,207.0,298.0,True,MEDIUM,7.0,True,Audi,4201.086,2026-07-19 13:17:57.183,1,11.0,False,,False,True
4426.224,BOR,5,112.312,8.0,1.0,,,31.739,50.648,29.925,4345.682,4396.33,4426.255,310.0,197.0,205.0,300.0,True,MEDIUM,8.0,True,Audi,4313.912,2026-07-19 13:19:50.009,12,11.0,False,,False,True
4538.099,BOR,5,111.875,9.0,1.0,,,31.722,50.243,29.91,4457.977,4508.22,4538.13,314.0,199.0,206.0,301.0,True,MEDIUM,9.0,True,Audi,4426.224,2026-07-19 13:21:42.321,1,11.0,False,,False,True
4649.943,BOR,5,111.844,10.0,1.0,,,31.688,50.254,29.902,4569.818,4620.072,4649.974,314.0,194.0,206.0,302.0,True,MEDIUM,10.0,True,Audi,4538.099,2026-07-19 13:23:34.196,1,11.0,False,,False,True
4762.191,BOR,5,112.248,11.0,1.0,,,31.619,50.71,29.919,4681.593,4732.303,4762.222,317.0,197.0,208.0,303.0,False,MEDIUM,11.0,True,Audi,4649.943,2026-07-19 13:25:26.040,1,11.0,False,,False,True
4875.172,BOR,5,112.981,12.0,1.0,,,31.641,51.211,30.129,4793.863,4845.074,4875.203,316.0,191.0,206.0,303.0,False,MEDIUM,12.0,True,Audi,4762.191,2026-07-19 13:27:18.288,1,11.0,False,,False,True
4988.052,BOR,5,112.88,13.0,1.0,,,31.656,51.123,30.101,4906.859,4957.982,4988.083,318.0,193.0,207.0,303.0,False,MEDIUM,13.0,True,Audi,4875.172,2026-07-19 13:29:11.269,1,11.0,False,,False,True
5100.952,BOR,5,112.9,14.0,1.0,,,31.673,51.116,30.111,5019.756,5070.872,5100.983,319.0,196.0,207.0,302.0,False,MEDIUM,14.0,True,Audi,4988.052,2026-07-19 13:31:04.149,1,10.0,False,,False,True
5214.412,BOR,5,113.46,15.0,1.0,,,31.809,51.595,30.056,5132.792,5184.387,5214.443,325.0,195.0,207.0,292.0,False,MEDIUM,15.0,True,Audi,5100.952,2026-07-19 13:32:57.049,1,10.0,False,,False,True
5326.838,BOR,5,112.426,16.0,1.0,,,31.855,50.665,29.906,5246.298,5296.963,5326.869,313.0,196.0,207.0,302.0,False,MEDIUM,16.0,True,Audi,5214.412,2026-07-19 13:34:50.509,1,9.0,False,,False,True
5439.112,BOR,5,112.274,17.0,1.0,,,31.946,50.239,30.089,5358.815,5409.054,5439.143,307.0,200.0,208.0,300.0,False,MEDIUM,17.0,True,Audi,5326.838,2026-07-19 13:36:42.935,1,8.0,False,,False,True
5562.701,BOR,5,123.589,18.0,1.0,,,31.835,61.638,30.116,5470.978,5532.616,5562.732,307.0,199.0,208.0,301.0,False,MEDIUM,18.0,True,Audi,5439.112,2026-07-19 13:38:35.209,167,8.0,False,,False,False
5674.648,BOR,5,111.947,19.0,1.0,,,31.645,50.23,30.072,5594.377,5644.607,5674.679,307.0,197.0,208.0,303.0,False,MEDIUM,19.0,True,Audi,5562.701,2026-07-19 13:40:38.798,1,8.0,False,,False,True
5810.43,BOR,5,135.782,20.0,1.0,,5806.648,31.786,61.281,42.715,5706.465,5767.746,5810.461,307.0,162.0,,301.0,False,MEDIUM,20.0,True,Audi,5674.648,2026-07-19 13:42:30.745,16,8.0,False,,False,False
5935.032,BOR,5,124.602,21.0,2.0,5829.709,,45.673,49.479,29.45,5856.134,5905.613,5935.063,308.0,205.0,210.0,298.0,False,HARD,1.0,True,Audi,5810.43,2026-07-19 13:44:46.527,671,8.0,False,,False,False
6045.366,BOR,5,110.334,22.0,2.0,,,31.634,48.84,29.86,5966.697,6015.537,6045.397,306.0,204.0,211.0,297.0,True,HARD,2.0,True,Audi,5935.032,2026-07-19 13:46:51.129,1,8.0,False,,False,True
6155.723,BOR,5,110.357,23.0,2.0,,,31.529,48.93,29.898,6076.926,6125.856,6155.754,306.0,203.0,209.0,302.0,False,HARD,3.0,True,Audi,6045.366,2026-07-19 13:48:41.463,1,8.0,False,,False,True
6266.344,BOR,5,110.621,24.0,2.0,,,31.595,49.171,29.855,6187.349,6236.52,6266.375,307.0,203.0,210.0,301.0,False,HARD,4.0,True,Audi,6155.723,2026-07-19 13:50:31.820,1,8.0,False,,False,True
6377.202,BOR,5,110.858,25.0,2.0,,,31.564,49.443,29.851,6297.939,6347.382,6377.233,306.0,199.0,210.0,301.0,False,HARD,5.0,True,Audi,6266.344,2026-07-19 13:52:22.441,1,8.0,False,,False,True
6488.159,BOR,5,110.957,26.0,2.0,,,31.632,49.473,29.852,6408.865,6458.338,6488.19,306.0,200.0,211.0,301.0,False,HARD,6.0,True,Audi,6377.202,2026-07-19 13:54:13.299,1,8.0,False,,False,True
6599.043,BOR,5,110.884,27.0,2.0,,,31.691,49.277,29.916,6519.881,6569.158,6599.074,305.0,202.0,211.0,301.0,False,HARD,7.0,True,Audi,6488.159,2026-07-19 13:56:04.256,1,8.0,False,,False,True
6710.094,BOR,5,111.051,28.0,2.0,,,31.772,49.408,29.871,6630.846,6680.254,6710.125,304.0,200.0,211.0,299.0,False,HARD,8.0,True,Audi,6599.043,2026-07-19 13:57:55.140,1,8.0,False,,False,True
6820.976,BOR,5,110.882,29.0,2.0,,,31.646,49.367,29.869,6741.771,6791.138,6821.007,306.0,199.0,210.0,302.0,False,HARD,9.0,True,Audi,6710.094,2026-07-19 13:59:46.191,1,8.0,False,,False,True
6932.249,BOR,5,111.273,30.0,2.0,,,31.732,49.65,29.891,6852.739,6902.389,6932.28,306.0,204.0,209.0,301.0,False,HARD,10.0,True,Audi,6820.976,2026-07-19 14:01:37.073,1,8.0,False,,False,True
7043.45,BOR,5,111.201,31.0,2.0,,,31.813,49.545,29.843,6964.093,7013.638,7043.481,306.0,201.0,209.0,301.0,False,HARD,11.0,True,Audi,6932.249,2026-07-19 14:03:28.346,1,7.0,False,,False,True
7155.388,BOR,5,111.938,32.0,2.0,,,31.732,50.321,29.885,7075.213,7125.534,7155.419,311.0,202.0,211.0,302.0,False,HARD,12.0,True,Audi,7043.45,2026-07-19 14:05:19.547,1,8.0,False,,False,True
7266.377,BOR,5,110.989,33.0,2.0,,,31.521,49.578,29.89,7186.94,7236.518,7266.408,309.0,201.0,210.0,305.0,False,HARD,13.0,True,Audi,7155.388,2026-07-19 14:07:11.485,1,8.0,False,,False,True
7377.884,BOR,5,111.507,34.0,2.0,,,31.615,49.86,30.032,7298.023,7347.883,7377.915,309.0,198.0,211.0,303.0,False,HARD,14.0,True,Audi,7266.377,2026-07-19 14:09:02.474,1,8.0,False,,False,True
7489.28,BOR,5,111.396,35.0,2.0,,,31.678,49.846,29.872,7409.593,7459.439,7489.311,304.0,200.0,211.0,302.0,False,HARD,15.0,True,Audi,7377.884,2026-07-19 14:10:53.981,1,8.0,False,,False,True
7600.141,BOR,5,110.861,36.0,2.0,,,31.687,49.411,29.763,7520.998,7570.409,7600.172,305.0,199.0,211.0,302.0,False,HARD,16.0,True,Audi,7489.28,2026-07-19 14:12:45.377,1,8.0,False,,False,True
7710.859,BOR,5,110.718,37.0,2.0,,,31.65,49.307,29.761,7631.822,7681.129,7710.89,306.0,203.0,206.0,303.0,False,HARD,17.0,True,Audi,7600.141,2026-07-19 14:14:36.238,1,8.0,True,TRACK LIMITS AT TURN 19 LAP 37 ,False,True
7822.018,BOR,5,111.159,38.0,2.0,,,31.798,49.65,29.711,7742.688,7792.338,7822.049,306.0,201.0,212.0,302.0,False,HARD,18.0,True,Audi,7710.859,2026-07-19 14:16:26.956,1,8.0,False,,False,True
7932.908,BOR,5,110.89,39.0,2.0,,,31.417,49.658,29.815,7853.466,7903.124,7932.939,308.0,203.0,212.0,305.0,False,HARD,19.0,True,Audi,7822.018,2026-07-19 14:18:18.115,1,8.0,False,,False,True
8043.733,BOR,5,110.825,40.0,2.0,,,31.67,49.298,29.857,7964.609,8013.907,8043.764,303.0,200.0,211.0,304.0,False,HARD,20.0,True,Audi,7932.908,2026-07-19 14:20:09.005,1,8.0,False,,False,True
8154.423,BOR,5,110.69,41.0,2.0,,,31.613,49.27,29.807,8075.377,8124.647,8154.454,303.0,199.0,211.0,305.0,False,HARD,21.0,True,Audi,8043.733,2026-07-19 14:21:59.830,1,8.0,False,,False,True
8265.434,BOR,5,111.011,42.0,2.0,,,31.676,49.486,29.849,8186.13,8235.616,8265.465,303.0,202.0,211.0,304.0,False,HARD,22.0,True,Audi,8154.423,2026-07-19 14:23:50.520,1,8.0,False,,False,True
8376.608,BOR,5,111.174,43.0,2.0,,,31.723,49.513,29.938,8297.188,8346.701,8376.639,302.0,202.0,212.0,301.0,False,HARD,23.0,True,Audi,8265.434,2026-07-19 14:25:41.531,1,8.0,False,,False,True
8487.86,BOR,5,111.252,44.0,2.0,,,31.727,49.815,29.71,8408.366,8458.181,8487.891,302.0,200.0,211.0,301.0,False,HARD,24.0,True,Audi,8376.608,2026-07-19 14:27:32.705,1,8.0,False,,False,True
3491.398,LIN,41,135.083,1.0,1.0,,,,54.179,46.102,,3445.377,3491.427,324.0,201.0,173.0,303.0,False,MEDIUM,1.0,True,Racing Bulls,3355.977,2026-07-19 13:03:52.074,124,7.0,False,,False,False
3654.557,LIN,41,,2.0,1.0,,,41.647,75.688,45.907,3533.104,3608.805,3654.586,164.0,84.0,147.0,268.0,False,MEDIUM,2.0,True,Racing Bulls,3491.398,2026-07-19 13:06:07.495,4,7.0,False,,False,False
3813.917,LIN,41,,3.0,1.0,,,41.491,72.851,44.921,3696.174,3769.144,3814.095,178.0,140.0,146.0,291.0,False,MEDIUM,3.0,True,Racing Bulls,3654.557,2026-07-19 13:08:50.654,4,7.0,False,,False,False
3973.611,LIN,41,,4.0,1.0,,,42.453,69.937,47.354,3856.401,3926.318,3973.798,267.0,110.0,218.0,284.0,False,MEDIUM,4.0,True,Racing Bulls,3813.917,2026-07-19 13:11:30.014,41,7.0,False,,False,False
4086.352,LIN,41,112.741,5.0,1.0,,,31.167,51.713,29.861,4004.807,4056.52,4086.381,329.0,202.0,207.0,302.0,True,MEDIUM,5.0,True,Racing Bulls,3973.611,2026-07-19 13:14:09.708,1,7.0,False,,False,True
4198.561,LIN,41,112.209,6.0,1.0,,,31.367,50.996,29.846,4117.748,4168.744,4198.59,315.0,205.0,210.0,305.0,True,MEDIUM,6.0,True,Racing Bulls,4086.352,2026-07-19 13:16:02.449,1,7.0,False,,False,True
4310.044,LIN,41,111.483,7.0,1.0,,,31.128,50.578,29.777,4229.718,4280.296,4310.073,320.0,205.0,208.0,312.0,True,MEDIUM,7.0,True,Racing Bulls,4198.561,2026-07-19 13:17:54.658,1,7.0,False,,False,True
4421.584,LIN,41,111.54,8.0,1.0,,,31.115,50.708,29.717,4341.188,4391.896,4421.613,318.0,204.0,207.0,316.0,False,MEDIUM,8.0,True,Racing Bulls,4310.044,2026-07-19 13:19:46.141,12,6.0,False,,False,True
4533.912,LIN,41,112.328,9.0,1.0,,,31.729,50.709,29.89,4453.342,4504.051,4533.941,307.0,203.0,207.0,304.0,False,MEDIUM,9.0,True,Racing Bulls,4421.584,2026-07-19 13:21:37.681,1,6.0,False,,False,True
4646.114,LIN,41,112.202,10.0,1.0,,,31.686,50.547,29.969,4565.627,4616.174,4646.143,307.0,201.0,206.0,303.0,False,MEDIUM,10.0,True,Racing Bulls,4533.912,2026-07-19 13:23:30.009,1,6.0,False,,False,True
4758.863,LIN,41,112.749,11.0,1.0,,,31.793,50.933,30.023,4677.936,4728.869,4758.892,306.0,201.0,206.0,304.0,False,MEDIUM,11.0,True,Racing Bulls,4646.114,2026-07-19 13:25:22.211,1,6.0,False,,False,True
4872.014,LIN,41,113.151,12.0,1.0,,,31.793,51.542,29.816,,4842.227,4872.043,303.0,205.0,206.0,302.0,False,MEDIUM,12.0,True,Racing Bulls,4758.863,2026-07-19 13:27:14.960,1,7.0,False,,False,True
4984.253,LIN,41,112.239,13.0,1.0,,,31.586,50.725,29.928,4903.629,4954.354,4984.282,311.0,202.0,210.0,306.0,False,MEDIUM,13.0,True,Racing Bulls,4872.014,2026-07-19 13:29:08.111,1,7.0,False,,False,True
5096.303,LIN,41,112.05,14.0,1.0,,,31.491,50.683,29.876,5015.773,5066.456,5096.332,310.0,204.0,206.0,305.0,False,MEDIUM,14.0,True,Racing Bulls,4984.253,2026-07-19 13:31:00.350,1,7.0,False,,False,True
5208.619,LIN,41,112.316,15.0,1.0,,,31.665,50.736,29.915,5127.997,5178.733,5208.648,308.0,204.0,209.0,304.0,False,MEDIUM,15.0,True,Racing Bulls,5096.303,2026-07-19 13:32:52.400,1,7.0,False,,False,True
5325.298,LIN,41,116.679,16.0,1.0,,5321.506,31.595,50.646,34.438,5240.243,5290.889,5325.327,308.0,205.0,,304.0,False,MEDIUM,16.0,True,Racing Bulls,5208.619,2026-07-19 13:34:44.716,1,7.0,False,,False,False
5453.842,LIN,41,128.544,17.0,2.0,5346.358,,48.037,50.98,29.527,5373.364,5424.344,5453.871,304.0,208.0,212.0,294.0,False,HARD,1.0,True,Racing Bulls,5325.298,2026-07-19 13:36:41.395,1,12.0,False,,False,False
5577.525,LIN,41,123.683,18.0,2.0,,,36.088,57.359,30.236,5489.959,5547.318,5577.554,244.0,207.0,208.0,304.0,False,HARD,2.0,True,Racing Bulls,5453.842,2026-07-19 13:38:49.939,167,11.0,False,,False,False
5688.619,LIN,41,111.094,19.0,2.0,,,31.491,49.951,29.652,5609.045,5658.996,5688.648,308.0,206.0,210.0,305.0,True,HARD,3.0,True,Racing Bulls,5577.525,2026-07-19 13:40:53.622,1,11.0,False,,False,True
5826.36,LIN,41,137.741,20.0,2.0,,,31.195,66.585,39.961,5719.843,5786.428,5826.389,313.0,122.0,153.0,306.0,False,HARD,4.0,True,Racing Bulls,5688.619,2026-07-19 13:42:44.716,167,10.0,False,,False,False
5938.373,LIN,41,112.013,21.0,2.0,,,32.319,50.107,29.587,5858.708,5908.815,5938.402,311.0,207.0,212.0,305.0,False,HARD,5.0,True,Racing Bulls,5826.36,2026-07-19 13:45:02.457,71,9.0,False,,False,False
6048.961,LIN,41,110.588,22.0,2.0,,,31.234,49.623,29.731,5969.636,6019.259,6048.99,311.0,208.0,210.0,305.0,True,HARD,6.0,True,Racing Bulls,5938.373,2026-07-19 13:46:54.470,1,9.0,False,,False,True
6159.497,LIN,41,110.536,23.0,2.0,,,31.371,49.58,29.585,6080.361,6129.941,6159.526,310.0,207.0,212.0,305.0,True,HARD,7.0,True,Racing Bulls,6048.961,2026-07-19 13:48:45.058,1,9.0,False,,False,True
6270.306,LIN,41,110.809,24.0,2.0,,,31.378,49.781,29.65,6190.904,6240.685,6270.335,310.0,207.0,212.0,305.0,False,HARD,8.0,True,Racing Bulls,6159.497,2026-07-19 13:50:35.594,1,9.0,False,,False,True
6381.252,LIN,41,110.946,25.0,2.0,,,31.291,50.005,29.65,6301.626,6351.631,6381.281,308.0,203.0,210.0,305.0,False,HARD,9.0,True,Racing Bulls,6270.306,2026-07-19 13:52:26.403,1,9.0,False,,False,True
6492.271,LIN,41,111.019,26.0,2.0,,,31.443,50.063,29.513,6412.724,6462.787,6492.3,309.0,205.0,212.0,305.0,False,HARD,10.0,True,Racing Bulls,6381.252,2026-07-19 13:54:17.349,1,9.0,False,,False,True
6603.297,LIN,41,111.026,27.0,2.0,,,31.381,49.988,29.657,6523.681,6573.669,6603.326,309.0,207.0,214.0,307.0,False,HARD,11.0,True,Racing Bulls,6492.271,2026-07-19 13:56:08.368,1,9.0,False,,False,True
6714.182,LIN,41,110.885,28.0,2.0,,,31.356,49.965,29.564,6634.682,6684.647,6714.211,308.0,205.0,210.0,304.0,False,HARD,12.0,True,Racing Bulls,6603.297,2026-07-19 13:57:59.394,1,9.0,False,,False,True
6825.006,LIN,41,110.824,29.0,2.0,,,31.326,49.962,29.536,6745.537,6795.499,6825.035,310.0,208.0,211.0,307.0,False,HARD,13.0,True,Racing Bulls,6714.182,2026-07-19 13:59:50.279,1,9.0,False,,False,True
6936.134,LIN,41,111.128,30.0,2.0,,,31.415,50.187,29.526,6856.45,6906.637,6936.163,311.0,208.0,209.0,305.0,False,HARD,14.0,True,Racing Bulls,6825.006,2026-07-19 14:01:41.103,1,9.0,False,,False,True
7047.258,LIN,41,111.124,31.0,2.0,,,31.32,50.279,29.525,6967.483,7017.762,7047.287,315.0,206.0,212.0,307.0,False,HARD,15.0,True,Racing Bulls,6936.134,2026-07-19 14:03:32.231,1,9.0,False,,False,True
7158.396,LIN,41,111.138,32.0,2.0,,,31.107,50.589,29.442,7078.394,7128.983,7158.425,313.0,200.0,210.0,308.0,False,HARD,16.0,True,Racing Bulls,7047.258,2026-07-19 14:05:23.355,1,9.0,False,,False,True
7269.308,LIN,41,110.912,33.0,2.0,,,31.295,50.043,29.574,7189.72,7239.763,7269.337,312.0,203.0,213.0,308.0,False,HARD,17.0,True,Racing Bulls,7158.396,2026-07-19 14:07:14.493,1,9.0,False,,False,True
7380.472,LIN,41,111.164,34.0,2.0,,,31.271,50.191,29.702,7300.608,7350.799,7380.501,314.0,204.0,214.0,308.0,False,HARD,18.0,True,Racing Bulls,7269.308,2026-07-19 14:09:05.405,1,9.0,False,,False,True
7491.461,LIN,41,110.989,35.0,2.0,,,31.166,50.277,29.546,7411.667,7461.944,7491.49,311.0,206.0,214.0,307.0,False,HARD,19.0,True,Racing Bulls,7380.472,2026-07-19 14:10:56.569,1,9.0,False,,False,True
7602.455,LIN,41,110.994,36.0,2.0,,,31.186,50.228,29.58,7522.676,7572.904,7602.484,314.0,206.0,212.0,307.0,False,HARD,20.0,True,Racing Bulls,7491.461,2026-07-19 14:12:47.558,1,9.0,False,,False,True
7713.369,LIN,41,110.914,37.0,2.0,,,31.199,50.225,29.49,7633.683,7683.908,7713.398,314.0,205.0,214.0,307.0,False,HARD,21.0,True,Racing Bulls,7602.455,2026-07-19 14:14:38.552,1,9.0,False,,False,True
7824.289,LIN,41,110.92,38.0,2.0,,,31.19,50.269,29.461,7744.588,7794.857,7824.318,313.0,207.0,215.0,307.0,False,HARD,22.0,True,Racing Bulls,7713.369,2026-07-19 14:16:29.466,1,9.0,False,,False,True
7935.53,LIN,41,111.241,39.0,2.0,,,31.197,50.52,29.524,7855.515,7906.035,7935.559,310.0,207.0,214.0,307.0,False,HARD,23.0,True,Racing Bulls,7824.289,2026-07-19 14:18:20.386,1,9.0,False,,False,True
8046.113,LIN,41,110.583,40.0,2.0,,,31.12,49.96,29.503,7966.679,8016.639,8046.142,311.0,207.0,214.0,314.0,False,HARD,24.0,True,Racing Bulls,7935.53,2026-07-19 14:20:11.627,1,9.0,False,,False,True
8156.835,LIN,41,110.722,41.0,2.0,,,31.032,50.154,29.536,8077.174,8127.328,8156.864,311.0,203.0,215.0,316.0,False,HARD,25.0,True,Racing Bulls,8046.113,2026-07-19 14:22:02.210,1,9.0,False,,False,True
8267.494,LIN,41,110.659,42.0,2.0,,,31.109,50.204,29.346,8187.973,8238.177,8267.523,314.0,207.0,211.0,309.0,False,HARD,26.0,True,Racing Bulls,8156.835,2026-07-19 14:23:52.932,1,9.0,False,,False,True
8378.59,LIN,41,111.096,43.0,2.0,,,31.224,50.267,29.605,8298.747,8349.014,8378.619,313.0,205.0,216.0,313.0,False,HARD,27.0,True,Racing Bulls,8267.494,2026-07-19 14:25:43.591,1,9.0,False,,False,True
8489.164,LIN,41,110.574,44.0,2.0,,,31.013,50.426,29.135,8409.632,8460.058,8489.193,314.0,206.0,214.0,313.0,False,HARD,28.0,True,Racing Bulls,8378.59,2026-07-19 14:27:34.687,1,9.0,False,,False,True
3492.679,COL,43,136.278,1.0,1.0,,,,54.418,46.752,,3445.931,3492.704,335.0,201.0,195.0,297.0,False,MEDIUM,1.0,True,Alpine,3355.977,2026-07-19 13:03:52.074,124,8.0,False,,False,False
3655.197,COL,43,,2.0,1.0,,,41.284,75.72,45.683,3534.017,3609.718,3655.201,174.0,100.0,160.0,252.0,False,MEDIUM,2.0,True,Alpine,3492.679,2026-07-19 13:06:08.776,4,8.0,False,,False,False
3814.901,COL,43,,3.0,1.0,,,41.529,73.022,45.076,3696.843,3769.829,3815.064,147.0,169.0,99.0,265.0,False,MEDIUM,3.0,True,Alpine,3655.197,2026-07-19 13:08:51.294,4,8.0,False,,False,False
3974.049,COL,43,,4.0,1.0,,,41.956,70.098,47.129,3856.864,3927.023,3974.268,259.0,93.0,220.0,258.0,False,MEDIUM,4.0,True,Alpine,3814.901,2026-07-19 13:11:30.998,41,8.0,False,,False,False
4087.184,COL,43,113.135,5.0,1.0,,,30.983,52.134,30.018,4005.036,4057.17,4087.188,328.0,204.0,214.0,305.0,True,MEDIUM,5.0,True,Alpine,3974.049,2026-07-19 13:14:10.146,1,8.0,False,,False,True
4199.71,COL,43,112.526,6.0,1.0,,,31.664,51.068,29.794,4118.852,4169.92,4199.714,320.0,204.0,216.0,298.0,True,MEDIUM,6.0,True,Alpine,4087.184,2026-07-19 13:16:03.281,1,8.0,False,,False,True
4312.127,COL,43,112.417,7.0,1.0,,,31.387,50.739,30.291,4231.101,4281.84,4312.131,318.0,200.0,218.0,300.0,True,MEDIUM,7.0,True,Alpine,4199.71,2026-07-19 13:17:55.807,1,9.0,False,,False,True
4424.848,COL,43,112.721,8.0,1.0,,,31.236,51.83,29.655,4343.367,4395.197,4424.852,317.0,202.0,216.0,303.0,False,MEDIUM,8.0,True,Alpine,4312.127,2026-07-19 13:19:48.224,12,9.0,False,,False,True
4536.698,COL,43,111.85,9.0,1.0,,,31.461,50.715,29.674,4456.313,4507.028,4536.702,317.0,205.0,214.0,300.0,True,MEDIUM,9.0,True,Alpine,4424.848,2026-07-19 13:21:40.945,1,9.0,False,,False,True
4648.811,COL,43,112.113,10.0,1.0,,,31.413,50.937,29.763,4568.115,4619.052,4648.815,316.0,199.0,214.0,302.0,False,MEDIUM,10.0,True,Alpine,4536.698,2026-07-19 13:23:32.795,1,9.0,False,,False,True
4761.091,COL,43,112.28,11.0,1.0,,,31.42,51.094,29.766,4680.235,4731.329,4761.095,323.0,197.0,216.0,302.0,False,MEDIUM,11.0,True,Alpine,4648.811,2026-07-19 13:25:24.908,1,9.0,False,,False,True
4874.577,COL,43,113.486,12.0,1.0,,,31.51,52.039,29.937,4792.605,4844.644,4874.581,313.0,197.0,213.0,300.0,False,MEDIUM,12.0,True,Alpine,4761.091,2026-07-19 13:27:17.188,1,10.0,False,,False,True
4987.453,COL,43,112.876,13.0,1.0,,,31.538,51.414,29.924,4906.119,4957.533,4987.457,320.0,197.0,216.0,302.0,False,MEDIUM,13.0,True,Alpine,4874.577,2026-07-19 13:29:10.674,1,10.0,False,,False,True
5100.391,COL,43,112.938,14.0,1.0,,,31.592,51.374,29.972,5019.049,5070.423,5100.395,318.0,201.0,213.0,300.0,False,MEDIUM,14.0,True,Alpine,4987.453,2026-07-19 13:31:03.550,1,9.0,False,,False,True
5217.797,COL,43,117.406,15.0,1.0,,5214.094,31.642,51.089,34.675,5132.037,5183.126,5217.801,314.0,198.0,,300.0,False,MEDIUM,15.0,True,Alpine,5100.391,2026-07-19 13:32:56.488,1,12.0,False,,False,False
5345.425,COL,43,127.628,16.0,2.0,5238.164,,47.655,50.262,29.711,5265.456,5315.718,5345.429,317.0,204.0,221.0,290.0,False,HARD,1.0,True,Alpine,5217.797,2026-07-19 13:34:53.894,1,15.0,False,,False,False
5457.043,COL,43,111.618,17.0,2.0,,,31.487,50.492,29.639,5376.916,5427.408,5457.047,311.0,204.0,221.0,298.0,True,HARD,2.0,True,Alpine,5345.425,2026-07-19 13:37:01.522,1,15.0,False,,False,True
5580.867,COL,43,123.824,18.0,2.0,,,40.916,53.006,29.902,5497.963,5550.969,5580.871,220.0,203.0,211.0,299.0,False,HARD,3.0,True,Alpine,5457.043,2026-07-19 13:38:53.140,167,15.0,False,,False,False
5692.824,COL,43,111.957,19.0,2.0,,,31.603,50.648,29.706,5612.474,5663.122,5692.828,315.0,202.0,218.0,300.0,False,HARD,4.0,True,Alpine,5580.867,2026-07-19 13:40:56.964,1,14.0,False,,False,True
5831.751,COL,43,138.927,20.0,2.0,,,31.33,67.222,40.375,5724.158,5791.38,5831.755,264.0,136.0,141.0,303.0,False,HARD,5.0,True,Alpine,5692.824,2026-07-19 13:42:48.921,167,14.0,False,,False,False
5944.152,COL,43,112.401,21.0,2.0,,,31.206,51.55,29.645,5862.961,5914.511,5944.156,332.0,198.0,219.0,305.0,False,HARD,6.0,True,Alpine,5831.751,2026-07-19 13:45:07.848,1,13.0,False,,False,True
6056.258,COL,43,112.106,22.0,2.0,,,31.055,51.242,29.809,5975.211,6026.453,6056.262,324.0,202.0,221.0,302.0,False,HARD,7.0,True,Alpine,5944.152,2026-07-19 13:47:00.249,1,13.0,False,,False,True
6168.149,COL,43,111.891,23.0,2.0,,,31.13,51.2,29.561,6087.392,6138.592,6168.153,324.0,198.0,215.0,302.0,False,HARD,8.0,True,Alpine,6056.258,2026-07-19 13:48:52.355,1,13.0,False,,False,True
6279.603,COL,43,111.454,24.0,2.0,,,31.205,50.642,29.607,6199.358,6250.0,6279.607,322.0,204.0,219.0,301.0,True,HARD,9.0,True,Alpine,6168.149,2026-07-19 13:50:44.246,1,13.0,False,,False,True
6392.282,COL,43,112.679,25.0,2.0,,,30.813,51.873,29.993,6310.42,6362.293,6392.286,321.0,198.0,219.0,304.0,False,HARD,10.0,True,Alpine,6279.603,2026-07-19 13:52:35.700,1,13.0,False,,False,True
6504.577,COL,43,112.295,26.0,2.0,,,31.094,51.507,29.694,6423.38,6474.887,6504.581,298.0,200.0,220.0,304.0,False,HARD,11.0,True,Alpine,6392.282,2026-07-19 13:54:28.379,1,13.0,False,,False,True
6616.808,COL,43,112.231,27.0,2.0,,,31.002,51.674,29.555,6535.583,6587.257,6616.812,327.0,201.0,218.0,304.0,False,HARD,12.0,True,Alpine,6504.577,2026-07-19 13:56:20.674,1,13.0,False,,False,True
6728.636,COL,43,111.828,28.0,2.0,,,31.03,51.182,29.616,6647.842,6699.024,6728.64,331.0,202.0,220.0,303.0,False,HARD,13.0,True,Alpine,6616.808,2026-07-19 13:58:12.905,1,12.0,False,,False,True
6841.016,COL,43,112.38,29.0,2.0,,,31.173,51.395,29.812,6759.813,6811.208,6841.02,317.0,202.0,220.0,304.0,False,HARD,14.0,True,Alpine,6728.636,2026-07-19 14:00:04.733,1,12.0,False,,False,True
6952.9,COL,43,111.884,30.0,2.0,,,31.145,51.005,29.734,6872.165,6923.17,6952.904,316.0,206.0,220.0,305.0,False,HARD,15.0,True,Alpine,6841.016,2026-07-19 14:01:57.113,1,10.0,False,,False,True
7064.632,COL,43,111.732,31.0,2.0,,,31.558,50.508,29.666,6984.462,7034.97,7064.636,306.0,203.0,217.0,297.0,False,HARD,16.0,True,Alpine,6952.9,2026-07-19 14:03:48.997,1,10.0,False,,False,True
7176.289,COL,43,111.657,32.0,2.0,,,31.471,50.426,29.76,7096.107,7146.533,7176.293,307.0,205.0,219.0,300.0,False,HARD,17.0,True,Alpine,7064.632,2026-07-19 14:05:40.729,1,10.0,False,,False,True
7288.012,COL,43,111.723,33.0,2.0,,,31.558,50.282,29.883,7207.851,7258.133,7288.016,307.0,202.0,216.0,300.0,False,HARD,18.0,True,Alpine,7176.289,2026-07-19 14:07:32.386,1,10.0,False,,False,True
7399.671,COL,43,111.659,34.0,2.0,,,31.651,50.133,29.875,7319.667,7369.8,7399.675,306.0,204.0,219.0,299.0,False,HARD,19.0,True,Alpine,7288.012,2026-07-19 14:09:24.109,1,10.0,False,,False,True
7511.945,COL,43,112.274,35.0,2.0,,,31.826,50.429,30.019,7431.501,7481.93,7511.949,302.0,203.0,220.0,295.0,False,HARD,20.0,True,Alpine,7399.671,2026-07-19 14:11:15.768,1,10.0,False,,False,True
7623.704,COL,43,111.759,36.0,2.0,,,31.756,50.187,29.816,7543.705,7593.892,7623.708,303.0,204.0,221.0,294.0,False,HARD,21.0,True,Alpine,7511.945,2026-07-19 14:13:08.042,1,10.0,False,,False,True
7735.266,COL,43,111.562,37.0,2.0,,,31.636,50.27,29.656,7655.344,7705.614,7735.27,303.0,202.0,219.0,298.0,False,HARD,22.0,True,Alpine,7623.704,2026-07-19 14:14:59.801,1,10.0,False,,False,True
7846.927,COL,43,111.661,38.0,2.0,,,31.826,50.16,29.675,7767.096,7817.256,7846.931,303.0,203.0,222.0,296.0,False,HARD,23.0,True,Alpine,7735.266,2026-07-19 14:16:51.363,1,10.0,False,,False,True
7958.161,COL,43,111.234,39.0,2.0,,,31.628,50.03,29.576,7878.559,7928.589,7958.165,303.0,205.0,220.0,297.0,True,HARD,24.0,True,Alpine,7846.927,2026-07-19 14:18:43.024,1,10.0,False,,False,True
8069.703,COL,43,111.542,40.0,2.0,,,31.629,50.251,29.662,7989.794,8040.045,8069.707,305.0,205.0,218.0,300.0,False,HARD,25.0,True,Alpine,7958.161,2026-07-19 14:20:34.258,1,10.0,False,,False,True
8181.068,COL,43,111.365,41.0,2.0,,,31.489,50.251,29.625,8101.196,8151.447,8181.072,306.0,201.0,219.0,303.0,False,HARD,26.0,True,Alpine,8069.703,2026-07-19 14:22:25.800,1,10.0,False,,False,True
8292.23,COL,43,111.162,42.0,2.0,,,31.466,50.091,29.605,8212.538,8262.629,8292.234,306.0,204.0,220.0,301.0,True,HARD,27.0,True,Alpine,8181.068,2026-07-19 14:24:17.165,1,10.0,False,,False,True
8403.593,COL,43,111.363,43.0,2.0,,,31.584,50.025,29.754,8323.818,8373.843,8403.597,307.0,206.0,220.0,298.0,False,HARD,28.0,True,Alpine,8292.23,2026-07-19 14:26:08.327,1,10.0,False,,False,True
8514.79,COL,43,111.197,44.0,2.0,,,31.525,50.322,29.35,8435.122,8485.444,8514.794,305.0,204.0,224.0,299.0,False,HARD,29.0,True,Alpine,8403.593,2026-07-19 14:27:59.690,1,10.0,False,,False,True
3499.691,GAS,10,143.344,1.0,1.0,,,,55.345,52.483,,3447.232,3499.691,337.0,200.0,202.0,284.0,False,MEDIUM,1.0,True,Alpine,3355.977,2026-07-19 13:03:52.074,124,11.0,False,,False,False
3661.019,GAS,10,,2.0,1.0,,,40.545,73.436,47.462,3540.28,3613.692,3661.019,245.0,95.0,124.0,237.0,False,MEDIUM,2.0,True,Alpine,3499.691,2026-07-19 13:06:15.788,4,11.0,False,,False,False
3818.65,GAS,10,,3.0,1.0,,,39.45,74.579,43.413,3700.658,3775.247,3818.664,233.0,131.0,197.0,262.0,False,MEDIUM,3.0,True,Alpine,3661.019,2026-07-19 13:08:57.116,4,11.0,False,,False,False
3975.133,GAS,10,,4.0,1.0,,,44.135,66.936,45.534,3862.691,3929.666,3975.208,262.0,139.0,224.0,254.0,False,MEDIUM,4.0,True,Alpine,3818.65,2026-07-19 13:11:34.747,41,11.0,False,,False,False
4088.565,GAS,10,113.432,5.0,1.0,,,31.031,52.572,29.829,4006.164,4058.736,4088.565,332.0,203.0,216.0,304.0,True,MEDIUM,5.0,True,Alpine,3975.133,2026-07-19 13:14:11.230,1,11.0,False,,False,True
4201.482,GAS,10,112.917,6.0,1.0,,,31.179,51.976,29.762,4119.744,4171.72,4201.482,305.0,201.0,219.0,304.0,True,MEDIUM,6.0,True,Alpine,4088.565,2026-07-19 13:16:04.662,1,11.0,False,,False,True
4313.327,GAS,10,111.845,7.0,1.0,,,31.239,50.849,29.757,4232.721,4283.57,4313.327,324.0,201.0,220.0,297.0,True,MEDIUM,7.0,True,Alpine,4201.482,2026-07-19 13:17:57.579,1,10.0,False,,False,True
4425.582,GAS,10,112.255,8.0,1.0,,,31.169,51.353,29.733,4344.496,4395.849,4425.582,320.0,200.0,217.0,299.0,False,MEDIUM,8.0,True,Alpine,4313.327,2026-07-19 13:19:49.424,12,10.0,False,,False,True
4537.513,GAS,10,111.931,9.0,1.0,,,30.956,51.17,29.805,4456.538,4507.708,4537.513,327.0,201.0,218.0,304.0,False,MEDIUM,9.0,True,Alpine,4425.582,2026-07-19 13:21:41.679,1,10.0,False,,False,True
4649.435,GAS,10,111.922,10.0,1.0,,,31.158,50.937,29.827,4568.671,4619.608,4649.435,324.0,195.0,217.0,300.0,False,MEDIUM,10.0,True,Alpine,4537.513,2026-07-19 13:23:33.610,1,10.0,False,,False,True
4761.797,GAS,10,112.362,11.0,1.0,,,31.111,51.45,29.801,4680.546,4731.996,4761.797,331.0,198.0,220.0,302.0,False,MEDIUM,11.0,True,Alpine,4649.435,2026-07-19 13:25:25.532,1,10.0,False,,False,True
4873.741,GAS,10,111.944,12.0,1.0,,,30.805,51.332,29.807,4792.602,4843.934,4873.741,325.0,199.0,218.0,304.0,False,MEDIUM,12.0,True,Alpine,4761.797,2026-07-19 13:27:17.894,1,9.0,False,,False,True
4986.332,GAS,10,112.591,13.0,1.0,,,31.341,51.373,29.877,4905.082,4956.455,4986.332,322.0,194.0,218.0,301.0,False,MEDIUM,13.0,True,Alpine,4873.741,2026-07-19 13:29:09.838,1,9.0,False,,False,True
5103.269,GAS,10,116.937,14.0,1.0,,5099.503,31.275,51.318,34.344,5017.607,5068.925,5103.269,321.0,197.0,,300.0,False,MEDIUM,14.0,True,Alpine,4986.332,2026-07-19 13:31:02.429,1,12.0,False,,False,False
5230.931,GAS,10,127.662,15.0,2.0,5123.546,,47.496,50.49,29.676,5150.765,5201.255,5230.931,322.0,206.0,220.0,293.0,False,HARD,1.0,True,Alpine,5103.269,2026-07-19 13:32:59.366,1,15.0,False,,False,False
5342.512,GAS,10,111.581,16.0,2.0,,,31.269,50.818,29.494,5262.2,5313.018,5342.512,318.0,204.0,219.0,295.0,True,HARD,2.0,True,Alpine,5230.931,2026-07-19 13:35:07.028,1,14.0,False,,False,True
5455.471,GAS,10,112.959,17.0,2.0,,,31.195,52.24,29.524,5373.707,5425.947,5455.471,320.0,202.0,218.0,299.0,False,HARD,3.0,True,Alpine,5342.512,2026-07-19 13:36:58.609,1,14.0,False,,False,True
5579.353,GAS,10,123.882,18.0,2.0,,,40.247,53.974,29.661,5495.718,5549.692,5579.353,192.0,201.0,219.0,303.0,False,HARD,4.0,True,Alpine,5455.471,2026-07-19 13:38:51.568,167,14.0,False,,False,False
5691.523,GAS,10,112.17,19.0,2.0,,,31.326,51.203,29.641,5610.679,5661.882,5691.523,324.0,199.0,218.0,303.0,False,HARD,5.0,True,Alpine,5579.353,2026-07-19 13:40:55.450,1,13.0,False,,False,True
5830.054,GAS,10,138.531,20.0,2.0,,,31.084,67.531,39.916,5722.607,5790.138,5830.054,327.0,117.0,168.0,304.0,False,HARD,6.0,True,Alpine,5691.523,2026-07-19 13:42:47.620,167,13.0,False,,False,False
5943.47,GAS,10,113.416,21.0,2.0,,,32.289,51.573,29.554,5862.343,5913.916,5943.47,311.0,198.0,221.0,284.0,False,HARD,7.0,True,Alpine,5830.054,2026-07-19 13:45:06.151,71,12.0,False,,False,False
6055.582,GAS,10,112.112,22.0,2.0,,,30.921,51.44,29.751,5974.391,6025.831,6055.582,326.0,201.0,221.0,303.0,False,HARD,8.0,True,Alpine,5943.47,2026-07-19 13:46:59.567,1,12.0,False,,False,True
6167.433,GAS,10,111.851,23.0,2.0,,,31.407,50.881,29.563,6086.989,6137.87,6167.433,320.0,201.0,221.0,301.0,False,HARD,9.0,True,Alpine,6055.582,2026-07-19 13:48:51.679,1,12.0,False,,False,True
6278.829,GAS,10,111.396,24.0,2.0,,,30.667,51.029,29.7,6198.1,6249.129,6278.829,333.0,199.0,219.0,303.0,True,HARD,10.0,True,Alpine,6167.433,2026-07-19 13:50:43.530,1,12.0,False,,False,True
6391.81,GAS,10,112.981,25.0,2.0,,,31.338,51.585,30.058,6310.167,6361.752,6391.81,324.0,196.0,222.0,302.0,False,HARD,11.0,True,Alpine,6278.829,2026-07-19 13:52:34.926,1,12.0,False,,False,True
6503.68,GAS,10,111.87,26.0,2.0,,,31.194,50.888,29.788,6423.004,6473.892,6503.68,315.0,199.0,222.0,301.0,False,HARD,12.0,True,Alpine,6391.81,2026-07-19 13:54:27.907,1,11.0,False,,False,True
6615.844,GAS,10,112.164,27.0,2.0,,,31.206,51.243,29.715,6534.886,6586.129,6615.844,294.0,203.0,219.0,303.0,False,HARD,13.0,True,Alpine,6503.68,2026-07-19 13:56:19.777,1,11.0,False,,False,True
6727.886,GAS,10,112.042,28.0,2.0,,,31.2,51.162,29.68,6647.044,6698.206,6727.886,318.0,200.0,220.0,300.0,False,HARD,14.0,True,Alpine,6615.844,2026-07-19 13:58:11.941,1,11.0,False,,False,True
6840.548,GAS,10,112.662,29.0,2.0,,,31.113,51.499,30.05,6758.999,6810.498,6840.548,320.0,199.0,223.0,304.0,False,HARD,15.0,True,Alpine,6727.886,2026-07-19 14:00:03.983,1,11.0,False,,False,True
6954.722,GAS,10,114.174,30.0,2.0,,,31.646,52.998,29.53,6872.194,6925.192,6954.722,307.0,201.0,220.0,294.0,False,HARD,16.0,True,Alpine,6840.548,2026-07-19 14:01:56.645,1,12.0,False,,False,True
7066.541,GAS,10,111.819,31.0,2.0,,,30.882,51.402,29.535,6985.604,7037.006,7066.541,329.0,202.0,219.0,307.0,False,HARD,17.0,True,Alpine,6954.722,2026-07-19 14:03:50.819,1,12.0,False,,False,True
7178.262,GAS,10,111.721,32.0,2.0,,,30.861,51.194,29.666,7097.402,7148.596,7178.262,324.0,202.0,219.0,307.0,False,HARD,18.0,True,Alpine,7066.541,2026-07-19 14:05:42.638,1,12.0,False,,False,True
7289.914,GAS,10,111.652,33.0,2.0,,,30.931,50.947,29.774,7209.193,7260.14,7289.914,328.0,199.0,222.0,309.0,False,HARD,19.0,True,Alpine,7178.262,2026-07-19 14:07:34.359,1,11.0,False,,False,True
7401.671,GAS,10,111.757,34.0,2.0,,,31.249,50.697,29.811,7321.163,7371.86,7401.671,313.0,201.0,219.0,300.0,False,HARD,20.0,True,Alpine,7289.914,2026-07-19 14:09:26.011,1,11.0,False,,False,True
7513.511,GAS,10,111.84,35.0,2.0,,,31.218,50.869,29.753,7432.889,7483.758,7513.511,315.0,202.0,222.0,303.0,False,HARD,21.0,True,Alpine,7401.671,2026-07-19 14:11:17.768,1,11.0,False,,False,True
7624.988,GAS,10,111.477,36.0,2.0,,,31.271,50.619,29.587,7544.782,7595.401,7624.988,315.0,198.0,222.0,299.0,False,HARD,22.0,True,Alpine,7513.511,2026-07-19 14:13:09.608,1,11.0,False,,False,True
7736.69,GAS,10,111.702,37.0,2.0,,,31.287,50.692,29.723,7656.275,7706.967,7736.69,316.0,200.0,221.0,299.0,False,HARD,23.0,True,Alpine,7624.988,2026-07-19 14:15:01.085,1,11.0,False,,False,True
7848.136,GAS,10,111.446,38.0,2.0,,,31.156,50.744,29.546,7767.846,7818.59,7848.136,317.0,202.0,221.0,300.0,False,HARD,24.0,True,Alpine,7736.69,2026-07-19 14:16:52.787,1,11.0,False,,False,True
7959.237,GAS,10,111.101,39.0,2.0,,,31.029,50.577,29.495,7879.165,7929.742,7959.237,318.0,204.0,222.0,302.0,True,HARD,25.0,True,Alpine,7848.136,2026-07-19 14:18:44.233,1,11.0,False,,False,True
8070.542,GAS,10,111.305,40.0,2.0,,,30.751,51.126,29.428,7989.988,8041.114,8070.542,325.0,203.0,223.0,306.0,False,HARD,26.0,True,Alpine,7959.237,2026-07-19 14:20:35.334,1,11.0,False,,False,True
8181.907,GAS,10,111.365,41.0,2.0,,,30.874,51.003,29.488,8101.416,8152.419,8181.907,323.0,200.0,223.0,306.0,False,HARD,27.0,True,Alpine,8070.542,2026-07-19 14:22:26.639,1,11.0,False,,False,True
8293.356,GAS,10,111.449,42.0,2.0,,,31.049,50.907,29.493,8212.956,8263.863,8293.356,322.0,201.0,223.0,302.0,False,HARD,28.0,True,Alpine,8181.907,2026-07-19 14:24:18.004,1,11.0,False,,False,True
8404.639,GAS,10,111.283,43.0,2.0,,,31.093,50.52,29.67,8324.449,8374.969,8404.639,320.0,202.0,221.0,302.0,False,HARD,29.0,True,Alpine,8293.356,2026-07-19 14:26:09.453,1,11.0,False,,False,True
8515.769,GAS,10,111.13,44.0,2.0,,,30.869,50.977,29.284,8435.508,8486.485,8515.769,322.0,202.0,217.0,305.0,False,HARD,30.0,True,Alpine,8404.639,2026-07-19 14:28:00.736,1,11.0,False,,False,True
3489.151,LAW,30,132.922,1.0,1.0,,,,53.516,44.556,,3444.725,3489.303,328.0,203.0,182.0,302.0,False,MEDIUM,1.0,True,Racing Bulls,3355.977,2026-07-19 13:03:52.074,124,6.0,False,,False,False
3653.261,LAW,30,,2.0,1.0,,,42.67,76.101,45.336,3531.991,3608.055,3653.564,167.0,66.0,158.0,273.0,False,MEDIUM,2.0,True,Racing Bulls,3489.151,2026-07-19 13:06:05.248,4,6.0,False,,False,False
3812.84,LAW,30,,3.0,1.0,,,42.112,72.757,44.776,3695.437,3768.256,3813.157,182.0,127.0,144.0,293.0,False,MEDIUM,3.0,True,Racing Bulls,3653.261,2026-07-19 13:08:49.358,4,6.0,False,,False,False
3972.998,LAW,30,,4.0,1.0,,,42.185,70.189,47.816,3855.221,3925.322,3973.295,269.0,107.0,213.0,236.0,False,MEDIUM,4.0,True,Racing Bulls,3812.84,2026-07-19 13:11:28.937,41,6.0,False,,False,False
4085.417,LAW,30,112.419,5.0,1.0,,,31.401,51.274,29.744,4004.529,4055.803,4085.547,327.0,206.0,210.0,300.0,True,MEDIUM,5.0,True,Racing Bulls,3972.998,2026-07-19 13:14:09.095,1,6.0,False,,False,True
4197.442,LAW,30,112.025,6.0,1.0,,,31.295,50.925,29.805,4116.842,4167.767,4197.572,318.0,206.0,210.0,300.0,True,MEDIUM,6.0,True,Racing Bulls,4085.417,2026-07-19 13:16:01.514,1,6.0,False,,False,True
4309.394,LAW,30,111.952,7.0,1.0,,,31.421,50.579,29.952,4228.993,4279.572,4309.524,315.0,204.0,209.0,299.0,True,MEDIUM,7.0,True,Racing Bulls,4197.442,2026-07-19 13:17:53.539,1,6.0,False,,False,True
4422.504,LAW,30,113.11,8.0,1.0,,,31.652,51.702,29.756,4341.176,4392.878,4422.634,309.0,204.0,209.0,297.0,False,MEDIUM,8.0,True,Racing Bulls,4309.394,2026-07-19 13:19:45.491,12,7.0,False,,False,True
4535.24,LAW,30,112.736,9.0,1.0,,,31.385,51.128,30.223,4454.019,4505.147,4535.37,320.0,204.0,211.0,300.0,False,MEDIUM,9.0,True,Racing Bulls,4422.504,2026-07-19 13:21:38.601,1,8.0,False,,False,True
4647.913,LAW,30,112.673,10.0,1.0,,,31.517,51.373,29.783,4566.887,4618.26,4648.043,303.0,204.0,209.0,304.0,False,MEDIUM,10.0,True,Racing Bulls,4535.24,2026-07-19 13:23:31.337,1,8.0,False,,False,True
4760.354,LAW,30,112.441,11.0,1.0,,,31.45,51.109,29.882,4679.493,4730.602,4760.484,314.0,200.0,209.0,306.0,False,MEDIUM,11.0,True,Racing Bulls,4647.913,2026-07-19 13:25:24.010,1,8.0,False,,False,True
4872.789,LAW,30,112.435,12.0,1.0,,,31.471,51.277,29.687,4791.955,4843.232,4872.919,315.0,199.0,208.0,306.0,False,MEDIUM,12.0,True,Racing Bulls,4760.354,2026-07-19 13:27:16.451,1,8.0,False,,False,True
4985.218,LAW,30,112.429,13.0,1.0,,,31.37,51.143,29.916,4904.289,4955.432,4985.348,316.0,199.0,211.0,314.0,False,MEDIUM,13.0,True,Racing Bulls,4872.789,2026-07-19 13:29:08.886,1,8.0,False,,False,True
5097.702,LAW,30,112.484,14.0,1.0,,,31.391,51.137,29.956,5016.739,5067.876,5097.832,315.0,202.0,209.0,305.0,False,MEDIUM,14.0,True,Racing Bulls,4985.218,2026-07-19 13:31:01.315,1,8.0,False,,False,True
5214.283,LAW,30,116.581,15.0,1.0,,5210.505,31.623,51.01,33.948,5129.455,5180.465,5214.413,311.0,200.0,,306.0,False,MEDIUM,15.0,True,Racing Bulls,5097.702,2026-07-19 13:32:53.799,1,9.0,False,,False,False
5341.273,LAW,30,126.99,16.0,2.0,5234.359,,47.078,50.363,29.549,5261.491,5311.854,5341.403,302.0,206.0,213.0,297.0,False,HARD,1.0,True,Racing Bulls,5214.283,2026-07-19 13:34:50.380,1,13.0,False,,False,False
5454.663,LAW,30,113.39,17.0,2.0,,,31.938,51.957,29.495,5373.341,5425.298,5454.793,313.0,206.0,210.0,293.0,False,HARD,2.0,True,Racing Bulls,5341.273,2026-07-19 13:36:57.370,1,13.0,True,TRACK LIMITS AT TURN 6 LAP 17 ,False,True
5578.773,LAW,30,124.11,18.0,2.0,,,38.986,54.991,30.133,5493.779,5548.77,5578.903,224.0,205.0,209.0,311.0,False,HARD,3.0,True,Racing Bulls,5454.663,2026-07-19 13:38:50.760,167,13.0,False,,False,False
5690.712,LAW,30,111.939,19.0,2.0,,,31.633,50.528,29.778,5610.536,5661.064,5690.842,312.0,207.0,214.0,305.0,True,HARD,4.0,True,Racing Bulls,5578.773,2026-07-19 13:40:54.870,1,12.0,False,,False,True
5829.742,LAW,30,139.03,20.0,2.0,,,31.686,66.888,40.456,5722.528,5789.416,5829.872,307.0,118.0,150.0,302.0,False,HARD,5.0,True,Racing Bulls,5690.712,2026-07-19 13:42:46.809,167,12.0,False,,False,False
5942.388,LAW,30,112.646,21.0,2.0,,,32.086,50.7,29.86,5861.958,5912.658,5942.518,308.0,193.0,211.0,310.0,False,HARD,6.0,True,Racing Bulls,5829.742,2026-07-19 13:45:05.839,71,10.0,False,,False,False
6053.967,LAW,30,111.579,22.0,2.0,,,31.63,50.19,29.759,5974.148,6024.338,6054.097,306.0,207.0,214.0,302.0,True,HARD,7.0,True,Racing Bulls,5942.388,2026-07-19 13:46:58.485,1,10.0,False,,False,True
6165.597,LAW,30,111.63,23.0,2.0,,,31.364,50.275,29.991,6085.461,6135.736,6165.727,307.0,207.0,208.0,310.0,False,HARD,8.0,True,Racing Bulls,6053.967,2026-07-19 13:48:50.064,1,10.0,False,,False,True
6277.583,LAW,30,111.986,24.0,2.0,,,31.601,50.325,30.06,6197.328,6247.653,6277.713,299.0,207.0,216.0,310.0,False,HARD,9.0,True,Racing Bulls,6165.597,2026-07-19 13:50:41.694,1,10.0,False,,False,True
6390.541,LAW,30,112.958,25.0,2.0,,,31.841,51.038,30.079,6309.554,6360.592,6390.671,302.0,204.0,211.0,300.0,False,HARD,10.0,True,Racing Bulls,6277.583,2026-07-19 13:52:33.680,1,10.0,False,,False,True
6502.731,LAW,30,112.19,26.0,2.0,,,31.769,50.524,29.897,6422.44,6472.964,6502.861,304.0,205.0,211.0,303.0,False,HARD,11.0,True,Racing Bulls,6390.541,2026-07-19 13:54:26.638,1,10.0,False,,False,True
6614.841,LAW,30,112.11,27.0,2.0,,,31.68,50.616,29.814,6534.541,6585.157,6614.971,303.0,207.0,212.0,303.0,False,HARD,12.0,True,Racing Bulls,6502.731,2026-07-19 13:56:18.828,1,10.0,False,,False,True
6726.961,LAW,30,112.12,28.0,2.0,,,31.762,50.473,29.885,6646.733,6697.206,6727.091,303.0,205.0,215.0,301.0,False,HARD,13.0,True,Racing Bulls,6614.841,2026-07-19 13:58:10.938,1,10.0,False,,False,True
6839.903,LAW,30,112.942,29.0,2.0,,,31.742,50.891,30.309,6758.833,6809.724,6840.033,303.0,206.0,212.0,303.0,False,HARD,14.0,True,Racing Bulls,6726.961,2026-07-19 14:00:03.058,1,10.0,False,,False,True
6954.012,LAW,30,114.109,30.0,2.0,,,32.188,52.221,29.7,6872.221,6924.442,6954.142,305.0,207.0,211.0,306.0,False,HARD,15.0,True,Racing Bulls,6839.903,2026-07-19 14:01:56.000,1,11.0,False,,False,True
7065.737,LAW,30,111.725,31.0,2.0,,,31.235,50.794,29.696,6985.377,7036.171,7065.867,315.0,207.0,215.0,312.0,False,HARD,16.0,True,Racing Bulls,6954.012,2026-07-19 14:03:50.109,1,11.0,False,,False,True
7177.602,LAW,30,111.865,32.0,2.0,,,31.297,50.713,29.855,7097.164,7147.877,7177.732,312.0,205.0,212.0,307.0,False,HARD,17.0,True,Racing Bulls,7065.737,2026-07-19 14:05:41.834,1,11.0,False,,False,True
7290.365,LAW,30,112.763,33.0,2.0,,,31.438,51.638,29.687,7209.17,7260.808,7290.495,310.0,201.0,213.0,314.0,False,HARD,18.0,True,Racing Bulls,7177.602,2026-07-19 14:07:33.699,1,12.0,False,,False,True
7402.152,LAW,30,111.787,34.0,2.0,,,30.913,51.093,29.781,7321.408,7372.501,7402.282,310.0,201.0,210.0,318.0,False,HARD,19.0,True,Racing Bulls,7290.365,2026-07-19 14:09:26.462,1,12.0,False,,False,True
7513.995,LAW,30,111.843,35.0,2.0,,,30.974,51.157,29.712,7433.256,7484.413,7514.125,316.0,203.0,211.0,320.0,False,HARD,20.0,True,Racing Bulls,7402.152,2026-07-19 14:11:18.249,1,12.0,False,,False,True
7625.564,LAW,30,111.569,36.0,2.0,,,31.189,50.863,29.517,7545.314,7596.177,7625.694,313.0,203.0,212.0,316.0,True,HARD,21.0,True,Racing Bulls,7513.995,2026-07-19 14:13:10.092,1,12.0,False,,False,True
7737.154,LAW,30,111.59,37.0,2.0,,,30.992,51.003,29.595,7656.686,7707.689,7737.284,316.0,200.0,215.0,319.0,False,HARD,22.0,True,Racing Bulls,7625.564,2026-07-19 14:15:01.661,1,12.0,False,,False,True
7848.656,LAW,30,111.502,38.0,2.0,,,31.288,50.808,29.406,7768.572,7819.38,7848.786,313.0,205.0,215.0,307.0,True,HARD,23.0,True,Racing Bulls,7737.154,2026-07-19 14:16:53.251,1,12.0,False,,False,True
7959.908,LAW,30,111.252,39.0,2.0,,,30.998,50.844,29.41,7879.784,7930.628,7960.038,313.0,204.0,211.0,313.0,True,HARD,24.0,True,Racing Bulls,7848.656,2026-07-19 14:18:44.753,1,12.0,False,,False,True
8071.094,LAW,30,111.186,40.0,2.0,,,31.12,50.622,29.444,7991.158,8041.78,8071.224,312.0,204.0,213.0,320.0,True,HARD,25.0,True,Racing Bulls,7959.908,2026-07-19 14:20:36.005,1,12.0,False,,False,True
8182.271,LAW,30,111.177,41.0,2.0,,,30.909,50.912,29.356,8102.133,8153.045,8182.401,313.0,201.0,210.0,323.0,True,HARD,26.0,True,Racing Bulls,8071.094,2026-07-19 14:22:27.191,1,12.0,False,,False,True
8293.871,LAW,30,111.6,42.0,2.0,,,30.934,51.224,29.442,8213.335,8264.559,8294.001,318.0,203.0,214.0,322.0,False,HARD,27.0,True,Racing Bulls,8182.271,2026-07-19 14:24:18.368,1,12.0,False,,False,True
8405.061,LAW,30,111.19,43.0,2.0,,,30.852,50.853,29.485,8324.853,8375.706,8405.191,322.0,201.0,217.0,306.0,False,HARD,28.0,True,Racing Bulls,8293.871,2026-07-19 14:26:09.968,1,12.0,False,,False,True
8516.136,LAW,30,111.075,44.0,2.0,,,30.814,51.143,29.118,8436.005,8487.148,8516.266,314.0,200.0,210.0,304.0,True,HARD,29.0,True,Racing Bulls,8405.061,2026-07-19 14:28:01.158,1,12.0,False,,False,True
3502.055,HUL,27,145.817,1.0,1.0,,,,55.944,53.926,,3448.201,3502.161,311.0,194.0,201.0,284.0,False,MEDIUM,1.0,True,Audi,3355.977,2026-07-19 13:03:52.074,124,13.0,False,,False,False
3663.845,HUL,27,,2.0,1.0,,,40.788,73.569,47.439,3543.016,3616.478,3664.037,213.0,87.0,142.0,232.0,False,MEDIUM,2.0,True,Audi,3502.055,2026-07-19 13:06:18.152,4,13.0,False,,False,False
3821.319,HUL,27,,3.0,1.0,,,40.033,73.85,43.547,3704.063,3777.844,3821.464,250.0,165.0,166.0,268.0,False,MEDIUM,3.0,True,Audi,3663.845,2026-07-19 13:08:59.942,4,13.0,False,,False,False
3976.212,HUL,27,,4.0,1.0,,,44.077,66.656,44.229,3865.47,3932.186,3976.377,249.0,161.0,213.0,265.0,False,MEDIUM,4.0,True,Audi,3821.319,2026-07-19 13:11:37.416,41,13.0,False,,False,False
4089.877,HUL,27,113.665,5.0,1.0,,,31.116,52.365,30.184,4007.4,4059.765,4089.949,336.0,198.0,209.0,300.0,True,MEDIUM,5.0,True,Audi,3976.212,2026-07-19 13:14:12.309,1,13.0,False,,False,True
4203.16,HUL,27,113.283,6.0,1.0,,,31.402,51.771,30.11,4121.351,4173.122,4203.232,322.0,198.0,208.0,303.0,True,MEDIUM,6.0,True,Audi,4089.877,2026-07-19 13:16:05.974,1,13.0,False,,False,True
4315.657,HUL,27,112.497,7.0,1.0,,,31.56,51.002,29.935,4234.792,4285.794,4315.729,318.0,197.0,209.0,303.0,True,MEDIUM,7.0,True,Audi,4203.16,2026-07-19 13:17:59.257,1,13.0,False,,False,True
4428.516,HUL,27,112.859,8.0,1.0,,,31.585,51.19,30.084,4347.314,4398.504,4428.588,327.0,198.0,207.0,296.0,False,MEDIUM,8.0,True,Audi,4315.657,2026-07-19 13:19:51.754,12,13.0,False,,False,True
4541.279,HUL,27,112.763,9.0,1.0,,,32.068,50.699,29.996,4460.656,4511.355,4541.351,309.0,197.0,209.0,295.0,False,MEDIUM,9.0,True,Audi,4428.516,2026-07-19 13:21:44.613,1,13.0,False,,False,True
4654.054,HUL,27,112.775,10.0,1.0,,,31.504,50.938,30.333,4572.855,4623.793,4654.126,322.0,197.0,208.0,304.0,False,MEDIUM,10.0,True,Audi,4541.279,2026-07-19 13:23:37.376,1,13.0,False,,False,True
4766.96,HUL,27,112.906,11.0,1.0,,,31.277,51.371,30.258,4685.403,4736.774,4767.032,318.0,196.0,212.0,306.0,False,MEDIUM,11.0,True,Audi,4654.054,2026-07-19 13:25:30.151,1,13.0,False,,False,True
4878.732,HUL,27,111.772,12.0,1.0,,,31.204,50.637,29.931,4798.236,4848.873,4878.804,335.0,200.0,210.0,299.0,True,MEDIUM,12.0,True,Audi,4766.96,2026-07-19 13:27:23.057,1,12.0,False,,False,True
4991.744,HUL,27,113.012,13.0,1.0,,,31.859,51.194,29.959,4910.663,4961.857,4991.816,303.0,196.0,207.0,303.0,False,MEDIUM,13.0,True,Audi,4878.732,2026-07-19 13:29:14.829,1,13.0,False,,False,True
5104.211,HUL,27,112.467,14.0,1.0,,,31.867,50.607,29.993,5023.683,5074.29,5104.283,310.0,197.0,208.0,300.0,False,MEDIUM,14.0,True,Audi,4991.744,2026-07-19 13:31:07.841,1,13.0,False,,False,True
5216.641,HUL,27,112.43,15.0,1.0,,,31.805,50.544,30.081,5136.088,5186.632,5216.713,308.0,199.0,209.0,302.0,False,MEDIUM,15.0,True,Audi,5104.211,2026-07-19 13:33:00.308,1,11.0,False,,False,True
5329.108,HUL,27,112.467,16.0,1.0,,,31.836,50.625,30.006,5248.549,5299.174,5329.18,309.0,195.0,209.0,301.0,False,MEDIUM,16.0,True,Audi,5216.641,2026-07-19 13:34:52.738,1,10.0,False,,False,True
5441.164,HUL,27,112.056,17.0,1.0,,,31.886,50.183,29.987,5361.066,5411.249,5441.236,309.0,201.0,209.0,300.0,False,MEDIUM,17.0,True,Audi,5329.108,2026-07-19 13:36:45.205,1,9.0,False,,False,True
5564.844,HUL,27,123.68,18.0,1.0,,,31.91,61.782,29.988,5473.146,5534.928,5564.916,307.0,198.0,210.0,300.0,False,MEDIUM,18.0,True,Audi,5441.164,2026-07-19 13:38:37.261,167,9.0,False,,False,False
5676.754,HUL,27,111.91,19.0,1.0,,,31.753,50.134,30.023,5596.669,5646.803,5676.826,308.0,199.0,210.0,302.0,False,MEDIUM,19.0,True,Audi,5564.844,2026-07-19 13:40:40.941,1,9.0,False,,False,True
5813.997,HUL,27,137.243,20.0,1.0,,5810.238,31.751,62.164,43.328,5708.577,5770.741,5814.069,309.0,130.0,,301.0,False,MEDIUM,20.0,True,Audi,5676.754,2026-07-19 13:42:32.851,16,9.0,False,,False,False
5942.883,HUL,27,128.886,21.0,2.0,5836.351,,48.148,50.795,29.943,5862.217,5913.012,5942.955,333.0,202.0,214.0,300.0,False,HARD,1.0,True,Audi,5813.997,2026-07-19 13:44:50.094,671,11.0,False,,False,False
6055.056,HUL,27,112.173,22.0,2.0,,,31.286,50.704,30.183,5974.241,6024.945,6055.128,327.0,204.0,213.0,301.0,False,HARD,2.0,True,Audi,5942.883,2026-07-19 13:46:58.980,1,11.0,False,,False,True
6166.275,HUL,27,111.219,23.0,2.0,,,31.65,49.842,29.727,6086.778,6136.62,6166.347,326.0,200.0,213.0,293.0,True,HARD,3.0,True,Audi,6055.056,2026-07-19 13:48:51.153,1,11.0,False,,False,True
6278.15,HUL,27,111.875,24.0,2.0,,,31.444,50.449,29.982,6197.791,6248.24,6278.222,327.0,200.0,214.0,294.0,False,HARD,4.0,True,Audi,6166.275,2026-07-19 13:50:42.372,1,11.0,False,,False,True
6391.441,HUL,27,113.291,25.0,2.0,,,31.611,51.226,30.454,6309.833,6361.059,6391.513,332.0,193.0,211.0,298.0,False,HARD,5.0,True,Audi,6278.15,2026-07-19 13:52:34.247,1,11.0,False,,False,True
6504.069,HUL,27,112.628,26.0,2.0,,,31.482,51.277,29.869,6422.995,6474.272,6504.141,322.0,198.0,212.0,304.0,False,HARD,6.0,True,Audi,6391.441,2026-07-19 13:54:27.538,1,12.0,False,,False,True
6616.174,HUL,27,112.105,27.0,2.0,,,31.368,51.041,29.696,6535.509,6586.55,6616.246,317.0,199.0,212.0,305.0,False,HARD,7.0,True,Audi,6504.069,2026-07-19 13:56:20.166,1,12.0,False,,False,True
6729.204,HUL,27,113.03,28.0,2.0,,,31.601,51.755,29.674,6647.847,6699.602,6729.276,314.0,197.0,210.0,296.0,False,HARD,8.0,True,Audi,6616.174,2026-07-19 13:58:12.271,1,13.0,False,,False,True
6841.717,HUL,27,112.513,29.0,2.0,,,31.553,50.879,30.081,6760.829,6811.708,6841.789,317.0,198.0,213.0,304.0,False,HARD,9.0,True,Audi,6729.204,2026-07-19 14:00:05.301,1,13.0,False,,False,True
6955.56,HUL,27,113.843,30.0,2.0,,,31.086,52.76,29.997,6872.875,6925.635,6955.632,325.0,198.0,212.0,309.0,False,HARD,10.0,True,Audi,6841.717,2026-07-19 14:01:57.814,1,13.0,False,,False,True
7067.532,HUL,27,111.972,31.0,2.0,,,31.022,50.938,30.012,6986.654,7037.592,7067.604,322.0,199.0,212.0,310.0,False,HARD,11.0,True,Audi,6955.56,2026-07-19 14:03:51.657,1,13.0,False,,False,True
7179.064,HUL,27,111.532,32.0,2.0,,,31.142,50.387,30.003,7098.746,7149.133,7179.136,318.0,199.0,213.0,308.0,False,HARD,12.0,True,Audi,7067.532,2026-07-19 14:05:43.629,1,13.0,False,,False,True
7291.427,HUL,27,112.363,33.0,2.0,,,31.073,51.196,30.094,7210.209,7261.405,7291.499,320.0,197.0,211.0,309.0,False,HARD,13.0,True,Audi,7179.064,2026-07-19 14:07:35.161,1,13.0,False,,False,True
7402.758,HUL,27,111.331,34.0,2.0,,,31.544,50.186,29.601,7323.043,7373.229,7402.83,315.0,198.0,211.0,309.0,False,HARD,14.0,True,Audi,7291.427,2026-07-19 14:09:27.524,1,13.0,False,,False,True
7514.718,HUL,27,111.96,35.0,2.0,,,31.2,50.94,29.82,7434.03,7484.97,7514.79,321.0,200.0,213.0,311.0,False,HARD,15.0,True,Audi,7402.758,2026-07-19 14:11:18.855,1,13.0,False,,False,True
7626.502,HUL,27,111.784,36.0,2.0,,,31.091,50.846,29.847,7545.881,7596.727,7626.574,319.0,200.0,211.0,314.0,False,HARD,16.0,True,Audi,7514.718,2026-07-19 14:13:10.815,1,13.0,False,,False,True
7738.048,HUL,27,111.546,37.0,2.0,,,31.3,50.699,29.547,7657.874,7708.573,7738.12,322.0,200.0,211.0,304.0,False,HARD,17.0,True,Audi,7626.502,2026-07-19 14:15:02.599,1,13.0,False,,False,True
7849.922,HUL,27,111.874,38.0,2.0,,,31.709,50.522,29.643,7769.829,7820.351,7849.994,311.0,198.0,210.0,304.0,False,HARD,18.0,True,Audi,7738.048,2026-07-19 14:16:54.145,1,13.0,False,,False,True
7961.899,HUL,27,111.977,39.0,2.0,,,31.977,50.075,29.925,7881.971,7932.046,7961.971,305.0,201.0,214.0,296.0,False,HARD,19.0,True,Audi,7849.922,2026-07-19 14:18:46.019,1,13.0,False,,False,True
8072.538,HUL,27,110.639,40.0,2.0,,,31.183,49.607,29.849,7993.154,8042.761,8072.61,310.0,201.0,213.0,310.0,True,HARD,20.0,True,Audi,7961.899,2026-07-19 14:20:37.996,1,13.0,False,,False,True
8183.041,HUL,27,110.503,41.0,2.0,,,31.012,50.079,29.412,8103.622,8153.701,8183.113,312.0,196.0,212.0,313.0,True,HARD,21.0,True,Audi,8072.538,2026-07-19 14:22:28.635,1,13.0,False,,False,True
8294.543,HUL,27,111.502,42.0,2.0,,,30.96,50.999,29.543,8214.073,8265.072,8294.615,324.0,196.0,212.0,314.0,False,HARD,22.0,True,Audi,8183.041,2026-07-19 14:24:19.138,1,13.0,False,,False,True
8405.865,HUL,27,111.322,43.0,2.0,,,31.495,50.328,29.499,8326.11,8376.438,8405.937,314.0,199.0,212.0,304.0,False,HARD,23.0,True,Audi,8294.543,2026-07-19 14:26:10.640,1,13.0,False,,False,True
8517.034,HUL,27,111.169,44.0,2.0,,,31.331,50.569,29.269,8437.268,8487.837,8517.106,313.0,200.0,213.0,305.0,False,HARD,24.0,True,Audi,8405.865,2026-07-19 14:28:01.962,1,13.0,False,,False,True
3509.872,BEA,87,153.664,1.0,1.0,,3506.173,,57.067,60.936,,3449.122,3510.119,323.0,166.0,,282.0,False,MEDIUM,1.0,True,Haas F1 Team,3355.977,2026-07-19 13:03:52.074,124,15.0,False,,False,False
3670.179,BEA,87,,2.0,2.0,3532.692,,52.323,60.584,47.484,3562.363,3622.881,3670.486,244.0,123.0,98.0,264.0,False,HARD,1.0,True,Haas F1 Team,3509.872,2026-07-19 13:06:25.969,4,17.0,False,,False,False
3826.643,BEA,87,,3.0,2.0,,,39.798,71.374,45.246,3710.209,3781.627,3826.946,247.0,137.0,195.0,266.0,False,HARD,2.0,True,Haas F1 Team,3670.179,2026-07-19 13:09:06.276,4,17.0,False,,False,False
3978.678,BEA,87,,4.0,2.0,,,44.636,65.663,41.837,3871.41,3937.119,3979.065,251.0,164.0,220.0,274.0,False,HARD,3.0,True,Haas F1 Team,3826.643,2026-07-19 13:11:42.740,41,17.0,False,,False,False
4091.589,BEA,87,112.911,5.0,2.0,,,31.622,51.328,29.961,4010.486,4061.814,4091.775,319.0,195.0,212.0,296.0,True,HARD,4.0,True,Haas F1 Team,3978.678,2026-07-19 13:14:14.775,1,15.0,False,,False,True
4204.396,BEA,87,112.807,6.0,2.0,,,31.741,51.169,29.897,4123.516,4174.685,4204.582,319.0,198.0,213.0,294.0,True,HARD,5.0,True,Haas F1 Team,4091.589,2026-07-19 13:16:07.686,1,15.0,False,,False,True
4316.926,BEA,87,112.53,7.0,2.0,,,31.494,51.382,29.654,4236.076,4287.458,4317.112,327.0,197.0,213.0,296.0,True,HARD,6.0,True,Haas F1 Team,4204.396,2026-07-19 13:18:00.493,1,15.0,False,,False,True
4429.803,BEA,87,112.877,8.0,2.0,,,31.469,51.685,29.723,4348.581,4400.266,4429.989,328.0,200.0,214.0,296.0,False,HARD,7.0,True,Haas F1 Team,4316.926,2026-07-19 13:19:53.023,12,15.0,False,,False,True
4543.092,BEA,87,113.289,9.0,2.0,,,31.152,52.332,29.805,4461.141,4513.473,4543.278,340.0,200.0,213.0,300.0,False,HARD,8.0,True,Haas F1 Team,4429.803,2026-07-19 13:21:45.900,1,15.0,False,,False,True
4656.328,BEA,87,113.236,10.0,2.0,,,31.664,51.902,29.67,4574.942,4626.844,4656.514,315.0,198.0,211.0,297.0,False,HARD,9.0,True,Haas F1 Team,4543.092,2026-07-19 13:23:39.189,1,16.0,False,,False,True
4769.488,BEA,87,113.16,11.0,2.0,,,31.767,51.602,29.791,4688.281,4739.883,4769.674,324.0,198.0,207.0,295.0,False,HARD,10.0,True,Haas F1 Team,4656.328,2026-07-19 13:25:32.425,1,16.0,False,,False,True
4882.853,BEA,87,113.365,12.0,2.0,,,31.693,51.808,29.864,4801.367,4853.175,4883.039,330.0,198.0,205.0,295.0,False,HARD,11.0,True,Haas F1 Team,4769.488,2026-07-19 13:27:25.585,1,15.0,False,,False,True
4995.932,BEA,87,113.079,13.0,2.0,,,31.746,51.609,29.724,4914.785,4966.394,4996.118,322.0,197.0,206.0,301.0,False,HARD,12.0,True,Haas F1 Team,4882.853,2026-07-19 13:29:18.950,1,15.0,False,,False,True
5108.932,BEA,87,113.0,14.0,2.0,,,32.055,51.325,29.62,5028.173,5079.498,5109.118,312.0,199.0,213.0,294.0,False,HARD,13.0,True,Haas F1 Team,4995.932,2026-07-19 13:31:12.029,1,15.0,False,,False,True
5222.25,BEA,87,113.318,15.0,2.0,,,31.747,51.565,30.006,5140.865,5192.43,5222.436,324.0,200.0,206.0,295.0,False,HARD,14.0,True,Haas F1 Team,5108.932,2026-07-19 13:33:05.029,1,14.0,False,,False,True
5335.501,BEA,87,113.251,16.0,2.0,,,31.622,51.661,29.968,5254.058,5305.719,5335.687,326.0,200.0,206.0,295.0,False,HARD,15.0,True,Haas F1 Team,5222.25,2026-07-19 13:34:58.347,1,12.0,False,,False,True
5449.01,BEA,87,113.509,17.0,2.0,,,31.723,51.772,30.014,5367.41,5419.182,5449.196,328.0,201.0,211.0,294.0,False,HARD,16.0,True,Haas F1 Team,5335.501,2026-07-19 13:36:51.598,1,11.0,False,,False,True
5573.268,BEA,87,124.258,18.0,2.0,,,32.074,62.268,29.916,5481.27,5543.538,5573.454,202.0,197.0,206.0,296.0,False,HARD,17.0,True,Haas F1 Team,5449.01,2026-07-19 13:38:45.107,167,10.0,False,,False,False
5686.304,BEA,87,113.036,19.0,2.0,,,32.38,50.806,29.85,5605.834,5656.64,5686.49,300.0,201.0,213.0,291.0,False,HARD,18.0,True,Haas F1 Team,5573.268,2026-07-19 13:40:49.365,1,10.0,False,,False,True
5827.153,BEA,87,140.849,20.0,2.0,,5823.546,32.17,66.281,42.398,5718.66,5784.941,5827.339,302.0,121.0,,292.0,False,HARD,19.0,True,Haas F1 Team,5686.304,2026-07-19 13:42:42.401,167,11.0,False,,False,False
5959.395,BEA,87,132.242,21.0,3.0,5852.597,,52.389,50.264,29.589,5879.728,5929.992,5959.581,313.0,205.0,215.0,290.0,False,HARD,1.0,True,Haas F1 Team,5827.153,2026-07-19 13:45:03.250,71,15.0,False,,False,False
6070.504,BEA,87,111.109,22.0,3.0,,,31.811,49.735,29.563,5991.392,6041.127,6070.69,308.0,203.0,214.0,293.0,True,HARD,2.0,True,Haas F1 Team,5959.395,2026-07-19 13:47:15.492,1,15.0,False,,False,True
6182.013,BEA,87,111.509,23.0,3.0,,,31.91,49.779,29.82,6102.6,6152.379,6182.199,309.0,205.0,215.0,292.0,False,HARD,3.0,True,Haas F1 Team,6070.504,2026-07-19 13:49:06.601,1,15.0,False,,False,True
6293.231,BEA,87,111.218,24.0,3.0,,,31.715,49.864,29.639,6213.914,6263.778,6293.417,310.0,205.0,215.0,292.0,False,HARD,4.0,True,Haas F1 Team,6182.013,2026-07-19 13:50:58.110,1,15.0,False,,False,True
6405.209,BEA,87,111.978,25.0,3.0,,,31.648,50.523,29.807,6325.065,6375.588,6405.395,312.0,199.0,218.0,295.0,False,HARD,5.0,True,Haas F1 Team,6293.231,2026-07-19 13:52:49.328,1,15.0,False,,False,True
6517.688,BEA,87,112.479,26.0,3.0,,,31.407,51.195,29.877,6436.802,6487.997,6517.874,320.0,201.0,210.0,294.0,False,HARD,6.0,True,Haas F1 Team,6405.209,2026-07-19 13:54:41.306,1,14.0,False,,False,True
6629.669,BEA,87,111.981,27.0,3.0,,,31.799,50.524,29.658,6549.673,6600.197,6629.855,312.0,207.0,208.0,299.0,False,HARD,7.0,True,Haas F1 Team,6517.688,2026-07-19 13:56:33.785,1,14.0,False,,False,True
6741.673,BEA,87,112.004,28.0,3.0,,,32.139,50.169,29.696,6661.994,6712.163,6741.859,303.0,204.0,213.0,289.0,False,HARD,8.0,True,Haas F1 Team,6629.669,2026-07-19 13:58:25.766,1,14.0,False,,False,True
6853.836,BEA,87,112.163,29.0,3.0,,,31.896,50.654,29.613,6773.755,6824.409,6854.022,303.0,202.0,208.0,294.0,False,HARD,9.0,True,Haas F1 Team,6741.673,2026-07-19 14:00:17.770,1,14.0,False,,False,True
6966.087,BEA,87,112.251,30.0,3.0,,,32.115,50.593,29.543,6886.137,6936.73,6966.273,305.0,203.0,214.0,292.0,False,HARD,10.0,True,Haas F1 Team,6853.836,2026-07-19 14:02:09.933,1,14.0,False,,False,True
7078.068,BEA,87,111.981,31.0,3.0,,,31.95,50.365,29.666,6998.223,7048.588,7078.254,306.0,204.0,214.0,293.0,False,HARD,11.0,True,Haas F1 Team,6966.087,2026-07-19 14:04:02.184,1,14.0,False,,False,True
7190.069,BEA,87,112.001,32.0,3.0,,,31.861,50.377,29.763,7110.115,7160.492,7190.255,303.0,203.0,215.0,295.0,False,HARD,12.0,True,Haas F1 Team,7078.068,2026-07-19 14:05:54.165,1,14.0,False,,False,True
7302.055,BEA,87,111.986,33.0,3.0,,,31.773,50.426,29.787,7222.028,7272.454,7302.241,306.0,202.0,213.0,295.0,False,HARD,13.0,True,Haas F1 Team,7190.069,2026-07-19 14:07:46.166,1,14.0,False,,False,True
7414.15,BEA,87,112.095,34.0,3.0,,,31.781,50.525,29.789,7334.022,7384.547,7414.336,308.0,199.0,214.0,295.0,False,HARD,14.0,True,Haas F1 Team,7302.055,2026-07-19 14:09:38.152,1,14.0,False,,False,True
7526.226,BEA,87,112.076,35.0,3.0,,,31.877,50.464,29.735,7446.213,7496.677,7526.412,303.0,202.0,215.0,294.0,False,HARD,15.0,True,Haas F1 Team,7414.15,2026-07-19 14:11:30.247,1,14.0,False,,False,True
7638.161,BEA,87,111.935,36.0,3.0,,,31.938,50.412,29.585,7558.35,7608.762,7638.347,301.0,203.0,215.0,292.0,False,HARD,16.0,True,Haas F1 Team,7526.226,2026-07-19 14:13:22.323,1,14.0,False,,False,True
7750.478,BEA,87,112.317,37.0,3.0,,,32.156,50.452,29.709,7670.503,7720.955,7750.664,299.0,200.0,213.0,292.0,False,HARD,17.0,True,Haas F1 Team,7638.161,2026-07-19 14:15:14.258,1,14.0,False,,False,True
7862.486,BEA,87,112.008,38.0,3.0,,,31.944,50.442,29.622,7782.608,7833.05,7862.672,301.0,202.0,215.0,291.0,False,HARD,18.0,True,Haas F1 Team,7750.478,2026-07-19 14:17:06.575,1,14.0,False,,False,True
7974.125,BEA,87,111.639,39.0,3.0,,,31.94,50.199,29.5,7894.612,7944.811,7974.311,298.0,204.0,216.0,293.0,False,HARD,19.0,True,Haas F1 Team,7862.486,2026-07-19 14:18:58.583,1,14.0,False,,False,True
8085.667,BEA,87,111.542,40.0,3.0,,,31.988,50.048,29.506,8006.299,8056.347,8085.853,298.0,203.0,215.0,295.0,False,HARD,20.0,True,Haas F1 Team,7974.125,2026-07-19 14:20:50.222,1,14.0,False,,False,True
8197.363,BEA,87,111.696,41.0,3.0,,,31.77,50.398,29.528,8117.623,8168.021,8197.549,300.0,203.0,215.0,295.0,False,HARD,21.0,True,Haas F1 Team,8085.667,2026-07-19 14:22:41.764,1,14.0,False,,False,True
8309.434,BEA,87,112.071,42.0,3.0,,,32.157,50.396,29.518,8229.706,8280.102,8309.62,304.0,202.0,216.0,295.0,False,HARD,22.0,True,Haas F1 Team,8197.363,2026-07-19 14:24:33.460,1,14.0,False,,False,True
8421.502,BEA,87,112.068,43.0,3.0,,,31.847,50.498,29.723,8341.467,8391.965,8421.688,302.0,203.0,218.0,293.0,False,HARD,23.0,True,Haas F1 Team,8309.434,2026-07-19 14:26:25.531,1,14.0,False,,False,True
8533.013,BEA,87,111.511,44.0,3.0,,,31.704,50.224,29.583,8453.392,8503.616,8533.199,301.0,201.0,217.0,294.0,False,HARD,24.0,True,Haas F1 Team,8421.502,2026-07-19 14:28:17.599,1,14.0,False,,False,True
3501.463,ALB,23,145.248,1.0,1.0,,,,55.736,53.711,,3447.826,3501.507,344.0,197.0,190.0,280.0,False,MEDIUM,1.0,True,Williams,3355.977,2026-07-19 13:03:52.074,124,12.0,False,,False,False
3662.546,ALB,23,,2.0,1.0,,,40.002,73.402,47.662,3541.689,3614.928,3662.664,229.0,112.0,124.0,259.0,False,MEDIUM,2.0,True,Williams,3501.463,2026-07-19 13:06:17.560,4,12.0,False,,False,False
3820.794,ALB,23,,3.0,1.0,,,39.961,74.23,43.993,3702.717,3776.845,3820.948,252.0,136.0,189.0,259.0,False,MEDIUM,3.0,True,Williams,3662.546,2026-07-19 13:08:58.643,4,12.0,False,,False,False
3975.701,ALB,23,,4.0,1.0,,,43.593,65.994,45.384,3864.469,3930.432,3975.965,257.0,141.0,212.0,254.0,False,MEDIUM,4.0,True,Williams,3820.794,2026-07-19 13:11:36.891,41,12.0,False,,False,False
4089.187,ALB,23,113.486,5.0,1.0,,,31.231,52.261,29.994,4006.976,4059.237,4089.231,330.0,199.0,216.0,302.0,True,MEDIUM,5.0,True,Williams,3975.701,2026-07-19 13:14:11.798,1,12.0,False,,False,True
4202.563,ALB,23,113.376,6.0,1.0,,,31.12,52.177,30.079,4120.351,4172.528,4202.607,325.0,201.0,214.0,303.0,True,MEDIUM,6.0,True,Williams,4089.187,2026-07-19 13:16:05.284,1,12.0,False,,False,True
4315.054,ALB,23,112.491,7.0,1.0,,,31.448,51.124,29.919,4234.055,4285.179,4315.098,323.0,199.0,215.0,300.0,True,MEDIUM,7.0,True,Williams,4202.563,2026-07-19 13:17:58.660,1,12.0,False,,False,True
4427.967,ALB,23,112.913,8.0,1.0,,,31.416,51.411,30.086,4346.514,4397.925,4428.011,324.0,200.0,215.0,299.0,False,MEDIUM,8.0,True,Williams,4315.054,2026-07-19 13:19:51.151,12,12.0,False,,False,True
4540.642,ALB,23,112.675,9.0,1.0,,,31.496,51.131,30.048,4459.507,4510.638,4540.686,320.0,197.0,215.0,301.0,False,MEDIUM,9.0,True,Williams,4427.967,2026-07-19 13:21:44.064,1,12.0,False,,False,True
4653.285,ALB,23,112.643,10.0,1.0,,,31.599,50.988,30.056,4572.285,4623.273,4653.329,315.0,195.0,215.0,298.0,False,MEDIUM,10.0,True,Williams,4540.642,2026-07-19 13:23:36.739,1,12.0,False,,False,True
4766.647,ALB,23,113.362,11.0,1.0,,,31.702,51.255,30.405,4685.031,4736.286,4766.691,314.0,196.0,216.0,298.0,False,MEDIUM,11.0,True,Williams,4653.285,2026-07-19 13:25:29.382,1,12.0,False,,False,True
4881.147,ALB,23,114.5,12.0,1.0,,,31.764,52.595,30.141,4798.455,4851.05,4881.191,310.0,192.0,214.0,297.0,False,MEDIUM,12.0,True,Williams,4766.647,2026-07-19 13:27:22.744,1,14.0,False,,False,True
4994.712,ALB,23,113.565,13.0,1.0,,,31.646,51.686,30.233,4912.837,4964.523,4994.756,316.0,191.0,215.0,299.0,False,MEDIUM,13.0,True,Williams,4881.147,2026-07-19 13:29:17.244,1,14.0,False,,False,True
5108.169,ALB,23,113.457,14.0,1.0,,,31.681,51.569,30.207,5026.437,5078.006,5108.213,316.0,194.0,215.0,297.0,False,MEDIUM,14.0,True,Williams,4994.712,2026-07-19 13:31:10.809,1,14.0,False,,False,True
5221.659,ALB,23,113.49,15.0,1.0,,,31.735,51.491,30.264,5139.948,5191.439,5221.703,314.0,198.0,216.0,297.0,False,MEDIUM,15.0,True,Williams,5108.169,2026-07-19 13:33:04.266,1,13.0,False,,False,True
5335.034,ALB,23,113.375,16.0,1.0,,,31.617,51.437,30.321,5253.32,5304.757,5335.078,313.0,195.0,215.0,298.0,False,MEDIUM,16.0,True,Williams,5221.659,2026-07-19 13:34:57.756,1,11.0,False,,False,True
5448.688,ALB,23,113.654,17.0,1.0,,,31.743,51.399,30.512,5366.821,5418.22,5448.732,310.0,197.0,216.0,297.0,False,MEDIUM,17.0,True,Williams,5335.034,2026-07-19 13:36:51.131,1,10.0,False,,False,True
5577.701,ALB,23,129.013,18.0,1.0,,5573.926,31.888,62.355,34.77,5480.62,5542.975,5577.745,252.0,196.0,,297.0,False,MEDIUM,18.0,True,Williams,5448.688,2026-07-19 13:38:44.785,167,12.0,False,,False,False
5704.345,ALB,23,126.644,19.0,2.0,5596.571,,46.182,50.598,29.864,5623.927,5674.525,5704.389,307.0,201.0,219.0,290.0,False,HARD,1.0,True,Williams,5577.701,2026-07-19 13:40:53.798,1,15.0,False,,False,False
5842.697,ALB,23,138.352,20.0,2.0,,,39.005,64.38,34.967,5743.394,5807.774,5842.741,261.0,126.0,217.0,296.0,False,HARD,2.0,True,Williams,5704.345,2026-07-19 13:43:00.442,167,15.0,False,,False,False
5954.591,ALB,23,111.894,21.0,2.0,,,31.312,50.558,30.024,5874.053,5924.611,5954.635,312.0,196.0,220.0,299.0,True,HARD,3.0,True,Williams,5842.697,2026-07-19 13:45:18.794,1,14.0,False,,False,True
6066.916,ALB,23,112.325,22.0,2.0,,,31.441,50.74,30.144,5986.076,6036.816,6066.96,312.0,197.0,220.0,297.0,False,HARD,4.0,True,Williams,5954.591,2026-07-19 13:47:10.688,1,14.0,False,,False,True
6179.213,ALB,23,112.297,23.0,2.0,,,31.502,50.628,30.167,6098.462,6149.09,6179.257,311.0,199.0,216.0,298.0,False,HARD,5.0,True,Williams,6066.916,2026-07-19 13:49:03.013,1,14.0,False,,False,True
6291.984,ALB,23,112.771,24.0,2.0,,,31.541,50.988,30.242,6210.798,6261.786,6292.028,311.0,194.0,218.0,297.0,False,HARD,6.0,True,Williams,6179.213,2026-07-19 13:50:55.310,1,14.0,False,,False,True
6404.755,ALB,23,112.771,25.0,2.0,,,31.536,50.965,30.27,6323.564,6374.529,6404.799,311.0,192.0,217.0,298.0,False,HARD,7.0,True,Williams,6291.984,2026-07-19 13:52:48.081,1,14.0,False,,False,True
6517.733,ALB,23,112.978,26.0,2.0,,,31.537,50.988,30.453,6436.336,6487.324,6517.777,310.0,199.0,210.0,298.0,False,HARD,8.0,True,Williams,6404.755,2026-07-19 13:54:40.852,1,15.0,False,,False,True
6631.543,ALB,23,113.81,27.0,2.0,,,31.983,51.917,29.91,6549.76,6601.677,6631.587,321.0,195.0,217.0,296.0,False,HARD,9.0,True,Williams,6517.733,2026-07-19 13:56:33.830,1,15.0,False,,False,True
6744.1,ALB,23,112.557,28.0,2.0,,,31.395,51.152,30.01,6662.982,6714.134,6744.144,317.0,195.0,215.0,298.0,False,HARD,10.0,True,Williams,6631.543,2026-07-19 13:58:27.640,1,15.0,False,,False,True
6856.831,ALB,23,112.731,29.0,2.0,,,31.476,51.12,30.135,6775.62,6826.74,6856.875,316.0,198.0,216.0,300.0,False,HARD,11.0,True,Williams,6744.1,2026-07-19 14:00:20.197,1,15.0,False,,False,True
6969.355,ALB,23,112.524,30.0,2.0,,,31.405,51.171,29.948,6888.28,6939.451,6969.399,317.0,199.0,218.0,301.0,False,HARD,12.0,True,Williams,6856.831,2026-07-19 14:02:12.928,1,15.0,False,,False,True
7082.106,ALB,23,112.751,31.0,2.0,,,31.561,51.112,30.078,7000.96,7052.072,7082.15,315.0,199.0,217.0,299.0,False,HARD,13.0,True,Williams,6969.355,2026-07-19 14:04:05.452,1,15.0,False,,False,True
7194.565,ALB,23,112.459,32.0,2.0,,,31.308,51.089,30.062,7113.458,7164.547,7194.609,315.0,200.0,217.0,301.0,False,HARD,14.0,True,Williams,7082.106,2026-07-19 14:05:58.203,1,15.0,False,,False,True
7307.362,ALB,23,112.797,33.0,2.0,,,31.464,51.187,30.146,7226.073,7277.26,7307.406,314.0,192.0,218.0,302.0,False,HARD,15.0,True,Williams,7194.565,2026-07-19 14:07:50.662,1,15.0,False,,False,True
7420.189,ALB,23,112.827,34.0,2.0,,,31.422,51.001,30.404,7338.828,7389.829,7420.233,313.0,199.0,217.0,300.0,False,HARD,16.0,True,Williams,7307.362,2026-07-19 14:09:43.459,1,15.0,False,,False,True
7532.756,ALB,23,112.567,35.0,2.0,,,31.417,51.012,30.138,7451.65,7502.662,7532.8,313.0,196.0,220.0,302.0,False,HARD,17.0,True,Williams,7420.189,2026-07-19 14:11:36.286,1,15.0,False,,False,True
7644.998,ALB,23,112.242,36.0,2.0,,,31.347,50.945,29.95,7564.147,7615.092,7645.042,314.0,198.0,218.0,300.0,False,HARD,18.0,True,Williams,7532.756,2026-07-19 14:13:28.853,1,15.0,False,,False,True
7757.568,ALB,23,112.57,37.0,2.0,,,31.547,50.819,30.204,7676.589,7727.408,7757.612,311.0,198.0,217.0,299.0,False,HARD,19.0,True,Williams,7644.998,2026-07-19 14:15:21.095,1,15.0,False,,False,True
7870.1,ALB,23,112.532,38.0,2.0,,,31.452,50.972,30.108,7789.064,7840.036,7870.144,310.0,197.0,219.0,300.0,False,HARD,20.0,True,Williams,7757.568,2026-07-19 14:17:13.665,1,15.0,False,,False,True
7982.561,ALB,23,112.461,39.0,2.0,,,31.532,50.965,29.964,7901.676,7952.641,7982.605,309.0,198.0,219.0,299.0,False,HARD,21.0,True,Williams,7870.1,2026-07-19 14:19:06.197,1,15.0,False,,False,True
8094.72,ALB,23,112.159,40.0,2.0,,,31.659,50.654,29.846,8014.264,8064.918,8094.764,307.0,201.0,221.0,299.0,False,HARD,22.0,True,Williams,7982.561,2026-07-19 14:20:58.658,1,15.0,False,,False,True
8206.853,ALB,23,112.133,41.0,2.0,,,31.612,50.766,29.755,8126.376,8177.142,8206.897,307.0,198.0,221.0,298.0,False,HARD,23.0,True,Williams,8094.72,2026-07-19 14:22:50.817,1,15.0,False,,False,True
8318.947,ALB,23,112.094,42.0,2.0,,,31.569,50.745,29.78,8238.466,8289.211,8318.991,309.0,200.0,220.0,299.0,False,HARD,24.0,True,Williams,8206.853,2026-07-19 14:24:42.950,1,15.0,False,,False,True
8431.355,ALB,23,112.408,43.0,2.0,,,31.672,50.876,29.86,8350.663,8401.539,8431.399,308.0,199.0,221.0,296.0,False,HARD,25.0,True,Williams,8318.947,2026-07-19 14:26:35.044,1,15.0,False,,False,True
8543.395,ALB,23,112.04,44.0,2.0,,,31.573,50.827,29.64,8462.972,8513.799,8543.439,307.0,199.0,220.0,298.0,False,HARD,26.0,True,Williams,8431.355,2026-07-19 14:28:27.452,1,15.0,False,,False,True
3505.735,SAI,55,149.515,1.0,1.0,,,,57.014,55.663,,3450.27,3505.781,323.0,191.0,205.0,292.0,False,SOFT,1.0,True,Williams,3355.977,2026-07-19 13:03:52.074,124,14.0,False,,False,False
3665.567,SAI,55,,2.0,1.0,,,38.559,73.24,48.021,3544.513,3617.592,3665.771,261.0,115.0,144.0,260.0,False,SOFT,2.0,True,Williams,3505.735,2026-07-19 13:06:21.832,4,14.0,False,,False,False
3823.062,SAI,55,,3.0,1.0,,,40.419,72.594,44.452,3706.062,3778.778,3823.246,256.0,151.0,182.0,259.0,False,SOFT,3.0,True,Williams,3665.567,2026-07-19 13:09:01.664,4,14.0,False,,False,False
3976.383,SAI,55,,4.0,1.0,,,43.668,66.263,43.437,3866.846,3933.098,3976.67,259.0,145.0,224.0,246.0,False,SOFT,4.0,True,Williams,3823.062,2026-07-19 13:11:39.159,41,14.0,False,,False,False
4090.361,SAI,55,113.978,5.0,1.0,,,31.044,52.896,30.038,4007.473,4060.369,4090.407,320.0,200.0,218.0,308.0,False,SOFT,5.0,True,Williams,3976.383,2026-07-19 13:14:12.480,1,14.0,True,TRACK LIMITS AT TURN 4 LAP 5 ,False,True
4203.95,SAI,55,113.589,6.0,1.0,,,31.696,51.984,29.909,4122.103,4174.087,4203.996,325.0,201.0,218.0,296.0,True,SOFT,6.0,True,Williams,4090.361,2026-07-19 13:16:06.458,1,14.0,False,,False,True
4316.453,SAI,55,112.503,7.0,1.0,,,31.374,51.377,29.752,4235.37,4286.747,4316.499,326.0,199.0,217.0,300.0,True,SOFT,7.0,True,Williams,4203.95,2026-07-19 13:18:00.047,1,14.0,False,,False,True
4429.604,SAI,55,113.151,8.0,1.0,,,31.274,51.871,30.006,4347.773,4399.644,4429.65,330.0,197.0,217.0,302.0,False,SOFT,8.0,True,Williams,4316.453,2026-07-19 13:19:52.550,12,14.0,False,,False,True
4542.762,SAI,55,113.158,9.0,1.0,,,31.317,51.831,30.01,4460.967,4512.798,4542.808,327.0,200.0,219.0,301.0,False,SOFT,9.0,True,Williams,4429.604,2026-07-19 13:21:45.701,1,14.0,False,,False,True
4655.311,SAI,55,112.549,10.0,1.0,,,31.501,51.118,29.93,4574.309,4625.427,4655.357,319.0,197.0,218.0,296.0,False,SOFT,10.0,True,Williams,4542.762,2026-07-19 13:23:38.859,1,14.0,False,,False,True
4769.149,SAI,55,113.838,11.0,1.0,,,,,30.047,,,4769.345,319.0,197.0,216.0,297.0,False,SOFT,11.0,True,Williams,4655.311,2026-07-19 13:25:31.408,1,15.0,False,,False,False
4883.078,SAI,55,113.929,12.0,1.0,,,31.669,51.78,30.48,4800.864,4852.644,4883.124,316.0,196.0,219.0,298.0,False,SOFT,12.0,True,Williams,4769.149,2026-07-19 13:27:25.246,1,16.0,False,,False,True
4997.343,SAI,55,114.265,13.0,1.0,,,31.802,52.557,29.906,4914.926,4967.483,4997.389,314.0,194.0,217.0,298.0,False,SOFT,13.0,True,Williams,4883.078,2026-07-19 13:29:19.175,1,16.0,False,,False,True
5115.117,SAI,55,117.774,14.0,1.0,,5111.374,31.416,52.019,34.339,5028.805,5080.824,5115.163,325.0,195.0,,298.0,False,SOFT,14.0,True,Williams,4997.343,2026-07-19 13:31:13.440,1,16.0,False,,False,False
5255.194,SAI,55,140.077,15.0,2.0,5146.274,,58.89,51.681,29.506,5174.053,5225.734,5255.24,311.0,196.0,213.0,289.0,False,HARD,1.0,True,Williams,5115.117,2026-07-19 13:33:11.214,1,18.0,False,,False,False
5367.453,SAI,55,112.259,16.0,2.0,,,31.855,50.583,29.821,5287.095,5337.678,5367.499,307.0,200.0,216.0,296.0,True,HARD,2.0,True,Williams,5255.194,2026-07-19 13:35:31.291,1,18.0,False,,False,True
5479.403,SAI,55,111.95,17.0,2.0,,,31.52,50.717,29.713,5399.019,5449.736,5479.449,313.0,198.0,214.0,298.0,True,HARD,3.0,True,Williams,5367.453,2026-07-19 13:37:23.550,16,18.0,False,,False,False
5603.703,SAI,55,124.3,18.0,2.0,,,43.738,50.823,29.739,5523.187,5574.01,5603.749,280.0,203.0,219.0,256.0,False,HARD,4.0,True,Williams,5479.403,2026-07-19 13:39:15.500,671,18.0,False,,False,False
5715.443,SAI,55,111.74,19.0,2.0,,,31.48,50.641,29.619,5635.229,5685.87,5715.489,310.0,200.0,219.0,299.0,True,HARD,5.0,True,Williams,5603.703,2026-07-19 13:41:19.800,1,18.0,False,,False,True
5855.022,SAI,55,139.579,20.0,2.0,,,42.017,65.201,32.361,5757.506,5822.707,5855.068,262.0,146.0,223.0,260.0,False,HARD,6.0,True,Williams,5715.443,2026-07-19 13:43:11.540,167,18.0,False,,False,False
5967.615,SAI,55,112.593,21.0,2.0,,,30.939,52.051,29.603,5886.007,5938.058,5967.661,326.0,200.0,220.0,302.0,False,HARD,7.0,True,Williams,5855.022,2026-07-19 13:45:31.119,1,17.0,False,,False,True
6079.615,SAI,55,112.0,22.0,2.0,,,31.456,50.885,29.659,5999.117,6050.002,6079.661,319.0,198.0,218.0,297.0,False,HARD,8.0,True,Williams,5967.615,2026-07-19 13:47:23.712,1,17.0,False,,False,True
6191.247,SAI,55,111.632,23.0,2.0,,,31.301,50.82,29.511,6110.962,6161.782,6191.293,321.0,198.0,219.0,299.0,True,HARD,9.0,True,Williams,6079.615,2026-07-19 13:49:15.712,1,17.0,False,,False,True
6302.61,SAI,55,111.363,24.0,2.0,,,31.191,50.357,29.815,6222.484,6272.841,6302.656,323.0,201.0,221.0,299.0,True,HARD,10.0,True,Williams,6191.247,2026-07-19 13:51:07.344,1,16.0,False,,False,True
6414.86,SAI,55,112.25,25.0,2.0,,,31.568,50.807,29.875,6334.224,6385.031,6414.906,309.0,197.0,222.0,296.0,False,HARD,11.0,True,Williams,6302.61,2026-07-19 13:52:58.707,1,16.0,False,,False,True
6527.171,SAI,55,112.311,26.0,2.0,,,31.619,50.888,29.804,6446.525,6497.413,6527.217,308.0,195.0,220.0,296.0,False,HARD,12.0,True,Williams,6414.86,2026-07-19 13:54:50.957,1,16.0,False,,False,True
6639.436,SAI,55,112.265,27.0,2.0,,,31.685,50.828,29.752,6558.902,6609.73,6639.482,309.0,200.0,219.0,296.0,False,HARD,13.0,True,Williams,6527.171,2026-07-19 13:56:43.268,1,16.0,False,,False,True
6751.44,SAI,55,112.004,28.0,2.0,,,31.561,50.739,29.704,6671.043,6721.782,6751.486,310.0,201.0,219.0,295.0,False,HARD,14.0,True,Williams,6639.436,2026-07-19 13:58:35.533,1,16.0,False,,False,True
6863.507,SAI,55,112.067,29.0,2.0,,,31.641,50.822,29.604,6783.127,6833.949,6863.553,311.0,201.0,216.0,297.0,False,HARD,15.0,True,Williams,6751.44,2026-07-19 14:00:27.537,1,16.0,False,,False,True
6975.595,SAI,55,112.088,30.0,2.0,,,31.818,50.855,29.415,6895.371,6946.226,6975.641,310.0,201.0,221.0,296.0,False,HARD,16.0,True,Williams,6863.507,2026-07-19 14:02:19.604,1,16.0,False,,False,True
7088.285,SAI,55,112.69,31.0,2.0,,,31.784,51.129,29.777,7007.425,7058.554,7088.331,309.0,201.0,220.0,294.0,False,HARD,17.0,True,Williams,6975.595,2026-07-19 14:04:11.692,1,16.0,False,,False,True
7200.411,SAI,55,112.126,32.0,2.0,,,31.473,50.891,29.762,7119.804,7170.695,7200.457,310.0,200.0,221.0,300.0,False,HARD,18.0,True,Williams,7088.285,2026-07-19 14:06:04.382,1,16.0,False,,False,True
7312.6,SAI,55,112.189,33.0,2.0,,,31.394,50.96,29.835,7231.851,7282.811,7312.646,313.0,198.0,220.0,300.0,False,HARD,19.0,True,Williams,7200.411,2026-07-19 14:07:56.508,1,16.0,False,,False,True
7424.603,SAI,55,112.003,34.0,2.0,,,31.408,50.866,29.729,7344.054,7394.92,7424.649,312.0,199.0,221.0,298.0,False,HARD,20.0,True,Williams,7312.6,2026-07-19 14:09:48.697,1,16.0,False,,False,True
7537.048,SAI,55,112.445,35.0,2.0,,,31.853,50.957,29.635,7456.502,7507.459,7537.094,311.0,200.0,221.0,299.0,False,HARD,21.0,True,Williams,7424.603,2026-07-19 14:11:40.700,1,16.0,False,,False,True
7648.75,SAI,55,111.702,36.0,2.0,,,31.518,50.6,29.584,7568.612,7619.212,7648.796,311.0,201.0,222.0,298.0,False,HARD,22.0,True,Williams,7537.048,2026-07-19 14:13:33.145,1,16.0,False,,False,True
7761.136,SAI,55,112.386,37.0,2.0,,,31.619,51.066,29.701,7680.415,7731.481,7761.182,312.0,198.0,220.0,297.0,False,HARD,23.0,True,Williams,7648.75,2026-07-19 14:15:24.847,1,16.0,False,,False,True
7873.258,SAI,55,112.122,38.0,2.0,,,31.32,51.251,29.551,7792.502,7843.753,7873.304,317.0,199.0,221.0,300.0,False,HARD,24.0,True,Williams,7761.136,2026-07-19 14:17:17.233,1,16.0,False,,False,True
7985.118,SAI,55,111.86,39.0,2.0,,,31.351,50.861,29.648,7904.655,7955.516,7985.164,312.0,201.0,220.0,299.0,False,HARD,25.0,True,Williams,7873.258,2026-07-19 14:19:09.355,1,16.0,False,,False,True
8096.849,SAI,55,111.731,40.0,2.0,,,31.297,50.902,29.532,8016.461,8067.363,8096.895,313.0,201.0,221.0,302.0,False,HARD,26.0,True,Williams,7985.118,2026-07-19 14:21:01.215,1,16.0,False,,False,True
8208.586,SAI,55,111.737,41.0,2.0,,,31.251,51.042,29.444,8128.146,8179.188,8208.632,314.0,200.0,222.0,301.0,False,HARD,27.0,True,Williams,8096.849,2026-07-19 14:22:52.946,1,16.0,False,,False,True
8320.37,SAI,55,111.784,42.0,2.0,,,31.167,51.099,29.518,8239.799,8290.898,8320.416,318.0,198.0,222.0,302.0,False,HARD,28.0,True,Williams,8208.586,2026-07-19 14:24:44.683,1,16.0,False,,False,True
8432.353,SAI,55,111.983,43.0,2.0,,,31.274,51.376,29.333,8351.69,8403.066,8432.399,319.0,199.0,217.0,299.0,False,HARD,29.0,True,Williams,8320.37,2026-07-19 14:26:36.467,1,16.0,False,,False,True
8544.55,SAI,55,112.197,44.0,2.0,,,31.417,51.365,29.415,8463.816,8515.181,8544.596,318.0,198.0,225.0,299.0,False,HARD,30.0,True,Williams,8432.353,2026-07-19 14:28:28.450,1,16.0,False,,False,True
3520.611,OCO,31,164.354,1.0,1.0,,3516.719,,65.536,62.761,,3457.996,3520.672,333.0,,,300.0,False,MEDIUM,1.0,True,Haas F1 Team,3355.977,2026-07-19 13:03:52.074,124,21.0,False,,False,False
3673.831,OCO,31,,2.0,2.0,3550.504,,58.486,57.539,37.133,3579.22,3636.808,3674.043,290.0,182.0,123.0,258.0,False,HARD,1.0,True,Haas F1 Team,3520.611,2026-07-19 13:06:36.708,4,21.0,False,,False,False
3831.206,OCO,31,,3.0,2.0,,,39.585,71.688,46.251,3713.465,3785.057,3831.322,224.0,103.0,184.0,250.0,False,HARD,2.0,True,Haas F1 Team,3673.831,2026-07-19 13:09:09.928,4,20.0,False,,False,False
3980.497,OCO,31,149.291,4.0,2.0,,,43.928,65.344,40.019,3875.195,3940.539,3980.558,258.0,187.0,213.0,273.0,True,HARD,3.0,True,Haas F1 Team,3831.206,2026-07-19 13:11:47.303,41,20.0,False,,False,False
4096.383,OCO,31,115.886,5.0,2.0,,,31.933,53.844,30.109,4012.491,4066.335,4096.444,325.0,196.0,211.0,299.0,True,HARD,4.0,True,Haas F1 Team,3980.497,2026-07-19 13:14:16.594,1,20.0,False,,False,True
4211.111,OCO,31,114.728,6.0,2.0,,,31.915,52.753,30.06,4128.359,4181.112,4211.172,324.0,198.0,215.0,299.0,True,HARD,5.0,True,Haas F1 Team,4096.383,2026-07-19 13:16:12.480,1,18.0,False,,False,True
4324.508,OCO,31,113.397,7.0,2.0,,,32.217,51.22,29.96,4243.389,4294.609,4324.569,315.0,202.0,211.0,289.0,True,HARD,6.0,True,Haas F1 Team,4211.111,2026-07-19 13:18:07.208,1,17.0,False,,False,True
4438.12,OCO,31,113.612,8.0,2.0,,,32.143,51.445,30.024,4356.712,4408.157,4438.181,306.0,201.0,212.0,290.0,False,HARD,7.0,True,Haas F1 Team,4324.508,2026-07-19 13:20:00.605,12,17.0,False,,False,True
4551.419,OCO,31,113.299,9.0,2.0,,,32.139,51.123,30.037,4470.32,4521.443,4551.48,305.0,200.0,212.0,292.0,True,HARD,8.0,True,Haas F1 Team,4438.12,2026-07-19 13:21:54.217,1,17.0,False,,False,True
4664.64,OCO,31,113.221,10.0,2.0,,,32.015,51.132,30.074,4583.495,4634.627,4664.701,306.0,198.0,212.0,291.0,True,HARD,9.0,True,Haas F1 Team,4551.419,2026-07-19 13:23:47.516,1,17.0,False,,False,True
4777.78,OCO,31,113.14,11.0,2.0,,,32.087,51.16,29.893,4696.788,4747.948,4777.841,306.0,199.0,212.0,291.0,True,HARD,10.0,True,Haas F1 Team,4664.64,2026-07-19 13:25:40.737,1,17.0,False,,False,True
4891.113,OCO,31,113.333,12.0,2.0,,,32.102,51.204,30.027,4809.943,4861.147,4891.174,307.0,198.0,212.0,290.0,False,HARD,11.0,True,Haas F1 Team,4777.78,2026-07-19 13:27:33.877,1,17.0,False,,False,True
5004.677,OCO,31,113.564,13.0,2.0,,,32.244,51.339,29.981,4923.418,4974.757,5004.738,305.0,192.0,212.0,290.0,False,HARD,12.0,True,Haas F1 Team,4891.113,2026-07-19 13:29:27.210,1,17.0,False,,False,True
5118.027,OCO,31,113.35,14.0,2.0,,,32.137,51.283,29.93,5036.875,5088.158,5118.088,307.0,198.0,212.0,290.0,False,HARD,13.0,True,Haas F1 Team,5004.677,2026-07-19 13:31:20.774,1,17.0,False,,False,True
5231.643,OCO,31,113.616,15.0,2.0,,,32.152,51.847,29.617,5150.24,5202.087,5231.704,305.0,198.0,213.0,291.0,False,HARD,14.0,True,Haas F1 Team,5118.027,2026-07-19 13:33:14.124,1,16.0,False,,False,True
5349.665,OCO,31,118.022,16.0,2.0,,5346.023,31.887,51.683,34.452,5263.591,5315.274,5349.726,315.0,202.0,,294.0,False,HARD,15.0,True,Haas F1 Team,5231.643,2026-07-19 13:35:07.740,1,16.0,False,,False,False
5477.061,OCO,31,127.396,17.0,3.0,5370.129,,47.214,50.44,29.742,5396.94,5447.38,5477.122,306.0,207.0,214.0,290.0,False,HARD,1.0,True,Haas F1 Team,5349.665,2026-07-19 13:37:05.762,1,17.0,False,,False,False
5601.419,OCO,31,124.358,18.0,3.0,,,43.358,51.268,29.732,5520.48,5571.748,5601.48,243.0,203.0,213.0,224.0,False,HARD,2.0,True,Haas F1 Team,5477.061,2026-07-19 13:39:13.158,167,17.0,False,,False,False
5713.385,OCO,31,111.966,19.0,3.0,,,31.855,50.432,29.679,5633.335,5683.767,5713.446,308.0,203.0,214.0,293.0,True,HARD,3.0,True,Haas F1 Team,5601.419,2026-07-19 13:41:17.516,1,17.0,False,,False,True
5853.738,OCO,31,140.353,20.0,3.0,,,41.203,67.184,31.966,5754.649,5821.833,5853.799,275.0,156.0,215.0,228.0,False,HARD,4.0,True,Haas F1 Team,5713.385,2026-07-19 13:43:09.482,167,17.0,False,,False,False
5966.106,OCO,31,112.368,21.0,3.0,,,31.731,50.846,29.791,5885.53,5936.376,5966.167,311.0,201.0,213.0,297.0,False,HARD,5.0,True,Haas F1 Team,5853.738,2026-07-19 13:45:29.835,1,16.0,False,,False,True
6078.061,OCO,31,111.955,22.0,3.0,,,31.922,50.256,29.777,5998.089,6048.345,6078.122,307.0,203.0,215.0,292.0,True,HARD,6.0,True,Haas F1 Team,5966.106,2026-07-19 13:47:22.203,1,16.0,False,,False,True
6190.427,OCO,31,112.366,23.0,3.0,,,32.025,50.452,29.889,6110.147,6160.599,6190.488,305.0,198.0,214.0,292.0,False,HARD,7.0,True,Haas F1 Team,6078.061,2026-07-19 13:49:14.158,1,16.0,False,,False,True
6303.313,OCO,31,112.886,24.0,3.0,,,32.028,51.253,29.605,6222.516,6273.769,6303.374,302.0,199.0,215.0,291.0,False,HARD,8.0,True,Haas F1 Team,6190.427,2026-07-19 13:51:06.524,1,17.0,False,,False,True
6415.747,OCO,31,112.434,25.0,3.0,,,31.775,50.992,29.667,6335.149,6386.141,6415.808,315.0,197.0,215.0,295.0,False,HARD,9.0,True,Haas F1 Team,6303.313,2026-07-19 13:52:59.410,1,17.0,False,,False,True
6528.055,OCO,31,112.308,26.0,3.0,,,31.626,51.087,29.595,6447.434,6498.521,6528.116,317.0,199.0,214.0,295.0,False,HARD,10.0,True,Haas F1 Team,6415.747,2026-07-19 13:54:51.844,1,17.0,False,,False,True
6640.39,OCO,31,112.335,27.0,3.0,,,31.674,51.04,29.621,6559.79,6610.83,6640.451,319.0,200.0,213.0,293.0,False,HARD,11.0,True,Haas F1 Team,6528.055,2026-07-19 13:56:44.152,1,17.0,False,,False,True
6752.52,OCO,31,112.13,28.0,3.0,,,31.768,51.037,29.325,6672.219,6723.256,6752.581,318.0,199.0,213.0,293.0,False,HARD,12.0,True,Haas F1 Team,6640.39,2026-07-19 13:58:36.487,1,17.0,False,,False,True
6864.588,OCO,31,112.068,29.0,3.0,,,31.833,50.999,29.236,6784.414,6835.413,6864.649,314.0,198.0,212.0,296.0,False,HARD,13.0,True,Haas F1 Team,6752.52,2026-07-19 14:00:28.617,1,17.0,False,,False,True
6976.763,OCO,31,112.175,30.0,3.0,,,32.132,50.853,29.19,6896.781,6947.634,6976.824,309.0,199.0,213.0,294.0,False,HARD,14.0,True,Haas F1 Team,6864.588,2026-07-19 14:02:20.685,1,17.0,False,,False,True
7089.205,OCO,31,112.442,31.0,3.0,,,32.036,50.971,29.435,7008.86,7059.831,7089.266,311.0,201.0,213.0,295.0,False,HARD,15.0,True,Haas F1 Team,6976.763,2026-07-19 14:04:12.860,1,17.0,False,,False,True
7201.355,OCO,31,112.15,32.0,3.0,,,31.563,51.031,29.556,7120.829,7171.86,7201.416,318.0,200.0,214.0,297.0,False,HARD,16.0,True,Haas F1 Team,7089.205,2026-07-19 14:06:05.302,1,17.0,False,,False,True
7313.688,OCO,31,112.333,33.0,3.0,,,31.621,51.168,29.544,7233.037,7284.205,7313.749,318.0,198.0,213.0,297.0,False,HARD,17.0,True,Haas F1 Team,7201.355,2026-07-19 14:07:57.452,1,17.0,False,,False,True
7425.705,OCO,31,112.017,34.0,3.0,,,31.807,50.898,29.312,7345.556,7396.454,7425.766,313.0,200.0,214.0,296.0,False,HARD,18.0,True,Haas F1 Team,7313.688,2026-07-19 14:09:49.785,1,17.0,False,,False,True
7538.159,OCO,31,112.454,35.0,3.0,,,31.996,51.063,29.395,7457.762,7508.825,7538.22,310.0,197.0,214.0,297.0,False,HARD,19.0,True,Haas F1 Team,7425.705,2026-07-19 14:11:41.802,1,17.0,False,,False,True
7650.163,OCO,31,112.004,36.0,3.0,,,31.973,50.666,29.365,7570.193,7620.859,7650.224,308.0,201.0,213.0,295.0,False,HARD,20.0,True,Haas F1 Team,7538.159,2026-07-19 14:13:34.256,1,17.0,False,,False,True
7763.061,OCO,31,112.898,37.0,3.0,,,32.191,51.053,29.654,7682.415,7733.468,7763.122,307.0,197.0,215.0,295.0,False,HARD,21.0,True,Haas F1 Team,7650.163,2026-07-19 14:15:26.260,1,17.0,False,,False,True
7875.74,OCO,31,112.679,38.0,3.0,,,31.89,51.109,29.68,7795.012,7846.121,7875.801,309.0,199.0,214.0,295.0,False,HARD,22.0,True,Haas F1 Team,7763.061,2026-07-19 14:17:19.158,1,17.0,False,,False,True
7987.87,OCO,31,112.13,39.0,3.0,,,31.6,50.881,29.649,7907.401,7958.282,7987.931,310.0,197.0,214.0,298.0,False,HARD,23.0,True,Haas F1 Team,7875.74,2026-07-19 14:19:11.837,1,17.0,False,,False,True
8100.065,OCO,31,112.195,40.0,3.0,,,31.861,50.732,29.602,8019.792,8070.524,8100.126,306.0,198.0,214.0,297.0,False,HARD,24.0,True,Haas F1 Team,7987.87,2026-07-19 14:21:03.967,1,17.0,False,,False,True
8212.552,OCO,31,112.487,41.0,3.0,,,31.805,50.99,29.692,8131.931,8182.921,8212.613,305.0,198.0,214.0,296.0,False,HARD,25.0,True,Haas F1 Team,8100.065,2026-07-19 14:22:56.162,1,17.0,False,,False,True
8325.031,OCO,31,112.479,42.0,3.0,,,31.856,50.896,29.727,8244.469,8295.365,8325.092,304.0,198.0,214.0,295.0,False,HARD,26.0,True,Haas F1 Team,8212.552,2026-07-19 14:24:48.649,1,17.0,False,,False,True
8437.674,OCO,31,112.643,43.0,3.0,,,31.858,50.913,29.872,8356.95,8407.863,8437.735,306.0,197.0,215.0,294.0,False,HARD,27.0,True,Haas F1 Team,8325.031,2026-07-19 14:26:41.128,1,17.0,False,,False,True
8549.574,OCO,31,111.9,44.0,3.0,,,31.987,50.589,29.324,8469.722,8520.311,8549.635,306.0,199.0,215.0,294.0,True,HARD,28.0,True,Haas F1 Team,8437.674,2026-07-19 14:28:33.771,1,17.0,False,,False,True
3515.101,BOT,77,158.877,1.0,1.0,,3511.431,,56.638,64.272,,3451.003,3515.189,324.0,152.0,,273.0,False,SOFT,1.0,True,Cadillac,3355.977,2026-07-19 13:03:52.074,124,20.0,False,,False,False
3672.897,BOT,77,,2.0,2.0,3541.833,,56.103,61.143,40.573,3571.269,3632.519,3673.108,224.0,163.0,114.0,245.0,False,HARD,1.0,True,Cadillac,3515.101,2026-07-19 13:06:31.198,4,20.0,False,,False,False
3830.311,BOT,77,,3.0,2.0,,,38.949,72.213,46.283,3712.021,3784.273,3830.529,233.0,121.0,191.0,231.0,False,HARD,2.0,True,Cadillac,3672.897,2026-07-19 13:09:08.994,4,19.0,False,,False,False
3979.999,BOT,77,149.688,4.0,2.0,,,44.09,65.251,40.347,3874.489,3939.74,3980.087,246.0,174.0,223.0,277.0,True,HARD,3.0,True,Cadillac,3830.311,2026-07-19 13:11:46.408,41,19.0,False,,False,False
4096.85,BOT,77,116.851,5.0,2.0,,,31.701,54.296,30.854,4011.788,4066.084,4096.938,316.0,192.0,214.0,296.0,True,HARD,4.0,True,Cadillac,3979.999,2026-07-19 13:14:16.096,1,21.0,False,,False,True
4213.063,BOT,77,116.213,6.0,2.0,,,32.052,53.8,30.361,4128.99,4182.79,4213.151,316.0,190.0,214.0,298.0,True,HARD,5.0,True,Cadillac,4096.85,2026-07-19 13:16:12.947,1,21.0,False,,False,True
4327.727,BOT,77,114.664,7.0,2.0,,,31.499,52.765,30.4,4244.65,4297.415,4327.815,329.0,194.0,214.0,297.0,True,HARD,6.0,True,Cadillac,4213.063,2026-07-19 13:18:09.160,1,20.0,False,,False,True
4442.848,BOT,77,115.121,8.0,2.0,,,32.803,52.224,30.094,4360.618,4412.842,4442.936,305.0,196.0,211.0,289.0,False,HARD,7.0,True,Cadillac,4327.727,2026-07-19 13:20:03.824,12,19.0,False,,False,True
4556.319,BOT,77,113.471,9.0,2.0,,,31.949,51.533,29.989,4474.885,4526.418,4556.407,309.0,194.0,212.0,294.0,True,HARD,8.0,True,Cadillac,4442.848,2026-07-19 13:21:58.945,1,19.0,False,,False,True
4669.878,BOT,77,113.559,10.0,2.0,,,32.006,51.561,29.992,4588.413,4639.974,4669.966,309.0,197.0,212.0,293.0,False,HARD,9.0,True,Cadillac,4556.319,2026-07-19 13:23:52.416,1,19.0,False,,False,True
4783.349,BOT,77,113.471,11.0,2.0,,,31.995,51.584,29.892,4701.961,4753.545,4783.437,309.0,196.0,211.0,293.0,False,HARD,10.0,True,Cadillac,4669.878,2026-07-19 13:25:45.975,1,19.0,False,,False,True
4898.017,BOT,77,114.668,12.0,2.0,,,32.132,52.312,30.224,4815.569,4867.881,4898.105,309.0,194.0,211.0,292.0,False,HARD,11.0,True,Cadillac,4783.349,2026-07-19 13:27:39.446,1,18.0,False,,False,True
5012.983,BOT,77,114.966,13.0,2.0,,,32.36,52.053,30.553,4930.465,4982.518,5013.071,306.0,184.0,210.0,291.0,False,HARD,12.0,True,Cadillac,4898.017,2026-07-19 13:29:34.114,1,18.0,False,,False,True
5127.768,BOT,77,114.785,14.0,2.0,,,32.382,52.04,30.363,5045.453,5097.493,5127.856,306.0,196.0,211.0,291.0,False,HARD,13.0,True,Cadillac,5012.983,2026-07-19 13:31:29.080,1,18.0,False,,False,True
5242.66,BOT,77,114.892,15.0,2.0,,,32.195,52.457,30.24,5160.051,5212.508,5242.748,305.0,196.0,211.0,292.0,False,HARD,14.0,True,Cadillac,5127.768,2026-07-19 13:33:23.865,1,17.0,False,,False,True
5356.977,BOT,77,114.317,16.0,2.0,,,32.169,51.875,30.273,5274.917,5326.792,5357.065,305.0,196.0,211.0,292.0,False,HARD,15.0,True,Cadillac,5242.66,2026-07-19 13:35:18.757,1,17.0,False,,False,True
5471.114,BOT,77,114.137,17.0,2.0,,,32.232,51.772,30.133,5389.297,5441.069,5471.202,305.0,196.0,211.0,291.0,False,HARD,16.0,True,Cadillac,5356.977,2026-07-19 13:37:13.074,1,16.0,False,,False,True
5598.158,BOT,77,127.044,18.0,2.0,,,41.458,55.132,30.454,5512.66,5567.792,5598.246,231.0,195.0,210.0,209.0,False,HARD,17.0,True,Cadillac,5471.114,2026-07-19 13:39:07.211,167,16.0,False,,False,False
5712.876,BOT,77,114.718,19.0,2.0,,,32.225,52.166,30.327,5630.471,5682.637,5712.964,305.0,195.0,211.0,291.0,False,HARD,18.0,True,Cadillac,5598.158,2026-07-19 13:41:14.255,1,16.0,False,,False,True
5853.412,BOT,77,140.536,20.0,2.0,,,40.773,67.403,32.36,5753.737,5821.14,5853.5,266.0,152.0,212.0,210.0,False,HARD,19.0,True,Cadillac,5712.876,2026-07-19 13:43:08.973,167,16.0,False,,False,False
5969.459,BOT,77,116.047,21.0,2.0,,,32.168,53.857,30.022,5885.668,5939.525,5969.547,306.0,195.0,213.0,292.0,False,HARD,20.0,True,Cadillac,5853.412,2026-07-19 13:45:29.509,1,18.0,False,,False,True
6083.894,BOT,77,114.435,22.0,2.0,,,31.991,52.234,30.21,6001.538,6053.772,6083.982,311.0,196.0,213.0,293.0,False,HARD,21.0,True,Cadillac,5969.459,2026-07-19 13:47:25.556,1,18.0,False,,False,True
6198.613,BOT,77,114.719,23.0,2.0,,,32.083,52.225,30.411,6116.065,6168.29,6198.701,307.0,193.0,211.0,293.0,False,HARD,22.0,True,Cadillac,6083.894,2026-07-19 13:49:19.991,1,18.0,False,,False,True
6313.058,BOT,77,114.445,24.0,2.0,,,32.165,51.998,30.282,6230.866,6282.864,6313.146,304.0,195.0,214.0,292.0,False,HARD,23.0,True,Cadillac,6198.613,2026-07-19 13:51:14.710,1,18.0,False,,False,True
6428.089,BOT,77,115.031,25.0,2.0,,,32.146,52.381,30.504,6345.292,6397.673,6428.177,304.0,186.0,212.0,292.0,False,HARD,24.0,True,Cadillac,6313.058,2026-07-19 13:53:09.155,1,18.0,False,,False,True
6542.923,BOT,77,114.834,26.0,2.0,,,32.335,52.237,30.262,6460.512,6512.749,6543.011,304.0,189.0,214.0,291.0,False,HARD,25.0,True,Cadillac,6428.089,2026-07-19 13:55:04.186,1,18.0,False,,False,True
6657.782,BOT,77,114.859,27.0,2.0,,,32.26,52.413,30.186,6575.271,6627.684,6657.87,303.0,192.0,213.0,291.0,False,HARD,26.0,True,Cadillac,6542.923,2026-07-19 13:56:59.020,1,18.0,False,,False,True
6772.556,BOT,77,114.774,28.0,2.0,,,32.123,52.355,30.296,6689.993,6742.348,6772.644,305.0,194.0,214.0,291.0,False,HARD,27.0,True,Cadillac,6657.782,2026-07-19 13:58:53.879,1,18.0,False,,False,True
6886.956,BOT,77,114.4,29.0,2.0,,,32.107,52.313,29.98,6804.751,6857.064,6887.044,305.0,197.0,213.0,292.0,False,HARD,28.0,True,Cadillac,6772.556,2026-07-19 14:00:48.653,1,18.0,False,,False,True
7001.905,BOT,77,114.949,30.0,2.0,,,32.258,52.174,30.517,6919.302,6971.476,7001.993,304.0,191.0,212.0,292.0,False,HARD,29.0,True,Cadillac,6886.956,2026-07-19 14:02:43.053,1,18.0,False,,False,True
7117.066,BOT,77,115.161,31.0,2.0,,,32.148,52.612,30.401,7034.141,7086.753,7117.154,302.0,196.0,213.0,293.0,False,HARD,30.0,True,Cadillac,7001.905,2026-07-19 14:04:38.002,1,18.0,False,,False,True
7238.311,BOT,77,121.245,32.0,2.0,,7234.532,32.14,52.547,36.558,7149.294,7201.841,7238.399,303.0,193.0,,294.0,False,HARD,31.0,True,Cadillac,7117.066,2026-07-19 14:06:33.163,1,18.0,False,,False,False
7368.988,BOT,77,130.677,33.0,3.0,7260.44,,49.063,51.653,29.961,7287.462,7339.115,7369.076,309.0,198.0,215.0,288.0,False,SOFT,1.0,True,Cadillac,7238.311,2026-07-19 14:08:34.408,1,18.0,False,,False,False
7482.508,BOT,77,113.52,34.0,3.0,,,31.872,51.933,29.715,7400.948,7452.881,7482.596,303.0,202.0,214.0,293.0,False,SOFT,2.0,True,Cadillac,7368.988,2026-07-19 14:10:45.085,1,18.0,False,,False,True
7594.519,BOT,77,112.011,35.0,3.0,,,31.759,50.474,29.778,7514.355,7564.829,7594.607,309.0,202.0,214.0,294.0,True,SOFT,3.0,True,Cadillac,7482.508,2026-07-19 14:12:38.605,1,18.0,False,,False,True
7707.306,BOT,77,112.787,36.0,3.0,,,31.916,51.017,29.854,7626.523,7677.54,7707.394,305.0,198.0,215.0,294.0,False,SOFT,4.0,True,Cadillac,7594.519,2026-07-19 14:14:30.616,1,18.0,False,,False,True
7820.306,BOT,77,113.0,37.0,3.0,,,32.017,51.056,29.927,7739.411,7790.467,7820.394,303.0,202.0,214.0,293.0,False,SOFT,5.0,True,Cadillac,7707.306,2026-07-19 14:16:23.403,1,18.0,False,,False,True
7936.568,BOT,77,116.262,38.0,3.0,,,32.544,53.871,29.847,7852.938,7906.809,7936.656,203.0,192.0,214.0,292.0,False,SOFT,6.0,True,Cadillac,7820.306,2026-07-19 14:18:16.403,1,18.0,False,,False,True
8048.986,BOT,77,112.418,39.0,3.0,,,31.681,50.97,29.767,7968.337,8019.307,8049.074,310.0,197.0,215.0,296.0,False,SOFT,7.0,True,Cadillac,7936.568,2026-07-19 14:20:12.665,1,18.0,False,,False,True
8161.527,BOT,77,112.541,40.0,3.0,,,31.775,51.002,29.764,8080.849,8131.851,8161.615,304.0,200.0,213.0,298.0,False,SOFT,8.0,True,Cadillac,8048.986,2026-07-19 14:22:05.083,1,18.0,False,,False,True
8274.181,BOT,77,112.654,41.0,3.0,,,31.851,50.995,29.808,8193.466,8244.461,8274.269,306.0,198.0,216.0,296.0,False,SOFT,9.0,True,Cadillac,8161.527,2026-07-19 14:23:57.624,1,18.0,False,,False,True
8386.832,BOT,77,112.651,42.0,3.0,,,31.974,50.875,29.802,8306.243,8357.118,8386.92,305.0,200.0,215.0,291.0,False,SOFT,10.0,True,Cadillac,8274.181,2026-07-19 14:25:50.278,1,18.0,False,,False,True
8499.628,BOT,77,112.796,43.0,3.0,,,31.891,51.03,29.875,8418.811,8469.841,8499.716,304.0,196.0,220.0,293.0,False,SOFT,11.0,True,Cadillac,8386.832,2026-07-19 14:27:42.929,1,18.0,False,,False,True
3511.371,ALO,14,155.038,1.0,1.0,,,,56.858,60.124,,3451.331,3511.431,327.0,164.0,177.0,275.0,False,HARD,1.0,True,Aston Martin,3355.977,2026-07-19 13:03:52.074,124,17.0,False,,False,False
3666.887,ALO,14,,2.0,1.0,,,35.842,71.894,47.881,3547.219,3619.066,3667.083,249.0,101.0,124.0,265.0,False,HARD,2.0,True,Aston Martin,3511.371,2026-07-19 13:06:27.468,4,15.0,False,,False,False
3824.367,ALO,14,,3.0,1.0,,,40.293,72.34,44.764,3707.358,3779.663,3824.486,223.0,138.0,182.0,267.0,False,HARD,3.0,True,Aston Martin,3666.887,2026-07-19 13:09:02.984,4,15.0,False,,False,False
3977.757,ALO,14,,4.0,1.0,,,43.443,68.177,41.882,3867.89,3936.024,3978.025,255.0,137.0,197.0,253.0,False,HARD,4.0,True,Aston Martin,3824.367,2026-07-19 13:11:40.464,41,15.0,False,,False,False
4096.083,ALO,14,118.326,5.0,1.0,,,33.166,54.361,30.799,4010.983,4065.344,4096.143,303.0,194.0,201.0,285.0,True,HARD,5.0,True,Aston Martin,3977.757,2026-07-19 13:14:13.854,1,18.0,False,,False,True
4212.826,ALO,14,116.743,6.0,1.0,,,32.468,53.466,30.809,4128.611,4182.077,4212.886,296.0,193.0,201.0,293.0,True,HARD,6.0,True,Aston Martin,4096.083,2026-07-19 13:16:12.180,1,20.0,False,,False,True
4329.074,ALO,14,116.248,7.0,1.0,,,32.177,53.378,30.693,4245.063,4298.441,4329.134,322.0,194.0,202.0,295.0,True,HARD,7.0,True,Aston Martin,4212.826,2026-07-19 13:18:08.923,1,21.0,False,,False,True
4446.079,ALO,14,117.005,8.0,1.0,,,32.443,53.98,30.582,4361.577,4415.557,4446.139,291.0,193.0,202.0,293.0,False,HARD,8.0,True,Aston Martin,4329.074,2026-07-19 13:20:05.171,12,21.0,False,,False,True
4561.013,ALO,14,114.934,9.0,1.0,,,32.139,52.213,30.582,4478.278,4530.491,4561.073,309.0,196.0,203.0,295.0,True,HARD,9.0,True,Aston Martin,4446.079,2026-07-19 13:22:02.176,1,20.0,False,,False,True
4676.317,ALO,14,115.304,10.0,1.0,,,32.865,52.043,30.396,4593.938,4645.981,4676.377,292.0,196.0,202.0,289.0,False,HARD,10.0,True,Aston Martin,4561.013,2026-07-19 13:23:57.110,1,20.0,True,TRACK LIMITS AT TURN 4 LAP 10 ,False,True
4792.127,ALO,14,115.81,11.0,1.0,,,33.035,52.066,30.709,4709.412,4761.478,4792.187,291.0,195.0,202.0,286.0,False,HARD,11.0,True,Aston Martin,4676.317,2026-07-19 13:25:52.414,1,20.0,False,,False,True
4907.964,ALO,14,115.837,12.0,1.0,,,32.856,52.205,30.776,4825.043,4877.248,4908.024,293.0,194.0,202.0,289.0,False,HARD,12.0,True,Aston Martin,4792.127,2026-07-19 13:27:48.224,1,19.0,False,,False,True
5023.623,ALO,14,115.659,13.0,1.0,,,32.888,52.061,30.71,4940.912,4992.973,5023.683,289.0,192.0,202.0,289.0,False,HARD,13.0,True,Aston Martin,4907.964,2026-07-19 13:29:44.061,1,19.0,False,,False,True
5139.801,ALO,14,116.178,14.0,1.0,,,33.056,52.276,30.846,5056.739,5109.015,5139.861,291.0,196.0,200.0,288.0,False,HARD,14.0,True,Aston Martin,5023.623,2026-07-19 13:31:39.720,1,19.0,False,,False,True
5256.228,ALO,14,116.427,15.0,1.0,,,33.158,52.273,30.996,5173.019,5225.292,5256.288,290.0,194.0,201.0,289.0,False,HARD,15.0,True,Aston Martin,5139.801,2026-07-19 13:33:35.898,1,19.0,False,,False,True
5371.547,ALO,14,115.319,16.0,1.0,,,32.508,52.206,30.605,5288.796,5341.002,5371.607,302.0,197.0,202.0,292.0,False,HARD,16.0,True,Aston Martin,5256.228,2026-07-19 13:35:32.325,1,19.0,False,,False,True
5491.295,ALO,14,119.748,17.0,1.0,,,32.881,51.922,34.945,5404.488,5456.41,5491.355,293.0,196.0,126.0,291.0,False,HARD,17.0,True,Aston Martin,5371.547,2026-07-19 13:37:27.644,16,19.0,False,,False,False
5614.561,ALO,14,123.266,18.0,1.0,,,40.283,52.197,30.786,5531.638,5583.835,5614.621,298.0,197.0,202.0,286.0,False,HARD,18.0,True,Aston Martin,5491.295,2026-07-19 13:39:27.392,671,19.0,False,,False,False
5737.181,ALO,14,122.62,19.0,1.0,,5733.542,33.081,51.962,37.577,5647.702,5699.664,5737.241,289.0,198.0,,288.0,False,HARD,19.0,True,Aston Martin,5614.561,2026-07-19 13:41:30.658,16,19.0,False,,False,False
5882.359,ALO,14,145.178,20.0,2.0,5756.634,,53.719,60.698,30.761,5790.96,5851.658,5882.419,249.0,199.0,202.0,203.0,False,SOFT,1.0,True,Aston Martin,5737.181,2026-07-19 13:43:33.278,671,19.0,False,,False,False
5996.036,ALO,14,113.677,21.0,2.0,,,32.593,50.474,30.61,5915.012,5965.486,5996.096,292.0,204.0,201.0,290.0,True,SOFT,2.0,True,Aston Martin,5882.359,2026-07-19 13:45:58.456,1,19.0,False,,False,True
6110.201,ALO,14,114.165,22.0,2.0,,,32.865,50.48,30.82,6028.961,6079.441,6110.261,290.0,200.0,202.0,289.0,False,SOFT,3.0,True,Aston Martin,5996.036,2026-07-19 13:47:52.133,1,19.0,False,,False,True
6224.66,ALO,14,114.459,23.0,2.0,,,32.793,50.744,30.922,6143.054,6193.798,6224.72,290.0,203.0,204.0,289.0,False,SOFT,4.0,True,Aston Martin,6110.201,2026-07-19 13:49:46.298,1,19.0,False,,False,True
6339.415,ALO,14,114.755,24.0,2.0,,,32.444,51.488,30.823,6257.164,6308.652,6339.475,293.0,201.0,203.0,290.0,False,SOFT,5.0,True,Aston Martin,6224.66,2026-07-19 13:51:40.757,1,19.0,False,,False,True
6453.703,ALO,14,114.288,25.0,2.0,,,32.643,50.996,30.649,6372.118,6423.114,6453.763,293.0,197.0,204.0,288.0,False,SOFT,6.0,True,Aston Martin,6339.415,2026-07-19 13:53:35.512,1,19.0,False,,False,True
6568.26,ALO,14,114.557,26.0,2.0,,,32.633,51.236,30.688,6486.396,6537.632,6568.32,292.0,197.0,204.0,290.0,False,SOFT,7.0,True,Aston Martin,6453.703,2026-07-19 13:55:29.800,1,19.0,False,,False,True
6684.338,ALO,14,116.078,27.0,2.0,,,32.662,52.424,30.992,6600.982,6653.406,6684.398,292.0,196.0,203.0,288.0,False,SOFT,8.0,True,Aston Martin,6568.26,2026-07-19 13:57:24.357,1,19.0,False,,False,True
6803.084,ALO,14,118.746,28.0,2.0,,,32.16,54.805,31.781,6716.558,6771.363,6803.144,307.0,186.0,201.0,293.0,False,SOFT,9.0,True,Aston Martin,6684.338,2026-07-19 13:59:20.435,1,19.0,False,,False,True
6925.125,ALO,14,122.041,29.0,2.0,,,34.501,56.261,31.279,6837.645,6893.906,6925.185,302.0,186.0,200.0,293.0,False,SOFT,10.0,True,Aston Martin,6803.084,2026-07-19 14:01:19.181,1,19.0,False,,False,True
7041.996,ALO,14,116.871,30.0,2.0,,,33.194,52.933,30.744,6958.379,7011.312,7042.056,294.0,195.0,203.0,293.0,False,SOFT,11.0,True,Aston Martin,6925.125,2026-07-19 14:03:21.222,1,19.0,False,,False,True
7166.12,ALO,14,124.124,31.0,2.0,,7162.445,33.566,52.808,37.75,7075.622,7128.43,7166.18,296.0,195.0,,305.0,False,SOFT,12.0,True,Aston Martin,7041.996,2026-07-19 14:05:18.093,1,19.0,False,,False,False
7299.159,ALO,14,133.039,32.0,3.0,7187.181,,49.867,52.181,30.991,7216.047,7268.228,7299.219,295.0,197.0,203.0,290.0,False,HARD,1.0,True,Aston Martin,7166.12,2026-07-19 14:07:22.217,1,19.0,False,,False,False
7414.96,ALO,14,115.801,33.0,3.0,,,32.583,51.18,32.038,7331.802,7382.982,7415.02,303.0,193.0,204.0,293.0,False,HARD,2.0,True,Aston Martin,7299.159,2026-07-19 14:09:35.256,1,19.0,False,,False,True
7527.908,ALO,14,112.948,34.0,3.0,,,31.855,50.962,30.131,7446.875,7497.837,7527.968,313.0,203.0,206.0,296.0,True,HARD,3.0,True,Aston Martin,7414.96,2026-07-19 14:11:31.057,1,19.0,False,,False,True
7645.811,ALO,14,117.903,35.0,3.0,,,32.725,53.194,31.984,7560.693,7613.887,7645.871,282.0,195.0,205.0,288.0,False,HARD,4.0,True,Aston Martin,7527.908,2026-07-19 14:13:24.005,1,19.0,False,,False,True
7759.042,ALO,14,113.231,36.0,3.0,,,32.053,50.582,30.596,7677.924,7728.506,7759.102,308.0,203.0,200.0,293.0,False,HARD,5.0,True,Aston Martin,7645.811,2026-07-19 14:15:21.908,1,19.0,False,,False,True
7874.45,ALO,14,115.408,37.0,3.0,,,32.793,52.758,29.857,7791.895,7844.653,7874.51,295.0,198.0,205.0,295.0,False,HARD,6.0,True,Aston Martin,7759.042,2026-07-19 14:17:15.139,1,19.0,False,,False,True
7991.261,ALO,14,116.811,38.0,3.0,,,32.875,53.106,30.83,7907.385,7960.491,7991.321,248.0,194.0,203.0,297.0,False,HARD,7.0,True,Aston Martin,7874.45,2026-07-19 14:19:10.547,1,19.0,False,,False,True
8107.041,ALO,14,115.78,39.0,3.0,,,32.834,51.956,30.99,8024.155,8076.111,8107.101,287.0,197.0,203.0,290.0,False,HARD,8.0,True,Aston Martin,7991.261,2026-07-19 14:21:07.358,1,19.0,False,,False,True
8225.067,ALO,14,118.026,40.0,3.0,,,33.538,53.235,31.253,8140.639,8193.874,8225.127,237.0,198.0,202.0,289.0,False,HARD,9.0,True,Aston Martin,8107.041,2026-07-19 14:23:03.138,1,19.0,False,,False,True
8342.414,ALO,14,117.347,41.0,3.0,,,32.726,53.756,30.865,8257.853,8311.609,8342.474,283.0,194.0,202.0,293.0,False,HARD,10.0,True,Aston Martin,8225.067,2026-07-19 14:25:01.164,1,19.0,False,,False,True
8459.53,ALO,14,117.116,42.0,3.0,,,32.505,52.402,32.209,8374.979,8427.381,8459.59,301.0,191.0,198.0,292.0,False,HARD,11.0,True,Aston Martin,8342.414,2026-07-19 14:26:58.511,1,19.0,False,,False,True
3512.734,STR,18,156.53,1.0,1.0,,,,57.231,61.001,,3451.893,3512.805,296.0,139.0,171.0,274.0,False,HARD,1.0,True,Aston Martin,3355.977,2026-07-19 13:03:52.074,124,19.0,False,,False,False
3669.287,STR,18,,2.0,1.0,,,36.306,71.217,49.002,3549.26,3620.356,3669.368,246.0,115.0,108.0,266.0,False,HARD,2.0,True,Aston Martin,3512.734,2026-07-19 13:06:28.831,4,16.0,False,,False,False
3825.894,STR,18,,3.0,1.0,,,39.362,71.948,45.296,3708.736,3780.669,3826.064,252.0,155.0,181.0,260.0,False,HARD,3.0,True,Aston Martin,3669.287,2026-07-19 13:09:05.384,4,16.0,False,,False,False
3978.385,STR,18,,4.0,1.0,,,43.833,66.803,41.913,3869.894,3936.663,3978.708,265.0,156.0,200.0,266.0,False,HARD,4.0,True,Aston Martin,3825.894,2026-07-19 13:11:41.991,41,16.0,False,,False,False
4095.312,STR,18,116.927,5.0,1.0,,,32.484,53.255,31.188,4010.94,4064.195,4095.383,314.0,195.0,200.0,294.0,True,HARD,5.0,True,Aston Martin,3978.385,2026-07-19 13:14:14.482,1,17.0,False,,False,True
4211.864,STR,18,116.552,6.0,1.0,,,32.567,52.03,31.955,4127.95,4179.98,4211.935,303.0,195.0,200.0,290.0,True,HARD,6.0,True,Aston Martin,4095.312,2026-07-19 13:16:11.409,1,19.0,False,,False,True
4327.588,STR,18,115.724,7.0,1.0,,,32.298,52.615,30.811,4244.233,4296.848,4327.659,310.0,193.0,200.0,293.0,True,HARD,7.0,True,Aston Martin,4211.864,2026-07-19 13:18:07.961,1,19.0,False,,False,True
4445.543,STR,18,117.955,8.0,1.0,,,33.086,54.116,30.753,4360.745,4414.861,4445.614,290.0,192.0,200.0,283.0,False,HARD,8.0,True,Aston Martin,4327.588,2026-07-19 13:20:03.685,12,20.0,False,,False,True
4561.947,STR,18,116.404,9.0,1.0,,,32.819,52.904,30.681,4478.433,4531.337,4562.018,296.0,193.0,200.0,290.0,False,HARD,9.0,True,Aston Martin,4445.543,2026-07-19 13:22:01.640,1,21.0,False,,False,True
4677.504,STR,18,115.557,10.0,1.0,,,32.534,52.549,30.474,4594.552,4647.101,4677.575,301.0,192.0,201.0,290.0,True,HARD,10.0,True,Aston Martin,4561.947,2026-07-19 13:23:58.044,1,21.0,False,,False,True
4793.107,STR,18,115.603,11.0,1.0,,,32.842,52.337,30.424,4710.417,4762.754,4793.178,300.0,193.0,200.0,289.0,False,HARD,11.0,True,Aston Martin,4677.504,2026-07-19 13:25:53.601,1,21.0,False,,False,True
4909.134,STR,18,116.027,12.0,1.0,,,33.101,52.367,30.559,4826.279,4878.646,4909.205,295.0,192.0,202.0,287.0,False,HARD,12.0,True,Aston Martin,4793.107,2026-07-19 13:27:49.204,1,20.0,False,,False,True
5025.164,STR,18,116.03,13.0,1.0,,,32.826,52.49,30.714,4942.031,4994.521,5025.235,298.0,190.0,202.0,288.0,False,HARD,13.0,True,Aston Martin,4909.134,2026-07-19 13:29:45.231,1,20.0,False,,False,True
5141.449,STR,18,116.285,14.0,1.0,,,32.957,52.48,30.848,5058.192,5110.672,5141.52,297.0,192.0,202.0,288.0,False,HARD,14.0,True,Aston Martin,5025.164,2026-07-19 13:31:41.261,1,20.0,False,,False,True
5258.211,STR,18,116.762,15.0,1.0,,,32.708,53.261,30.793,5174.228,5227.489,5258.282,291.0,193.0,201.0,285.0,False,HARD,15.0,True,Aston Martin,5141.449,2026-07-19 13:33:37.546,1,20.0,False,,False,True
5374.506,STR,18,116.295,16.0,1.0,,,33.167,52.331,30.797,5291.449,5343.78,5374.577,292.0,195.0,202.0,286.0,False,HARD,16.0,True,Aston Martin,5258.211,2026-07-19 13:35:34.308,1,20.0,False,,False,True
5496.23,STR,18,121.724,17.0,1.0,,5492.639,32.791,52.28,36.653,5407.368,5459.648,5496.301,298.0,193.0,,289.0,False,HARD,17.0,True,Aston Martin,5374.506,2026-07-19 13:37:30.603,16,20.0,False,,False,False
5633.05,STR,18,136.82,18.0,2.0,5524.233,,55.237,50.966,30.617,5551.538,5602.504,5633.121,296.0,199.0,203.0,288.0,False,SOFT,1.0,True,Aston Martin,5496.23,2026-07-19 13:39:32.327,671,20.0,False,,False,False
5755.34,STR,18,122.29,19.0,2.0,,,32.629,51.225,38.436,5665.75,5716.975,5755.411,291.0,195.0,162.0,289.0,False,SOFT,2.0,True,Aston Martin,5633.05,2026-07-19 13:41:49.147,16,20.0,False,,False,False
5889.067,STR,18,133.727,20.0,2.0,,,42.649,60.231,30.847,5798.06,5858.291,5889.138,243.0,196.0,202.0,216.0,False,SOFT,3.0,True,Aston Martin,5755.34,2026-07-19 13:43:51.437,671,20.0,False,,False,False
6003.047,STR,18,113.98,21.0,2.0,,,32.465,50.885,30.63,5921.603,5972.488,6003.118,296.0,199.0,203.0,290.0,True,SOFT,4.0,True,Aston Martin,5889.067,2026-07-19 13:46:05.164,1,20.0,False,,False,True
6117.419,STR,18,114.372,22.0,2.0,,,32.651,50.954,30.767,6035.769,6086.723,6117.49,293.0,194.0,203.0,290.0,False,SOFT,5.0,True,Aston Martin,6003.047,2026-07-19 13:47:59.144,1,20.0,False,,False,True
6232.204,STR,18,114.785,23.0,2.0,,,32.957,51.01,30.818,6150.447,6201.457,6232.275,289.0,197.0,204.0,288.0,False,SOFT,6.0,True,Aston Martin,6117.419,2026-07-19 13:49:53.516,1,20.0,False,,False,True
6346.835,STR,18,114.631,24.0,2.0,,,32.691,51.114,30.826,6264.966,6316.08,6346.906,292.0,195.0,201.0,290.0,False,SOFT,7.0,True,Aston Martin,6232.204,2026-07-19 13:51:48.301,1,20.0,False,,False,True
6476.756,STR,18,129.921,25.0,2.0,,6473.043,32.653,52.963,44.305,6379.559,6432.522,6476.827,294.0,190.0,,289.0,False,SOFT,8.0,True,Aston Martin,6346.835,2026-07-19 13:53:42.932,1,20.0,False,,False,False
3511.89,PER,11,155.709,1.0,1.0,,3508.071,,56.924,61.499,,3450.539,3512.127,326.0,184.0,,278.0,False,HARD,1.0,True,Cadillac,3355.977,2026-07-19 13:03:52.074,124,18.0,False,,False,False
3671.62,PER,11,,2.0,2.0,3533.666,,52.713,60.164,46.855,3564.749,3624.966,3671.844,297.0,113.0,108.0,229.0,False,SOFT,1.0,True,Cadillac,3511.89,2026-07-19 13:06:27.987,4,19.0,False,,False,False
3827.891,PER,11,,3.0,2.0,,,38.892,71.916,45.472,3710.738,3782.652,3828.039,239.0,147.0,206.0,252.0,False,SOFT,2.0,True,Cadillac,3671.62,2026-07-19 13:09:07.717,4,18.0,False,,False,False
3979.204,PER,11,,4.0,2.0,,,43.82,66.485,41.031,3871.869,3938.356,3979.529,245.0,156.0,213.0,264.0,False,SOFT,3.0,True,Cadillac,3827.891,2026-07-19 13:11:43.988,41,18.0,False,,False,False
4096.28,PER,11,117.076,5.0,2.0,,,32.344,54.1,30.632,4011.696,4065.796,4096.428,312.0,194.0,210.0,288.0,True,SOFT,4.0,True,Cadillac,3979.204,2026-07-19 13:14:15.301,1,19.0,False,,False,True
4210.786,PER,11,114.506,6.0,2.0,,,31.918,52.287,30.301,4128.346,4180.633,4210.934,316.0,198.0,210.0,295.0,True,SOFT,5.0,True,Cadillac,4096.28,2026-07-19 13:16:12.377,1,17.0,False,,False,True
4325.778,PER,11,114.992,7.0,2.0,,,32.503,52.203,30.286,4243.437,4295.64,4325.926,308.0,197.0,211.0,289.0,False,SOFT,6.0,True,Cadillac,4210.786,2026-07-19 13:18:06.883,1,18.0,False,,False,True
4439.753,PER,11,113.975,8.0,2.0,,,32.158,51.621,30.196,4358.084,4409.705,4439.901,312.0,199.0,210.0,291.0,True,SOFT,7.0,True,Cadillac,4325.778,2026-07-19 13:20:01.875,12,18.0,False,,False,True
4553.23,PER,11,113.477,9.0,2.0,,,32.132,51.346,29.999,4472.033,4523.379,4553.378,311.0,199.0,211.0,292.0,False,SOFT,8.0,True,Cadillac,4439.753,2026-07-19 13:21:55.850,1,18.0,True,TRACK LIMITS AT TURN 4 LAP 9 ,False,True
4666.75,PER,11,113.52,10.0,2.0,,,32.038,51.237,30.245,4585.416,4636.653,4666.898,311.0,199.0,211.0,289.0,True,SOFT,9.0,True,Cadillac,4553.23,2026-07-19 13:23:49.327,1,18.0,False,,False,True
4780.328,PER,11,113.578,11.0,2.0,,,32.046,51.369,30.163,4698.944,4750.313,4780.476,309.0,193.0,210.0,290.0,False,SOFT,10.0,True,Cadillac,4666.75,2026-07-19 13:25:42.847,1,18.0,False,,False,True
4909.484,PER,11,129.156,12.0,2.0,,4905.815,32.18,55.351,41.625,4812.656,4868.007,4909.632,309.0,131.0,,288.0,False,SOFT,11.0,True,Cadillac,4780.328,2026-07-19 13:27:36.425,1,21.0,False,,False,False
5070.436,PER,11,,13.0,3.0,4933.345,5066.655,59.863,60.891,40.135,4969.63,5030.49,5070.584,232.0,161.0,,202.0,False,HARD,2.0,False,Cadillac,4909.484,2026-07-19 13:29:45.581,1,21.0,False,,False,False
3477.622,RUS,63,,1.0,1.0,,,,,,,,,,,,,False,MEDIUM,1.0,True,Mercedes,3355.977,2026-07-19 13:03:52.074,124,,False,,True,False
