Time,Driver,DriverNumber,LapTime,LapNumber,Stint,PitOutTime,PitInTime,Sector1Time,Sector2Time,Sector3Time,Sector1SessionTime,Sector2SessionTime,Sector3SessionTime,SpeedI1,SpeedI2,SpeedFL,SpeedST,IsPersonalBest,Compound,TyreLife,FreshTyre,Team,LapStartTime,LapStartDate,TrackStatus,Position,Deleted,DeletedReason,FastF1Generated,IsAccurate
3507.555,NOR,1,91.58,1.0,1.0,,,,31.558,28.638,,3479.092,3507.777,315.0,314.0,312.0,263.0,False,MEDIUM,1.0,True,McLaren,3415.761,2026-09-06 13:03:30.937,1,7.0,False,,False,False
3594.47,NOR,1,86.915,2.0,1.0,,,28.318,30.159,28.438,3535.988,3566.147,3594.585,294.0,314.0,312.0,318.0,True,MEDIUM,2.0,True,McLaren,3507.555,2026-09-06 13:05:02.731,1,6.0,False,,False,True
3730.297,NOR,1,135.827,3.0,1.0,,3725.923,36.828,40.413,58.586,3631.413,3671.826,3730.412,136.0,166.0,,,False,MEDIUM,3.0,True,McLaren,3594.47,2026-09-06 13:06:29.646,1245,6.0,False,,False,False
5683.527,NOR,1,,4.0,2.0,5566.49,,,39.475,41.193,,5642.491,5683.642,280.0,225.0,98.0,228.0,False,HARD,1.0,True,McLaren,5544.927,2026-09-06 13:39:00.103,1,6.0,False,,False,False
5881.292,NOR,1,,5.0,2.0,,,,33.842,41.814,,5839.593,5881.578,276.0,265.0,70.0,221.0,False,HARD,2.0,True,McLaren,5683.527,2026-09-06 13:41:18.703,1,6.0,False,,False,False
6039.695,NOR,1,,6.0,2.0,,,96.733,32.157,29.55,5978.413,6010.391,6039.81,307.0,320.0,309.0,292.0,False,HARD,3.0,True,McLaren,5881.292,2026-09-06 13:44:36.468,12,6.0,False,,False,False
6126.688,NOR,1,86.993,7.0,2.0,,,28.554,29.732,28.707,6068.364,6098.096,6126.803,297.0,324.0,318.0,314.0,False,HARD,4.0,True,McLaren,6039.695,2026-09-06 13:47:14.871,1,7.0,False,,False,True
6213.121,NOR,1,86.433,8.0,2.0,,,28.296,29.685,28.452,6155.099,6184.784,6213.236,303.0,325.0,316.0,314.0,True,HARD,5.0,True,McLaren,6126.688,2026-09-06 13:48:41.864,1,7.0,False,,False,True
6299.324,NOR,1,86.203,9.0,2.0,,,28.021,29.764,28.418,6241.257,6271.021,6299.439,300.0,321.0,315.0,321.0,True,HARD,6.0,True,McLaren,6213.121,2026-09-06 13:50:08.297,1,7.0,False,,False,True
6385.915,NOR,1,86.591,10.0,2.0,,,28.097,29.551,28.943,6327.536,6357.087,6386.03,294.0,315.0,320.0,319.0,False,HARD,7.0,True,McLaren,6299.324,2026-09-06 13:51:34.500,1,7.0,False,,False,True
6472.153,NOR,1,86.238,11.0,2.0,,,27.859,29.649,28.73,6413.889,6443.538,6472.268,301.0,328.0,323.0,332.0,False,HARD,8.0,True,McLaren,6385.915,2026-09-06 13:53:01.091,1,7.0,False,,False,True
6558.366,NOR,1,86.213,12.0,2.0,,,27.981,29.641,28.591,6500.249,6529.89,6558.481,301.0,326.0,319.0,331.0,False,HARD,9.0,True,McLaren,6472.153,2026-09-06 13:54:27.329,1,7.0,False,,False,True
6644.436,NOR,1,86.07,13.0,2.0,,,27.904,29.627,28.539,6586.385,6616.012,6644.551,301.0,327.0,321.0,331.0,True,HARD,10.0,True,McLaren,6558.366,2026-09-06 13:55:53.542,1,7.0,False,,False,True
6730.496,NOR,1,86.06,14.0,2.0,,,27.873,29.841,28.346,6672.424,6702.265,6730.611,299.0,318.0,326.0,329.0,True,HARD,11.0,True,McLaren,6644.436,2026-09-06 13:57:19.612,1,7.0,False,,False,True
6816.697,NOR,1,86.201,15.0,2.0,,,27.841,29.971,28.389,6758.452,6788.423,6816.812,300.0,320.0,323.0,338.0,False,HARD,12.0,True,McLaren,6730.496,2026-09-06 13:58:45.672,1,7.0,False,,False,True
6902.959,NOR,1,86.262,16.0,2.0,,,27.581,29.99,28.691,6844.393,6874.383,6903.074,310.0,326.0,322.0,334.0,False,HARD,13.0,True,McLaren,6816.697,2026-09-06 14:00:11.873,1,7.0,False,,False,True
6989.508,NOR,1,86.549,17.0,2.0,,,27.84,30.267,28.442,6930.914,6961.181,6989.623,301.0,314.0,322.0,336.0,False,HARD,14.0,True,McLaren,6902.959,2026-09-06 14:01:38.135,1,7.0,False,,False,True
7075.964,NOR,1,86.456,18.0,2.0,,,27.764,30.315,28.377,7017.387,7047.702,7076.079,301.0,319.0,331.0,328.0,False,HARD,15.0,True,McLaren,6989.508,2026-09-06 14:03:04.684,1,7.0,False,,False,True
7162.954,NOR,1,86.99,19.0,2.0,,,27.933,30.241,28.816,7104.012,7134.253,7163.069,315.0,325.0,318.0,333.0,False,HARD,16.0,True,McLaren,7075.964,2026-09-06 14:04:31.140,1,7.0,False,,False,True
7251.763,NOR,1,88.809,20.0,2.0,,,29.327,30.428,29.054,7192.396,7222.824,7251.878,267.0,302.0,323.0,335.0,False,HARD,17.0,True,McLaren,7162.954,2026-09-06 14:05:58.130,1,7.0,True,TRACK LIMITS AT TURN 1 LAP 20 ,False,True
7338.491,NOR,1,86.728,21.0,2.0,,,28.008,29.821,28.899,7279.886,7309.707,7338.606,290.0,307.0,296.0,322.0,False,HARD,18.0,True,McLaren,7251.763,2026-09-06 14:07:26.939,1,6.0,False,,False,True
7425.591,NOR,1,87.1,22.0,2.0,,,28.38,29.895,28.825,7366.986,7396.881,7425.706,295.0,304.0,295.0,310.0,False,HARD,19.0,True,McLaren,7338.491,2026-09-06 14:08:53.667,1,6.0,False,,False,True
7511.297,NOR,1,85.706,23.0,2.0,,,28.322,29.18,28.204,7454.028,7483.208,7511.412,297.0,305.0,302.0,309.0,True,HARD,20.0,True,McLaren,7425.591,2026-09-06 14:10:20.767,1,6.0,False,,False,True
7597.285,NOR,1,85.988,24.0,2.0,,,28.272,29.366,28.35,7539.684,7569.05,7597.4,291.0,308.0,309.0,306.0,False,HARD,21.0,True,McLaren,7511.297,2026-09-06 14:11:46.473,1,6.0,False,,False,True
7683.415,NOR,1,86.13,25.0,2.0,,,28.315,29.436,28.379,7625.715,7655.151,7683.53,292.0,307.0,312.0,307.0,False,HARD,22.0,True,McLaren,7597.285,2026-09-06 14:13:12.461,1,6.0,False,,False,True
7769.279,NOR,1,85.864,26.0,2.0,,,28.195,29.376,28.293,7711.725,7741.101,7769.394,290.0,307.0,313.0,308.0,False,HARD,23.0,True,McLaren,7683.415,2026-09-06 14:14:38.591,1,6.0,False,,False,True
7855.385,NOR,1,86.106,27.0,2.0,,,28.169,29.612,28.325,7797.563,7827.175,7855.5,290.0,308.0,314.0,310.0,False,HARD,24.0,True,McLaren,7769.279,2026-09-06 14:16:04.455,12,6.0,False,,False,True
7966.531,NOR,1,111.146,28.0,2.0,,,34.503,39.335,37.308,7890.003,7929.338,7966.646,295.0,281.0,270.0,269.0,False,HARD,25.0,True,McLaren,7855.385,2026-09-06 14:17:30.561,26,6.0,False,,False,False
8058.021,NOR,1,91.49,29.0,2.0,,,33.748,29.508,28.234,8000.394,8029.902,8058.136,292.0,308.0,314.0,171.0,False,HARD,26.0,True,McLaren,7966.531,2026-09-06 14:19:21.707,671,4.0,False,,False,False
8144.343,NOR,1,86.322,30.0,2.0,,,28.753,29.328,28.241,8086.889,8116.217,8144.458,295.0,310.0,316.0,310.0,False,HARD,27.0,True,McLaren,8058.021,2026-09-06 14:20:53.197,1,4.0,False,,False,True
8230.734,NOR,1,86.391,31.0,2.0,,,28.137,30.094,28.16,8172.595,8202.689,8230.849,291.0,317.0,319.0,310.0,False,HARD,28.0,True,McLaren,8144.343,2026-09-06 14:22:19.519,1,5.0,False,,False,True
8316.419,NOR,1,85.685,32.0,2.0,,,27.96,29.385,28.34,8258.809,8288.194,8316.534,296.0,314.0,315.0,320.0,True,HARD,29.0,True,McLaren,8230.734,2026-09-06 14:23:45.910,1,5.0,False,,False,True
8402.853,NOR,1,86.434,33.0,2.0,,,28.374,29.648,28.412,8344.908,8374.556,8402.968,302.0,319.0,318.0,316.0,False,HARD,30.0,True,McLaren,8316.419,2026-09-06 14:25:11.595,1,6.0,False,,False,True
8488.044,NOR,1,85.191,34.0,2.0,,,27.935,29.174,28.082,8430.903,8460.077,8488.159,299.0,316.0,321.0,320.0,True,HARD,31.0,True,McLaren,8402.853,2026-09-06 14:26:38.029,1,6.0,False,,False,True
8573.015,NOR,1,84.971,35.0,2.0,,,27.755,29.146,28.07,8515.914,8545.06,8573.13,299.0,315.0,318.0,317.0,True,HARD,32.0,True,McLaren,8488.044,2026-09-06 14:28:03.220,1,6.0,False,,False,True
8658.367,NOR,1,85.352,36.0,2.0,,,27.93,29.293,28.129,8601.06,8630.353,8658.482,296.0,314.0,317.0,318.0,False,HARD,33.0,True,McLaren,8573.015,2026-09-06 14:29:28.191,1,6.0,False,,False,True
8743.587,NOR,1,85.22,37.0,2.0,,,27.968,29.159,28.093,8686.45,8715.609,8743.702,293.0,313.0,316.0,314.0,False,HARD,34.0,True,McLaren,8658.367,2026-09-06 14:30:53.543,1,6.0,False,,False,True
8828.875,NOR,1,85.288,38.0,2.0,,,27.986,29.242,28.06,8771.688,8800.93,8828.99,294.0,313.0,319.0,315.0,False,HARD,35.0,True,McLaren,8743.587,2026-09-06 14:32:18.763,1,6.0,False,,False,True
8914.088,NOR,1,85.213,39.0,2.0,,,27.893,29.226,28.094,8856.883,8886.109,8914.203,295.0,314.0,321.0,315.0,False,HARD,36.0,True,McLaren,8828.875,2026-09-06 14:33:44.051,1,6.0,False,,False,True
8999.25,NOR,1,85.162,40.0,2.0,,,27.785,29.299,28.078,8941.988,8971.287,8999.365,299.0,320.0,322.0,319.0,False,HARD,37.0,True,McLaren,8914.088,2026-09-06 14:35:09.264,1,6.0,False,,False,True
9085.423,NOR,1,86.173,41.0,2.0,,,27.714,29.71,28.749,9027.079,9056.789,9085.538,307.0,323.0,325.0,320.0,False,HARD,38.0,True,McLaren,8999.25,2026-09-06 14:36:34.426,1,6.0,False,,False,True
9170.49,NOR,1,85.067,42.0,2.0,,,27.77,29.184,28.113,9113.308,9142.492,9170.605,297.0,319.0,311.0,322.0,False,HARD,39.0,True,McLaren,9085.423,2026-09-06 14:38:00.599,1,5.0,False,,False,True
9255.972,NOR,1,85.482,43.0,2.0,,,28.224,29.2,28.058,9198.829,9228.029,9256.087,294.0,318.0,307.0,317.0,False,HARD,40.0,True,McLaren,9170.49,2026-09-06 14:39:25.666,1,5.0,False,,False,True
9341.187,NOR,1,85.215,44.0,2.0,,,27.933,29.297,27.985,9284.02,9313.317,9341.302,302.0,319.0,323.0,322.0,False,HARD,41.0,True,McLaren,9255.972,2026-09-06 14:40:51.148,1,5.0,False,,False,True
9426.06,NOR,1,84.873,45.0,2.0,,,27.781,28.984,28.108,9369.083,9398.067,9426.175,300.0,327.0,321.0,314.0,True,HARD,42.0,True,McLaren,9341.187,2026-09-06 14:42:16.363,1,5.0,False,,False,True
9511.203,NOR,1,85.143,46.0,2.0,,,27.842,29.209,28.092,9454.017,9483.226,9511.318,303.0,325.0,324.0,317.0,False,HARD,43.0,True,McLaren,9426.06,2026-09-06 14:43:41.236,1,5.0,False,,False,True
9596.437,NOR,1,85.234,47.0,2.0,,,27.87,29.439,27.925,9539.188,9568.627,9596.552,305.0,324.0,326.0,321.0,False,HARD,44.0,True,McLaren,9511.203,2026-09-06 14:45:06.379,1,5.0,False,,False,True
9681.301,NOR,1,84.864,48.0,2.0,,,27.536,29.224,28.104,9624.088,9653.312,9681.416,313.0,316.0,322.0,323.0,True,HARD,45.0,True,McLaren,9596.437,2026-09-06 14:46:31.613,1,4.0,False,,False,True
9767.804,NOR,1,86.503,49.0,2.0,,,28.232,30.009,28.262,9709.648,9739.657,9767.919,298.0,318.0,316.0,314.0,False,HARD,46.0,True,McLaren,9681.301,2026-09-06 14:47:56.477,1,5.0,False,,False,True
9853.131,NOR,1,85.327,50.0,2.0,,,27.978,29.303,28.046,9795.897,9825.2,9853.246,301.0,321.0,327.0,323.0,False,HARD,47.0,True,McLaren,9767.804,2026-09-06 14:49:22.980,1,5.0,False,,False,True
9939.72,NOR,1,86.589,51.0,2.0,,,27.759,30.181,28.649,9881.005,9911.186,9939.835,315.0,322.0,321.0,325.0,False,HARD,48.0,True,McLaren,9853.131,2026-09-06 14:50:48.307,1,5.0,False,,False,True
10025.036,NOR,1,85.316,52.0,2.0,,,27.848,29.232,28.236,9967.683,9996.915,10025.151,303.0,322.0,324.0,318.0,False,HARD,49.0,True,McLaren,9939.72,2026-09-06 14:52:14.896,1,5.0,False,,False,True
10110.246,NOR,1,85.21,53.0,2.0,,,27.661,29.318,28.231,10052.812,10082.13,10110.361,313.0,343.0,295.0,322.0,False,HARD,50.0,True,McLaren,10025.036,2026-09-06 14:53:40.212,1,4.0,True,TRACK LIMITS AT TURN 1 LAP 53 ,False,True
3504.445,GAS,10,88.47,1.0,1.0,,,,29.996,28.927,,3475.671,3504.556,287.0,298.0,295.0,288.0,False,MEDIUM,1.0,True,Alpine,3415.761,2026-09-06 13:03:30.937,1,1.0,False,,False,False
3592.24,GAS,10,87.795,2.0,1.0,,,29.201,29.939,28.655,3533.738,3563.677,3592.332,300.0,307.0,298.0,305.0,True,MEDIUM,2.0,True,Alpine,3504.445,2026-09-06 13:04:59.621,1,2.0,False,,False,True
3715.715,GAS,10,123.475,3.0,1.0,,3711.306,31.599,41.157,50.719,3623.931,3665.088,3715.807,116.0,277.0,,317.0,False,MEDIUM,3.0,True,Alpine,3592.24,2026-09-06 13:06:27.416,1245,2.0,False,,False,False
5670.88,GAS,10,,4.0,2.0,5555.854,,,36.47,37.965,,5633.007,5671.126,252.0,255.0,88.0,191.0,False,HARD,1.0,True,Alpine,5544.927,2026-09-06 13:39:00.103,1,2.0,False,,False,False
5871.611,GAS,10,,5.0,2.0,,,,35.398,40.2,,5831.503,5871.847,254.0,276.0,141.0,205.0,False,HARD,2.0,True,Alpine,5670.88,2026-09-06 13:41:06.056,1,2.0,False,,False,False
6036.454,GAS,10,,6.0,2.0,,,,30.04,28.77,,6007.898,6036.734,293.0,309.0,319.0,290.0,False,HARD,3.0,True,Alpine,5871.611,2026-09-06 13:44:26.787,12,2.0,False,,False,False
6123.931,GAS,10,87.477,7.0,2.0,,,28.081,29.954,29.442,6064.627,6094.581,6124.023,289.0,306.0,301.0,327.0,True,HARD,4.0,True,Alpine,6036.454,2026-09-06 13:47:11.630,1,3.0,False,,False,True
6210.488,GAS,10,86.557,8.0,2.0,,,28.361,29.62,28.576,6152.384,6182.004,6210.58,297.0,321.0,300.0,323.0,True,HARD,5.0,True,Alpine,6123.931,2026-09-06 13:48:39.107,1,3.0,False,,False,True
6296.916,GAS,10,86.428,9.0,2.0,,,28.274,29.688,28.466,6238.854,6268.542,6297.008,296.0,315.0,322.0,318.0,True,HARD,6.0,True,Alpine,6210.488,2026-09-06 13:50:05.664,1,3.0,False,,False,True
6385.221,GAS,10,88.305,10.0,2.0,,,28.169,30.464,29.672,6325.177,6355.641,6385.313,300.0,312.0,307.0,321.0,False,HARD,7.0,True,Alpine,6296.916,2026-09-06 13:51:32.092,1,6.0,False,,False,True
6471.767,GAS,10,86.546,11.0,2.0,,,28.213,29.687,28.646,6413.526,6443.213,6471.859,298.0,319.0,317.0,332.0,False,HARD,8.0,True,Alpine,6385.221,2026-09-06 13:53:00.397,1,6.0,False,,False,True
6557.879,GAS,10,86.112,12.0,2.0,,,27.913,29.672,28.527,6499.772,6529.444,6557.971,299.0,320.0,312.0,325.0,True,HARD,9.0,True,Alpine,6471.767,2026-09-06 13:54:26.943,1,6.0,False,,False,True
6643.877,GAS,10,85.998,13.0,2.0,,,27.942,29.624,28.432,6585.913,6615.537,6643.969,300.0,325.0,327.0,324.0,True,HARD,10.0,True,Alpine,6557.879,2026-09-06 13:55:53.055,1,6.0,False,,False,True
6730.098,GAS,10,86.221,14.0,2.0,,,27.722,29.94,28.559,6671.691,6701.631,6730.19,300.0,322.0,316.0,329.0,False,HARD,11.0,True,Alpine,6643.877,2026-09-06 13:57:19.053,1,6.0,False,,False,True
6816.344,GAS,10,86.246,15.0,2.0,,,27.687,29.972,28.587,6757.877,6787.849,6816.436,313.0,324.0,317.0,325.0,False,HARD,12.0,True,Alpine,6730.098,2026-09-06 13:58:45.274,1,6.0,False,,False,True
6902.593,GAS,10,86.249,16.0,2.0,,,27.709,29.838,28.702,6844.145,6873.983,6902.685,312.0,322.0,315.0,319.0,False,HARD,13.0,True,Alpine,6816.344,2026-09-06 14:00:11.520,1,6.0,False,,False,True
6988.922,GAS,10,86.329,17.0,2.0,,,27.896,29.778,28.655,6930.581,6960.359,6989.014,302.0,323.0,321.0,320.0,False,HARD,14.0,True,Alpine,6902.593,2026-09-06 14:01:37.769,1,6.0,False,,False,True
7075.731,GAS,10,86.809,18.0,2.0,,,27.57,30.581,28.658,7016.584,7047.165,7075.823,311.0,322.0,323.0,321.0,False,HARD,15.0,True,Alpine,6988.922,2026-09-06 14:03:04.098,1,6.0,False,,False,True
7162.71,GAS,10,86.979,19.0,2.0,,,28.088,30.052,28.839,7103.911,7133.963,7162.802,311.0,316.0,318.0,327.0,False,HARD,16.0,True,Alpine,7075.731,2026-09-06 14:04:30.907,1,6.0,False,,False,True
7251.56,GAS,10,88.85,20.0,2.0,,,29.8,30.072,28.978,7192.602,7222.674,7251.652,295.0,307.0,304.0,323.0,False,HARD,17.0,True,Alpine,7162.71,2026-09-06 14:05:57.886,1,6.0,False,,False,True
7339.187,GAS,10,87.627,21.0,2.0,,,28.394,30.488,28.745,7280.046,7310.534,7339.279,304.0,317.0,311.0,323.0,False,HARD,18.0,True,Alpine,7251.56,2026-09-06 14:07:26.736,1,7.0,False,,False,True
7426.106,GAS,10,86.919,22.0,2.0,,,27.766,30.281,28.872,7367.045,7397.326,7426.198,315.0,314.0,311.0,326.0,False,HARD,19.0,True,Alpine,7339.187,2026-09-06 14:08:54.363,1,7.0,False,,False,True
7512.684,GAS,10,86.578,23.0,2.0,,,28.466,29.59,28.522,7454.664,7484.254,7512.776,300.0,314.0,314.0,317.0,False,HARD,20.0,True,Alpine,7426.106,2026-09-06 14:10:21.282,1,7.0,False,,False,True
7598.706,GAS,10,86.022,24.0,2.0,,,27.865,29.609,28.548,7540.641,7570.25,7598.798,297.0,313.0,312.0,317.0,False,HARD,21.0,True,Alpine,7512.684,2026-09-06 14:11:47.860,1,7.0,False,,False,True
7684.989,GAS,10,86.283,25.0,2.0,,,28.069,29.764,28.45,7626.867,7656.631,7685.081,300.0,312.0,313.0,315.0,False,HARD,22.0,True,Alpine,7598.706,2026-09-06 14:13:13.882,1,7.0,False,,False,True
7770.877,GAS,10,85.888,26.0,2.0,,,27.973,29.546,28.369,7713.054,7742.6,7770.969,298.0,313.0,314.0,315.0,True,HARD,23.0,True,Alpine,7684.989,2026-09-06 14:14:40.165,1,7.0,False,,False,True
7856.697,GAS,10,85.82,27.0,2.0,,,27.93,29.563,28.327,7798.899,7828.462,7856.789,297.0,314.0,314.0,317.0,True,HARD,24.0,True,Alpine,7770.877,2026-09-06 14:16:06.053,12,7.0,False,,False,True
7967.765,GAS,10,111.068,28.0,2.0,,,35.136,39.183,36.749,7891.925,7931.108,7967.857,236.0,275.0,260.0,225.0,False,HARD,25.0,True,Alpine,7856.697,2026-09-06 14:17:31.873,26,7.0,False,,False,False
8059.897,GAS,10,92.132,29.0,2.0,,,34.231,29.72,28.181,8002.088,8031.808,8059.989,283.0,315.0,320.0,220.0,False,HARD,26.0,True,Alpine,7967.765,2026-09-06 14:19:22.941,671,5.0,False,,False,False
8146.63,GAS,10,86.733,30.0,2.0,,,28.048,30.268,28.417,8088.037,8118.305,8146.722,296.0,316.0,316.0,318.0,False,HARD,27.0,True,Alpine,8059.897,2026-09-06 14:20:55.073,1,6.0,False,,False,True
8233.053,GAS,10,86.423,31.0,2.0,,,28.384,29.691,28.348,8175.106,8204.797,8233.145,301.0,317.0,317.0,314.0,False,HARD,28.0,True,Alpine,8146.63,2026-09-06 14:22:21.806,1,7.0,False,,False,True
8318.98,GAS,10,85.927,32.0,2.0,,,27.902,29.558,28.467,8261.047,8290.605,8319.072,296.0,313.0,315.0,316.0,False,HARD,29.0,True,Alpine,8233.053,2026-09-06 14:23:48.229,1,7.0,False,,False,True
8405.053,GAS,10,86.073,33.0,2.0,,,28.002,29.592,28.479,8347.074,8376.666,8405.145,296.0,314.0,317.0,314.0,False,HARD,30.0,True,Alpine,8318.98,2026-09-06 14:25:14.156,1,7.0,False,,False,True
8491.027,GAS,10,85.974,34.0,2.0,,,27.851,29.587,28.536,8432.996,8462.583,8491.119,298.0,319.0,314.0,318.0,False,HARD,31.0,True,Alpine,8405.053,2026-09-06 14:26:40.229,1,7.0,False,,False,True
8576.99,GAS,10,85.963,35.0,2.0,,,27.931,29.561,28.471,8519.05,8548.611,8577.082,296.0,311.0,314.0,313.0,False,HARD,32.0,True,Alpine,8491.027,2026-09-06 14:28:06.203,1,7.0,False,,False,True
8663.031,GAS,10,86.041,36.0,2.0,,,27.995,29.616,28.43,8605.077,8634.693,8663.123,294.0,310.0,314.0,313.0,False,HARD,33.0,True,Alpine,8576.99,2026-09-06 14:29:32.166,1,7.0,False,,False,True
8748.969,GAS,10,85.938,37.0,2.0,,,27.973,29.531,28.434,8691.096,8720.627,8749.061,293.0,308.0,313.0,310.0,False,HARD,34.0,True,Alpine,8663.031,2026-09-06 14:30:58.207,1,7.0,False,,False,True
8834.967,GAS,10,85.998,38.0,2.0,,,28.027,29.463,28.508,8777.088,8806.551,8835.059,294.0,309.0,312.0,308.0,False,HARD,35.0,True,Alpine,8748.969,2026-09-06 14:32:24.145,1,7.0,False,,False,True
8920.905,GAS,10,85.938,39.0,2.0,,,28.06,29.547,28.331,8863.119,8892.666,8920.997,294.0,309.0,313.0,309.0,False,HARD,36.0,True,Alpine,8834.967,2026-09-06 14:33:50.143,1,7.0,False,,False,True
9006.749,GAS,10,85.844,40.0,2.0,,,28.061,29.442,28.341,8949.058,8978.5,9006.841,294.0,309.0,313.0,307.0,False,HARD,37.0,True,Alpine,8920.905,2026-09-06 14:35:16.081,1,7.0,False,,False,True
9092.627,GAS,10,85.878,41.0,2.0,,,28.144,29.333,28.401,9034.985,9064.318,9092.719,292.0,308.0,313.0,308.0,False,HARD,38.0,True,Alpine,9006.749,2026-09-06 14:36:41.925,1,7.0,False,,False,True
9178.403,GAS,10,85.776,42.0,2.0,,,28.016,29.372,28.388,9120.735,9150.107,9178.495,292.0,309.0,315.0,310.0,True,HARD,39.0,True,Alpine,9092.627,2026-09-06 14:38:07.803,1,7.0,False,,False,True
9264.323,GAS,10,85.92,43.0,2.0,,,28.094,29.382,28.444,9206.589,9235.971,9264.415,293.0,309.0,314.0,309.0,False,HARD,40.0,True,Alpine,9178.403,2026-09-06 14:39:33.579,1,7.0,False,,False,True
9349.955,GAS,10,85.632,44.0,2.0,,,28.115,29.288,28.229,9292.53,9321.818,9350.047,293.0,308.0,314.0,308.0,True,HARD,41.0,True,Alpine,9264.323,2026-09-06 14:40:59.499,1,7.0,False,,False,True
9435.734,GAS,10,85.779,45.0,2.0,,,28.111,29.332,28.336,9378.158,9407.49,9435.826,293.0,307.0,314.0,309.0,False,HARD,42.0,True,Alpine,9349.955,2026-09-06 14:42:25.131,1,7.0,False,,False,True
9521.254,GAS,10,85.52,46.0,2.0,,,28.031,29.336,28.153,9463.857,9493.193,9521.346,293.0,309.0,314.0,309.0,True,HARD,43.0,True,Alpine,9435.734,2026-09-06 14:43:50.910,1,7.0,False,,False,True
9606.82,GAS,10,85.566,47.0,2.0,,,28.031,29.263,28.272,,9578.64,9606.912,294.0,308.0,313.0,308.0,False,HARD,44.0,True,Alpine,9521.254,2026-09-06 14:45:16.430,1,7.0,False,,False,True
9692.273,GAS,10,85.453,48.0,2.0,,,28.049,29.268,28.136,9634.961,9664.229,9692.365,293.0,310.0,314.0,308.0,True,HARD,45.0,True,Alpine,9606.82,2026-09-06 14:46:41.996,1,7.0,False,,False,True
9777.637,GAS,10,85.364,49.0,2.0,,,28.034,29.22,28.11,9720.399,9749.619,9777.729,293.0,309.0,315.0,306.0,True,HARD,46.0,True,Alpine,9692.273,2026-09-06 14:48:07.449,1,7.0,False,,False,True
9862.914,GAS,10,85.277,50.0,2.0,,,27.986,29.151,28.14,9805.715,9834.866,9863.006,294.0,310.0,315.0,308.0,True,HARD,47.0,True,Alpine,9777.637,2026-09-06 14:49:32.813,1,7.0,False,,False,True
9948.419,GAS,10,85.505,51.0,2.0,,,28.029,29.303,28.173,9891.035,9920.338,9948.511,294.0,310.0,317.0,309.0,False,HARD,48.0,True,Alpine,9862.914,2026-09-06 14:50:58.090,1,7.0,False,,False,True
10033.642,GAS,10,85.223,52.0,2.0,,,27.954,29.218,28.051,9976.465,10005.683,10033.734,295.0,311.0,322.0,309.0,True,HARD,49.0,True,Alpine,9948.419,2026-09-06 14:52:23.595,1,7.0,False,,False,True
10118.569,GAS,10,84.927,53.0,2.0,,,27.831,29.206,27.89,10061.565,10090.771,10118.661,294.0,311.0,323.0,313.0,True,HARD,50.0,True,Alpine,10033.642,2026-09-06 14:53:48.818,1,7.0,False,,False,True
3512.632,PER,11,96.657,1.0,1.0,,,,33.065,30.137,,3482.655,3513.102,299.0,303.0,321.0,263.0,False,SOFT,1.0,True,Cadillac,3415.761,2026-09-06 13:03:30.937,1,17.0,False,,False,False
3602.665,PER,11,90.033,2.0,1.0,,,29.291,31.251,29.491,3542.002,3573.253,3602.744,291.0,315.0,319.0,322.0,True,SOFT,2.0,True,Cadillac,3512.632,2026-09-06 13:05:07.808,12,17.0,False,,False,True
3761.555,PER,11,,3.0,1.0,,3753.932,46.018,49.258,63.515,3648.867,3698.119,3761.678,135.0,168.0,,276.0,False,SOFT,3.0,True,Cadillac,3602.665,2026-09-06 13:06:37.841,245,17.0,False,,False,False
5714.122,PER,11,,4.0,2.0,5596.46,,,32.887,51.202,,5663.032,5714.201,250.0,265.0,36.0,200.0,False,SOFT,1.0,True,Cadillac,5544.927,2026-09-06 13:39:00.103,1,17.0,False,,False,False
5910.672,PER,11,,5.0,2.0,,,,35.544,49.404,,5861.469,5911.085,201.0,246.0,40.0,152.0,False,SOFT,2.0,True,Cadillac,5714.122,2026-09-06 13:41:49.298,1,17.0,False,,False,False
6045.045,PER,11,134.373,6.0,2.0,,,70.812,32.611,30.95,5981.563,6014.174,6045.124,290.0,304.0,317.0,256.0,False,SOFT,3.0,True,Cadillac,5910.672,2026-09-06 13:45:05.848,12,17.0,False,,False,True
6133.77,PER,11,88.725,7.0,2.0,,,28.69,30.672,29.363,6073.814,6104.486,6133.849,286.0,311.0,318.0,317.0,True,SOFT,4.0,True,Cadillac,6045.045,2026-09-06 13:47:20.221,1,17.0,False,,False,True
6222.152,PER,11,88.382,8.0,2.0,,,28.656,30.568,29.158,6162.505,6193.073,6222.231,286.0,310.0,314.0,314.0,True,SOFT,5.0,True,Cadillac,6133.77,2026-09-06 13:48:48.946,1,17.0,False,,False,True
6310.643,PER,11,88.491,9.0,2.0,,,28.763,30.83,28.898,6250.994,6281.824,6310.722,284.0,316.0,326.0,307.0,False,SOFT,6.0,True,Cadillac,6222.152,2026-09-06 13:50:17.328,1,18.0,False,,False,True
6398.891,PER,11,88.248,10.0,2.0,,,28.519,30.7,29.029,6339.241,6369.941,6398.97,284.0,314.0,320.0,312.0,True,SOFT,7.0,True,Cadillac,6310.643,2026-09-06 13:51:45.819,1,18.0,False,,False,True
6487.418,PER,11,88.527,11.0,2.0,,,28.798,30.485,29.244,6427.768,6458.253,6487.497,287.0,315.0,312.0,315.0,False,SOFT,8.0,True,Cadillac,6398.891,2026-09-06 13:53:14.067,1,18.0,False,,False,True
6575.505,PER,11,88.087,12.0,2.0,,,28.693,30.32,29.074,6516.19,6546.51,6575.584,285.0,306.0,313.0,316.0,True,SOFT,9.0,True,Cadillac,6487.418,2026-09-06 13:54:42.594,1,18.0,False,,False,True
6664.119,PER,11,88.614,13.0,2.0,,,28.716,30.42,29.478,6604.3,6634.72,6664.198,283.0,298.0,303.0,312.0,False,SOFT,10.0,True,Cadillac,6575.505,2026-09-06 13:56:10.681,1,17.0,False,,False,True
6753.039,PER,11,88.92,14.0,2.0,,,29.128,30.348,29.444,6693.326,6723.674,6753.118,281.0,296.0,307.0,303.0,False,SOFT,11.0,True,Cadillac,6664.119,2026-09-06 13:57:39.295,1,17.0,False,,False,True
6842.04,PER,11,89.001,15.0,2.0,,,29.065,30.522,29.414,6782.183,6812.705,6842.119,279.0,297.0,307.0,303.0,False,SOFT,12.0,True,Cadillac,6753.039,2026-09-06 13:59:08.215,1,17.0,False,,False,True
6930.825,PER,11,88.785,16.0,2.0,,,29.106,30.507,29.172,6871.225,6901.732,6930.904,277.0,309.0,315.0,302.0,False,SOFT,13.0,True,Cadillac,6842.04,2026-09-06 14:00:37.216,1,18.0,False,,False,True
7019.182,PER,11,88.357,17.0,2.0,,,28.661,30.418,29.278,6959.565,6989.983,7019.261,278.0,295.0,310.0,309.0,False,SOFT,14.0,True,Cadillac,6930.825,2026-09-06 14:02:06.001,1,17.0,False,,False,True
7108.271,PER,11,89.089,18.0,2.0,,,28.883,30.466,29.74,7048.144,7078.61,7108.35,278.0,292.0,321.0,306.0,False,SOFT,15.0,True,Cadillac,7019.182,2026-09-06 14:03:34.358,1,18.0,False,,False,True
7196.687,PER,11,88.416,19.0,2.0,,,28.701,30.193,29.522,7137.051,7167.244,7196.766,276.0,293.0,307.0,307.0,False,SOFT,16.0,True,Cadillac,7108.271,2026-09-06 14:05:03.447,1,17.0,False,,False,True
7285.457,PER,11,88.77,20.0,2.0,,,29.058,30.185,29.527,7225.824,7256.009,7285.536,277.0,292.0,303.0,303.0,False,SOFT,17.0,True,Cadillac,7196.687,2026-09-06 14:06:31.863,1,17.0,False,,False,True
7374.281,PER,11,88.824,21.0,2.0,,,29.082,30.35,29.392,7314.618,7344.968,7374.36,278.0,293.0,302.0,301.0,False,SOFT,18.0,True,Cadillac,7285.457,2026-09-06 14:08:00.633,1,17.0,False,,False,True
7464.167,PER,11,89.886,22.0,2.0,,,29.919,30.652,29.315,7404.279,7434.931,7464.246,287.0,304.0,311.0,307.0,False,SOFT,19.0,True,Cadillac,7374.281,2026-09-06 14:09:29.457,1,18.0,True,TRACK LIMITS AT TURN 1 LAP 22 ,False,True
7553.087,PER,11,88.92,23.0,2.0,,,29.149,30.373,29.398,7493.395,7523.768,7553.166,282.0,305.0,305.0,287.0,False,SOFT,20.0,True,Cadillac,7464.167,2026-09-06 14:10:59.343,1,17.0,False,,False,True
7642.454,PER,11,89.367,24.0,2.0,,,29.229,30.447,29.691,7582.395,7612.842,7642.533,276.0,293.0,313.0,298.0,False,SOFT,21.0,True,Cadillac,7553.087,2026-09-06 14:12:28.263,1,18.0,False,,False,True
7730.736,PER,11,88.282,25.0,2.0,,,28.855,30.222,29.205,7671.388,7701.61,7730.815,282.0,302.0,307.0,308.0,False,SOFT,22.0,True,Cadillac,7642.454,2026-09-06 14:13:57.630,1,18.0,False,,False,True
7819.583,PER,11,88.847,26.0,2.0,,,29.004,30.46,29.383,7759.819,7790.279,7819.662,278.0,294.0,303.0,306.0,False,SOFT,23.0,True,Cadillac,7730.736,2026-09-06 14:15:25.912,1,18.0,False,,False,True
7925.943,PER,11,106.36,27.0,2.0,,7922.195,29.2,33.021,44.139,7848.862,7881.883,7926.022,277.0,169.0,,302.0,False,SOFT,24.0,True,Cadillac,7819.583,2026-09-06 14:16:54.759,126,18.0,False,,False,False
8047.324,PER,11,121.381,28.0,3.0,7950.632,,61.802,30.633,28.946,7987.824,8018.457,8047.403,278.0,304.0,305.0,226.0,False,MEDIUM,1.0,True,Cadillac,7925.943,2026-09-06 14:18:41.119,671,18.0,False,,False,False
8135.364,PER,11,88.04,29.0,3.0,,,29.05,30.06,28.93,8076.453,8106.513,8135.443,279.0,297.0,311.0,302.0,True,MEDIUM,2.0,True,Cadillac,8047.324,2026-09-06 14:20:42.500,1,18.0,False,,False,True
8224.042,PER,11,88.678,30.0,3.0,,,28.837,29.955,29.886,8164.28,8194.235,8224.121,279.0,294.0,322.0,303.0,False,MEDIUM,3.0,True,Cadillac,8135.364,2026-09-06 14:22:10.540,1,18.0,False,,False,True
8313.023,PER,11,88.981,31.0,3.0,,,29.1,31.15,28.731,8253.221,8284.371,8313.102,226.0,306.0,314.0,277.0,False,MEDIUM,4.0,True,Cadillac,8224.042,2026-09-06 14:23:39.218,1,18.0,False,,False,True
8403.5,PER,11,90.477,32.0,3.0,,,28.582,30.987,30.908,8341.684,8372.671,8403.579,281.0,308.0,322.0,311.0,False,MEDIUM,5.0,True,Cadillac,8313.023,2026-09-06 14:25:08.199,1,18.0,False,,False,True
8491.576,PER,11,88.076,33.0,3.0,,,28.412,30.15,29.514,8431.991,8462.141,8491.655,285.0,306.0,317.0,307.0,False,MEDIUM,6.0,True,Cadillac,8403.5,2026-09-06 14:26:38.676,1,18.0,False,,False,True
8578.597,PER,11,87.021,34.0,3.0,,,28.512,29.925,28.584,8520.167,8550.092,8578.676,285.0,306.0,312.0,315.0,True,MEDIUM,7.0,True,Cadillac,8491.576,2026-09-06 14:28:06.752,1,18.0,False,,False,True
8666.248,PER,11,87.651,35.0,3.0,,,28.653,30.075,28.923,8607.329,8637.404,8666.327,281.0,300.0,306.0,310.0,False,MEDIUM,8.0,True,Cadillac,8578.597,2026-09-06 14:29:33.773,1,18.0,False,,False,True
8754.606,PER,11,88.358,36.0,3.0,,,29.26,30.075,29.023,8695.587,8725.662,8754.685,279.0,298.0,305.0,304.0,False,MEDIUM,9.0,True,Cadillac,8666.248,2026-09-06 14:31:01.424,1,18.0,False,,False,True
8843.317,PER,11,88.711,37.0,3.0,,,29.05,29.876,29.785,8783.735,8813.611,8843.396,278.0,299.0,314.0,302.0,False,MEDIUM,10.0,True,Cadillac,8754.606,2026-09-06 14:32:29.782,1,18.0,False,,False,True
8930.771,PER,11,87.454,38.0,3.0,,,28.864,29.81,28.78,8872.26,8902.07,8930.85,285.0,306.0,314.0,275.0,False,MEDIUM,11.0,True,Cadillac,8843.317,2026-09-06 14:33:58.493,1,18.0,False,,False,True
9018.621,PER,11,87.85,39.0,3.0,,,28.725,30.094,29.031,8959.575,8989.669,9018.7,281.0,299.0,307.0,309.0,False,MEDIUM,12.0,True,Cadillac,8930.771,2026-09-06 14:35:25.947,1,18.0,False,,False,True
9106.655,PER,11,88.034,40.0,3.0,,,28.935,30.002,29.097,9047.635,9077.637,9106.734,278.0,297.0,309.0,304.0,False,MEDIUM,13.0,True,Cadillac,9018.621,2026-09-06 14:36:53.797,1,18.0,False,,False,True
9194.369,PER,11,87.714,41.0,3.0,,,28.845,29.844,29.025,9135.579,9165.423,9194.448,278.0,296.0,306.0,304.0,False,MEDIUM,14.0,True,Cadillac,9106.655,2026-09-06 14:38:21.831,1,18.0,False,,False,True
9284.399,PER,11,90.03,42.0,3.0,,,30.311,30.889,28.83,9224.759,9255.648,9284.478,259.0,311.0,311.0,251.0,False,MEDIUM,15.0,True,Cadillac,9194.369,2026-09-06 14:39:49.545,1,18.0,False,,False,True
9371.477,PER,11,87.078,43.0,3.0,,,28.717,29.697,28.664,9313.195,9342.892,9371.556,282.0,308.0,312.0,312.0,False,MEDIUM,16.0,True,Cadillac,9284.399,2026-09-06 14:41:19.575,1,18.0,False,,False,True
9458.766,PER,11,87.289,44.0,3.0,,,28.76,29.704,28.825,9400.316,9430.02,9458.845,282.0,304.0,308.0,310.0,False,MEDIUM,17.0,True,Cadillac,9371.477,2026-09-06 14:42:46.653,1,18.0,False,,False,True
9546.198,PER,11,87.432,45.0,3.0,,,28.922,29.877,28.633,9487.767,9517.644,9546.277,280.0,301.0,310.0,307.0,False,MEDIUM,18.0,True,Cadillac,9458.766,2026-09-06 14:44:13.942,1,18.0,False,,False,True
9633.771,PER,11,87.573,46.0,3.0,,,28.849,29.81,28.914,9575.126,9604.936,9633.85,280.0,299.0,306.0,306.0,False,MEDIUM,19.0,True,Cadillac,9546.198,2026-09-06 14:45:41.374,1,18.0,False,,False,True
9721.295,PER,11,87.524,47.0,3.0,,,29.016,29.666,28.842,9662.866,9692.532,9721.374,279.0,301.0,308.0,301.0,False,MEDIUM,20.0,True,Cadillac,9633.771,2026-09-06 14:47:08.947,1,18.0,False,,False,True
9810.011,PER,11,88.716,48.0,3.0,,,28.946,29.81,29.96,9750.32,9780.13,9810.09,280.0,299.0,322.0,301.0,False,MEDIUM,21.0,True,Cadillac,9721.295,2026-09-06 14:48:36.471,1,18.0,False,,False,True
9897.9,PER,11,87.889,49.0,3.0,,,29.186,30.004,28.699,9839.276,9869.28,9897.979,284.0,306.0,313.0,270.0,False,MEDIUM,22.0,True,Cadillac,9810.011,2026-09-06 14:50:05.187,1,18.0,False,,False,True
9985.396,PER,11,87.496,50.0,3.0,,,28.74,29.756,29.0,9926.719,9956.475,9985.475,282.0,304.0,306.0,308.0,False,MEDIUM,23.0,True,Cadillac,9897.9,2026-09-06 14:51:33.076,1,18.0,False,,False,True
10072.31,PER,11,86.914,51.0,3.0,,,28.809,29.66,28.445,10014.284,10043.944,10072.389,282.0,304.0,318.0,304.0,True,MEDIUM,24.0,True,Cadillac,9985.396,2026-09-06 14:53:00.572,1,18.0,False,,False,True
10159.637,PER,11,87.327,52.0,3.0,,,28.679,30.142,28.506,10101.068,10131.21,10159.716,280.0,307.0,312.0,310.0,False,MEDIUM,25.0,True,Cadillac,10072.31,2026-09-06 14:54:27.486,1,18.0,False,,False,True
3511.389,ANT,12,95.414,1.0,1.0,,,,32.161,29.863,,3481.655,3511.521,306.0,326.0,319.0,262.0,False,HARD,1.0,True,Mercedes,3415.761,2026-09-06 13:03:30.937,1,14.0,False,,False,False
3598.4,ANT,12,87.011,2.0,1.0,,,27.795,30.23,28.986,3539.278,3569.508,3598.494,301.0,321.0,299.0,311.0,True,HARD,2.0,True,Mercedes,3511.389,2026-09-06 13:05:06.565,12,12.0,False,,False,True
3744.443,ANT,12,146.043,3.0,1.0,,3738.543,40.193,45.609,60.241,3638.687,3684.296,3744.537,168.0,176.0,,313.0,False,HARD,3.0,True,Mercedes,3598.4,2026-09-06 13:06:33.576,245,12.0,False,,False,False
5700.141,ANT,12,,4.0,2.0,5581.202,,,33.473,49.13,,5651.183,5700.235,250.0,265.0,72.0,199.0,False,MEDIUM,1.0,True,Mercedes,5544.927,2026-09-06 13:39:00.103,1,12.0,False,,False,False
5899.141,ANT,12,,5.0,2.0,,,,34.249,46.618,,5852.709,5899.456,245.0,250.0,53.0,147.0,False,MEDIUM,2.0,True,Mercedes,5700.141,2026-09-06 13:41:35.317,1,12.0,False,,False,False
6039.893,ANT,12,140.752,6.0,2.0,,,79.936,31.418,29.398,5979.171,6010.589,6039.987,308.0,328.0,320.0,294.0,False,MEDIUM,3.0,True,Mercedes,5899.141,2026-09-06 13:44:54.317,12,8.0,False,,False,True
6126.396,ANT,12,86.503,7.0,2.0,,,27.793,29.647,29.063,6067.78,6097.427,6126.49,297.0,326.0,297.0,314.0,True,MEDIUM,4.0,True,Mercedes,6039.893,2026-09-06 13:47:15.069,1,6.0,False,,False,True
6212.696,ANT,12,86.3,8.0,2.0,,,28.408,29.281,28.611,6154.898,6184.179,6212.79,297.0,325.0,302.0,316.0,True,MEDIUM,5.0,True,Mercedes,6126.396,2026-09-06 13:48:41.572,1,6.0,False,,False,True
6298.445,ANT,12,85.749,9.0,2.0,,,28.092,29.315,28.342,6240.882,6270.197,6298.539,299.0,325.0,304.0,306.0,True,MEDIUM,6.0,True,Mercedes,6212.696,2026-09-06 13:50:07.872,1,6.0,False,,False,True
6384.797,ANT,12,86.352,10.0,2.0,,,27.993,29.512,28.847,6326.532,6356.044,6384.891,300.0,327.0,312.0,319.0,False,MEDIUM,7.0,True,Mercedes,6298.445,2026-09-06 13:51:33.621,1,5.0,False,,False,True
6470.898,ANT,12,86.101,11.0,2.0,,,27.706,29.802,28.593,6412.597,6442.399,6470.992,309.0,321.0,317.0,322.0,False,MEDIUM,8.0,True,Mercedes,6384.797,2026-09-06 13:52:59.973,1,5.0,False,,False,True
6556.619,ANT,12,85.721,12.0,2.0,,,27.663,29.479,28.579,6498.655,6528.134,6556.713,306.0,320.0,316.0,325.0,True,MEDIUM,9.0,True,Mercedes,6470.898,2026-09-06 13:54:26.074,1,4.0,False,,False,True
6642.088,ANT,12,85.469,13.0,2.0,,,27.581,29.444,28.444,6584.294,6613.738,6642.182,300.0,311.0,314.0,329.0,True,MEDIUM,10.0,True,Mercedes,6556.619,2026-09-06 13:55:51.795,1,3.0,False,,False,True
6727.916,ANT,12,85.828,14.0,2.0,,,27.714,29.6,28.514,6669.896,6699.496,6728.01,303.0,314.0,310.0,317.0,False,MEDIUM,11.0,True,Mercedes,6642.088,2026-09-06 13:57:17.264,1,3.0,False,,False,True
6814.034,ANT,12,86.118,15.0,2.0,,,27.815,29.799,28.504,6755.825,6785.624,6814.128,305.0,315.0,319.0,311.0,False,MEDIUM,12.0,True,Mercedes,6727.916,2026-09-06 13:58:43.092,1,3.0,False,,False,True
6899.649,ANT,12,85.615,16.0,2.0,,,27.813,29.44,28.362,6841.941,6871.381,6899.743,299.0,311.0,311.0,318.0,False,MEDIUM,13.0,True,Mercedes,6814.034,2026-09-06 14:00:09.210,1,2.0,False,,False,True
6984.852,ANT,12,85.203,17.0,2.0,,,27.617,29.352,28.234,6927.36,6956.712,6984.946,304.0,315.0,318.0,319.0,True,MEDIUM,14.0,True,Mercedes,6899.649,2026-09-06 14:01:34.825,1,2.0,False,,False,True
7070.076,ANT,12,85.224,18.0,2.0,,,27.598,29.148,28.478,7012.544,7041.692,7070.17,294.0,297.0,301.0,324.0,False,MEDIUM,15.0,True,Mercedes,6984.852,2026-09-06 14:03:00.028,1,1.0,False,,False,True
7155.805,ANT,12,85.729,19.0,2.0,,,28.045,29.296,28.388,7098.215,7127.511,7155.899,299.0,301.0,303.0,304.0,False,MEDIUM,16.0,True,Mercedes,7070.076,2026-09-06 14:04:25.252,1,1.0,False,,False,True
7241.394,ANT,12,85.589,20.0,2.0,,,28.144,29.14,28.305,7184.043,7213.183,7241.488,308.0,302.0,305.0,298.0,False,MEDIUM,17.0,True,Mercedes,7155.805,2026-09-06 14:05:50.981,1,1.0,False,,False,True
7327.227,ANT,12,85.833,21.0,2.0,,,28.29,29.291,28.252,7269.778,7299.069,7327.321,296.0,301.0,305.0,298.0,False,MEDIUM,18.0,True,Mercedes,7241.394,2026-09-06 14:07:16.570,1,1.0,False,,False,True
7413.763,ANT,12,86.536,22.0,2.0,,,28.47,29.685,28.381,7355.791,7385.476,7413.857,299.0,298.0,303.0,296.0,False,MEDIUM,19.0,True,Mercedes,7327.227,2026-09-06 14:08:42.403,1,1.0,False,,False,True
7500.448,ANT,12,86.685,23.0,2.0,,,28.515,29.861,28.309,7442.372,7472.233,7500.542,300.0,313.0,312.0,294.0,False,MEDIUM,20.0,True,Mercedes,7413.763,2026-09-06 14:10:08.939,1,2.0,False,,False,True
7586.442,ANT,12,85.994,24.0,2.0,,,28.186,29.529,28.279,7528.728,7558.257,7586.536,287.0,319.0,298.0,286.0,False,MEDIUM,21.0,True,Mercedes,7500.448,2026-09-06 14:11:35.624,1,2.0,False,,False,True
7671.729,ANT,12,85.287,25.0,2.0,,,27.949,29.163,28.175,7614.485,7643.648,7671.823,302.0,318.0,302.0,309.0,False,MEDIUM,22.0,True,Mercedes,7586.442,2026-09-06 14:13:01.618,1,2.0,False,,False,True
7757.131,ANT,12,85.402,26.0,2.0,,,28.239,29.07,28.093,7700.062,7729.132,7757.225,298.0,319.0,302.0,320.0,False,MEDIUM,23.0,True,Mercedes,7671.729,2026-09-06 14:14:26.905,1,2.0,True,TRACK LIMITS AT TURN 2 LAP 26 ,False,True
7842.675,ANT,12,85.544,27.0,2.0,,,28.064,29.327,28.153,7785.289,7814.616,7842.769,299.0,314.0,319.0,317.0,False,MEDIUM,24.0,True,Mercedes,7757.131,2026-09-06 14:15:52.307,1,2.0,False,,False,True
7951.336,ANT,12,108.661,28.0,2.0,,7947.726,28.376,39.487,40.798,7871.145,7910.632,7951.43,282.0,257.0,,302.0,False,MEDIUM,25.0,True,Mercedes,7842.675,2026-09-06 14:17:17.851,126,2.0,False,,False,False
8060.472,ANT,12,109.136,29.0,3.0,7972.481,,51.502,29.748,27.886,8002.932,8032.68,8060.566,302.0,316.0,321.0,167.0,False,MEDIUM,1.0,True,Mercedes,7951.336,2026-09-06 14:19:06.512,671,6.0,False,,False,False
8145.067,ANT,12,84.595,30.0,3.0,,,27.647,29.094,27.854,8088.213,8117.307,8145.161,306.0,317.0,325.0,321.0,True,MEDIUM,2.0,True,Mercedes,8060.472,2026-09-06 14:20:55.648,1,5.0,False,,False,True
8229.883,ANT,12,84.816,31.0,3.0,,,27.596,29.21,28.01,8172.757,8201.967,8229.977,304.0,310.0,318.0,321.0,False,MEDIUM,3.0,True,Mercedes,8145.067,2026-09-06 14:22:20.243,1,4.0,False,,False,True
8314.555,ANT,12,84.672,32.0,3.0,,,27.748,29.028,27.896,8257.725,8286.753,8314.649,292.0,311.0,317.0,310.0,False,MEDIUM,4.0,True,Mercedes,8229.883,2026-09-06 14:23:45.059,1,4.0,False,,False,True
8399.531,ANT,12,84.976,33.0,3.0,,,27.809,29.247,27.92,8342.458,8371.705,8399.625,295.0,311.0,318.0,317.0,False,MEDIUM,5.0,True,Mercedes,8314.555,2026-09-06 14:25:09.731,1,4.0,False,,False,True
8484.2,ANT,12,84.669,34.0,3.0,,,27.777,29.096,27.796,8427.402,8456.498,8484.294,294.0,314.0,318.0,312.0,False,MEDIUM,6.0,True,Mercedes,8399.531,2026-09-06 14:26:34.707,1,4.0,False,,False,True
8568.621,ANT,12,84.421,35.0,3.0,,,27.744,28.967,27.71,8512.038,8541.005,8568.715,294.0,313.0,318.0,317.0,True,MEDIUM,7.0,True,Mercedes,8484.2,2026-09-06 14:27:59.376,1,3.0,False,,False,True
8653.305,ANT,12,84.684,36.0,3.0,,,27.734,29.063,27.887,8596.449,8625.512,8653.399,297.0,318.0,324.0,316.0,False,MEDIUM,8.0,True,Mercedes,8568.621,2026-09-06 14:29:23.797,1,3.0,False,,False,True
8737.768,ANT,12,84.463,37.0,3.0,,,27.724,28.769,27.97,8681.123,8709.892,8737.862,292.0,308.0,311.0,310.0,False,MEDIUM,9.0,True,Mercedes,8653.305,2026-09-06 14:30:48.481,1,2.0,False,,False,True
8822.628,ANT,12,84.86,38.0,3.0,,,28.087,28.903,27.87,8765.949,8794.852,8822.722,291.0,307.0,305.0,306.0,False,MEDIUM,10.0,True,Mercedes,8737.768,2026-09-06 14:32:12.944,1,2.0,False,,False,True
8907.353,ANT,12,84.725,39.0,3.0,,,28.013,28.909,27.803,8850.735,8879.644,8907.447,292.0,308.0,315.0,306.0,False,MEDIUM,11.0,True,Mercedes,8822.628,2026-09-06 14:33:37.804,1,2.0,False,,False,True
8991.966,ANT,12,84.613,40.0,3.0,,,27.936,28.931,27.746,8935.383,8964.314,8992.06,291.0,308.0,314.0,305.0,False,MEDIUM,12.0,True,Mercedes,8907.353,2026-09-06 14:35:02.529,1,2.0,False,,False,True
9076.543,ANT,12,84.577,41.0,3.0,,,27.983,28.807,27.787,9020.043,9048.85,9076.637,292.0,309.0,315.0,303.0,False,MEDIUM,13.0,True,Mercedes,8991.966,2026-09-06 14:36:27.142,1,2.0,False,,False,True
9160.89,ANT,12,84.347,42.0,3.0,,,27.822,28.752,27.773,9104.459,9133.211,9160.984,291.0,308.0,316.0,306.0,True,MEDIUM,14.0,True,Mercedes,9076.543,2026-09-06 14:37:51.719,1,2.0,False,,False,True
9245.368,ANT,12,84.478,43.0,3.0,,,27.866,28.93,27.682,9188.85,9217.78,9245.462,292.0,308.0,316.0,307.0,False,MEDIUM,15.0,True,Mercedes,9160.89,2026-09-06 14:39:16.066,1,2.0,False,,False,True
9329.712,ANT,12,84.344,44.0,3.0,,,27.83,28.843,27.671,9273.292,9302.135,9329.806,291.0,309.0,317.0,305.0,True,MEDIUM,16.0,True,Mercedes,9245.368,2026-09-06 14:40:40.544,1,2.0,False,,False,True
9413.749,ANT,12,84.037,45.0,3.0,,,27.789,28.705,27.543,9357.595,9386.3,9413.843,293.0,309.0,318.0,306.0,True,MEDIUM,17.0,True,Mercedes,9329.712,2026-09-06 14:42:04.888,1,2.0,False,,False,True
9497.61,ANT,12,83.861,46.0,3.0,,,27.601,28.742,27.518,9441.444,9470.186,9497.704,294.0,313.0,318.0,309.0,True,MEDIUM,18.0,True,Mercedes,9413.749,2026-09-06 14:43:28.925,1,2.0,False,,False,True
9581.738,ANT,12,84.128,47.0,3.0,,,27.801,28.749,27.578,9525.505,9554.254,9581.832,295.0,315.0,320.0,310.0,False,MEDIUM,19.0,True,Mercedes,9497.61,2026-09-06 14:44:52.786,1,2.0,False,,False,True
9666.31,ANT,12,84.572,48.0,3.0,,,27.662,28.78,28.13,9609.494,9638.274,9666.404,298.0,324.0,325.0,314.0,False,MEDIUM,20.0,True,Mercedes,9581.738,2026-09-06 14:46:16.914,1,2.0,False,,False,True
9754.892,ANT,12,88.582,49.0,3.0,,,32.03,28.8,27.752,9698.434,9727.234,9754.986,296.0,316.0,310.0,330.0,False,MEDIUM,21.0,True,Mercedes,9666.31,2026-09-06 14:47:41.486,1,2.0,True,TRACK LIMITS AT TURN 1 LAP 49 ,False,True
9839.016,ANT,12,84.124,50.0,3.0,,,27.683,28.957,27.484,9782.669,9811.626,9839.11,298.0,319.0,318.0,314.0,False,MEDIUM,22.0,True,Mercedes,9754.892,2026-09-06 14:49:10.068,1,1.0,False,,False,True
9923.414,ANT,12,84.398,51.0,3.0,,,27.811,28.818,27.769,9866.921,9895.739,9923.508,292.0,314.0,320.0,309.0,False,MEDIUM,23.0,True,Mercedes,9839.016,2026-09-06 14:50:34.192,1,1.0,False,,False,True
10007.719,ANT,12,84.305,52.0,3.0,,,27.663,28.778,27.864,9951.171,9979.949,10007.813,290.0,306.0,313.0,309.0,False,MEDIUM,24.0,True,Mercedes,9923.414,2026-09-06 14:51:58.590,1,1.0,False,,False,True
10091.223,ANT,12,83.504,53.0,3.0,,,27.225,28.686,27.593,10035.038,10063.724,10091.317,299.0,306.0,311.0,314.0,True,MEDIUM,25.0,True,Mercedes,10007.719,2026-09-06 14:53:22.895,1,1.0,False,,False,True
3514.342,ALO,14,98.367,1.0,1.0,3424.995,,,30.955,29.821,,3484.702,3514.6,287.0,295.0,299.0,263.0,False,HARD,1.0,True,Aston Martin,3415.761,2026-09-06 13:03:30.937,1,22.0,False,,False,False
3605.492,ALO,14,91.15,2.0,1.0,,,29.344,31.888,29.918,3543.837,3575.725,3605.643,290.0,313.0,291.0,299.0,True,HARD,2.0,True,Aston Martin,3514.342,2026-09-06 13:05:09.518,12,19.0,False,,False,True
3775.412,ALO,14,,3.0,1.0,,3765.756,47.321,51.157,71.475,3652.931,3704.103,3775.94,115.0,144.0,,296.0,False,HARD,3.0,True,Aston Martin,3605.492,2026-09-06 13:06:40.668,2451,21.0,False,,False,False
5724.132,ALO,14,,4.0,2.0,5604.866,,,32.911,49.693,,5674.641,5724.283,253.0,268.0,67.0,134.0,False,SOFT,1.0,True,Aston Martin,5544.927,2026-09-06 13:39:00.103,1,21.0,False,,False,False
5919.943,ALO,14,,5.0,2.0,,,,35.442,49.612,,5870.572,5920.227,251.0,255.0,82.0,135.0,False,SOFT,2.0,True,Aston Martin,5724.132,2026-09-06 13:41:59.308,1,21.0,False,,False,False
6045.425,ALO,14,125.482,6.0,2.0,,,62.225,33.421,29.836,5982.319,6015.74,6045.576,298.0,311.0,313.0,252.0,False,SOFT,3.0,True,Aston Martin,5919.943,2026-09-06 13:45:15.119,12,20.0,False,,False,True
6135.002,ALO,14,89.577,7.0,2.0,,,29.195,31.191,29.191,6074.771,6105.962,6135.153,281.0,302.0,305.0,303.0,True,SOFT,4.0,True,Aston Martin,6045.425,2026-09-06 13:47:20.601,1,19.0,False,,False,True
6222.963,ALO,14,87.961,8.0,2.0,,,28.748,30.36,28.853,6163.901,6194.261,6223.114,283.0,303.0,309.0,307.0,True,SOFT,5.0,True,Aston Martin,6135.002,2026-09-06 13:48:50.178,1,19.0,False,,False,True
6311.056,ALO,14,88.093,9.0,2.0,,,28.707,30.81,28.576,6251.821,6282.631,6311.207,285.0,300.0,303.0,314.0,False,SOFT,6.0,True,Aston Martin,6222.963,2026-09-06 13:50:18.139,1,19.0,False,,False,True
6399.317,ALO,14,88.261,10.0,2.0,,,28.791,30.649,28.821,6339.998,6370.647,6399.468,285.0,297.0,303.0,304.0,False,SOFT,7.0,True,Aston Martin,6311.056,2026-09-06 13:51:46.232,1,19.0,False,,False,True
6487.865,ALO,14,88.548,11.0,2.0,,,29.085,30.639,28.824,6428.553,6459.192,6488.016,285.0,296.0,299.0,302.0,False,SOFT,8.0,True,Aston Martin,6399.317,2026-09-06 13:53:14.493,1,19.0,False,,False,True
6576.188,ALO,14,88.323,12.0,2.0,,,29.159,30.424,28.74,6517.175,6547.599,6576.339,282.0,295.0,300.0,303.0,False,SOFT,9.0,True,Aston Martin,6487.865,2026-09-06 13:54:43.041,1,19.0,False,,False,True
6664.401,ALO,14,88.213,13.0,2.0,,,28.989,30.255,28.969,6605.328,6635.583,6664.552,280.0,293.0,299.0,293.0,False,SOFT,10.0,True,Aston Martin,6576.188,2026-09-06 13:56:11.364,1,18.0,False,,False,True
6753.29,ALO,14,88.889,14.0,2.0,,,29.004,30.781,29.104,6693.556,6724.337,6753.441,285.0,290.0,301.0,300.0,False,SOFT,11.0,True,Aston Martin,6664.401,2026-09-06 13:57:39.577,1,18.0,False,,False,True
6842.241,ALO,14,88.951,15.0,2.0,,,28.846,30.931,29.174,6782.287,6813.218,6842.392,288.0,292.0,304.0,296.0,False,SOFT,12.0,True,Aston Martin,6753.29,2026-09-06 13:59:08.466,1,18.0,False,,False,True
6930.299,ALO,14,88.058,16.0,2.0,,,28.67,30.114,29.274,6871.062,6901.176,6930.45,297.0,285.0,290.0,301.0,False,SOFT,13.0,True,Aston Martin,6842.241,2026-09-06 14:00:37.417,1,17.0,False,,False,True
7019.689,ALO,14,89.39,17.0,2.0,,,29.556,30.734,29.1,6960.006,6990.74,7019.84,281.0,291.0,302.0,290.0,False,SOFT,14.0,True,Aston Martin,6930.299,2026-09-06 14:02:05.475,1,18.0,False,,False,True
7108.177,ALO,14,88.488,18.0,2.0,,,28.847,30.63,29.011,7048.687,7079.317,7108.328,283.0,291.0,287.0,297.0,False,SOFT,15.0,True,Aston Martin,7019.689,2026-09-06 14:03:34.865,1,17.0,False,,False,True
7197.244,ALO,14,89.067,19.0,2.0,,,29.253,30.674,29.14,7137.581,7168.255,7197.395,278.0,290.0,295.0,299.0,False,SOFT,16.0,True,Aston Martin,7108.177,2026-09-06 14:05:03.353,1,18.0,False,,False,True
7285.946,ALO,14,88.702,20.0,2.0,,,29.154,30.314,29.234,7226.549,7256.863,7286.097,277.0,286.0,302.0,286.0,False,SOFT,17.0,True,Aston Martin,7197.244,2026-09-06 14:06:32.420,1,18.0,False,,False,True
7374.396,ALO,14,88.45,21.0,2.0,,,29.028,30.403,29.019,7315.125,7345.528,7374.547,279.0,292.0,313.0,301.0,False,SOFT,18.0,True,Aston Martin,7285.946,2026-09-06 14:08:01.122,1,18.0,False,,False,True
7463.115,ALO,14,88.719,22.0,2.0,,,29.129,30.327,29.263,7403.676,7434.003,7463.266,271.0,280.0,288.0,290.0,False,SOFT,19.0,True,Aston Martin,7374.396,2026-09-06 14:09:29.572,1,17.0,False,,False,True
7558.035,ALO,14,94.92,23.0,2.0,,7554.421,29.57,30.195,35.155,7492.836,7523.031,7558.186,273.0,283.0,,281.0,False,SOFT,20.0,True,Aston Martin,7463.115,2026-09-06 14:10:58.291,1,20.0,False,,False,False
3505.456,LEC,16,89.371,1.0,1.0,,,,30.166,28.675,,3476.827,3505.456,295.0,309.0,321.0,295.0,False,SOFT,1.0,True,Ferrari,3415.761,2026-09-06 13:03:30.937,1,3.0,False,,False,False
4358.338,LEC,16,,2.0,1.0,,4358.338,28.46,30.488,,3533.922,3564.382,,297.0,306.0,,321.0,False,SOFT,2.0,True,Ferrari,3505.456,2026-09-06 13:05:00.632,1245,22.0,False,,False,False
3513.692,STR,18,97.717,1.0,1.0,,,,32.047,30.527,,3483.437,3513.787,282.0,301.0,310.0,251.0,False,SOFT,1.0,True,Aston Martin,3415.761,2026-09-06 13:03:30.937,1,20.0,False,,False,False
3606.007,STR,18,92.315,2.0,1.0,,,29.796,32.127,30.392,3543.583,3575.71,3606.102,282.0,298.0,308.0,290.0,True,SOFT,2.0,True,Aston Martin,3513.692,2026-09-06 13:05:08.868,12,21.0,False,,False,True
3768.988,STR,18,,3.0,1.0,,3760.598,45.547,50.158,67.275,3651.65,3701.838,3769.347,130.0,163.0,,306.0,False,SOFT,3.0,True,Aston Martin,3606.007,2026-09-06 13:06:41.183,245,20.0,False,,False,False
5721.376,STR,18,,4.0,2.0,5602.335,,,33.309,49.163,,5672.329,5721.471,264.0,258.0,65.0,165.0,False,HARD,1.0,True,Aston Martin,5544.927,2026-09-06 13:39:00.103,1,20.0,False,,False,False
5917.769,STR,18,,5.0,2.0,,,,33.478,51.215,,5866.749,5917.928,254.0,258.0,49.0,188.0,False,HARD,2.0,True,Aston Martin,5721.376,2026-09-06 13:41:56.552,1,20.0,False,,False,False
6045.409,STR,18,127.64,6.0,2.0,,,64.102,32.955,30.583,5981.966,6014.921,6045.504,285.0,303.0,294.0,261.0,False,HARD,3.0,True,Aston Martin,5917.769,2026-09-06 13:45:12.945,12,19.0,False,,False,True
6136.241,STR,18,90.832,7.0,2.0,,,30.133,31.003,29.696,6075.637,6106.64,6136.336,282.0,299.0,296.0,279.0,True,HARD,4.0,True,Aston Martin,6045.409,2026-09-06 13:47:20.585,1,20.0,False,,False,True
6225.959,STR,18,89.718,8.0,2.0,,,29.463,30.668,29.587,6165.799,6196.467,6226.054,280.0,297.0,291.0,301.0,True,HARD,5.0,True,Aston Martin,6136.241,2026-09-06 13:48:51.417,1,21.0,False,,False,True
6315.365,STR,18,89.406,9.0,2.0,,,29.603,30.406,29.397,6255.657,6286.063,6315.46,276.0,294.0,293.0,301.0,True,HARD,6.0,True,Aston Martin,6225.959,2026-09-06 13:50:21.135,1,21.0,False,,False,True
6404.425,STR,18,89.06,10.0,2.0,,,29.279,30.43,29.351,6344.739,6375.169,6404.52,279.0,292.0,295.0,297.0,True,HARD,7.0,True,Aston Martin,6315.365,2026-09-06 13:51:50.541,1,21.0,False,,False,True
6492.84,STR,18,88.415,11.0,2.0,,,29.024,30.413,28.978,6433.544,6463.957,6492.935,281.0,294.0,303.0,295.0,True,HARD,8.0,True,Aston Martin,6404.425,2026-09-06 13:53:19.601,1,21.0,False,,False,True
6581.727,STR,18,88.887,12.0,2.0,,,28.911,30.643,29.333,6521.846,6552.489,6581.822,281.0,290.0,294.0,294.0,False,HARD,9.0,True,Aston Martin,6492.84,2026-09-06 13:54:48.016,1,21.0,False,,False,True
6670.673,STR,18,88.946,13.0,2.0,,,29.24,30.421,29.285,6611.062,6641.483,6670.768,276.0,292.0,296.0,295.0,False,HARD,10.0,True,Aston Martin,6581.727,2026-09-06 13:56:16.903,1,20.0,False,,False,True
6759.749,STR,18,89.076,14.0,2.0,,,29.302,30.418,29.356,6700.07,6730.488,6759.844,277.0,290.0,291.0,293.0,False,HARD,11.0,True,Aston Martin,6670.673,2026-09-06 13:57:45.849,1,20.0,False,,False,True
6849.187,STR,18,89.438,15.0,2.0,,,29.387,30.551,29.5,6789.231,6819.782,6849.282,274.0,289.0,290.0,291.0,False,HARD,12.0,True,Aston Martin,6759.749,2026-09-06 13:59:14.925,1,20.0,False,,False,True
6938.534,STR,18,89.347,16.0,2.0,,,29.432,30.388,29.527,6878.714,6909.102,6938.629,275.0,289.0,292.0,288.0,False,HARD,13.0,True,Aston Martin,6849.187,2026-09-06 14:00:44.363,1,20.0,False,,False,True
7027.619,STR,18,89.085,17.0,2.0,,,29.389,30.232,29.464,6968.018,6998.25,7027.714,275.0,291.0,291.0,292.0,False,HARD,14.0,True,Aston Martin,6938.534,2026-09-06 14:02:13.710,1,20.0,False,,False,True
7116.904,STR,18,89.285,18.0,2.0,,,29.453,30.264,29.568,7057.167,7087.431,7116.999,276.0,288.0,293.0,289.0,False,HARD,15.0,True,Aston Martin,7027.619,2026-09-06 14:03:42.795,1,20.0,False,,False,True
7206.014,STR,18,89.11,19.0,2.0,,,29.324,30.274,29.512,7146.323,7176.597,7206.109,273.0,290.0,287.0,292.0,False,HARD,16.0,True,Aston Martin,7116.904,2026-09-06 14:05:12.080,1,20.0,False,,False,True
7295.21,STR,18,89.196,20.0,2.0,,,29.54,30.175,29.481,7235.649,7265.824,7295.305,273.0,287.0,288.0,287.0,False,HARD,17.0,True,Aston Martin,7206.014,2026-09-06 14:06:41.190,1,20.0,False,,False,True
7384.865,STR,18,89.655,21.0,2.0,,,29.782,30.469,29.404,7325.087,7355.556,7384.96,278.0,292.0,291.0,297.0,False,HARD,18.0,True,Aston Martin,7295.21,2026-09-06 14:08:10.386,1,21.0,False,,False,True
7474.071,STR,18,89.206,22.0,2.0,,,29.571,30.23,29.405,7414.531,7444.761,7474.166,275.0,289.0,288.0,290.0,False,HARD,19.0,True,Aston Martin,7384.865,2026-09-06 14:09:40.041,1,21.0,False,,False,True
7563.499,STR,18,89.428,23.0,2.0,,,28.686,31.23,29.512,7502.852,7534.082,7563.594,276.0,288.0,288.0,286.0,False,HARD,20.0,True,Aston Martin,7474.071,2026-09-06 14:11:09.247,1,21.0,True,TRACK LIMITS AT TURN 1 LAP 23 ,False,True
7653.477,STR,18,89.978,24.0,2.0,,,29.841,30.589,29.548,7593.435,7624.024,7653.572,274.0,285.0,291.0,290.0,False,HARD,21.0,True,Aston Martin,7563.499,2026-09-06 14:12:38.675,1,20.0,False,,False,True
7745.082,STR,18,91.605,25.0,2.0,,,29.602,31.588,30.415,7683.174,7714.762,7745.177,273.0,266.0,289.0,289.0,False,HARD,22.0,True,Aston Martin,7653.477,2026-09-06 14:14:08.653,1,20.0,True,TRACK LIMITS AT TURN 7 LAP 25 ,False,True
7834.527,STR,18,89.445,26.0,2.0,,,29.642,30.345,29.458,7774.819,7805.164,7834.622,272.0,287.0,288.0,290.0,False,HARD,23.0,True,Aston Martin,7745.082,2026-09-06 14:15:40.258,1,20.0,False,,False,True
7984.527,STR,18,,27.0,2.0,,,,,,,,,,,,,,HARD,24.0,True,Aston Martin,7834.527,2026-09-06 14:17:09.703,1267,,False,,True,False
3512.149,TSU,22,96.174,1.0,1.0,,,,32.709,30.835,,3481.624,3512.241,293.0,323.0,289.0,249.0,False,HARD,1.0,True,Racing Bulls,3415.761,2026-09-06 13:03:30.937,1,15.0,False,,False,False
3600.963,TSU,22,88.814,2.0,1.0,,,29.356,30.534,28.924,3541.597,3572.131,3601.055,284.0,310.0,284.0,309.0,True,HARD,2.0,True,Racing Bulls,3512.149,2026-09-06 13:05:07.325,12,14.0,False,,False,True
3752.333,TSU,22,,3.0,1.0,,3746.298,43.17,48.64,59.5,3644.285,3692.978,3752.532,132.0,165.0,,310.0,False,HARD,3.0,True,Racing Bulls,3600.963,2026-09-06 13:06:36.139,245,14.0,False,,False,False
5706.921,TSU,22,,4.0,2.0,5586.297,,,34.534,50.912,,5656.101,5707.079,250.0,258.0,35.0,212.0,False,MEDIUM,1.0,True,Racing Bulls,5544.927,2026-09-06 13:39:00.103,1,14.0,False,,False,False
5905.064,TSU,22,,5.0,2.0,,,,35.643,47.651,,5857.575,5905.423,218.0,261.0,63.0,180.0,False,MEDIUM,2.0,True,Racing Bulls,5706.921,2026-09-06 13:41:42.097,1,14.0,False,,False,False
6041.129,TSU,22,136.065,6.0,2.0,,,75.132,31.725,29.208,5980.288,6012.013,6041.221,291.0,321.0,312.0,298.0,False,MEDIUM,3.0,True,Racing Bulls,5905.064,2026-09-06 13:45:00.240,12,10.0,False,,False,True
6129.219,TSU,22,88.09,7.0,2.0,,,28.565,30.497,29.028,6069.786,6100.283,6129.311,295.0,322.0,326.0,315.0,True,MEDIUM,4.0,True,Racing Bulls,6041.129,2026-09-06 13:47:16.305,1,10.0,False,,False,True
6216.588,TSU,22,87.369,8.0,2.0,,,28.263,30.355,28.751,6157.574,6187.929,6216.68,287.0,321.0,323.0,331.0,True,MEDIUM,5.0,True,Racing Bulls,6129.219,2026-09-06 13:48:44.395,1,10.0,False,,False,True
6303.219,TSU,22,86.631,9.0,2.0,,,28.187,29.95,28.494,6244.867,6274.817,6303.311,289.0,308.0,308.0,305.0,True,MEDIUM,6.0,True,Racing Bulls,6216.588,2026-09-06 13:50:11.764,1,9.0,False,,False,True
6390.213,TSU,22,86.994,10.0,2.0,,,28.532,29.887,28.575,6331.843,6361.73,6390.305,289.0,306.0,307.0,314.0,False,MEDIUM,7.0,True,Racing Bulls,6303.219,2026-09-06 13:51:38.395,1,9.0,False,,False,True
6477.072,TSU,22,86.859,11.0,2.0,,,28.521,29.824,28.514,6418.826,6448.65,6477.164,290.0,307.0,309.0,313.0,False,MEDIUM,8.0,True,Racing Bulls,6390.213,2026-09-06 13:53:05.389,1,9.0,False,,False,True
6563.805,TSU,22,86.733,12.0,2.0,,,28.441,29.691,28.601,6505.605,6535.296,6563.897,289.0,306.0,311.0,313.0,False,MEDIUM,9.0,True,Racing Bulls,6477.072,2026-09-06 13:54:32.248,1,9.0,False,,False,True
6650.286,TSU,22,86.481,13.0,2.0,,,28.355,29.663,28.463,6592.252,6621.915,6650.378,290.0,307.0,313.0,312.0,True,MEDIUM,10.0,True,Racing Bulls,6563.805,2026-09-06 13:55:58.981,1,9.0,False,,False,True
6737.162,TSU,22,86.876,14.0,2.0,,,28.476,29.891,28.509,6678.854,6708.745,6737.254,289.0,306.0,307.0,312.0,False,MEDIUM,11.0,True,Racing Bulls,6650.286,2026-09-06 13:57:25.462,1,9.0,False,,False,True
6823.692,TSU,22,86.53,15.0,2.0,,,28.469,29.659,28.402,6765.723,6795.382,6823.784,290.0,307.0,314.0,311.0,False,MEDIUM,12.0,True,Racing Bulls,6737.162,2026-09-06 13:58:52.338,1,9.0,False,,False,True
6910.384,TSU,22,86.692,16.0,2.0,,,28.336,29.83,28.526,6852.12,6881.95,6910.476,289.0,307.0,314.0,314.0,False,MEDIUM,13.0,True,Racing Bulls,6823.692,2026-09-06 14:00:18.868,1,9.0,False,,False,True
6996.969,TSU,22,86.585,17.0,2.0,,,28.272,29.825,28.488,6938.748,6968.573,6997.061,290.0,307.0,315.0,316.0,False,MEDIUM,14.0,True,Racing Bulls,6910.384,2026-09-06 14:01:45.560,1,9.0,False,,False,True
7083.655,TSU,22,86.686,18.0,2.0,,,28.297,29.792,28.597,7025.358,7055.15,7083.747,291.0,308.0,314.0,317.0,False,MEDIUM,15.0,True,Racing Bulls,6996.969,2026-09-06 14:03:12.145,1,9.0,False,,False,True
7170.631,TSU,22,86.976,19.0,2.0,,,28.483,29.925,28.568,7112.23,7142.155,7170.723,291.0,307.0,313.0,318.0,False,MEDIUM,16.0,True,Racing Bulls,7083.655,2026-09-06 14:04:38.831,1,9.0,False,,False,True
7257.582,TSU,22,86.951,20.0,2.0,,,28.318,29.872,28.761,7199.041,7228.913,7257.674,291.0,309.0,312.0,316.0,False,MEDIUM,17.0,True,Racing Bulls,7170.631,2026-09-06 14:06:05.807,1,9.0,False,,False,True
7344.481,TSU,22,86.899,21.0,2.0,,,28.466,29.871,28.562,7286.14,7316.011,7344.573,291.0,309.0,313.0,315.0,False,MEDIUM,18.0,True,Racing Bulls,7257.582,2026-09-06 14:07:32.758,1,9.0,False,,False,True
7431.347,TSU,22,86.866,22.0,2.0,,,28.406,29.939,28.521,7372.979,7402.918,7431.439,290.0,308.0,313.0,317.0,False,MEDIUM,19.0,True,Racing Bulls,7344.481,2026-09-06 14:08:59.657,1,9.0,False,,False,True
7518.165,TSU,22,86.818,23.0,2.0,,,28.392,29.821,28.605,7459.831,7489.652,7518.257,291.0,311.0,311.0,316.0,False,MEDIUM,20.0,True,Racing Bulls,7431.347,2026-09-06 14:10:26.523,1,9.0,False,,False,True
7605.162,TSU,22,86.997,24.0,2.0,,,28.472,29.808,28.717,7546.729,7576.537,7605.254,290.0,309.0,313.0,314.0,False,MEDIUM,21.0,True,Racing Bulls,7518.165,2026-09-06 14:11:53.341,1,9.0,False,,False,True
7692.214,TSU,22,87.052,25.0,2.0,,,28.445,29.97,28.637,7633.699,7663.669,7692.306,291.0,308.0,313.0,316.0,False,MEDIUM,22.0,True,Racing Bulls,7605.162,2026-09-06 14:13:20.338,1,9.0,False,,False,True
7779.349,TSU,22,87.135,26.0,2.0,,,28.44,30.038,28.657,7720.746,7750.784,7779.441,289.0,307.0,313.0,315.0,False,MEDIUM,23.0,True,Racing Bulls,7692.214,2026-09-06 14:14:47.390,1,9.0,False,,False,True
7866.284,TSU,22,86.935,27.0,2.0,,,28.443,29.957,28.535,7807.884,7837.841,7866.376,288.0,308.0,312.0,314.0,False,MEDIUM,24.0,True,Racing Bulls,7779.349,2026-09-06 14:16:14.525,12,9.0,False,,False,True
7979.905,TSU,22,113.621,28.0,2.0,,,40.05,35.806,37.765,7906.426,7942.232,7979.997,265.0,241.0,246.0,119.0,False,MEDIUM,25.0,True,Racing Bulls,7866.284,2026-09-06 14:17:41.460,267,9.0,False,,False,False
8069.559,TSU,22,89.654,29.0,2.0,,,30.99,30.134,28.53,8010.987,8041.121,8069.651,286.0,307.0,316.0,289.0,False,MEDIUM,26.0,True,Racing Bulls,7979.905,2026-09-06 14:19:35.081,71,9.0,False,,False,False
8156.419,TSU,22,86.86,30.0,2.0,,,28.364,30.004,28.492,8098.015,8128.019,8156.511,289.0,306.0,313.0,313.0,False,MEDIUM,27.0,True,Racing Bulls,8069.559,2026-09-06 14:21:04.735,1,9.0,False,,False,True
8243.279,TSU,22,86.86,31.0,2.0,,,28.48,29.889,28.491,8184.991,8214.88,8243.371,289.0,306.0,311.0,311.0,False,MEDIUM,28.0,True,Racing Bulls,8156.419,2026-09-06 14:22:31.595,1,9.0,False,,False,True
8329.904,TSU,22,86.625,32.0,2.0,,,28.343,29.724,28.558,8271.714,8301.438,8329.996,288.0,308.0,312.0,311.0,False,MEDIUM,29.0,True,Racing Bulls,8243.279,2026-09-06 14:23:58.455,1,9.0,False,,False,True
8416.655,TSU,22,86.751,33.0,2.0,,,28.464,29.802,28.485,8358.46,8388.262,8416.747,288.0,306.0,315.0,311.0,False,MEDIUM,30.0,True,Racing Bulls,8329.904,2026-09-06 14:25:25.080,1,9.0,False,,False,True
8503.289,TSU,22,86.634,34.0,2.0,,,28.389,29.716,28.529,8445.136,8474.852,8503.381,289.0,307.0,314.0,312.0,False,MEDIUM,31.0,True,Racing Bulls,8416.655,2026-09-06 14:26:51.831,1,9.0,False,,False,True
8589.985,TSU,22,86.696,35.0,2.0,,,28.445,29.79,28.461,8531.826,8561.616,8590.077,290.0,308.0,315.0,312.0,False,MEDIUM,32.0,True,Racing Bulls,8503.289,2026-09-06 14:28:18.465,1,9.0,False,,False,True
8676.393,TSU,22,86.408,36.0,2.0,,,28.279,29.646,28.483,8618.356,8648.002,8676.485,290.0,310.0,315.0,313.0,True,MEDIUM,33.0,True,Racing Bulls,8589.985,2026-09-06 14:29:45.161,1,9.0,False,,False,True
8762.776,TSU,22,86.383,37.0,2.0,,,28.209,29.747,28.427,8704.694,8734.441,8762.868,292.0,306.0,313.0,317.0,True,MEDIUM,34.0,True,Racing Bulls,8676.393,2026-09-06 14:31:11.569,1,9.0,False,,False,True
8849.388,TSU,22,86.612,38.0,2.0,,,28.334,29.747,28.531,8791.202,8820.949,8849.48,288.0,305.0,312.0,312.0,False,MEDIUM,35.0,True,Racing Bulls,8762.776,2026-09-06 14:32:37.952,1,9.0,False,,False,True
8935.995,TSU,22,86.607,39.0,2.0,,,28.403,29.701,28.503,8877.883,8907.584,8936.087,289.0,306.0,311.0,311.0,False,MEDIUM,36.0,True,Racing Bulls,8849.388,2026-09-06 14:34:04.564,1,9.0,False,,False,True
9022.887,TSU,22,86.892,40.0,2.0,,,28.543,29.873,28.476,8964.63,8994.503,9022.979,287.0,306.0,316.0,311.0,False,MEDIUM,37.0,True,Racing Bulls,8935.995,2026-09-06 14:35:31.171,1,9.0,False,,False,True
9110.137,TSU,22,87.25,41.0,2.0,,,28.262,30.226,28.762,9051.241,9081.467,9110.229,292.0,317.0,324.0,310.0,False,MEDIUM,38.0,True,Racing Bulls,9022.887,2026-09-06 14:36:58.063,1,10.0,False,,False,True
9196.457,TSU,22,86.32,42.0,2.0,,,28.255,29.671,28.394,9138.484,9168.155,9196.549,295.0,315.0,318.0,325.0,True,MEDIUM,39.0,True,Racing Bulls,9110.137,2026-09-06 14:38:25.313,1,10.0,False,,False,True
9283.246,TSU,22,86.789,43.0,2.0,,,28.366,29.966,28.457,9224.915,9254.881,9283.338,294.0,312.0,314.0,316.0,False,MEDIUM,40.0,True,Racing Bulls,9196.457,2026-09-06 14:39:51.633,1,10.0,False,,False,True
9369.74,TSU,22,86.494,44.0,2.0,,,28.449,29.747,28.298,9311.787,9341.534,9369.832,290.0,309.0,315.0,313.0,False,MEDIUM,41.0,True,Racing Bulls,9283.246,2026-09-06 14:41:18.422,1,10.0,False,,False,True
9456.273,TSU,22,86.533,45.0,2.0,,,28.446,29.721,28.366,9398.278,9427.999,9456.365,290.0,308.0,314.0,315.0,False,MEDIUM,42.0,True,Racing Bulls,9369.74,2026-09-06 14:42:44.916,1,10.0,False,,False,True
9542.768,TSU,22,86.495,46.0,2.0,,,28.492,29.608,28.395,9484.857,9514.465,9542.86,290.0,308.0,313.0,314.0,False,MEDIUM,43.0,True,Racing Bulls,9456.273,2026-09-06 14:44:11.449,1,10.0,False,,False,True
9629.357,TSU,22,86.589,47.0,2.0,,,28.599,29.678,28.312,9571.459,9601.137,9629.449,289.0,306.0,316.0,312.0,False,MEDIUM,44.0,True,Racing Bulls,9542.768,2026-09-06 14:45:37.944,1,10.0,False,,False,True
9715.97,TSU,22,86.613,48.0,2.0,,,28.5,29.67,28.443,9657.949,9687.619,9716.062,288.0,306.0,315.0,311.0,False,MEDIUM,45.0,True,Racing Bulls,9629.357,2026-09-06 14:47:04.533,1,10.0,False,,False,True
9802.5,TSU,22,86.53,49.0,2.0,,,28.484,29.609,28.437,9744.546,9774.155,9802.592,288.0,306.0,313.0,310.0,False,MEDIUM,46.0,True,Racing Bulls,9715.97,2026-09-06 14:48:31.146,1,10.0,False,,False,True
9889.194,TSU,22,86.694,50.0,2.0,,,28.651,29.604,28.439,9831.243,9860.847,9889.286,288.0,305.0,314.0,309.0,False,MEDIUM,47.0,True,Racing Bulls,9802.5,2026-09-06 14:49:57.676,1,10.0,False,,False,True
9975.949,TSU,22,86.755,51.0,2.0,,,28.637,29.701,28.417,9917.923,9947.624,9976.041,288.0,306.0,313.0,309.0,False,MEDIUM,48.0,True,Racing Bulls,9889.194,2026-09-06 14:51:24.370,1,10.0,False,,False,True
10062.769,TSU,22,86.82,52.0,2.0,,,28.726,29.691,28.403,10004.767,10034.458,10062.861,288.0,305.0,312.0,308.0,False,MEDIUM,49.0,True,Racing Bulls,9975.949,2026-09-06 14:52:51.125,1,10.0,False,,False,True
10149.409,TSU,22,86.64,53.0,2.0,,,28.643,29.633,28.364,10091.504,10121.137,10149.501,288.0,304.0,312.0,309.0,False,MEDIUM,50.0,True,Racing Bulls,10062.769,2026-09-06 14:54:17.945,1,10.0,False,,False,True
3513.356,ALB,23,97.381,1.0,1.0,,,,32.542,30.782,,3482.717,3513.475,299.0,315.0,293.0,253.0,False,MEDIUM,1.0,True,Williams,3415.761,2026-09-06 13:03:30.937,1,18.0,False,,False,False
3603.751,ALB,23,90.395,2.0,1.0,,,29.0,31.72,29.675,3542.415,3574.135,3603.81,296.0,320.0,302.0,316.0,True,MEDIUM,2.0,True,Williams,3513.356,2026-09-06 13:05:08.532,12,18.0,False,,False,True
3763.366,ALB,23,,3.0,1.0,,3755.856,45.69,49.215,64.572,3649.638,3698.901,3763.426,122.0,167.0,,319.0,False,MEDIUM,3.0,True,Williams,3603.751,2026-09-06 13:06:38.927,245,18.0,False,,False,False
5715.635,ALB,23,,4.0,2.0,5598.116,,,32.254,49.85,,5665.844,5715.767,241.0,267.0,46.0,179.0,False,HARD,1.0,True,Williams,5544.927,2026-09-06 13:39:00.103,1,18.0,False,,False,False
5913.081,ALB,23,,5.0,2.0,,,,33.777,50.387,,5862.959,5913.327,256.0,256.0,39.0,150.0,False,HARD,2.0,True,Williams,5715.635,2026-09-06 13:41:50.811,1,18.0,False,,False,False
6045.356,ALB,23,132.275,6.0,2.0,,,68.631,32.104,31.54,5981.771,6013.875,6045.415,301.0,314.0,281.0,258.0,False,HARD,3.0,True,Williams,5913.081,2026-09-06 13:45:08.257,12,18.0,True,TRACK LIMITS AT TURN 1 LAP 6 ,False,True
6134.373,ALB,23,89.017,7.0,2.0,,,29.198,30.458,29.361,6074.613,6105.071,6134.432,298.0,322.0,306.0,315.0,True,HARD,4.0,True,Williams,6045.356,2026-09-06 13:47:20.532,1,18.0,False,,False,True
6222.617,ALB,23,88.244,8.0,2.0,,,28.197,30.685,29.362,6162.629,6193.314,6222.676,305.0,325.0,311.0,326.0,True,HARD,5.0,True,Williams,6134.373,2026-09-06 13:48:49.549,1,18.0,False,,False,True
6310.461,ALB,23,87.844,9.0,2.0,,,28.144,30.452,29.248,6250.82,6281.272,6310.52,298.0,318.0,296.0,326.0,True,HARD,6.0,True,Williams,6222.617,2026-09-06 13:50:17.793,1,17.0,False,,False,True
6398.612,ALB,23,88.151,10.0,2.0,,,28.66,30.164,29.327,6339.18,6369.344,6398.671,295.0,311.0,294.0,328.0,False,HARD,7.0,True,Williams,6310.461,2026-09-06 13:51:45.637,1,17.0,False,,False,True
6486.656,ALB,23,88.044,11.0,2.0,,,28.947,30.134,28.963,6427.618,6457.752,6486.715,297.0,310.0,311.0,323.0,False,HARD,8.0,True,Williams,6398.612,2026-09-06 13:53:13.788,1,17.0,False,,False,True
6573.734,ALB,23,87.078,12.0,2.0,,,28.14,30.067,28.871,6514.855,6544.922,6573.793,297.0,314.0,315.0,320.0,True,HARD,9.0,True,Williams,6486.656,2026-09-06 13:54:41.832,1,16.0,False,,False,True
6660.8,ALB,23,87.066,13.0,2.0,,,27.978,30.155,28.933,6601.771,6631.926,6660.859,296.0,315.0,312.0,326.0,True,HARD,10.0,True,Williams,6573.734,2026-09-06 13:56:08.910,1,16.0,False,,False,True
6748.205,ALB,23,87.405,14.0,2.0,,,28.091,30.173,29.141,6688.95,6719.123,6748.264,299.0,315.0,306.0,323.0,False,HARD,11.0,True,Williams,6660.8,2026-09-06 13:57:35.976,1,16.0,False,,False,True
6835.977,ALB,23,87.772,15.0,2.0,,,28.227,30.35,29.195,6776.491,6806.841,6836.036,297.0,314.0,312.0,321.0,False,HARD,12.0,True,Williams,6748.205,2026-09-06 13:59:03.381,1,16.0,False,,False,True
6923.333,ALB,23,87.356,16.0,2.0,,,28.119,30.24,28.997,6864.155,6894.395,6923.392,296.0,310.0,314.0,321.0,False,HARD,13.0,True,Williams,6835.977,2026-09-06 14:00:31.153,1,16.0,False,,False,True
7010.623,ALB,23,87.29,17.0,2.0,,,27.9,30.307,29.083,6951.292,6981.599,7010.682,299.0,316.0,317.0,325.0,False,HARD,14.0,True,Williams,6923.333,2026-09-06 14:01:58.509,1,16.0,False,,False,True
7097.818,ALB,23,87.195,18.0,2.0,,,27.85,30.292,29.053,7038.532,7068.824,7097.877,297.0,314.0,311.0,330.0,False,HARD,15.0,True,Williams,7010.623,2026-09-06 14:03:25.799,1,16.0,False,,False,True
7184.891,ALB,23,87.073,19.0,2.0,,,27.972,30.204,28.897,7125.849,7156.053,7184.95,294.0,313.0,314.0,325.0,False,HARD,16.0,True,Williams,7097.818,2026-09-06 14:04:52.994,1,16.0,False,,False,True
7271.909,ALB,23,87.018,20.0,2.0,,,27.992,30.158,28.868,7212.942,7243.1,7271.968,296.0,313.0,312.0,324.0,True,HARD,17.0,True,Williams,7184.891,2026-09-06 14:06:20.067,1,16.0,False,,False,True
7359.196,ALB,23,87.287,21.0,2.0,,,28.054,30.199,29.034,7300.022,7330.221,7359.255,297.0,313.0,307.0,322.0,False,HARD,18.0,True,Williams,7271.909,2026-09-06 14:07:47.085,1,16.0,True,TRACK LIMITS AT TURN 1 LAP 21 ,False,True
7446.188,ALB,23,86.992,22.0,2.0,,,28.124,29.963,28.905,7387.379,7417.342,7446.247,297.0,315.0,311.0,319.0,True,HARD,19.0,True,Williams,7359.196,2026-09-06 14:09:14.372,1,16.0,False,,False,True
7533.252,ALB,23,87.064,23.0,2.0,,,28.004,30.17,28.89,7474.251,7504.421,7533.311,297.0,315.0,311.0,320.0,False,HARD,20.0,True,Williams,7446.188,2026-09-06 14:10:41.364,1,16.0,False,,False,True
7620.227,ALB,23,86.975,24.0,2.0,,,28.016,30.123,28.836,7561.327,7591.45,7620.286,299.0,316.0,310.0,320.0,True,HARD,21.0,True,Williams,7533.252,2026-09-06 14:12:08.428,1,16.0,False,,False,True
7707.205,ALB,23,86.978,25.0,2.0,,,28.018,30.113,28.847,7648.304,7678.417,7707.264,297.0,316.0,314.0,323.0,False,HARD,22.0,True,Williams,7620.227,2026-09-06 14:13:35.403,1,16.0,False,,False,True
7794.335,ALB,23,87.13,26.0,2.0,,,27.993,30.275,28.862,7735.257,7765.532,7794.394,295.0,317.0,315.0,327.0,False,HARD,23.0,True,Williams,7707.205,2026-09-06 14:15:02.381,1,16.0,False,,False,True
7886.093,ALB,23,91.758,27.0,2.0,,,28.133,30.295,33.33,7822.527,7852.822,7886.152,297.0,316.0,204.0,327.0,False,HARD,24.0,True,Williams,7794.335,2026-09-06 14:16:29.511,126,14.0,False,,False,False
7996.832,ALB,23,110.739,28.0,2.0,,,39.517,37.297,33.925,7925.669,7962.966,7996.891,276.0,161.0,322.0,181.0,False,HARD,25.0,True,Williams,7886.093,2026-09-06 14:18:01.269,671,13.0,False,,False,False
8083.767,ALB,23,86.935,29.0,2.0,,,28.016,30.096,28.823,8024.907,8055.003,8083.826,293.0,308.0,311.0,318.0,True,HARD,26.0,True,Williams,7996.832,2026-09-06 14:19:52.008,1,13.0,False,,False,True
8170.83,ALB,23,87.063,30.0,2.0,,,28.24,29.959,28.864,8112.066,8142.025,8170.889,293.0,308.0,312.0,311.0,False,HARD,27.0,True,Williams,8083.767,2026-09-06 14:21:18.943,1,13.0,False,,False,True
8258.022,ALB,23,87.192,31.0,2.0,,,28.094,30.083,29.015,8198.983,8229.066,8258.081,293.0,308.0,312.0,310.0,False,HARD,28.0,True,Williams,8170.83,2026-09-06 14:22:46.006,1,13.0,False,,False,True
8344.931,ALB,23,86.909,32.0,2.0,,,28.055,29.977,28.877,8286.136,8316.113,8344.99,293.0,308.0,311.0,310.0,True,HARD,29.0,True,Williams,8258.022,2026-09-06 14:24:13.198,1,13.0,False,,False,True
8431.904,ALB,23,86.973,33.0,2.0,,,28.14,29.949,28.884,8373.13,8403.079,8431.963,294.0,308.0,310.0,311.0,False,HARD,30.0,True,Williams,8344.931,2026-09-06 14:25:40.107,1,13.0,False,,False,True
8518.963,ALB,23,87.059,34.0,2.0,,,28.154,30.074,28.831,8460.117,8490.191,8519.022,295.0,308.0,312.0,311.0,False,HARD,31.0,True,Williams,8431.904,2026-09-06 14:27:07.080,1,13.0,False,,False,True
8605.774,ALB,23,86.811,35.0,2.0,,,28.201,29.901,28.709,8547.223,8577.124,8605.833,295.0,308.0,312.0,309.0,True,HARD,32.0,True,Williams,8518.963,2026-09-06 14:28:34.139,1,13.0,False,,False,True
8692.516,ALB,23,86.742,36.0,2.0,,,28.063,29.862,28.817,8633.896,8663.758,8692.575,294.0,308.0,312.0,311.0,True,HARD,33.0,True,Williams,8605.774,2026-09-06 14:30:00.950,1,13.0,False,,False,True
8779.471,ALB,23,86.955,37.0,2.0,,,28.064,30.0,28.891,8720.639,8750.639,8779.53,294.0,307.0,311.0,313.0,False,HARD,34.0,True,Williams,8692.516,2026-09-06 14:31:27.692,1,13.0,False,,False,True
8866.322,ALB,23,86.851,38.0,2.0,,,28.082,29.976,28.793,8807.612,8837.588,8866.381,294.0,308.0,313.0,313.0,False,HARD,35.0,True,Williams,8779.471,2026-09-06 14:32:54.647,1,13.0,False,,False,True
8953.391,ALB,23,87.069,39.0,2.0,,,28.073,30.166,28.83,8894.454,8924.62,8953.45,294.0,308.0,314.0,314.0,False,HARD,36.0,True,Williams,8866.322,2026-09-06 14:34:21.498,1,13.0,False,,False,True
9040.368,ALB,23,86.977,40.0,2.0,,,28.196,30.029,28.752,8981.646,9011.675,9040.427,293.0,307.0,314.0,313.0,False,HARD,37.0,True,Williams,8953.391,2026-09-06 14:35:48.567,1,13.0,False,,False,True
9127.21,ALB,23,86.842,41.0,2.0,,,27.999,30.057,28.786,9068.426,9098.483,9127.269,293.0,308.0,316.0,313.0,False,HARD,38.0,True,Williams,9040.368,2026-09-06 14:37:15.544,1,13.0,False,,False,True
9214.59,ALB,23,87.38,42.0,2.0,,,28.033,30.386,28.961,9155.302,9185.688,9214.649,289.0,306.0,310.0,317.0,False,HARD,39.0,True,Williams,9127.21,2026-09-06 14:38:42.386,1,13.0,True,TRACK LIMITS AT TURN 1 LAP 42 ,False,True
9302.332,ALB,23,87.742,43.0,2.0,,,28.435,30.486,28.821,9243.084,9273.57,9302.391,303.0,313.0,313.0,290.0,False,HARD,40.0,True,Williams,9214.59,2026-09-06 14:40:09.766,1,14.0,False,,False,True
9389.895,ALB,23,87.563,44.0,2.0,,,28.394,30.288,28.881,9330.785,9361.073,9389.954,296.0,311.0,314.0,320.0,False,HARD,41.0,True,Williams,9302.332,2026-09-06 14:41:37.508,1,14.0,False,,False,True
9477.153,ALB,23,87.258,45.0,2.0,,,28.107,30.156,28.995,9418.061,9448.217,9477.212,295.0,307.0,308.0,321.0,False,HARD,42.0,True,Williams,9389.895,2026-09-06 14:43:05.071,1,14.0,False,,False,True
9569.079,ALB,23,91.926,46.0,2.0,,9565.374,28.628,30.235,33.063,9505.84,9536.075,9569.138,300.0,314.0,,299.0,False,HARD,43.0,True,Williams,9477.153,2026-09-06 14:44:32.329,1,16.0,False,,False,False
9678.737,ALB,23,109.658,47.0,3.0,9591.758,,50.581,29.991,29.086,9619.719,9649.71,9678.796,285.0,301.0,292.0,285.0,False,SOFT,1.0,True,Williams,9569.079,2026-09-06 14:46:04.255,1,17.0,False,,False,False
9768.748,ALB,23,90.011,48.0,3.0,,,31.433,30.138,28.44,9710.229,9740.367,9768.807,311.0,320.0,312.0,277.0,False,SOFT,2.0,True,Williams,9678.737,2026-09-06 14:47:53.913,1,17.0,False,,False,True
9854.204,ALB,23,85.456,49.0,3.0,,,27.71,29.302,28.444,9796.517,9825.819,9854.263,306.0,327.0,324.0,318.0,True,SOFT,3.0,True,Williams,9768.748,2026-09-06 14:49:23.924,1,17.0,False,,False,True
9939.987,ALB,23,85.783,50.0,3.0,,,27.575,29.664,28.544,9881.838,9911.502,9940.046,301.0,329.0,328.0,326.0,False,SOFT,4.0,True,Williams,9854.204,2026-09-06 14:50:49.380,1,17.0,False,,False,True
10026.151,ALB,23,86.164,51.0,3.0,,,28.12,29.661,28.383,9968.166,9997.827,10026.21,302.0,322.0,318.0,308.0,False,SOFT,5.0,True,Williams,9939.987,2026-09-06 14:52:15.163,1,17.0,False,,False,True
10111.492,ALB,23,85.341,52.0,3.0,,,27.651,29.571,28.119,10053.861,10083.432,10111.551,301.0,318.0,318.0,322.0,True,SOFT,6.0,True,Williams,10026.151,2026-09-06 14:53:41.327,1,17.0,False,,False,True
3511.007,HUL,27,95.032,1.0,1.0,,,,32.76,29.849,,3481.342,3511.131,311.0,328.0,290.0,268.0,False,MEDIUM,1.0,True,Audi,3415.761,2026-09-06 13:03:30.937,1,13.0,False,,False,False
3598.948,HUL,27,87.941,2.0,1.0,,,29.001,29.848,29.092,3540.081,3569.929,3599.021,292.0,327.0,301.0,298.0,True,MEDIUM,2.0,True,Audi,3511.007,2026-09-06 13:05:06.183,12,13.0,False,,False,True
3746.475,HUL,27,147.527,3.0,1.0,,3739.949,41.322,44.838,61.367,3640.343,3685.181,3746.548,164.0,177.0,,312.0,False,MEDIUM,3.0,True,Audi,3598.948,2026-09-06 13:06:34.124,245,13.0,False,,False,False
5702.589,HUL,27,,4.0,2.0,5583.906,,,33.326,50.074,,5652.588,5702.673,258.0,257.0,45.0,194.0,False,HARD,1.0,True,Audi,5544.927,2026-09-06 13:39:00.103,1,13.0,False,,False,False
5900.235,HUL,27,,5.0,2.0,,,,34.649,46.893,,5853.529,5900.436,263.0,218.0,53.0,169.0,False,HARD,2.0,True,Audi,5702.589,2026-09-06 13:41:37.765,1,13.0,False,,False,False
6041.231,HUL,27,140.996,6.0,2.0,,,79.995,31.005,29.996,5980.303,6011.308,6041.304,302.0,335.0,300.0,291.0,False,HARD,3.0,True,Audi,5900.235,2026-09-06 13:44:55.411,12,11.0,False,,False,True
6129.762,HUL,27,88.531,7.0,2.0,,,28.798,30.436,29.297,6070.102,6100.538,6129.835,296.0,329.0,301.0,316.0,False,HARD,4.0,True,Audi,6041.231,2026-09-06 13:47:16.407,1,11.0,False,,False,True
6218.504,HUL,27,88.742,8.0,2.0,,,29.487,30.32,28.935,6159.322,6189.642,6218.577,289.0,326.0,305.0,309.0,False,HARD,5.0,True,Audi,6129.762,2026-09-06 13:48:44.938,1,12.0,False,,False,True
6305.509,HUL,27,87.005,9.0,2.0,,,28.29,29.868,28.847,6246.867,6276.735,6305.582,294.0,321.0,305.0,311.0,True,HARD,6.0,True,Audi,6218.504,2026-09-06 13:50:13.680,1,12.0,False,,False,True
6392.591,HUL,27,87.082,10.0,2.0,,,28.251,29.913,28.918,6333.833,6363.746,6392.664,296.0,319.0,306.0,308.0,False,HARD,7.0,True,Audi,6305.509,2026-09-06 13:51:40.685,1,12.0,False,,False,True
6481.002,HUL,27,88.411,11.0,2.0,,,28.433,30.855,29.123,6421.097,6451.952,6481.075,300.0,322.0,308.0,310.0,False,HARD,8.0,True,Audi,6392.591,2026-09-06 13:53:07.767,1,12.0,False,,False,True
6568.858,HUL,27,87.856,12.0,2.0,,,28.443,30.348,29.065,6509.518,6539.866,6568.931,296.0,318.0,306.0,313.0,False,HARD,9.0,True,Audi,6481.002,2026-09-06 13:54:36.178,1,11.0,False,,False,True
6656.398,HUL,27,87.54,13.0,2.0,,,28.855,29.91,28.775,6597.786,6627.696,6656.471,286.0,304.0,311.0,299.0,False,HARD,10.0,True,Audi,6568.858,2026-09-06 13:56:04.034,1,11.0,False,,False,True
6743.792,HUL,27,87.394,14.0,2.0,,,28.697,29.943,28.754,6685.168,6715.111,6743.865,299.0,304.0,309.0,301.0,False,HARD,11.0,True,Audi,6656.398,2026-09-06 13:57:31.574,1,11.0,False,,False,True
6831.421,HUL,27,87.629,15.0,2.0,,,28.724,30.159,28.746,6772.589,6802.748,6831.494,283.0,304.0,303.0,300.0,False,HARD,12.0,True,Audi,6743.792,2026-09-06 13:58:58.968,1,11.0,False,,False,True
6920.059,HUL,27,88.638,16.0,2.0,,,28.808,31.129,28.701,6860.302,6891.431,6920.132,295.0,315.0,313.0,304.0,False,HARD,13.0,True,Audi,6831.421,2026-09-06 14:00:26.597,1,13.0,False,,False,True
7007.036,HUL,27,86.977,17.0,2.0,,,28.199,30.078,28.7,6948.331,6978.409,7007.109,296.0,318.0,318.0,314.0,True,HARD,14.0,True,Audi,6920.059,2026-09-06 14:01:55.235,1,13.0,False,,False,True
7093.489,HUL,27,86.453,18.0,2.0,,,27.924,29.892,28.637,7035.033,7064.925,7093.562,299.0,310.0,311.0,323.0,True,HARD,15.0,True,Audi,7007.036,2026-09-06 14:03:22.212,1,12.0,False,,False,True
7180.151,HUL,27,86.662,19.0,2.0,,,28.269,29.785,28.608,7121.831,7151.616,7180.224,288.0,310.0,312.0,314.0,False,HARD,16.0,True,Audi,7093.489,2026-09-06 14:04:48.665,1,12.0,False,,False,True
7266.496,HUL,27,86.345,20.0,2.0,,,28.199,29.628,28.518,7208.423,7238.051,7266.569,293.0,316.0,312.0,308.0,True,HARD,17.0,True,Audi,7180.151,2026-09-06 14:06:15.327,1,12.0,False,,False,True
7353.168,HUL,27,86.672,21.0,2.0,,,28.463,29.758,28.451,7295.032,7324.79,7353.241,287.0,315.0,314.0,315.0,False,HARD,18.0,True,Audi,7266.496,2026-09-06 14:07:41.672,1,12.0,False,,False,True
7442.971,HUL,27,89.803,22.0,2.0,,,30.839,30.123,28.841,7384.08,7414.203,7443.044,279.0,316.0,309.0,284.0,False,HARD,19.0,True,Audi,7353.168,2026-09-06 14:09:08.344,1,13.0,True,TRACK LIMITS AT TURN 1 LAP 22 ,False,True
7529.888,HUL,27,86.917,23.0,2.0,,,28.421,29.798,28.698,7471.465,7501.263,7529.961,291.0,316.0,311.0,308.0,False,HARD,20.0,True,Audi,7442.971,2026-09-06 14:10:38.147,1,13.0,False,,False,True
7616.432,HUL,27,86.544,24.0,2.0,,,28.432,29.639,28.473,7558.393,7588.032,7616.505,290.0,313.0,307.0,304.0,False,HARD,21.0,True,Audi,7529.888,2026-09-06 14:12:05.064,1,13.0,False,,False,True
7703.192,HUL,27,86.76,25.0,2.0,,,28.584,29.731,28.445,7645.089,7674.82,7703.265,289.0,311.0,308.0,307.0,False,HARD,22.0,True,Audi,7616.432,2026-09-06 14:13:31.608,1,13.0,False,,False,True
7789.725,HUL,27,86.533,26.0,2.0,,,28.573,29.541,28.419,7731.838,7761.379,7789.798,287.0,310.0,307.0,304.0,False,HARD,23.0,True,Audi,7703.192,2026-09-06 14:14:58.368,1,13.0,False,,False,True
7884.403,HUL,27,94.678,27.0,2.0,,7880.658,28.611,29.639,36.428,7818.409,7848.048,7884.476,287.0,311.0,,304.0,False,HARD,24.0,True,Audi,7789.725,2026-09-06 14:16:24.901,126,13.0,False,,False,False
8008.631,HUL,27,124.228,28.0,3.0,7904.867,,54.887,37.488,31.853,7939.363,7976.851,8008.704,216.0,251.0,304.0,242.0,False,MEDIUM,4.0,False,Audi,7884.403,2026-09-06 14:17:59.579,671,14.0,False,,False,False
8095.606,HUL,27,86.975,29.0,3.0,,,28.878,29.347,28.75,8037.582,8066.929,8095.679,283.0,304.0,303.0,291.0,False,MEDIUM,5.0,False,Audi,8008.631,2026-09-06 14:20:03.807,1,14.0,True,TRACK LIMITS AT TURN 1 LAP 29 ,False,True
8182.34,HUL,27,86.734,30.0,3.0,,,28.82,29.308,28.606,8124.499,8153.807,8182.413,283.0,302.0,302.0,292.0,False,MEDIUM,6.0,False,Audi,8095.606,2026-09-06 14:21:30.782,1,14.0,False,,False,True
8268.747,HUL,27,86.407,31.0,3.0,,,28.811,29.158,28.438,8211.224,8240.382,8268.82,282.0,303.0,302.0,291.0,False,MEDIUM,7.0,False,Audi,8182.34,2026-09-06 14:22:57.516,1,14.0,False,,False,True
8355.145,HUL,27,86.398,32.0,3.0,,,28.804,29.103,28.491,8297.624,8326.727,8355.218,283.0,303.0,303.0,292.0,False,MEDIUM,8.0,False,Audi,8268.747,2026-09-06 14:24:23.923,1,14.0,False,,False,True
8441.394,HUL,27,86.249,33.0,3.0,,,28.698,29.218,28.333,8383.916,8413.134,8441.467,284.0,304.0,304.0,292.0,True,MEDIUM,9.0,False,Audi,8355.145,2026-09-06 14:25:50.321,1,14.0,False,,False,True
8527.59,HUL,27,86.196,34.0,3.0,,,28.712,29.115,28.369,8470.179,8499.294,8527.663,283.0,303.0,304.0,294.0,True,MEDIUM,10.0,False,Audi,8441.394,2026-09-06 14:27:16.570,1,14.0,False,,False,True
8613.623,HUL,27,86.033,35.0,3.0,,,28.57,29.063,28.4,8556.233,8585.296,8613.696,284.0,305.0,305.0,293.0,True,MEDIUM,11.0,False,Audi,8527.59,2026-09-06 14:28:42.766,1,14.0,False,,False,True
8699.64,HUL,27,86.017,36.0,3.0,,,28.646,29.068,28.303,8642.342,8671.41,8699.713,283.0,304.0,305.0,294.0,True,MEDIUM,12.0,False,Audi,8613.623,2026-09-06 14:30:08.799,1,14.0,False,,False,True
8785.615,HUL,27,85.975,37.0,3.0,,,28.609,29.076,28.29,8728.322,8757.398,8785.688,283.0,305.0,305.0,294.0,True,MEDIUM,13.0,False,Audi,8699.64,2026-09-06 14:31:34.816,1,14.0,False,,False,True
8871.708,HUL,27,86.093,38.0,3.0,,,28.563,29.18,28.35,8814.251,8843.431,8871.781,284.0,305.0,305.0,295.0,False,MEDIUM,14.0,False,Audi,8785.615,2026-09-06 14:33:00.791,1,14.0,False,,False,True
8957.601,HUL,27,85.893,39.0,3.0,,,28.575,29.042,28.276,8900.356,8929.398,8957.674,284.0,306.0,306.0,296.0,True,MEDIUM,15.0,False,Audi,8871.708,2026-09-06 14:34:26.884,1,14.0,False,,False,True
9043.592,HUL,27,85.991,40.0,3.0,,,28.577,29.251,28.163,8986.251,9015.502,9043.665,284.0,307.0,309.0,297.0,False,MEDIUM,16.0,False,Audi,8957.601,2026-09-06 14:35:52.777,1,14.0,False,,False,True
9129.349,HUL,27,85.757,41.0,3.0,,,28.53,29.057,28.17,9072.195,9101.252,9129.422,284.0,308.0,310.0,299.0,True,MEDIUM,17.0,False,Audi,9043.592,2026-09-06 14:37:18.768,1,14.0,False,,False,True
9214.997,HUL,27,85.648,42.0,3.0,,,28.453,29.191,28.004,9157.875,9187.066,9215.07,285.0,311.0,326.0,302.0,True,MEDIUM,18.0,False,Audi,9129.349,2026-09-06 14:38:44.525,1,14.0,False,,False,True
9300.379,HUL,27,85.382,43.0,3.0,,,27.769,29.2,28.413,9242.839,9272.039,9300.452,293.0,306.0,301.0,306.0,True,MEDIUM,19.0,False,Audi,9214.997,2026-09-06 14:40:10.173,1,13.0,False,,False,True
9386.431,HUL,27,86.052,44.0,3.0,,,28.739,29.179,28.134,9329.191,9358.37,9386.504,284.0,307.0,304.0,297.0,False,MEDIUM,20.0,False,Audi,9300.379,2026-09-06 14:41:35.555,1,13.0,False,,False,True
9471.998,HUL,27,85.567,45.0,3.0,,,28.567,28.928,28.072,9415.071,9443.999,9472.071,286.0,311.0,313.0,300.0,False,MEDIUM,21.0,False,Audi,9386.431,2026-09-06 14:43:01.607,1,13.0,False,,False,True
9558.657,HUL,27,86.659,46.0,3.0,,,28.115,29.588,28.956,9500.186,9529.774,9558.73,293.0,299.0,320.0,304.0,False,MEDIUM,22.0,False,Audi,9471.998,2026-09-06 14:44:27.174,1,13.0,False,,False,True
9644.327,HUL,27,85.67,47.0,3.0,,,28.067,29.303,28.3,9586.797,9616.1,9644.4,287.0,307.0,303.0,306.0,False,MEDIUM,23.0,False,Audi,9558.657,2026-09-06 14:45:53.833,1,12.0,False,,False,True
9730.583,HUL,27,86.256,48.0,3.0,,,28.699,29.233,28.324,9673.099,9702.332,9730.656,284.0,304.0,303.0,293.0,False,MEDIUM,24.0,False,Audi,9644.327,2026-09-06 14:47:19.503,1,12.0,False,,False,True
9816.495,HUL,27,85.912,49.0,3.0,,,28.64,29.036,28.236,9759.296,9788.332,9816.568,283.0,305.0,304.0,292.0,False,MEDIUM,25.0,False,Audi,9730.583,2026-09-06 14:48:45.759,1,12.0,False,,False,True
9902.442,HUL,27,85.947,50.0,3.0,,,28.766,29.054,28.127,9845.334,9874.388,9902.515,283.0,305.0,307.0,293.0,False,MEDIUM,26.0,False,Audi,9816.495,2026-09-06 14:50:11.671,1,12.0,False,,False,True
9988.152,HUL,27,85.71,51.0,3.0,,,28.602,29.075,28.033,9931.117,9960.192,9988.225,284.0,307.0,308.0,295.0,False,MEDIUM,27.0,False,Audi,9902.442,2026-09-06 14:51:37.618,1,12.0,False,,False,True
10073.079,HUL,27,84.927,52.0,3.0,,,28.34,28.832,27.755,10016.565,10045.397,10073.152,289.0,313.0,318.0,297.0,True,MEDIUM,28.0,False,Audi,9988.152,2026-09-06 14:53:03.328,1,12.0,False,,False,True
10157.443,HUL,27,84.364,53.0,3.0,,,27.836,28.585,27.943,10100.988,10129.573,10157.516,295.0,316.0,312.0,303.0,True,MEDIUM,29.0,False,Audi,10073.079,2026-09-06 14:54:28.255,1,12.0,False,,False,True
3505.657,VER,3,89.682,1.0,1.0,,,,30.147,28.647,,3477.202,3505.657,298.0,320.0,314.0,286.0,False,SOFT,1.0,True,Red Bull Racing,3415.761,2026-09-06 13:03:30.937,1,4.0,False,,False,False
3592.831,VER,3,87.174,2.0,1.0,,,28.453,30.254,28.467,3534.11,3564.364,3592.831,297.0,326.0,311.0,325.0,True,SOFT,2.0,True,Red Bull Racing,3505.657,2026-09-06 13:05:00.833,1,3.0,False,,False,True
3718.814,VER,3,125.983,3.0,1.0,,3713.947,33.413,40.597,51.973,3626.244,3666.841,3718.814,105.0,264.0,,320.0,False,SOFT,3.0,True,Red Bull Racing,3592.831,2026-09-06 13:06:28.007,1245,3.0,False,,False,False
5675.832,VER,3,,4.0,2.0,5557.809,,,36.182,40.997,,5634.835,5675.907,254.0,251.0,49.0,176.0,False,MEDIUM,1.0,True,Red Bull Racing,5544.927,2026-09-06 13:39:00.103,1,3.0,False,,False,False
5874.269,VER,3,,5.0,2.0,,,,36.302,39.298,,5834.971,5874.359,255.0,258.0,115.0,203.0,False,MEDIUM,2.0,True,Red Bull Racing,5675.832,2026-09-06 13:41:11.008,1,3.0,False,,False,False
6036.988,VER,3,,6.0,2.0,,,,30.497,28.533,,6008.475,6037.109,301.0,317.0,310.0,286.0,False,MEDIUM,3.0,True,Red Bull Racing,5874.269,2026-09-06 13:44:29.445,12,3.0,False,,False,False
6123.316,VER,3,86.328,7.0,2.0,,,28.196,29.791,28.341,6065.184,6094.975,6123.316,294.0,319.0,309.0,321.0,True,MEDIUM,4.0,True,Red Bull Racing,6036.988,2026-09-06 13:47:12.164,1,2.0,False,,False,True
6209.723,VER,3,86.407,8.0,2.0,,,28.431,29.678,28.298,6151.747,6181.425,6209.723,288.0,308.0,304.0,316.0,False,MEDIUM,5.0,True,Red Bull Racing,6123.316,2026-09-06 13:48:38.492,1,2.0,False,,False,True
6295.819,VER,3,86.096,9.0,2.0,,,28.426,29.38,28.29,6238.149,6267.529,6295.819,289.0,309.0,308.0,314.0,True,MEDIUM,6.0,True,Red Bull Racing,6209.723,2026-09-06 13:50:04.899,1,2.0,False,,False,True
6381.428,VER,3,85.609,10.0,2.0,,,28.311,29.364,27.934,6324.13,6353.494,6381.428,290.0,309.0,312.0,314.0,True,MEDIUM,7.0,True,Red Bull Racing,6295.819,2026-09-06 13:51:30.995,1,2.0,False,,False,True
6467.582,VER,3,86.154,11.0,2.0,,,28.232,29.44,28.482,6409.66,6439.1,6467.582,292.0,314.0,314.0,316.0,False,MEDIUM,8.0,True,Red Bull Racing,6381.428,2026-09-06 13:52:56.604,1,2.0,False,,False,True
6554.02,VER,3,86.438,12.0,2.0,,,28.405,29.78,28.253,6495.987,6525.767,6554.02,287.0,302.0,305.0,304.0,False,MEDIUM,9.0,True,Red Bull Racing,6467.582,2026-09-06 13:54:22.758,1,1.0,False,,False,True
6640.3,VER,3,86.28,13.0,2.0,,,28.468,29.56,28.252,6582.488,6612.048,6640.3,287.0,302.0,306.0,304.0,False,MEDIUM,10.0,True,Red Bull Racing,6554.02,2026-09-06 13:55:49.196,1,1.0,False,,False,True
6726.711,VER,3,86.411,14.0,2.0,,,28.531,29.612,28.268,6668.831,6698.443,6726.711,304.0,302.0,303.0,300.0,False,MEDIUM,11.0,True,Red Bull Racing,6640.3,2026-09-06 13:57:15.476,1,1.0,False,,False,True
6813.669,VER,3,86.958,15.0,2.0,,,28.704,30.044,28.21,6755.415,6785.459,6813.669,292.0,311.0,313.0,297.0,False,MEDIUM,12.0,True,Red Bull Racing,6726.711,2026-09-06 13:58:41.887,1,2.0,False,,False,True
6900.114,VER,3,86.445,16.0,2.0,,,28.287,30.022,28.136,6841.956,6871.978,6900.114,287.0,317.0,316.0,309.0,False,MEDIUM,13.0,True,Red Bull Racing,6813.669,2026-09-06 14:00:08.845,1,3.0,False,,False,True
6985.533,VER,3,85.419,17.0,2.0,,,27.918,29.45,28.051,6928.032,6957.482,6985.533,297.0,316.0,321.0,315.0,True,MEDIUM,14.0,True,Red Bull Racing,6900.114,2026-09-06 14:01:35.290,1,3.0,False,,False,True
7071.0,VER,3,85.467,18.0,2.0,,,27.64,29.738,28.089,7013.173,7042.911,7071.0,311.0,319.0,320.0,325.0,False,MEDIUM,15.0,True,Red Bull Racing,6985.533,2026-09-06 14:03:00.709,1,3.0,False,,False,True
7157.426,VER,3,86.426,19.0,2.0,,,28.905,29.504,28.017,7099.905,7129.409,7157.426,287.0,313.0,303.0,311.0,False,MEDIUM,16.0,True,Red Bull Racing,7071.0,2026-09-06 14:04:26.176,1,3.0,False,,False,True
7243.499,VER,3,86.073,20.0,2.0,,,28.329,29.319,28.425,7185.755,7215.074,7243.499,293.0,312.0,314.0,314.0,False,MEDIUM,17.0,True,Red Bull Racing,7157.426,2026-09-06 14:05:52.602,1,3.0,False,,False,True
7329.67,VER,3,86.171,21.0,2.0,,,28.236,29.558,28.377,7271.735,7301.293,7329.67,288.0,310.0,306.0,321.0,False,MEDIUM,18.0,True,Red Bull Racing,7243.499,2026-09-06 14:07:18.675,1,3.0,False,,False,True
7415.732,VER,3,86.062,22.0,2.0,,,28.241,29.555,28.266,7357.911,7387.466,7415.732,287.0,310.0,310.0,312.0,False,MEDIUM,19.0,True,Red Bull Racing,7329.67,2026-09-06 14:08:44.846,1,3.0,False,,False,True
7501.582,VER,3,85.85,23.0,2.0,,,28.256,29.438,28.156,7443.988,7473.426,7501.582,290.0,313.0,311.0,315.0,False,MEDIUM,20.0,True,Red Bull Racing,7415.732,2026-09-06 14:10:10.908,1,3.0,False,,False,True
7587.307,VER,3,85.725,24.0,2.0,,,28.176,29.529,28.02,7529.758,7559.287,7587.307,291.0,315.0,312.0,310.0,False,MEDIUM,21.0,True,Red Bull Racing,7501.582,2026-09-06 14:11:36.758,1,3.0,False,,False,True
7672.684,VER,3,85.377,25.0,2.0,,,28.043,29.333,28.001,7615.35,7644.683,7672.684,296.0,316.0,316.0,318.0,True,MEDIUM,22.0,True,Red Bull Racing,7587.307,2026-09-06 14:13:02.483,1,3.0,False,,False,True
7758.39,VER,3,85.706,26.0,2.0,,,27.944,29.576,28.186,7700.628,7730.204,7758.39,296.0,316.0,314.0,325.0,False,MEDIUM,23.0,True,Red Bull Racing,7672.684,2026-09-06 14:14:27.860,1,3.0,False,,False,True
7844.2,VER,3,85.81,27.0,2.0,,,28.146,29.579,28.085,7786.536,7816.115,7844.2,291.0,313.0,314.0,319.0,False,MEDIUM,24.0,True,Red Bull Racing,7758.39,2026-09-06 14:15:53.566,1,3.0,False,,False,True
7953.397,VER,3,109.197,28.0,2.0,,7949.757,29.243,38.809,41.145,7873.443,7912.252,7953.397,139.0,258.0,,317.0,False,MEDIUM,25.0,True,Red Bull Racing,7844.2,2026-09-06 14:17:19.376,126,3.0,False,,False,False
8061.791,VER,3,108.394,29.0,3.0,7974.434,,50.389,29.788,28.217,8003.786,8033.574,8061.791,293.0,317.0,305.0,183.0,False,HARD,1.0,True,Red Bull Racing,7953.397,2026-09-06 14:19:08.573,671,7.0,False,,False,False
8146.921,VER,3,85.13,30.0,3.0,,,28.203,29.098,27.829,8089.994,8119.092,8146.921,291.0,320.0,321.0,318.0,True,HARD,2.0,True,Red Bull Racing,8061.791,2026-09-06 14:20:56.967,1,7.0,False,,False,True
8231.435,VER,3,84.514,31.0,3.0,,,27.643,29.11,27.761,8174.564,8203.674,8231.435,297.0,319.0,323.0,317.0,True,HARD,3.0,True,Red Bull Racing,8146.921,2026-09-06 14:22:22.097,1,6.0,False,,False,True
8316.826,VER,3,85.391,32.0,3.0,,,27.65,29.287,28.454,8259.085,8288.372,8316.826,303.0,328.0,318.0,322.0,False,HARD,4.0,True,Red Bull Racing,8231.435,2026-09-06 14:23:46.611,1,6.0,False,,False,True
8401.726,VER,3,84.9,33.0,3.0,,,27.847,29.173,27.88,8344.673,8373.846,8401.726,293.0,316.0,319.0,319.0,False,HARD,5.0,True,Red Bull Racing,8316.826,2026-09-06 14:25:12.002,1,5.0,False,,False,True
8486.751,VER,3,85.025,34.0,3.0,,,27.964,29.105,27.956,8429.69,8458.795,8486.751,290.0,312.0,310.0,320.0,False,HARD,6.0,True,Red Bull Racing,8401.726,2026-09-06 14:26:36.902,1,5.0,False,,False,True
8571.567,VER,3,84.816,35.0,3.0,,,27.939,29.019,27.858,8514.69,8543.709,8571.567,292.0,315.0,315.0,315.0,False,HARD,7.0,True,Red Bull Racing,8486.751,2026-09-06 14:28:01.927,1,5.0,False,,False,True
8656.244,VER,3,84.677,36.0,3.0,,,27.89,29.117,27.67,8599.457,8628.574,8656.244,292.0,316.0,316.0,318.0,False,HARD,8.0,True,Red Bull Racing,8571.567,2026-09-06 14:29:26.743,1,5.0,False,,False,True
8740.486,VER,3,84.242,37.0,3.0,,,27.503,29.025,27.714,8683.747,8712.772,8740.486,311.0,314.0,317.0,319.0,True,HARD,9.0,True,Red Bull Racing,8656.244,2026-09-06 14:30:51.420,1,4.0,False,,False,True
8825.191,VER,3,84.705,38.0,3.0,,,27.802,29.105,27.798,8768.288,8797.393,8825.191,293.0,317.0,314.0,319.0,False,HARD,10.0,True,Red Bull Racing,8740.486,2026-09-06 14:32:15.662,1,4.0,False,,False,True
8909.805,VER,3,84.614,39.0,3.0,,,27.425,29.328,27.861,8852.616,8881.944,8909.805,309.0,310.0,312.0,319.0,False,HARD,11.0,True,Red Bull Racing,8825.191,2026-09-06 14:33:40.367,1,3.0,False,,False,True
8996.448,VER,3,86.643,40.0,3.0,,,28.849,29.755,28.039,8938.654,8968.409,8996.448,293.0,307.0,306.0,312.0,False,HARD,12.0,True,Red Bull Racing,8909.805,2026-09-06 14:35:04.981,1,3.0,False,,False,True
9083.58,VER,3,87.132,41.0,3.0,,,28.644,29.931,28.557,9025.092,9055.023,9083.58,287.0,320.0,312.0,305.0,False,HARD,13.0,True,Red Bull Racing,8996.448,2026-09-06 14:36:31.624,1,4.0,False,,False,True
9169.113,VER,3,85.533,42.0,3.0,,,28.506,29.201,27.826,9112.086,9141.287,9169.113,295.0,317.0,322.0,320.0,False,HARD,14.0,True,Red Bull Racing,9083.58,2026-09-06 14:37:58.756,1,4.0,True,TRACK LIMITS AT TURN 1 LAP 42 ,False,True
9254.143,VER,3,85.03,43.0,3.0,,,28.03,29.135,27.865,9197.143,9226.278,9254.143,302.0,308.0,311.0,313.0,False,HARD,15.0,True,Red Bull Racing,9169.113,2026-09-06 14:39:24.289,1,3.0,False,,False,True
9339.301,VER,3,85.158,44.0,3.0,,,28.199,29.012,27.947,9282.342,9311.354,9339.301,286.0,307.0,306.0,309.0,False,HARD,16.0,True,Red Bull Racing,9254.143,2026-09-06 14:40:49.319,1,3.0,False,,False,True
9424.712,VER,3,85.411,45.0,3.0,,,28.391,29.125,27.895,9367.692,9396.817,9424.712,287.0,305.0,306.0,304.0,False,HARD,17.0,True,Red Bull Racing,9339.301,2026-09-06 14:42:14.477,1,3.0,False,,False,True
9509.947,VER,3,85.235,46.0,3.0,,,28.309,29.019,27.907,9453.021,9482.04,9509.947,288.0,308.0,303.0,301.0,False,HARD,18.0,True,Red Bull Racing,9424.712,2026-09-06 14:43:39.888,1,3.0,False,,False,True
9595.156,VER,3,85.209,47.0,3.0,,,28.402,29.011,27.796,9538.349,9567.36,9595.156,288.0,305.0,307.0,297.0,False,HARD,19.0,True,Red Bull Racing,9509.947,2026-09-06 14:45:05.123,1,3.0,False,,False,True
9680.0,VER,3,84.844,48.0,3.0,,,28.301,28.852,27.691,9623.457,9652.309,9680.0,290.0,311.0,318.0,299.0,False,HARD,20.0,True,Red Bull Racing,9595.156,2026-09-06 14:46:30.332,1,3.0,False,,False,True
9765.023,VER,3,85.023,49.0,3.0,,,27.97,29.162,27.891,9707.97,9737.132,9765.023,288.0,307.0,307.0,307.0,False,HARD,21.0,True,Red Bull Racing,9680.0,2026-09-06 14:47:55.176,1,3.0,False,,False,True
9850.415,VER,3,85.392,50.0,3.0,,,28.355,29.077,27.96,9793.378,9822.455,9850.415,287.0,306.0,309.0,298.0,False,HARD,22.0,True,Red Bull Racing,9765.023,2026-09-06 14:49:20.199,1,3.0,False,,False,True
9935.834,VER,3,85.419,51.0,3.0,,,28.26,29.154,28.005,9878.675,9907.829,9935.834,288.0,308.0,309.0,299.0,False,HARD,23.0,True,Red Bull Racing,9850.415,2026-09-06 14:50:45.591,1,3.0,False,,False,True
10021.207,VER,3,85.373,52.0,3.0,,,28.307,29.209,27.857,9964.141,9993.35,10021.207,289.0,309.0,311.0,300.0,False,HARD,24.0,True,Red Bull Racing,9935.834,2026-09-06 14:52:11.010,1,3.0,False,,False,True
10106.011,VER,3,84.804,53.0,3.0,,,28.147,29.082,27.575,10049.354,10078.436,10106.011,291.0,311.0,313.0,303.0,False,HARD,25.0,True,Red Bull Racing,10021.207,2026-09-06 14:53:36.383,1,3.0,False,,False,True
3513.472,LAW,30,97.497,1.0,1.0,3424.042,,,30.566,29.906,,3483.78,3513.6,291.0,318.0,310.0,272.0,False,MEDIUM,1.0,True,Red Bull Racing,3415.761,2026-09-06 13:03:30.937,1,19.0,False,,False,False
3602.308,LAW,30,88.836,2.0,1.0,,,28.808,31.149,28.879,3542.356,3573.505,3602.384,297.0,321.0,316.0,310.0,True,MEDIUM,2.0,True,Red Bull Racing,3513.472,2026-09-06 13:05:08.648,12,16.0,False,,False,True
3756.282,LAW,30,,3.0,1.0,,3749.275,43.418,49.021,61.514,3645.823,3694.963,3756.629,148.0,154.0,,326.0,False,MEDIUM,3.0,True,Red Bull Racing,3602.308,2026-09-06 13:06:37.484,245,15.0,False,,False,False
5709.149,LAW,30,,4.0,2.0,5590.428,,,33.77,51.231,,5657.994,5709.391,251.0,256.0,29.0,202.0,False,HARD,1.0,True,Red Bull Racing,5544.927,2026-09-06 13:39:00.103,1,15.0,False,,False,False
5907.149,LAW,30,,5.0,2.0,,,,35.578,48.414,,5858.896,5907.475,243.0,257.0,47.0,169.0,False,HARD,2.0,True,Red Bull Racing,5709.149,2026-09-06 13:41:44.325,1,15.0,False,,False,False
6041.992,LAW,30,134.843,6.0,2.0,,,73.751,31.303,29.789,5980.976,6012.279,6042.068,289.0,321.0,307.0,277.0,False,HARD,3.0,True,Red Bull Racing,5907.149,2026-09-06 13:45:02.325,12,12.0,False,,False,True
6130.252,LAW,30,88.26,7.0,2.0,,,28.696,30.557,29.007,6070.764,6101.321,6130.328,296.0,321.0,314.0,319.0,True,HARD,4.0,True,Red Bull Racing,6041.992,2026-09-06 13:47:17.168,1,12.0,False,,False,True
6217.931,LAW,30,87.679,8.0,2.0,,,28.817,30.117,28.745,6159.145,6189.262,6218.007,293.0,316.0,311.0,333.0,True,HARD,5.0,True,Red Bull Racing,6130.252,2026-09-06 13:48:45.428,1,11.0,False,,False,True
6304.769,LAW,30,86.838,9.0,2.0,,,28.337,29.832,28.669,6246.344,6276.176,6304.845,294.0,319.0,310.0,315.0,True,HARD,6.0,True,Red Bull Racing,6217.931,2026-09-06 13:50:13.107,1,11.0,False,,False,True
6392.028,LAW,30,87.259,10.0,2.0,,,28.255,30.044,28.96,6333.1,6363.144,6392.104,299.0,321.0,318.0,317.0,False,HARD,7.0,True,Red Bull Racing,6304.769,2026-09-06 13:51:39.945,1,11.0,False,,False,True
6480.733,LAW,30,88.705,11.0,2.0,,,28.917,30.691,29.097,6421.021,6451.712,6480.809,297.0,314.0,318.0,322.0,False,HARD,8.0,True,Red Bull Racing,6392.028,2026-09-06 13:53:07.204,1,11.0,False,,False,True
6574.476,LAW,30,93.743,12.0,2.0,,6570.821,28.407,30.595,34.741,6509.216,6539.811,6574.552,292.0,308.0,,317.0,False,HARD,9.0,True,Red Bull Racing,6480.733,2026-09-06 13:54:35.909,1,17.0,False,,False,False
6689.969,LAW,30,115.493,13.0,3.0,6601.894,,55.885,30.639,28.969,6630.437,6661.076,6690.045,285.0,301.0,305.0,274.0,False,MEDIUM,4.0,False,Red Bull Racing,6574.476,2026-09-06 13:56:09.652,1,21.0,False,,False,False
6777.013,LAW,30,87.044,14.0,3.0,,,28.758,29.652,28.634,6718.803,6748.455,6777.089,285.0,302.0,307.0,305.0,False,MEDIUM,5.0,False,Red Bull Racing,6689.969,2026-09-06 13:58:05.145,1,21.0,False,,False,True
6863.711,LAW,30,86.698,15.0,3.0,,,28.569,29.499,28.63,6805.658,6835.157,6863.787,284.0,303.0,306.0,308.0,True,MEDIUM,6.0,False,Red Bull Racing,6777.013,2026-09-06 13:59:32.189,1,21.0,False,,False,True
6950.255,LAW,30,86.544,16.0,3.0,,,28.548,29.446,28.55,6892.335,6921.781,6950.331,285.0,304.0,303.0,305.0,True,MEDIUM,7.0,False,Red Bull Racing,6863.711,2026-09-06 14:00:58.887,1,21.0,False,,False,True
7036.632,LAW,30,86.377,17.0,3.0,,,28.447,29.489,28.441,6978.778,7008.267,7036.708,286.0,305.0,304.0,310.0,True,MEDIUM,8.0,False,Red Bull Racing,6950.255,2026-09-06 14:02:25.431,1,21.0,False,,False,True
7122.945,LAW,30,86.313,18.0,3.0,,,28.314,29.477,28.522,7065.022,7094.499,7123.021,288.0,306.0,307.0,311.0,True,MEDIUM,9.0,False,Red Bull Racing,7036.632,2026-09-06 14:03:51.808,1,21.0,False,,False,True
7209.126,LAW,30,86.181,19.0,3.0,,,28.387,29.388,28.406,7151.408,7180.796,7209.202,288.0,308.0,309.0,309.0,True,MEDIUM,10.0,False,Red Bull Racing,7122.945,2026-09-06 14:05:18.121,1,21.0,False,,False,True
7295.42,LAW,30,86.294,20.0,3.0,,,28.235,29.446,28.613,7237.437,7266.883,7295.496,290.0,312.0,314.0,314.0,False,MEDIUM,11.0,False,Red Bull Racing,7209.126,2026-09-06 14:06:44.302,1,21.0,False,,False,True
7381.926,LAW,30,86.506,21.0,3.0,,,28.425,29.559,28.522,7323.921,7353.48,7382.002,288.0,307.0,312.0,308.0,False,MEDIUM,12.0,False,Red Bull Racing,7295.42,2026-09-06 14:08:10.596,1,20.0,False,,False,True
7468.278,LAW,30,86.352,22.0,3.0,,,28.405,29.49,28.457,7410.407,7439.897,7468.354,288.0,309.0,309.0,309.0,False,MEDIUM,13.0,False,Red Bull Racing,7381.926,2026-09-06 14:09:37.102,1,20.0,False,,False,True
7554.591,LAW,30,86.313,23.0,3.0,,,28.188,29.589,28.536,7496.542,7526.131,7554.667,291.0,313.0,312.0,313.0,False,MEDIUM,14.0,False,Red Bull Racing,7468.278,2026-09-06 14:11:03.454,1,19.0,False,,False,True
7641.636,LAW,30,87.045,24.0,3.0,,,28.379,29.819,28.847,7583.046,7612.865,7641.712,291.0,327.0,312.0,316.0,False,MEDIUM,15.0,False,Red Bull Racing,7554.591,2026-09-06 14:12:29.767,1,17.0,False,,False,True
7728.384,LAW,30,86.748,25.0,3.0,,,28.569,29.539,28.64,7670.281,7699.82,7728.46,285.0,303.0,303.0,308.0,False,MEDIUM,16.0,False,Red Bull Racing,7641.636,2026-09-06 14:13:56.812,1,17.0,False,,False,True
7814.898,LAW,30,86.514,26.0,3.0,,,28.593,29.476,28.445,7757.053,7786.529,7814.974,285.0,304.0,307.0,307.0,False,MEDIUM,17.0,False,Red Bull Racing,7728.384,2026-09-06 14:15:23.560,1,17.0,False,,False,True
7912.407,LAW,30,97.509,27.0,3.0,,,28.636,29.704,39.169,7843.61,7873.314,7912.483,286.0,199.0,254.0,309.0,False,MEDIUM,18.0,False,Red Bull Racing,7814.898,2026-09-06 14:16:50.074,126,17.0,False,,False,False
8017.707,LAW,30,105.3,28.0,3.0,,,39.111,37.29,28.899,7951.594,7988.884,8017.783,282.0,261.0,311.0,238.0,False,MEDIUM,19.0,False,Red Bull Racing,7912.407,2026-09-06 14:18:27.583,671,17.0,False,,False,False
8103.958,LAW,30,86.251,29.0,3.0,,,28.46,29.412,28.379,8046.243,8075.655,8104.034,288.0,310.0,309.0,309.0,False,MEDIUM,20.0,False,Red Bull Racing,8017.707,2026-09-06 14:20:12.883,1,17.0,False,,False,True
8190.301,LAW,30,86.343,30.0,3.0,,,28.468,29.525,28.35,8132.502,8162.027,8190.377,288.0,309.0,308.0,308.0,False,MEDIUM,21.0,False,Red Bull Racing,8103.958,2026-09-06 14:21:39.134,1,17.0,False,,False,True
8276.372,LAW,30,86.071,31.0,3.0,,,28.302,29.404,28.365,8218.679,8248.083,8276.448,289.0,311.0,308.0,312.0,True,MEDIUM,22.0,False,Red Bull Racing,8190.301,2026-09-06 14:23:05.477,1,17.0,False,,False,True
8362.469,LAW,30,86.097,32.0,3.0,,,28.364,29.454,28.279,8304.812,8334.266,8362.545,290.0,311.0,311.0,311.0,False,MEDIUM,23.0,False,Red Bull Racing,8276.372,2026-09-06 14:24:31.548,1,17.0,False,,False,True
8448.307,LAW,30,85.838,33.0,3.0,,,28.208,29.393,28.237,8390.753,8420.146,8448.383,291.0,313.0,318.0,312.0,True,MEDIUM,24.0,False,Red Bull Racing,8362.469,2026-09-06 14:25:57.645,1,17.0,False,,False,True
8534.035,LAW,30,85.728,34.0,3.0,,,28.133,29.396,28.199,8476.516,8505.912,8534.111,293.0,315.0,319.0,312.0,True,MEDIUM,25.0,False,Red Bull Racing,8448.307,2026-09-06 14:27:23.483,1,17.0,False,,False,True
8619.697,LAW,30,85.662,35.0,3.0,,,27.975,29.459,28.228,8562.086,8591.545,8619.773,296.0,318.0,319.0,320.0,True,MEDIUM,26.0,False,Red Bull Racing,8534.035,2026-09-06 14:28:49.211,1,17.0,False,,False,True
8705.474,LAW,30,85.777,36.0,3.0,,,27.923,29.709,28.145,8647.696,8677.405,8705.55,304.0,309.0,316.0,325.0,False,MEDIUM,27.0,False,Red Bull Racing,8619.697,2026-09-06 14:30:14.873,1,16.0,False,,False,True
8791.391,LAW,30,85.917,37.0,3.0,,,28.22,29.374,28.323,8733.77,8763.144,8791.467,289.0,311.0,309.0,315.0,False,MEDIUM,28.0,False,Red Bull Racing,8705.474,2026-09-06 14:31:40.650,1,16.0,False,,False,True
8877.229,LAW,30,85.838,38.0,3.0,,,28.339,29.318,28.181,8819.806,8849.124,8877.305,289.0,311.0,315.0,311.0,False,MEDIUM,29.0,False,Red Bull Racing,8791.391,2026-09-06 14:33:06.567,1,16.0,False,,False,True
8963.005,LAW,30,85.776,39.0,3.0,,,28.086,29.495,28.195,8905.391,8934.886,8963.081,290.0,312.0,313.0,317.0,False,MEDIUM,30.0,False,Red Bull Racing,8877.229,2026-09-06 14:34:32.405,1,16.0,False,,False,True
9049.143,LAW,30,86.138,40.0,3.0,,,28.352,29.551,28.235,8991.433,9020.984,9049.219,289.0,311.0,314.0,316.0,False,MEDIUM,31.0,False,Red Bull Racing,8963.005,2026-09-06 14:35:58.181,1,16.0,False,,False,True
9135.041,LAW,30,85.898,41.0,3.0,,,28.379,29.281,28.238,9077.598,9106.879,9135.117,288.0,311.0,316.0,315.0,False,MEDIUM,32.0,False,Red Bull Racing,9049.143,2026-09-06 14:37:24.319,1,16.0,False,,False,True
9220.793,LAW,30,85.752,42.0,3.0,,,28.247,29.332,28.173,9163.364,9192.696,9220.869,290.0,313.0,314.0,312.0,False,MEDIUM,33.0,False,Red Bull Racing,9135.041,2026-09-06 14:38:50.217,1,16.0,False,,False,True
9306.524,LAW,30,85.731,43.0,3.0,,,28.243,29.366,28.122,9249.112,9278.478,9306.6,291.0,314.0,319.0,317.0,False,MEDIUM,34.0,False,Red Bull Racing,9220.793,2026-09-06 14:40:15.969,1,16.0,False,,False,True
9393.987,LAW,30,87.463,44.0,3.0,,,29.324,29.742,28.397,9335.924,9365.666,9394.063,289.0,311.0,312.0,321.0,False,MEDIUM,35.0,False,Red Bull Racing,9306.524,2026-09-06 14:41:41.700,1,16.0,False,,False,True
9479.849,LAW,30,85.862,45.0,3.0,,,28.259,29.363,28.24,9422.322,9451.685,9479.925,289.0,312.0,314.0,315.0,False,MEDIUM,36.0,False,Red Bull Racing,9393.987,2026-09-06 14:43:09.163,1,16.0,False,,False,True
9565.518,LAW,30,85.669,46.0,3.0,,,28.348,29.203,28.118,9508.273,9537.476,9565.594,291.0,316.0,316.0,316.0,False,MEDIUM,37.0,False,Red Bull Racing,9479.849,2026-09-06 14:44:35.025,1,15.0,False,,False,True
9651.258,LAW,30,85.74,47.0,3.0,,,28.267,29.352,28.121,9593.861,9623.213,9651.334,291.0,312.0,314.0,312.0,False,MEDIUM,38.0,False,Red Bull Racing,9565.518,2026-09-06 14:46:00.694,1,15.0,False,,False,True
9737.586,LAW,30,86.328,48.0,3.0,,,28.608,29.542,28.178,9679.942,9709.484,9737.662,290.0,312.0,314.0,312.0,False,MEDIUM,39.0,False,Red Bull Racing,9651.258,2026-09-06 14:47:26.434,1,15.0,False,,False,True
9823.443,LAW,30,85.857,49.0,3.0,,,28.243,29.401,28.213,9765.905,9795.306,9823.519,290.0,312.0,313.0,314.0,False,MEDIUM,40.0,False,Red Bull Racing,9737.586,2026-09-06 14:48:52.762,1,15.0,False,,False,True
9909.253,LAW,30,85.81,50.0,3.0,,,28.363,29.292,28.155,9851.882,9881.174,9909.329,290.0,316.0,317.0,311.0,False,MEDIUM,41.0,False,Red Bull Racing,9823.443,2026-09-06 14:50:18.619,1,15.0,False,,False,True
9995.383,LAW,30,86.13,51.0,3.0,,,28.197,29.437,28.496,9937.526,9966.963,9995.459,295.0,323.0,321.0,320.0,False,MEDIUM,42.0,False,Red Bull Racing,9909.253,2026-09-06 14:51:44.429,1,15.0,False,,False,True
10081.244,LAW,30,85.861,52.0,3.0,,,28.023,29.69,28.148,10023.482,10053.172,10081.32,296.0,313.0,320.0,326.0,False,MEDIUM,43.0,False,Red Bull Racing,9995.383,2026-09-06 14:53:10.559,1,14.0,False,,False,True
10166.822,LAW,30,85.578,53.0,3.0,,,28.188,29.245,28.145,10109.508,10138.753,10166.898,291.0,313.0,316.0,320.0,True,MEDIUM,44.0,False,Red Bull Racing,10081.244,2026-09-06 14:54:36.420,1,14.0,False,,False,True
3509.895,OCO,31,93.92,1.0,1.0,,,,32.173,29.395,,3480.717,3509.964,307.0,313.0,319.0,262.0,False,SOFT,1.0,True,Haas F1 Team,3415.761,2026-09-06 13:03:30.937,1,12.0,False,,False,False
3597.453,OCO,31,87.558,2.0,1.0,,,28.513,30.231,28.814,3538.477,3568.708,3597.522,289.0,317.0,316.0,330.0,True,SOFT,2.0,True,Haas F1 Team,3509.895,2026-09-06 13:05:05.071,1,10.0,False,,False,True
3741.568,OCO,31,144.115,3.0,1.0,,3735.293,39.048,45.758,59.309,3636.57,3682.328,3741.637,171.0,162.0,,316.0,False,SOFT,3.0,True,Haas F1 Team,3597.453,2026-09-06 13:06:32.629,1245,10.0,False,,False,False
5695.781,OCO,31,,4.0,2.0,5577.763,,,34.999,47.296,,5648.554,5695.907,258.0,213.0,45.0,220.0,False,HARD,1.0,True,Haas F1 Team,5544.927,2026-09-06 13:39:00.103,1,10.0,False,,False,False
5890.367,OCO,31,,5.0,2.0,,,,35.135,40.826,,5849.61,5890.462,258.0,246.0,82.0,158.0,False,HARD,2.0,True,Haas F1 Team,5695.781,2026-09-06 13:41:30.957,1,10.0,False,,False,False
6042.075,OCO,31,,6.0,2.0,,,90.095,31.907,29.869,5980.456,6012.437,6042.197,297.0,310.0,332.0,265.0,False,HARD,3.0,True,Haas F1 Team,5890.367,2026-09-06 13:44:45.543,12,13.0,False,,False,False
6130.873,OCO,31,88.798,7.0,2.0,,,28.666,31.09,29.042,6070.81,6101.9,6130.942,287.0,318.0,314.0,334.0,False,HARD,4.0,True,Haas F1 Team,6042.075,2026-09-06 13:47:17.251,1,13.0,False,,False,True
6219.086,OCO,31,88.213,8.0,2.0,,,28.61,30.859,28.744,6159.552,6190.411,6219.155,309.0,319.0,318.0,314.0,False,HARD,5.0,True,Haas F1 Team,6130.873,2026-09-06 13:48:46.049,1,13.0,False,,False,True
6306.443,OCO,31,87.357,9.0,2.0,,,28.529,30.225,28.603,6247.684,6277.909,6306.512,290.0,313.0,318.0,318.0,True,HARD,6.0,True,Haas F1 Team,6219.086,2026-09-06 13:50:14.262,1,13.0,False,,False,True
6393.905,OCO,31,87.462,10.0,2.0,,,28.489,30.081,28.892,6335.001,6365.082,6393.974,289.0,311.0,310.0,325.0,False,HARD,7.0,True,Haas F1 Team,6306.443,2026-09-06 13:51:41.619,1,13.0,False,,False,True
6481.767,OCO,31,87.862,11.0,2.0,,,28.594,30.219,29.049,6422.568,6452.787,6481.836,290.0,316.0,309.0,315.0,False,HARD,8.0,True,Haas F1 Team,6393.905,2026-09-06 13:53:09.081,1,13.0,False,,False,True
6569.862,OCO,31,88.095,12.0,2.0,,,28.685,29.946,29.464,6510.521,6540.467,6569.931,291.0,311.0,317.0,322.0,False,HARD,9.0,True,Haas F1 Team,6481.767,2026-09-06 13:54:36.943,1,12.0,False,,False,True
6656.752,OCO,31,86.89,13.0,2.0,,,28.369,30.01,28.511,6598.3,6628.31,6656.821,291.0,305.0,326.0,322.0,True,HARD,10.0,True,Haas F1 Team,6569.862,2026-09-06 13:56:05.038,1,12.0,False,,False,True
6744.392,OCO,31,87.64,14.0,2.0,,,28.248,30.454,28.938,6685.069,6715.523,6744.461,293.0,317.0,318.0,314.0,False,HARD,11.0,True,Haas F1 Team,6656.752,2026-09-06 13:57:31.928,1,12.0,False,,False,True
6832.187,OCO,31,87.795,15.0,2.0,,,28.623,30.511,28.661,6773.084,6803.595,6832.256,305.0,317.0,324.0,319.0,False,HARD,12.0,True,Haas F1 Team,6744.392,2026-09-06 13:58:59.568,1,13.0,False,,False,True
6919.472,OCO,31,87.285,16.0,2.0,,,28.063,30.478,28.744,6860.319,6890.797,6919.541,308.0,312.0,313.0,325.0,False,HARD,13.0,True,Haas F1 Team,6832.187,2026-09-06 14:00:27.363,1,12.0,False,,False,True
7006.601,OCO,31,87.129,17.0,2.0,,,28.466,29.905,28.758,6948.007,6977.912,7006.67,289.0,311.0,312.0,321.0,False,HARD,14.0,True,Haas F1 Team,6919.472,2026-09-06 14:01:54.648,1,12.0,False,,False,True
7094.108,OCO,31,87.507,18.0,2.0,,,28.396,30.419,28.692,7035.066,7065.485,7094.177,288.0,318.0,317.0,320.0,False,HARD,15.0,True,Haas F1 Team,7006.601,2026-09-06 14:03:21.777,1,13.0,False,,False,True
7181.045,OCO,31,86.937,19.0,2.0,,,28.378,29.97,28.589,7122.555,7152.525,7181.114,290.0,314.0,318.0,323.0,False,HARD,16.0,True,Haas F1 Team,7094.108,2026-09-06 14:04:49.284,1,13.0,False,,False,True
7267.832,OCO,31,86.787,20.0,2.0,,,28.295,29.87,28.622,7209.409,7239.279,7267.901,291.0,314.0,316.0,320.0,True,HARD,17.0,True,Haas F1 Team,7181.045,2026-09-06 14:06:16.221,1,13.0,False,,False,True
7356.141,OCO,31,88.309,21.0,2.0,,,29.01,30.295,29.004,7296.911,7327.206,7356.21,289.0,319.0,308.0,321.0,False,HARD,18.0,True,Haas F1 Team,7267.832,2026-09-06 14:07:43.008,1,14.0,False,,False,True
7443.751,OCO,31,87.61,22.0,2.0,,,28.853,30.086,28.671,7385.063,7415.149,7443.82,291.0,315.0,319.0,314.0,False,HARD,19.0,True,Haas F1 Team,7356.141,2026-09-06 14:09:11.317,1,14.0,False,,False,True
7530.729,OCO,31,86.978,23.0,2.0,,,28.376,30.099,28.503,7472.196,7502.295,7530.798,293.0,315.0,319.0,324.0,False,HARD,20.0,True,Haas F1 Team,7443.751,2026-09-06 14:10:38.927,1,14.0,False,,False,True
7617.487,OCO,31,86.758,24.0,2.0,,,28.324,30.023,28.411,7559.122,7589.145,7617.556,292.0,315.0,309.0,322.0,True,HARD,21.0,True,Haas F1 Team,7530.729,2026-09-06 14:12:05.905,1,14.0,False,,False,True
7704.533,OCO,31,87.046,25.0,2.0,,,28.607,29.958,28.481,7646.163,7676.121,7704.602,289.0,314.0,307.0,315.0,False,HARD,22.0,True,Haas F1 Team,7617.487,2026-09-06 14:13:32.663,1,14.0,False,,False,True
7792.547,OCO,31,88.014,26.0,2.0,,,29.117,30.067,28.83,7733.719,7763.786,7792.616,286.0,308.0,310.0,315.0,False,HARD,23.0,True,Haas F1 Team,7704.533,2026-09-06 14:14:59.709,1,14.0,False,,False,True
7888.451,OCO,31,95.904,27.0,2.0,,7884.903,28.711,30.367,36.826,7821.327,7851.694,7888.52,286.0,322.0,,311.0,False,HARD,24.0,True,Haas F1 Team,7792.547,2026-09-06 14:16:27.723,126,15.0,False,,False,False
8014.35,OCO,31,125.899,28.0,3.0,7911.92,,58.852,37.669,29.378,7947.372,7985.041,8014.419,222.0,270.0,304.0,218.0,False,MEDIUM,1.0,True,Haas F1 Team,7888.451,2026-09-06 14:18:03.627,671,16.0,False,,False,False
8100.904,OCO,31,86.554,29.0,3.0,,,28.715,29.464,28.375,8043.134,8072.598,8100.973,286.0,308.0,314.0,311.0,True,MEDIUM,2.0,True,Haas F1 Team,8014.35,2026-09-06 14:20:09.526,1,16.0,False,,False,True
8187.224,OCO,31,86.32,30.0,3.0,,,28.374,29.452,28.494,8129.347,8158.799,8187.293,288.0,311.0,314.0,312.0,True,MEDIUM,3.0,True,Haas F1 Team,8100.904,2026-09-06 14:21:36.080,1,16.0,False,,False,True
8273.667,OCO,31,86.443,31.0,3.0,,,28.439,29.496,28.508,8215.732,8245.228,8273.736,287.0,310.0,312.0,313.0,False,MEDIUM,4.0,True,Haas F1 Team,8187.224,2026-09-06 14:23:02.400,1,16.0,False,,False,True
8360.067,OCO,31,86.4,32.0,3.0,,,28.429,29.506,28.465,8302.165,8331.671,8360.136,287.0,310.0,313.0,314.0,False,MEDIUM,5.0,True,Haas F1 Team,8273.667,2026-09-06 14:24:28.843,1,16.0,False,,False,True
8446.644,OCO,31,86.577,33.0,3.0,,,28.445,29.646,28.486,8388.581,8418.227,8446.713,286.0,310.0,315.0,311.0,False,MEDIUM,6.0,True,Haas F1 Team,8360.067,2026-09-06 14:25:55.243,1,16.0,False,,False,True
8532.851,OCO,31,86.207,34.0,3.0,,,28.289,29.549,28.369,8475.002,8504.551,8532.92,287.0,310.0,317.0,314.0,True,MEDIUM,7.0,True,Haas F1 Team,8446.644,2026-09-06 14:27:21.820,1,16.0,False,,False,True
8619.154,OCO,31,86.303,35.0,3.0,,,28.313,29.493,28.497,8561.233,8590.726,8619.223,287.0,309.0,313.0,313.0,False,MEDIUM,8.0,True,Haas F1 Team,8532.851,2026-09-06 14:28:48.027,1,16.0,False,,False,True
8706.311,OCO,31,87.157,36.0,3.0,,,28.424,30.309,28.424,8647.647,8677.956,8706.38,286.0,318.0,315.0,311.0,False,MEDIUM,9.0,True,Haas F1 Team,8619.154,2026-09-06 14:30:14.330,1,17.0,False,,False,True
8792.419,OCO,31,86.108,37.0,3.0,,,28.424,29.598,28.086,,8764.402,8792.488,290.0,309.0,312.0,319.0,True,MEDIUM,10.0,True,Haas F1 Team,8706.311,2026-09-06 14:31:41.487,1,17.0,False,,False,True
8878.639,OCO,31,86.22,38.0,3.0,,,28.414,29.49,28.316,8820.902,8850.392,8878.708,290.0,312.0,298.0,313.0,False,MEDIUM,11.0,True,Haas F1 Team,8792.419,2026-09-06 14:33:07.595,1,17.0,False,,False,True
8965.519,OCO,31,86.88,39.0,3.0,,,28.624,29.858,28.398,8907.332,8937.19,8965.588,288.0,309.0,309.0,311.0,False,MEDIUM,12.0,True,Haas F1 Team,8878.639,2026-09-06 14:34:33.815,1,17.0,False,,False,True
9052.787,OCO,31,87.268,40.0,3.0,,,28.915,29.684,28.669,8994.503,9024.187,9052.856,286.0,308.0,308.0,310.0,False,MEDIUM,13.0,True,Haas F1 Team,8965.519,2026-09-06 14:36:00.695,1,17.0,False,,False,True
9139.589,OCO,31,86.802,41.0,3.0,,,28.561,29.623,28.618,9081.417,9111.04,9139.658,284.0,307.0,308.0,308.0,False,MEDIUM,14.0,True,Haas F1 Team,9052.787,2026-09-06 14:37:27.963,1,17.0,False,,False,True
9226.654,OCO,31,87.065,42.0,3.0,,,28.738,29.66,28.667,9168.396,9198.056,9226.723,285.0,306.0,305.0,307.0,False,MEDIUM,15.0,True,Haas F1 Team,9139.589,2026-09-06 14:38:54.765,1,17.0,False,,False,True
9313.823,OCO,31,87.169,43.0,3.0,,,28.79,29.71,28.669,9255.513,9285.223,9313.892,284.0,306.0,310.0,305.0,False,MEDIUM,16.0,True,Haas F1 Team,9226.654,2026-09-06 14:40:21.830,1,17.0,False,,False,True
9400.697,OCO,31,86.874,44.0,3.0,,,28.697,29.559,28.618,9342.589,9372.148,9400.766,285.0,305.0,312.0,307.0,False,MEDIUM,17.0,True,Haas F1 Team,9313.823,2026-09-06 14:41:48.999,1,17.0,False,,False,True
9487.524,OCO,31,86.827,45.0,3.0,,,28.734,29.591,28.502,9429.5,9459.091,9487.593,284.0,305.0,313.0,307.0,False,MEDIUM,18.0,True,Haas F1 Team,9400.697,2026-09-06 14:43:15.873,1,17.0,False,,False,True
9574.619,OCO,31,87.095,46.0,3.0,,,28.752,29.649,28.694,9516.345,9545.994,9574.688,284.0,305.0,311.0,306.0,False,MEDIUM,19.0,True,Haas F1 Team,9487.524,2026-09-06 14:44:42.700,1,17.0,False,,False,True
9661.679,OCO,31,87.06,47.0,3.0,,,28.75,29.57,28.74,9603.438,9633.008,9661.748,284.0,304.0,310.0,304.0,False,MEDIUM,20.0,True,Haas F1 Team,9574.619,2026-09-06 14:46:09.795,1,16.0,False,,False,True
9748.738,OCO,31,87.059,48.0,3.0,,,28.74,29.761,28.558,9690.488,9720.249,9748.807,284.0,305.0,311.0,303.0,False,MEDIUM,21.0,True,Haas F1 Team,9661.679,2026-09-06 14:47:36.855,1,16.0,False,,False,True
9835.637,OCO,31,86.899,49.0,3.0,,,28.693,29.601,28.605,9777.5,9807.101,9835.706,285.0,306.0,313.0,305.0,False,MEDIUM,22.0,True,Haas F1 Team,9748.738,2026-09-06 14:49:03.914,1,16.0,False,,False,True
9922.468,OCO,31,86.831,50.0,3.0,,,28.628,29.606,28.597,9864.334,9893.94,9922.537,286.0,310.0,309.0,307.0,False,MEDIUM,23.0,True,Haas F1 Team,9835.637,2026-09-06 14:50:30.813,1,16.0,False,,False,True
10012.112,OCO,31,89.644,51.0,3.0,,,31.081,29.941,28.622,9953.618,9983.559,10012.181,289.0,308.0,315.0,205.0,False,MEDIUM,24.0,True,Haas F1 Team,9922.468,2026-09-06 14:51:57.644,1,16.0,False,,False,True
10097.823,OCO,31,85.711,52.0,3.0,,,28.555,29.008,28.148,10040.736,10069.744,10097.892,286.0,327.0,289.0,311.0,True,MEDIUM,25.0,True,Haas F1 Team,10012.112,2026-09-06 14:53:27.288,1,16.0,False,,False,True
3508.237,LIN,41,92.262,1.0,1.0,,,,31.818,28.968,,3479.389,3508.456,315.0,322.0,303.0,263.0,False,MEDIUM,1.0,True,Racing Bulls,3415.761,2026-09-06 13:03:30.937,1,8.0,False,,False,False
3595.402,LIN,41,87.165,2.0,1.0,,,28.704,30.095,28.366,3537.038,3567.133,3595.499,290.0,313.0,320.0,319.0,True,MEDIUM,2.0,True,Racing Bulls,3508.237,2026-09-06 13:05:03.413,1,7.0,False,,False,True
3732.18,LIN,41,136.778,3.0,1.0,,3727.418,36.772,41.447,58.559,3632.271,3673.718,3732.277,144.0,126.0,,324.0,False,MEDIUM,3.0,True,Racing Bulls,3595.402,2026-09-06 13:06:30.578,1245,7.0,False,,False,False
5685.652,LIN,41,,4.0,2.0,5569.95,,,37.853,42.102,,5643.647,5685.813,249.0,239.0,60.0,211.0,False,HARD,1.0,True,Racing Bulls,5544.927,2026-09-06 13:39:00.103,1,7.0,False,,False,False
5882.826,LIN,41,,5.0,2.0,,,,34.202,40.122,,5842.839,5882.923,247.0,253.0,74.0,210.0,False,HARD,2.0,True,Racing Bulls,5685.652,2026-09-06 13:41:20.828,1,7.0,False,,False,False
6039.707,LIN,41,,6.0,2.0,,,95.829,31.573,29.549,5978.897,6010.317,6039.937,309.0,331.0,287.0,299.0,False,HARD,3.0,True,Racing Bulls,5882.826,2026-09-06 13:44:38.002,12,7.0,False,,False,False
6127.609,LIN,41,87.902,7.0,2.0,,,29.222,30.206,28.474,6069.026,6099.232,6127.706,291.0,316.0,321.0,313.0,False,HARD,4.0,True,Racing Bulls,6039.707,2026-09-06 13:47:14.883,1,8.0,False,,False,True
6214.439,LIN,41,86.83,8.0,2.0,,,28.394,29.905,28.531,6156.1,6186.005,6214.536,289.0,314.0,310.0,322.0,True,HARD,5.0,True,Racing Bulls,6127.609,2026-09-06 13:48:42.785,1,8.0,False,,False,True
6300.965,LIN,41,86.526,9.0,2.0,,,28.546,29.593,28.387,6243.082,6272.675,6301.062,289.0,311.0,310.0,319.0,True,HARD,6.0,True,Racing Bulls,6214.439,2026-09-06 13:50:09.615,1,8.0,False,,False,True
6387.517,LIN,41,86.552,10.0,2.0,,,28.401,29.556,28.595,6329.463,6359.019,6387.614,289.0,311.0,311.0,316.0,False,HARD,7.0,True,Racing Bulls,6300.965,2026-09-06 13:51:36.141,1,8.0,False,,False,True
6474.184,LIN,41,86.667,11.0,2.0,,,28.481,29.651,28.535,6416.095,6445.746,6474.281,289.0,310.0,312.0,317.0,False,HARD,8.0,True,Racing Bulls,6387.517,2026-09-06 13:53:02.693,1,8.0,False,,False,True
6560.692,LIN,41,86.508,12.0,2.0,,,28.384,29.65,28.474,6502.665,6532.315,6560.789,289.0,310.0,312.0,318.0,True,HARD,9.0,True,Racing Bulls,6474.184,2026-09-06 13:54:29.360,1,8.0,False,,False,True
6647.402,LIN,41,86.71,13.0,2.0,,,28.389,29.782,28.539,6589.178,6618.96,6647.499,289.0,309.0,313.0,315.0,False,HARD,10.0,True,Racing Bulls,6560.692,2026-09-06 13:55:55.868,1,8.0,False,,False,True
6733.924,LIN,41,86.522,14.0,2.0,,,28.346,29.651,28.525,6675.845,6705.496,6734.021,291.0,307.0,312.0,313.0,False,HARD,11.0,True,Racing Bulls,6647.402,2026-09-06 13:57:22.578,1,8.0,False,,False,True
6820.765,LIN,41,86.841,15.0,2.0,,,28.366,29.805,28.67,6762.387,6792.192,6820.862,288.0,307.0,312.0,313.0,False,HARD,12.0,True,Racing Bulls,6733.924,2026-09-06 13:58:49.100,1,8.0,False,,False,True
6907.684,LIN,41,86.919,16.0,2.0,,,28.422,29.798,28.699,6849.284,6879.082,6907.781,287.0,306.0,313.0,313.0,False,HARD,13.0,True,Racing Bulls,6820.765,2026-09-06 14:00:15.941,1,8.0,False,,False,True
6994.542,LIN,41,86.858,17.0,2.0,,,28.384,29.796,28.678,6936.165,6965.961,6994.639,287.0,306.0,311.0,314.0,False,HARD,14.0,True,Racing Bulls,6907.684,2026-09-06 14:01:42.860,1,8.0,False,,False,True
7081.434,LIN,41,86.892,18.0,2.0,,,28.379,29.788,28.725,7023.018,7052.806,7081.531,287.0,306.0,312.0,314.0,False,HARD,15.0,True,Racing Bulls,6994.542,2026-09-06 14:03:09.718,1,8.0,False,,False,True
7168.219,LIN,41,86.785,19.0,2.0,,,28.369,29.68,28.736,7109.9,7139.58,7168.316,288.0,306.0,312.0,314.0,False,HARD,16.0,True,Racing Bulls,7081.434,2026-09-06 14:04:36.610,1,8.0,False,,False,True
7255.146,LIN,41,86.927,20.0,2.0,,,28.516,29.741,28.67,7196.832,7226.573,7255.243,288.0,307.0,310.0,313.0,False,HARD,17.0,True,Racing Bulls,7168.219,2026-09-06 14:06:03.395,1,8.0,False,,False,True
7342.007,LIN,41,86.861,21.0,2.0,,,28.406,29.802,28.653,7283.649,7313.451,7342.104,288.0,309.0,311.0,315.0,False,HARD,18.0,True,Racing Bulls,7255.146,2026-09-06 14:07:30.322,1,8.0,False,,False,True
7428.681,LIN,41,86.674,22.0,2.0,,,28.444,29.672,28.558,7370.548,7400.22,7428.778,288.0,309.0,310.0,316.0,False,HARD,19.0,True,Racing Bulls,7342.007,2026-09-06 14:08:57.183,1,8.0,False,,False,True
7515.374,LIN,41,86.693,23.0,2.0,,,28.407,29.712,28.574,7457.185,7486.897,7515.471,289.0,310.0,309.0,315.0,False,HARD,20.0,True,Racing Bulls,7428.681,2026-09-06 14:10:23.857,1,8.0,False,,False,True
7602.156,LIN,41,86.782,24.0,2.0,,,28.419,29.735,28.628,7543.89,7573.625,7602.253,287.0,309.0,310.0,315.0,False,HARD,21.0,True,Racing Bulls,7515.374,2026-09-06 14:11:50.550,1,8.0,False,,False,True
7688.813,LIN,41,86.657,25.0,2.0,,,28.43,29.643,28.584,7630.683,7660.326,7688.91,288.0,308.0,313.0,314.0,False,HARD,22.0,True,Racing Bulls,7602.156,2026-09-06 14:13:17.332,1,8.0,False,,False,True
7775.538,LIN,41,86.725,26.0,2.0,,,28.416,29.718,28.591,7717.326,7747.044,7775.635,287.0,307.0,311.0,314.0,False,HARD,23.0,True,Racing Bulls,7688.813,2026-09-06 14:14:43.989,1,8.0,False,,False,True
7862.445,LIN,41,86.907,27.0,2.0,,,28.57,29.666,28.671,7804.205,7833.871,7862.542,286.0,306.0,311.0,313.0,False,HARD,24.0,True,Racing Bulls,7775.538,2026-09-06 14:16:10.714,12,8.0,False,,False,True
7974.901,LIN,41,112.456,28.0,2.0,,,37.026,37.818,37.612,7899.568,7937.386,7974.998,178.0,189.0,243.0,251.0,False,HARD,25.0,True,Racing Bulls,7862.445,2026-09-06 14:17:37.621,26,8.0,False,,False,False
8065.161,LIN,41,90.26,29.0,2.0,,,32.142,29.825,28.293,8007.14,8036.965,8065.258,284.0,311.0,318.0,254.0,False,HARD,26.0,True,Racing Bulls,7974.901,2026-09-06 14:19:30.077,671,8.0,False,,False,False
8151.637,LIN,41,86.476,30.0,2.0,,,28.437,29.524,28.515,8093.695,8123.219,8151.734,288.0,308.0,311.0,314.0,True,HARD,27.0,True,Racing Bulls,8065.161,2026-09-06 14:21:00.337,1,8.0,False,,False,True
8238.088,LIN,41,86.451,31.0,2.0,,,28.467,29.473,28.511,8180.201,8209.674,8238.185,289.0,309.0,312.0,311.0,True,HARD,28.0,True,Racing Bulls,8151.637,2026-09-06 14:22:26.813,1,8.0,False,,False,True
8324.354,LIN,41,86.266,32.0,2.0,,,28.351,29.522,28.393,8266.536,8296.058,8324.451,289.0,310.0,315.0,314.0,True,HARD,29.0,True,Racing Bulls,8238.088,2026-09-06 14:23:53.264,1,8.0,False,,False,True
8410.766,LIN,41,86.412,33.0,2.0,,,28.346,29.626,28.44,8352.797,8382.423,8410.863,290.0,312.0,314.0,316.0,False,HARD,30.0,True,Racing Bulls,8324.354,2026-09-06 14:25:19.530,1,8.0,False,,False,True
8497.346,LIN,41,86.58,34.0,2.0,,,28.432,29.656,28.492,8439.295,8468.951,8497.443,288.0,307.0,313.0,313.0,False,HARD,31.0,True,Racing Bulls,8410.766,2026-09-06 14:26:45.942,1,8.0,False,,False,True
8583.747,LIN,41,86.401,35.0,2.0,,,28.354,29.617,28.43,8525.797,8555.414,8583.844,290.0,307.0,314.0,312.0,False,HARD,32.0,True,Racing Bulls,8497.346,2026-09-06 14:28:12.522,1,8.0,False,,False,True
8670.048,LIN,41,86.301,36.0,2.0,,,28.337,29.514,28.45,8612.181,8641.695,8670.145,288.0,308.0,315.0,313.0,False,HARD,33.0,True,Racing Bulls,8583.747,2026-09-06 14:29:38.923,1,8.0,False,,False,True
8756.393,LIN,41,86.345,37.0,2.0,,,28.356,29.656,28.333,8698.501,8728.157,8756.49,289.0,309.0,314.0,314.0,False,HARD,34.0,True,Racing Bulls,8670.048,2026-09-06 14:31:05.224,1,8.0,False,,False,True
8842.875,LIN,41,86.482,38.0,2.0,,,28.32,29.68,28.482,8784.81,8814.49,8842.972,290.0,311.0,312.0,316.0,False,HARD,35.0,True,Racing Bulls,8756.393,2026-09-06 14:32:31.569,1,8.0,False,,False,True
8929.189,LIN,41,86.314,39.0,2.0,,,28.365,29.52,28.429,8871.337,8900.857,8929.286,288.0,305.0,313.0,312.0,False,HARD,36.0,True,Racing Bulls,8842.875,2026-09-06 14:33:58.051,1,8.0,False,,False,True
9015.513,LIN,41,86.324,40.0,2.0,,,28.4,29.545,28.379,8957.686,8987.231,9015.61,286.0,305.0,312.0,311.0,False,HARD,37.0,True,Racing Bulls,8929.189,2026-09-06 14:35:24.365,1,8.0,False,,False,True
9102.151,LIN,41,86.638,41.0,2.0,,,28.514,29.717,28.407,9044.124,9073.841,9102.248,285.0,305.0,313.0,310.0,False,HARD,38.0,True,Racing Bulls,9015.513,2026-09-06 14:36:50.689,1,8.0,False,,False,True
9188.578,LIN,41,86.427,42.0,2.0,,,28.527,29.662,28.238,9130.775,9160.437,9188.675,286.0,305.0,314.0,311.0,False,HARD,39.0,True,Racing Bulls,9102.151,2026-09-06 14:38:17.327,1,8.0,False,,False,True
9274.921,LIN,41,86.343,43.0,2.0,,,28.6,29.517,28.226,9217.275,9246.792,9275.018,286.0,305.0,312.0,311.0,False,HARD,40.0,True,Racing Bulls,9188.578,2026-09-06 14:39:43.754,1,8.0,False,,False,True
9361.083,LIN,41,86.162,44.0,2.0,,,28.448,29.477,28.237,9303.466,9332.943,9361.18,286.0,304.0,313.0,309.0,True,HARD,41.0,True,Racing Bulls,9274.921,2026-09-06 14:41:10.097,1,8.0,False,,False,True
9447.277,LIN,41,86.194,45.0,2.0,,,28.504,29.395,28.295,9389.684,9419.079,9447.374,287.0,304.0,313.0,309.0,False,HARD,42.0,True,Racing Bulls,9361.083,2026-09-06 14:42:36.259,1,8.0,False,,False,True
9533.33,LIN,41,86.053,46.0,2.0,,,28.469,29.369,28.215,9475.843,9505.212,9533.427,286.0,305.0,311.0,309.0,True,HARD,43.0,True,Racing Bulls,9447.277,2026-09-06 14:44:02.453,1,8.0,False,,False,True
9619.358,LIN,41,86.028,47.0,2.0,,,28.452,29.388,28.188,9561.879,9591.267,9619.455,287.0,304.0,314.0,308.0,True,HARD,44.0,True,Racing Bulls,9533.33,2026-09-06 14:45:28.506,1,8.0,False,,False,True
9705.391,LIN,41,86.033,48.0,2.0,,,28.47,29.386,28.177,9647.925,9677.311,9705.488,287.0,306.0,314.0,308.0,False,HARD,45.0,True,Racing Bulls,9619.358,2026-09-06 14:46:54.534,1,8.0,False,,False,True
9791.598,LIN,41,86.207,49.0,2.0,,,28.529,29.523,28.155,9734.017,9763.54,9791.695,286.0,305.0,313.0,306.0,False,HARD,46.0,True,Racing Bulls,9705.391,2026-09-06 14:48:20.567,1,8.0,False,,False,True
9877.819,LIN,41,86.221,50.0,2.0,,,28.643,29.347,28.231,9820.338,9849.685,9877.916,285.0,305.0,312.0,306.0,False,HARD,47.0,True,Racing Bulls,9791.598,2026-09-06 14:49:46.774,1,8.0,False,,False,True
9964.052,LIN,41,86.233,51.0,2.0,,,28.534,29.507,28.192,9906.45,9935.957,9964.149,286.0,305.0,312.0,307.0,False,HARD,48.0,True,Racing Bulls,9877.819,2026-09-06 14:51:12.995,1,8.0,False,,False,True
10050.29,LIN,41,86.238,52.0,2.0,,,28.575,29.481,28.182,9992.724,10022.205,10050.387,286.0,304.0,312.0,307.0,False,HARD,49.0,True,Racing Bulls,9964.052,2026-09-06 14:52:39.228,1,8.0,False,,False,True
10136.345,LIN,41,86.055,53.0,2.0,,,28.459,29.397,28.199,10078.846,10108.243,10136.442,287.0,305.0,312.0,306.0,False,HARD,50.0,True,Racing Bulls,10050.29,2026-09-06 14:54:05.466,1,8.0,False,,False,True
3506.581,COL,43,90.606,1.0,1.0,,,,30.866,28.596,,3478.155,3506.735,302.0,316.0,308.0,275.0,False,MEDIUM,1.0,True,Alpine,3415.761,2026-09-06 13:03:30.937,1,6.0,False,,False,False
3593.718,COL,43,87.137,2.0,1.0,,,28.415,30.166,28.556,3535.1,3565.266,3593.822,298.0,324.0,325.0,323.0,True,MEDIUM,2.0,True,Alpine,3506.581,2026-09-06 13:05:01.757,1,5.0,False,,False,True
3720.614,COL,43,126.896,3.0,1.0,,3716.369,34.131,40.736,52.029,3627.953,3668.689,3720.718,101.0,252.0,,307.0,False,MEDIUM,3.0,True,Alpine,3593.718,2026-09-06 13:06:28.894,1245,4.0,False,,False,False
5677.881,COL,43,,4.0,2.0,5561.222,,,36.583,41.903,,5636.085,5677.985,247.0,250.0,60.0,145.0,False,HARD,1.0,True,Alpine,5544.927,2026-09-06 13:39:00.103,1,4.0,False,,False,False
5876.224,COL,43,,5.0,2.0,,,,32.878,40.557,,5835.869,5876.328,198.0,258.0,90.0,185.0,False,HARD,2.0,True,Alpine,5677.881,2026-09-06 13:41:13.057,1,4.0,False,,False,False
6043.995,COL,43,,6.0,2.0,,,,35.998,30.2,,6014.097,6044.291,303.0,318.0,298.0,286.0,False,HARD,3.0,True,Alpine,5876.224,2026-09-06 13:44:31.400,12,15.0,False,,False,False
6132.921,COL,43,88.926,7.0,2.0,,,28.667,30.696,29.563,6072.766,6103.462,6133.025,297.0,311.0,311.0,328.0,False,HARD,4.0,True,Alpine,6043.995,2026-09-06 13:47:19.171,1,16.0,False,,False,True
6221.043,COL,43,88.122,8.0,2.0,,,28.358,30.517,29.247,6161.383,6191.9,6221.147,299.0,326.0,307.0,324.0,False,HARD,5.0,True,Alpine,6132.921,2026-09-06 13:48:48.097,1,16.0,False,,False,True
6309.011,COL,43,87.968,9.0,2.0,,,28.54,30.529,28.899,6249.687,6280.216,6309.115,300.0,318.0,316.0,322.0,False,HARD,6.0,True,Alpine,6221.043,2026-09-06 13:50:16.219,1,16.0,False,,False,True
6396.637,COL,43,87.626,10.0,2.0,,,28.255,30.452,28.919,6337.37,6367.822,6396.741,299.0,317.0,318.0,327.0,False,HARD,7.0,True,Alpine,6309.011,2026-09-06 13:51:44.187,1,16.0,False,,False,True
6484.339,COL,43,87.702,11.0,2.0,,,27.924,30.599,29.179,6424.665,6455.264,6484.443,312.0,320.0,309.0,322.0,False,HARD,8.0,True,Alpine,6396.637,2026-09-06 13:53:11.813,1,16.0,False,,False,True
6572.29,COL,43,87.951,12.0,2.0,,,28.362,30.363,29.226,6512.805,6543.168,6572.394,300.0,313.0,325.0,320.0,False,HARD,9.0,True,Alpine,6484.339,2026-09-06 13:54:39.515,1,15.0,False,,False,True
6659.526,COL,43,87.236,13.0,2.0,,,28.073,30.452,28.711,6600.467,6630.919,6659.63,298.0,310.0,319.0,328.0,False,HARD,10.0,True,Alpine,6572.29,2026-09-06 13:56:07.466,1,15.0,False,,False,True
6746.597,COL,43,87.071,14.0,2.0,,,28.011,30.305,28.755,6687.641,6717.946,6746.701,303.0,312.0,320.0,328.0,True,HARD,11.0,True,Alpine,6659.526,2026-09-06 13:57:34.702,1,15.0,False,,False,True
6833.811,COL,43,87.214,15.0,2.0,,,28.413,30.268,28.533,6775.114,6805.382,6833.915,294.0,316.0,332.0,320.0,False,HARD,12.0,True,Alpine,6746.597,2026-09-06 13:59:01.773,1,15.0,False,,False,True
6921.145,COL,43,87.334,16.0,2.0,,,27.507,30.651,29.176,6861.422,6892.073,6921.249,303.0,314.0,308.0,331.0,False,HARD,13.0,True,Alpine,6833.811,2026-09-06 14:00:28.987,1,14.0,False,,False,True
7008.205,COL,43,87.06,17.0,2.0,,,28.214,30.337,28.509,6949.463,6979.8,7008.309,297.0,310.0,321.0,324.0,True,HARD,14.0,True,Alpine,6921.145,2026-09-06 14:01:56.321,1,14.0,False,,False,True
7095.015,COL,43,86.81,18.0,2.0,,,27.939,30.251,28.62,7036.248,7066.499,7095.119,298.0,312.0,318.0,331.0,True,HARD,15.0,True,Alpine,7008.205,2026-09-06 14:03:23.381,1,14.0,False,,False,True
7181.923,COL,43,86.908,19.0,2.0,,,27.944,30.368,28.596,7123.063,7153.431,7182.027,300.0,314.0,324.0,328.0,False,HARD,16.0,True,Alpine,7095.015,2026-09-06 14:04:50.191,1,14.0,False,,False,True
7268.513,COL,43,86.59,20.0,2.0,,,27.991,30.152,28.447,7210.018,7240.17,7268.617,301.0,314.0,325.0,318.0,True,HARD,17.0,True,Alpine,7181.923,2026-09-06 14:06:17.099,1,14.0,False,,False,True
7355.227,COL,43,86.714,21.0,2.0,,,28.109,30.132,28.473,7296.726,7326.858,7355.331,298.0,307.0,319.0,325.0,False,HARD,18.0,True,Alpine,7268.513,2026-09-06 14:07:43.689,1,13.0,False,,False,True
7442.279,COL,43,87.052,22.0,2.0,,,28.225,30.227,28.6,7383.556,7413.783,7442.383,293.0,302.0,312.0,316.0,False,HARD,19.0,True,Alpine,7355.227,2026-09-06 14:09:10.403,1,12.0,False,,False,True
7529.006,COL,43,86.727,23.0,2.0,,,28.252,30.107,28.368,7470.635,7500.742,7529.11,294.0,304.0,317.0,314.0,False,HARD,20.0,True,Alpine,7442.279,2026-09-06 14:10:37.455,1,12.0,False,,False,True
7615.308,COL,43,86.302,24.0,2.0,,,28.157,29.712,28.433,7557.267,7586.979,7615.412,295.0,313.0,316.0,315.0,True,HARD,21.0,True,Alpine,7529.006,2026-09-06 14:12:04.182,1,12.0,False,,False,True
7701.546,COL,43,86.238,25.0,2.0,,,28.068,29.743,28.427,7643.48,7673.223,7701.65,297.0,316.0,318.0,318.0,True,HARD,22.0,True,Alpine,7615.308,2026-09-06 14:13:30.484,1,12.0,False,,False,True
7787.922,COL,43,86.376,26.0,2.0,,,28.113,29.72,28.543,7729.763,7759.483,7788.026,295.0,319.0,320.0,319.0,False,HARD,23.0,True,Alpine,7701.546,2026-09-06 14:14:56.722,1,12.0,False,,False,True
7879.685,COL,43,91.763,27.0,2.0,,,28.388,30.071,33.304,7816.414,7846.485,7879.789,293.0,320.0,130.0,317.0,False,HARD,24.0,True,Alpine,7787.922,2026-09-06 14:16:23.098,126,12.0,False,,False,False
7990.945,COL,43,111.26,28.0,2.0,,,43.849,31.537,35.874,7923.638,7955.175,7991.049,261.0,287.0,302.0,214.0,False,HARD,25.0,True,Alpine,7879.685,2026-09-06 14:17:54.861,671,11.0,False,,False,False
8077.19,COL,43,86.245,29.0,2.0,,,27.688,30.056,28.501,8018.737,8048.793,8077.294,297.0,300.0,316.0,326.0,False,HARD,26.0,True,Alpine,7990.945,2026-09-06 14:19:46.121,1,10.0,False,,False,True
8163.748,COL,43,86.558,30.0,2.0,,,28.39,29.899,28.269,8105.684,8135.583,8163.852,291.0,301.0,317.0,303.0,False,HARD,27.0,True,Alpine,8077.19,2026-09-06 14:21:12.366,1,10.0,False,,False,True
8249.594,COL,43,85.846,31.0,2.0,,,28.037,29.432,28.377,8191.889,8221.321,8249.698,293.0,308.0,313.0,307.0,True,HARD,28.0,True,Alpine,8163.748,2026-09-06 14:22:38.924,1,10.0,False,,False,True
8336.04,COL,43,86.446,32.0,2.0,,,28.328,29.508,28.61,8278.026,8307.534,8336.144,292.0,308.0,313.0,305.0,False,HARD,29.0,True,Alpine,8249.594,2026-09-06 14:24:04.770,1,10.0,False,,False,True
8422.394,COL,43,86.354,33.0,2.0,,,28.241,29.6,28.513,8364.385,8393.985,8422.498,292.0,308.0,314.0,304.0,False,HARD,30.0,True,Alpine,8336.04,2026-09-06 14:25:31.216,1,10.0,False,,False,True
8508.72,COL,43,86.326,34.0,2.0,,,28.304,29.538,28.484,8450.802,8480.34,8508.824,293.0,308.0,313.0,305.0,False,HARD,31.0,True,Alpine,8422.394,2026-09-06 14:26:57.570,1,10.0,False,,False,True
8594.711,COL,43,85.991,35.0,2.0,,,28.243,29.382,28.366,8537.067,8566.449,8594.815,294.0,309.0,316.0,306.0,False,HARD,32.0,True,Alpine,8508.72,2026-09-06 14:28:23.896,1,10.0,False,,False,True
8680.573,COL,43,85.862,36.0,2.0,,,28.025,29.531,28.306,8622.84,8652.371,8680.677,293.0,310.0,314.0,307.0,False,HARD,33.0,True,Alpine,8594.711,2026-09-06 14:29:49.887,1,10.0,False,,False,True
8766.242,COL,43,85.669,37.0,2.0,,,28.11,29.3,28.259,8708.787,8738.087,8766.346,293.0,312.0,316.0,309.0,True,HARD,34.0,True,Alpine,8680.573,2026-09-06 14:31:15.749,1,10.0,False,,False,True
8851.882,COL,43,85.64,38.0,2.0,,,28.031,29.237,28.372,8794.377,8823.614,8851.986,295.0,313.0,316.0,311.0,True,HARD,35.0,True,Alpine,8766.242,2026-09-06 14:32:41.418,1,10.0,False,,False,True
8937.558,COL,43,85.676,39.0,2.0,,,28.013,29.391,28.272,8879.999,8909.39,8937.662,296.0,312.0,319.0,310.0,False,HARD,36.0,True,Alpine,8851.882,2026-09-06 14:34:07.058,1,10.0,False,,False,True
9023.375,COL,43,85.817,40.0,2.0,,,28.056,29.676,28.085,8965.718,8995.394,9023.479,296.0,309.0,316.0,314.0,False,HARD,37.0,True,Alpine,8937.558,2026-09-06 14:35:32.734,1,10.0,False,,False,True
9109.598,COL,43,86.223,41.0,2.0,,,27.746,29.725,28.752,9051.225,9080.95,9109.702,311.0,291.0,321.0,318.0,False,HARD,38.0,True,Alpine,9023.375,2026-09-06 14:36:58.551,1,9.0,False,,False,True
9195.432,COL,43,85.834,42.0,2.0,,,28.115,29.369,28.35,9137.817,9167.186,9195.536,292.0,310.0,317.0,309.0,False,HARD,39.0,True,Alpine,9109.598,2026-09-06 14:38:24.774,1,9.0,False,,False,True
9281.71,COL,43,86.278,43.0,2.0,,,28.445,29.47,28.363,9223.981,9253.451,9281.814,291.0,308.0,314.0,311.0,False,HARD,40.0,True,Alpine,9195.432,2026-09-06 14:39:50.608,1,9.0,True,TRACK LIMITS AT TURN 1 LAP 43 ,False,True
9367.771,COL,43,86.061,44.0,2.0,,,28.297,29.398,28.366,9310.111,9339.509,9367.875,292.0,308.0,315.0,303.0,False,HARD,41.0,True,Alpine,9281.71,2026-09-06 14:41:16.886,1,9.0,False,,False,True
9453.729,COL,43,85.958,45.0,2.0,,,28.278,29.375,28.305,9396.153,9425.528,9453.833,292.0,306.0,315.0,304.0,False,HARD,42.0,True,Alpine,9367.771,2026-09-06 14:42:42.947,1,9.0,False,,False,True
9539.449,COL,43,85.72,46.0,2.0,,,28.189,29.329,28.202,9482.022,9511.351,9539.553,293.0,308.0,314.0,305.0,False,HARD,43.0,True,Alpine,9453.729,2026-09-06 14:44:08.905,1,9.0,False,,False,True
9625.252,COL,43,85.803,47.0,2.0,,,28.225,29.304,28.274,9567.778,9597.082,9625.356,292.0,307.0,315.0,305.0,False,HARD,44.0,True,Alpine,9539.449,2026-09-06 14:45:34.625,1,9.0,False,,False,True
9711.073,COL,43,85.821,48.0,2.0,,,28.325,29.21,28.286,9653.681,9682.891,9711.177,292.0,309.0,314.0,305.0,False,HARD,45.0,True,Alpine,9625.252,2026-09-06 14:47:00.428,1,9.0,False,,False,True
9796.869,COL,43,85.796,49.0,2.0,,,28.19,29.334,28.272,9739.367,9768.701,9796.973,292.0,308.0,316.0,303.0,False,HARD,46.0,True,Alpine,9711.073,2026-09-06 14:48:26.249,1,9.0,False,,False,True
9882.564,COL,43,85.695,50.0,2.0,,,28.186,29.284,28.225,9825.159,9854.443,9882.668,292.0,309.0,315.0,303.0,False,HARD,47.0,True,Alpine,9796.869,2026-09-06 14:49:52.045,1,9.0,False,,False,True
9968.22,COL,43,85.656,51.0,2.0,,,28.175,29.293,28.188,9910.843,9940.136,9968.324,293.0,310.0,316.0,303.0,False,HARD,48.0,True,Alpine,9882.564,2026-09-06 14:51:17.740,1,9.0,False,,False,True
10053.623,COL,43,85.403,52.0,2.0,,,28.077,29.231,28.095,9996.401,10025.632,10053.727,295.0,310.0,322.0,303.0,True,HARD,49.0,True,Alpine,9968.22,2026-09-06 14:52:43.396,1,9.0,False,,False,True
10138.556,COL,43,84.933,53.0,2.0,,,27.68,29.28,27.973,10081.407,10110.687,10138.66,298.0,308.0,307.0,310.0,True,HARD,50.0,True,Alpine,10053.623,2026-09-06 14:54:08.799,1,9.0,False,,False,True
3509.209,HAM,44,93.234,1.0,1.0,,,,32.087,29.022,,3480.327,3509.395,299.0,311.0,329.0,297.0,False,SOFT,1.0,True,Ferrari,3415.761,2026-09-06 13:03:30.937,1,10.0,False,,False,False
3596.453,HAM,44,87.244,2.0,1.0,,,28.159,30.565,28.52,3537.439,3568.004,3596.524,299.0,320.0,331.0,332.0,True,SOFT,2.0,True,Ferrari,3509.209,2026-09-06 13:05:04.385,1,9.0,False,,False,True
3734.48,HAM,44,138.027,3.0,1.0,,3729.293,37.043,43.328,57.656,3633.567,3676.895,3734.551,170.0,127.0,,324.0,False,SOFT,3.0,True,Ferrari,3596.453,2026-09-06 13:06:31.629,1245,8.0,False,,False,False
5690.752,HAM,44,,4.0,2.0,5574.294,,,36.288,44.176,,5646.647,5691.032,251.0,222.0,46.0,192.0,False,MEDIUM,1.0,True,Ferrari,5544.927,2026-09-06 13:39:00.103,1,8.0,False,,False,False
5885.576,HAM,44,,5.0,2.0,,,,34.411,38.878,,5846.791,5885.647,247.0,247.0,100.0,166.0,False,MEDIUM,2.0,True,Ferrari,5690.752,2026-09-06 13:41:25.928,1,8.0,False,,False,False
6038.491,HAM,44,,6.0,2.0,,,92.574,31.884,28.556,5978.223,6010.077,6038.681,309.0,308.0,327.0,299.0,False,MEDIUM,3.0,True,Ferrari,5885.576,2026-09-06 13:44:40.752,12,5.0,False,,False,False
6125.154,HAM,44,86.663,7.0,2.0,,,28.321,29.958,28.384,6066.883,6096.841,6125.225,283.0,303.0,319.0,317.0,True,MEDIUM,4.0,True,Ferrari,6038.491,2026-09-06 13:47:13.667,1,4.0,False,,False,True
6211.085,HAM,44,85.931,8.0,2.0,,,27.917,29.625,28.389,6153.142,6182.767,6211.156,293.0,316.0,304.0,313.0,True,MEDIUM,5.0,True,Ferrari,6125.154,2026-09-06 13:48:40.330,1,4.0,False,,False,True
6297.261,HAM,44,86.176,9.0,2.0,,,27.901,30.102,28.173,6239.057,6269.159,6297.332,308.0,315.0,326.0,319.0,False,MEDIUM,6.0,True,Ferrari,6211.085,2026-09-06 13:50:06.261,1,4.0,False,,False,True
6383.343,HAM,44,86.082,10.0,2.0,,,27.838,29.916,28.328,6325.17,6355.086,6383.414,289.0,301.0,312.0,333.0,False,MEDIUM,7.0,True,Ferrari,6297.261,2026-09-06 13:51:32.437,1,3.0,False,,False,True
6470.081,HAM,44,86.738,11.0,2.0,,,28.351,29.446,28.941,6411.765,6441.211,6470.152,288.0,305.0,300.0,299.0,False,MEDIUM,8.0,True,Ferrari,6383.343,2026-09-06 13:52:58.519,1,3.0,False,,False,True
6557.185,HAM,44,87.104,12.0,2.0,,,28.707,29.947,28.45,6498.859,6528.806,6557.256,293.0,317.0,311.0,315.0,False,MEDIUM,9.0,True,Ferrari,6470.081,2026-09-06 13:54:25.257,1,5.0,False,,False,True
6643.114,HAM,44,85.929,13.0,2.0,,,27.918,29.955,28.056,6585.174,6615.129,6643.185,304.0,317.0,320.0,320.0,True,MEDIUM,10.0,True,Ferrari,6557.185,2026-09-06 13:55:52.361,1,5.0,False,,False,True
6729.529,HAM,44,86.415,14.0,2.0,,,27.593,30.412,28.41,6670.778,6701.19,6729.6,314.0,316.0,311.0,332.0,False,MEDIUM,11.0,True,Ferrari,6643.114,2026-09-06 13:57:18.290,1,5.0,True,TRACK LIMITS AT TURN 5 LAP 14 ,False,True
6815.398,HAM,44,85.869,15.0,2.0,,,28.113,29.78,27.976,6757.713,6787.493,6815.469,297.0,313.0,326.0,319.0,True,MEDIUM,12.0,True,Ferrari,6729.529,2026-09-06 13:58:44.705,1,5.0,False,,False,True
6901.616,HAM,44,86.218,16.0,2.0,,,28.279,29.805,28.134,6843.748,6873.553,6901.687,295.0,312.0,314.0,316.0,False,MEDIUM,13.0,True,Ferrari,6815.398,2026-09-06 14:00:10.574,1,4.0,False,,False,True
6988.105,HAM,44,86.489,17.0,2.0,,,28.259,29.57,28.66,6929.946,6959.516,6988.176,290.0,308.0,306.0,306.0,False,MEDIUM,14.0,True,Ferrari,6901.616,2026-09-06 14:01:36.792,1,4.0,False,,False,True
7074.944,HAM,44,86.839,18.0,2.0,,,28.237,29.93,28.672,7016.413,7046.343,7075.015,291.0,303.0,296.0,305.0,False,MEDIUM,15.0,True,Ferrari,6988.105,2026-09-06 14:03:03.281,1,4.0,False,,False,True
7161.531,HAM,44,86.587,19.0,2.0,,,28.383,29.737,28.467,7103.398,7133.135,7161.602,306.0,315.0,304.0,311.0,False,MEDIUM,16.0,True,Ferrari,7074.944,2026-09-06 14:04:30.120,1,5.0,False,,False,True
7247.855,HAM,44,86.324,20.0,2.0,,,28.328,29.499,28.497,7189.93,7219.429,7247.926,294.0,306.0,313.0,311.0,False,MEDIUM,17.0,True,Ferrari,7161.531,2026-09-06 14:05:56.707,1,5.0,False,,False,True
7334.026,HAM,44,86.171,21.0,2.0,,,28.212,29.619,28.34,7276.138,7305.757,7334.097,294.0,307.0,316.0,312.0,False,MEDIUM,18.0,True,Ferrari,7247.855,2026-09-06 14:07:23.031,1,5.0,False,,False,True
7420.028,HAM,44,86.002,22.0,2.0,,,28.138,29.527,28.337,7362.235,7391.762,7420.099,294.0,310.0,325.0,314.0,False,MEDIUM,19.0,True,Ferrari,7334.026,2026-09-06 14:08:49.202,1,5.0,False,,False,True
7505.328,HAM,44,85.3,23.0,2.0,,,27.485,29.499,28.316,7447.584,7477.083,7505.399,300.0,301.0,309.0,327.0,True,MEDIUM,20.0,True,Ferrari,7420.028,2026-09-06 14:10:15.204,1,4.0,False,,False,True
7591.375,HAM,44,86.047,24.0,2.0,,,28.294,29.413,28.34,7533.693,7563.106,7591.446,291.0,306.0,284.0,303.0,False,MEDIUM,21.0,True,Ferrari,7505.328,2026-09-06 14:11:40.504,1,4.0,False,,False,True
7678.543,HAM,44,87.168,25.0,2.0,,,28.849,29.778,28.541,7620.295,7650.073,7678.614,300.0,313.0,306.0,294.0,False,MEDIUM,22.0,True,Ferrari,7591.375,2026-09-06 14:13:06.551,1,5.0,False,,False,True
7765.036,HAM,44,86.493,26.0,2.0,,,28.431,29.631,28.431,7707.045,7736.676,7765.107,293.0,310.0,317.0,307.0,False,MEDIUM,23.0,True,Ferrari,7678.543,2026-09-06 14:14:33.719,1,5.0,False,,False,True
7850.933,HAM,44,85.897,27.0,2.0,,,28.148,29.532,28.217,7793.255,7822.787,7851.004,293.0,312.0,316.0,313.0,False,MEDIUM,24.0,True,Ferrari,7765.036,2026-09-06 14:16:00.212,1,5.0,False,,False,True
7960.571,HAM,44,109.638,28.0,2.0,,,33.73,37.633,38.275,7884.734,7922.367,7960.642,260.0,245.0,231.0,283.0,False,MEDIUM,25.0,True,Ferrari,7850.933,2026-09-06 14:17:26.109,126,5.0,False,,False,False
8053.615,HAM,44,93.044,29.0,2.0,,,34.997,29.92,28.127,7995.639,8025.559,8053.686,275.0,297.0,324.0,227.0,False,MEDIUM,26.0,True,Ferrari,7960.571,2026-09-06 14:19:15.747,671,3.0,False,,False,False
8139.527,HAM,44,85.912,30.0,2.0,,,28.079,29.356,28.477,8081.765,8111.121,8139.598,291.0,308.0,313.0,318.0,False,MEDIUM,27.0,True,Ferrari,8053.615,2026-09-06 14:20:48.791,1,3.0,False,,False,True
8225.491,HAM,44,85.964,31.0,2.0,,,28.303,29.337,28.324,8167.901,8197.238,8225.562,291.0,309.0,317.0,311.0,False,MEDIUM,28.0,True,Ferrari,8139.527,2026-09-06 14:22:14.703,1,3.0,False,,False,True
8311.556,HAM,44,86.065,32.0,2.0,,,28.205,29.527,28.333,8253.767,8283.294,8311.627,291.0,308.0,314.0,312.0,False,MEDIUM,29.0,True,Ferrari,8225.491,2026-09-06 14:23:40.667,1,3.0,False,,False,True
8397.46,HAM,44,85.904,33.0,2.0,,,28.221,29.368,28.315,8339.848,8369.216,8397.531,291.0,308.0,315.0,309.0,False,MEDIUM,30.0,True,Ferrari,8311.556,2026-09-06 14:25:06.732,1,3.0,False,,False,True
8483.19,HAM,44,85.73,34.0,2.0,,,28.128,29.377,28.225,8425.659,8455.036,8483.261,292.0,309.0,315.0,312.0,False,MEDIUM,31.0,True,Ferrari,8397.46,2026-09-06 14:26:32.636,1,3.0,False,,False,True
8570.119,HAM,44,86.929,35.0,2.0,,,29.248,29.643,28.038,8512.509,8542.152,8570.19,294.0,315.0,322.0,313.0,False,MEDIUM,32.0,True,Ferrari,8483.19,2026-09-06 14:27:58.366,1,4.0,True,TRACK LIMITS AT TURN 1 LAP 35 ,False,True
8655.662,HAM,44,85.543,36.0,2.0,,,27.887,29.345,28.311,8598.077,8627.422,8655.733,292.0,311.0,309.0,317.0,False,MEDIUM,33.0,True,Ferrari,8570.119,2026-09-06 14:29:25.295,1,4.0,False,,False,True
8741.587,HAM,44,85.925,37.0,2.0,,,28.377,29.556,27.992,8684.11,8713.666,8741.658,293.0,316.0,322.0,308.0,False,MEDIUM,34.0,True,Ferrari,8655.662,2026-09-06 14:30:50.838,1,5.0,False,,False,True
8827.03,HAM,44,85.443,38.0,2.0,,,27.909,29.344,28.19,8769.567,8798.911,8827.101,294.0,313.0,312.0,320.0,False,MEDIUM,35.0,True,Ferrari,8741.587,2026-09-06 14:32:16.763,1,5.0,False,,False,True
8912.925,HAM,44,85.895,39.0,2.0,,,28.278,29.415,28.202,8855.379,8884.794,8912.996,291.0,310.0,314.0,311.0,False,MEDIUM,36.0,True,Ferrari,8827.03,2026-09-06 14:33:42.206,1,5.0,False,,False,True
8998.675,HAM,44,85.75,40.0,2.0,,,28.25,29.535,27.965,8941.246,8970.781,8998.746,291.0,311.0,319.0,313.0,False,MEDIUM,37.0,True,Ferrari,8912.925,2026-09-06 14:35:08.101,1,5.0,False,,False,True
9085.096,HAM,44,86.421,41.0,2.0,,,28.246,29.703,28.472,9026.992,9056.695,9085.167,291.0,311.0,310.0,317.0,False,MEDIUM,38.0,True,Ferrari,8998.675,2026-09-06 14:36:33.851,1,5.0,False,,False,True
9171.814,HAM,44,86.718,42.0,2.0,,,28.891,29.584,28.243,9114.058,9143.642,9171.885,295.0,314.0,319.0,311.0,False,MEDIUM,39.0,True,Ferrari,9085.096,2026-09-06 14:38:00.272,1,6.0,False,,False,True
9257.277,HAM,44,85.463,43.0,2.0,,,28.086,29.424,27.953,9199.971,9229.395,9257.348,293.0,313.0,320.0,321.0,False,MEDIUM,40.0,True,Ferrari,9171.814,2026-09-06 14:39:26.990,1,6.0,False,,False,True
9342.889,HAM,44,85.612,44.0,2.0,,,27.959,29.414,28.239,9285.307,9314.721,9342.96,293.0,314.0,309.0,323.0,False,MEDIUM,41.0,True,Ferrari,9257.277,2026-09-06 14:40:52.453,1,6.0,False,,False,True
9428.525,HAM,44,85.636,45.0,2.0,,,28.166,29.253,28.217,9371.126,9400.379,9428.596,292.0,309.0,318.0,314.0,False,MEDIUM,42.0,True,Ferrari,9342.889,2026-09-06 14:42:18.065,1,6.0,False,,False,True
9513.994,HAM,44,85.469,46.0,2.0,,,28.105,29.375,27.989,9456.701,9486.076,9514.065,290.0,310.0,318.0,316.0,False,MEDIUM,43.0,True,Ferrari,9428.525,2026-09-06 14:43:43.701,1,6.0,False,,False,True
9599.744,HAM,44,85.75,47.0,2.0,,,28.134,29.441,28.175,9542.199,9571.64,9599.815,291.0,309.0,309.0,314.0,False,MEDIUM,44.0,True,Ferrari,9513.994,2026-09-06 14:45:09.170,1,6.0,False,,False,True
9685.345,HAM,44,85.601,48.0,2.0,,,28.282,29.392,27.927,9628.097,9657.489,9685.416,290.0,308.0,317.0,310.0,False,MEDIUM,45.0,True,Ferrari,9599.744,2026-09-06 14:46:34.920,1,6.0,False,,False,True
9771.977,HAM,44,86.632,49.0,2.0,,,28.383,29.479,28.77,9713.799,9743.278,9772.048,290.0,310.0,307.0,311.0,False,MEDIUM,46.0,True,Ferrari,9685.345,2026-09-06 14:48:00.521,1,6.0,False,,False,True
9858.04,HAM,44,86.063,50.0,2.0,,,28.411,29.453,28.199,9800.459,9829.912,9858.111,289.0,306.0,323.0,313.0,False,MEDIUM,47.0,True,Ferrari,9771.977,2026-09-06 14:49:27.153,1,6.0,False,,False,True
9943.699,HAM,44,85.659,51.0,2.0,,,27.973,29.398,28.288,9886.084,9915.482,9943.77,290.0,309.0,311.0,315.0,False,MEDIUM,48.0,True,Ferrari,9858.04,2026-09-06 14:50:53.216,1,6.0,False,,False,True
10029.943,HAM,44,86.244,52.0,2.0,,,28.458,29.702,28.084,9972.228,10001.93,10030.014,290.0,308.0,315.0,309.0,False,MEDIUM,49.0,True,Ferrari,9943.699,2026-09-06 14:52:18.875,1,6.0,False,,False,True
10115.94,HAM,44,85.997,53.0,2.0,,,28.211,29.467,28.319,10058.225,10087.692,10116.011,290.0,309.0,305.0,312.0,False,MEDIUM,50.0,True,Ferrari,10029.943,2026-09-06 14:53:45.119,1,6.0,False,,False,True
3509.407,BOR,5,93.432,1.0,1.0,,,,31.899,29.313,,3480.327,3509.53,294.0,321.0,294.0,249.0,False,SOFT,1.0,True,Audi,3415.761,2026-09-06 13:03:30.937,1,11.0,False,,False,False
3597.823,BOR,5,88.416,2.0,1.0,,,29.422,30.207,28.787,3538.875,3569.082,3597.869,289.0,321.0,311.0,315.0,True,SOFT,2.0,True,Audi,3509.407,2026-09-06 13:05:04.583,1,11.0,False,,False,True
3743.19,BOR,5,145.367,3.0,1.0,,3737.324,39.618,45.633,60.116,3637.487,3683.12,3743.236,183.0,181.0,,300.0,False,SOFT,3.0,True,Audi,3597.823,2026-09-06 13:06:32.999,1245,11.0,False,,False,False
5698.165,BOR,5,,4.0,2.0,5579.99,,,32.918,49.126,,5649.085,5698.313,253.0,257.0,54.0,209.0,False,MEDIUM,1.0,True,Audi,5544.927,2026-09-06 13:39:00.103,1,11.0,False,,False,False
5896.228,BOR,5,,5.0,2.0,,,,33.44,46.465,,5849.937,5896.391,262.0,256.0,64.0,166.0,False,MEDIUM,2.0,True,Audi,5698.165,2026-09-06 13:41:33.341,1,11.0,False,,False,False
6044.078,BOR,5,147.85,6.0,2.0,,,85.68,32.073,30.097,5981.954,6014.027,6044.124,297.0,320.0,316.0,254.0,False,MEDIUM,3.0,True,Audi,5896.228,2026-09-06 13:44:51.404,12,16.0,False,,False,True
6132.289,BOR,5,88.211,7.0,2.0,,,28.76,30.594,28.857,6072.884,6103.478,6132.335,286.0,319.0,306.0,318.0,True,MEDIUM,4.0,True,Audi,6044.078,2026-09-06 13:47:19.254,1,15.0,False,,False,True
6220.324,BOR,5,88.035,8.0,2.0,,,28.468,30.463,29.104,6160.803,6191.266,6220.37,291.0,325.0,317.0,322.0,True,MEDIUM,5.0,True,Audi,6132.289,2026-09-06 13:48:47.465,1,15.0,False,,False,True
6307.921,BOR,5,87.597,9.0,2.0,,,28.317,30.351,28.929,6248.687,6279.038,6307.967,289.0,328.0,303.0,320.0,True,MEDIUM,6.0,True,Audi,6220.324,2026-09-06 13:50:15.500,1,14.0,False,,False,True
6395.77,BOR,5,87.849,10.0,2.0,,,28.721,30.339,28.789,6336.688,6367.027,6395.816,288.0,324.0,299.0,314.0,False,MEDIUM,7.0,True,Audi,6307.921,2026-09-06 13:51:43.097,1,14.0,False,,False,True
6483.748,BOR,5,87.978,11.0,2.0,,,28.771,29.918,29.289,6424.587,6454.505,6483.794,297.0,325.0,316.0,311.0,False,MEDIUM,8.0,True,Audi,6395.77,2026-09-06 13:53:10.946,1,15.0,False,,False,True
6570.421,BOR,5,86.673,12.0,2.0,,,28.057,29.955,28.661,6511.851,6541.806,6570.467,306.0,318.0,315.0,331.0,True,MEDIUM,9.0,True,Audi,6483.748,2026-09-06 13:54:38.924,1,13.0,False,,False,True
6657.35,BOR,5,86.929,13.0,2.0,,,28.298,29.941,28.69,6598.765,6628.706,6657.396,295.0,318.0,313.0,320.0,False,MEDIUM,10.0,True,Audi,6570.421,2026-09-06 13:56:05.597,1,13.0,False,,False,True
6744.645,BOR,5,87.295,14.0,2.0,,,28.09,30.342,28.863,6685.486,6715.828,6744.691,305.0,321.0,322.0,315.0,False,MEDIUM,11.0,True,Audi,6657.35,2026-09-06 13:57:32.526,1,13.0,False,,False,True
6831.638,BOR,5,86.993,15.0,2.0,,,28.264,29.984,28.745,6772.955,6802.939,6831.684,294.0,314.0,319.0,318.0,False,MEDIUM,12.0,True,Audi,6744.645,2026-09-06 13:58:59.821,1,12.0,False,,False,True
6918.451,BOR,5,86.813,16.0,2.0,,,28.239,29.66,28.914,6859.923,6889.583,6918.497,286.0,303.0,296.0,313.0,False,MEDIUM,13.0,True,Audi,6831.638,2026-09-06 14:00:26.814,1,11.0,False,,False,True
7005.463,BOR,5,87.012,17.0,2.0,,,28.58,29.569,28.863,6947.077,6976.646,7005.509,285.0,302.0,299.0,308.0,False,MEDIUM,14.0,True,Audi,6918.451,2026-09-06 14:01:53.627,1,11.0,False,,False,True
7092.412,BOR,5,86.949,18.0,2.0,,,28.636,29.633,28.68,7034.145,7063.778,7092.458,284.0,302.0,303.0,310.0,False,MEDIUM,15.0,True,Audi,7005.463,2026-09-06 14:03:20.639,1,11.0,False,,False,True
7179.295,BOR,5,86.883,19.0,2.0,,,28.519,29.599,28.765,7120.977,7150.576,7179.341,285.0,303.0,301.0,311.0,False,MEDIUM,16.0,True,Audi,7092.412,2026-09-06 14:04:47.588,1,11.0,False,,False,True
7266.03,BOR,5,86.735,20.0,2.0,,,28.638,29.506,28.591,7207.979,7237.485,7266.076,285.0,305.0,311.0,309.0,False,MEDIUM,17.0,True,Audi,7179.295,2026-09-06 14:06:14.471,1,11.0,False,,False,True
7352.612,BOR,5,86.582,21.0,2.0,,,28.367,29.648,28.567,7294.443,7324.091,7352.658,287.0,304.0,297.0,314.0,True,MEDIUM,18.0,True,Audi,7266.03,2026-09-06 14:07:41.206,1,11.0,False,,False,True
7439.927,BOR,5,87.315,22.0,2.0,,,28.643,29.837,28.835,7381.301,7411.138,7439.973,286.0,305.0,302.0,310.0,False,MEDIUM,19.0,True,Audi,7352.612,2026-09-06 14:09:07.788,1,11.0,False,,False,True
7526.898,BOR,5,86.971,23.0,2.0,,,28.628,29.664,28.679,7468.601,7498.265,7526.944,287.0,307.0,302.0,313.0,False,MEDIUM,20.0,True,Audi,7439.927,2026-09-06 14:10:35.103,1,11.0,False,,False,True
7613.838,BOR,5,86.94,24.0,2.0,,,28.655,29.631,28.654,7555.599,7585.23,7613.884,286.0,306.0,304.0,313.0,False,MEDIUM,21.0,True,Audi,7526.898,2026-09-06 14:12:02.074,1,11.0,False,,False,True
7700.287,BOR,5,86.449,25.0,2.0,,,28.553,29.614,28.282,7642.437,7672.051,7700.333,288.0,310.0,308.0,315.0,True,MEDIUM,22.0,True,Audi,7613.838,2026-09-06 14:13:29.014,1,11.0,False,,False,True
7787.285,BOR,5,86.998,26.0,2.0,,,28.455,29.873,28.67,7728.788,7758.661,7787.331,291.0,309.0,312.0,313.0,False,MEDIUM,23.0,True,Audi,7700.287,2026-09-06 14:14:55.463,1,11.0,False,,False,True
7875.163,BOR,5,87.878,27.0,2.0,,,28.303,30.256,29.319,7815.634,7845.89,7875.209,302.0,297.0,142.0,319.0,False,MEDIUM,24.0,True,Audi,7787.285,2026-09-06 14:16:22.461,126,10.0,False,,False,False
7990.101,BOR,5,114.938,28.0,2.0,,,43.857,33.994,37.087,7919.066,7953.06,7990.147,283.0,212.0,267.0,256.0,False,MEDIUM,25.0,True,Audi,7875.163,2026-09-06 14:17:50.339,671,10.0,False,,False,False
8077.782,BOR,5,87.681,29.0,2.0,,,29.357,29.755,28.569,8019.504,8049.259,8077.828,292.0,313.0,322.0,301.0,False,MEDIUM,26.0,True,Audi,7990.101,2026-09-06 14:19:45.277,1,11.0,False,,False,True
8164.664,BOR,5,86.882,30.0,2.0,,,28.248,29.963,28.671,8106.076,8136.039,8164.71,295.0,308.0,319.0,319.0,False,MEDIUM,27.0,True,Audi,8077.782,2026-09-06 14:21:12.958,1,11.0,False,,False,True
8250.852,BOR,5,86.188,31.0,2.0,,,28.068,29.473,28.647,8192.778,8222.251,8250.898,293.0,310.0,301.0,315.0,True,MEDIUM,28.0,True,Audi,8164.664,2026-09-06 14:22:39.840,1,11.0,False,,False,True
8337.34,BOR,5,86.488,32.0,2.0,,,28.517,29.58,28.391,8279.415,8308.995,8337.386,290.0,306.0,302.0,306.0,False,MEDIUM,29.0,True,Audi,8250.852,2026-09-06 14:24:06.028,1,11.0,False,,False,True
8423.748,BOR,5,86.408,33.0,2.0,,,28.438,29.622,28.348,8365.824,8395.446,8423.794,289.0,307.0,302.0,314.0,False,MEDIUM,30.0,True,Audi,8337.34,2026-09-06 14:25:32.516,1,11.0,False,,False,True
8510.297,BOR,5,86.549,34.0,2.0,,,28.651,29.604,28.294,8452.445,8482.049,8510.343,287.0,306.0,302.0,313.0,False,MEDIUM,31.0,True,Audi,8423.748,2026-09-06 14:26:58.924,1,11.0,False,,False,True
8596.936,BOR,5,86.639,35.0,2.0,,,28.36,29.629,28.65,8538.703,8568.332,8596.982,290.0,305.0,304.0,313.0,False,MEDIUM,32.0,True,Audi,8510.297,2026-09-06 14:28:25.473,1,11.0,False,,False,True
8683.734,BOR,5,86.798,36.0,2.0,,,28.558,29.72,28.52,8625.54,8655.26,8683.78,285.0,305.0,305.0,311.0,False,MEDIUM,33.0,True,Audi,8596.936,2026-09-06 14:29:52.112,1,11.0,False,,False,True
8770.455,BOR,5,86.721,37.0,2.0,,,28.511,29.641,28.569,8712.291,8741.932,8770.501,287.0,304.0,305.0,310.0,False,MEDIUM,34.0,True,Audi,8683.734,2026-09-06 14:31:18.910,1,11.0,False,,False,True
8857.07,BOR,5,86.615,38.0,2.0,,,28.631,29.538,28.446,8799.132,8828.67,8857.116,284.0,304.0,306.0,309.0,False,MEDIUM,35.0,True,Audi,8770.455,2026-09-06 14:32:45.631,1,11.0,False,,False,True
8943.627,BOR,5,86.557,39.0,2.0,,,28.491,29.592,28.474,8885.607,8915.199,8943.673,286.0,306.0,307.0,311.0,False,MEDIUM,36.0,True,Audi,8857.07,2026-09-06 14:34:12.246,1,11.0,False,,False,True
9030.333,BOR,5,86.706,40.0,2.0,,,28.627,29.565,28.514,8972.3,9001.865,9030.379,285.0,306.0,311.0,310.0,False,MEDIUM,37.0,True,Audi,8943.627,2026-09-06 14:35:38.803,1,11.0,False,,False,True
9117.005,BOR,5,86.672,41.0,2.0,,,28.542,29.523,28.607,9058.921,9088.444,9117.051,286.0,310.0,307.0,313.0,False,MEDIUM,38.0,True,Audi,9030.333,2026-09-06 14:37:05.509,1,11.0,False,,False,True
9203.766,BOR,5,86.761,42.0,2.0,,,28.666,29.561,28.534,9145.717,9175.278,9203.812,284.0,303.0,309.0,309.0,False,MEDIUM,39.0,True,Audi,9117.005,2026-09-06 14:38:32.181,1,11.0,False,,False,True
9290.543,BOR,5,86.777,43.0,2.0,,,28.684,29.597,28.496,9232.496,9262.093,9290.589,284.0,304.0,308.0,308.0,False,MEDIUM,40.0,True,Audi,9203.766,2026-09-06 14:39:58.942,1,11.0,False,,False,True
9377.135,BOR,5,86.592,44.0,2.0,,,28.604,29.522,28.466,9319.193,9348.715,9377.181,285.0,304.0,308.0,308.0,False,MEDIUM,41.0,True,Audi,9290.543,2026-09-06 14:41:25.719,1,11.0,False,,False,True
9463.769,BOR,5,86.634,45.0,2.0,,,28.677,29.506,28.451,9405.858,9435.364,9463.815,285.0,303.0,306.0,309.0,False,MEDIUM,42.0,True,Audi,9377.135,2026-09-06 14:42:52.311,1,11.0,False,,False,True
9550.376,BOR,5,86.607,46.0,2.0,,,28.681,29.56,28.366,9492.496,9522.056,9550.422,285.0,305.0,306.0,309.0,False,MEDIUM,43.0,True,Audi,9463.769,2026-09-06 14:44:18.945,1,11.0,False,,False,True
9636.842,BOR,5,86.466,47.0,2.0,,,28.662,29.465,28.339,9579.084,9608.549,9636.888,286.0,305.0,311.0,309.0,False,MEDIUM,44.0,True,Audi,9550.376,2026-09-06 14:45:45.552,1,11.0,False,,False,True
9723.205,BOR,5,86.363,48.0,2.0,,,28.482,29.492,28.389,9665.37,9694.862,9723.251,287.0,307.0,311.0,309.0,False,MEDIUM,45.0,True,Audi,9636.842,2026-09-06 14:47:12.018,1,11.0,False,,False,True
9809.6,BOR,5,86.395,49.0,2.0,,,28.426,29.405,28.564,9751.677,9781.082,9809.646,288.0,308.0,303.0,311.0,False,MEDIUM,46.0,True,Audi,9723.205,2026-09-06 14:48:38.381,1,11.0,False,,False,True
9896.388,BOR,5,86.788,50.0,2.0,,,28.735,29.52,28.533,9838.381,9867.901,9896.434,283.0,304.0,309.0,305.0,False,MEDIUM,47.0,True,Audi,9809.6,2026-09-06 14:50:04.776,1,11.0,False,,False,True
9983.292,BOR,5,86.904,51.0,2.0,,,28.666,29.605,28.633,9925.1,9954.705,9983.338,284.0,304.0,307.0,306.0,False,MEDIUM,48.0,True,Audi,9896.388,2026-09-06 14:51:31.564,1,11.0,False,,False,True
10070.143,BOR,5,86.851,52.0,2.0,,,28.634,29.655,28.562,10011.972,10041.627,10070.189,285.0,303.0,306.0,306.0,False,MEDIUM,49.0,True,Audi,9983.292,2026-09-06 14:52:58.468,1,11.0,False,,False,True
10156.465,BOR,5,86.322,53.0,2.0,,,28.526,29.509,28.287,10098.715,10128.224,10156.511,286.0,303.0,294.0,306.0,False,MEDIUM,50.0,True,Audi,10070.143,2026-09-06 14:54:25.319,1,11.0,False,,False,True
3512.571,SAI,55,96.596,1.0,1.0,,,,32.926,31.432,,3481.342,3512.787,292.0,316.0,292.0,283.0,False,SOFT,1.0,True,Williams,3415.761,2026-09-06 13:03:30.937,1,16.0,False,,False,False
3601.876,SAI,55,89.305,2.0,1.0,,,29.033,31.102,29.17,3541.709,3572.811,3601.981,303.0,316.0,288.0,307.0,True,SOFT,2.0,True,Williams,3512.571,2026-09-06 13:05:07.747,12,15.0,False,,False,True
3757.858,SAI,55,,3.0,1.0,,3750.597,45.203,48.539,62.204,3647.255,3695.759,3758.345,129.0,161.0,,316.0,False,SOFT,3.0,True,Williams,3601.876,2026-09-06 13:06:37.052,245,16.0,False,,False,False
5711.686,SAI,55,,4.0,2.0,5593.131,,,31.943,51.857,,5659.938,5711.791,253.0,262.0,43.0,213.0,False,HARD,1.0,True,Williams,5544.927,2026-09-06 13:39:00.103,1,16.0,False,,False,False
5909.652,SAI,55,,5.0,2.0,,,,34.806,50.063,,5859.756,5909.935,233.0,250.0,40.0,169.0,False,HARD,2.0,True,Williams,5711.686,2026-09-06 13:41:46.862,1,16.0,False,,False,False
6043.04,SAI,55,133.388,6.0,2.0,,,71.195,32.632,29.561,5980.952,6013.584,6043.145,300.0,312.0,308.0,281.0,False,HARD,3.0,True,Williams,5909.652,2026-09-06 13:45:04.828,12,14.0,False,,False,True
6131.372,SAI,55,88.332,7.0,2.0,,,28.286,30.679,29.367,6071.431,6102.11,6131.477,302.0,331.0,310.0,325.0,True,HARD,4.0,True,Williams,6043.04,2026-09-06 13:47:18.216,1,14.0,False,,False,True
6220.037,SAI,55,88.665,8.0,2.0,,,28.132,31.337,29.196,6159.609,6190.946,6220.142,302.0,324.0,303.0,330.0,False,HARD,5.0,True,Williams,6131.372,2026-09-06 13:48:46.548,1,14.0,False,,False,True
6308.26,SAI,55,88.223,9.0,2.0,,,28.452,30.295,29.476,6248.594,6278.889,6308.365,299.0,317.0,309.0,321.0,True,HARD,6.0,True,Williams,6220.037,2026-09-06 13:50:15.213,1,15.0,False,,False,True
6396.205,SAI,55,87.945,10.0,2.0,,,28.215,30.261,29.469,6336.58,6366.841,6396.31,294.0,310.0,314.0,334.0,True,HARD,7.0,True,Williams,6308.26,2026-09-06 13:51:43.436,1,15.0,False,,False,True
6483.36,SAI,55,87.155,11.0,2.0,,,27.772,30.257,29.126,6424.082,6454.339,6483.465,298.0,314.0,314.0,331.0,True,HARD,8.0,True,Williams,6396.205,2026-09-06 13:53:11.381,1,14.0,False,,False,True
6571.301,SAI,55,87.941,12.0,2.0,,,28.093,30.217,29.631,6511.558,6541.775,6571.406,299.0,312.0,313.0,319.0,False,HARD,9.0,True,Williams,6483.36,2026-09-06 13:54:38.536,1,14.0,False,,False,True
6658.569,SAI,55,87.268,13.0,2.0,,,28.09,30.132,29.046,6599.496,6629.628,6658.674,301.0,321.0,315.0,325.0,False,HARD,10.0,True,Williams,6571.301,2026-09-06 13:56:06.477,1,14.0,False,,False,True
6745.975,SAI,55,87.406,14.0,2.0,,,28.046,30.209,29.151,6686.72,6716.929,6746.08,299.0,313.0,311.0,322.0,False,HARD,11.0,True,Williams,6658.569,2026-09-06 13:57:33.745,1,14.0,False,,False,True
6833.546,SAI,55,87.571,15.0,2.0,,,28.045,30.283,29.243,6774.125,6804.408,6833.651,298.0,318.0,313.0,321.0,False,HARD,12.0,True,Williams,6745.975,2026-09-06 13:59:01.151,1,14.0,False,,False,True
6921.767,SAI,55,88.221,16.0,2.0,,,28.22,30.397,29.604,6861.871,6892.268,6921.872,302.0,325.0,316.0,325.0,False,HARD,13.0,True,Williams,6833.546,2026-09-06 14:00:28.722,1,15.0,False,,False,True
7009.261,SAI,55,87.494,17.0,2.0,,,27.997,30.368,29.129,6949.869,6980.237,7009.366,304.0,322.0,315.0,332.0,False,HARD,14.0,True,Williams,6921.767,2026-09-06 14:01:56.943,1,15.0,False,,False,True
7096.176,SAI,55,86.915,18.0,2.0,,,27.914,30.033,28.968,7037.28,7067.313,7096.281,299.0,319.0,308.0,326.0,True,HARD,15.0,True,Williams,7009.261,2026-09-06 14:03:24.437,1,15.0,False,,False,True
7183.25,SAI,55,87.074,19.0,2.0,,,27.992,30.093,28.989,7124.273,7154.366,7183.355,298.0,319.0,310.0,324.0,False,HARD,16.0,True,Williams,7096.176,2026-09-06 14:04:51.352,1,15.0,False,,False,True
7270.145,SAI,55,86.895,20.0,2.0,,,28.018,30.008,28.869,7211.373,7241.381,7270.25,298.0,314.0,311.0,318.0,True,HARD,17.0,True,Williams,7183.25,2026-09-06 14:06:18.426,1,15.0,False,,False,True
7357.212,SAI,55,87.067,21.0,2.0,,,27.938,30.188,28.941,7298.188,7328.376,7357.317,299.0,315.0,312.0,321.0,False,HARD,18.0,True,Williams,7270.145,2026-09-06 14:07:45.321,1,15.0,False,,False,True
7444.668,SAI,55,87.456,22.0,2.0,,,27.85,30.661,28.945,7385.167,7415.828,7444.773,309.0,321.0,313.0,324.0,False,HARD,19.0,True,Williams,7357.212,2026-09-06 14:09:12.388,1,15.0,False,,False,True
7531.837,SAI,55,87.169,23.0,2.0,,,27.975,30.272,28.922,7472.748,7503.02,7531.942,303.0,321.0,312.0,320.0,False,HARD,20.0,True,Williams,7444.668,2026-09-06 14:10:39.844,1,15.0,False,,False,True
7618.842,SAI,55,87.005,24.0,2.0,,,27.973,30.152,28.88,7559.915,7590.067,7618.947,301.0,321.0,315.0,319.0,False,HARD,21.0,True,Williams,7531.837,2026-09-06 14:12:07.013,1,15.0,False,,False,True
7705.956,SAI,55,87.114,25.0,2.0,,,27.92,30.326,28.868,7646.867,7677.193,7706.061,299.0,315.0,311.0,321.0,False,HARD,22.0,True,Williams,7618.842,2026-09-06 14:13:34.018,1,15.0,False,,False,True
7793.261,SAI,55,87.305,26.0,2.0,,,27.901,30.548,28.856,7733.962,7764.51,7793.366,303.0,317.0,312.0,322.0,False,HARD,23.0,True,Williams,7705.956,2026-09-06 14:15:01.132,1,15.0,False,,False,True
7888.735,SAI,55,95.474,27.0,2.0,,7885.158,27.824,30.316,37.334,7821.19,7851.506,7888.84,314.0,307.0,,325.0,False,HARD,24.0,True,Williams,7793.261,2026-09-06 14:16:28.437,126,16.0,False,,False,False
8012.514,SAI,55,123.779,28.0,3.0,7909.634,,56.559,36.381,30.839,7945.399,7981.78,8012.619,264.0,263.0,299.0,259.0,False,MEDIUM,1.0,True,Williams,7888.735,2026-09-06 14:18:03.911,671,15.0,False,,False,False
8099.127,SAI,55,86.613,29.0,3.0,,,28.267,29.743,28.603,8040.886,8070.629,8099.232,292.0,307.0,305.0,310.0,True,MEDIUM,2.0,True,Williams,8012.514,2026-09-06 14:20:07.690,1,15.0,False,,False,True
8185.615,SAI,55,86.488,30.0,3.0,,,28.247,29.616,28.625,8127.479,8157.095,8185.72,295.0,307.0,307.0,310.0,True,MEDIUM,3.0,True,Williams,8099.127,2026-09-06 14:21:34.303,1,15.0,False,,False,True
8271.743,SAI,55,86.128,31.0,3.0,,,28.069,29.528,28.531,8213.789,8243.317,8271.848,295.0,309.0,310.0,308.0,True,MEDIUM,4.0,True,Williams,8185.615,2026-09-06 14:23:00.791,1,15.0,False,,False,True
8357.979,SAI,55,86.236,32.0,3.0,,,28.005,29.598,28.633,8299.853,8329.451,8358.084,295.0,310.0,311.0,310.0,False,MEDIUM,5.0,True,Williams,8271.743,2026-09-06 14:24:26.919,1,15.0,False,,False,True
8444.394,SAI,55,86.415,33.0,3.0,,,28.072,29.702,28.641,8386.156,8415.858,8444.499,296.0,309.0,313.0,311.0,False,MEDIUM,6.0,True,Williams,8357.979,2026-09-06 14:25:53.155,1,15.0,False,,False,True
8530.672,SAI,55,86.278,34.0,3.0,,,27.946,29.66,28.672,8472.445,8502.105,8530.777,297.0,310.0,312.0,313.0,False,MEDIUM,7.0,True,Williams,8444.394,2026-09-06 14:27:19.570,1,15.0,False,,False,True
8616.796,SAI,55,86.124,35.0,3.0,,,27.914,29.682,28.528,8558.691,8588.373,8616.901,297.0,310.0,313.0,313.0,True,MEDIUM,8.0,True,Williams,8530.672,2026-09-06 14:28:45.848,1,15.0,False,,False,True
8702.896,SAI,55,86.1,36.0,3.0,,,27.93,29.639,28.531,8644.831,8674.47,8703.001,295.0,310.0,312.0,313.0,True,MEDIUM,9.0,True,Williams,8616.796,2026-09-06 14:30:11.972,1,15.0,False,,False,True
8788.806,SAI,55,85.91,37.0,3.0,,,27.89,29.585,28.435,8730.891,8760.476,8788.911,296.0,309.0,308.0,312.0,True,MEDIUM,10.0,True,Williams,8702.896,2026-09-06 14:31:38.072,1,15.0,False,,False,True
8874.578,SAI,55,85.772,38.0,3.0,,,27.822,29.527,28.423,8816.733,8846.26,8874.683,296.0,311.0,314.0,312.0,True,MEDIUM,11.0,True,Williams,8788.806,2026-09-06 14:33:03.982,1,15.0,False,,False,True
8960.813,SAI,55,86.235,39.0,3.0,,,27.914,29.801,28.52,8902.597,8932.398,8960.918,296.0,310.0,313.0,313.0,False,MEDIUM,12.0,True,Williams,8874.578,2026-09-06 14:34:29.754,1,15.0,True,TRACK LIMITS AT TURN 5 LAP 39 ,False,True
9046.849,SAI,55,86.036,40.0,3.0,,,27.864,29.716,28.456,8988.782,9018.498,9046.954,296.0,310.0,311.0,313.0,False,MEDIUM,13.0,True,Williams,8960.813,2026-09-06 14:35:55.989,1,15.0,False,,False,True
9132.779,SAI,55,85.93,41.0,3.0,,,27.902,29.524,28.504,9074.856,9104.38,9132.884,296.0,311.0,309.0,313.0,False,MEDIUM,14.0,True,Williams,9046.849,2026-09-06 14:37:22.025,1,15.0,False,,False,True
9218.659,SAI,55,85.88,42.0,3.0,,,27.957,29.555,28.368,9160.841,9190.396,9218.764,296.0,311.0,312.0,312.0,False,MEDIUM,15.0,True,Williams,9132.779,2026-09-06 14:38:47.955,1,15.0,False,,False,True
9305.049,SAI,55,86.39,43.0,3.0,,,28.439,29.615,28.336,9247.203,9276.818,9305.154,295.0,311.0,311.0,312.0,False,MEDIUM,16.0,True,Williams,9218.659,2026-09-06 14:40:13.835,1,15.0,False,,False,True
9391.198,SAI,55,86.149,44.0,3.0,,,28.078,29.713,28.358,9333.232,9362.945,9391.303,288.0,314.0,313.0,312.0,False,MEDIUM,17.0,True,Williams,9305.049,2026-09-06 14:41:40.225,1,15.0,False,,False,True
9477.296,SAI,55,86.098,45.0,3.0,,,27.866,29.599,28.633,9419.169,9448.768,9477.401,300.0,321.0,323.0,318.0,False,MEDIUM,18.0,True,Williams,9391.198,2026-09-06 14:43:06.374,1,15.0,False,,False,True
9562.979,SAI,55,85.683,46.0,3.0,,,27.799,29.43,28.454,9505.2,9534.63,9563.084,297.0,312.0,314.0,313.0,True,MEDIUM,19.0,True,Williams,9477.296,2026-09-06 14:44:32.472,1,14.0,False,,False,True
9648.762,SAI,55,85.783,47.0,3.0,,,28.016,29.433,28.334,9591.1,9620.533,9648.867,295.0,312.0,313.0,310.0,False,MEDIUM,20.0,True,Williams,9562.979,2026-09-06 14:45:58.155,1,14.0,False,,False,True
9734.875,SAI,55,86.113,48.0,3.0,,,28.13,29.587,28.396,9676.997,9706.584,9734.98,296.0,313.0,314.0,318.0,False,MEDIUM,21.0,True,Williams,9648.762,2026-09-06 14:47:23.938,1,14.0,False,,False,True
9820.722,SAI,55,85.847,49.0,3.0,,,27.83,29.593,28.424,9762.81,9792.403,9820.827,300.0,316.0,315.0,311.0,False,MEDIUM,22.0,True,Williams,9734.875,2026-09-06 14:48:50.051,1,14.0,False,,False,True
9907.121,SAI,55,86.399,50.0,3.0,,,28.018,29.843,28.538,9848.845,9878.688,9907.226,302.0,311.0,316.0,320.0,False,MEDIUM,23.0,True,Williams,9820.722,2026-09-06 14:50:15.898,1,13.0,False,,False,True
9993.378,SAI,55,86.257,51.0,3.0,,,28.088,29.661,28.508,9935.314,9964.975,9993.483,294.0,310.0,311.0,307.0,False,MEDIUM,24.0,True,Williams,9907.121,2026-09-06 14:51:42.297,1,13.0,False,,False,True
10079.338,SAI,55,85.96,52.0,3.0,,,27.993,29.53,28.437,10021.476,10051.006,10079.443,295.0,310.0,312.0,310.0,False,MEDIUM,25.0,True,Williams,9993.378,2026-09-06 14:53:08.554,1,13.0,False,,False,True
10165.302,SAI,55,85.964,53.0,3.0,,,28.054,29.566,28.344,10107.497,10137.063,10165.407,296.0,309.0,315.0,310.0,False,MEDIUM,26.0,True,Williams,10079.338,2026-09-06 14:54:34.514,1,13.0,False,,False,True
3504.749,RUS,63,88.774,1.0,1.0,,,,29.938,28.989,,3475.983,3504.923,302.0,313.0,315.0,296.0,False,MEDIUM,1.0,True,Mercedes,3415.761,2026-09-06 13:03:30.937,1,2.0,False,,False,False
3591.4,RUS,63,86.651,2.0,1.0,,,28.283,29.678,28.69,3533.111,3562.789,3591.479,295.0,305.0,307.0,306.0,True,MEDIUM,2.0,True,Mercedes,3504.749,2026-09-06 13:04:59.925,1,1.0,False,,False,True
3710.548,RUS,63,119.148,3.0,1.0,,3706.838,31.124,40.73,47.294,3622.603,3663.333,3710.627,118.0,269.0,,304.0,False,MEDIUM,3.0,True,Mercedes,3591.4,2026-09-06 13:06:26.576,1245,1.0,False,,False,False
5668.984,RUS,63,,4.0,2.0,5553.054,,,36.989,37.463,,5631.6,5669.126,250.0,260.0,103.0,250.0,False,HARD,1.0,True,Mercedes,5544.927,2026-09-06 13:39:00.103,1,1.0,False,,False,False
5869.167,RUS,63,,5.0,2.0,,,,36.049,39.056,,5830.19,5869.335,264.0,288.0,148.0,207.0,False,HARD,2.0,True,Mercedes,5668.984,2026-09-06 13:41:04.160,1,1.0,False,,False,False
6035.345,RUS,63,,6.0,2.0,,,,29.635,28.619,,6007.029,6035.546,296.0,303.0,304.0,290.0,False,HARD,3.0,True,Mercedes,5869.167,2026-09-06 13:44:24.343,12,1.0,False,,False,False
6121.785,RUS,63,86.44,7.0,2.0,,,28.261,29.505,28.674,6063.685,6093.19,6121.864,295.0,303.0,305.0,304.0,True,HARD,4.0,True,Mercedes,6035.345,2026-09-06 13:47:10.521,1,1.0,False,,False,True
6207.878,RUS,63,86.093,8.0,2.0,,,28.184,29.405,28.504,6150.048,6179.453,6207.957,294.0,304.0,302.0,306.0,True,HARD,5.0,True,Mercedes,6121.785,2026-09-06 13:48:36.961,1,1.0,False,,False,True
6294.373,RUS,63,86.495,9.0,2.0,,,28.441,29.552,28.502,6236.398,6265.95,6294.452,296.0,302.0,302.0,306.0,False,HARD,6.0,True,Mercedes,6207.878,2026-09-06 13:50:03.054,1,1.0,True,TRACK LIMITS AT TURN 1 LAP 9 ,False,True
6380.678,RUS,63,86.305,10.0,2.0,,,28.306,29.439,28.56,6322.758,6352.197,6380.757,297.0,301.0,308.0,305.0,False,HARD,7.0,True,Mercedes,6294.373,2026-09-06 13:51:29.549,1,1.0,False,,False,True
6467.308,RUS,63,86.63,11.0,2.0,,,28.198,29.661,28.771,6408.955,6438.616,6467.387,295.0,300.0,305.0,305.0,False,HARD,8.0,True,Mercedes,6380.678,2026-09-06 13:52:55.854,1,1.0,False,,False,True
6554.66,RUS,63,87.352,12.0,2.0,,,28.708,30.161,28.483,6496.095,6526.256,6554.739,307.0,313.0,315.0,305.0,False,HARD,9.0,True,Mercedes,6467.308,2026-09-06 13:54:22.484,1,2.0,False,,False,True
6640.802,RUS,63,86.142,13.0,2.0,,,27.854,29.804,28.484,6582.593,6612.397,6640.881,309.0,318.0,320.0,318.0,False,HARD,10.0,True,Mercedes,6554.66,2026-09-06 13:55:49.836,1,2.0,False,,False,True
6727.351,RUS,63,86.549,14.0,2.0,,,27.948,29.909,28.692,6668.829,6698.738,6727.43,306.0,313.0,322.0,317.0,False,HARD,11.0,True,Mercedes,6640.802,2026-09-06 13:57:15.978,1,2.0,False,,False,True
6813.124,RUS,63,85.773,15.0,2.0,,,27.83,29.456,28.487,6755.26,6784.716,6813.203,302.0,296.0,317.0,322.0,True,HARD,12.0,True,Mercedes,6727.351,2026-09-06 13:58:42.527,1,1.0,False,,False,True
6898.866,RUS,63,85.742,16.0,2.0,,,27.883,29.445,28.414,6841.086,6870.531,6898.945,296.0,301.0,310.0,302.0,True,HARD,13.0,True,Mercedes,6813.124,2026-09-06 14:00:08.300,1,1.0,False,,False,True
6984.45,RUS,63,85.584,17.0,2.0,,,27.906,29.296,28.382,6926.851,6956.147,6984.529,299.0,303.0,309.0,300.0,True,HARD,14.0,True,Mercedes,6898.866,2026-09-06 14:01:34.042,1,1.0,False,,False,True
7070.602,RUS,63,86.152,18.0,2.0,,,28.236,29.662,28.254,7012.765,7042.427,7070.681,310.0,313.0,315.0,300.0,False,HARD,15.0,True,Mercedes,6984.45,2026-09-06 14:02:59.626,1,2.0,False,,False,True
7156.404,RUS,63,85.802,19.0,2.0,,,28.223,29.281,28.298,7098.904,7128.185,7156.483,298.0,312.0,323.0,320.0,False,HARD,16.0,True,Mercedes,7070.602,2026-09-06 14:04:25.778,1,2.0,False,,False,True
7242.01,RUS,63,85.606,20.0,2.0,,,27.607,29.429,28.57,7184.09,7213.519,7242.089,298.0,318.0,320.0,319.0,False,HARD,17.0,True,Mercedes,7156.404,2026-09-06 14:05:51.580,1,2.0,False,,False,True
7327.778,RUS,63,85.768,21.0,2.0,,,27.801,29.611,28.356,7269.89,7299.501,7327.857,311.0,318.0,322.0,322.0,False,HARD,18.0,True,Mercedes,7242.01,2026-09-06 14:07:17.186,1,2.0,False,,False,True
7414.274,RUS,63,86.496,22.0,2.0,,,27.868,30.051,28.577,7355.725,7385.776,7414.353,303.0,317.0,320.0,315.0,False,HARD,19.0,True,Mercedes,7327.778,2026-09-06 14:08:42.954,1,2.0,False,,False,True
7500.101,RUS,63,85.827,23.0,2.0,,,27.903,29.317,28.607,7442.256,7471.573,7500.18,300.0,307.0,301.0,315.0,False,HARD,20.0,True,Mercedes,7414.274,2026-09-06 14:10:09.450,1,1.0,False,,False,True
7585.743,RUS,63,85.642,24.0,2.0,,,28.418,29.091,28.133,7528.598,7557.689,7585.822,293.0,309.0,304.0,298.0,False,HARD,21.0,True,Mercedes,7500.101,2026-09-06 14:11:35.277,1,1.0,False,,False,True
7671.088,RUS,63,85.345,25.0,2.0,,,28.236,29.022,28.087,7614.058,7643.08,7671.167,294.0,309.0,306.0,301.0,True,HARD,22.0,True,Mercedes,7585.743,2026-09-06 14:13:00.919,1,1.0,False,,False,True
7756.593,RUS,63,85.505,26.0,2.0,,,28.192,29.089,28.224,7699.359,7728.448,7756.672,293.0,309.0,304.0,302.0,False,HARD,23.0,True,Mercedes,7671.088,2026-09-06 14:14:26.264,1,1.0,False,,False,True
7842.11,RUS,63,85.517,27.0,2.0,,,28.263,29.067,28.187,7784.935,7814.002,7842.189,293.0,309.0,305.0,301.0,False,HARD,24.0,True,Mercedes,7756.593,2026-09-06 14:15:51.769,1,1.0,False,,False,True
7947.809,RUS,63,105.699,28.0,2.0,,,28.458,39.127,38.114,7870.647,7909.774,7947.888,293.0,248.0,219.0,302.0,False,HARD,25.0,True,Mercedes,7842.11,2026-09-06 14:17:17.286,126,1.0,False,,False,False
8046.184,RUS,63,98.375,29.0,2.0,,,40.025,29.669,28.681,7987.913,8017.582,8046.263,279.0,283.0,315.0,180.0,False,HARD,26.0,True,Mercedes,7947.809,2026-09-06 14:19:02.985,671,1.0,False,,False,False
8131.844,RUS,63,85.66,30.0,2.0,,,28.282,29.203,28.175,8074.545,8103.748,8131.923,293.0,306.0,315.0,304.0,False,HARD,27.0,True,Mercedes,8046.184,2026-09-06 14:20:41.360,1,1.0,False,,False,True
8217.413,RUS,63,85.569,31.0,2.0,,,28.118,29.262,28.189,8160.041,8189.303,8217.492,293.0,305.0,317.0,304.0,False,HARD,28.0,True,Mercedes,8131.844,2026-09-06 14:22:07.020,1,1.0,False,,False,True
8302.753,RUS,63,85.34,32.0,2.0,,,28.039,29.149,28.152,8245.531,8274.68,8302.832,292.0,306.0,316.0,306.0,True,HARD,29.0,True,Mercedes,8217.413,2026-09-06 14:23:32.589,1,1.0,False,,False,True
8388.157,RUS,63,85.404,33.0,2.0,,,28.026,29.166,28.212,8330.858,8360.024,8388.236,293.0,306.0,315.0,306.0,False,HARD,30.0,True,Mercedes,8302.753,2026-09-06 14:24:57.929,1,1.0,False,,False,True
8473.569,RUS,63,85.412,34.0,2.0,,,28.092,29.249,28.071,8416.328,8445.577,8473.648,293.0,306.0,317.0,304.0,False,HARD,31.0,True,Mercedes,8388.157,2026-09-06 14:26:23.333,1,1.0,False,,False,True
8558.865,RUS,63,85.296,35.0,2.0,,,27.993,29.199,28.104,8501.641,8530.84,8558.944,294.0,306.0,318.0,304.0,True,HARD,32.0,True,Mercedes,8473.569,2026-09-06 14:27:48.745,1,1.0,False,,False,True
8644.088,RUS,63,85.223,36.0,2.0,,,28.028,29.162,28.033,8586.972,8616.134,8644.167,294.0,306.0,316.0,306.0,True,HARD,33.0,True,Mercedes,8558.865,2026-09-06 14:29:14.041,1,1.0,False,,False,True
8729.425,RUS,63,85.337,37.0,2.0,,,28.027,29.229,28.081,8672.194,8701.423,8729.504,294.0,305.0,316.0,305.0,False,HARD,34.0,True,Mercedes,8644.088,2026-09-06 14:30:39.264,1,1.0,False,,False,True
8814.811,RUS,63,85.386,38.0,2.0,,,28.146,29.176,28.064,8757.65,8786.826,8814.89,294.0,307.0,316.0,305.0,False,HARD,35.0,True,Mercedes,8729.425,2026-09-06 14:32:04.601,1,1.0,False,,False,True
8899.829,RUS,63,85.018,39.0,2.0,,,27.908,29.17,27.94,8842.798,8871.968,8899.908,294.0,306.0,317.0,305.0,True,HARD,36.0,True,Mercedes,8814.811,2026-09-06 14:33:29.987,1,1.0,False,,False,True
8984.923,RUS,63,85.094,40.0,2.0,,,27.888,29.211,27.995,8927.796,8957.007,8985.002,294.0,306.0,317.0,306.0,False,HARD,37.0,True,Mercedes,8899.829,2026-09-06 14:34:55.005,1,1.0,False,,False,True
9070.254,RUS,63,85.331,41.0,2.0,,,28.132,29.19,28.009,9013.134,9042.324,9070.333,293.0,306.0,318.0,306.0,False,HARD,38.0,True,Mercedes,8984.923,2026-09-06 14:36:20.099,1,1.0,False,,False,True
9155.391,RUS,63,85.137,42.0,2.0,,,28.148,28.99,27.999,9098.481,9127.471,9155.47,293.0,307.0,317.0,307.0,False,HARD,39.0,True,Mercedes,9070.254,2026-09-06 14:37:45.430,1,1.0,False,,False,True
9240.652,RUS,63,85.261,43.0,2.0,,,28.208,29.093,27.96,9183.678,9212.771,9240.731,293.0,309.0,316.0,307.0,False,HARD,40.0,True,Mercedes,9155.391,2026-09-06 14:39:10.567,1,1.0,False,,False,True
9325.78,RUS,63,85.128,44.0,2.0,,,28.007,29.19,27.931,9268.738,9297.928,9325.859,293.0,308.0,318.0,306.0,False,HARD,41.0,True,Mercedes,9240.652,2026-09-06 14:40:35.828,1,1.0,False,,False,True
9410.963,RUS,63,85.183,45.0,2.0,,,28.104,29.175,27.904,9353.963,9383.138,9411.042,294.0,308.0,317.0,306.0,False,HARD,42.0,True,Mercedes,9325.78,2026-09-06 14:42:00.956,1,1.0,False,,False,True
9495.924,RUS,63,84.961,46.0,2.0,,,27.979,29.073,27.909,9439.021,9468.094,9496.003,295.0,310.0,318.0,307.0,True,HARD,43.0,True,Mercedes,9410.963,2026-09-06 14:43:26.139,1,1.0,False,,False,True
9580.785,RUS,63,84.861,47.0,2.0,,,27.927,29.01,27.924,9523.93,9552.94,9580.864,295.0,309.0,319.0,308.0,True,HARD,44.0,True,Mercedes,9495.924,2026-09-06 14:44:51.100,1,1.0,False,,False,True
9666.061,RUS,63,85.276,48.0,2.0,,,27.948,29.209,28.119,9608.812,9638.021,9666.14,295.0,311.0,325.0,308.0,False,HARD,45.0,True,Mercedes,9580.785,2026-09-06 14:46:15.961,1,1.0,False,,False,True
9754.036,RUS,63,87.975,49.0,2.0,,,30.4,29.5,28.075,9696.54,9726.04,9754.115,303.0,309.0,318.0,314.0,False,HARD,46.0,True,Mercedes,9666.061,2026-09-06 14:47:41.237,1,1.0,False,,False,True
9840.242,RUS,63,86.206,50.0,2.0,,,27.906,29.818,28.482,9782.021,9811.839,9840.321,306.0,313.0,318.0,310.0,False,HARD,47.0,True,Mercedes,9754.036,2026-09-06 14:49:09.212,1,2.0,False,,False,True
9924.632,RUS,63,84.39,51.0,2.0,,,27.603,28.967,27.82,9867.924,9896.891,9924.711,312.0,324.0,327.0,314.0,True,HARD,48.0,True,Mercedes,9840.242,2026-09-06 14:50:35.418,1,2.0,False,,False,True
10009.609,RUS,63,84.977,52.0,2.0,,,27.669,29.201,28.107,9952.38,9981.581,10009.688,306.0,314.0,318.0,321.0,False,HARD,49.0,True,Mercedes,9924.632,2026-09-06 14:51:59.808,1,2.0,False,,False,True
10095.095,RUS,63,85.486,53.0,2.0,,,27.762,29.245,28.479,10037.45,10066.695,10095.174,305.0,311.0,309.0,316.0,False,HARD,50.0,True,Mercedes,10009.609,2026-09-06 14:53:24.785,1,2.0,False,,False,True
3513.7,BOT,77,97.725,1.0,1.0,,,,32.915,31.03,,3482.811,3514.037,302.0,300.0,316.0,246.0,False,SOFT,1.0,True,Cadillac,3415.761,2026-09-06 13:03:30.937,1,21.0,False,,False,False
3605.595,BOT,77,91.895,2.0,1.0,,,29.832,31.683,30.38,3543.673,3575.356,3605.736,284.0,304.0,316.0,285.0,True,SOFT,2.0,True,Cadillac,3513.7,2026-09-06 13:05:08.876,12,20.0,False,,False,True
3765.515,BOT,77,,3.0,1.0,,3757.857,44.645,50.296,64.978,3650.4,3700.775,3765.656,124.0,162.0,,318.0,False,SOFT,3.0,True,Cadillac,3605.595,2026-09-06 13:06:40.771,245,19.0,False,,False,False
5717.714,BOT,77,,4.0,2.0,5599.647,,,34.053,47.964,,5669.891,5717.924,252.0,241.0,40.0,199.0,False,MEDIUM,1.0,True,Cadillac,5544.927,2026-09-06 13:39:00.103,1,19.0,False,,False,False
5914.808,BOT,77,,5.0,2.0,,,,35.753,48.842,,5866.168,5915.134,256.0,242.0,42.0,129.0,False,MEDIUM,2.0,True,Cadillac,5717.714,2026-09-06 13:41:52.890,1,19.0,False,,False,False
6046.423,BOT,77,131.615,6.0,2.0,,,67.213,33.411,30.991,5982.162,6015.573,6046.564,268.0,304.0,303.0,254.0,False,MEDIUM,3.0,True,Cadillac,5914.808,2026-09-06 13:45:09.984,12,21.0,False,,False,True
6136.274,BOT,77,89.851,7.0,2.0,,,29.507,30.811,29.533,6076.071,6106.882,6136.415,287.0,308.0,326.0,309.0,True,MEDIUM,4.0,True,Cadillac,6046.423,2026-09-06 13:47:21.599,1,21.0,False,,False,True
6224.703,BOT,77,88.429,8.0,2.0,,,28.659,30.454,29.316,6165.074,6195.528,6224.844,284.0,309.0,310.0,321.0,True,MEDIUM,5.0,True,Cadillac,6136.274,2026-09-06 13:48:51.450,1,20.0,False,,False,True
6313.747,BOT,77,89.044,9.0,2.0,,,29.028,30.531,29.485,6253.872,6284.403,6313.888,283.0,307.0,301.0,304.0,False,MEDIUM,6.0,True,Cadillac,6224.703,2026-09-06 13:50:19.879,1,20.0,False,,False,True
6402.857,BOT,77,89.11,10.0,2.0,,,29.212,30.523,29.375,6343.1,6373.623,6402.998,282.0,301.0,306.0,304.0,False,MEDIUM,7.0,True,Cadillac,6313.747,2026-09-06 13:51:48.923,1,20.0,False,,False,True
6491.763,BOT,77,88.906,11.0,2.0,,,29.092,30.411,29.403,6432.09,6462.501,6491.904,282.0,299.0,308.0,306.0,False,MEDIUM,8.0,True,Cadillac,6402.857,2026-09-06 13:53:18.033,1,20.0,False,,False,True
6580.312,BOT,77,88.549,12.0,2.0,,,29.069,30.137,29.343,6520.973,6551.11,6580.453,281.0,303.0,307.0,305.0,False,MEDIUM,9.0,True,Cadillac,6491.763,2026-09-06 13:54:46.939,1,20.0,False,,False,True
6669.119,BOT,77,88.807,13.0,2.0,,,29.059,30.276,29.472,6609.512,6639.788,6669.26,280.0,301.0,307.0,306.0,False,MEDIUM,10.0,True,Cadillac,6580.312,2026-09-06 13:56:15.488,1,19.0,False,,False,True
6757.489,BOT,77,88.37,14.0,2.0,,,29.001,30.142,29.227,6698.261,6728.403,6757.63,281.0,301.0,310.0,305.0,True,MEDIUM,11.0,True,Cadillac,6669.119,2026-09-06 13:57:44.295,1,19.0,False,,False,True
6846.086,BOT,77,88.597,15.0,2.0,,,28.873,30.347,29.377,6786.503,6816.85,6846.227,279.0,298.0,309.0,307.0,False,MEDIUM,12.0,True,Cadillac,6757.489,2026-09-06 13:59:12.665,1,19.0,False,,False,True
6934.658,BOT,77,88.572,16.0,2.0,,,29.01,30.135,29.427,6875.237,6905.372,6934.799,280.0,302.0,308.0,307.0,False,MEDIUM,13.0,True,Cadillac,6846.086,2026-09-06 14:00:41.262,1,19.0,False,,False,True
7023.134,BOT,77,88.476,17.0,2.0,,,28.944,30.288,29.244,6963.743,6994.031,7023.275,280.0,300.0,312.0,308.0,False,MEDIUM,14.0,True,Cadillac,6934.658,2026-09-06 14:02:09.834,1,19.0,False,,False,True
7111.673,BOT,77,88.539,18.0,2.0,,,28.686,30.252,29.601,7051.961,7082.213,7111.814,281.0,300.0,305.0,311.0,False,MEDIUM,15.0,True,Cadillac,7023.134,2026-09-06 14:03:38.310,1,19.0,False,,False,True
7200.144,BOT,77,88.471,19.0,2.0,,,28.999,30.169,29.303,7140.813,7170.982,7200.285,280.0,300.0,315.0,307.0,False,MEDIUM,16.0,True,Cadillac,7111.673,2026-09-06 14:05:06.849,1,19.0,False,,False,True
7288.712,BOT,77,88.568,20.0,2.0,,,28.788,30.306,29.474,7229.073,7259.379,7288.853,281.0,299.0,305.0,312.0,False,MEDIUM,17.0,True,Cadillac,7200.144,2026-09-06 14:06:35.320,1,19.0,False,,False,True
7377.122,BOT,77,88.41,21.0,2.0,,,29.063,30.126,29.221,7317.916,7348.042,7377.263,280.0,304.0,311.0,309.0,False,MEDIUM,18.0,True,Cadillac,7288.712,2026-09-06 14:08:03.888,1,19.0,False,,False,True
7465.716,BOT,77,88.594,22.0,2.0,,,28.938,30.337,29.319,7406.201,7436.538,7465.857,282.0,300.0,307.0,310.0,False,MEDIUM,19.0,True,Cadillac,7377.122,2026-09-06 14:09:32.298,1,19.0,False,,False,True
7554.102,BOT,77,88.386,23.0,2.0,,,28.973,30.1,29.313,7494.83,7524.93,7554.243,283.0,306.0,305.0,309.0,False,MEDIUM,20.0,True,Cadillac,7465.716,2026-09-06 14:11:00.892,1,18.0,False,,False,True
7643.813,BOT,77,89.711,24.0,2.0,,,30.05,30.508,29.153,7584.293,7614.801,7643.954,283.0,301.0,308.0,308.0,False,MEDIUM,21.0,True,Cadillac,7554.102,2026-09-06 14:12:29.278,1,19.0,False,,False,True
7732.383,BOT,77,88.57,25.0,2.0,,,28.928,30.135,29.507,7672.882,7703.017,7732.524,283.0,305.0,307.0,311.0,False,MEDIUM,22.0,True,Cadillac,7643.813,2026-09-06 14:13:58.989,1,19.0,False,,False,True
7821.09,BOT,77,88.707,26.0,2.0,,,28.948,30.275,29.484,7761.472,7791.747,7821.231,282.0,304.0,305.0,309.0,False,MEDIUM,23.0,True,Cadillac,7732.383,2026-09-06 14:15:27.559,1,19.0,False,,False,True
7928.734,BOT,77,107.644,27.0,2.0,,7924.976,29.194,34.262,44.188,7850.425,7884.687,7928.875,281.0,241.0,,308.0,False,MEDIUM,24.0,True,Cadillac,7821.09,2026-09-06 14:16:56.266,126,19.0,False,,False,False
8055.534,BOT,77,126.8,28.0,3.0,7960.237,,65.196,32.608,28.996,7994.071,8026.679,8055.675,288.0,306.0,314.0,150.0,False,SOFT,1.0,True,Cadillac,7928.734,2026-09-06 14:18:43.910,671,19.0,False,,False,False
8143.516,BOT,77,87.982,29.0,3.0,,,28.758,29.985,29.239,8084.433,8114.418,8143.657,280.0,299.0,306.0,310.0,True,SOFT,2.0,True,Cadillac,8055.534,2026-09-06 14:20:50.710,1,19.0,False,,False,True
8234.363,BOT,77,90.847,30.0,3.0,,,30.481,31.588,28.778,8174.138,8205.726,8234.504,246.0,312.0,316.0,214.0,False,SOFT,3.0,True,Cadillac,8143.516,2026-09-06 14:22:18.692,1,19.0,False,,False,True
8322.166,BOT,77,87.803,31.0,3.0,,,28.61,29.986,29.207,8263.114,8293.1,8322.307,282.0,301.0,308.0,315.0,True,SOFT,4.0,True,Cadillac,8234.363,2026-09-06 14:23:49.539,1,19.0,False,,False,True
8411.419,BOT,77,89.253,32.0,3.0,,,28.893,29.943,30.417,8351.2,8381.143,8411.56,280.0,303.0,309.0,306.0,False,SOFT,5.0,True,Cadillac,8322.166,2026-09-06 14:25:17.342,1,19.0,False,,False,True
8499.22,BOT,77,87.801,33.0,3.0,,,28.953,29.97,28.878,8440.513,8470.483,8499.361,283.0,307.0,317.0,312.0,True,SOFT,6.0,True,Cadillac,8411.419,2026-09-06 14:26:46.595,1,19.0,False,,False,True
8586.881,BOT,77,87.661,34.0,3.0,,,28.556,29.914,29.191,8527.917,8557.831,8587.022,283.0,304.0,305.0,313.0,True,SOFT,7.0,True,Cadillac,8499.22,2026-09-06 14:28:14.396,1,19.0,False,,False,True
8675.021,BOT,77,88.14,35.0,3.0,,,28.915,29.982,29.243,8615.937,8645.919,8675.162,280.0,302.0,307.0,305.0,False,SOFT,8.0,True,Cadillac,8586.881,2026-09-06 14:29:42.057,1,19.0,False,,False,True
8763.765,BOT,77,88.744,36.0,3.0,,,29.025,31.253,28.466,8704.187,8735.44,8763.906,241.0,307.0,305.0,304.0,False,SOFT,9.0,True,Cadillac,8675.021,2026-09-06 14:31:10.197,1,19.0,False,,False,True
8852.911,BOT,77,89.146,37.0,3.0,,,28.871,30.542,29.733,8792.777,8823.319,8853.052,283.0,225.0,316.0,309.0,False,SOFT,10.0,True,Cadillac,8763.765,2026-09-06 14:32:38.941,1,19.0,False,,False,True
8940.536,BOT,77,87.625,38.0,3.0,,,28.611,30.014,29.0,8881.663,8911.677,8940.677,284.0,306.0,314.0,314.0,True,SOFT,11.0,True,Cadillac,8852.911,2026-09-06 14:34:08.087,1,19.0,False,,False,True
9028.252,BOT,77,87.716,39.0,3.0,,,28.765,29.994,28.957,8969.442,8999.436,9028.393,280.0,303.0,306.0,310.0,False,SOFT,12.0,True,Cadillac,8940.536,2026-09-06 14:35:35.712,1,19.0,False,,False,True
9117.666,BOT,77,89.414,40.0,3.0,,,28.963,29.912,30.539,9057.356,9087.268,9117.807,278.0,301.0,311.0,305.0,False,SOFT,13.0,True,Cadillac,9028.252,2026-09-06 14:37:03.428,1,19.0,False,,False,True
9205.263,BOT,77,87.597,41.0,3.0,,,28.852,29.891,28.854,9146.659,9176.55,9205.404,285.0,308.0,313.0,313.0,True,SOFT,14.0,True,Cadillac,9117.666,2026-09-06 14:38:32.842,1,19.0,False,,False,True
9292.731,BOT,77,87.468,42.0,3.0,,,28.674,29.83,28.964,9234.078,9263.908,9292.872,283.0,305.0,312.0,313.0,True,SOFT,15.0,True,Cadillac,9205.263,2026-09-06 14:40:00.439,1,19.0,False,,False,True
9380.191,BOT,77,87.46,43.0,3.0,,,28.731,29.707,29.022,9321.603,9351.31,9380.332,281.0,305.0,308.0,310.0,True,SOFT,16.0,True,Cadillac,9292.731,2026-09-06 14:41:27.907,1,19.0,False,,False,True
9467.807,BOT,77,87.616,44.0,3.0,,,28.843,29.762,29.011,9409.175,9438.937,9467.948,280.0,303.0,307.0,307.0,False,SOFT,17.0,True,Cadillac,9380.191,2026-09-06 14:42:55.367,1,19.0,False,,False,True
9555.392,BOT,77,87.585,45.0,3.0,,,29.042,29.847,28.696,9496.99,9526.837,9555.533,280.0,302.0,306.0,305.0,False,SOFT,18.0,True,Cadillac,9467.807,2026-09-06 14:44:22.983,1,19.0,False,,False,True
9647.804,BOT,77,92.412,46.0,3.0,,,28.997,29.799,33.616,9584.53,9614.329,9647.945,279.0,302.0,306.0,304.0,False,SOFT,19.0,True,Cadillac,9555.392,2026-09-06 14:45:50.568,1,19.0,False,,False,True
9744.857,BOT,77,97.053,47.0,3.0,,,36.057,31.313,29.683,9684.002,9715.315,9744.998,272.0,302.0,315.0,239.0,False,SOFT,20.0,True,Cadillac,9647.804,2026-09-06 14:47:22.980,1,19.0,True,TRACK LIMITS AT TURN 2 LAP 47 ,False,True
9833.25,BOT,77,88.393,48.0,3.0,,,28.745,30.13,29.518,9773.743,9803.873,9833.391,279.0,295.0,305.0,307.0,False,SOFT,21.0,True,Cadillac,9744.857,2026-09-06 14:49:00.033,1,19.0,False,,False,True
9926.814,BOT,77,93.564,49.0,3.0,,,29.163,30.095,34.306,9862.554,9892.649,9926.955,278.0,300.0,316.0,300.0,False,SOFT,22.0,True,Cadillac,9833.25,2026-09-06 14:50:28.426,1,19.0,False,,False,True
10016.76,BOT,77,89.946,50.0,3.0,,,29.52,30.738,29.688,9956.475,9987.213,10016.901,282.0,304.0,316.0,308.0,False,SOFT,23.0,True,Cadillac,9926.814,2026-09-06 14:52:01.990,1,19.0,False,,False,True
10104.085,BOT,77,87.325,51.0,3.0,,,28.596,29.731,28.998,10045.497,10075.228,10104.226,281.0,304.0,308.0,309.0,True,SOFT,24.0,True,Cadillac,10016.76,2026-09-06 14:53:31.936,1,19.0,False,,False,True
3506.003,PIA,81,90.028,1.0,1.0,,,,30.557,28.741,,3477.421,3506.106,306.0,328.0,319.0,292.0,False,MEDIUM,1.0,True,McLaren,3415.761,2026-09-06 13:03:30.937,1,5.0,False,,False,False
3593.489,PIA,81,87.486,2.0,1.0,,,28.376,30.149,28.961,3534.477,3564.626,3593.587,303.0,332.0,312.0,322.0,True,MEDIUM,2.0,True,McLaren,3506.003,2026-09-06 13:05:01.179,1,4.0,False,,False,True
3727.203,PIA,81,133.714,3.0,1.0,,3723.398,36.203,40.83,56.681,3629.79,3670.62,3727.301,128.0,167.0,,317.0,False,MEDIUM,3.0,True,McLaren,3593.489,2026-09-06 13:06:28.665,1245,5.0,False,,False,False
5681.486,PIA,81,,4.0,2.0,5563.888,,,38.361,42.734,,5638.85,5681.719,255.0,248.0,64.0,190.0,False,HARD,1.0,True,McLaren,5544.927,2026-09-06 13:39:00.103,1,5.0,False,,False,False
5878.101,PIA,81,,5.0,2.0,,,,35.287,39.228,,5839.036,5878.199,197.0,263.0,79.0,220.0,False,HARD,2.0,True,McLaren,5681.486,2026-09-06 13:41:16.662,1,5.0,False,,False,False
6038.386,PIA,81,,6.0,2.0,,,,31.396,28.753,,6009.763,6038.592,314.0,323.0,307.0,300.0,False,HARD,3.0,True,McLaren,5878.101,2026-09-06 13:44:33.277,12,4.0,False,,False,False
6125.818,PIA,81,87.432,7.0,2.0,,,28.416,30.071,28.945,6066.9,6096.971,6125.916,301.0,322.0,313.0,328.0,True,HARD,4.0,True,McLaren,6038.386,2026-09-06 13:47:13.562,1,5.0,False,,False,True
6211.869,PIA,81,86.051,8.0,2.0,,,28.141,29.41,28.5,6154.057,6183.467,6211.967,295.0,321.0,313.0,320.0,True,HARD,5.0,True,McLaren,6125.818,2026-09-06 13:48:40.994,1,5.0,False,,False,True
6297.847,PIA,81,85.978,9.0,2.0,,,28.067,29.458,28.453,6240.034,6269.492,6297.945,297.0,325.0,318.0,317.0,True,HARD,6.0,True,McLaren,6211.869,2026-09-06 13:50:07.045,1,5.0,False,,False,True
6384.168,PIA,81,86.321,10.0,2.0,,,27.984,29.702,28.635,6325.929,6355.631,6384.266,297.0,323.0,313.0,317.0,False,HARD,7.0,True,McLaren,6297.847,2026-09-06 13:51:33.023,1,4.0,False,,False,True
6470.254,PIA,81,86.086,11.0,2.0,,,28.049,29.541,28.496,6412.315,6441.856,6470.352,297.0,316.0,322.0,321.0,False,HARD,8.0,True,McLaren,6384.168,2026-09-06 13:52:59.344,1,4.0,False,,False,True
6556.229,PIA,81,85.975,12.0,2.0,,,27.783,29.487,28.705,6498.135,6527.622,6556.327,299.0,310.0,312.0,315.0,True,HARD,9.0,True,McLaren,6470.254,2026-09-06 13:54:25.430,1,3.0,False,,False,True
6642.776,PIA,81,86.547,13.0,2.0,,,28.574,29.633,28.34,6584.901,6614.534,6642.874,297.0,315.0,323.0,314.0,False,HARD,10.0,True,McLaren,6556.229,2026-09-06 13:55:51.405,1,4.0,False,,False,True
6728.887,PIA,81,86.111,14.0,2.0,,,27.771,29.926,28.414,6670.645,6700.571,6728.985,299.0,314.0,317.0,330.0,False,HARD,11.0,True,McLaren,6642.776,2026-09-06 13:57:17.952,1,4.0,False,,False,True
6815.12,PIA,81,86.233,15.0,2.0,,,28.108,29.647,28.478,6757.093,6786.74,6815.218,295.0,313.0,316.0,316.0,False,HARD,12.0,True,McLaren,6728.887,2026-09-06 13:58:44.063,1,4.0,False,,False,True
6901.843,PIA,81,86.723,16.0,2.0,,,28.162,29.613,28.948,6843.38,6872.993,6901.941,317.0,311.0,321.0,322.0,False,HARD,13.0,True,McLaren,6815.12,2026-09-06 14:00:10.296,1,5.0,False,,False,True
6988.395,PIA,81,86.552,17.0,2.0,,,28.214,29.805,28.533,6930.155,6959.96,6988.493,300.0,318.0,322.0,326.0,False,HARD,14.0,True,McLaren,6901.843,2026-09-06 14:01:37.019,1,5.0,False,,False,True
7075.159,PIA,81,86.764,18.0,2.0,,,27.876,30.291,28.597,7016.369,7046.66,7075.257,300.0,320.0,322.0,318.0,False,HARD,15.0,True,McLaren,6988.395,2026-09-06 14:03:03.571,1,5.0,False,,False,True
7160.805,PIA,81,85.646,19.0,2.0,,,27.816,29.332,28.498,7103.073,7132.405,7160.903,295.0,310.0,313.0,309.0,True,HARD,16.0,True,McLaren,7075.159,2026-09-06 14:04:30.335,1,4.0,False,,False,True
7246.899,PIA,81,86.094,20.0,2.0,,,28.157,29.422,28.515,7189.06,7218.482,7246.997,294.0,308.0,310.0,309.0,False,HARD,17.0,True,McLaren,7160.805,2026-09-06 14:05:55.981,1,4.0,False,,False,True
7333.13,PIA,81,86.231,21.0,2.0,,,28.241,29.481,28.509,7275.238,7304.719,7333.228,293.0,308.0,313.0,310.0,False,HARD,18.0,True,McLaren,7246.899,2026-09-06 14:07:22.075,1,4.0,False,,False,True
7419.213,PIA,81,86.083,22.0,2.0,,,28.261,29.379,28.443,7361.489,7390.868,7419.311,291.0,307.0,312.0,311.0,False,HARD,19.0,True,McLaren,7333.13,2026-09-06 14:08:48.306,1,4.0,False,,False,True
7506.024,PIA,81,86.811,23.0,2.0,,,28.494,29.848,28.469,7447.805,7477.653,7506.122,303.0,315.0,313.0,309.0,False,HARD,20.0,True,McLaren,7419.213,2026-09-06 14:10:14.389,1,5.0,False,,False,True
7591.95,PIA,81,85.926,24.0,2.0,,,28.003,29.476,28.447,7534.125,7563.601,7592.048,298.0,319.0,318.0,319.0,False,HARD,21.0,True,McLaren,7506.024,2026-09-06 14:11:41.200,1,5.0,False,,False,True
7677.834,PIA,81,85.884,25.0,2.0,,,27.942,29.381,28.561,7619.99,7649.371,7677.932,302.0,305.0,311.0,315.0,False,HARD,22.0,True,McLaren,7591.95,2026-09-06 14:13:07.126,1,4.0,False,,False,True
7763.977,PIA,81,86.143,26.0,2.0,,,28.246,29.368,28.529,7706.178,7735.546,7764.075,291.0,306.0,313.0,307.0,False,HARD,23.0,True,McLaren,7677.834,2026-09-06 14:14:33.010,1,4.0,False,,False,True
7850.083,PIA,81,86.106,27.0,2.0,,,28.298,29.495,28.313,7792.373,7821.868,7850.181,290.0,307.0,314.0,310.0,False,HARD,24.0,True,McLaren,7763.977,2026-09-06 14:15:59.153,1,4.0,False,,False,True
7959.148,PIA,81,109.065,28.0,2.0,,,33.369,37.374,38.322,7883.55,7920.924,7959.246,260.0,219.0,216.0,287.0,False,HARD,25.0,True,McLaren,7850.083,2026-09-06 14:17:25.259,126,4.0,False,,False,False
8051.684,PIA,81,92.536,29.0,2.0,,,34.788,29.44,28.308,7994.034,8023.474,8051.782,303.0,293.0,319.0,213.0,False,HARD,26.0,True,McLaren,7959.148,2026-09-06 14:19:14.324,671,2.0,False,,False,False
8137.599,PIA,81,85.915,30.0,2.0,,,28.288,29.342,28.285,8080.07,8109.412,8137.697,292.0,309.0,315.0,311.0,False,HARD,27.0,True,McLaren,8051.684,2026-09-06 14:20:46.860,1,2.0,False,,False,True
8223.566,PIA,81,85.967,31.0,2.0,,,28.192,29.296,28.479,8165.889,8195.185,8223.664,293.0,310.0,312.0,310.0,False,HARD,28.0,True,McLaren,8137.599,2026-09-06 14:22:12.775,1,2.0,False,,False,True
8309.586,PIA,81,86.02,32.0,2.0,,,28.288,29.362,28.37,8251.952,8281.314,8309.684,289.0,306.0,314.0,307.0,False,HARD,29.0,True,McLaren,8223.566,2026-09-06 14:23:38.742,1,2.0,False,,False,True
8395.837,PIA,81,86.251,33.0,2.0,,,28.295,29.474,28.482,8337.979,8367.453,8395.935,289.0,305.0,314.0,305.0,False,HARD,30.0,True,McLaren,8309.586,2026-09-06 14:25:04.762,1,2.0,False,,False,True
8481.872,PIA,81,86.035,34.0,2.0,,,28.248,29.367,28.42,8424.183,8453.55,8481.97,290.0,306.0,313.0,305.0,False,HARD,31.0,True,McLaren,8395.837,2026-09-06 14:26:31.013,1,2.0,False,,False,True
8567.469,PIA,81,85.597,35.0,2.0,,,28.084,29.25,28.263,8510.054,8539.304,8567.567,292.0,306.0,314.0,306.0,True,HARD,32.0,True,McLaren,8481.872,2026-09-06 14:27:57.048,1,2.0,False,,False,True
8653.013,PIA,81,85.544,36.0,2.0,,,28.063,29.262,28.219,8595.63,8624.892,8653.111,291.0,307.0,316.0,306.0,True,HARD,33.0,True,McLaren,8567.469,2026-09-06 14:29:22.645,1,2.0,False,,False,True
8739.141,PIA,81,86.128,37.0,2.0,,,28.502,29.491,28.135,8681.613,8711.104,8739.239,297.0,313.0,318.0,306.0,False,HARD,34.0,True,McLaren,8653.013,2026-09-06 14:30:48.189,1,3.0,False,,False,True
8824.456,PIA,81,85.315,38.0,2.0,,,27.864,29.284,28.167,8767.103,8796.387,8824.554,297.0,312.0,318.0,314.0,True,HARD,35.0,True,McLaren,8739.141,2026-09-06 14:32:14.317,1,3.0,False,,False,True
8910.781,PIA,81,86.325,39.0,2.0,,,27.885,30.211,28.229,8852.439,8882.65,8910.879,295.0,318.0,318.0,314.0,False,HARD,36.0,True,McLaren,8824.456,2026-09-06 14:33:39.632,1,4.0,False,,False,True
8996.937,PIA,81,86.156,40.0,2.0,,,27.783,30.091,28.282,8938.662,8968.753,8997.035,296.0,323.0,322.0,321.0,False,HARD,37.0,True,McLaren,8910.781,2026-09-06 14:35:05.957,1,4.0,False,,False,True
9083.089,PIA,81,86.152,41.0,2.0,,,28.072,29.558,28.522,9025.107,9054.665,9083.187,305.0,306.0,314.0,320.0,False,HARD,38.0,True,McLaren,8996.937,2026-09-06 14:36:32.113,1,3.0,False,,False,True
9168.781,PIA,81,85.692,42.0,2.0,,,28.213,29.157,28.322,9111.4,9140.557,9168.879,292.0,306.0,316.0,308.0,False,HARD,39.0,True,McLaren,9083.089,2026-09-06 14:37:58.265,1,3.0,False,,False,True
9255.023,PIA,81,86.242,43.0,2.0,,,28.494,29.564,28.184,9197.373,9226.937,9255.121,304.0,318.0,318.0,310.0,False,HARD,40.0,True,McLaren,9168.781,2026-09-06 14:39:23.957,1,4.0,False,,False,True
9340.217,PIA,81,85.194,44.0,2.0,,,28.082,29.132,27.98,9283.203,9312.335,9340.315,298.0,317.0,322.0,315.0,True,HARD,41.0,True,McLaren,9255.023,2026-09-06 14:40:50.199,1,4.0,False,,False,True
9425.342,PIA,81,85.125,45.0,2.0,,,27.797,29.284,28.044,9368.112,9397.396,9425.44,300.0,319.0,321.0,315.0,True,HARD,42.0,True,McLaren,9340.217,2026-09-06 14:42:15.393,1,4.0,False,,False,True
9510.655,PIA,81,85.313,46.0,2.0,,,27.907,29.299,28.107,9453.347,9482.646,9510.753,303.0,321.0,321.0,320.0,False,HARD,43.0,True,McLaren,9425.342,2026-09-06 14:43:40.518,1,4.0,False,,False,True
9596.04,PIA,81,85.385,47.0,2.0,,,28.064,29.215,28.106,9538.817,9568.032,9596.138,301.0,319.0,329.0,316.0,False,HARD,44.0,True,McLaren,9510.655,2026-09-06 14:45:05.831,1,4.0,False,,False,True
9681.795,PIA,81,85.755,48.0,2.0,,,27.936,29.779,28.04,9624.074,9653.853,9681.893,298.0,324.0,332.0,320.0,False,HARD,45.0,True,McLaren,9596.04,2026-09-06 14:46:31.216,1,5.0,False,,False,True
9767.253,PIA,81,85.458,49.0,2.0,,,27.751,29.37,28.337,9709.644,9739.014,9767.351,308.0,306.0,322.0,329.0,False,HARD,46.0,True,McLaren,9681.795,2026-09-06 14:47:56.971,1,4.0,False,,False,True
9852.778,PIA,81,85.525,50.0,2.0,,,27.972,29.278,28.275,9795.323,9824.601,9852.876,293.0,310.0,321.0,311.0,False,HARD,47.0,True,McLaren,9767.253,2026-09-06 14:49:22.429,1,4.0,False,,False,True
9939.092,PIA,81,86.314,51.0,2.0,,,28.034,29.836,28.444,9880.91,9910.746,9939.19,299.0,308.0,320.0,314.0,False,HARD,48.0,True,McLaren,9852.778,2026-09-06 14:50:47.954,1,4.0,False,,False,True
10024.613,PIA,81,85.521,52.0,2.0,,,27.888,29.346,28.287,9967.078,9996.424,10024.711,299.0,309.0,321.0,310.0,False,HARD,49.0,True,McLaren,9939.092,2026-09-06 14:52:14.268,1,4.0,False,,False,True
10110.447,PIA,81,85.834,53.0,2.0,,,28.013,29.427,28.394,10052.724,10082.151,10110.545,297.0,313.0,308.0,311.0,False,HARD,50.0,True,McLaren,10024.613,2026-09-06 14:53:39.789,1,5.0,False,,False,True
3508.634,BEA,87,92.659,1.0,1.0,,,,31.593,28.962,,3479.811,3508.895,301.0,320.0,325.0,266.0,False,SOFT,1.0,True,Haas F1 Team,3415.761,2026-09-06 13:03:30.937,1,9.0,False,,False,False
3596.367,BEA,87,87.733,2.0,1.0,,,28.469,30.412,28.852,3537.242,3567.654,3596.506,297.0,319.0,315.0,321.0,True,SOFT,2.0,True,Haas F1 Team,3508.634,2026-09-06 13:05:03.810,1,8.0,False,,False,True
3739.084,BEA,87,142.717,3.0,1.0,,3733.105,38.661,43.856,60.2,3635.167,3679.023,3739.223,157.0,181.0,,292.0,False,SOFT,3.0,True,Haas F1 Team,3596.367,2026-09-06 13:06:31.543,1245,9.0,False,,False,False
5692.49,BEA,87,,4.0,2.0,5576.419,,,34.921,45.497,,5647.132,5692.657,224.0,217.0,41.0,180.0,False,HARD,1.0,True,Haas F1 Team,5544.927,2026-09-06 13:39:00.103,1,9.0,False,,False,False
5887.345,BEA,87,,5.0,2.0,,,,33.753,40.137,,5847.347,5887.536,232.0,232.0,84.0,164.0,False,HARD,2.0,True,Haas F1 Team,5692.49,2026-09-06 13:41:27.666,1,9.0,False,,False,False
6040.61,BEA,87,,6.0,2.0,,,91.739,32.12,29.532,5979.169,6011.357,6040.794,303.0,327.0,325.0,277.0,False,HARD,3.0,True,Haas F1 Team,5887.345,2026-09-06 13:44:42.521,12,9.0,False,,False,False
6128.862,BEA,87,88.252,7.0,2.0,,,28.563,30.583,29.106,6069.312,6099.895,6129.001,294.0,318.0,311.0,300.0,False,HARD,4.0,True,Haas F1 Team,6040.61,2026-09-06 13:47:15.786,1,9.0,False,,False,True
6216.304,BEA,87,87.442,8.0,2.0,,,28.493,30.132,28.817,6157.494,6187.626,6216.443,294.0,306.0,311.0,325.0,True,HARD,5.0,True,Haas F1 Team,6128.862,2026-09-06 13:48:44.038,1,9.0,False,,False,True
6303.955,BEA,87,87.651,9.0,2.0,,,28.913,29.983,28.755,6245.356,6275.339,6304.094,292.0,317.0,309.0,320.0,False,HARD,6.0,True,Haas F1 Team,6216.304,2026-09-06 13:50:11.480,1,10.0,False,,False,True
6391.215,BEA,87,87.26,10.0,2.0,,,28.632,29.832,28.796,6332.726,6362.558,6391.354,290.0,313.0,316.0,315.0,True,HARD,7.0,True,Haas F1 Team,6303.955,2026-09-06 13:51:39.131,1,10.0,False,,False,True
6478.595,BEA,87,87.38,11.0,2.0,,,28.615,30.027,28.738,6419.969,6449.996,6478.734,290.0,309.0,311.0,319.0,False,HARD,8.0,True,Haas F1 Team,6391.215,2026-09-06 13:53:06.391,1,10.0,False,,False,True
6565.628,BEA,87,87.033,12.0,2.0,,,28.54,29.859,28.634,6507.274,6537.133,6565.767,289.0,308.0,314.0,315.0,True,HARD,9.0,True,Haas F1 Team,6478.595,2026-09-06 13:54:33.771,1,10.0,False,,False,True
6652.511,BEA,87,86.883,13.0,2.0,,,28.408,29.809,28.666,6594.175,6623.984,6652.65,288.0,308.0,314.0,315.0,True,HARD,10.0,True,Haas F1 Team,6565.628,2026-09-06 13:56:00.804,1,10.0,False,,False,True
6739.816,BEA,87,87.305,14.0,2.0,,,28.617,29.857,28.831,6681.267,6711.124,6739.955,289.0,307.0,315.0,314.0,False,HARD,11.0,True,Haas F1 Team,6652.511,2026-09-06 13:57:27.687,1,10.0,False,,False,True
6826.961,BEA,87,87.145,15.0,2.0,,,28.506,29.811,28.828,6768.461,6798.272,6827.1,287.0,307.0,315.0,314.0,False,HARD,12.0,True,Haas F1 Team,6739.816,2026-09-06 13:58:54.992,1,10.0,False,,False,True
6914.244,BEA,87,87.283,16.0,2.0,,,28.571,29.906,28.806,6855.671,6885.577,6914.383,285.0,305.0,313.0,314.0,False,HARD,13.0,True,Haas F1 Team,6826.961,2026-09-06 14:00:22.137,1,10.0,False,,False,True
7001.315,BEA,87,87.071,17.0,2.0,,,28.49,29.797,28.784,6942.873,6972.67,7001.454,286.0,307.0,315.0,314.0,False,HARD,14.0,True,Haas F1 Team,6914.244,2026-09-06 14:01:49.420,1,10.0,False,,False,True
7088.254,BEA,87,86.939,18.0,2.0,,,28.346,29.823,28.77,7029.8,7059.623,7088.393,287.0,304.0,311.0,313.0,False,HARD,15.0,True,Haas F1 Team,7001.315,2026-09-06 14:03:16.491,1,10.0,False,,False,True
7175.575,BEA,87,87.321,19.0,2.0,,,28.634,29.826,28.861,7117.027,7146.853,7175.714,286.0,304.0,311.0,311.0,False,HARD,16.0,True,Haas F1 Team,7088.254,2026-09-06 14:04:43.430,1,10.0,False,,False,True
7262.953,BEA,87,87.378,20.0,2.0,,,28.762,29.777,28.839,7204.476,7234.253,7263.092,287.0,306.0,310.0,310.0,False,HARD,17.0,True,Haas F1 Team,7175.575,2026-09-06 14:06:10.751,1,10.0,False,,False,True
7350.306,BEA,87,87.353,21.0,2.0,,,28.692,29.775,28.886,7291.784,7321.559,7350.445,286.0,304.0,308.0,310.0,False,HARD,18.0,True,Haas F1 Team,7262.953,2026-09-06 14:07:38.129,1,10.0,False,,False,True
7437.888,BEA,87,87.582,22.0,2.0,,,28.848,29.837,28.897,7379.293,7409.13,7438.027,285.0,305.0,311.0,310.0,False,HARD,19.0,True,Haas F1 Team,7350.306,2026-09-06 14:09:05.482,1,10.0,False,,False,True
7524.999,BEA,87,87.111,23.0,2.0,,,28.605,29.668,28.838,7466.632,7496.3,7525.138,286.0,306.0,311.0,311.0,False,HARD,20.0,True,Haas F1 Team,7437.888,2026-09-06 14:10:33.064,1,10.0,False,,False,True
7612.251,BEA,87,87.252,24.0,2.0,,,28.634,29.778,28.84,7553.772,7583.55,7612.39,286.0,306.0,310.0,308.0,False,HARD,21.0,True,Haas F1 Team,7524.999,2026-09-06 14:12:00.175,1,10.0,False,,False,True
7699.475,BEA,87,87.224,25.0,2.0,,,28.609,29.764,28.851,7640.999,7670.763,7699.614,286.0,304.0,310.0,310.0,False,HARD,22.0,True,Haas F1 Team,7612.251,2026-09-06 14:13:27.427,1,10.0,False,,False,True
7786.706,BEA,87,87.231,26.0,2.0,,,28.726,29.708,28.797,7728.34,7758.048,7786.845,284.0,305.0,311.0,310.0,False,HARD,23.0,True,Haas F1 Team,7699.475,2026-09-06 14:14:54.651,1,10.0,False,,False,True
7879.053,BEA,87,92.347,27.0,2.0,,,28.62,30.623,33.104,7815.465,7846.088,7879.192,284.0,320.0,138.0,310.0,False,HARD,24.0,True,Haas F1 Team,7786.706,2026-09-06 14:16:21.882,126,11.0,False,,False,False
7990.953,BEA,87,111.9,28.0,2.0,,,43.242,32.474,36.184,7922.434,7954.908,7991.092,265.0,271.0,297.0,195.0,False,HARD,25.0,True,Haas F1 Team,7879.053,2026-09-06 14:17:54.229,671,12.0,False,,False,False
8078.322,BEA,87,87.369,29.0,2.0,,,28.756,30.036,28.577,8019.848,8049.884,8078.461,297.0,310.0,325.0,301.0,False,HARD,26.0,True,Haas F1 Team,7990.953,2026-09-06 14:19:46.129,1,12.0,False,,False,True
8165.076,BEA,87,86.754,30.0,2.0,,,28.286,29.909,28.559,8106.747,8136.656,8165.215,294.0,316.0,326.0,328.0,True,HARD,27.0,True,Haas F1 Team,8078.322,2026-09-06 14:21:13.498,1,12.0,False,,False,True
8251.432,BEA,87,86.356,31.0,2.0,,,28.031,29.799,28.526,8193.246,8223.045,8251.571,298.0,314.0,321.0,337.0,True,HARD,28.0,True,Haas F1 Team,8165.076,2026-09-06 14:22:40.252,1,12.0,False,,False,True
8338.166,BEA,87,86.734,32.0,2.0,,,28.223,30.17,28.341,8279.794,8309.964,8338.305,298.0,312.0,328.0,330.0,False,HARD,29.0,True,Haas F1 Team,8251.432,2026-09-06 14:24:06.608,1,12.0,False,,False,True
8424.89,BEA,87,86.724,33.0,2.0,,,28.188,29.929,28.607,8366.493,8396.422,8425.029,292.0,317.0,320.0,335.0,False,HARD,30.0,True,Haas F1 Team,8338.166,2026-09-06 14:25:33.342,1,12.0,False,,False,True
8511.907,BEA,87,87.017,34.0,2.0,,,28.319,30.09,28.608,8453.348,8483.438,8512.046,293.0,311.0,315.0,323.0,False,HARD,31.0,True,Haas F1 Team,8424.89,2026-09-06 14:27:00.066,1,12.0,False,,False,True
8599.029,BEA,87,87.122,35.0,2.0,,,28.416,29.906,28.8,8540.462,8570.368,8599.168,292.0,312.0,313.0,319.0,False,HARD,32.0,True,Haas F1 Team,8511.907,2026-09-06 14:28:27.083,1,12.0,False,,False,True
8686.351,BEA,87,87.322,36.0,2.0,,,28.573,29.875,28.874,8627.741,8657.616,8686.49,288.0,310.0,313.0,315.0,False,HARD,33.0,True,Haas F1 Team,8599.029,2026-09-06 14:29:54.205,1,12.0,False,,False,True
8773.45,BEA,87,87.099,37.0,2.0,,,28.564,29.958,28.577,8715.054,8745.012,8773.589,288.0,307.0,316.0,314.0,False,HARD,34.0,True,Haas F1 Team,8686.351,2026-09-06 14:31:21.527,1,12.0,False,,False,True
8860.731,BEA,87,87.281,38.0,2.0,,,28.382,29.899,29.0,8801.971,8831.87,8860.87,289.0,306.0,310.0,314.0,False,HARD,35.0,True,Haas F1 Team,8773.45,2026-09-06 14:32:48.626,1,12.0,False,,False,True
8948.162,BEA,87,87.431,39.0,2.0,,,28.676,29.881,28.874,8889.546,8919.427,8948.301,287.0,308.0,314.0,312.0,False,HARD,36.0,True,Haas F1 Team,8860.731,2026-09-06 14:34:15.907,1,12.0,False,,False,True
9035.318,BEA,87,87.156,40.0,2.0,,,28.567,29.843,28.746,8976.868,9006.711,9035.457,287.0,307.0,316.0,312.0,False,HARD,37.0,True,Haas F1 Team,8948.162,2026-09-06 14:35:43.338,1,12.0,False,,False,True
9122.892,BEA,87,87.574,41.0,2.0,,,28.948,29.762,28.864,9064.405,9094.167,9123.031,286.0,308.0,314.0,313.0,False,HARD,38.0,True,Haas F1 Team,9035.318,2026-09-06 14:37:10.494,1,12.0,False,,False,True
9210.029,BEA,87,87.137,42.0,2.0,,,28.567,29.869,28.701,9151.598,9181.467,9210.168,287.0,305.0,316.0,313.0,False,HARD,39.0,True,Haas F1 Team,9122.892,2026-09-06 14:38:38.068,1,12.0,False,,False,True
9297.078,BEA,87,87.049,43.0,2.0,,,28.53,29.797,28.722,9238.698,9268.495,9297.217,289.0,308.0,310.0,312.0,False,HARD,40.0,True,Haas F1 Team,9210.029,2026-09-06 14:40:05.205,1,12.0,False,,False,True
9384.098,BEA,87,87.02,44.0,2.0,,,28.627,29.757,28.636,9325.844,9355.601,9384.237,288.0,307.0,315.0,311.0,False,HARD,41.0,True,Haas F1 Team,9297.078,2026-09-06 14:41:32.254,1,12.0,False,,False,True
9471.05,BEA,87,86.952,45.0,2.0,,,28.648,29.705,28.599,9412.885,9442.59,9471.189,287.0,306.0,316.0,313.0,False,HARD,42.0,True,Haas F1 Team,9384.098,2026-09-06 14:42:59.274,1,12.0,False,,False,True
9558.274,BEA,87,87.224,46.0,2.0,,,28.496,29.901,28.827,9499.685,9529.586,9558.413,288.0,309.0,313.0,312.0,False,HARD,43.0,True,Haas F1 Team,9471.05,2026-09-06 14:44:26.226,1,12.0,False,,False,True
9646.024,BEA,87,87.75,47.0,2.0,,,28.937,29.956,28.857,9587.35,9617.306,9646.163,293.0,314.0,319.0,311.0,False,HARD,44.0,True,Haas F1 Team,9558.274,2026-09-06 14:45:53.450,1,13.0,False,,False,True
9732.957,BEA,87,86.933,48.0,2.0,,,28.359,29.996,28.578,9674.522,9704.518,9733.096,292.0,308.0,321.0,317.0,False,HARD,45.0,True,Haas F1 Team,9646.024,2026-09-06 14:47:21.200,1,13.0,False,,False,True
9820.149,BEA,87,87.192,49.0,2.0,,,28.441,29.864,28.887,9761.537,9791.401,9820.288,289.0,308.0,312.0,316.0,False,HARD,46.0,True,Haas F1 Team,9732.957,2026-09-06 14:48:48.133,1,13.0,False,,False,True
9907.977,BEA,87,87.828,50.0,2.0,,,28.663,30.641,28.524,9848.951,9879.592,9908.116,286.0,316.0,322.0,310.0,False,HARD,47.0,True,Haas F1 Team,9820.149,2026-09-06 14:50:15.325,1,14.0,False,,False,True
9994.932,BEA,87,86.955,51.0,2.0,,,28.505,29.95,28.5,9936.621,9966.571,9995.071,290.0,309.0,320.0,324.0,False,HARD,48.0,True,Haas F1 Team,9907.977,2026-09-06 14:51:43.153,1,14.0,False,,False,True
10082.972,BEA,87,88.04,52.0,2.0,,,28.478,30.756,28.806,10023.549,10054.305,10083.111,289.0,315.0,314.0,319.0,False,HARD,49.0,True,Haas F1 Team,9994.932,2026-09-06 14:53:10.108,1,15.0,False,,False,True
10170.13,BEA,87,87.158,53.0,2.0,,,28.149,29.565,29.444,10111.26,10140.825,10170.269,309.0,329.0,284.0,317.0,False,HARD,50.0,True,Haas F1 Team,10082.972,2026-09-06 14:54:38.148,1,15.0,False,,False,True
