Time,Driver,DriverNumber,LapTime,LapNumber,Stint,PitOutTime,PitInTime,Sector1Time,Sector2Time,Sector3Time,Sector1SessionTime,Sector2SessionTime,Sector3SessionTime,SpeedI1,SpeedI2,SpeedFL,SpeedST,IsPersonalBest,Compound,TyreLife,FreshTyre,Team,LapStartTime,LapStartDate,TrackStatus,Position,Deleted,DeletedReason,FastF1Generated,IsAccurate
3339.455,NOR,1,91.211,1.0,1.0,,,,32.05,24.383,,3315.133,3339.605,278.0,236.0,263.0,255.0,False,MEDIUM,1.0,True,McLaren,3248.019,2026-07-26 13:03:18.361,1,2.0,False,,False,False
3425.558,NOR,1,86.103,2.0,1.0,,,29.822,31.728,24.553,3369.281,3401.009,3425.562,289.0,235.0,262.0,326.0,True,MEDIUM,2.0,True,McLaren,3339.455,2026-07-26 13:04:49.797,1,2.0,False,,False,True
3510.865,NOR,1,85.307,3.0,1.0,,,29.629,31.235,24.443,3455.191,3486.426,3510.869,285.0,238.0,262.0,318.0,True,MEDIUM,3.0,True,McLaren,3425.558,2026-07-26 13:06:15.900,1,2.0,False,,False,True
3596.049,NOR,1,85.184,4.0,1.0,,,29.692,31.177,24.315,3540.561,3571.738,3596.053,291.0,237.0,263.0,320.0,True,MEDIUM,4.0,True,McLaren,3510.865,2026-07-26 13:07:41.207,1,2.0,False,,False,True
3681.272,NOR,1,85.223,5.0,1.0,,,29.832,30.984,24.407,3625.885,3656.869,3681.276,287.0,238.0,260.0,319.0,False,MEDIUM,5.0,True,McLaren,3596.049,2026-07-26 13:09:06.391,1,2.0,False,,False,True
3766.363,NOR,1,85.091,6.0,1.0,,,29.729,30.988,24.374,3711.005,3741.993,3766.367,290.0,237.0,261.0,321.0,True,MEDIUM,6.0,True,McLaren,3681.272,2026-07-26 13:10:31.614,1,2.0,False,,False,True
3851.723,NOR,1,85.36,7.0,1.0,,,29.792,31.1,24.468,3796.159,3827.259,3851.727,289.0,236.0,259.0,321.0,False,MEDIUM,7.0,True,McLaren,3766.363,2026-07-26 13:11:56.705,1,2.0,False,,False,True
3937.253,NOR,1,85.53,8.0,1.0,,,29.875,31.016,24.639,3881.602,3912.618,3937.257,288.0,236.0,260.0,317.0,False,MEDIUM,8.0,True,McLaren,3851.723,2026-07-26 13:13:22.065,1,2.0,False,,False,True
4022.447,NOR,1,85.194,9.0,1.0,,,29.756,31.145,24.293,3967.013,3998.158,4022.451,289.0,236.0,261.0,315.0,False,MEDIUM,9.0,True,McLaren,3937.253,2026-07-26 13:14:47.595,1,2.0,False,,False,True
4107.716,NOR,1,85.269,10.0,1.0,,,29.819,31.09,24.36,4052.27,4083.36,4107.72,288.0,235.0,261.0,316.0,False,MEDIUM,10.0,True,McLaren,4022.447,2026-07-26 13:16:12.789,1,2.0,False,,False,True
4193.051,NOR,1,85.335,11.0,1.0,,,29.778,31.089,24.468,4137.498,4168.587,4193.055,291.0,237.0,261.0,320.0,False,MEDIUM,11.0,True,McLaren,4107.716,2026-07-26 13:17:38.058,1,2.0,False,,False,True
4278.77,NOR,1,85.719,12.0,1.0,,,29.945,31.333,24.441,4223.0,4254.333,4278.774,290.0,236.0,260.0,320.0,False,MEDIUM,12.0,True,McLaren,4193.051,2026-07-26 13:19:03.393,1,2.0,False,,False,True
4364.615,NOR,1,85.845,13.0,1.0,,,29.955,31.297,24.593,4308.729,4340.026,4364.619,291.0,236.0,260.0,320.0,False,MEDIUM,13.0,True,McLaren,4278.77,2026-07-26 13:20:29.112,1,2.0,False,,False,True
4450.194,NOR,1,85.579,14.0,1.0,,,29.838,31.358,24.383,4394.457,4425.815,4450.198,292.0,237.0,262.0,322.0,False,MEDIUM,14.0,True,McLaren,4364.615,2026-07-26 13:21:54.957,1,2.0,False,,False,True
4535.807,NOR,1,85.613,15.0,1.0,,,29.814,31.443,24.356,4480.012,4511.455,4535.811,294.0,237.0,261.0,326.0,False,MEDIUM,15.0,True,McLaren,4450.194,2026-07-26 13:23:20.536,1,2.0,False,,False,True
4621.685,NOR,1,85.878,16.0,1.0,,,29.986,31.422,24.47,4565.797,4597.219,4621.689,289.0,234.0,261.0,322.0,False,MEDIUM,16.0,True,McLaren,4535.807,2026-07-26 13:24:46.149,1,1.0,False,,False,True
4709.597,NOR,1,87.912,17.0,1.0,,4707.958,29.89,30.933,27.089,4651.579,4682.512,4709.601,289.0,234.0,,319.0,False,MEDIUM,17.0,True,McLaren,4621.685,2026-07-26 13:26:12.027,1,1.0,False,,False,False
4814.909,NOR,1,105.312,18.0,2.0,4730.074,,49.262,31.638,24.412,4758.863,4790.501,4814.913,293.0,236.0,266.0,319.0,False,HARD,1.0,True,McLaren,4709.597,2026-07-26 13:27:39.939,1,4.0,False,,False,False
4900.26,NOR,1,85.351,19.0,2.0,,,29.866,31.423,24.062,4844.779,4876.202,4900.264,289.0,240.0,264.0,337.0,False,HARD,2.0,True,McLaren,4814.909,2026-07-26 13:29:25.251,1,3.0,False,,False,True
4984.634,NOR,1,84.374,20.0,2.0,,,29.403,30.948,24.023,4929.667,4960.615,4984.638,291.0,241.0,265.0,324.0,True,HARD,3.0,True,McLaren,4900.26,2026-07-26 13:30:50.602,1,3.0,False,,False,True
5068.983,NOR,1,84.349,21.0,2.0,,,29.5,30.806,24.043,5014.138,5044.944,5068.987,292.0,241.0,265.0,326.0,True,HARD,4.0,True,McLaren,4984.634,2026-07-26 13:32:14.976,1,3.0,False,,False,True
5153.672,NOR,1,84.689,22.0,2.0,,,29.836,30.865,23.988,5098.823,5129.688,5153.676,292.0,242.0,264.0,329.0,False,HARD,5.0,True,McLaren,5068.983,2026-07-26 13:33:39.325,1,3.0,False,,False,True
5238.077,NOR,1,84.405,23.0,2.0,,,29.543,30.709,24.153,5183.219,5213.928,5238.081,289.0,240.0,264.0,323.0,False,HARD,6.0,True,McLaren,5153.672,2026-07-26 13:35:04.014,1,2.0,False,,False,True
5322.573,NOR,1,84.496,24.0,2.0,,,29.574,30.752,24.17,5267.655,5298.407,5322.577,295.0,242.0,264.0,323.0,False,HARD,7.0,True,McLaren,5238.077,2026-07-26 13:36:28.419,1,2.0,False,,False,True
5407.546,NOR,1,84.973,25.0,2.0,,,29.617,31.207,24.149,5352.194,5383.401,5407.55,293.0,241.0,263.0,328.0,False,HARD,8.0,True,McLaren,5322.573,2026-07-26 13:37:52.915,1,2.0,False,,False,True
5493.01,NOR,1,85.464,26.0,2.0,,,29.702,31.368,24.394,5437.252,5468.62,5493.014,293.0,240.0,263.0,330.0,False,HARD,9.0,True,McLaren,5407.546,2026-07-26 13:39:17.888,1,2.0,False,,False,True
5578.542,NOR,1,85.532,27.0,2.0,,,29.865,31.282,24.385,5522.879,5554.161,5578.546,291.0,240.0,263.0,329.0,False,HARD,10.0,True,McLaren,5493.01,2026-07-26 13:40:43.352,1,2.0,False,,False,True
5663.613,NOR,1,85.071,28.0,2.0,,,29.641,31.181,24.249,5608.187,5639.368,5663.617,294.0,240.0,264.0,328.0,False,HARD,11.0,True,McLaren,5578.542,2026-07-26 13:42:08.884,1,2.0,False,,False,True
5750.159,NOR,1,86.546,29.0,2.0,,,29.822,32.439,24.285,5693.439,5725.878,5750.163,294.0,240.0,263.0,330.0,False,HARD,12.0,True,McLaren,5663.613,2026-07-26 13:43:33.955,1,2.0,True,TRACK LIMITS AT TURN 4 LAP 29 ,False,True
5835.4,NOR,1,85.241,30.0,2.0,,,29.701,31.111,24.429,5779.864,5810.975,5835.404,292.0,238.0,263.0,324.0,False,HARD,13.0,True,McLaren,5750.159,2026-07-26 13:45:00.501,1,2.0,False,,False,True
5920.977,NOR,1,85.577,31.0,2.0,,,29.873,31.146,24.558,5865.277,5896.423,5920.981,294.0,236.0,263.0,327.0,False,HARD,14.0,True,McLaren,5835.4,2026-07-26 13:46:25.742,1,2.0,False,,False,True
6006.859,NOR,1,85.882,32.0,2.0,,,29.732,31.537,24.613,5950.713,5982.25,6006.863,298.0,235.0,264.0,332.0,False,HARD,15.0,True,McLaren,5920.977,2026-07-26 13:47:51.319,1,2.0,False,,False,True
6092.273,NOR,1,85.414,33.0,2.0,,,29.577,31.405,24.432,6036.44,6067.845,6092.277,291.0,237.0,263.0,331.0,False,HARD,16.0,True,McLaren,6006.859,2026-07-26 13:49:17.201,1,1.0,False,,False,True
6176.897,NOR,1,84.624,34.0,2.0,,,29.663,30.867,24.094,6121.94,6152.807,6176.901,297.0,243.0,264.0,328.0,False,HARD,17.0,True,McLaren,6092.273,2026-07-26 13:50:42.615,1,1.0,False,,False,True
6261.565,NOR,1,84.668,35.0,2.0,,,29.655,30.979,24.034,6206.556,6237.535,6261.569,291.0,238.0,264.0,325.0,False,HARD,18.0,True,McLaren,6176.897,2026-07-26 13:52:07.239,1,1.0,False,,False,True
6346.301,NOR,1,84.736,36.0,2.0,,,29.578,30.899,24.259,6291.147,6322.046,6346.305,293.0,239.0,263.0,322.0,False,HARD,19.0,True,McLaren,6261.565,2026-07-26 13:53:31.907,1,1.0,False,,False,True
6430.762,NOR,1,84.461,37.0,2.0,,,29.599,30.844,24.018,6375.904,6406.748,6430.766,294.0,240.0,264.0,327.0,False,HARD,20.0,True,McLaren,6346.301,2026-07-26 13:54:56.643,1,1.0,False,,False,True
6515.269,NOR,1,84.507,38.0,2.0,,,29.584,30.909,24.014,6460.35,6491.259,6515.273,291.0,240.0,265.0,320.0,False,HARD,21.0,True,McLaren,6430.762,2026-07-26 13:56:21.104,1,1.0,False,,False,True
6602.706,NOR,1,87.437,39.0,2.0,,6601.011,29.573,31.045,26.819,6544.846,6575.891,6602.71,298.0,238.0,,319.0,False,HARD,22.0,True,McLaren,6515.269,2026-07-26 13:57:45.611,12,1.0,False,,False,False
6705.302,NOR,1,102.596,40.0,3.0,6623.054,,48.524,30.495,23.577,6651.234,6681.729,6705.306,288.0,241.0,263.0,319.0,False,HARD,1.0,True,McLaren,6602.706,2026-07-26 13:59:13.048,1,3.0,False,,False,False
6788.02,NOR,1,82.718,41.0,3.0,,,29.228,29.976,23.514,6734.534,6764.51,6788.024,292.0,243.0,266.0,321.0,True,HARD,2.0,True,McLaren,6705.302,2026-07-26 14:00:55.644,1,3.0,False,,False,True
6871.071,NOR,1,83.051,42.0,3.0,,,29.131,30.139,23.781,6817.155,6847.294,6871.075,293.0,238.0,266.0,321.0,False,HARD,3.0,True,McLaren,6788.02,2026-07-26 14:02:18.362,1,2.0,False,,False,True
6954.233,NOR,1,83.162,43.0,3.0,,,29.285,30.262,23.615,6900.36,6930.622,6954.237,294.0,243.0,268.0,321.0,False,HARD,4.0,True,McLaren,6871.071,2026-07-26 14:03:41.413,1,2.0,False,,False,True
7037.625,NOR,1,83.392,44.0,3.0,,,29.09,30.452,23.85,6983.327,7013.779,7037.629,298.0,243.0,268.0,323.0,False,HARD,5.0,True,McLaren,6954.233,2026-07-26 14:05:04.575,1,2.0,False,,False,True
7122.171,NOR,1,84.546,45.0,3.0,,,29.247,31.288,24.011,7066.876,7098.164,7122.175,271.0,244.0,267.0,335.0,False,HARD,6.0,True,McLaren,7037.625,2026-07-26 14:06:27.967,1,2.0,False,,False,True
7205.594,NOR,1,83.423,46.0,3.0,,,29.22,30.383,23.82,7151.395,7181.778,7205.598,293.0,244.0,263.0,336.0,False,HARD,7.0,True,McLaren,7122.171,2026-07-26 14:07:52.513,1,1.0,False,,False,True
7288.963,NOR,1,83.369,47.0,3.0,,,29.11,30.277,23.982,7234.708,7264.985,7288.967,292.0,243.0,265.0,321.0,False,HARD,8.0,True,McLaren,7205.594,2026-07-26 14:09:15.936,1,1.0,False,,False,True
7373.384,NOR,1,84.421,48.0,3.0,,,29.434,30.852,24.135,7318.401,7349.253,7373.388,294.0,234.0,266.0,320.0,False,HARD,9.0,True,McLaren,7288.963,2026-07-26 14:10:39.305,1,1.0,False,,False,True
7457.361,NOR,1,83.977,49.0,3.0,,,29.458,30.562,23.957,7402.846,7433.408,7457.365,295.0,245.0,267.0,323.0,False,HARD,10.0,True,McLaren,7373.384,2026-07-26 14:12:03.726,1,1.0,False,,False,True
7541.144,NOR,1,83.783,50.0,3.0,,,29.302,30.579,23.902,7486.667,7517.246,7541.148,296.0,243.0,266.0,326.0,False,HARD,11.0,True,McLaren,7457.361,2026-07-26 14:13:27.703,12,1.0,False,,False,True
7624.924,NOR,1,83.78,51.0,3.0,,,29.294,30.542,23.944,7570.442,7600.984,7624.928,296.0,242.0,266.0,323.0,False,HARD,12.0,True,McLaren,7541.144,2026-07-26 14:14:51.486,1,1.0,False,,False,True
7709.044,NOR,1,84.12,52.0,3.0,,,29.562,30.734,23.824,7654.49,7685.224,7709.048,297.0,244.0,267.0,325.0,False,HARD,13.0,True,McLaren,7624.924,2026-07-26 14:16:15.266,1,1.0,False,,False,True
7792.987,NOR,1,83.943,53.0,3.0,,,29.287,30.486,24.17,7738.335,7768.821,7792.991,295.0,243.0,267.0,324.0,False,HARD,14.0,True,McLaren,7709.044,2026-07-26 14:17:39.386,1,1.0,False,,False,True
7877.424,NOR,1,84.437,54.0,3.0,,,29.537,30.731,24.169,7822.528,7853.259,7877.428,294.0,238.0,267.0,329.0,False,HARD,15.0,True,McLaren,7792.987,2026-07-26 14:19:03.329,1,1.0,False,,False,True
7961.571,NOR,1,84.147,55.0,3.0,,,29.457,30.793,23.897,7906.885,7937.678,7961.575,299.0,243.0,268.0,336.0,False,HARD,16.0,True,McLaren,7877.424,2026-07-26 14:20:27.766,1,1.0,False,,False,True
8053.915,NOR,1,92.344,56.0,3.0,,8052.192,29.483,31.064,31.797,7991.058,8022.122,8053.919,297.0,244.0,,325.0,False,HARD,17.0,True,McLaren,7961.571,2026-07-26 14:21:51.913,126,1.0,False,,False,False
8164.969,NOR,1,111.054,57.0,4.0,8074.098,,57.46,30.552,23.042,8111.379,8141.931,8164.973,271.0,249.0,271.0,325.0,False,SOFT,4.0,False,McLaren,8053.915,2026-07-26 14:23:24.257,671,1.0,False,,False,False
8247.897,NOR,1,82.928,58.0,4.0,,,28.891,30.257,23.78,8193.864,8224.121,8247.901,283.0,244.0,263.0,326.0,False,SOFT,5.0,False,McLaren,8164.969,2026-07-26 14:25:15.311,1,1.0,False,,False,True
8331.568,NOR,1,83.671,59.0,4.0,,,29.341,30.357,23.973,8277.242,8307.599,8331.572,295.0,242.0,262.0,323.0,False,SOFT,6.0,False,McLaren,8247.897,2026-07-26 14:26:38.239,1,1.0,False,,False,True
8415.184,NOR,1,83.616,60.0,4.0,,,29.179,30.782,23.655,8360.751,8391.533,8415.188,296.0,242.0,268.0,336.0,False,SOFT,7.0,False,McLaren,8331.568,2026-07-26 14:28:01.910,1,1.0,True,TRACK LIMITS AT TURN 9 LAP 60 ,False,True
8497.746,NOR,1,82.562,61.0,4.0,,,29.267,29.852,23.443,8444.455,8474.307,8497.75,293.0,247.0,269.0,325.0,True,SOFT,8.0,False,McLaren,8415.184,2026-07-26 14:29:25.526,1,1.0,False,,False,True
8580.405,NOR,1,82.659,62.0,4.0,,,29.025,30.054,23.58,8526.775,8556.829,8580.409,291.0,246.0,266.0,321.0,False,SOFT,9.0,False,McLaren,8497.746,2026-07-26 14:30:48.088,1,1.0,False,,False,True
8663.127,NOR,1,82.722,63.0,4.0,,,28.844,30.232,23.646,8609.253,8639.485,8663.131,290.0,245.0,268.0,321.0,False,SOFT,10.0,False,McLaren,8580.405,2026-07-26 14:32:10.747,1,1.0,False,,False,True
8745.618,NOR,1,82.491,64.0,4.0,,,28.858,30.187,23.446,8691.989,8722.176,8745.622,291.0,246.0,268.0,322.0,True,SOFT,11.0,False,McLaren,8663.127,2026-07-26 14:33:33.469,1,1.0,False,,False,True
8828.722,NOR,1,83.104,65.0,4.0,,,29.178,30.345,23.581,8774.8,8805.145,8828.726,291.0,246.0,268.0,319.0,False,SOFT,12.0,False,McLaren,8745.618,2026-07-26 14:34:55.960,1,1.0,False,,False,True
8911.623,NOR,1,82.901,66.0,4.0,,,28.927,30.282,23.692,8857.653,8887.935,8911.627,292.0,242.0,269.0,323.0,False,SOFT,13.0,False,McLaren,8828.722,2026-07-26 14:36:19.064,1,1.0,False,,False,True
8994.639,NOR,1,83.016,67.0,4.0,,,29.261,30.223,23.532,8940.888,8971.111,8994.643,290.0,242.0,268.0,324.0,False,SOFT,14.0,False,McLaren,8911.623,2026-07-26 14:37:41.965,1,1.0,False,,False,True
9077.435,NOR,1,82.796,68.0,4.0,,,28.987,30.17,23.639,9023.63,9053.8,9077.439,295.0,246.0,267.0,322.0,False,SOFT,15.0,False,McLaren,8994.639,2026-07-26 14:39:04.981,1,1.0,False,,False,True
9160.799,NOR,1,83.364,69.0,4.0,,,29.079,30.457,23.828,9106.518,9136.975,9160.803,295.0,247.0,266.0,323.0,False,SOFT,16.0,False,McLaren,9077.435,2026-07-26 14:40:27.777,1,1.0,False,,False,True
9244.424,NOR,1,83.625,70.0,4.0,,,29.105,30.486,24.034,9189.908,9220.394,9244.428,293.0,244.0,176.0,326.0,False,SOFT,17.0,False,McLaren,9160.799,2026-07-26 14:41:51.141,1,1.0,False,,False,True
3344.545,GAS,10,96.301,1.0,1.0,,,,34.25,24.927,,3319.821,3344.789,274.0,227.0,262.0,280.0,False,MEDIUM,1.0,True,Alpine,3248.019,2026-07-26 13:03:18.361,1,11.0,False,,False,False
3433.129,GAS,10,88.584,2.0,1.0,,,30.526,32.941,25.117,3375.129,3408.07,3433.187,263.0,231.0,258.0,337.0,True,MEDIUM,2.0,True,Alpine,3344.545,2026-07-26 13:04:54.887,1,11.0,False,,False,True
3520.254,GAS,10,87.125,3.0,1.0,,,29.771,32.479,24.875,3462.958,3495.437,3520.312,286.0,231.0,258.0,335.0,True,MEDIUM,3.0,True,Alpine,3433.129,2026-07-26 13:06:23.471,1,11.0,False,,False,True
3607.835,GAS,10,87.581,4.0,1.0,,,30.035,32.471,25.075,3550.347,3582.818,3607.893,287.0,229.0,259.0,334.0,False,MEDIUM,4.0,True,Alpine,3520.254,2026-07-26 13:07:50.596,1,11.0,False,,False,True
3694.962,GAS,10,87.127,5.0,1.0,,,29.844,32.215,25.068,3637.737,3669.952,3695.02,283.0,231.0,256.0,334.0,False,MEDIUM,5.0,True,Alpine,3607.835,2026-07-26 13:09:18.177,1,11.0,False,,False,True
3782.377,GAS,10,87.415,6.0,1.0,,,30.151,32.151,25.113,3725.171,3757.322,3782.435,276.0,230.0,258.0,325.0,False,MEDIUM,6.0,True,Alpine,3694.962,2026-07-26 13:10:45.304,1,11.0,False,,False,True
3869.845,GAS,10,87.468,7.0,1.0,,,30.083,32.228,25.157,3812.518,3844.746,3869.903,276.0,229.0,258.0,325.0,False,MEDIUM,7.0,True,Alpine,3782.377,2026-07-26 13:12:12.719,1,11.0,False,,False,True
3957.06,GAS,10,87.215,8.0,1.0,,,29.909,32.109,25.197,3899.812,3931.921,3957.118,282.0,230.0,255.0,324.0,False,MEDIUM,8.0,True,Alpine,3869.845,2026-07-26 13:13:40.187,1,11.0,False,,False,True
4044.421,GAS,10,87.361,9.0,1.0,,,30.09,32.166,25.105,3987.208,4019.374,4044.479,283.0,231.0,255.0,323.0,False,MEDIUM,9.0,True,Alpine,3957.06,2026-07-26 13:15:07.402,1,11.0,False,,False,True
4131.906,GAS,10,87.485,10.0,1.0,,,30.285,32.019,25.181,4074.764,4106.783,4131.964,285.0,231.0,256.0,323.0,False,MEDIUM,10.0,True,Alpine,4044.421,2026-07-26 13:16:34.763,1,11.0,False,,False,True
4220.151,GAS,10,88.245,11.0,1.0,,,30.465,32.399,25.381,4162.429,4194.828,4220.209,285.0,228.0,256.0,322.0,False,MEDIUM,11.0,True,Alpine,4131.906,2026-07-26 13:18:02.248,1,11.0,False,,False,True
4309.267,GAS,10,89.116,12.0,1.0,,,30.929,32.766,25.421,4251.138,4283.904,4309.325,276.0,228.0,255.0,322.0,False,MEDIUM,12.0,True,Alpine,4220.151,2026-07-26 13:19:30.493,1,12.0,False,,False,True
4397.863,GAS,10,88.596,13.0,1.0,,,30.655,32.682,25.259,4339.98,4372.662,4397.921,289.0,227.0,258.0,322.0,False,MEDIUM,13.0,True,Alpine,4309.267,2026-07-26 13:20:59.609,1,12.0,False,,False,True
4485.385,GAS,10,87.522,14.0,1.0,,,29.984,32.283,25.255,4427.905,4460.188,4485.443,283.0,230.0,256.0,322.0,False,MEDIUM,14.0,True,Alpine,4397.863,2026-07-26 13:22:28.205,1,12.0,False,,False,True
4573.468,GAS,10,88.083,15.0,1.0,,,30.242,32.516,25.325,4515.685,4548.201,4573.526,284.0,227.0,255.0,321.0,False,MEDIUM,15.0,True,Alpine,4485.385,2026-07-26 13:23:55.727,1,12.0,False,,False,True
4664.571,GAS,10,91.103,16.0,1.0,,4662.936,30.441,32.498,28.164,4603.967,4636.465,4664.629,287.0,227.0,,320.0,False,MEDIUM,16.0,True,Alpine,4573.468,2026-07-26 13:25:23.810,1,13.0,False,,False,False
4769.719,GAS,10,105.148,17.0,2.0,4684.373,,48.725,31.803,24.62,4713.354,4745.157,4769.777,285.0,232.0,261.0,320.0,False,HARD,1.0,True,Alpine,4664.571,2026-07-26 13:26:54.913,1,18.0,False,,False,False
4856.475,GAS,10,86.756,18.0,2.0,,,29.596,32.083,25.077,4799.373,4831.456,4856.533,287.0,228.0,261.0,324.0,True,HARD,2.0,True,Alpine,4769.719,2026-07-26 13:28:40.061,1,17.0,False,,False,True
4942.113,GAS,10,85.638,19.0,2.0,,,29.553,31.527,24.558,4886.086,4917.613,4942.171,290.0,230.0,260.0,339.0,True,HARD,3.0,True,Alpine,4856.475,2026-07-26 13:30:06.817,1,15.0,False,,False,True
5028.105,GAS,10,85.992,20.0,2.0,,,29.599,31.608,24.785,4971.77,5003.378,5028.163,289.0,231.0,260.0,322.0,False,HARD,4.0,True,Alpine,4942.113,2026-07-26 13:31:32.455,1,15.0,False,,False,True
5114.494,GAS,10,86.389,21.0,2.0,,,29.691,31.935,24.763,5057.854,5089.789,5114.552,272.0,233.0,260.0,323.0,False,HARD,5.0,True,Alpine,5028.105,2026-07-26 13:32:58.447,1,15.0,False,,False,True
5200.846,GAS,10,86.352,22.0,2.0,,,29.94,31.648,24.764,5144.492,5176.14,5200.904,279.0,235.0,257.0,338.0,False,HARD,6.0,True,Alpine,5114.494,2026-07-26 13:34:24.836,1,14.0,False,,False,True
5287.474,GAS,10,86.628,23.0,2.0,,,29.797,31.973,24.858,5230.701,5262.674,5287.532,287.0,231.0,258.0,324.0,False,HARD,7.0,True,Alpine,5200.846,2026-07-26 13:35:51.188,1,14.0,False,,False,True
5374.11,GAS,10,86.636,24.0,2.0,,,29.84,31.895,24.901,5317.372,5349.267,5374.168,276.0,231.0,259.0,324.0,False,HARD,8.0,True,Alpine,5287.474,2026-07-26 13:37:17.816,1,14.0,False,,False,True
5460.921,GAS,10,86.811,25.0,2.0,,,29.825,31.956,25.03,5403.993,5435.949,5460.979,285.0,233.0,258.0,325.0,False,HARD,9.0,True,Alpine,5374.11,2026-07-26 13:38:44.452,1,14.0,False,,False,True
5548.259,GAS,10,87.338,26.0,2.0,,,30.022,32.273,25.043,5491.001,5523.274,5548.317,286.0,231.0,258.0,325.0,False,HARD,10.0,True,Alpine,5460.921,2026-07-26 13:40:11.263,1,13.0,False,,False,True
5634.995,GAS,10,86.736,27.0,2.0,,,30.232,31.704,24.8,5578.549,5610.253,5635.053,283.0,231.0,259.0,324.0,False,HARD,11.0,True,Alpine,5548.259,2026-07-26 13:41:38.601,1,13.0,False,,False,True
5722.402,GAS,10,87.407,28.0,2.0,,,30.168,32.03,25.209,5665.221,5697.251,5722.46,282.0,231.0,256.0,324.0,False,HARD,12.0,True,Alpine,5634.995,2026-07-26 13:43:05.337,1,13.0,False,,False,True
5809.54,GAS,10,87.138,29.0,2.0,,,29.925,32.123,25.09,5752.385,5784.508,5809.598,289.0,229.0,257.0,323.0,False,HARD,13.0,True,Alpine,5722.402,2026-07-26 13:44:32.744,1,13.0,False,,False,True
5896.308,GAS,10,86.768,30.0,2.0,,,30.02,31.815,24.933,5839.618,5871.433,5896.366,274.0,233.0,258.0,323.0,False,HARD,14.0,True,Alpine,5809.54,2026-07-26 13:45:59.882,1,12.0,False,,False,True
5982.878,GAS,10,86.57,31.0,2.0,,,29.794,31.719,25.057,5926.16,5957.879,5982.936,290.0,234.0,259.0,323.0,False,HARD,15.0,True,Alpine,5896.308,2026-07-26 13:47:26.650,1,12.0,False,,False,True
6069.785,GAS,10,86.907,32.0,2.0,,,29.869,31.909,25.129,6012.805,6044.714,6069.843,289.0,229.0,257.0,323.0,False,HARD,16.0,True,Alpine,5982.878,2026-07-26 13:48:53.220,1,12.0,False,,False,True
6156.667,GAS,10,86.882,33.0,2.0,,,30.058,31.821,25.003,6099.901,6131.722,6156.725,288.0,230.0,258.0,322.0,False,HARD,17.0,True,Alpine,6069.785,2026-07-26 13:50:20.127,1,12.0,False,,False,True
6243.555,GAS,10,86.888,34.0,2.0,,,29.932,32.067,24.889,6186.657,6218.724,6243.613,287.0,229.0,260.0,323.0,False,HARD,18.0,True,Alpine,6156.667,2026-07-26 13:51:47.009,1,12.0,False,,False,True
6330.575,GAS,10,87.02,35.0,2.0,,,29.977,31.967,25.076,6273.59,6305.557,6330.633,288.0,230.0,256.0,323.0,False,HARD,19.0,True,Alpine,6243.555,2026-07-26 13:53:13.897,1,12.0,False,,False,True
6418.113,GAS,10,87.538,36.0,2.0,,,30.117,32.224,25.197,6360.75,6392.974,6418.171,291.0,229.0,259.0,322.0,False,HARD,20.0,True,Alpine,6330.575,2026-07-26 13:54:40.917,1,12.0,False,,False,True
6506.201,GAS,10,88.088,37.0,2.0,,,29.967,32.772,25.349,6448.138,6480.91,6506.259,278.0,228.0,256.0,321.0,False,HARD,21.0,True,Alpine,6418.113,2026-07-26 13:56:08.455,1,12.0,False,,False,True
6595.453,GAS,10,89.252,38.0,2.0,,,30.95,32.916,25.386,6537.209,6570.125,6595.511,278.0,229.0,256.0,321.0,False,HARD,22.0,True,Alpine,6506.201,2026-07-26 13:57:36.543,12,13.0,True,TRACK LIMITS AT TURN 7 LAP 38 ,False,True
6686.229,GAS,10,90.776,39.0,2.0,,6684.517,30.13,32.655,27.991,6625.641,6658.296,6686.287,278.0,226.0,,323.0,False,HARD,23.0,True,Alpine,6595.453,2026-07-26 13:59:05.795,1,13.0,False,,False,False
6794.784,GAS,10,108.555,40.0,3.0,6706.16,,49.673,33.489,25.393,6735.96,6769.449,6794.842,283.0,199.0,263.0,323.0,False,HARD,1.0,True,Alpine,6686.229,2026-07-26 14:00:36.571,1,13.0,False,,False,False
6880.128,GAS,10,85.344,41.0,3.0,,,29.45,31.556,24.338,6824.292,6855.848,6880.186,285.0,235.0,263.0,337.0,True,HARD,2.0,True,Alpine,6794.784,2026-07-26 14:02:25.126,1,13.0,False,,False,True
6964.991,GAS,10,84.863,42.0,3.0,,,29.334,31.21,24.319,6909.52,6940.73,6965.049,292.0,234.0,263.0,326.0,True,HARD,3.0,True,Alpine,6880.128,2026-07-26 14:03:50.470,1,13.0,False,,False,True
7050.355,GAS,10,85.364,43.0,3.0,,,29.554,31.32,24.49,6994.603,7025.923,7050.413,291.0,234.0,262.0,326.0,False,HARD,4.0,True,Alpine,6964.991,2026-07-26 14:05:15.333,1,13.0,False,,False,True
7135.381,GAS,10,85.026,44.0,3.0,,,29.315,31.248,24.463,7079.728,7110.976,7135.439,291.0,233.0,263.0,325.0,False,HARD,5.0,True,Alpine,7050.355,2026-07-26 14:06:40.697,1,13.0,False,,False,True
7220.702,GAS,10,85.321,45.0,3.0,,,29.407,31.277,24.637,7164.846,7196.123,7220.76,290.0,233.0,260.0,325.0,False,HARD,6.0,True,Alpine,7135.381,2026-07-26 14:08:05.723,1,13.0,False,,False,True
7305.937,GAS,10,85.235,46.0,3.0,,,29.445,31.297,24.493,7250.205,7281.502,7305.995,291.0,236.0,260.0,325.0,False,HARD,7.0,True,Alpine,7220.702,2026-07-26 14:09:31.044,1,13.0,False,,False,True
7395.17,GAS,10,89.233,47.0,3.0,,,31.181,32.318,25.734,7337.176,7369.494,7395.228,259.0,188.0,260.0,324.0,False,HARD,8.0,True,Alpine,7305.937,2026-07-26 14:10:56.279,1,13.0,False,,False,True
7481.213,GAS,10,86.043,48.0,3.0,,,29.727,31.66,24.656,7424.955,7456.615,7481.271,293.0,235.0,259.0,336.0,False,HARD,9.0,True,Alpine,7395.17,2026-07-26 14:12:25.512,1,13.0,False,,False,True
7567.043,GAS,10,85.83,49.0,3.0,,,29.584,31.428,24.818,7510.855,7542.283,7567.101,286.0,232.0,260.0,326.0,False,HARD,10.0,True,Alpine,7481.213,2026-07-26 14:13:51.555,12,13.0,False,,False,True
7652.672,GAS,10,85.629,50.0,3.0,,,29.532,31.513,24.584,7596.633,7628.146,7652.73,290.0,233.0,261.0,324.0,False,HARD,11.0,True,Alpine,7567.043,2026-07-26 14:15:17.385,1,13.0,False,,False,True
7738.257,GAS,10,85.585,51.0,3.0,,,29.641,31.417,24.527,7682.371,7713.788,7738.315,297.0,233.0,262.0,325.0,False,HARD,12.0,True,Alpine,7652.672,2026-07-26 14:16:43.014,1,13.0,False,,False,True
7823.778,GAS,10,85.521,52.0,3.0,,,29.537,31.321,24.663,7767.852,7799.173,7823.836,292.0,233.0,262.0,325.0,False,HARD,13.0,True,Alpine,7738.257,2026-07-26 14:18:08.599,1,13.0,False,,False,True
7909.978,GAS,10,86.2,53.0,3.0,,,29.898,31.496,24.806,7853.734,7885.23,7910.036,293.0,231.0,262.0,325.0,False,HARD,14.0,True,Alpine,7823.778,2026-07-26 14:19:34.120,1,13.0,False,,False,True
7995.575,GAS,10,85.597,54.0,3.0,,,29.62,31.373,24.604,7939.656,7971.029,7995.633,293.0,236.0,261.0,326.0,False,HARD,15.0,True,Alpine,7909.978,2026-07-26 14:21:00.320,1,13.0,False,,False,True
8097.758,GAS,10,102.183,55.0,3.0,,8096.098,30.211,40.038,31.934,8025.844,8065.882,8097.816,280.0,203.0,,325.0,False,HARD,16.0,True,Alpine,7995.575,2026-07-26 14:22:25.917,126,13.0,False,,False,False
8200.631,GAS,10,102.873,56.0,4.0,8117.9,,48.202,30.992,23.679,8146.018,8177.01,8200.689,283.0,236.0,267.0,325.0,False,SOFT,1.0,True,Alpine,8097.758,2026-07-26 14:24:08.100,671,13.0,False,,False,False
8283.502,GAS,10,82.871,57.0,4.0,,,28.687,30.422,23.762,8229.376,8259.798,8283.56,298.0,232.0,265.0,325.0,True,SOFT,2.0,True,Alpine,8200.631,2026-07-26 14:25:50.973,1,13.0,False,,False,True
8366.849,GAS,10,83.347,58.0,4.0,,,28.843,30.566,23.938,8312.403,8342.969,8366.907,290.0,239.0,266.0,325.0,False,SOFT,3.0,True,Alpine,8283.502,2026-07-26 14:27:13.844,1,13.0,False,,False,True
8450.471,GAS,10,83.622,59.0,4.0,,,28.862,30.76,24.0,8395.769,8426.529,8450.529,296.0,239.0,266.0,326.0,False,SOFT,4.0,True,Alpine,8366.849,2026-07-26 14:28:37.191,1,13.0,False,,False,True
8535.306,GAS,10,84.835,60.0,4.0,,,29.256,31.296,24.283,8479.785,8511.081,8535.364,270.0,239.0,265.0,329.0,False,SOFT,5.0,True,Alpine,8450.471,2026-07-26 14:30:00.813,1,13.0,False,,False,True
8619.548,GAS,10,84.242,61.0,4.0,,,29.224,30.719,24.299,8564.588,8595.307,8619.606,293.0,236.0,260.0,341.0,False,SOFT,6.0,True,Alpine,8535.306,2026-07-26 14:31:25.648,1,12.0,False,,False,True
8704.128,GAS,10,84.58,62.0,4.0,,,29.465,30.772,24.343,8649.071,8679.843,8704.186,293.0,234.0,265.0,323.0,False,SOFT,7.0,True,Alpine,8619.548,2026-07-26 14:32:49.890,1,12.0,False,,False,True
8788.872,GAS,10,84.744,63.0,4.0,,,29.26,30.989,24.495,8733.446,8764.435,8788.93,291.0,233.0,263.0,323.0,False,SOFT,8.0,True,Alpine,8704.128,2026-07-26 14:34:14.470,1,12.0,False,,False,True
8872.992,GAS,10,84.12,64.0,4.0,,,29.173,30.827,24.12,8818.103,8848.93,8873.05,292.0,238.0,265.0,323.0,False,SOFT,9.0,True,Alpine,8788.872,2026-07-26 14:35:39.214,1,12.0,False,,False,True
8957.38,GAS,10,84.388,65.0,4.0,,,29.334,30.85,24.204,8902.384,8933.234,8957.438,291.0,236.0,264.0,325.0,False,SOFT,10.0,True,Alpine,8872.992,2026-07-26 14:37:03.334,1,12.0,False,,False,True
9042.213,GAS,10,84.833,66.0,4.0,,,29.363,30.932,24.538,8986.801,9017.733,9042.271,294.0,237.0,263.0,325.0,False,SOFT,11.0,True,Alpine,8957.38,2026-07-26 14:38:27.722,1,12.0,False,,False,True
9127.082,GAS,10,84.869,67.0,4.0,,,29.491,30.878,24.5,9071.762,9102.64,9127.14,296.0,234.0,263.0,325.0,False,SOFT,12.0,True,Alpine,9042.213,2026-07-26 14:39:52.555,1,12.0,False,,False,True
9212.151,GAS,10,85.069,68.0,4.0,,,29.537,31.026,24.506,9156.677,9187.703,9212.209,288.0,237.0,263.0,326.0,False,SOFT,13.0,True,Alpine,9127.082,2026-07-26 14:41:17.424,1,12.0,False,,False,True
9297.853,GAS,10,85.702,69.0,4.0,,,29.316,31.481,24.905,9241.525,9273.006,9297.911,285.0,232.0,263.0,327.0,False,SOFT,14.0,True,Alpine,9212.151,2026-07-26 14:42:42.493,1,12.0,False,,False,True
3349.51,PER,11,101.266,1.0,1.0,3260.325,,,33.421,25.48,,3324.18,3349.727,268.0,232.0,259.0,,False,MEDIUM,1.0,True,Cadillac,3248.019,2026-07-26 13:03:18.361,1,22.0,False,,False,False
3440.006,PER,11,90.496,2.0,1.0,,,30.899,33.769,25.828,3380.517,3414.286,3440.114,256.0,229.0,257.0,332.0,True,MEDIUM,2.0,True,Cadillac,3349.51,2026-07-26 13:04:59.852,1,22.0,False,,False,True
3529.031,PER,11,89.025,3.0,1.0,,,30.679,33.029,25.317,3470.793,3503.822,3529.139,260.0,229.0,254.0,331.0,True,MEDIUM,3.0,True,Cadillac,3440.006,2026-07-26 13:06:30.348,1,22.0,False,,False,True
3617.654,PER,11,88.623,4.0,1.0,,,30.516,32.764,25.343,3559.655,3592.419,3617.762,272.0,233.0,252.0,329.0,True,MEDIUM,4.0,True,Cadillac,3529.031,2026-07-26 13:07:59.373,1,22.0,False,,False,True
3706.439,PER,11,88.785,5.0,1.0,,,30.761,32.616,25.408,3648.523,3681.139,3706.547,270.0,231.0,254.0,320.0,False,MEDIUM,5.0,True,Cadillac,3617.654,2026-07-26 13:09:27.996,1,22.0,False,,False,True
3795.522,PER,11,89.083,6.0,1.0,,,30.624,33.0,25.459,3737.171,3770.171,3795.63,270.0,231.0,252.0,321.0,False,MEDIUM,6.0,True,Cadillac,3706.439,2026-07-26 13:10:56.781,1,22.0,False,,False,True
3884.767,PER,11,89.245,7.0,1.0,,,30.924,32.894,25.427,3826.554,3859.448,3884.875,274.0,231.0,252.0,320.0,False,MEDIUM,7.0,True,Cadillac,3795.522,2026-07-26 13:12:25.864,1,22.0,False,,False,True
3973.975,PER,11,89.208,8.0,1.0,,,30.765,33.019,25.424,3915.64,3948.659,3974.083,263.0,228.0,252.0,319.0,False,MEDIUM,8.0,True,Cadillac,3884.767,2026-07-26 13:13:55.109,1,22.0,False,,False,True
4063.27,PER,11,89.295,9.0,1.0,,,30.961,32.966,25.368,4005.044,4038.01,4063.378,270.0,231.0,253.0,318.0,False,MEDIUM,9.0,True,Cadillac,3973.975,2026-07-26 13:15:24.317,1,21.0,False,,False,True
4152.897,PER,11,89.627,10.0,1.0,,,31.062,33.037,25.528,4094.44,4127.477,4153.005,274.0,230.0,252.0,318.0,False,MEDIUM,10.0,True,Cadillac,4063.27,2026-07-26 13:16:53.612,1,21.0,False,,False,True
4242.446,PER,11,89.549,11.0,1.0,,,31.204,32.971,25.374,4184.209,4217.18,4242.554,271.0,227.0,251.0,316.0,False,MEDIUM,11.0,True,Cadillac,4152.897,2026-07-26 13:18:23.239,1,21.0,False,,False,True
4332.14,PER,11,89.694,12.0,1.0,,,31.132,33.072,25.49,4273.686,4306.758,4332.248,270.0,228.0,252.0,316.0,False,MEDIUM,12.0,True,Cadillac,4242.446,2026-07-26 13:19:52.788,1,21.0,False,,False,True
4421.511,PER,11,89.371,13.0,1.0,,,30.885,32.941,25.545,4363.133,4396.074,4421.619,268.0,229.0,251.0,316.0,False,MEDIUM,13.0,True,Cadillac,4332.14,2026-07-26 13:21:22.482,1,21.0,False,,False,True
4510.853,PER,11,89.342,14.0,1.0,,,30.867,33.008,25.467,4452.486,4485.494,4510.961,271.0,227.0,251.0,316.0,False,MEDIUM,14.0,True,Cadillac,4421.511,2026-07-26 13:22:51.853,1,20.0,False,,False,True
4600.572,PER,11,89.719,15.0,1.0,,,31.012,33.286,25.421,4541.973,4575.259,4600.68,273.0,226.0,250.0,315.0,False,MEDIUM,15.0,True,Cadillac,4510.853,2026-07-26 13:24:21.195,1,20.0,False,,False,True
4691.859,PER,11,91.287,16.0,1.0,,,31.514,33.69,26.083,4632.194,4665.884,4691.967,262.0,223.0,251.0,315.0,False,MEDIUM,16.0,True,Cadillac,4600.572,2026-07-26 13:25:50.914,1,21.0,False,,False,True
4782.066,PER,11,90.207,17.0,1.0,,,31.073,33.444,25.69,4723.04,4756.484,4782.174,268.0,223.0,251.0,324.0,False,MEDIUM,17.0,True,Cadillac,4691.859,2026-07-26 13:27:22.201,1,21.0,False,,False,True
4871.622,PER,11,89.556,18.0,1.0,,,30.876,33.125,25.555,4813.05,4846.175,4871.73,275.0,230.0,251.0,315.0,False,MEDIUM,18.0,True,Cadillac,4782.066,2026-07-26 13:28:52.408,1,21.0,False,,False,True
4961.545,PER,11,89.923,19.0,1.0,,,30.944,33.351,25.628,4902.674,4936.025,4961.653,270.0,226.0,248.0,315.0,False,MEDIUM,19.0,True,Cadillac,4871.622,2026-07-26 13:30:21.964,1,21.0,False,,False,True
5050.88,PER,11,89.335,20.0,1.0,,,30.699,33.229,25.407,4992.352,5025.581,5050.988,277.0,227.0,250.0,315.0,False,MEDIUM,20.0,True,Cadillac,4961.545,2026-07-26 13:31:51.887,1,21.0,False,,False,True
5143.218,PER,11,92.338,21.0,1.0,,5141.542,30.858,33.186,28.294,5081.846,5115.032,5143.326,274.0,228.0,,316.0,False,MEDIUM,21.0,True,Cadillac,5050.88,2026-07-26 13:33:21.222,1,21.0,False,,False,False
5251.969,PER,11,108.751,22.0,2.0,5164.728,,50.72,32.557,25.474,5194.046,5226.603,5252.077,276.0,205.0,258.0,316.0,False,None,,False,Cadillac,5143.218,2026-07-26 13:34:53.560,1,21.0,False,,False,False
5338.311,PER,11,86.342,23.0,2.0,,,29.802,32.012,24.528,5281.879,5313.891,5338.419,277.0,233.0,255.0,328.0,True,None,,False,Cadillac,5251.969,2026-07-26 13:36:42.311,1,21.0,False,,False,True
5425.67,PER,11,87.359,24.0,2.0,,,30.09,32.369,24.9,5368.509,5400.878,5425.778,270.0,235.0,253.0,318.0,False,None,,False,Cadillac,5338.311,2026-07-26 13:38:08.653,1,21.0,False,,False,True
5512.916,PER,11,87.246,25.0,2.0,,,30.132,32.271,24.843,5455.91,5488.181,5513.024,275.0,228.0,250.0,317.0,False,None,,False,Cadillac,5425.67,2026-07-26 13:39:36.012,1,21.0,False,,False,True
5600.773,PER,11,87.857,26.0,2.0,,,30.553,32.386,24.918,5543.577,5575.963,5600.881,275.0,228.0,253.0,316.0,False,None,,False,Cadillac,5512.916,2026-07-26 13:41:03.258,1,21.0,False,,False,True
5688.506,PER,11,87.733,27.0,2.0,,,30.387,32.436,24.91,5631.268,5663.704,5688.614,274.0,229.0,254.0,317.0,False,None,,False,Cadillac,5600.773,2026-07-26 13:42:31.115,1,21.0,False,,False,True
5775.864,PER,11,87.358,28.0,2.0,,,30.277,32.254,24.827,5718.891,5751.145,5775.972,269.0,233.0,254.0,317.0,False,None,,False,Cadillac,5688.506,2026-07-26 13:43:58.848,1,21.0,False,,False,True
5865.444,PER,11,89.58,29.0,2.0,,,32.199,32.542,24.839,5808.171,5840.713,5865.552,276.0,229.0,254.0,317.0,False,None,,False,Cadillac,5775.864,2026-07-26 13:45:26.206,1,21.0,False,,False,True
5953.165,PER,11,87.721,30.0,2.0,,,30.593,32.334,24.794,5896.145,5928.479,5953.273,276.0,233.0,254.0,318.0,False,None,,False,Cadillac,5865.444,2026-07-26 13:46:55.786,1,21.0,False,,False,True
6040.764,PER,11,87.599,31.0,2.0,,,30.418,32.274,24.907,5983.691,6015.965,6040.872,278.0,231.0,253.0,318.0,False,None,,False,Cadillac,5953.165,2026-07-26 13:48:23.507,1,21.0,False,,False,True
6128.256,PER,11,87.492,32.0,2.0,,,30.486,32.193,24.813,6071.358,6103.551,6128.364,275.0,233.0,252.0,316.0,False,None,,False,Cadillac,6040.764,2026-07-26 13:49:51.106,1,21.0,False,,False,True
6217.757,PER,11,89.501,33.0,2.0,,,30.475,32.578,26.448,6158.839,6191.417,6217.865,276.0,227.0,255.0,316.0,False,None,,False,Cadillac,6128.256,2026-07-26 13:51:18.598,1,21.0,False,,False,True
6305.75,PER,11,87.993,34.0,2.0,,,30.436,32.639,24.918,6248.301,6280.94,6305.858,276.0,231.0,255.0,328.0,False,None,,False,Cadillac,6217.757,2026-07-26 13:52:48.099,1,21.0,False,,False,True
6393.453,PER,11,87.703,35.0,2.0,,,30.248,32.376,25.079,6336.106,6368.482,6393.561,279.0,229.0,252.0,318.0,False,None,,False,Cadillac,6305.75,2026-07-26 13:54:16.092,1,21.0,False,,False,True
6481.303,PER,11,87.85,36.0,2.0,,,30.315,32.389,25.146,6423.876,6456.265,6481.411,277.0,225.0,253.0,316.0,False,None,,False,Cadillac,6393.453,2026-07-26 13:55:43.795,1,21.0,False,,False,True
6569.051,PER,11,87.748,37.0,2.0,,,30.309,32.496,24.943,6511.72,6544.216,6569.159,278.0,231.0,250.0,316.0,False,None,,False,Cadillac,6481.303,2026-07-26 13:57:11.645,12,21.0,False,,False,True
6656.888,PER,11,87.837,38.0,2.0,,,30.357,32.463,25.017,6599.516,6631.979,6656.996,278.0,232.0,253.0,316.0,False,None,,False,Cadillac,6569.051,2026-07-26 13:58:39.393,21,21.0,False,,False,True
6744.656,PER,11,87.768,39.0,2.0,,,30.402,32.479,24.887,6687.398,6719.877,6744.764,277.0,232.0,252.0,317.0,False,None,,False,Cadillac,6656.888,2026-07-26 14:00:07.230,1,21.0,False,,False,True
6833.153,PER,11,88.497,40.0,2.0,,,30.657,32.618,25.222,6775.421,6808.039,6833.261,279.0,224.0,254.0,316.0,False,None,,False,Cadillac,6744.656,2026-07-26 14:01:34.998,1,21.0,False,,False,True
6926.687,PER,11,93.534,41.0,2.0,,,32.628,33.667,27.239,6865.889,6899.556,6926.795,189.0,230.0,255.0,317.0,False,None,,False,Cadillac,6833.153,2026-07-26 14:03:03.495,1,21.0,False,,False,True
7015.203,PER,11,88.516,42.0,2.0,,,30.517,32.768,25.231,6957.312,6990.08,7015.311,279.0,224.0,254.0,327.0,False,None,,False,Cadillac,6926.687,2026-07-26 14:04:37.029,1,21.0,False,,False,True
7105.299,PER,11,90.096,43.0,2.0,,,30.834,32.74,26.522,7046.145,7078.885,7105.407,282.0,215.0,253.0,318.0,False,None,,False,Cadillac,7015.203,2026-07-26 14:06:05.545,1,21.0,False,,False,True
7193.928,PER,11,88.629,44.0,2.0,,,30.478,32.767,25.384,7135.885,7168.652,7194.036,276.0,229.0,250.0,328.0,False,None,,False,Cadillac,7105.299,2026-07-26 14:07:35.641,1,21.0,False,,False,True
7283.657,PER,11,89.729,45.0,2.0,,,30.48,32.726,26.523,7224.516,7257.242,7283.765,281.0,228.0,251.0,318.0,False,None,,False,Cadillac,7193.928,2026-07-26 14:09:04.270,1,21.0,False,,False,True
7377.768,PER,11,94.111,46.0,2.0,,7376.11,31.814,33.497,28.8,7315.579,7349.076,7377.876,286.0,197.0,,317.0,False,None,,False,Cadillac,7283.657,2026-07-26 14:10:33.999,1,21.0,False,,False,False
7489.188,PER,11,111.42,47.0,3.0,7400.372,,53.113,31.768,26.539,7430.989,7462.757,7489.296,278.0,240.0,260.0,317.0,False,SOFT,1.0,True,Cadillac,7377.768,2026-07-26 14:12:08.110,1,21.0,False,,False,False
7629.186,PER,11,139.998,48.0,3.0,,7627.028,29.881,59.299,50.818,7519.177,7578.476,7629.294,275.0,99.0,,334.0,False,SOFT,2.0,True,Cadillac,7489.188,2026-07-26 14:13:59.530,12,21.0,False,,False,False
3342.137,ANT,12,93.893,1.0,1.0,,,,33.559,24.572,,3317.774,3342.274,268.0,228.0,263.0,273.0,False,MEDIUM,1.0,True,Mercedes,3248.019,2026-07-26 13:03:18.361,1,6.0,False,,False,False
3428.056,ANT,12,85.919,2.0,1.0,,,29.876,31.415,24.628,3372.044,3403.459,3428.087,285.0,232.0,263.0,335.0,True,MEDIUM,2.0,True,Mercedes,3342.137,2026-07-26 13:04:52.479,1,6.0,False,,False,True
3513.986,ANT,12,85.93,3.0,1.0,,,29.646,31.626,24.658,3457.733,3489.359,3514.017,284.0,229.0,263.0,333.0,False,MEDIUM,3.0,True,Mercedes,3428.056,2026-07-26 13:06:18.398,1,6.0,False,,False,True
3599.626,ANT,12,85.64,4.0,1.0,,,29.624,31.435,24.581,3543.641,3575.076,3599.657,289.0,232.0,262.0,326.0,True,MEDIUM,4.0,True,Mercedes,3513.986,2026-07-26 13:07:44.328,1,6.0,False,,False,True
3685.443,ANT,12,85.817,5.0,1.0,,,29.903,31.325,24.589,3629.56,3660.885,3685.474,290.0,232.0,261.0,326.0,False,MEDIUM,5.0,True,Mercedes,3599.626,2026-07-26 13:09:09.968,1,6.0,False,,False,True
3771.079,ANT,12,85.636,6.0,1.0,,,29.733,31.305,24.598,3715.207,3746.512,3771.11,294.0,231.0,261.0,326.0,True,MEDIUM,6.0,True,Mercedes,3685.443,2026-07-26 13:10:35.785,1,6.0,False,,False,True
3856.83,ANT,12,85.751,7.0,1.0,,,29.621,31.417,24.713,3800.731,3832.148,3856.861,293.0,230.0,259.0,325.0,False,MEDIUM,7.0,True,Mercedes,3771.079,2026-07-26 13:12:01.421,1,6.0,False,,False,True
3942.563,ANT,12,85.733,8.0,1.0,,,29.585,31.484,24.664,3886.446,3917.93,3942.594,293.0,231.0,260.0,324.0,False,MEDIUM,8.0,True,Mercedes,3856.83,2026-07-26 13:13:27.172,1,6.0,False,,False,True
4028.054,ANT,12,85.491,9.0,1.0,,,29.678,31.237,24.576,3972.272,4003.509,4028.085,297.0,233.0,261.0,324.0,True,MEDIUM,9.0,True,Mercedes,3942.563,2026-07-26 13:14:52.905,1,6.0,False,,False,True
4113.556,ANT,12,85.502,10.0,1.0,,,29.691,31.253,24.558,4057.776,4089.029,4113.587,295.0,232.0,260.0,324.0,False,MEDIUM,10.0,True,Mercedes,4028.054,2026-07-26 13:16:18.396,1,6.0,False,,False,True
4199.528,ANT,12,85.972,11.0,1.0,,,30.041,31.27,24.661,4143.628,4174.898,4199.559,288.0,233.0,260.0,317.0,False,MEDIUM,11.0,True,Mercedes,4113.556,2026-07-26 13:17:43.898,1,6.0,False,,False,True
4285.594,ANT,12,86.066,12.0,1.0,,,29.951,31.569,24.546,4229.51,4261.079,4285.625,286.0,235.0,259.0,323.0,False,MEDIUM,12.0,True,Mercedes,4199.528,2026-07-26 13:19:09.870,1,6.0,False,,False,True
4371.757,ANT,12,86.163,13.0,1.0,,,29.99,31.491,24.682,4315.615,4347.106,4371.788,290.0,234.0,258.0,323.0,False,MEDIUM,13.0,True,Mercedes,4285.594,2026-07-26 13:20:35.936,1,6.0,False,,False,True
4457.837,ANT,12,86.08,14.0,1.0,,,29.96,31.38,24.74,4401.748,4433.128,4457.868,289.0,233.0,258.0,320.0,False,MEDIUM,14.0,True,Mercedes,4371.757,2026-07-26 13:22:02.099,1,5.0,False,,False,True
4543.889,ANT,12,86.052,15.0,1.0,,,29.958,31.42,24.674,4487.826,4519.246,4543.92,285.0,231.0,258.0,321.0,False,MEDIUM,15.0,True,Mercedes,4457.837,2026-07-26 13:23:28.179,1,4.0,False,,False,True
4629.863,ANT,12,85.974,16.0,1.0,,,29.908,31.465,24.601,4573.828,4605.293,4629.894,289.0,231.0,258.0,322.0,False,MEDIUM,16.0,True,Mercedes,4543.889,2026-07-26 13:24:54.231,1,3.0,False,,False,True
4715.633,ANT,12,85.77,17.0,1.0,,,29.855,31.267,24.648,4659.749,4691.016,4715.664,288.0,233.0,259.0,318.0,False,MEDIUM,17.0,True,Mercedes,4629.863,2026-07-26 13:26:20.205,1,2.0,False,,False,True
4801.187,ANT,12,85.554,18.0,1.0,,,29.866,31.255,24.433,4745.53,4776.785,4801.218,289.0,234.0,260.0,317.0,False,MEDIUM,18.0,True,Mercedes,4715.633,2026-07-26 13:27:45.975,1,1.0,False,,False,True
4886.819,ANT,12,85.632,19.0,1.0,,,29.887,31.253,24.492,4831.105,4862.358,4886.85,290.0,235.0,259.0,318.0,False,MEDIUM,19.0,True,Mercedes,4801.187,2026-07-26 13:29:11.529,1,1.0,True,TRACK LIMITS AT TURN 7 LAP 19 ,False,True
4972.329,ANT,12,85.51,20.0,1.0,,,29.716,31.224,24.57,4916.566,4947.79,4972.36,289.0,234.0,258.0,318.0,False,MEDIUM,20.0,True,Mercedes,4886.819,2026-07-26 13:30:37.161,1,1.0,False,,False,True
5058.031,ANT,12,85.702,21.0,1.0,,,29.81,31.291,24.601,5002.17,5033.461,5058.062,288.0,234.0,259.0,318.0,False,MEDIUM,21.0,True,Mercedes,4972.329,2026-07-26 13:32:02.671,1,1.0,False,,False,True
5146.541,ANT,12,88.51,22.0,1.0,,5144.799,30.002,31.576,26.932,5088.064,5119.64,5146.572,291.0,232.0,,319.0,False,MEDIUM,22.0,True,Mercedes,5058.031,2026-07-26 13:33:28.373,1,1.0,False,,False,False
5251.079,ANT,12,104.538,23.0,2.0,5166.23,,49.037,31.453,24.048,5195.609,5227.062,5251.11,287.0,234.0,262.0,319.0,False,HARD,1.0,True,Mercedes,5146.541,2026-07-26 13:34:56.883,1,6.0,False,,False,False
5335.198,ANT,12,84.119,24.0,2.0,,,29.266,30.812,24.041,5280.376,5311.188,5335.229,287.0,235.0,262.0,322.0,False,HARD,2.0,True,Mercedes,5251.079,2026-07-26 13:36:41.421,1,6.0,True,TRACK LIMITS AT TURN 7 LAP 24 ,False,True
5419.642,ANT,12,84.444,25.0,2.0,,,29.375,30.947,24.122,5364.604,5395.551,5419.673,289.0,235.0,262.0,321.0,True,HARD,3.0,True,Mercedes,5335.198,2026-07-26 13:38:05.540,1,6.0,False,,False,True
5504.14,ANT,12,84.498,26.0,2.0,,,29.396,30.785,24.317,5449.069,5479.854,5504.171,288.0,236.0,262.0,321.0,False,HARD,4.0,True,Mercedes,5419.642,2026-07-26 13:39:29.984,1,6.0,False,,False,True
5589.435,ANT,12,85.295,27.0,2.0,,,29.69,31.243,24.362,5533.861,5565.104,5589.466,279.0,232.0,262.0,323.0,False,HARD,5.0,True,Mercedes,5504.14,2026-07-26 13:40:54.482,1,6.0,False,,False,True
5674.285,ANT,12,84.85,28.0,2.0,,,29.48,31.13,24.24,5618.946,5650.076,5674.316,284.0,233.0,263.0,324.0,False,HARD,6.0,True,Mercedes,5589.435,2026-07-26 13:42:19.777,1,6.0,False,,False,True
5759.498,ANT,12,85.213,29.0,2.0,,,29.602,31.342,24.269,5703.918,5735.26,5759.529,284.0,234.0,263.0,324.0,False,HARD,7.0,True,Mercedes,5674.285,2026-07-26 13:43:44.627,1,6.0,False,,False,True
5844.759,ANT,12,85.261,30.0,2.0,,,29.671,31.34,24.25,5789.2,5820.54,5844.79,282.0,234.0,263.0,326.0,False,HARD,8.0,True,Mercedes,5759.498,2026-07-26 13:45:09.840,1,5.0,False,,False,True
5929.898,ANT,12,85.139,31.0,2.0,,,29.688,31.214,24.237,5874.478,5905.692,5929.929,282.0,234.0,263.0,325.0,False,HARD,9.0,True,Mercedes,5844.759,2026-07-26 13:46:35.101,1,5.0,False,,False,True
6015.105,ANT,12,85.207,32.0,2.0,,,29.666,31.165,24.376,5959.595,5990.76,6015.136,285.0,236.0,263.0,325.0,False,HARD,10.0,True,Mercedes,5929.898,2026-07-26 13:48:00.240,1,5.0,False,,False,True
6100.653,ANT,12,85.548,33.0,2.0,,,29.689,31.37,24.489,6044.825,6076.195,6100.684,285.0,234.0,263.0,327.0,False,HARD,11.0,True,Mercedes,6015.105,2026-07-26 13:49:25.447,1,5.0,False,,False,True
6186.745,ANT,12,86.092,34.0,2.0,,,29.741,31.563,24.788,6130.425,6161.988,6186.776,289.0,234.0,265.0,331.0,False,HARD,12.0,True,Mercedes,6100.653,2026-07-26 13:50:50.995,1,4.0,False,,False,True
6273.01,ANT,12,86.265,35.0,2.0,,,29.818,31.856,24.591,6216.594,6248.45,6273.041,286.0,235.0,264.0,337.0,False,HARD,13.0,True,Mercedes,6186.745,2026-07-26 13:52:17.087,1,4.0,False,,False,True
6358.859,ANT,12,85.849,36.0,2.0,,,29.998,31.615,24.236,6303.039,6334.654,6358.89,284.0,235.0,262.0,339.0,False,HARD,14.0,True,Mercedes,6273.01,2026-07-26 13:53:43.352,1,3.0,False,,False,True
6443.591,ANT,12,84.732,37.0,2.0,,,29.535,31.086,24.111,6388.425,6419.511,6443.622,284.0,239.0,263.0,323.0,False,HARD,15.0,True,Mercedes,6358.859,2026-07-26 13:55:09.201,1,3.0,False,,False,True
6528.545,ANT,12,84.954,38.0,2.0,,,29.644,31.096,24.214,6473.266,6504.362,6528.576,287.0,235.0,262.0,323.0,False,HARD,16.0,True,Mercedes,6443.591,2026-07-26 13:56:33.933,1,3.0,False,,False,True
6613.482,ANT,12,84.937,39.0,2.0,,,29.567,31.01,24.36,6558.143,6589.153,6613.513,286.0,233.0,262.0,322.0,False,HARD,17.0,True,Mercedes,6528.545,2026-07-26 13:57:58.887,12,3.0,False,,False,True
6698.274,ANT,12,84.792,40.0,2.0,,,29.579,31.023,24.19,6643.092,6674.115,6698.305,285.0,236.0,262.0,323.0,False,HARD,18.0,True,Mercedes,6613.482,2026-07-26 13:59:23.824,1,2.0,False,,False,True
6782.983,ANT,12,84.709,41.0,2.0,,,29.673,30.969,24.067,6727.978,6758.947,6783.014,288.0,237.0,263.0,323.0,False,HARD,19.0,True,Mercedes,6698.274,2026-07-26 14:00:48.616,1,1.0,False,,False,True
6867.735,ANT,12,84.752,42.0,2.0,,,29.648,30.832,24.272,6812.662,6843.494,6867.766,292.0,232.0,262.0,322.0,False,HARD,20.0,True,Mercedes,6782.983,2026-07-26 14:02:13.325,1,1.0,False,,False,True
6952.55,ANT,12,84.815,43.0,2.0,,,29.598,31.122,24.095,6897.364,6928.486,6952.581,286.0,237.0,263.0,321.0,False,HARD,21.0,True,Mercedes,6867.735,2026-07-26 14:03:38.077,1,1.0,False,,False,True
7037.189,ANT,12,84.639,44.0,2.0,,,29.577,30.878,24.184,6982.158,7013.036,7037.22,289.0,237.0,264.0,322.0,False,HARD,22.0,True,Mercedes,6952.55,2026-07-26 14:05:02.892,1,1.0,False,,False,True
7121.752,ANT,12,84.563,45.0,2.0,,,29.523,30.901,24.139,7066.743,7097.644,7121.783,291.0,238.0,264.0,321.0,False,HARD,23.0,True,Mercedes,7037.189,2026-07-26 14:06:27.531,1,1.0,False,,False,True
7208.056,ANT,12,86.304,46.0,2.0,,,30.339,31.527,24.438,7152.122,7183.649,7208.087,283.0,234.0,263.0,322.0,False,HARD,24.0,True,Mercedes,7121.752,2026-07-26 14:07:52.094,1,2.0,False,,False,True
7292.891,ANT,12,84.835,47.0,2.0,,,29.519,31.006,24.31,7237.606,7268.612,7292.922,287.0,235.0,263.0,324.0,False,HARD,25.0,True,Mercedes,7208.056,2026-07-26 14:09:18.398,1,2.0,False,,False,True
7377.564,ANT,12,84.673,48.0,2.0,,,29.596,30.901,24.176,7322.518,7353.419,7377.595,290.0,237.0,264.0,323.0,False,HARD,26.0,True,Mercedes,7292.891,2026-07-26 14:10:43.233,1,2.0,False,,False,True
7462.446,ANT,12,84.882,49.0,2.0,,,29.606,30.96,24.316,7407.201,7438.161,7462.477,290.0,238.0,264.0,324.0,False,HARD,27.0,True,Mercedes,7377.564,2026-07-26 14:12:07.906,1,2.0,False,,False,True
7547.283,ANT,12,84.837,50.0,2.0,,,29.567,30.91,24.36,7492.044,7522.954,7547.314,289.0,236.0,263.0,323.0,False,HARD,28.0,True,Mercedes,7462.446,2026-07-26 14:13:32.788,12,2.0,False,,False,True
7632.11,ANT,12,84.827,51.0,2.0,,,29.548,30.989,24.29,7576.862,7607.851,7632.141,292.0,238.0,264.0,324.0,False,HARD,29.0,True,Mercedes,7547.283,2026-07-26 14:14:57.625,1,2.0,False,,False,True
7716.927,ANT,12,84.817,52.0,2.0,,,29.515,31.071,24.231,7661.656,7692.727,7716.958,287.0,237.0,265.0,324.0,False,HARD,30.0,True,Mercedes,7632.11,2026-07-26 14:16:22.452,1,2.0,False,,False,True
7803.984,ANT,12,87.057,53.0,2.0,,7802.393,29.5,30.951,26.606,7746.458,7777.409,7804.015,290.0,237.0,,324.0,False,HARD,31.0,True,Mercedes,7716.927,2026-07-26 14:17:47.269,1,2.0,False,,False,False
7906.004,ANT,12,102.02,54.0,3.0,7823.624,,48.114,30.38,23.526,7852.129,7882.509,7906.035,285.0,244.0,267.0,324.0,False,HARD,1.0,True,Mercedes,7803.984,2026-07-26 14:19:14.326,1,6.0,False,,False,False
7988.512,ANT,12,82.508,55.0,3.0,,,28.946,30.018,23.544,7934.981,7964.999,7988.543,291.0,242.0,268.0,325.0,True,HARD,2.0,True,Mercedes,7906.004,2026-07-26 14:20:56.346,1,6.0,False,,False,True
8088.214,ANT,12,99.702,56.0,3.0,,,29.424,39.715,30.563,8017.967,8057.682,8088.245,232.0,166.0,207.0,327.0,False,HARD,3.0,True,Mercedes,7988.512,2026-07-26 14:22:18.854,126,5.0,False,,False,False
8180.435,ANT,12,92.221,57.0,3.0,,,37.758,30.945,23.518,8126.003,8156.948,8180.466,282.0,244.0,268.0,229.0,False,HARD,4.0,True,Mercedes,8088.214,2026-07-26 14:23:58.556,671,4.0,False,,False,False
8262.85,ANT,12,82.415,58.0,3.0,,,28.806,30.13,23.479,8209.272,8239.402,8262.881,299.0,241.0,268.0,327.0,True,HARD,5.0,True,Mercedes,8180.435,2026-07-26 14:25:30.777,1,3.0,False,,False,True
8345.277,ANT,12,82.427,59.0,3.0,,,28.715,30.118,23.594,8291.596,8321.714,8345.308,301.0,241.0,267.0,324.0,False,HARD,6.0,True,Mercedes,8262.85,2026-07-26 14:26:53.192,1,3.0,False,,False,True
8427.956,ANT,12,82.679,60.0,3.0,,,28.762,30.15,23.767,8374.07,8404.22,8427.987,301.0,242.0,267.0,324.0,False,HARD,7.0,True,Mercedes,8345.277,2026-07-26 14:28:15.619,1,3.0,False,,False,True
8510.72,ANT,12,82.764,61.0,3.0,,,28.849,30.129,23.786,8456.836,8486.965,8510.751,301.0,243.0,268.0,325.0,False,HARD,8.0,True,Mercedes,8427.956,2026-07-26 14:29:38.298,1,3.0,False,,False,True
8595.469,ANT,12,84.749,62.0,3.0,,,29.203,30.703,24.843,8539.954,8570.657,8595.5,291.0,232.0,268.0,329.0,False,HARD,9.0,True,Mercedes,8510.72,2026-07-26 14:31:01.062,1,3.0,False,,False,True
8680.533,ANT,12,85.064,63.0,3.0,,,29.201,31.727,24.136,8624.701,8656.428,8680.564,296.0,235.0,267.0,333.0,False,HARD,10.0,True,Mercedes,8595.469,2026-07-26 14:32:25.811,1,3.0,False,,False,True
8764.446,ANT,12,83.913,64.0,3.0,,,29.209,30.84,23.864,8709.773,8740.613,8764.477,290.0,244.0,269.0,325.0,False,HARD,11.0,True,Mercedes,8680.533,2026-07-26 14:33:50.875,1,3.0,False,,False,True
8847.413,ANT,12,82.967,65.0,3.0,,,29.032,30.125,23.81,8793.509,8823.634,8847.444,291.0,243.0,268.0,341.0,False,HARD,12.0,True,Mercedes,8764.446,2026-07-26 14:35:14.788,1,3.0,False,,False,True
8930.475,ANT,12,83.062,66.0,3.0,,,28.952,30.341,23.769,8876.396,8906.737,8930.506,295.0,243.0,267.0,327.0,False,HARD,13.0,True,Mercedes,8847.413,2026-07-26 14:36:37.755,1,3.0,False,,False,True
9013.416,ANT,12,82.941,67.0,3.0,,,29.04,30.193,23.708,8959.546,8989.739,9013.447,291.0,244.0,268.0,324.0,False,HARD,14.0,True,Mercedes,8930.475,2026-07-26 14:38:00.817,1,3.0,False,,False,True
9096.466,ANT,12,83.05,68.0,3.0,,,29.024,30.062,23.964,9042.471,9072.533,9096.497,295.0,244.0,266.0,322.0,False,HARD,15.0,True,Mercedes,9013.416,2026-07-26 14:39:23.758,1,3.0,False,,False,True
9179.68,ANT,12,83.214,69.0,3.0,,,29.117,30.141,23.956,9125.614,9155.755,9179.711,296.0,243.0,266.0,325.0,False,HARD,16.0,True,Mercedes,9096.466,2026-07-26 14:40:46.808,1,3.0,False,,False,True
9263.152,ANT,12,83.472,70.0,3.0,,,29.053,30.514,23.905,9208.764,9239.278,9263.183,300.0,239.0,265.0,325.0,False,HARD,17.0,True,Mercedes,9179.68,2026-07-26 14:42:10.022,1,3.0,False,,False,True
3346.431,ALO,14,98.187,1.0,1.0,,,,34.71,25.348,,3321.289,3346.617,235.0,230.0,258.0,280.0,False,SOFT,1.0,True,Aston Martin,3248.019,2026-07-26 13:03:18.361,1,15.0,False,,False,False
3435.332,ALO,14,88.901,2.0,1.0,,,30.385,33.203,25.313,3376.839,3410.042,3435.355,262.0,229.0,256.0,326.0,True,SOFT,2.0,True,Aston Martin,3346.431,2026-07-26 13:04:56.773,1,15.0,False,,False,True
3523.215,ALO,14,87.883,3.0,1.0,,,30.24,32.599,25.044,3465.595,3498.194,3523.238,267.0,230.0,256.0,323.0,True,SOFT,3.0,True,Aston Martin,3435.332,2026-07-26 13:06:25.674,1,15.0,False,,False,True
3611.236,ALO,14,88.021,4.0,1.0,,,30.521,32.288,25.212,3553.759,3586.047,3611.259,275.0,231.0,255.0,326.0,False,SOFT,4.0,True,Aston Martin,3523.215,2026-07-26 13:07:53.557,1,15.0,False,,False,True
3700.526,ALO,14,89.29,5.0,1.0,,,31.278,32.586,25.426,3642.537,3675.123,3700.549,268.0,229.0,254.0,316.0,False,SOFT,5.0,True,Aston Martin,3611.236,2026-07-26 13:09:21.578,1,16.0,False,,False,True
3787.788,ALO,14,87.262,6.0,1.0,,,30.498,31.845,24.919,3731.047,3762.892,3787.811,276.0,232.0,255.0,311.0,True,SOFT,6.0,True,Aston Martin,3700.526,2026-07-26 13:10:50.868,1,16.0,False,,False,True
3875.283,ALO,14,87.495,7.0,1.0,,,30.276,32.036,25.183,3818.087,3850.123,3875.306,275.0,232.0,253.0,321.0,False,SOFT,7.0,True,Aston Martin,3787.788,2026-07-26 13:12:18.130,1,16.0,False,,False,True
3962.961,ALO,14,87.678,8.0,1.0,,,30.339,32.201,25.138,3905.645,3937.846,3962.984,272.0,231.0,255.0,321.0,False,SOFT,8.0,True,Aston Martin,3875.283,2026-07-26 13:13:45.625,1,16.0,False,,False,True
4051.11,ALO,14,88.149,9.0,1.0,,,30.594,32.376,25.179,3993.578,4025.954,4051.133,275.0,230.0,255.0,325.0,False,SOFT,9.0,True,Aston Martin,3962.961,2026-07-26 13:15:13.303,1,16.0,False,,False,True
4138.997,ALO,14,87.887,10.0,1.0,,,30.568,32.278,25.041,4081.701,4113.979,4139.02,275.0,231.0,256.0,323.0,False,SOFT,10.0,True,Aston Martin,4051.11,2026-07-26 13:16:41.452,1,16.0,False,,False,True
4227.205,ALO,14,88.208,11.0,1.0,,,30.564,32.372,25.272,4169.584,4201.956,4227.228,270.0,232.0,254.0,325.0,False,SOFT,11.0,True,Aston Martin,4138.997,2026-07-26 13:18:09.339,1,16.0,False,,False,True
4315.421,ALO,14,88.216,12.0,1.0,,,30.778,32.337,25.101,4258.006,4290.343,4315.444,274.0,232.0,255.0,317.0,False,SOFT,12.0,True,Aston Martin,4227.205,2026-07-26 13:19:37.547,1,16.0,False,,False,True
4403.748,ALO,14,88.327,13.0,1.0,,,30.747,32.508,25.072,4346.191,4378.699,4403.771,276.0,232.0,256.0,323.0,False,SOFT,13.0,True,Aston Martin,4315.421,2026-07-26 13:21:05.763,1,16.0,False,,False,True
4492.525,ALO,14,88.777,14.0,1.0,,,30.65,32.778,25.349,4434.421,4467.199,4492.548,280.0,230.0,257.0,326.0,False,SOFT,14.0,True,Aston Martin,4403.748,2026-07-26 13:22:34.090,1,16.0,False,,False,True
4581.059,ALO,14,88.534,15.0,1.0,,,30.722,32.795,25.017,4523.27,4556.065,4581.082,265.0,231.0,256.0,331.0,False,SOFT,15.0,True,Aston Martin,4492.525,2026-07-26 13:24:02.867,1,15.0,False,,False,True
4668.742,ALO,14,87.683,16.0,1.0,,,30.432,32.248,25.003,4611.514,4643.762,4668.765,275.0,232.0,256.0,321.0,False,SOFT,16.0,True,Aston Martin,4581.059,2026-07-26 13:25:31.401,1,15.0,False,,False,True
4756.598,ALO,14,87.856,17.0,1.0,,,30.45,32.373,25.033,4699.215,4731.588,4756.621,276.0,232.0,254.0,313.0,False,SOFT,17.0,True,Aston Martin,4668.742,2026-07-26 13:26:59.084,1,13.0,False,,False,True
4843.784,ALO,14,87.186,18.0,1.0,,,30.341,32.058,24.787,4786.962,4819.02,4843.807,272.0,233.0,256.0,316.0,True,SOFT,18.0,True,Aston Martin,4756.598,2026-07-26 13:28:26.940,1,13.0,False,,False,True
4931.319,ALO,14,87.535,19.0,1.0,,,30.525,32.076,24.934,4874.332,4906.408,4931.342,273.0,233.0,253.0,309.0,False,SOFT,19.0,True,Aston Martin,4843.784,2026-07-26 13:29:54.126,1,13.0,False,,False,True
5018.834,ALO,14,87.515,20.0,1.0,,,30.407,32.161,24.947,4961.749,4993.91,5018.857,275.0,232.0,254.0,310.0,False,SOFT,20.0,True,Aston Martin,4931.319,2026-07-26 13:31:21.661,1,12.0,False,,False,True
5106.393,ALO,14,87.559,21.0,1.0,,,30.411,32.141,25.007,5049.268,5081.409,5106.416,272.0,233.0,256.0,309.0,False,SOFT,21.0,True,Aston Martin,5018.834,2026-07-26 13:32:49.176,1,11.0,False,,False,True
5193.756,ALO,14,87.363,22.0,1.0,,,30.408,32.092,24.863,5136.824,5168.916,5193.779,274.0,233.0,255.0,310.0,False,SOFT,22.0,True,Aston Martin,5106.393,2026-07-26 13:34:16.735,1,10.0,False,,False,True
5281.303,ALO,14,87.547,23.0,1.0,,,30.346,32.239,24.962,5224.125,5256.364,5281.326,273.0,231.0,255.0,312.0,False,SOFT,23.0,True,Aston Martin,5193.756,2026-07-26 13:35:44.098,1,10.0,False,,False,True
5369.89,ALO,14,88.587,24.0,1.0,,,31.03,32.546,25.011,5312.356,5344.902,5369.913,275.0,233.0,254.0,311.0,False,SOFT,24.0,True,Aston Martin,5281.303,2026-07-26 13:37:11.645,1,11.0,False,,False,True
5459.011,ALO,14,89.121,25.0,1.0,,,31.288,32.693,25.14,5401.201,5433.894,5459.034,274.0,233.0,252.0,299.0,False,SOFT,25.0,True,Aston Martin,5369.89,2026-07-26 13:38:40.232,1,12.0,False,,False,True
5548.787,ALO,14,89.776,26.0,1.0,,,30.846,32.641,26.289,5489.88,5522.521,5548.81,279.0,232.0,257.0,314.0,False,SOFT,26.0,True,Aston Martin,5459.011,2026-07-26 13:40:09.353,1,14.0,True,TRACK LIMITS AT TURN 13 LAP 26 ,False,True
5636.75,ALO,14,87.963,27.0,1.0,,,30.576,32.384,25.003,5579.386,5611.77,5636.773,277.0,232.0,258.0,327.0,False,SOFT,27.0,True,Aston Martin,5548.787,2026-07-26 13:41:39.129,1,14.0,False,,False,True
5724.875,ALO,14,88.125,28.0,1.0,,,30.539,32.308,25.278,5667.312,5699.62,5724.898,276.0,231.0,256.0,315.0,False,SOFT,28.0,True,Aston Martin,5636.75,2026-07-26 13:43:07.092,1,14.0,False,,False,True
5813.142,ALO,14,88.267,29.0,1.0,,,30.553,32.52,25.194,5755.451,5787.971,5813.165,274.0,233.0,255.0,313.0,False,SOFT,29.0,True,Aston Martin,5724.875,2026-07-26 13:44:35.217,1,14.0,False,,False,True
5901.324,ALO,14,88.182,30.0,1.0,,,30.461,32.361,25.36,5843.626,5875.987,5901.347,275.0,233.0,257.0,314.0,False,SOFT,30.0,True,Aston Martin,5813.142,2026-07-26 13:46:03.484,1,13.0,False,,False,True
5989.584,ALO,14,88.26,31.0,1.0,,,30.672,32.403,25.185,5932.019,5964.422,5989.607,274.0,232.0,256.0,312.0,False,SOFT,31.0,True,Aston Martin,5901.324,2026-07-26 13:47:31.666,1,13.0,False,,False,True
6077.843,ALO,14,88.259,32.0,1.0,,,30.63,32.399,25.23,6020.237,6052.636,6077.866,274.0,232.0,254.0,314.0,False,SOFT,32.0,True,Aston Martin,5989.584,2026-07-26 13:48:59.926,1,13.0,False,,False,True
6166.827,ALO,14,88.984,33.0,1.0,,,31.124,32.64,25.22,6108.99,6141.63,6166.85,277.0,231.0,254.0,308.0,False,SOFT,33.0,True,Aston Martin,6077.843,2026-07-26 13:50:28.185,1,14.0,False,,False,True
6258.359,ALO,14,91.532,34.0,1.0,,6256.748,30.692,32.77,28.07,6197.542,6230.312,6258.382,274.0,230.0,,314.0,False,SOFT,34.0,True,Aston Martin,6166.827,2026-07-26 13:51:57.169,1,14.0,False,,False,False
6363.669,ALO,14,105.31,35.0,2.0,6278.929,,49.103,31.679,24.528,6307.485,6339.164,6363.692,274.0,238.0,262.0,314.0,False,MEDIUM,1.0,True,Aston Martin,6258.359,2026-07-26 13:53:28.701,1,19.0,False,,False,False
6450.93,ALO,14,87.261,36.0,2.0,,,30.344,32.042,24.875,6394.036,6426.078,6450.953,275.0,235.0,256.0,333.0,False,MEDIUM,2.0,True,Aston Martin,6363.669,2026-07-26 13:55:14.011,1,17.0,False,,False,True
6536.433,ALO,14,85.503,37.0,2.0,,,29.903,31.465,24.135,6480.856,6512.321,6536.456,272.0,238.0,259.0,328.0,True,MEDIUM,3.0,True,Aston Martin,6450.93,2026-07-26 13:56:41.272,1,16.0,False,,False,True
6623.5,ALO,14,87.067,38.0,2.0,,,29.965,31.696,25.406,6566.421,6598.117,6623.523,273.0,221.0,258.0,311.0,False,MEDIUM,4.0,True,Aston Martin,6536.433,2026-07-26 13:58:06.775,12,14.0,False,,False,True
6710.544,ALO,14,87.044,39.0,2.0,,,30.92,31.679,24.445,6654.443,6686.122,6710.567,269.0,238.0,258.0,319.0,False,MEDIUM,5.0,True,Aston Martin,6623.5,2026-07-26 13:59:33.842,1,14.0,False,,False,True
6796.137,ALO,14,85.593,40.0,2.0,,,29.957,31.353,24.283,6740.524,6771.877,6796.16,279.0,236.0,260.0,318.0,False,MEDIUM,6.0,True,Aston Martin,6710.544,2026-07-26 14:01:00.886,1,14.0,False,,False,True
6881.79,ALO,14,85.653,41.0,2.0,,,29.891,31.172,24.59,6826.051,6857.223,6881.813,279.0,236.0,258.0,319.0,False,MEDIUM,7.0,True,Aston Martin,6796.137,2026-07-26 14:02:26.479,1,14.0,False,,False,True
6967.556,ALO,14,85.766,42.0,2.0,,,29.837,31.431,24.498,6911.65,6943.081,6967.579,278.0,236.0,260.0,318.0,False,MEDIUM,8.0,True,Aston Martin,6881.79,2026-07-26 14:03:52.132,1,14.0,False,,False,True
7054.113,ALO,14,86.557,43.0,2.0,,,30.379,31.64,24.538,6997.958,7029.598,7054.136,276.0,235.0,258.0,315.0,False,MEDIUM,9.0,True,Aston Martin,6967.556,2026-07-26 14:05:17.898,1,14.0,False,,False,True
7142.322,ALO,14,88.209,44.0,2.0,,,31.783,31.921,24.505,7085.919,7117.84,7142.345,247.0,238.0,259.0,308.0,False,MEDIUM,10.0,True,Aston Martin,7054.113,2026-07-26 14:06:44.455,1,14.0,False,,False,True
7228.115,ALO,14,85.793,45.0,2.0,,,29.837,31.487,24.469,7172.182,7203.669,7228.138,278.0,235.0,259.0,318.0,False,MEDIUM,11.0,True,Aston Martin,7142.322,2026-07-26 14:08:12.664,1,14.0,False,,False,True
7313.842,ALO,14,85.727,46.0,2.0,,,29.922,31.33,24.475,7258.06,7289.39,7313.865,276.0,236.0,258.0,316.0,False,MEDIUM,12.0,True,Aston Martin,7228.115,2026-07-26 14:09:38.457,1,14.0,False,,False,True
7399.953,ALO,14,86.111,47.0,2.0,,,29.946,31.429,24.736,7343.811,7375.24,7399.976,276.0,235.0,257.0,315.0,False,MEDIUM,13.0,True,Aston Martin,7313.842,2026-07-26 14:11:04.184,1,14.0,False,,False,True
7485.881,ALO,14,85.928,48.0,2.0,,,30.137,31.231,24.56,7430.113,7461.344,7485.904,277.0,238.0,259.0,315.0,False,MEDIUM,14.0,True,Aston Martin,7399.953,2026-07-26 14:12:30.295,1,14.0,False,,False,True
7572.05,ALO,14,86.169,49.0,2.0,,,30.173,31.377,24.619,7516.077,7547.454,7572.073,275.0,235.0,258.0,316.0,False,MEDIUM,15.0,True,Aston Martin,7485.881,2026-07-26 14:13:56.223,12,14.0,False,,False,True
7657.547,ALO,14,85.497,50.0,2.0,,,29.976,31.12,24.401,7602.049,7633.169,7657.57,276.0,238.0,259.0,313.0,True,MEDIUM,16.0,True,Aston Martin,7572.05,2026-07-26 14:15:22.392,1,14.0,False,,False,True
7743.247,ALO,14,85.7,51.0,2.0,,,29.999,31.165,24.536,7687.569,7718.734,7743.27,277.0,237.0,259.0,315.0,False,MEDIUM,17.0,True,Aston Martin,7657.547,2026-07-26 14:16:47.889,1,14.0,False,,False,True
7829.068,ALO,14,85.821,52.0,2.0,,,29.872,31.251,24.698,7773.142,7804.393,7829.091,276.0,237.0,258.0,317.0,False,MEDIUM,18.0,True,Aston Martin,7743.247,2026-07-26 14:18:13.589,1,14.0,False,,False,True
7915.212,ALO,14,86.144,53.0,2.0,,,30.169,31.296,24.679,7859.26,7890.556,7915.235,274.0,236.0,259.0,316.0,False,MEDIUM,19.0,True,Aston Martin,7829.068,2026-07-26 14:19:39.410,1,14.0,False,,False,True
8001.617,ALO,14,86.405,54.0,2.0,,,30.037,31.514,24.854,7945.272,7976.786,8001.64,273.0,232.0,259.0,317.0,False,MEDIUM,20.0,True,Aston Martin,7915.212,2026-07-26 14:21:05.554,1,14.0,False,,False,True
8107.397,ALO,14,105.78,55.0,2.0,,8105.541,33.216,40.812,31.752,8034.856,8075.668,8107.42,192.0,205.0,,317.0,False,MEDIUM,21.0,True,Aston Martin,8001.617,2026-07-26 14:22:31.959,1267,15.0,False,,False,False
8211.506,ALO,14,104.109,56.0,3.0,8128.139,,49.075,30.946,24.088,8156.495,8187.441,8211.529,273.0,235.0,261.0,317.0,False,SOFT,4.0,False,Aston Martin,8107.397,2026-07-26 14:24:17.739,71,15.0,False,,False,False
8295.185,ALO,14,83.679,57.0,3.0,,,29.218,30.653,23.808,8240.747,8271.4,8295.208,276.0,234.0,262.0,316.0,True,SOFT,5.0,False,Aston Martin,8211.506,2026-07-26 14:26:01.848,1,15.0,False,,False,True
8378.896,ALO,14,83.711,58.0,3.0,,,29.368,30.437,23.906,8324.576,8355.013,8378.919,281.0,242.0,263.0,316.0,False,SOFT,6.0,False,Aston Martin,8295.185,2026-07-26 14:27:25.527,1,15.0,False,,False,True
8463.644,ALO,14,84.748,59.0,3.0,,,29.398,31.362,23.988,8408.317,8439.679,8463.667,282.0,241.0,265.0,320.0,False,SOFT,7.0,False,Aston Martin,8378.896,2026-07-26 14:28:49.238,1,15.0,False,,False,True
8547.723,ALO,14,84.079,60.0,3.0,,,29.414,30.579,24.086,8493.081,8523.66,8547.746,279.0,241.0,260.0,334.0,False,SOFT,8.0,False,Aston Martin,8463.644,2026-07-26 14:30:13.986,1,14.0,False,,False,True
8632.179,ALO,14,84.456,61.0,3.0,,,29.655,30.638,24.163,8577.401,8608.039,8632.202,277.0,243.0,259.0,316.0,False,SOFT,9.0,False,Aston Martin,8547.723,2026-07-26 14:31:38.065,1,14.0,False,,False,True
8717.226,ALO,14,85.047,62.0,3.0,,,29.597,30.828,24.622,8661.799,8692.627,8717.249,276.0,240.0,258.0,316.0,False,SOFT,10.0,False,Aston Martin,8632.179,2026-07-26 14:33:02.521,1,14.0,False,,False,True
8803.426,ALO,14,86.2,63.0,3.0,,,31.164,30.984,24.052,8748.413,8779.397,8803.449,293.0,242.0,260.0,279.0,False,SOFT,11.0,False,Aston Martin,8717.226,2026-07-26 14:34:27.568,1,14.0,False,,False,True
8887.459,ALO,14,84.033,64.0,3.0,,,29.542,30.476,24.015,8832.991,8863.467,8887.482,279.0,243.0,261.0,318.0,False,SOFT,12.0,False,Aston Martin,8803.426,2026-07-26 14:35:53.768,1,14.0,False,,False,True
8972.141,ALO,14,84.682,65.0,3.0,,,29.766,30.853,24.063,8917.248,8948.101,8972.164,279.0,241.0,262.0,317.0,False,SOFT,13.0,False,Aston Martin,8887.459,2026-07-26 14:37:17.801,1,14.0,False,,False,True
9056.43,ALO,14,84.289,66.0,3.0,,,29.557,30.528,24.204,9001.721,9032.249,9056.453,280.0,243.0,261.0,316.0,False,SOFT,14.0,False,Aston Martin,8972.141,2026-07-26 14:38:42.483,1,14.0,False,,False,True
9141.114,ALO,14,84.684,67.0,3.0,,,29.754,30.635,24.295,9086.207,9116.842,9141.137,280.0,244.0,262.0,316.0,False,SOFT,15.0,False,Aston Martin,9056.43,2026-07-26 14:40:06.772,1,14.0,False,,False,True
9225.763,ALO,14,84.649,68.0,3.0,,,29.694,30.691,24.264,9170.831,9201.522,9225.786,280.0,242.0,262.0,318.0,False,SOFT,16.0,False,Aston Martin,9141.114,2026-07-26 14:41:31.456,1,14.0,False,,False,True
9310.476,ALO,14,84.713,69.0,3.0,,,29.607,30.7,24.406,9255.393,9286.093,9310.499,288.0,240.0,260.0,320.0,False,SOFT,17.0,False,Aston Martin,9225.763,2026-07-26 14:42:56.105,1,14.0,False,,False,True
3341.307,LEC,16,93.063,1.0,1.0,,,,33.183,24.397,,3317.102,3341.414,262.0,235.0,260.0,257.0,False,SOFT,4.0,False,Ferrari,3248.019,2026-07-26 13:03:18.361,1,5.0,False,,False,False
3427.223,LEC,16,85.916,2.0,1.0,,,29.765,31.729,24.422,3371.129,3402.858,3427.28,290.0,238.0,258.0,330.0,True,SOFT,5.0,False,Ferrari,3341.307,2026-07-26 13:04:51.649,1,5.0,False,,False,True
3512.902,LEC,16,85.679,3.0,1.0,,,29.677,31.544,24.458,3456.957,3488.501,3512.959,291.0,237.0,259.0,329.0,True,SOFT,6.0,False,Ferrari,3427.223,2026-07-26 13:06:17.565,1,5.0,False,,False,True
3598.603,LEC,16,85.701,4.0,1.0,,,29.584,31.537,24.58,3542.543,3574.08,3598.66,280.0,234.0,257.0,332.0,False,SOFT,7.0,False,Ferrari,3512.902,2026-07-26 13:07:43.244,1,5.0,False,,False,True
3684.414,LEC,16,85.811,5.0,1.0,,,29.812,31.397,24.602,3628.472,3659.869,3684.471,285.0,237.0,255.0,331.0,False,SOFT,8.0,False,Ferrari,3598.603,2026-07-26 13:09:08.945,1,5.0,False,,False,True
3769.848,LEC,16,85.434,6.0,1.0,,,29.658,31.342,24.434,3714.129,3745.471,3769.905,292.0,238.0,255.0,327.0,True,SOFT,9.0,False,Ferrari,3684.414,2026-07-26 13:10:34.756,1,5.0,False,,False,True
3855.316,LEC,16,85.468,7.0,1.0,,,29.696,31.305,24.467,3799.601,3830.906,3855.373,282.0,238.0,255.0,329.0,False,SOFT,10.0,False,Ferrari,3769.848,2026-07-26 13:12:00.190,1,5.0,False,,False,True
3940.751,LEC,16,85.435,8.0,1.0,,,29.806,31.123,24.506,3885.179,3916.302,3940.808,293.0,239.0,255.0,326.0,False,SOFT,11.0,False,Ferrari,3855.316,2026-07-26 13:13:25.658,1,5.0,False,,False,True
4026.283,LEC,16,85.532,9.0,1.0,,,29.749,31.209,24.574,3970.557,4001.766,4026.34,293.0,240.0,255.0,320.0,False,SOFT,12.0,False,Ferrari,3940.751,2026-07-26 13:14:51.093,1,5.0,False,,False,True
4112.08,LEC,16,85.797,10.0,1.0,,,29.927,31.142,24.728,4056.267,4087.409,4112.137,294.0,236.0,255.0,327.0,False,SOFT,13.0,False,Ferrari,4026.283,2026-07-26 13:16:16.625,1,5.0,False,,False,True
4197.904,LEC,16,85.824,11.0,1.0,,,29.829,31.226,24.769,4141.966,4173.192,4197.961,293.0,239.0,256.0,326.0,False,SOFT,14.0,False,Ferrari,4112.08,2026-07-26 13:17:42.422,1,5.0,False,,False,True
4283.959,LEC,16,86.055,12.0,1.0,,,29.88,31.502,24.673,4227.841,4259.343,4284.016,289.0,240.0,253.0,320.0,False,SOFT,15.0,False,Ferrari,4197.904,2026-07-26 13:19:08.246,1,5.0,False,,False,True
4370.028,LEC,16,86.069,13.0,1.0,,,29.981,31.42,24.668,4313.997,4345.417,4370.085,290.0,239.0,251.0,318.0,False,SOFT,16.0,False,Ferrari,4283.959,2026-07-26 13:20:34.301,1,4.0,False,,False,True
4456.077,LEC,16,86.049,14.0,1.0,,,29.985,31.298,24.766,4400.07,4431.368,4456.134,290.0,238.0,254.0,316.0,False,SOFT,17.0,False,Ferrari,4370.028,2026-07-26 13:22:00.370,1,3.0,False,,False,True
4542.143,LEC,16,86.066,15.0,1.0,,,30.078,31.382,24.606,4486.212,4517.594,4542.2,289.0,239.0,253.0,315.0,False,SOFT,18.0,False,Ferrari,4456.077,2026-07-26 13:23:26.419,1,3.0,False,,False,True
4631.052,LEC,16,88.909,16.0,1.0,,4629.4,29.995,31.461,27.453,4572.195,4603.656,4631.109,286.0,235.0,,315.0,False,SOFT,19.0,False,Ferrari,4542.143,2026-07-26 13:24:52.485,1,4.0,False,,False,False
4735.698,LEC,16,104.646,17.0,2.0,4651.315,,48.793,31.172,24.681,4679.902,4711.074,4735.755,297.0,241.0,261.0,315.0,False,HARD,1.0,True,Ferrari,4631.052,2026-07-26 13:26:21.394,1,7.0,False,,False,False
4820.234,LEC,16,84.536,18.0,2.0,,,29.512,30.664,24.36,4765.267,4795.931,4820.291,291.0,238.0,257.0,322.0,True,HARD,2.0,True,Ferrari,4735.698,2026-07-26 13:28:06.040,1,7.0,False,,False,True
4905.11,LEC,16,84.876,19.0,2.0,,,29.663,31.029,24.184,4849.954,4880.983,4905.167,287.0,238.0,258.0,317.0,False,HARD,3.0,True,Ferrari,4820.234,2026-07-26 13:29:30.576,1,6.0,False,,False,True
4990.144,LEC,16,85.034,20.0,2.0,,,29.541,31.115,24.378,4934.708,4965.823,4990.201,290.0,241.0,257.0,318.0,False,HARD,4.0,True,Ferrari,4905.11,2026-07-26 13:30:55.452,1,6.0,False,,False,True
5075.015,LEC,16,84.871,21.0,2.0,,,29.51,31.075,24.286,5019.711,5050.786,5075.072,289.0,238.0,257.0,318.0,False,HARD,5.0,True,Ferrari,4990.144,2026-07-26 13:32:20.486,1,6.0,False,,False,True
5159.884,LEC,16,84.869,22.0,2.0,,,29.58,30.986,24.303,5104.652,5135.638,5159.941,289.0,240.0,258.0,319.0,False,HARD,6.0,True,Ferrari,5075.015,2026-07-26 13:33:45.357,1,6.0,False,,False,True
5244.828,LEC,16,84.944,23.0,2.0,,,29.67,30.928,24.346,5189.611,5220.539,5244.885,291.0,240.0,257.0,320.0,False,HARD,7.0,True,Ferrari,5159.884,2026-07-26 13:35:10.226,1,5.0,False,,False,True
5329.817,LEC,16,84.989,24.0,2.0,,,29.656,30.998,24.335,5274.541,5305.539,5329.874,293.0,239.0,257.0,321.0,False,HARD,8.0,True,Ferrari,5244.828,2026-07-26 13:36:35.170,1,5.0,False,,False,True
5414.891,LEC,16,85.074,25.0,2.0,,,29.62,31.108,24.346,5359.494,5390.602,5414.948,292.0,242.0,257.0,328.0,False,HARD,9.0,True,Ferrari,5329.817,2026-07-26 13:38:00.159,1,5.0,False,,False,True
5500.641,LEC,16,85.75,26.0,2.0,,,29.749,31.374,24.627,5444.697,5476.071,5500.698,293.0,237.0,257.0,328.0,False,HARD,10.0,True,Ferrari,5414.891,2026-07-26 13:39:25.233,1,5.0,False,,False,True
5586.615,LEC,16,85.974,27.0,2.0,,,29.962,31.413,24.599,5530.66,5562.073,5586.672,292.0,237.0,258.0,322.0,False,HARD,11.0,True,Ferrari,5500.641,2026-07-26 13:40:50.983,1,5.0,False,,False,True
5671.771,LEC,16,85.156,28.0,2.0,,,29.678,31.093,24.385,5616.35,5647.443,5671.828,293.0,241.0,258.0,323.0,False,HARD,12.0,True,Ferrari,5586.615,2026-07-26 13:42:16.957,1,5.0,False,,False,True
5757.404,LEC,16,85.633,29.0,2.0,,,29.779,31.285,24.569,5701.607,5732.892,5757.461,295.0,240.0,258.0,330.0,False,HARD,13.0,True,Ferrari,5671.771,2026-07-26 13:43:42.113,1,5.0,False,,False,True
5843.185,LEC,16,85.781,30.0,2.0,,,29.914,31.229,24.638,5787.375,5818.604,5843.242,292.0,242.0,257.0,331.0,False,HARD,14.0,True,Ferrari,5757.404,2026-07-26 13:45:07.746,1,4.0,False,,False,True
5928.542,LEC,16,85.357,31.0,2.0,,,29.833,30.963,24.561,5873.075,5904.038,5928.599,290.0,244.0,257.0,324.0,False,HARD,15.0,True,Ferrari,5843.185,2026-07-26 13:46:33.527,1,4.0,False,,False,True
6014.073,LEC,16,85.531,32.0,2.0,,,29.95,30.869,24.712,5958.549,5989.418,6014.13,290.0,242.0,256.0,318.0,False,HARD,16.0,True,Ferrari,5928.542,2026-07-26 13:47:58.884,1,4.0,False,,False,True
6099.855,LEC,16,85.782,33.0,2.0,,,30.026,31.148,24.608,6044.156,6075.304,6099.912,289.0,242.0,257.0,319.0,False,HARD,17.0,True,Ferrari,6014.073,2026-07-26 13:49:24.415,1,4.0,False,,False,True
6186.125,LEC,16,86.27,34.0,2.0,,,29.931,31.554,24.785,6129.843,6161.397,6186.182,293.0,237.0,256.0,321.0,False,HARD,18.0,True,Ferrari,6099.855,2026-07-26 13:50:50.197,1,3.0,False,,False,True
6272.519,LEC,16,86.394,35.0,2.0,,,29.963,31.697,24.734,6216.145,6247.842,6272.576,295.0,239.0,257.0,322.0,False,HARD,19.0,True,Ferrari,6186.125,2026-07-26 13:52:16.467,1,3.0,False,,False,True
6360.97,LEC,16,88.451,36.0,2.0,,6359.295,30.031,31.317,27.103,6302.607,6333.924,6361.027,287.0,239.0,,320.0,False,HARD,20.0,True,Ferrari,6272.519,2026-07-26 13:53:42.861,1,4.0,False,,False,False
6465.255,LEC,16,104.285,37.0,3.0,6381.027,,48.385,31.622,24.278,6409.412,6441.034,6465.312,294.0,243.0,260.0,320.0,False,HARD,1.0,True,Ferrari,6360.97,2026-07-26 13:55:11.312,1,7.0,False,,False,False
6550.025,LEC,16,84.77,38.0,3.0,,,29.513,30.806,24.451,6494.825,6525.631,6550.082,281.0,241.0,261.0,334.0,False,HARD,2.0,True,Ferrari,6465.255,2026-07-26 13:56:55.597,1,6.0,False,,False,True
6634.133,LEC,16,84.108,39.0,3.0,,,29.575,30.451,24.082,6579.657,6610.108,6634.19,290.0,242.0,256.0,326.0,True,HARD,3.0,True,Ferrari,6550.025,2026-07-26 13:58:20.367,12,6.0,False,,False,True
6718.331,LEC,16,84.198,40.0,3.0,,,29.385,30.365,24.448,6663.575,6693.94,6718.388,293.0,241.0,260.0,320.0,False,HARD,4.0,True,Ferrari,6634.133,2026-07-26 13:59:44.475,1,6.0,False,,False,True
6802.12,LEC,16,83.789,41.0,3.0,,,29.174,30.517,24.098,6747.562,6778.079,6802.177,293.0,240.0,260.0,334.0,True,HARD,5.0,True,Ferrari,6718.331,2026-07-26 14:01:08.673,1,6.0,False,,False,True
6887.53,LEC,16,85.41,42.0,3.0,,,29.784,31.247,24.379,6831.961,6863.208,6887.587,289.0,240.0,260.0,322.0,False,HARD,6.0,True,Ferrari,6802.12,2026-07-26 14:02:32.462,1,6.0,False,,False,True
6971.796,LEC,16,84.266,43.0,3.0,,,29.296,30.812,24.158,6916.883,6947.695,6971.853,289.0,243.0,260.0,332.0,False,HARD,7.0,True,Ferrari,6887.53,2026-07-26 14:03:57.872,1,6.0,False,,False,True
7056.217,LEC,16,84.421,44.0,3.0,,,29.351,30.931,24.139,7001.204,7032.135,7056.274,296.0,239.0,260.0,330.0,False,HARD,8.0,True,Ferrari,6971.796,2026-07-26 14:05:22.138,1,6.0,False,,False,True
7140.358,LEC,16,84.141,45.0,3.0,,,29.473,30.533,24.135,7085.747,7116.28,7140.415,294.0,242.0,260.0,332.0,False,HARD,9.0,True,Ferrari,7056.217,2026-07-26 14:06:46.559,1,6.0,False,,False,True
7224.969,LEC,16,84.611,46.0,3.0,,,29.358,30.953,24.3,7169.773,7200.726,7225.026,295.0,239.0,258.0,332.0,False,HARD,10.0,True,Ferrari,7140.358,2026-07-26 14:08:10.700,1,6.0,False,,False,True
7309.143,LEC,16,84.174,47.0,3.0,,,29.337,30.559,24.278,7254.363,7284.922,7309.2,294.0,244.0,259.0,323.0,False,HARD,11.0,True,Ferrari,7224.969,2026-07-26 14:09:35.311,1,6.0,False,,False,True
7394.093,LEC,16,84.95,48.0,3.0,,,29.604,30.959,24.387,7338.804,7369.763,7394.15,295.0,241.0,257.0,322.0,False,HARD,12.0,True,Ferrari,7309.143,2026-07-26 14:10:59.485,1,6.0,False,,False,True
7479.013,LEC,16,84.92,49.0,3.0,,,29.676,30.735,24.509,7423.826,7454.561,7479.07,291.0,246.0,257.0,320.0,False,HARD,13.0,True,Ferrari,7394.093,2026-07-26 14:12:24.435,1,6.0,False,,False,True
7563.675,LEC,16,84.662,50.0,3.0,,,29.697,30.58,24.385,7508.767,7539.347,7563.732,293.0,242.0,258.0,320.0,False,HARD,14.0,True,Ferrari,7479.013,2026-07-26 14:13:49.355,12,6.0,False,,False,True
7648.04,LEC,16,84.365,51.0,3.0,,,29.561,30.535,24.269,7593.293,7623.828,7648.097,292.0,245.0,260.0,319.0,False,HARD,15.0,True,Ferrari,7563.675,2026-07-26 14:15:14.017,1,6.0,False,,False,True
7732.733,LEC,16,84.693,52.0,3.0,,,29.679,30.535,24.479,7677.776,7708.311,7732.79,294.0,243.0,258.0,320.0,False,HARD,16.0,True,Ferrari,7648.04,2026-07-26 14:16:38.382,1,6.0,False,,False,True
7817.606,LEC,16,84.873,53.0,3.0,,,29.559,30.624,24.69,7762.349,7792.973,7817.663,293.0,243.0,259.0,320.0,False,HARD,17.0,True,Ferrari,7732.733,2026-07-26 14:18:03.075,1,6.0,False,,False,True
7902.254,LEC,16,84.648,54.0,3.0,,,29.585,30.428,24.635,7847.248,7877.676,7902.311,294.0,245.0,258.0,320.0,False,HARD,18.0,True,Ferrari,7817.606,2026-07-26 14:19:27.948,1,5.0,False,,False,True
7986.992,LEC,16,84.738,55.0,3.0,,,29.729,30.697,24.312,7932.04,7962.737,7987.049,293.0,244.0,261.0,320.0,False,HARD,19.0,True,Ferrari,7902.254,2026-07-26 14:20:52.596,1,5.0,False,,False,True
8087.079,LEC,16,100.087,56.0,3.0,,8085.48,29.95,39.116,31.021,8016.999,8056.115,8087.136,281.0,191.0,,321.0,False,HARD,20.0,True,Ferrari,7986.992,2026-07-26 14:22:17.334,126,4.0,False,,False,False
8189.273,LEC,16,102.194,57.0,4.0,8107.291,,48.739,30.071,23.384,8135.875,8165.946,8189.33,299.0,247.0,264.0,321.0,False,SOFT,4.0,False,Ferrari,8087.079,2026-07-26 14:23:57.421,671,5.0,False,,False,False
8271.273,LEC,16,82.0,58.0,4.0,,,28.807,29.754,23.439,8218.137,8247.891,8271.33,292.0,249.0,265.0,320.0,True,SOFT,5.0,False,Ferrari,8189.273,2026-07-26 14:25:39.615,1,5.0,False,,False,True
8353.656,LEC,16,82.383,59.0,4.0,,,28.957,29.682,23.744,8300.287,8329.969,8353.713,293.0,249.0,262.0,320.0,False,SOFT,6.0,False,Ferrari,8271.273,2026-07-26 14:27:01.615,1,5.0,False,,False,True
8435.996,LEC,16,82.34,60.0,4.0,,,28.94,29.648,23.752,8382.653,8412.301,8436.053,294.0,250.0,262.0,321.0,False,SOFT,7.0,False,Ferrari,8353.656,2026-07-26 14:28:23.998,1,5.0,False,,False,True
8518.314,LEC,16,82.318,61.0,4.0,,,28.887,29.621,23.81,8464.94,8494.561,8518.371,294.0,250.0,261.0,321.0,False,SOFT,8.0,False,Ferrari,8435.996,2026-07-26 14:29:46.338,1,5.0,False,,False,True
8600.975,LEC,16,82.661,62.0,4.0,,,28.838,29.816,24.007,8547.209,8577.025,8601.032,296.0,250.0,261.0,321.0,False,SOFT,9.0,False,Ferrari,8518.314,2026-07-26 14:31:08.656,1,5.0,False,,False,True
8685.081,LEC,16,84.106,63.0,4.0,,,29.432,30.131,24.543,8630.464,8660.595,8685.138,293.0,247.0,264.0,322.0,False,SOFT,10.0,False,Ferrari,8600.975,2026-07-26 14:32:31.317,1,5.0,False,,False,True
8769.651,LEC,16,84.57,64.0,4.0,,,29.249,31.091,24.23,8714.387,8745.478,8769.708,298.0,247.0,264.0,325.0,False,SOFT,11.0,False,Ferrari,8685.081,2026-07-26 14:33:55.423,1,5.0,False,,False,True
8853.014,LEC,16,83.363,65.0,4.0,,,29.249,30.238,23.876,,8829.195,8853.071,298.0,250.0,262.0,336.0,False,SOFT,12.0,False,Ferrari,8769.651,2026-07-26 14:35:19.993,1,5.0,False,,False,True
8935.941,LEC,16,82.927,66.0,4.0,,,28.956,30.204,23.767,8882.027,8912.231,8935.998,299.0,247.0,264.0,323.0,False,SOFT,13.0,False,Ferrari,8853.014,2026-07-26 14:36:43.356,1,5.0,False,,False,True
9019.236,LEC,16,83.295,67.0,4.0,,,29.176,30.073,24.046,8965.174,8995.247,9019.293,301.0,249.0,262.0,326.0,False,SOFT,14.0,False,Ferrari,8935.941,2026-07-26 14:38:06.283,1,5.0,False,,False,True
9102.163,LEC,16,82.927,68.0,4.0,,,29.163,29.953,23.811,9048.456,9078.409,9102.22,299.0,249.0,262.0,323.0,False,SOFT,15.0,False,Ferrari,9019.236,2026-07-26 14:39:29.578,1,5.0,False,,False,True
9185.166,LEC,16,83.003,69.0,4.0,,,29.011,29.777,24.215,9131.231,9161.008,9185.223,299.0,249.0,262.0,322.0,False,SOFT,16.0,False,Ferrari,9102.163,2026-07-26 14:40:52.505,1,5.0,False,,False,True
9268.264,LEC,16,83.098,70.0,4.0,,,29.124,29.949,24.025,9214.347,9244.296,9268.321,296.0,247.0,261.0,323.0,False,SOFT,17.0,False,Ferrari,9185.166,2026-07-26 14:42:15.508,1,5.0,False,,False,True
3348.537,STR,18,100.293,1.0,1.0,,,,35.246,25.882,,3322.805,3348.696,235.0,231.0,235.0,292.0,False,SOFT,1.0,True,Aston Martin,3248.019,2026-07-26 13:03:18.361,1,20.0,False,,False,False
3439.288,STR,18,90.751,2.0,1.0,,,31.038,33.845,25.868,3379.584,3413.429,3439.297,236.0,208.0,258.0,324.0,True,SOFT,2.0,True,Aston Martin,3348.537,2026-07-26 13:04:58.879,1,21.0,False,,False,True
3527.027,STR,18,87.739,3.0,1.0,,,30.102,32.552,25.085,3469.399,3501.951,3527.036,261.0,228.0,257.0,332.0,True,SOFT,3.0,True,Aston Martin,3439.288,2026-07-26 13:06:29.630,1,20.0,False,,False,True
3615.393,STR,18,88.366,4.0,1.0,,,30.615,32.476,25.275,3557.651,3590.127,3615.402,262.0,229.0,256.0,330.0,False,SOFT,4.0,True,Aston Martin,3527.027,2026-07-26 13:07:57.369,1,20.0,False,,False,True
3703.078,STR,18,87.685,5.0,1.0,,,30.246,32.277,25.162,3645.648,3677.925,3703.087,252.0,228.0,256.0,332.0,True,SOFT,5.0,True,Aston Martin,3615.393,2026-07-26 13:09:25.735,1,19.0,False,,False,True
3791.443,STR,18,88.365,6.0,1.0,,,30.575,32.612,25.178,3733.662,3766.274,3791.452,266.0,227.0,256.0,325.0,False,SOFT,6.0,True,Aston Martin,3703.078,2026-07-26 13:10:53.420,1,19.0,False,,False,True
3879.805,STR,18,88.362,7.0,1.0,,,30.76,32.539,25.063,3822.212,3854.751,3879.814,260.0,229.0,258.0,326.0,False,SOFT,7.0,True,Aston Martin,3791.443,2026-07-26 13:12:21.785,1,19.0,False,,False,True
3970.87,STR,18,91.065,8.0,1.0,,3969.065,30.653,32.381,28.031,3910.467,3942.848,3970.879,272.0,232.0,,323.0,False,SOFT,8.0,True,Aston Martin,3879.805,2026-07-26 13:13:50.147,1,20.0,False,,False,False
4074.927,STR,18,104.057,9.0,2.0,3990.914,,48.639,31.227,24.191,4019.518,4050.745,4074.936,269.0,234.0,255.0,323.0,False,MEDIUM,1.0,True,Aston Martin,3970.87,2026-07-26 13:15:21.212,1,22.0,False,,False,False
4161.324,STR,18,86.397,10.0,2.0,,,30.228,31.518,24.651,4105.164,4136.682,4161.333,269.0,229.0,252.0,313.0,True,MEDIUM,2.0,True,Aston Martin,4074.927,2026-07-26 13:17:05.269,1,22.0,False,,False,True
4248.559,STR,18,87.235,11.0,2.0,,,30.63,31.889,24.716,4191.963,4223.852,4248.568,265.0,226.0,254.0,311.0,False,MEDIUM,3.0,True,Aston Martin,4161.324,2026-07-26 13:18:31.666,1,22.0,False,,False,True
4336.362,STR,18,87.803,12.0,2.0,,,30.596,32.2,25.007,4279.164,4311.364,4336.371,260.0,227.0,253.0,312.0,False,MEDIUM,4.0,True,Aston Martin,4248.559,2026-07-26 13:19:58.901,1,22.0,False,,False,True
4423.89,STR,18,87.528,13.0,2.0,,,30.512,32.128,24.888,4366.883,4399.011,4423.899,268.0,226.0,253.0,313.0,False,MEDIUM,5.0,True,Aston Martin,4336.362,2026-07-26 13:21:26.704,1,22.0,False,,False,True
4512.064,STR,18,88.174,14.0,2.0,,,30.688,32.337,25.149,4454.587,4486.924,4512.073,266.0,228.0,250.0,314.0,False,MEDIUM,6.0,True,Aston Martin,4423.89,2026-07-26 13:22:54.232,1,21.0,False,,False,True
4600.683,STR,18,88.619,15.0,2.0,,,30.779,32.613,25.227,4542.852,4575.465,4600.692,269.0,229.0,257.0,315.0,False,MEDIUM,7.0,True,Aston Martin,4512.064,2026-07-26 13:24:22.406,1,21.0,False,,False,True
4688.403,STR,18,87.72,16.0,2.0,,,30.877,31.971,24.872,4631.569,4663.54,4688.412,269.0,230.0,254.0,318.0,False,MEDIUM,8.0,True,Aston Martin,4600.683,2026-07-26 13:25:51.025,1,19.0,False,,False,True
4775.402,STR,18,86.999,17.0,2.0,,,30.414,31.72,24.865,4718.826,4750.546,4775.411,270.0,231.0,255.0,312.0,False,MEDIUM,9.0,True,Aston Martin,4688.403,2026-07-26 13:27:18.745,1,19.0,False,,False,True
4862.353,STR,18,86.951,18.0,2.0,,,30.398,31.816,24.737,4805.809,4837.625,4862.362,270.0,232.0,255.0,313.0,False,MEDIUM,10.0,True,Aston Martin,4775.402,2026-07-26 13:28:45.744,1,18.0,False,,False,True
4949.582,STR,18,87.229,19.0,2.0,,,30.45,31.908,24.871,4892.812,4924.72,4949.591,268.0,231.0,253.0,313.0,False,MEDIUM,11.0,True,Aston Martin,4862.353,2026-07-26 13:30:12.695,1,17.0,False,,False,True
5036.882,STR,18,87.3,20.0,2.0,,,30.466,31.976,24.858,4980.057,5012.033,5036.891,270.0,231.0,256.0,313.0,False,MEDIUM,12.0,True,Aston Martin,4949.582,2026-07-26 13:31:39.924,1,17.0,False,,False,True
5124.438,STR,18,87.556,21.0,2.0,,,30.576,32.037,24.943,5067.467,5099.504,5124.447,269.0,233.0,256.0,313.0,False,MEDIUM,13.0,True,Aston Martin,5036.882,2026-07-26 13:33:07.224,1,17.0,False,,False,True
5211.588,STR,18,87.15,22.0,2.0,,,30.505,31.928,24.717,5154.952,5186.88,5211.597,271.0,229.0,258.0,316.0,False,MEDIUM,14.0,True,Aston Martin,5124.438,2026-07-26 13:34:34.780,1,17.0,False,,False,True
5299.607,STR,18,88.019,23.0,2.0,,,30.37,32.588,25.061,5241.967,5274.555,5299.616,273.0,228.0,258.0,318.0,False,MEDIUM,15.0,True,Aston Martin,5211.588,2026-07-26 13:36:01.930,1,16.0,False,,False,True
5387.693,STR,18,88.086,24.0,2.0,,,30.464,32.577,25.045,5330.08,5362.657,5387.702,278.0,228.0,258.0,328.0,False,MEDIUM,16.0,True,Aston Martin,5299.607,2026-07-26 13:37:29.949,1,16.0,False,,False,True
5474.555,STR,18,86.862,25.0,2.0,,,30.319,31.73,24.813,5418.021,5449.751,5474.564,270.0,230.0,255.0,330.0,False,MEDIUM,17.0,True,Aston Martin,5387.693,2026-07-26 13:38:58.035,1,15.0,False,,False,True
5561.727,STR,18,87.172,26.0,2.0,,,30.383,31.821,24.968,5504.947,5536.768,5561.736,270.0,234.0,255.0,313.0,False,MEDIUM,18.0,True,Aston Martin,5474.555,2026-07-26 13:40:24.897,1,15.0,False,,False,True
5648.564,STR,18,86.837,27.0,2.0,,,30.214,31.795,24.828,5591.95,5623.745,5648.573,272.0,231.0,256.0,314.0,False,MEDIUM,19.0,True,Aston Martin,5561.727,2026-07-26 13:41:52.069,1,15.0,False,,False,True
5735.866,STR,18,87.302,28.0,2.0,,,30.433,31.805,25.064,5679.006,5710.811,5735.875,271.0,231.0,256.0,314.0,False,MEDIUM,20.0,True,Aston Martin,5648.564,2026-07-26 13:43:18.906,1,15.0,False,,False,True
5823.14,STR,18,87.274,29.0,2.0,,,30.45,31.982,24.842,5766.325,5798.307,5823.149,271.0,232.0,258.0,312.0,False,MEDIUM,21.0,True,Aston Martin,5735.866,2026-07-26 13:44:46.208,1,15.0,False,,False,True
5910.436,STR,18,87.296,30.0,2.0,,,30.575,31.851,24.87,5853.724,5885.575,5910.445,272.0,234.0,257.0,314.0,False,MEDIUM,22.0,True,Aston Martin,5823.14,2026-07-26 13:46:13.482,1,15.0,False,,False,True
5997.611,STR,18,87.175,31.0,2.0,,,30.314,31.986,24.875,5940.759,5972.745,5997.62,272.0,232.0,256.0,315.0,False,MEDIUM,23.0,True,Aston Martin,5910.436,2026-07-26 13:47:40.778,1,15.0,False,,False,True
6084.458,STR,18,86.847,32.0,2.0,,,30.234,31.761,24.852,6027.854,6059.615,6084.467,272.0,231.0,257.0,315.0,False,MEDIUM,24.0,True,Aston Martin,5997.611,2026-07-26 13:49:07.953,1,15.0,False,,False,True
6171.28,STR,18,86.822,33.0,2.0,,,30.286,31.745,24.791,6114.753,6146.498,6171.289,273.0,233.0,257.0,314.0,False,MEDIUM,25.0,True,Aston Martin,6084.458,2026-07-26 13:50:34.800,1,15.0,False,,False,True
6258.45,STR,18,87.17,34.0,2.0,,,30.333,32.094,24.743,6201.622,6233.716,6258.459,273.0,229.0,258.0,316.0,False,MEDIUM,26.0,True,Aston Martin,6171.28,2026-07-26 13:52:01.622,1,15.0,False,,False,True
6345.337,STR,18,86.887,35.0,2.0,,,30.207,31.959,24.721,6288.666,6320.625,6345.346,271.0,232.0,257.0,314.0,False,MEDIUM,27.0,True,Aston Martin,6258.45,2026-07-26 13:53:28.792,1,14.0,False,,False,True
6434.338,STR,18,89.001,36.0,2.0,,,31.775,32.498,24.728,6377.121,6409.619,6434.347,277.0,230.0,259.0,313.0,False,MEDIUM,28.0,True,Aston Martin,6345.337,2026-07-26 13:54:55.679,1,14.0,False,,False,True
6524.807,STR,18,90.469,37.0,2.0,,6523.073,30.676,32.086,27.707,6465.023,6497.109,6524.816,272.0,231.0,,315.0,False,MEDIUM,29.0,True,Aston Martin,6434.338,2026-07-26 13:56:24.680,1,14.0,False,,False,False
6630.505,STR,18,105.698,38.0,3.0,6547.399,,50.775,30.949,23.974,6575.591,6606.54,6630.514,276.0,237.0,262.0,315.0,False,SOFT,1.0,True,Aston Martin,6524.807,2026-07-26 13:57:55.149,12,16.0,False,,False,False
6715.652,STR,18,85.147,39.0,3.0,,,29.706,31.384,24.057,6660.22,6691.604,6715.661,281.0,235.0,261.0,320.0,True,SOFT,2.0,True,Aston Martin,6630.505,2026-07-26 13:59:40.847,1,15.0,False,,False,True
6800.641,STR,18,84.989,40.0,3.0,,,29.713,31.099,24.177,6745.374,6776.473,6800.65,274.0,232.0,260.0,317.0,True,SOFT,3.0,True,Aston Martin,6715.652,2026-07-26 14:01:05.994,1,15.0,False,,False,True
6888.749,STR,18,88.108,41.0,3.0,,,31.755,31.99,24.363,6832.405,6864.395,6888.758,213.0,233.0,261.0,317.0,False,SOFT,4.0,True,Aston Martin,6800.641,2026-07-26 14:02:30.983,1,15.0,False,,False,True
6974.187,STR,18,85.438,42.0,3.0,,,29.797,31.252,24.389,6918.555,6949.807,6974.196,275.0,233.0,258.0,321.0,False,SOFT,5.0,True,Aston Martin,6888.749,2026-07-26 14:03:59.091,1,15.0,False,,False,True
7059.998,STR,18,85.811,43.0,3.0,,,30.249,31.221,24.341,7004.445,7035.666,7060.007,274.0,235.0,260.0,318.0,False,SOFT,6.0,True,Aston Martin,6974.187,2026-07-26 14:05:24.529,1,15.0,False,,False,True
7145.468,STR,18,85.47,44.0,3.0,,,29.849,31.087,24.534,7089.856,7120.943,7145.477,275.0,236.0,256.0,317.0,False,SOFT,7.0,True,Aston Martin,7059.998,2026-07-26 14:06:50.340,1,15.0,False,,False,True
7231.141,STR,18,85.673,45.0,3.0,,,30.011,31.329,24.333,7175.488,7206.817,7231.15,273.0,233.0,259.0,317.0,False,SOFT,8.0,True,Aston Martin,7145.468,2026-07-26 14:08:15.810,1,15.0,False,,False,True
7316.359,STR,18,85.218,46.0,3.0,,,29.714,31.126,24.378,7260.864,7291.99,7316.368,274.0,235.0,261.0,318.0,False,SOFT,9.0,True,Aston Martin,7231.141,2026-07-26 14:09:41.483,1,15.0,False,,False,True
7401.986,STR,18,85.627,47.0,3.0,,,29.89,31.282,24.455,7346.258,7377.54,7401.995,274.0,236.0,259.0,318.0,False,SOFT,10.0,True,Aston Martin,7316.359,2026-07-26 14:11:06.701,1,15.0,False,,False,True
7488.614,STR,18,86.628,48.0,3.0,,,30.485,31.555,24.588,7432.48,7464.035,7488.623,277.0,234.0,258.0,318.0,False,SOFT,11.0,True,Aston Martin,7401.986,2026-07-26 14:12:32.328,1,15.0,False,,False,True
7574.619,STR,18,86.005,49.0,3.0,,,30.029,31.347,24.629,7518.652,7549.999,7574.628,275.0,234.0,260.0,317.0,False,SOFT,12.0,True,Aston Martin,7488.614,2026-07-26 14:13:58.956,12,15.0,False,,False,True
7659.81,STR,18,85.191,50.0,3.0,,,29.872,31.08,24.239,7604.5,7635.58,7659.819,277.0,237.0,260.0,317.0,False,SOFT,13.0,True,Aston Martin,7574.619,2026-07-26 14:15:24.961,1,15.0,False,,False,True
7745.339,STR,18,85.529,51.0,3.0,,,29.958,31.08,24.491,7689.777,7720.857,7745.348,275.0,237.0,260.0,318.0,False,SOFT,14.0,True,Aston Martin,7659.81,2026-07-26 14:16:50.152,1,15.0,False,,False,True
7830.681,STR,18,85.342,52.0,3.0,,,29.778,31.201,24.363,7775.126,7806.327,7830.69,275.0,235.0,261.0,319.0,False,SOFT,15.0,True,Aston Martin,7745.339,2026-07-26 14:18:15.681,1,15.0,False,,False,True
7916.27,STR,18,85.589,53.0,3.0,,,29.971,31.206,24.412,7860.661,7891.867,7916.279,276.0,234.0,262.0,320.0,False,SOFT,16.0,True,Aston Martin,7830.681,2026-07-26 14:19:41.023,1,15.0,False,,False,True
8002.075,STR,18,85.805,54.0,3.0,,,29.959,31.279,24.567,7946.238,7977.517,8002.084,276.0,236.0,262.0,322.0,False,SOFT,17.0,True,Aston Martin,7916.27,2026-07-26 14:21:06.612,1,15.0,False,,False,True
8106.059,STR,18,103.984,55.0,3.0,,,33.772,40.718,29.494,8035.856,8076.574,8106.068,186.0,205.0,163.0,333.0,False,SOFT,18.0,True,Aston Martin,8002.075,2026-07-26 14:22:32.417,1267,14.0,False,,False,False
8194.713,STR,18,88.654,56.0,3.0,,,33.485,31.158,24.011,8139.553,8170.711,8194.722,285.0,236.0,262.0,245.0,False,SOFT,19.0,True,Aston Martin,8106.059,2026-07-26 14:24:16.401,71,12.0,False,,False,False
8279.431,STR,18,84.718,57.0,3.0,,,29.588,30.858,24.272,8224.31,8255.168,8279.44,276.0,236.0,261.0,317.0,True,SOFT,20.0,True,Aston Martin,8194.713,2026-07-26 14:25:45.055,1,12.0,False,,False,True
8364.341,STR,18,84.91,58.0,3.0,,,29.639,31.081,24.19,8309.079,8340.16,8364.35,277.0,234.0,262.0,316.0,False,SOFT,21.0,True,Aston Martin,8279.431,2026-07-26 14:27:09.773,1,12.0,False,,False,True
8449.411,STR,18,85.07,59.0,3.0,,,29.581,30.997,24.492,8393.931,8424.928,8449.42,276.0,236.0,256.0,316.0,False,SOFT,22.0,True,Aston Martin,8364.341,2026-07-26 14:28:34.683,1,12.0,False,,False,True
8534.819,STR,18,85.408,60.0,3.0,,,29.893,31.094,24.421,8479.313,8510.407,8534.828,275.0,236.0,259.0,315.0,False,SOFT,23.0,True,Aston Martin,8449.411,2026-07-26 14:29:59.753,1,12.0,False,,False,True
8621.219,STR,18,86.4,61.0,3.0,,,30.21,31.616,24.574,8565.038,8596.654,8621.228,282.0,234.0,260.0,316.0,False,SOFT,24.0,True,Aston Martin,8534.819,2026-07-26 14:31:25.161,1,13.0,False,,False,True
8706.712,STR,18,85.493,62.0,3.0,,,29.824,31.136,24.533,8651.052,8682.188,8706.721,277.0,236.0,259.0,318.0,False,SOFT,25.0,True,Aston Martin,8621.219,2026-07-26 14:32:51.561,1,13.0,False,,False,True
8792.116,STR,18,85.404,63.0,3.0,,,29.801,31.223,24.38,8736.522,8767.745,8792.125,274.0,235.0,259.0,317.0,False,SOFT,26.0,True,Aston Martin,8706.712,2026-07-26 14:34:17.054,1,13.0,False,,False,True
8877.248,STR,18,85.132,64.0,3.0,,,29.667,31.149,24.316,8821.792,8852.941,8877.257,277.0,237.0,260.0,316.0,False,SOFT,27.0,True,Aston Martin,8792.116,2026-07-26 14:35:42.458,1,13.0,False,,False,True
8964.745,STR,18,87.497,65.0,3.0,,,31.717,31.586,24.194,8908.974,8940.56,8964.754,288.0,235.0,262.0,318.0,False,SOFT,28.0,True,Aston Martin,8877.248,2026-07-26 14:37:07.590,1,13.0,False,,False,True
9050.106,STR,18,85.361,66.0,3.0,,,29.744,31.292,24.325,8994.498,9025.79,9050.115,277.0,237.0,263.0,320.0,False,SOFT,29.0,True,Aston Martin,8964.745,2026-07-26 14:38:35.087,1,13.0,False,,False,True
9137.095,STR,18,86.989,67.0,3.0,,,31.064,31.533,24.392,9081.179,9112.712,9137.104,281.0,236.0,262.0,319.0,False,SOFT,30.0,True,Aston Martin,9050.106,2026-07-26 14:40:00.448,1,13.0,False,,False,True
9222.502,STR,18,85.407,68.0,3.0,,,29.731,31.219,24.457,9166.835,9198.054,9222.511,279.0,233.0,262.0,320.0,False,SOFT,31.0,True,Aston Martin,9137.095,2026-07-26 14:41:27.437,1,13.0,False,,False,True
9308.252,STR,18,85.75,69.0,3.0,,,29.757,31.358,24.635,9252.268,9283.626,9308.261,285.0,235.0,257.0,320.0,False,SOFT,32.0,True,Aston Martin,9222.502,2026-07-26 14:42:52.844,1,13.0,False,,False,True
3348.192,ALB,23,99.948,1.0,1.0,,,,35.334,25.716,,3322.696,3348.43,232.0,223.0,256.0,284.0,False,MEDIUM,1.0,True,Williams,3248.019,2026-07-26 13:03:18.361,1,18.0,False,,False,False
3438.043,ALB,23,89.851,2.0,1.0,,,31.028,33.326,25.497,3379.22,3412.546,3438.043,272.0,226.0,254.0,332.0,True,MEDIUM,2.0,True,Williams,3348.192,2026-07-26 13:04:58.534,1,19.0,False,,False,True
3526.673,ALB,23,88.63,3.0,1.0,,,30.489,32.766,25.375,3468.532,3501.298,3526.673,277.0,223.0,255.0,323.0,True,MEDIUM,3.0,True,Williams,3438.043,2026-07-26 13:06:28.385,1,19.0,False,,False,True
3615.152,ALB,23,88.479,4.0,1.0,,,30.55,32.563,25.366,3557.223,3589.786,3615.152,274.0,224.0,254.0,330.0,True,MEDIUM,4.0,True,Williams,3526.673,2026-07-26 13:07:57.015,1,19.0,False,,False,True
3704.421,ALB,23,89.269,5.0,1.0,,,30.788,32.988,25.493,3645.94,3678.928,3704.421,269.0,222.0,257.0,323.0,False,MEDIUM,5.0,True,Williams,3615.152,2026-07-26 13:09:25.494,1,20.0,False,,False,True
3793.086,ALB,23,88.665,6.0,1.0,,,30.535,32.733,25.397,3734.956,3767.689,3793.086,276.0,221.0,256.0,322.0,False,MEDIUM,6.0,True,Williams,3704.421,2026-07-26 13:10:54.763,1,20.0,False,,False,True
3881.702,ALB,23,88.616,7.0,1.0,,,30.622,32.708,25.286,3823.708,3856.416,3881.702,274.0,222.0,255.0,322.0,False,MEDIUM,7.0,True,Williams,3793.086,2026-07-26 13:12:23.428,1,20.0,False,,False,True
3970.162,ALB,23,88.46,8.0,1.0,,,30.257,32.71,25.493,3911.959,3944.669,3970.162,276.0,223.0,254.0,321.0,True,MEDIUM,8.0,True,Williams,3881.702,2026-07-26 13:13:52.044,1,19.0,False,,False,True
4057.993,ALB,23,87.831,9.0,1.0,,,30.166,32.462,25.203,4000.328,4032.79,4057.993,282.0,221.0,257.0,320.0,True,MEDIUM,9.0,True,Williams,3970.162,2026-07-26 13:15:20.504,1,19.0,False,,False,True
4146.49,ALB,23,88.497,10.0,1.0,,,30.682,32.567,25.248,4088.675,4121.242,4146.49,288.0,223.0,255.0,322.0,False,MEDIUM,10.0,True,Williams,4057.993,2026-07-26 13:16:48.335,1,19.0,False,,False,True
4234.901,ALB,23,88.411,11.0,1.0,,,30.692,32.475,25.244,4177.182,4209.657,4234.901,284.0,224.0,255.0,319.0,False,MEDIUM,11.0,True,Williams,4146.49,2026-07-26 13:18:16.832,1,19.0,False,,False,True
4326.098,ALB,23,91.197,12.0,1.0,,,30.732,35.12,25.345,4265.633,4300.753,4326.098,283.0,222.0,253.0,319.0,False,MEDIUM,12.0,True,Williams,4234.901,2026-07-26 13:19:45.243,1,19.0,True,TRACK LIMITS AT TURN 4 LAP 12 ,False,True
4414.935,ALB,23,88.837,13.0,1.0,,,30.656,32.812,25.369,4356.754,4389.566,4414.935,270.0,221.0,253.0,318.0,False,MEDIUM,13.0,True,Williams,4326.098,2026-07-26 13:21:16.440,1,19.0,False,,False,True
4503.183,ALB,23,88.248,14.0,1.0,,,30.388,32.584,25.276,4445.323,4477.907,4503.183,274.0,222.0,254.0,318.0,False,MEDIUM,14.0,True,Williams,4414.935,2026-07-26 13:22:45.277,1,19.0,False,,False,True
4591.683,ALB,23,88.5,15.0,1.0,,,30.418,32.703,25.379,4533.601,4566.304,4591.683,282.0,221.0,256.0,318.0,False,MEDIUM,15.0,True,Williams,4503.183,2026-07-26 13:24:13.525,1,19.0,True,TRACK LIMITS AT TURN 7 LAP 15 ,False,True
4679.992,ALB,23,88.309,16.0,1.0,,,30.541,32.545,25.223,4622.224,4654.769,4679.992,275.0,223.0,256.0,318.0,False,MEDIUM,16.0,True,Williams,4591.683,2026-07-26 13:25:42.025,1,18.0,True,TRACK LIMITS AT TURN 7 LAP 16 ,False,True
4767.968,ALB,23,87.976,17.0,1.0,,,30.373,32.468,25.135,4710.365,4742.833,4767.968,286.0,222.0,256.0,319.0,False,MEDIUM,17.0,True,Williams,4679.992,2026-07-26 13:27:10.334,1,17.0,False,,False,True
4856.182,ALB,23,88.214,18.0,1.0,,,30.296,32.654,25.264,4798.264,4830.918,4856.182,283.0,223.0,255.0,319.0,False,MEDIUM,18.0,True,Williams,4767.968,2026-07-26 13:28:38.310,1,16.0,False,,False,True
4945.296,ALB,23,89.114,19.0,1.0,,,30.825,32.875,25.414,4887.007,4919.882,4945.296,278.0,223.0,252.0,318.0,False,MEDIUM,19.0,True,Williams,4856.182,2026-07-26 13:30:06.524,1,16.0,False,,False,True
5033.917,ALB,23,88.621,20.0,1.0,,,30.549,32.761,25.311,4975.845,5008.606,5033.917,276.0,220.0,256.0,318.0,False,MEDIUM,20.0,True,Williams,4945.296,2026-07-26 13:31:35.638,1,16.0,False,,False,True
5122.297,ALB,23,88.38,21.0,1.0,,,30.341,32.775,25.264,5064.258,5097.033,5122.297,282.0,223.0,256.0,319.0,False,MEDIUM,21.0,True,Williams,5033.917,2026-07-26 13:33:04.259,1,16.0,False,,False,True
5210.638,ALB,23,88.341,22.0,1.0,,,30.409,32.725,25.207,5152.706,5185.431,5210.638,283.0,224.0,257.0,318.0,False,MEDIUM,22.0,True,Williams,5122.297,2026-07-26 13:34:32.639,1,16.0,False,,False,True
5299.16,ALB,23,88.522,23.0,1.0,,,30.543,32.81,25.169,5241.181,5273.991,5299.16,276.0,224.0,256.0,319.0,False,MEDIUM,23.0,True,Williams,5210.638,2026-07-26 13:36:00.980,1,15.0,False,,False,True
5387.387,ALB,23,88.227,24.0,1.0,,,30.277,32.729,25.221,5329.437,5362.166,5387.387,276.0,224.0,255.0,318.0,False,MEDIUM,24.0,True,Williams,5299.16,2026-07-26 13:37:29.502,1,15.0,False,,False,True
5477.249,ALB,23,89.862,25.0,1.0,,,31.131,33.213,25.518,5418.518,5451.731,5477.249,275.0,224.0,253.0,318.0,False,MEDIUM,25.0,True,Williams,5387.387,2026-07-26 13:38:57.729,1,16.0,False,,False,True
5569.246,ALB,23,91.997,26.0,1.0,,5567.642,30.852,33.232,27.913,5508.101,5541.333,5569.246,282.0,225.0,,319.0,False,MEDIUM,26.0,True,Williams,5477.249,2026-07-26 13:40:27.591,1,19.0,False,,False,False
5677.549,ALB,23,108.303,27.0,2.0,5589.782,,50.911,32.648,24.744,5620.157,5652.805,5677.549,263.0,224.0,259.0,319.0,False,HARD,1.0,True,Williams,5569.246,2026-07-26 13:41:59.588,1,20.0,False,,False,False
5763.989,ALB,23,86.44,28.0,2.0,,,29.748,32.049,24.643,5707.297,5739.346,5763.989,277.0,227.0,259.0,322.0,True,HARD,2.0,True,Williams,5677.549,2026-07-26 13:43:47.891,1,20.0,False,,False,True
5850.529,ALB,23,86.54,29.0,2.0,,,29.862,32.044,24.634,5793.851,5825.895,5850.529,286.0,228.0,259.0,321.0,False,HARD,3.0,True,Williams,5763.989,2026-07-26 13:45:14.331,1,20.0,False,,False,True
5937.596,ALB,23,87.067,30.0,2.0,,,30.165,32.039,24.863,5880.694,5912.733,5937.596,284.0,224.0,255.0,321.0,False,HARD,4.0,True,Williams,5850.529,2026-07-26 13:46:40.871,1,20.0,False,,False,True
6024.636,ALB,23,87.04,31.0,2.0,,,30.05,32.08,24.91,5967.646,5999.726,6024.636,278.0,224.0,256.0,319.0,False,HARD,5.0,True,Williams,5937.596,2026-07-26 13:48:07.938,1,20.0,False,,False,True
6111.585,ALB,23,86.949,32.0,2.0,,,30.013,32.111,24.825,6054.649,6086.76,6111.585,282.0,226.0,257.0,319.0,False,HARD,6.0,True,Williams,6024.636,2026-07-26 13:49:34.978,1,20.0,False,,False,True
6199.778,ALB,23,88.193,33.0,2.0,,,30.07,32.014,26.109,6141.655,6173.669,6199.778,280.0,214.0,258.0,320.0,False,HARD,7.0,True,Williams,6111.585,2026-07-26 13:51:01.927,1,20.0,False,,False,True
6287.797,ALB,23,88.019,34.0,2.0,,,29.928,33.124,24.967,6229.706,6262.83,6287.797,276.0,226.0,258.0,322.0,False,HARD,8.0,True,Williams,6199.778,2026-07-26 13:52:30.120,1,20.0,False,,False,True
6374.804,ALB,23,87.007,35.0,2.0,,,30.03,32.12,24.857,6317.827,6349.947,6374.804,282.0,227.0,258.0,322.0,False,HARD,9.0,True,Williams,6287.797,2026-07-26 13:53:58.139,1,20.0,False,,False,True
6462.208,ALB,23,87.404,36.0,2.0,,,30.235,32.074,25.095,6405.039,6437.113,6462.208,282.0,224.0,256.0,320.0,False,HARD,10.0,True,Williams,6374.804,2026-07-26 13:55:25.146,1,19.0,False,,False,True
6549.784,ALB,23,87.576,37.0,2.0,,,30.162,32.446,24.968,6492.37,6524.816,6549.784,282.0,225.0,257.0,320.0,False,HARD,11.0,True,Williams,6462.208,2026-07-26 13:56:52.550,1,19.0,False,,False,True
6640.162,ALB,23,90.378,38.0,2.0,,,30.874,33.564,25.94,6580.658,6614.222,6640.162,253.0,222.0,256.0,290.0,False,HARD,12.0,True,Williams,6549.784,2026-07-26 13:58:20.126,12,19.0,False,,False,True
6730.246,ALB,23,90.084,39.0,2.0,,,30.876,33.094,26.114,6671.038,6704.132,6730.246,265.0,212.0,257.0,334.0,False,HARD,13.0,True,Williams,6640.162,2026-07-26 13:59:50.504,1,20.0,False,,False,True
6817.945,ALB,23,87.699,40.0,2.0,,,30.224,32.505,24.97,6760.47,6792.975,6817.945,278.0,225.0,246.0,332.0,False,HARD,14.0,True,Williams,6730.246,2026-07-26 14:01:20.588,1,20.0,False,,False,True
6905.808,ALB,23,87.863,41.0,2.0,,,30.382,32.592,24.889,6848.327,6880.919,6905.808,277.0,228.0,259.0,309.0,False,HARD,15.0,True,Williams,6817.945,2026-07-26 14:02:48.287,1,20.0,False,,False,True
6993.604,ALB,23,87.796,42.0,2.0,,,30.168,32.377,25.251,6935.976,6968.353,6993.604,281.0,226.0,256.0,324.0,False,HARD,16.0,True,Williams,6905.808,2026-07-26 14:04:16.150,1,19.0,False,,False,True
7081.27,ALB,23,87.666,43.0,2.0,,,30.357,32.393,24.916,7023.961,7056.354,7081.27,284.0,227.0,259.0,319.0,False,HARD,17.0,True,Williams,6993.604,2026-07-26 14:05:43.946,1,19.0,False,,False,True
7168.425,ALB,23,87.155,44.0,2.0,,,30.026,32.146,24.983,7111.296,7143.442,7168.425,285.0,227.0,258.0,320.0,False,HARD,18.0,True,Williams,7081.27,2026-07-26 14:07:11.612,1,18.0,False,,False,True
7255.542,ALB,23,87.117,45.0,2.0,,,30.102,32.166,24.849,7198.527,7230.693,7255.542,285.0,226.0,259.0,320.0,False,HARD,19.0,True,Williams,7168.425,2026-07-26 14:08:38.767,1,18.0,False,,False,True
7343.766,ALB,23,88.224,46.0,2.0,,,30.86,32.42,24.944,7286.402,7318.822,7343.766,279.0,226.0,258.0,288.0,False,HARD,20.0,True,Williams,7255.542,2026-07-26 14:10:05.884,1,18.0,False,,False,True
7431.325,ALB,23,87.559,47.0,2.0,,,30.35,32.217,24.992,7374.116,7406.333,7431.325,284.0,228.0,257.0,321.0,False,HARD,21.0,True,Williams,7343.766,2026-07-26 14:11:34.108,1,18.0,False,,False,True
7518.787,ALB,23,87.462,48.0,2.0,,,30.116,32.306,25.04,7461.441,7493.747,7518.787,284.0,228.0,257.0,320.0,False,HARD,22.0,True,Williams,7431.325,2026-07-26 14:13:01.667,1,18.0,False,,False,True
7606.052,ALB,23,87.265,49.0,2.0,,,29.962,32.209,25.094,7548.749,7580.958,7606.052,286.0,226.0,256.0,320.0,False,HARD,23.0,True,Williams,7518.787,2026-07-26 14:14:29.129,12,18.0,False,,False,True
7693.257,ALB,23,87.205,50.0,2.0,,,30.107,32.076,25.022,7636.159,7668.235,7693.257,284.0,229.0,258.0,320.0,False,HARD,24.0,True,Williams,7606.052,2026-07-26 14:15:56.394,1,18.0,False,,False,True
7780.448,ALB,23,87.191,51.0,2.0,,,30.124,31.835,25.232,7723.381,7755.216,7780.448,288.0,227.0,258.0,321.0,False,HARD,25.0,True,Williams,7693.257,2026-07-26 14:17:23.599,1,18.0,False,,False,True
7867.826,ALB,23,87.378,52.0,2.0,,,30.107,32.145,25.126,7810.555,7842.7,7867.826,292.0,230.0,257.0,320.0,False,HARD,26.0,True,Williams,7780.448,2026-07-26 14:18:50.790,1,18.0,False,,False,True
7954.873,ALB,23,87.047,53.0,2.0,,,29.975,32.053,25.019,7897.801,7929.854,7954.873,288.0,229.0,258.0,321.0,False,HARD,27.0,True,Williams,7867.826,2026-07-26 14:20:18.168,1,18.0,False,,False,True
8047.811,ALB,23,92.938,54.0,2.0,,8046.145,30.139,32.111,30.688,7985.012,8017.123,8047.811,294.0,231.0,,321.0,False,HARD,28.0,True,Williams,7954.873,2026-07-26 14:21:45.215,126,18.0,False,,False,False
8163.326,ALB,23,115.515,55.0,3.0,8068.902,,59.917,31.735,23.863,8107.728,8139.463,8163.326,246.0,240.0,262.0,321.0,False,SOFT,1.0,True,Williams,8047.811,2026-07-26 14:23:18.153,671,19.0,False,,False,False
8249.435,ALB,23,86.109,56.0,3.0,,,29.399,32.598,24.112,8192.725,8225.323,8249.435,291.0,234.0,263.0,324.0,True,SOFT,2.0,True,Williams,8163.326,2026-07-26 14:25:13.668,1,18.0,False,,False,True
8334.838,ALB,23,85.403,57.0,3.0,,,29.545,31.552,24.306,8278.98,8310.532,8334.838,277.0,234.0,262.0,326.0,True,SOFT,3.0,True,Williams,8249.435,2026-07-26 14:26:39.777,1,18.0,False,,False,True
8421.048,ALB,23,86.21,58.0,3.0,,,29.603,32.025,24.582,8364.441,8396.466,8421.048,274.0,230.0,261.0,336.0,False,SOFT,4.0,True,Williams,8334.838,2026-07-26 14:28:05.180,1,18.0,False,,False,True
8508.35,ALB,23,87.302,59.0,3.0,,,30.754,31.867,24.681,8451.802,8483.669,8508.35,276.0,229.0,259.0,339.0,False,SOFT,5.0,True,Williams,8421.048,2026-07-26 14:29:31.390,1,18.0,False,,False,True
8595.23,ALB,23,86.88,60.0,3.0,,,29.627,32.115,25.138,8537.977,8570.092,8595.23,282.0,229.0,260.0,338.0,False,SOFT,6.0,True,Williams,8508.35,2026-07-26 14:30:58.692,1,18.0,False,,False,True
8683.851,ALB,23,88.621,61.0,3.0,,,31.322,32.197,25.102,8626.552,8658.749,8683.851,264.0,233.0,262.0,290.0,False,SOFT,7.0,True,Williams,8595.23,2026-07-26 14:32:25.572,1,18.0,False,,False,True
8771.046,ALB,23,87.195,62.0,3.0,,,29.986,32.745,24.464,8713.837,8746.582,8771.046,277.0,236.0,265.0,339.0,False,SOFT,8.0,True,Williams,8683.851,2026-07-26 14:33:54.193,1,18.0,False,,False,True
8858.316,ALB,23,87.27,63.0,3.0,,,29.83,32.079,25.361,8800.876,8832.955,8858.316,279.0,229.0,263.0,329.0,False,SOFT,9.0,True,Williams,8771.046,2026-07-26 14:35:21.388,1,18.0,False,,False,True
8945.41,ALB,23,87.094,64.0,3.0,,,29.998,32.15,24.946,8888.314,8920.464,8945.41,276.0,226.0,261.0,340.0,False,SOFT,10.0,True,Williams,8858.316,2026-07-26 14:36:48.658,1,18.0,False,,False,True
9032.569,ALB,23,87.159,65.0,3.0,,,29.882,32.33,24.947,8975.292,9007.622,9032.569,277.0,226.0,262.0,337.0,False,SOFT,11.0,True,Williams,8945.41,2026-07-26 14:38:15.752,1,18.0,False,,False,True
9120.269,ALB,23,87.7,66.0,3.0,,,29.962,32.563,25.175,9062.531,9095.094,9120.269,279.0,226.0,261.0,340.0,False,SOFT,12.0,True,Williams,9032.569,2026-07-26 14:39:42.911,1,18.0,False,,False,True
9208.15,ALB,23,87.881,67.0,3.0,,,30.106,32.655,25.12,9150.375,9183.03,9208.15,275.0,228.0,264.0,339.0,False,SOFT,13.0,True,Williams,9120.269,2026-07-26 14:41:10.611,1,18.0,False,,False,True
9297.153,ALB,23,89.003,68.0,3.0,,,30.234,33.03,25.739,9238.384,9271.414,9297.153,273.0,228.0,255.0,341.0,False,SOFT,14.0,True,Williams,9208.15,2026-07-26 14:42:38.492,1,18.0,False,,False,True
3344.097,HUL,27,95.853,1.0,1.0,,,,33.708,25.054,,3319.242,3344.227,286.0,232.0,259.0,266.0,False,MEDIUM,1.0,True,Audi,3248.019,2026-07-26 13:03:18.361,1,10.0,False,,False,False
3432.453,HUL,27,88.356,2.0,1.0,,,30.582,32.818,24.956,3374.747,3407.565,3432.521,277.0,231.0,251.0,326.0,True,MEDIUM,2.0,True,Audi,3344.097,2026-07-26 13:04:54.439,1,10.0,False,,False,True
3519.416,HUL,27,86.963,3.0,1.0,,,29.934,32.147,24.882,3462.455,3494.602,3519.484,290.0,231.0,255.0,324.0,True,MEDIUM,3.0,True,Audi,3432.453,2026-07-26 13:06:22.795,1,10.0,False,,False,True
3606.816,HUL,27,87.4,4.0,1.0,,,30.216,32.323,24.861,3549.7,3582.023,3606.884,281.0,225.0,257.0,326.0,False,MEDIUM,4.0,True,Audi,3519.416,2026-07-26 13:07:49.758,1,10.0,False,,False,True
3693.711,HUL,27,86.895,5.0,1.0,,,30.183,31.72,24.992,3637.067,3668.787,3693.779,285.0,234.0,250.0,325.0,True,MEDIUM,5.0,True,Audi,3606.816,2026-07-26 13:09:17.158,1,10.0,False,,False,True
3780.553,HUL,27,86.842,6.0,1.0,,,30.248,31.816,24.778,3724.027,3755.843,3780.621,289.0,232.0,259.0,322.0,True,MEDIUM,6.0,True,Audi,3693.711,2026-07-26 13:10:44.053,1,10.0,False,,False,True
3867.611,HUL,27,87.058,7.0,1.0,,,30.026,32.026,25.006,3810.647,3842.673,3867.679,287.0,231.0,258.0,325.0,False,MEDIUM,7.0,True,Audi,3780.553,2026-07-26 13:12:10.895,1,10.0,False,,False,True
3954.554,HUL,27,86.943,8.0,1.0,,,30.126,31.958,24.859,3897.805,3929.763,3954.622,287.0,232.0,258.0,325.0,False,MEDIUM,8.0,True,Audi,3867.611,2026-07-26 13:13:37.953,1,10.0,False,,False,True
4041.675,HUL,27,87.121,9.0,1.0,,,30.063,32.089,24.969,3984.685,4016.774,4041.743,281.0,230.0,256.0,321.0,False,MEDIUM,9.0,True,Audi,3954.554,2026-07-26 13:15:04.896,1,10.0,False,,False,True
4128.881,HUL,27,87.206,10.0,1.0,,,30.345,31.921,24.94,4072.088,4104.009,4128.949,285.0,232.0,258.0,320.0,False,MEDIUM,10.0,True,Audi,4041.675,2026-07-26 13:16:32.017,1,10.0,False,,False,True
4216.328,HUL,27,87.447,11.0,1.0,,,30.636,31.941,24.87,4159.585,4191.526,4216.396,285.0,231.0,258.0,320.0,False,MEDIUM,11.0,True,Audi,4128.881,2026-07-26 13:17:59.223,1,10.0,False,,False,True
4303.653,HUL,27,87.325,12.0,1.0,,,30.487,31.96,24.878,4246.883,4278.843,4303.721,291.0,232.0,258.0,319.0,False,MEDIUM,12.0,True,Audi,4216.328,2026-07-26 13:19:26.670,1,10.0,False,,False,True
4390.789,HUL,27,87.136,13.0,1.0,,,30.217,31.876,25.043,4333.938,4365.814,4390.857,283.0,233.0,257.0,318.0,False,MEDIUM,13.0,True,Audi,4303.653,2026-07-26 13:20:53.995,1,10.0,False,,False,True
4478.534,HUL,27,87.745,14.0,1.0,,,30.242,32.248,25.255,4421.099,4453.347,4478.602,286.0,232.0,257.0,319.0,False,MEDIUM,14.0,True,Audi,4390.789,2026-07-26 13:22:21.131,1,10.0,False,,False,True
4566.023,HUL,27,87.489,15.0,1.0,,,30.393,32.114,24.982,4508.995,4541.109,4566.091,281.0,232.0,257.0,320.0,False,MEDIUM,15.0,True,Audi,4478.534,2026-07-26 13:23:48.876,1,10.0,False,,False,True
4653.649,HUL,27,87.626,16.0,1.0,,,30.414,32.198,25.014,4596.505,4628.703,4653.717,285.0,231.0,258.0,320.0,False,MEDIUM,16.0,True,Audi,4566.023,2026-07-26 13:25:16.365,1,10.0,False,,False,True
4742.12,HUL,27,88.471,17.0,1.0,,,30.975,32.358,25.138,4684.692,4717.05,4742.188,289.0,232.0,257.0,320.0,False,MEDIUM,17.0,True,Audi,4653.649,2026-07-26 13:26:43.991,1,11.0,False,,False,True
4829.793,HUL,27,87.673,18.0,1.0,,,30.467,32.038,25.168,4772.655,4804.693,4829.861,292.0,230.0,257.0,320.0,False,MEDIUM,18.0,True,Audi,4742.12,2026-07-26 13:28:12.462,1,11.0,False,,False,True
4920.169,HUL,27,90.376,19.0,1.0,,4918.436,30.358,32.345,27.673,4860.219,4892.564,4920.237,291.0,230.0,,320.0,False,MEDIUM,19.0,True,Audi,4829.793,2026-07-26 13:29:40.135,1,11.0,False,,False,False
5024.661,HUL,27,104.492,20.0,2.0,4939.842,,48.3,31.662,24.53,4968.537,5000.199,5024.729,284.0,238.0,257.0,320.0,False,HARD,1.0,True,Audi,4920.169,2026-07-26 13:31:10.511,1,13.0,False,,False,False
5110.475,HUL,27,85.814,21.0,2.0,,,29.611,31.672,24.531,5054.34,5086.012,5110.543,281.0,236.0,260.0,323.0,True,HARD,2.0,True,Audi,5024.661,2026-07-26 13:32:55.003,1,13.0,False,,False,True
5198.255,HUL,27,87.78,22.0,2.0,,,30.195,32.551,25.034,5140.738,5173.289,5198.323,279.0,231.0,258.0,325.0,False,HARD,3.0,True,Audi,5110.475,2026-07-26 13:34:20.817,1,13.0,False,,False,True
5285.304,HUL,27,87.049,23.0,2.0,,,30.085,32.127,24.837,5228.408,5260.535,5285.372,287.0,231.0,260.0,321.0,False,HARD,4.0,True,Audi,5198.255,2026-07-26 13:35:48.597,1,13.0,False,,False,True
5372.283,HUL,27,86.979,24.0,2.0,,,30.21,32.053,24.716,5315.582,5347.635,5372.351,286.0,232.0,259.0,319.0,False,HARD,5.0,True,Audi,5285.304,2026-07-26 13:37:15.646,1,13.0,False,,False,True
5459.441,HUL,27,87.158,25.0,2.0,,,29.994,32.376,24.788,5402.345,5434.721,5459.509,284.0,232.0,261.0,320.0,False,HARD,6.0,True,Audi,5372.283,2026-07-26 13:38:42.625,1,13.0,False,,False,True
5545.475,HUL,27,86.034,26.0,2.0,,,29.743,31.766,24.525,5489.252,5521.018,5545.543,289.0,233.0,261.0,336.0,False,HARD,7.0,True,Audi,5459.441,2026-07-26 13:40:09.783,1,12.0,False,,False,True
5631.918,HUL,27,86.443,27.0,2.0,,,29.946,31.853,24.644,5575.489,5607.342,5631.986,284.0,231.0,259.0,320.0,False,HARD,8.0,True,Audi,5545.475,2026-07-26 13:41:35.817,1,12.0,False,,False,True
5718.313,HUL,27,86.395,28.0,2.0,,,29.971,31.587,24.837,5661.957,5693.544,5718.381,284.0,235.0,261.0,320.0,False,HARD,9.0,True,Audi,5631.918,2026-07-26 13:43:02.260,1,12.0,False,,False,True
5804.83,HUL,27,86.517,29.0,2.0,,,29.987,31.787,24.743,5748.368,5780.155,5804.898,284.0,234.0,260.0,320.0,False,HARD,10.0,True,Audi,5718.313,2026-07-26 13:44:28.655,1,12.0,False,,False,True
5891.224,HUL,27,86.394,30.0,2.0,,,29.99,31.731,24.673,5834.888,5866.619,5891.292,292.0,235.0,260.0,321.0,False,HARD,11.0,True,Audi,5804.83,2026-07-26 13:45:55.172,1,11.0,False,,False,True
5977.627,HUL,27,86.403,31.0,2.0,,,29.916,31.809,24.678,5921.208,5953.017,5977.695,289.0,237.0,261.0,321.0,False,HARD,12.0,True,Audi,5891.224,2026-07-26 13:47:21.566,1,11.0,False,,False,True
6064.141,HUL,27,86.514,32.0,2.0,,,30.154,31.602,24.758,6007.849,6039.451,6064.209,286.0,234.0,259.0,320.0,False,HARD,13.0,True,Audi,5977.627,2026-07-26 13:48:47.969,1,11.0,False,,False,True
6150.331,HUL,27,86.19,33.0,2.0,,,29.921,31.51,24.759,6094.13,6125.64,6150.399,290.0,234.0,260.0,320.0,False,HARD,14.0,True,Audi,6064.141,2026-07-26 13:50:14.483,1,11.0,False,,False,True
6236.48,HUL,27,86.149,34.0,2.0,,,29.955,31.562,24.632,6180.354,6211.916,6236.548,292.0,232.0,259.0,321.0,False,HARD,15.0,True,Audi,6150.331,2026-07-26 13:51:40.673,1,11.0,False,,False,True
6322.709,HUL,27,86.229,35.0,2.0,,,29.868,31.624,24.737,6266.416,6298.04,6322.777,290.0,233.0,260.0,321.0,False,HARD,16.0,True,Audi,6236.48,2026-07-26 13:53:06.822,1,11.0,False,,False,True
6408.96,HUL,27,86.251,36.0,2.0,,,29.905,31.619,24.727,6352.682,6384.301,6409.028,290.0,232.0,260.0,321.0,False,HARD,17.0,True,Audi,6322.709,2026-07-26 13:54:33.051,1,11.0,False,,False,True
6495.119,HUL,27,86.159,37.0,2.0,,,29.846,31.563,24.75,6438.874,6470.437,6495.187,289.0,234.0,260.0,320.0,False,HARD,18.0,True,Audi,6408.96,2026-07-26 13:55:59.302,1,11.0,False,,False,True
6581.739,HUL,27,86.62,38.0,2.0,,,29.774,31.933,24.913,6524.961,6556.894,6581.807,292.0,234.0,252.0,321.0,False,HARD,19.0,True,Audi,6495.119,2026-07-26 13:57:25.461,12,11.0,False,,False,True
6670.554,HUL,27,88.815,39.0,2.0,,6668.809,29.917,31.757,27.141,6611.724,6643.481,6670.622,296.0,234.0,,319.0,False,HARD,20.0,True,Audi,6581.739,2026-07-26 13:58:52.081,1,11.0,False,,False,False
6773.95,HUL,27,103.396,40.0,3.0,6691.028,,48.425,31.039,23.932,6719.047,6750.086,6774.018,293.0,240.0,262.0,319.0,False,SOFT,4.0,False,Audi,6670.554,2026-07-26 14:00:20.896,1,12.0,False,,False,False
6859.199,HUL,27,85.249,41.0,3.0,,,29.426,31.426,24.397,6803.444,6834.87,6859.267,286.0,232.0,260.0,319.0,True,SOFT,5.0,False,Audi,6773.95,2026-07-26 14:02:04.292,1,12.0,False,,False,True
6943.787,HUL,27,84.588,42.0,3.0,,,29.525,30.973,24.09,6888.792,6919.765,6943.855,290.0,240.0,263.0,316.0,True,SOFT,6.0,False,Audi,6859.199,2026-07-26 14:03:29.541,1,12.0,False,,False,True
7028.611,HUL,27,84.824,43.0,3.0,,,29.397,31.243,24.184,6973.252,7004.495,7028.679,292.0,238.0,262.0,319.0,False,SOFT,7.0,False,Audi,6943.787,2026-07-26 14:04:54.129,1,12.0,False,,False,True
7113.894,HUL,27,85.283,44.0,3.0,,,29.414,31.51,24.359,7058.093,7089.603,7113.962,294.0,236.0,263.0,321.0,False,SOFT,8.0,False,Audi,7028.611,2026-07-26 14:06:18.953,1,12.0,False,,False,True
7199.097,HUL,27,85.203,45.0,3.0,,,29.441,31.386,24.376,7143.403,7174.789,7199.165,295.0,237.0,262.0,321.0,False,SOFT,9.0,False,Audi,7113.894,2026-07-26 14:07:44.236,1,12.0,False,,False,True
7284.462,HUL,27,85.365,46.0,3.0,,,29.417,31.37,24.578,7228.582,7259.952,7284.53,292.0,236.0,261.0,322.0,False,SOFT,10.0,False,Audi,7199.097,2026-07-26 14:09:09.439,1,12.0,False,,False,True
7370.611,HUL,27,86.149,47.0,3.0,,,29.882,31.551,24.716,7314.412,7345.963,7370.679,298.0,235.0,262.0,324.0,False,SOFT,11.0,False,Audi,7284.462,2026-07-26 14:10:34.804,1,12.0,False,,False,True
7456.234,HUL,27,85.623,48.0,3.0,,,29.567,31.399,24.657,7400.246,7431.645,7456.302,297.0,235.0,261.0,321.0,False,SOFT,12.0,False,Audi,7370.611,2026-07-26 14:12:00.953,1,12.0,False,,False,True
7543.276,HUL,27,87.042,49.0,3.0,,,29.858,32.632,24.552,7486.16,7518.792,7543.344,287.0,234.0,262.0,321.0,False,SOFT,13.0,False,Audi,7456.234,2026-07-26 14:13:26.576,12,12.0,False,,False,True
7628.218,HUL,27,84.942,50.0,3.0,,,29.663,31.122,24.157,7573.007,7604.129,7628.286,292.0,238.0,263.0,321.0,False,SOFT,14.0,False,Audi,7543.276,2026-07-26 14:14:53.618,1,12.0,False,,False,True
7712.54,HUL,27,84.322,51.0,3.0,,,29.226,30.91,24.186,7657.512,7688.422,7712.608,297.0,239.0,262.0,322.0,True,SOFT,15.0,False,Audi,7628.218,2026-07-26 14:16:18.560,1,12.0,False,,False,True
7797.493,HUL,27,84.953,52.0,3.0,,,29.306,31.272,24.375,7741.914,7773.186,7797.561,296.0,236.0,262.0,323.0,False,SOFT,16.0,False,Audi,7712.54,2026-07-26 14:17:42.882,1,12.0,False,,False,True
7882.948,HUL,27,85.455,53.0,3.0,,,29.51,31.422,24.523,7827.071,7858.493,7883.016,299.0,238.0,261.0,324.0,False,SOFT,17.0,False,Audi,7797.493,2026-07-26 14:19:07.835,1,12.0,False,,False,True
7968.387,HUL,27,85.439,54.0,3.0,,,29.626,31.3,24.513,7912.642,7943.942,7968.455,290.0,241.0,263.0,333.0,False,SOFT,18.0,False,Audi,7882.948,2026-07-26 14:20:33.290,1,12.0,False,,False,True
8062.726,HUL,27,94.339,55.0,3.0,,,29.541,32.85,31.948,7997.996,8030.846,8062.794,298.0,103.0,198.0,333.0,False,SOFT,19.0,False,Audi,7968.387,2026-07-26 14:21:58.729,126,12.0,False,,False,False
8161.148,HUL,27,98.422,56.0,3.0,,,41.728,32.176,24.518,8104.522,8136.698,8161.216,239.0,240.0,263.0,216.0,False,SOFT,20.0,False,Audi,8062.726,2026-07-26 14:23:33.068,671,11.0,False,,False,False
8246.024,HUL,27,84.876,57.0,3.0,,,29.485,31.126,24.265,8190.701,8221.827,8246.092,302.0,240.0,263.0,339.0,False,SOFT,21.0,False,Audi,8161.148,2026-07-26 14:25:11.490,1,11.0,False,,False,True
8331.391,HUL,27,85.367,58.0,3.0,,,29.18,31.543,24.644,8275.272,8306.815,8331.459,300.0,239.0,261.0,332.0,False,SOFT,22.0,False,Audi,8246.024,2026-07-26 14:26:36.366,1,11.0,False,,False,True
8417.48,HUL,27,86.089,59.0,3.0,,,30.124,31.337,24.628,8361.583,8392.92,8417.548,296.0,239.0,261.0,305.0,False,SOFT,23.0,False,Audi,8331.391,2026-07-26 14:28:01.733,1,10.0,False,,False,True
8502.668,HUL,27,85.188,60.0,3.0,,,29.331,31.308,24.549,8446.879,8478.187,8502.736,301.0,240.0,262.0,331.0,False,SOFT,24.0,False,Audi,8417.48,2026-07-26 14:29:27.822,1,10.0,False,,False,True
8590.605,HUL,27,87.937,61.0,3.0,,,29.759,32.612,25.566,8532.495,8565.107,8590.673,263.0,234.0,261.0,335.0,False,SOFT,25.0,False,Audi,8502.668,2026-07-26 14:30:53.010,1,10.0,False,,False,True
8677.755,HUL,27,87.15,62.0,3.0,,,29.571,32.608,24.971,8620.244,8652.852,8677.823,285.0,233.0,262.0,333.0,False,SOFT,26.0,False,Audi,8590.605,2026-07-26 14:32:20.947,1,10.0,False,,False,True
8764.062,HUL,27,86.307,63.0,3.0,,,30.654,31.202,24.451,8708.477,8739.679,8764.13,279.0,240.0,261.0,341.0,False,SOFT,27.0,False,Audi,8677.755,2026-07-26 14:33:48.097,1,9.0,False,,False,True
8850.307,HUL,27,86.245,64.0,3.0,,,30.723,31.334,24.188,8794.853,8826.187,8850.375,293.0,238.0,264.0,321.0,False,SOFT,28.0,False,Audi,8764.062,2026-07-26 14:35:14.404,1,9.0,False,,False,True
8934.813,HUL,27,84.506,65.0,3.0,,,29.263,31.127,24.116,8879.638,8910.765,8934.881,296.0,238.0,265.0,323.0,False,SOFT,29.0,False,Audi,8850.307,2026-07-26 14:36:40.649,1,9.0,False,,False,True
9021.285,HUL,27,86.472,66.0,3.0,,,30.554,31.742,24.176,8965.435,8997.177,9021.353,236.0,240.0,265.0,323.0,False,SOFT,30.0,False,Audi,8934.813,2026-07-26 14:38:05.155,1,9.0,False,,False,True
9105.249,HUL,27,83.964,67.0,3.0,,,29.193,30.812,23.959,9050.546,9081.358,9105.317,300.0,242.0,263.0,323.0,True,SOFT,31.0,False,Audi,9021.285,2026-07-26 14:39:31.627,1,9.0,False,,False,True
9189.507,HUL,27,84.258,68.0,3.0,,,29.253,30.86,24.145,9134.57,9165.43,9189.575,302.0,240.0,265.0,324.0,False,SOFT,32.0,False,Audi,9105.249,2026-07-26 14:40:55.591,1,9.0,False,,False,True
9274.806,HUL,27,85.299,69.0,3.0,,,29.536,31.24,24.523,9219.111,9250.351,9274.874,300.0,238.0,238.0,324.0,False,SOFT,33.0,False,Audi,9189.507,2026-07-26 14:42:19.849,1,9.0,False,,False,True
3340.274,VER,3,92.03,1.0,1.0,,,,32.608,24.284,,3316.133,3340.414,284.0,241.0,262.0,263.0,False,MEDIUM,1.0,True,Red Bull Racing,3248.019,2026-07-26 13:03:18.361,1,3.0,False,,False,False
3426.232,VER,3,85.958,2.0,1.0,,,29.976,31.498,24.484,3370.314,3401.812,3426.296,280.0,240.0,262.0,312.0,True,MEDIUM,2.0,True,Red Bull Racing,3340.274,2026-07-26 13:04:50.616,1,3.0,False,,False,True
3511.829,VER,3,85.597,3.0,1.0,,,29.712,31.398,24.487,3456.008,3487.406,3511.893,278.0,239.0,262.0,325.0,True,MEDIUM,3.0,True,Red Bull Racing,3426.232,2026-07-26 13:06:16.574,1,3.0,False,,False,True
3597.188,VER,3,85.359,4.0,1.0,,,29.549,31.396,24.414,3541.442,3572.838,3597.252,281.0,240.0,262.0,332.0,True,MEDIUM,4.0,True,Red Bull Racing,3511.829,2026-07-26 13:07:42.171,1,3.0,False,,False,True
3682.931,VER,3,85.743,5.0,1.0,,,29.878,31.327,24.538,3627.13,3658.457,3682.995,283.0,240.0,259.0,321.0,False,MEDIUM,5.0,True,Red Bull Racing,3597.188,2026-07-26 13:09:07.530,1,3.0,False,,False,True
3768.327,VER,3,85.396,6.0,1.0,,,29.765,31.263,24.368,3712.76,3744.023,3768.391,291.0,237.0,259.0,318.0,False,MEDIUM,6.0,True,Red Bull Racing,3682.931,2026-07-26 13:10:33.273,1,3.0,False,,False,True
3853.715,VER,3,85.388,7.0,1.0,,,29.796,31.21,24.382,3798.187,3829.397,3853.779,286.0,239.0,260.0,322.0,False,MEDIUM,7.0,True,Red Bull Racing,3768.327,2026-07-26 13:11:58.669,1,3.0,False,,False,True
3939.189,VER,3,85.474,8.0,1.0,,,29.809,31.224,24.441,3883.588,3914.812,3939.253,289.0,238.0,260.0,314.0,False,MEDIUM,8.0,True,Red Bull Racing,3853.715,2026-07-26 13:13:24.057,1,3.0,False,,False,True
4024.824,VER,3,85.635,9.0,1.0,,,29.824,31.332,24.479,3969.077,4000.409,4024.888,288.0,240.0,259.0,318.0,False,MEDIUM,9.0,True,Red Bull Racing,3939.189,2026-07-26 13:14:49.531,1,3.0,False,,False,True
4110.446,VER,3,85.622,10.0,1.0,,,29.872,31.266,24.484,4054.76,4086.026,4110.51,293.0,239.0,259.0,319.0,False,MEDIUM,10.0,True,Red Bull Racing,4024.824,2026-07-26 13:16:15.166,1,3.0,False,,False,True
4196.073,VER,3,85.627,11.0,1.0,,,29.931,31.186,24.51,4140.441,4171.627,4196.137,293.0,238.0,256.0,317.0,False,MEDIUM,11.0,True,Red Bull Racing,4110.446,2026-07-26 13:17:40.788,1,3.0,False,,False,True
4281.806,VER,3,85.733,12.0,1.0,,,29.876,31.407,24.45,4226.013,4257.42,4281.87,292.0,239.0,257.0,315.0,False,MEDIUM,12.0,True,Red Bull Racing,4196.073,2026-07-26 13:19:06.415,1,3.0,False,,False,True
4367.763,VER,3,85.957,13.0,1.0,,,30.015,31.327,24.615,4311.885,4343.212,4367.827,292.0,238.0,258.0,315.0,False,MEDIUM,13.0,True,Red Bull Racing,4281.806,2026-07-26 13:20:32.148,1,3.0,False,,False,True
4456.272,VER,3,88.509,14.0,1.0,,4454.527,29.808,31.399,27.302,4397.635,4429.034,4456.336,294.0,238.0,,313.0,False,MEDIUM,14.0,True,Red Bull Racing,4367.763,2026-07-26 13:21:58.105,1,4.0,False,,False,False
4559.624,VER,3,103.352,15.0,2.0,4476.174,,48.24,31.052,24.06,4504.576,4535.628,4559.688,295.0,242.0,268.0,313.0,False,HARD,1.0,True,Red Bull Racing,4456.272,2026-07-26 13:23:26.614,1,8.0,False,,False,False
4644.609,VER,3,84.985,16.0,2.0,,,29.792,31.367,23.826,4589.48,4620.847,4644.673,275.0,238.0,263.0,335.0,True,HARD,2.0,True,Red Bull Racing,4559.624,2026-07-26 13:25:09.966,1,6.0,False,,False,True
4729.578,VER,3,84.969,17.0,2.0,,,29.767,31.053,24.149,4674.44,4705.493,4729.642,288.0,241.0,261.0,317.0,True,HARD,3.0,True,Red Bull Racing,4644.609,2026-07-26 13:26:34.951,1,5.0,False,,False,True
4815.557,VER,3,85.979,18.0,2.0,,,29.671,31.807,24.501,4759.313,4791.12,4815.621,296.0,240.0,262.0,320.0,False,HARD,4.0,True,Red Bull Racing,4729.578,2026-07-26 13:27:59.920,1,5.0,False,,False,True
4901.205,VER,3,85.648,19.0,2.0,,,29.713,31.523,24.412,4845.334,4876.857,4901.269,293.0,239.0,260.0,335.0,False,HARD,5.0,True,Red Bull Racing,4815.557,2026-07-26 13:29:25.899,1,4.0,False,,False,True
4986.17,VER,3,84.965,20.0,2.0,,,29.533,31.169,24.263,4930.802,4961.971,4986.234,294.0,240.0,262.0,331.0,True,HARD,6.0,True,Red Bull Racing,4901.205,2026-07-26 13:30:51.547,1,4.0,False,,False,True
5071.381,VER,3,85.211,21.0,2.0,,,29.752,31.112,24.347,5015.986,5047.098,5071.445,293.0,240.0,260.0,318.0,False,HARD,7.0,True,Red Bull Racing,4986.17,2026-07-26 13:32:16.512,1,4.0,False,,False,True
5156.698,VER,3,85.317,22.0,2.0,,,29.838,31.098,24.381,5101.283,5132.381,5156.762,292.0,241.0,258.0,317.0,False,HARD,8.0,True,Red Bull Racing,5071.381,2026-07-26 13:33:41.723,1,4.0,False,,False,True
5241.771,VER,3,85.073,23.0,2.0,,,29.828,31.049,24.196,5186.59,5217.639,5241.835,296.0,240.0,261.0,317.0,False,HARD,9.0,True,Red Bull Racing,5156.698,2026-07-26 13:35:07.040,1,3.0,False,,False,True
5326.798,VER,3,85.027,24.0,2.0,,,29.778,30.975,24.274,5271.613,5302.588,5326.862,291.0,240.0,260.0,318.0,False,HARD,10.0,True,Red Bull Racing,5241.771,2026-07-26 13:36:32.113,1,3.0,False,,False,True
5411.97,VER,3,85.172,25.0,2.0,,,29.891,31.027,24.254,5356.753,5387.78,5412.034,295.0,240.0,261.0,318.0,False,HARD,11.0,True,Red Bull Racing,5326.798,2026-07-26 13:37:57.140,1,3.0,False,,False,True
5497.416,VER,3,85.446,26.0,2.0,,,29.859,31.127,24.46,5441.893,5473.02,5497.48,293.0,240.0,260.0,318.0,False,HARD,12.0,True,Red Bull Racing,5411.97,2026-07-26 13:39:22.312,1,3.0,False,,False,True
5582.886,VER,3,85.47,27.0,2.0,,,29.997,31.019,24.454,5527.477,5558.496,5582.95,295.0,240.0,260.0,318.0,False,HARD,13.0,True,Red Bull Racing,5497.416,2026-07-26 13:40:47.758,1,3.0,False,,False,True
5668.0,VER,3,85.114,28.0,2.0,,,29.674,30.982,24.458,5612.624,5643.606,5668.064,296.0,239.0,260.0,320.0,False,HARD,14.0,True,Red Bull Racing,5582.886,2026-07-26 13:42:13.228,1,3.0,False,,False,True
5753.496,VER,3,85.496,29.0,2.0,,,29.912,31.101,24.483,5697.976,5729.077,5753.56,295.0,241.0,262.0,319.0,False,HARD,15.0,True,Red Bull Racing,5668.0,2026-07-26 13:43:38.342,1,3.0,False,,False,True
5838.56,VER,3,85.064,30.0,2.0,,,29.787,30.927,24.35,5783.347,5814.274,5838.624,294.0,243.0,262.0,320.0,False,HARD,16.0,True,Red Bull Racing,5753.496,2026-07-26 13:45:03.838,1,3.0,False,,False,True
5923.958,VER,3,85.398,31.0,2.0,,,29.904,30.949,24.545,5868.528,5899.477,5924.022,297.0,240.0,262.0,320.0,False,HARD,17.0,True,Red Bull Racing,5838.56,2026-07-26 13:46:28.902,1,3.0,False,,False,True
6009.452,VER,3,85.494,32.0,2.0,,,29.712,31.039,24.743,5953.734,5984.773,6009.516,296.0,237.0,262.0,320.0,False,HARD,18.0,True,Red Bull Racing,5923.958,2026-07-26 13:47:54.300,1,3.0,False,,False,True
6095.224,VER,3,85.772,33.0,2.0,,,30.074,31.125,24.573,6039.59,6070.715,6095.288,300.0,242.0,261.0,329.0,False,HARD,19.0,True,Red Bull Racing,6009.452,2026-07-26 13:49:19.794,1,3.0,False,,False,True
6180.618,VER,3,85.394,34.0,2.0,,,29.892,30.995,24.507,6125.18,6156.175,6180.682,299.0,240.0,261.0,322.0,False,HARD,20.0,True,Red Bull Racing,6095.224,2026-07-26 13:50:45.566,1,2.0,False,,False,True
6266.381,VER,3,85.763,35.0,2.0,,,29.824,31.45,24.489,6210.506,6241.956,6266.445,298.0,240.0,260.0,323.0,False,HARD,21.0,True,Red Bull Racing,6180.618,2026-07-26 13:52:10.960,1,2.0,False,,False,True
6351.805,VER,3,85.424,36.0,2.0,,,29.777,31.205,24.442,6296.222,6327.427,6351.869,296.0,240.0,261.0,321.0,False,HARD,22.0,True,Red Bull Racing,6266.381,2026-07-26 13:53:36.723,1,2.0,False,,False,True
6437.846,VER,3,86.041,37.0,2.0,,,30.06,31.402,24.579,6381.929,6413.331,6437.91,295.0,238.0,261.0,318.0,False,HARD,23.0,True,Red Bull Racing,6351.805,2026-07-26 13:55:02.147,1,2.0,False,,False,True
6523.57,VER,3,85.724,38.0,2.0,,,29.892,31.331,24.501,6467.802,6499.133,6523.634,296.0,240.0,261.0,319.0,False,HARD,24.0,True,Red Bull Racing,6437.846,2026-07-26 13:56:28.188,1,2.0,False,,False,True
6609.282,VER,3,85.712,39.0,2.0,,,29.937,31.289,24.486,6553.571,6584.86,6609.346,295.0,240.0,261.0,317.0,False,HARD,25.0,True,Red Bull Racing,6523.57,2026-07-26 13:57:53.912,12,2.0,False,,False,True
6694.912,VER,3,85.63,40.0,2.0,,,30.047,31.183,24.4,6639.393,6670.576,6694.976,283.0,240.0,261.0,317.0,False,HARD,26.0,True,Red Bull Racing,6609.282,2026-07-26 13:59:19.624,1,1.0,False,,False,True
6783.326,VER,3,88.414,41.0,2.0,,6781.577,30.085,31.206,27.123,6725.061,6756.267,6783.39,295.0,241.0,,317.0,False,HARD,27.0,True,Red Bull Racing,6694.912,2026-07-26 14:00:45.254,1,2.0,False,,False,False
6886.429,VER,3,103.103,42.0,3.0,6803.593,,48.142,31.153,23.808,6831.532,6862.685,6886.493,289.0,236.0,264.0,317.0,False,SOFT,4.0,False,Red Bull Racing,6783.326,2026-07-26 14:02:13.668,1,5.0,False,,False,False
6970.802,VER,3,84.373,43.0,3.0,,,29.659,30.859,23.855,6916.152,6947.011,6970.866,289.0,242.0,264.0,322.0,True,SOFT,5.0,False,Red Bull Racing,6886.429,2026-07-26 14:03:56.771,1,5.0,False,,False,True
7055.316,VER,3,84.514,44.0,3.0,,,29.543,30.973,23.998,7000.409,7031.382,7055.38,289.0,242.0,264.0,318.0,False,SOFT,6.0,False,Red Bull Racing,6970.802,2026-07-26 14:05:21.144,1,5.0,False,,False,True
7139.286,VER,3,83.97,45.0,3.0,,,29.499,30.574,23.897,7084.879,7115.453,7139.35,293.0,240.0,263.0,321.0,True,SOFT,7.0,False,Red Bull Racing,7055.316,2026-07-26 14:06:45.658,1,5.0,False,,False,True
7223.38,VER,3,84.094,46.0,3.0,,,29.468,30.623,24.003,7168.818,7199.441,7223.444,290.0,243.0,262.0,319.0,False,SOFT,8.0,False,Red Bull Racing,7139.286,2026-07-26 14:08:09.628,1,5.0,False,,False,True
7307.302,VER,3,83.922,47.0,3.0,,,29.461,30.549,23.912,7252.905,7283.454,7307.366,293.0,241.0,264.0,321.0,True,SOFT,9.0,False,Red Bull Racing,7223.38,2026-07-26 14:09:33.722,1,5.0,False,,False,True
7391.085,VER,3,83.783,48.0,3.0,,,29.461,30.517,23.805,,7367.344,7391.149,293.0,244.0,262.0,322.0,True,SOFT,10.0,False,Red Bull Racing,7307.302,2026-07-26 14:10:57.644,1,5.0,False,,False,True
7475.063,VER,3,83.978,49.0,3.0,,,29.459,30.426,24.093,7420.608,7451.034,7475.127,297.0,244.0,262.0,319.0,False,SOFT,11.0,False,Red Bull Racing,7391.085,2026-07-26 14:12:21.427,1,5.0,False,,False,True
7558.951,VER,3,83.888,50.0,3.0,,,29.413,30.464,24.011,7504.54,7535.004,7559.015,296.0,244.0,260.0,322.0,False,SOFT,12.0,False,Red Bull Racing,7475.063,2026-07-26 14:13:45.405,12,5.0,False,,False,True
7642.811,VER,3,83.86,51.0,3.0,,,29.391,30.527,23.942,7588.406,7618.933,7642.875,295.0,245.0,263.0,318.0,False,SOFT,13.0,False,Red Bull Racing,7558.951,2026-07-26 14:15:09.293,1,5.0,False,,False,True
7726.736,VER,3,83.925,52.0,3.0,,,29.492,30.392,24.041,7672.367,7702.759,7726.8,296.0,244.0,262.0,320.0,False,SOFT,14.0,False,Red Bull Racing,7642.811,2026-07-26 14:16:33.153,1,5.0,False,,False,True
7810.661,VER,3,83.925,53.0,3.0,,,29.423,30.466,24.036,7756.223,7786.689,7810.725,299.0,242.0,264.0,320.0,False,SOFT,15.0,False,Red Bull Racing,7726.736,2026-07-26 14:17:57.078,1,5.0,False,,False,True
7894.615,VER,3,83.954,54.0,3.0,,,29.332,30.541,24.081,7840.057,7870.598,7894.679,300.0,244.0,264.0,320.0,False,SOFT,16.0,False,Red Bull Racing,7810.661,2026-07-26 14:19:21.003,1,4.0,False,,False,True
7978.499,VER,3,83.884,55.0,3.0,,,29.424,30.444,24.016,7924.103,7954.547,7978.563,300.0,243.0,266.0,325.0,False,SOFT,17.0,False,Red Bull Racing,7894.615,2026-07-26 14:20:44.957,1,4.0,False,,False,True
8075.967,VER,3,97.468,56.0,3.0,,,29.795,36.281,31.392,8008.358,8044.639,8076.031,297.0,216.0,191.0,325.0,False,SOFT,18.0,False,Red Bull Racing,7978.499,2026-07-26 14:22:08.841,126,3.0,False,,False,False
8170.435,VER,3,94.468,57.0,3.0,,,39.803,30.861,23.804,8115.834,8146.695,8170.499,211.0,247.0,264.0,265.0,False,SOFT,19.0,False,Red Bull Racing,8075.967,2026-07-26 14:23:46.309,671,2.0,False,,False,False
8254.087,VER,3,83.652,58.0,3.0,,,29.227,30.489,23.936,8199.726,8230.215,8254.151,302.0,246.0,265.0,325.0,True,SOFT,20.0,False,Red Bull Racing,8170.435,2026-07-26 14:25:20.777,1,2.0,False,,False,True
8337.57,VER,3,83.483,59.0,3.0,,,29.425,30.261,23.797,8283.576,8313.837,8337.634,301.0,246.0,266.0,325.0,True,SOFT,21.0,False,Red Bull Racing,8254.087,2026-07-26 14:26:44.429,1,2.0,False,,False,True
8421.565,VER,3,83.995,60.0,3.0,,,29.331,30.482,24.182,8366.965,8397.447,8421.629,302.0,245.0,267.0,321.0,False,SOFT,22.0,False,Red Bull Racing,8337.57,2026-07-26 14:28:07.912,1,2.0,False,,False,True
8505.638,VER,3,84.073,61.0,3.0,,,29.337,30.653,24.083,8450.966,8481.619,8505.702,304.0,243.0,265.0,335.0,False,SOFT,23.0,False,Red Bull Racing,8421.565,2026-07-26 14:29:31.907,1,2.0,False,,False,True
8589.9,VER,3,84.262,62.0,3.0,,,29.162,30.631,24.469,8534.864,8565.495,8589.964,301.0,245.0,265.0,325.0,False,SOFT,24.0,False,Red Bull Racing,8505.638,2026-07-26 14:30:55.980,1,2.0,False,,False,True
8673.966,VER,3,84.066,63.0,3.0,,,29.729,30.318,24.019,8619.693,8650.011,8674.03,302.0,247.0,263.0,329.0,False,SOFT,25.0,False,Red Bull Racing,8589.9,2026-07-26 14:32:20.242,1,2.0,False,,False,True
8757.553,VER,3,83.587,64.0,3.0,,,29.476,30.192,23.919,8703.506,8733.698,8757.617,298.0,249.0,266.0,319.0,False,SOFT,26.0,False,Red Bull Racing,8673.966,2026-07-26 14:33:44.308,1,2.0,False,,False,True
8840.998,VER,3,83.445,65.0,3.0,,,29.267,30.186,23.992,8786.884,8817.07,8841.062,295.0,246.0,264.0,322.0,True,SOFT,27.0,False,Red Bull Racing,8757.553,2026-07-26 14:35:07.895,1,2.0,False,,False,True
8924.431,VER,3,83.433,66.0,3.0,,,29.159,30.429,23.845,8870.221,8900.65,8924.495,299.0,246.0,265.0,322.0,True,SOFT,28.0,False,Red Bull Racing,8840.998,2026-07-26 14:36:31.340,1,2.0,False,,False,True
9008.098,VER,3,83.667,67.0,3.0,,,29.398,30.36,23.909,8953.893,8984.253,9008.162,299.0,248.0,266.0,318.0,False,SOFT,29.0,False,Red Bull Racing,8924.431,2026-07-26 14:37:54.773,1,2.0,False,,False,True
9091.575,VER,3,83.477,68.0,3.0,,,29.296,30.263,23.918,9037.458,9067.721,9091.639,298.0,247.0,266.0,323.0,False,SOFT,30.0,False,Red Bull Racing,9008.098,2026-07-26 14:39:18.440,1,2.0,False,,False,True
9175.284,VER,3,83.709,69.0,3.0,,,29.285,30.337,24.087,9120.924,9151.261,9175.348,303.0,246.0,266.0,323.0,False,SOFT,31.0,False,Red Bull Racing,9091.575,2026-07-26 14:40:41.917,1,2.0,False,,False,True
9259.504,VER,3,84.22,70.0,3.0,,,29.425,30.537,24.258,9204.773,9235.31,9259.568,300.0,245.0,259.0,324.0,False,SOFT,32.0,False,Red Bull Racing,9175.284,2026-07-26 14:42:05.626,1,2.0,False,,False,True
3343.253,LAW,30,95.009,1.0,1.0,,,,33.708,25.085,,3318.383,3343.477,248.0,239.0,261.0,279.0,False,MEDIUM,1.0,True,Racing Bulls,3248.019,2026-07-26 13:03:18.361,1,8.0,False,,False,False
3430.416,LAW,30,87.163,2.0,1.0,,,30.366,32.052,24.745,3373.688,3405.74,3430.485,271.0,236.0,258.0,321.0,True,MEDIUM,2.0,True,Racing Bulls,3343.253,2026-07-26 13:04:53.595,1,8.0,False,,False,True
3516.796,LAW,30,86.38,3.0,1.0,,,29.932,31.652,24.796,3460.417,3492.069,3516.865,281.0,238.0,261.0,323.0,True,MEDIUM,3.0,True,Racing Bulls,3430.416,2026-07-26 13:06:20.758,1,8.0,False,,False,True
3603.401,LAW,30,86.605,4.0,1.0,,,30.002,31.846,24.757,3546.867,3578.713,3603.47,283.0,236.0,257.0,320.0,False,MEDIUM,4.0,True,Racing Bulls,3516.796,2026-07-26 13:07:47.138,1,8.0,False,,False,True
3690.14,LAW,30,86.739,5.0,1.0,,,30.207,31.648,24.884,3633.677,3665.325,3690.209,284.0,239.0,257.0,320.0,False,MEDIUM,5.0,True,Racing Bulls,3603.401,2026-07-26 13:09:13.743,1,8.0,False,,False,True
3776.96,LAW,30,86.82,6.0,1.0,,,30.184,31.824,24.812,3720.393,3752.217,3777.029,282.0,235.0,258.0,318.0,False,MEDIUM,6.0,True,Racing Bulls,3690.14,2026-07-26 13:10:40.482,1,8.0,False,,False,True
3863.801,LAW,30,86.841,7.0,1.0,,,30.231,31.834,24.776,3807.26,3839.094,3863.87,283.0,236.0,259.0,320.0,False,MEDIUM,7.0,True,Racing Bulls,3776.96,2026-07-26 13:12:07.302,1,8.0,False,,False,True
3950.409,LAW,30,86.608,8.0,1.0,,,30.067,31.709,24.832,3893.937,3925.646,3950.478,292.0,235.0,259.0,317.0,False,MEDIUM,8.0,True,Racing Bulls,3863.801,2026-07-26 13:13:34.143,1,8.0,False,,False,True
4037.021,LAW,30,86.612,9.0,1.0,,,30.022,31.734,24.856,3980.5,4012.234,4037.09,289.0,235.0,258.0,320.0,False,MEDIUM,9.0,True,Racing Bulls,3950.409,2026-07-26 13:15:00.751,1,8.0,False,,False,True
4123.96,LAW,30,86.939,10.0,1.0,,,30.191,31.852,24.896,4067.281,4099.133,4124.029,286.0,235.0,258.0,318.0,False,MEDIUM,10.0,True,Racing Bulls,4037.021,2026-07-26 13:16:27.363,1,8.0,False,,False,True
4210.821,LAW,30,86.861,11.0,1.0,,,30.168,31.672,25.021,4154.197,4185.869,4210.89,284.0,235.0,257.0,319.0,False,MEDIUM,11.0,True,Racing Bulls,4123.96,2026-07-26 13:17:54.302,1,8.0,False,,False,True
4297.916,LAW,30,87.095,12.0,1.0,,,30.334,31.827,24.934,4241.224,4273.051,4297.985,285.0,235.0,257.0,317.0,False,MEDIUM,12.0,True,Racing Bulls,4210.821,2026-07-26 13:19:21.163,1,8.0,False,,False,True
4384.834,LAW,30,86.918,13.0,1.0,,,30.213,31.774,24.931,4328.198,4359.972,4384.903,288.0,236.0,258.0,318.0,False,MEDIUM,13.0,True,Racing Bulls,4297.916,2026-07-26 13:20:48.258,1,8.0,False,,False,True
4471.945,LAW,30,87.111,14.0,1.0,,,30.014,31.979,25.118,4414.917,4446.896,4472.014,284.0,236.0,256.0,317.0,False,MEDIUM,14.0,True,Racing Bulls,4384.834,2026-07-26 13:22:15.176,1,7.0,False,,False,True
4559.485,LAW,30,87.54,15.0,1.0,,,30.149,32.171,25.22,4502.163,4534.334,4559.554,284.0,230.0,259.0,319.0,False,MEDIUM,15.0,True,Racing Bulls,4471.945,2026-07-26 13:23:42.287,1,7.0,False,,False,True
4648.33,LAW,30,88.845,16.0,1.0,,,31.239,32.504,25.102,4590.793,4623.297,4648.399,276.0,231.0,259.0,323.0,False,MEDIUM,16.0,True,Racing Bulls,4559.485,2026-07-26 13:25:09.827,1,8.0,False,,False,True
4736.236,LAW,30,87.906,17.0,1.0,,,30.245,32.201,25.46,4678.644,4710.845,4736.305,283.0,235.0,257.0,321.0,False,MEDIUM,17.0,True,Racing Bulls,4648.33,2026-07-26 13:26:38.672,1,8.0,False,,False,True
4823.937,LAW,30,87.701,18.0,1.0,,,30.293,32.156,25.252,4766.598,4798.754,4824.006,284.0,235.0,257.0,324.0,False,MEDIUM,18.0,True,Racing Bulls,4736.236,2026-07-26 13:28:06.578,1,8.0,False,,False,True
4911.496,LAW,30,87.559,19.0,1.0,,,30.376,32.094,25.089,4854.382,4886.476,4911.565,283.0,234.0,257.0,319.0,False,MEDIUM,19.0,True,Racing Bulls,4823.937,2026-07-26 13:29:34.279,1,8.0,False,,False,True
4999.179,LAW,30,87.683,20.0,1.0,,,30.206,32.161,25.316,4941.771,4973.932,4999.248,287.0,235.0,256.0,319.0,False,MEDIUM,20.0,True,Racing Bulls,4911.496,2026-07-26 13:31:01.838,1,7.0,False,,False,True
5089.857,LAW,30,90.678,21.0,1.0,,5088.315,30.908,32.413,27.357,5030.156,5062.569,5089.926,275.0,236.0,,319.0,False,MEDIUM,21.0,True,Racing Bulls,4999.179,2026-07-26 13:32:29.521,1,8.0,False,,False,False
5195.444,LAW,30,105.587,22.0,2.0,5110.516,,49.025,32.089,24.473,5138.951,5171.04,5195.513,278.0,236.0,260.0,319.0,False,HARD,1.0,True,Racing Bulls,5089.857,2026-07-26 13:34:00.199,1,11.0,False,,False,False
5281.788,LAW,30,86.344,23.0,2.0,,,29.753,31.982,24.609,5225.266,5257.248,5281.857,281.0,235.0,260.0,321.0,True,HARD,2.0,True,Racing Bulls,5195.444,2026-07-26 13:35:45.786,1,11.0,False,,False,True
5367.502,LAW,30,85.714,24.0,2.0,,,29.691,31.535,24.488,5311.548,5343.083,5367.571,286.0,237.0,261.0,333.0,True,HARD,3.0,True,Racing Bulls,5281.788,2026-07-26 13:37:12.130,1,10.0,False,,False,True
5453.651,LAW,30,86.149,25.0,2.0,,,29.75,31.721,24.678,5397.321,5429.042,5453.72,285.0,236.0,260.0,320.0,False,HARD,4.0,True,Racing Bulls,5367.502,2026-07-26 13:38:37.844,1,10.0,False,,False,True
5539.498,LAW,30,85.847,26.0,2.0,,,29.799,31.462,24.586,5483.519,5514.981,5539.567,287.0,237.0,260.0,316.0,False,HARD,5.0,True,Racing Bulls,5453.651,2026-07-26 13:40:03.993,1,10.0,False,,False,True
5625.588,LAW,30,86.09,27.0,2.0,,,29.791,31.706,24.593,5569.358,5601.064,5625.657,285.0,237.0,261.0,320.0,False,HARD,6.0,True,Racing Bulls,5539.498,2026-07-26 13:41:29.840,1,10.0,False,,False,True
5713.388,LAW,30,87.8,28.0,2.0,,,30.562,32.295,24.943,5656.219,5688.514,5713.457,278.0,235.0,261.0,321.0,False,HARD,7.0,True,Racing Bulls,5625.588,2026-07-26 13:42:55.930,1,10.0,False,,False,True
5799.909,LAW,30,86.521,29.0,2.0,,,29.83,31.863,24.828,5743.287,5775.15,5799.978,286.0,238.0,260.0,322.0,False,HARD,8.0,True,Racing Bulls,5713.388,2026-07-26 13:44:23.730,1,9.0,False,,False,True
5886.283,LAW,30,86.374,30.0,2.0,,,30.02,31.724,24.63,5829.998,5861.722,5886.352,284.0,238.0,260.0,320.0,False,HARD,9.0,True,Racing Bulls,5799.909,2026-07-26 13:45:50.251,1,9.0,False,,False,True
5972.373,LAW,30,86.09,31.0,2.0,,,29.791,31.565,24.734,5916.143,5947.708,5972.442,291.0,235.0,261.0,320.0,False,HARD,10.0,True,Racing Bulls,5886.283,2026-07-26 13:47:16.625,1,9.0,False,,False,True
6058.473,LAW,30,86.1,32.0,2.0,,,29.827,31.577,24.696,6002.269,6033.846,6058.542,288.0,238.0,259.0,319.0,False,HARD,11.0,True,Racing Bulls,5972.373,2026-07-26 13:48:42.715,1,9.0,False,,False,True
6144.74,LAW,30,86.267,33.0,2.0,,,29.97,31.598,24.699,6088.512,6120.11,6144.809,288.0,236.0,259.0,318.0,False,HARD,12.0,True,Racing Bulls,6058.473,2026-07-26 13:50:08.815,1,9.0,False,,False,True
6230.853,LAW,30,86.113,34.0,2.0,,,29.739,31.691,24.683,6174.548,6206.239,6230.922,290.0,236.0,259.0,319.0,False,HARD,13.0,True,Racing Bulls,6144.74,2026-07-26 13:51:35.082,1,9.0,False,,False,True
6317.126,LAW,30,86.273,35.0,2.0,,,29.925,31.668,24.68,6260.847,6292.515,6317.195,286.0,237.0,259.0,319.0,False,HARD,14.0,True,Racing Bulls,6230.853,2026-07-26 13:53:01.195,1,9.0,False,,False,True
6403.332,LAW,30,86.206,36.0,2.0,,,29.926,31.568,24.712,6347.121,6378.689,6403.401,289.0,235.0,260.0,319.0,False,HARD,15.0,True,Racing Bulls,6317.126,2026-07-26 13:54:27.468,1,9.0,False,,False,True
6489.298,LAW,30,85.966,37.0,2.0,,,29.798,31.541,24.627,6433.199,6464.74,6489.367,289.0,237.0,260.0,319.0,False,HARD,16.0,True,Racing Bulls,6403.332,2026-07-26 13:55:53.674,1,9.0,False,,False,True
6575.751,LAW,30,86.453,38.0,2.0,,,29.885,31.74,24.828,6519.252,6550.992,6575.82,288.0,236.0,259.0,319.0,False,HARD,17.0,True,Racing Bulls,6489.298,2026-07-26 13:57:19.640,12,9.0,False,,False,True
6662.211,LAW,30,86.46,39.0,2.0,,,29.958,31.69,24.812,6605.778,6637.468,6662.28,289.0,237.0,260.0,320.0,False,HARD,18.0,True,Racing Bulls,6575.751,2026-07-26 13:58:46.093,1,9.0,False,,False,True
6748.885,LAW,30,86.674,40.0,2.0,,,30.106,31.712,24.856,6692.386,6724.098,6748.954,291.0,236.0,259.0,321.0,False,HARD,19.0,True,Racing Bulls,6662.211,2026-07-26 14:00:12.553,1,9.0,False,,False,True
6835.414,LAW,30,86.529,41.0,2.0,,,29.858,31.781,24.89,6778.812,6810.593,6835.483,288.0,236.0,260.0,321.0,False,HARD,20.0,True,Racing Bulls,6748.885,2026-07-26 14:01:39.227,1,9.0,False,,False,True
6924.059,LAW,30,88.645,42.0,2.0,,6922.408,30.098,31.685,26.862,6865.581,6897.266,6924.128,280.0,243.0,,322.0,False,HARD,21.0,True,Racing Bulls,6835.414,2026-07-26 14:03:05.756,1,9.0,False,,False,False
7027.556,LAW,30,103.497,43.0,3.0,6944.092,,48.166,31.215,24.116,6972.294,7003.509,7027.625,277.0,240.0,262.0,322.0,False,SOFT,1.0,True,Racing Bulls,6924.059,2026-07-26 14:04:34.401,1,11.0,False,,False,False
7112.411,LAW,30,84.855,44.0,3.0,,,29.57,31.051,24.234,7057.195,7088.246,7112.48,291.0,240.0,263.0,320.0,True,SOFT,2.0,True,Racing Bulls,7027.556,2026-07-26 14:06:17.898,1,11.0,False,,False,True
7197.434,LAW,30,85.023,45.0,3.0,,,29.399,31.223,24.401,7141.879,7173.102,7197.503,290.0,240.0,262.0,317.0,False,SOFT,3.0,True,Racing Bulls,7112.411,2026-07-26 14:07:42.753,1,11.0,False,,False,True
7282.961,LAW,30,85.527,46.0,3.0,,,29.458,31.312,24.757,7226.961,7258.273,7283.03,289.0,239.0,261.0,322.0,False,SOFT,4.0,True,Racing Bulls,7197.434,2026-07-26 14:09:07.776,1,11.0,False,,False,True
7368.237,LAW,30,85.276,47.0,3.0,,,29.675,31.265,24.336,7312.705,7343.97,7368.306,284.0,240.0,263.0,321.0,False,SOFT,5.0,True,Racing Bulls,7282.961,2026-07-26 14:10:33.303,1,11.0,False,,False,True
7453.402,LAW,30,85.165,48.0,3.0,,,29.545,31.197,24.423,7397.851,7429.048,7453.471,290.0,239.0,263.0,321.0,False,SOFT,6.0,True,Racing Bulls,7368.237,2026-07-26 14:11:58.579,1,11.0,False,,False,True
7538.611,LAW,30,85.209,49.0,3.0,,,29.51,31.225,24.474,7482.981,7514.206,7538.68,290.0,238.0,263.0,322.0,False,SOFT,7.0,True,Racing Bulls,7453.402,2026-07-26 14:13:23.744,12,11.0,False,,False,True
7623.677,LAW,30,85.066,50.0,3.0,,,29.42,31.148,24.498,7568.1,7599.248,7623.746,294.0,237.0,261.0,322.0,False,SOFT,8.0,True,Racing Bulls,7538.611,2026-07-26 14:14:48.953,1,11.0,False,,False,True
7711.09,LAW,30,87.413,51.0,3.0,,,29.554,33.223,24.636,7653.3,7686.523,7711.159,290.0,240.0,263.0,322.0,False,SOFT,9.0,True,Racing Bulls,7623.677,2026-07-26 14:16:14.019,1,11.0,False,,False,True
7796.131,LAW,30,85.041,52.0,3.0,,,29.473,31.173,24.395,7740.632,7771.805,7796.2,295.0,240.0,264.0,324.0,False,SOFT,10.0,True,Racing Bulls,7711.09,2026-07-26 14:17:41.432,1,11.0,False,,False,True
7882.247,LAW,30,86.116,53.0,3.0,,,30.364,31.165,24.587,7826.564,7857.729,7882.316,293.0,241.0,262.0,324.0,False,SOFT,11.0,True,Racing Bulls,7796.131,2026-07-26 14:19:06.473,1,11.0,False,,False,True
7967.417,LAW,30,85.17,54.0,3.0,,,29.56,31.111,24.499,7911.876,7942.987,7967.486,296.0,241.0,264.0,324.0,False,SOFT,12.0,True,Racing Bulls,7882.247,2026-07-26 14:20:32.589,1,11.0,False,,False,True
8061.583,LAW,30,94.166,55.0,3.0,,,29.682,32.098,32.386,7997.168,8029.266,8061.652,296.0,122.0,212.0,326.0,False,SOFT,13.0,True,Racing Bulls,7967.417,2026-07-26 14:21:57.759,126,11.0,False,,False,False
8160.093,LAW,30,98.51,56.0,3.0,,,42.08,32.158,24.272,8103.732,8135.89,8160.162,255.0,247.0,263.0,222.0,False,SOFT,14.0,True,Racing Bulls,8061.583,2026-07-26 14:23:31.925,671,10.0,False,,False,False
8245.104,LAW,30,85.011,57.0,3.0,,,29.71,30.994,24.307,8189.872,8220.866,8245.173,294.0,242.0,263.0,324.0,False,SOFT,15.0,True,Racing Bulls,8160.093,2026-07-26 14:25:10.435,1,10.0,False,,False,True
8330.641,LAW,30,85.537,58.0,3.0,,,29.366,31.595,24.576,8274.539,8306.134,8330.71,297.0,240.0,262.0,330.0,False,SOFT,16.0,True,Racing Bulls,8245.104,2026-07-26 14:26:35.446,1,10.0,False,,False,True
8416.596,LAW,30,85.955,59.0,3.0,,,29.269,31.1,25.586,8359.979,8391.079,8416.665,295.0,238.0,263.0,339.0,False,SOFT,17.0,True,Racing Bulls,8330.641,2026-07-26 14:28:00.983,1,9.0,False,,False,True
8502.035,LAW,30,85.439,60.0,3.0,,,29.612,31.135,24.692,8446.277,8477.412,8502.104,297.0,243.0,260.0,329.0,False,SOFT,18.0,True,Racing Bulls,8416.596,2026-07-26 14:29:26.938,1,9.0,False,,False,True
8589.213,LAW,30,87.178,61.0,3.0,,,30.122,32.184,24.872,8532.226,8564.41,8589.282,270.0,241.0,255.0,332.0,False,SOFT,19.0,True,Racing Bulls,8502.035,2026-07-26 14:30:52.377,1,9.0,False,,False,True
8676.609,LAW,30,87.396,62.0,3.0,,,29.587,32.251,25.558,8618.869,8651.12,8676.678,290.0,242.0,263.0,333.0,False,SOFT,20.0,True,Racing Bulls,8589.213,2026-07-26 14:32:19.555,1,8.0,False,,False,True
8762.031,LAW,30,85.422,63.0,3.0,,,30.243,30.931,24.248,8706.921,8737.852,8762.1,281.0,245.0,265.0,322.0,False,SOFT,21.0,True,Racing Bulls,8676.609,2026-07-26 14:33:46.951,1,8.0,False,,False,True
8845.931,LAW,30,83.9,64.0,3.0,,,29.303,30.343,24.254,8791.403,8821.746,8846.0,290.0,245.0,264.0,322.0,True,SOFT,22.0,True,Racing Bulls,8762.031,2026-07-26 14:35:12.373,1,8.0,False,,False,True
8932.86,LAW,30,86.929,65.0,3.0,,,29.137,33.301,24.491,8875.137,8908.438,8932.929,297.0,241.0,264.0,322.0,False,SOFT,23.0,True,Racing Bulls,8845.931,2026-07-26 14:36:36.273,1,8.0,False,,False,True
9017.269,LAW,30,84.409,66.0,3.0,,,29.337,30.75,24.322,8962.266,8993.016,9017.338,300.0,244.0,264.0,325.0,False,SOFT,24.0,True,Racing Bulls,8932.86,2026-07-26 14:38:03.202,1,8.0,False,,False,True
9103.339,LAW,30,86.07,67.0,3.0,,,29.275,31.113,25.682,9046.613,9077.726,9103.408,298.0,198.0,262.0,324.0,False,SOFT,25.0,True,Racing Bulls,9017.269,2026-07-26 14:39:27.611,1,8.0,False,,False,True
9187.784,LAW,30,84.445,68.0,3.0,,,29.373,30.692,24.38,9132.781,9163.473,9187.853,301.0,244.0,264.0,331.0,False,SOFT,26.0,True,Racing Bulls,9103.339,2026-07-26 14:40:53.681,1,8.0,False,,False,True
9272.457,LAW,30,84.673,69.0,3.0,,,29.542,30.783,24.348,9217.395,9248.178,9272.526,303.0,241.0,258.0,325.0,False,SOFT,27.0,True,Racing Bulls,9187.784,2026-07-26 14:42:18.126,1,8.0,False,,False,True
3345.115,OCO,31,96.871,1.0,1.0,,,,34.07,25.224,,3320.102,3345.196,231.0,232.0,260.0,287.0,False,MEDIUM,1.0,True,Haas F1 Team,3248.019,2026-07-26 13:03:18.361,1,12.0,False,,False,False
3433.811,OCO,31,88.696,2.0,1.0,,,30.477,32.909,25.31,3375.615,3408.524,3433.834,262.0,235.0,258.0,330.0,True,MEDIUM,2.0,True,Haas F1 Team,3345.115,2026-07-26 13:04:55.457,1,12.0,False,,False,True
3521.3,OCO,31,87.489,3.0,1.0,,,30.043,32.363,25.083,3463.877,3496.24,3521.323,279.0,233.0,258.0,330.0,True,MEDIUM,3.0,True,Haas F1 Team,3433.811,2026-07-26 13:06:24.153,1,12.0,False,,False,True
3608.949,OCO,31,87.649,4.0,1.0,,,30.235,32.253,25.161,3551.558,3583.811,3608.972,279.0,233.0,256.0,328.0,False,MEDIUM,4.0,True,Haas F1 Team,3521.3,2026-07-26 13:07:51.642,1,12.0,False,,False,True
3696.442,OCO,31,87.493,5.0,1.0,,,30.282,32.109,25.102,3639.254,3671.363,3696.465,278.0,237.0,258.0,326.0,False,MEDIUM,5.0,True,Haas F1 Team,3608.949,2026-07-26 13:09:19.291,1,12.0,False,,False,True
3784.122,OCO,31,87.68,6.0,1.0,,,30.404,32.18,25.096,3726.869,3759.049,3784.145,278.0,235.0,258.0,319.0,False,MEDIUM,6.0,True,Haas F1 Team,3696.442,2026-07-26 13:10:46.784,1,12.0,False,,False,True
3871.806,OCO,31,87.684,7.0,1.0,,,30.461,32.148,25.075,3814.606,3846.754,3871.829,284.0,234.0,256.0,320.0,False,MEDIUM,7.0,True,Haas F1 Team,3784.122,2026-07-26 13:12:14.464,1,12.0,False,,False,True
3959.73,OCO,31,87.924,8.0,1.0,,,30.54,32.262,25.122,3902.369,3934.631,3959.753,280.0,233.0,257.0,318.0,False,MEDIUM,8.0,True,Haas F1 Team,3871.806,2026-07-26 13:13:42.148,1,12.0,False,,False,True
4048.449,OCO,31,88.719,9.0,1.0,,,31.08,32.489,25.15,3990.833,4023.322,4048.472,274.0,234.0,254.0,318.0,False,MEDIUM,9.0,True,Haas F1 Team,3959.73,2026-07-26 13:15:10.072,1,13.0,False,,False,True
4136.255,OCO,31,87.806,10.0,1.0,,,30.629,32.139,25.038,4079.101,4111.24,4136.278,282.0,232.0,257.0,318.0,False,MEDIUM,10.0,True,Haas F1 Team,4048.449,2026-07-26 13:16:38.791,1,13.0,False,,False,True
4224.449,OCO,31,88.194,11.0,1.0,,,30.55,32.379,25.265,4166.828,4199.207,4224.472,283.0,229.0,255.0,318.0,False,MEDIUM,11.0,True,Haas F1 Team,4136.255,2026-07-26 13:18:06.597,1,13.0,False,,False,True
4313.134,OCO,31,88.685,12.0,1.0,,,30.807,32.59,25.288,4255.279,4287.869,4313.157,251.0,235.0,254.0,316.0,False,MEDIUM,12.0,True,Haas F1 Team,4224.449,2026-07-26 13:19:34.791,1,13.0,False,,False,True
4401.445,OCO,31,88.311,13.0,1.0,,,30.663,32.398,25.25,4343.82,4376.218,4401.468,282.0,233.0,256.0,316.0,False,MEDIUM,13.0,True,Haas F1 Team,4313.134,2026-07-26 13:21:03.476,1,13.0,False,,False,True
4491.207,OCO,31,89.762,14.0,1.0,,,30.678,33.629,25.455,4432.146,4465.775,4491.23,281.0,231.0,256.0,316.0,False,MEDIUM,14.0,True,Haas F1 Team,4401.445,2026-07-26 13:22:31.787,1,14.0,False,,False,True
4579.4,OCO,31,88.193,15.0,1.0,,,30.594,32.368,25.231,4521.824,4554.192,4579.423,282.0,234.0,257.0,326.0,False,MEDIUM,15.0,True,Haas F1 Team,4491.207,2026-07-26 13:24:01.549,1,14.0,False,,False,True
4667.693,OCO,31,88.293,16.0,1.0,,,30.656,32.423,25.214,4610.079,4642.502,4667.716,281.0,233.0,256.0,318.0,False,MEDIUM,16.0,True,Haas F1 Team,4579.4,2026-07-26 13:25:29.742,1,14.0,False,,False,True
4758.651,OCO,31,90.958,17.0,1.0,,4756.999,30.558,32.409,27.991,4698.274,4730.683,4758.674,283.0,230.0,,317.0,False,MEDIUM,17.0,True,Haas F1 Team,4667.693,2026-07-26 13:26:58.035,1,14.0,False,,False,False
4865.613,OCO,31,106.962,18.0,2.0,4779.474,,50.059,32.2,24.703,4808.733,4840.933,4865.636,287.0,236.0,259.0,317.0,False,HARD,1.0,True,Haas F1 Team,4758.651,2026-07-26 13:28:28.993,1,20.0,False,,False,False
4952.575,OCO,31,86.962,19.0,2.0,,,29.967,32.204,24.791,4895.603,4927.807,4952.598,284.0,236.0,259.0,318.0,True,HARD,2.0,True,Haas F1 Team,4865.613,2026-07-26 13:30:15.955,1,19.0,False,,False,True
5039.544,OCO,31,86.969,20.0,2.0,,,30.083,32.099,24.787,4982.681,5014.78,5039.567,284.0,237.0,259.0,320.0,False,HARD,3.0,True,Haas F1 Team,4952.575,2026-07-26 13:31:42.917,1,19.0,False,,False,True
5126.949,OCO,31,87.405,21.0,2.0,,,30.28,32.182,24.943,5069.847,5102.029,5126.972,281.0,236.0,258.0,320.0,False,HARD,4.0,True,Haas F1 Team,5039.544,2026-07-26 13:33:09.886,1,19.0,False,,False,True
5214.03,OCO,31,87.081,22.0,2.0,,,30.187,32.021,24.873,5157.159,5189.18,5214.053,283.0,236.0,259.0,320.0,False,HARD,5.0,True,Haas F1 Team,5126.949,2026-07-26 13:34:37.291,1,19.0,False,,False,True
5301.458,OCO,31,87.428,23.0,2.0,,,30.144,32.24,25.044,5244.197,5276.437,5301.481,286.0,238.0,259.0,321.0,False,HARD,6.0,True,Haas F1 Team,5214.03,2026-07-26 13:36:04.372,1,18.0,False,,False,True
5389.171,OCO,31,87.713,24.0,2.0,,,30.082,32.387,25.244,5331.563,5363.95,5389.194,283.0,235.0,257.0,329.0,False,HARD,7.0,True,Haas F1 Team,5301.458,2026-07-26 13:37:31.800,1,18.0,False,,False,True
5477.86,OCO,31,88.689,25.0,2.0,,,30.279,32.972,25.438,5419.473,5452.445,5477.883,281.0,235.0,261.0,330.0,False,HARD,8.0,True,Haas F1 Team,5389.171,2026-07-26 13:38:59.513,1,18.0,False,,False,True
5566.944,OCO,31,89.084,26.0,2.0,,,30.481,33.263,25.34,5508.364,5541.627,5566.967,260.0,232.0,259.0,336.0,False,HARD,9.0,True,Haas F1 Team,5477.86,2026-07-26 13:40:28.202,1,17.0,False,,False,True
5654.056,OCO,31,87.112,27.0,2.0,,,30.215,31.973,24.924,5597.182,5629.155,5654.079,281.0,236.0,260.0,326.0,False,HARD,10.0,True,Haas F1 Team,5566.944,2026-07-26 13:41:57.286,1,17.0,False,,False,True
5741.611,OCO,31,87.555,28.0,2.0,,,30.348,32.193,25.014,5684.427,5716.62,5741.634,284.0,234.0,260.0,320.0,False,HARD,11.0,True,Haas F1 Team,5654.056,2026-07-26 13:43:24.398,1,17.0,False,,False,True
5828.668,OCO,31,87.057,29.0,2.0,,,30.138,32.02,24.899,5771.772,5803.792,5828.691,285.0,237.0,260.0,322.0,False,HARD,12.0,True,Haas F1 Team,5741.611,2026-07-26 13:44:51.953,1,17.0,False,,False,True
5916.029,OCO,31,87.361,30.0,2.0,,,30.24,31.922,25.199,5858.931,5890.853,5916.052,284.0,237.0,258.0,321.0,False,HARD,13.0,True,Haas F1 Team,5828.668,2026-07-26 13:46:19.010,1,17.0,False,,False,True
6003.637,OCO,31,87.608,31.0,2.0,,,30.264,32.364,24.98,5946.316,5978.68,6003.66,283.0,235.0,260.0,321.0,False,HARD,14.0,True,Haas F1 Team,5916.029,2026-07-26 13:47:46.371,1,17.0,False,,False,True
6090.974,OCO,31,87.337,32.0,2.0,,,30.205,32.228,24.904,6033.865,6066.093,6090.997,282.0,236.0,259.0,321.0,False,HARD,15.0,True,Haas F1 Team,6003.637,2026-07-26 13:49:13.979,1,17.0,False,,False,True
6179.272,OCO,31,88.298,33.0,2.0,,,30.193,33.159,24.946,6121.19,6154.349,6179.295,280.0,236.0,259.0,320.0,False,HARD,16.0,True,Haas F1 Team,6090.974,2026-07-26 13:50:41.316,1,17.0,False,,False,True
6268.117,OCO,31,88.845,34.0,2.0,,,30.303,33.553,24.989,6209.598,6243.151,6268.14,283.0,235.0,259.0,321.0,False,HARD,17.0,True,Haas F1 Team,6179.272,2026-07-26 13:52:09.614,1,17.0,False,,False,True
6357.905,OCO,31,89.788,35.0,2.0,,6356.186,30.261,32.095,27.432,6298.401,6330.496,6357.928,285.0,236.0,,322.0,False,HARD,18.0,True,Haas F1 Team,6268.117,2026-07-26 13:53:38.459,1,16.0,False,,False,False
6466.291,OCO,31,108.386,36.0,3.0,6378.633,,49.577,34.229,24.58,6407.505,6441.734,6466.314,272.0,238.0,262.0,322.0,False,HARD,1.0,True,Haas F1 Team,6357.905,2026-07-26 13:55:08.247,1,20.0,False,,False,False
6553.173,OCO,31,86.882,37.0,3.0,,,29.951,32.306,24.625,6496.265,6528.571,6553.196,279.0,237.0,260.0,332.0,True,HARD,2.0,True,Haas F1 Team,6466.291,2026-07-26 13:56:56.633,1,20.0,False,,False,True
6640.464,OCO,31,87.291,38.0,3.0,,,30.291,31.887,25.113,6583.487,6615.374,6640.487,283.0,239.0,260.0,322.0,False,HARD,3.0,True,Haas F1 Team,6553.173,2026-07-26 13:58:23.515,12,20.0,False,,False,True
6727.654,OCO,31,87.19,39.0,3.0,,,30.347,32.099,24.744,6670.834,6702.933,6727.677,276.0,240.0,260.0,340.0,False,HARD,4.0,True,Haas F1 Team,6640.464,2026-07-26 13:59:50.806,1,19.0,False,,False,True
6815.427,OCO,31,87.773,40.0,3.0,,,30.304,32.59,24.879,6757.981,6790.571,6815.45,273.0,233.0,259.0,334.0,False,HARD,5.0,True,Haas F1 Team,6727.654,2026-07-26 14:01:17.996,1,19.0,False,,False,True
6902.889,OCO,31,87.462,41.0,3.0,,,31.034,31.801,24.627,6846.484,6878.285,6902.912,281.0,240.0,261.0,273.0,False,HARD,6.0,True,Haas F1 Team,6815.427,2026-07-26 14:02:45.769,1,18.0,False,,False,True
6989.234,OCO,31,86.345,42.0,3.0,,,30.041,31.809,24.495,6932.953,6964.762,6989.257,283.0,238.0,262.0,321.0,True,HARD,7.0,True,Haas F1 Team,6902.889,2026-07-26 14:04:13.231,1,18.0,False,,False,True
7075.353,OCO,31,86.119,43.0,3.0,,,29.951,31.718,24.45,7019.208,7050.926,7075.376,285.0,239.0,262.0,321.0,True,HARD,8.0,True,Haas F1 Team,6989.234,2026-07-26 14:05:39.576,1,18.0,False,,False,True
7161.318,OCO,31,85.965,44.0,3.0,,,29.759,31.729,24.477,7105.135,7136.864,7161.341,286.0,238.0,261.0,319.0,True,HARD,9.0,True,Haas F1 Team,7075.353,2026-07-26 14:07:05.695,1,17.0,False,,False,True
7247.565,OCO,31,86.247,45.0,3.0,,,29.876,31.735,24.636,7191.217,7222.952,7247.588,282.0,236.0,260.0,319.0,False,HARD,10.0,True,Haas F1 Team,7161.318,2026-07-26 14:08:31.660,1,17.0,False,,False,True
7333.765,OCO,31,86.2,46.0,3.0,,,30.058,31.692,24.45,7277.646,7309.338,7333.788,287.0,237.0,262.0,319.0,False,HARD,11.0,True,Haas F1 Team,7247.565,2026-07-26 14:09:57.907,1,17.0,False,,False,True
7420.096,OCO,31,86.331,47.0,3.0,,,30.011,31.608,24.712,7363.799,7395.407,7420.119,287.0,240.0,261.0,319.0,False,HARD,12.0,True,Haas F1 Team,7333.765,2026-07-26 14:11:24.107,1,17.0,False,,False,True
7506.7,OCO,31,86.604,48.0,3.0,,,30.149,31.649,24.806,7450.268,7481.917,7506.723,286.0,237.0,260.0,319.0,False,HARD,13.0,True,Haas F1 Team,7420.096,2026-07-26 14:12:50.438,1,17.0,False,,False,True
7595.034,OCO,31,88.334,49.0,3.0,,,31.201,32.545,24.588,7537.924,7570.469,7595.057,226.0,238.0,260.0,319.0,False,HARD,14.0,True,Haas F1 Team,7506.7,2026-07-26 14:14:17.042,12,17.0,False,,False,True
7681.076,OCO,31,86.042,50.0,3.0,,,29.905,31.53,24.607,7624.962,7656.492,7681.099,293.0,237.0,261.0,321.0,False,HARD,15.0,True,Haas F1 Team,7595.034,2026-07-26 14:15:45.376,1,17.0,False,,False,True
7767.224,OCO,31,86.148,51.0,3.0,,,29.924,31.625,24.599,7711.023,7742.648,7767.247,286.0,237.0,261.0,320.0,False,HARD,16.0,True,Haas F1 Team,7681.076,2026-07-26 14:17:11.418,1,17.0,False,,False,True
7853.44,OCO,31,86.216,52.0,3.0,,,29.844,31.761,24.611,7797.091,7828.852,7853.463,283.0,238.0,260.0,320.0,False,HARD,17.0,True,Haas F1 Team,7767.224,2026-07-26 14:18:37.566,1,17.0,False,,False,True
7940.097,OCO,31,86.657,53.0,3.0,,,30.141,31.653,24.863,7883.604,7915.257,7940.12,287.0,237.0,261.0,320.0,False,HARD,18.0,True,Haas F1 Team,7853.44,2026-07-26 14:20:03.782,1,17.0,False,,False,True
8026.609,OCO,31,86.512,54.0,3.0,,,30.094,31.669,24.749,7970.214,8001.883,8026.632,286.0,239.0,259.0,320.0,False,HARD,19.0,True,Haas F1 Team,7940.097,2026-07-26 14:21:30.439,126,17.0,False,,False,False
8133.541,OCO,31,106.932,55.0,3.0,,,46.284,34.798,25.85,8072.916,8107.714,8133.564,234.0,211.0,259.0,132.0,False,HARD,20.0,True,Haas F1 Team,8026.609,2026-07-26 14:22:56.951,671,17.0,False,,False,False
8221.434,OCO,31,87.893,56.0,3.0,,,30.997,32.243,24.653,8164.561,8196.804,8221.457,212.0,238.0,261.0,319.0,False,HARD,21.0,True,Haas F1 Team,8133.541,2026-07-26 14:24:43.883,1,16.0,False,,False,True
8307.446,OCO,31,86.012,57.0,3.0,,,29.79,31.723,24.499,8251.247,8282.97,8307.469,288.0,237.0,262.0,320.0,False,HARD,22.0,True,Haas F1 Team,8221.434,2026-07-26 14:26:11.776,1,16.0,False,,False,True
8393.528,OCO,31,86.082,58.0,3.0,,,29.724,31.698,24.66,8337.193,8368.891,8393.551,287.0,236.0,262.0,320.0,False,HARD,23.0,True,Haas F1 Team,8307.446,2026-07-26 14:27:37.788,1,16.0,False,,False,True
8479.856,OCO,31,86.328,59.0,3.0,,,29.937,31.834,24.557,8423.488,8455.322,8479.879,291.0,237.0,261.0,320.0,False,HARD,24.0,True,Haas F1 Team,8393.528,2026-07-26 14:29:03.870,1,16.0,False,,False,True
8566.248,OCO,31,86.392,60.0,3.0,,,29.934,31.72,24.738,8509.813,8541.533,8566.271,291.0,237.0,261.0,319.0,False,HARD,25.0,True,Haas F1 Team,8479.856,2026-07-26 14:30:30.198,1,16.0,False,,False,True
8652.502,OCO,31,86.254,61.0,3.0,,,29.971,31.571,24.712,8596.242,8627.813,8652.525,287.0,237.0,261.0,319.0,False,HARD,26.0,True,Haas F1 Team,8566.248,2026-07-26 14:31:56.590,1,16.0,False,,False,True
8738.391,OCO,31,85.889,62.0,3.0,,,29.801,31.595,24.493,8682.326,8713.921,8738.414,284.0,238.0,261.0,319.0,True,HARD,27.0,True,Haas F1 Team,8652.502,2026-07-26 14:33:22.844,1,16.0,False,,False,True
8824.531,OCO,31,86.14,63.0,3.0,,,30.053,31.504,24.583,8768.467,8799.971,8824.554,283.0,240.0,260.0,318.0,False,HARD,28.0,True,Haas F1 Team,8738.391,2026-07-26 14:34:48.733,1,16.0,False,,False,True
8910.596,OCO,31,86.065,64.0,3.0,,,29.912,31.549,24.604,8854.466,8886.015,8910.619,285.0,239.0,261.0,319.0,False,HARD,29.0,True,Haas F1 Team,8824.531,2026-07-26 14:36:14.873,1,16.0,False,,False,True
8998.512,OCO,31,87.916,65.0,3.0,,,31.665,31.647,24.604,8942.284,8973.931,8998.535,291.0,238.0,261.0,257.0,False,HARD,30.0,True,Haas F1 Team,8910.596,2026-07-26 14:37:40.938,1,16.0,False,,False,True
9084.682,OCO,31,86.17,66.0,3.0,,,30.024,31.629,24.517,9028.559,9060.188,9084.705,287.0,239.0,262.0,321.0,False,HARD,31.0,True,Haas F1 Team,8998.512,2026-07-26 14:39:08.854,1,16.0,False,,False,True
9170.876,OCO,31,86.194,67.0,3.0,,,29.966,31.551,24.677,9114.671,9146.222,9170.899,287.0,238.0,261.0,320.0,False,HARD,32.0,True,Haas F1 Team,9084.682,2026-07-26 14:40:35.024,1,16.0,False,,False,True
9257.283,OCO,31,86.407,68.0,3.0,,,29.946,31.562,24.899,9200.845,9232.407,9257.306,291.0,239.0,255.0,321.0,False,HARD,33.0,True,Haas F1 Team,9170.876,2026-07-26 14:42:01.218,1,16.0,False,,False,True
3343.627,LIN,41,95.383,1.0,1.0,,,,33.794,25.083,,3318.68,3343.852,261.0,238.0,260.0,277.0,False,MEDIUM,1.0,True,Racing Bulls,3248.019,2026-07-26 13:03:18.361,1,9.0,False,,False,False
3431.712,LIN,41,88.085,2.0,1.0,,,30.603,32.691,24.791,3374.327,3407.018,3431.809,270.0,235.0,261.0,337.0,True,MEDIUM,2.0,True,Racing Bulls,3343.627,2026-07-26 13:04:53.969,1,9.0,False,,False,True
3518.713,LIN,41,87.001,3.0,1.0,,,30.143,32.013,24.845,3461.952,3493.965,3518.81,277.0,234.0,260.0,324.0,True,MEDIUM,3.0,True,Racing Bulls,3431.712,2026-07-26 13:06:22.054,1,9.0,False,,False,True
3605.953,LIN,41,87.24,4.0,1.0,,,30.482,31.935,24.823,3549.292,3581.227,3606.05,276.0,234.0,258.0,312.0,False,MEDIUM,4.0,True,Racing Bulls,3518.713,2026-07-26 13:07:49.055,1,9.0,False,,False,True
3692.775,LIN,41,86.822,5.0,1.0,,,30.206,31.767,24.849,3636.256,3668.023,3692.872,278.0,237.0,258.0,319.0,True,MEDIUM,5.0,True,Racing Bulls,3605.953,2026-07-26 13:09:16.295,1,9.0,False,,False,True
3779.605,LIN,41,86.83,6.0,1.0,,,30.242,31.799,24.789,3723.114,3754.913,3779.702,286.0,236.0,259.0,318.0,False,MEDIUM,6.0,True,Racing Bulls,3692.775,2026-07-26 13:10:43.117,1,9.0,False,,False,True
3866.507,LIN,41,86.902,7.0,1.0,,,30.198,31.876,24.828,3809.9,3841.776,3866.604,287.0,232.0,259.0,318.0,False,MEDIUM,7.0,True,Racing Bulls,3779.605,2026-07-26 13:12:09.947,1,9.0,False,,False,True
3953.255,LIN,41,86.748,8.0,1.0,,,30.079,31.839,24.83,3896.683,3928.522,3953.352,288.0,235.0,259.0,317.0,True,MEDIUM,8.0,True,Racing Bulls,3866.507,2026-07-26 13:13:36.849,1,9.0,False,,False,True
4040.299,LIN,41,87.044,9.0,1.0,,,30.263,31.866,24.915,3983.615,4015.481,4040.396,288.0,233.0,257.0,317.0,False,MEDIUM,9.0,True,Racing Bulls,3953.255,2026-07-26 13:15:03.597,1,9.0,False,,False,True
4127.39,LIN,41,87.091,10.0,1.0,,,30.415,31.809,24.867,4070.811,4102.62,4127.487,286.0,234.0,258.0,316.0,False,MEDIUM,10.0,True,Racing Bulls,4040.299,2026-07-26 13:16:30.641,1,9.0,False,,False,True
4214.446,LIN,41,87.056,11.0,1.0,,,30.314,31.864,24.878,4157.801,4189.665,4214.543,289.0,234.0,258.0,315.0,False,MEDIUM,11.0,True,Racing Bulls,4127.39,2026-07-26 13:17:57.732,1,9.0,False,,False,True
4301.871,LIN,41,87.425,12.0,1.0,,,30.403,32.048,24.974,4244.946,4276.994,4301.968,287.0,233.0,257.0,315.0,False,MEDIUM,12.0,True,Racing Bulls,4214.446,2026-07-26 13:19:24.788,1,9.0,False,,False,True
4389.139,LIN,41,87.268,13.0,1.0,,,30.306,32.07,24.892,4332.274,4364.344,4389.236,287.0,234.0,258.0,317.0,False,MEDIUM,13.0,True,Racing Bulls,4301.871,2026-07-26 13:20:52.213,1,9.0,False,,False,True
4477.263,LIN,41,88.124,14.0,1.0,,,30.291,32.753,25.08,4419.527,4452.28,4477.36,283.0,234.0,257.0,317.0,False,MEDIUM,14.0,True,Racing Bulls,4389.139,2026-07-26 13:22:19.481,1,9.0,False,,False,True
4564.757,LIN,41,87.494,15.0,1.0,,,30.448,32.016,25.03,4507.808,4539.824,4564.854,284.0,233.0,258.0,319.0,False,MEDIUM,15.0,True,Racing Bulls,4477.263,2026-07-26 13:23:47.605,1,9.0,False,,False,True
4652.263,LIN,41,87.506,16.0,1.0,,,30.281,32.156,25.069,4595.135,4627.291,4652.36,289.0,233.0,255.0,318.0,False,MEDIUM,16.0,True,Racing Bulls,4564.757,2026-07-26 13:25:15.099,1,9.0,False,,False,True
4740.023,LIN,41,87.76,17.0,1.0,,,30.557,32.056,25.147,4682.917,4714.973,4740.12,286.0,233.0,256.0,316.0,False,MEDIUM,17.0,True,Racing Bulls,4652.263,2026-07-26 13:26:42.605,1,9.0,True,TRACK LIMITS AT TURN 7 LAP 17 ,False,True
4828.511,LIN,41,88.488,18.0,1.0,,,30.987,32.4,25.101,4771.107,4803.507,4828.608,279.0,234.0,259.0,317.0,False,MEDIUM,18.0,True,Racing Bulls,4740.023,2026-07-26 13:28:10.365,1,10.0,False,,False,True
4915.876,LIN,41,87.365,19.0,1.0,,,30.309,32.111,24.945,4858.917,4891.028,4915.973,289.0,234.0,258.0,322.0,False,MEDIUM,19.0,True,Racing Bulls,4828.511,2026-07-26 13:29:38.853,1,10.0,False,,False,True
5005.31,LIN,41,89.434,20.0,1.0,,5003.614,30.334,31.796,27.304,4946.307,4978.103,5005.407,292.0,236.0,,320.0,False,MEDIUM,20.0,True,Racing Bulls,4915.876,2026-07-26 13:31:06.218,1,9.0,False,,False,False
5109.553,LIN,41,104.243,21.0,2.0,5025.061,,48.419,31.366,24.458,5053.826,5085.192,5109.65,290.0,239.0,263.0,320.0,False,HARD,1.0,True,Racing Bulls,5005.31,2026-07-26 13:32:35.652,1,12.0,False,,False,False
5196.394,LIN,41,86.841,22.0,2.0,,,30.055,32.05,24.736,5139.705,5171.755,5196.491,285.0,238.0,260.0,321.0,False,HARD,2.0,True,Racing Bulls,5109.553,2026-07-26 13:34:19.895,1,12.0,False,,False,True
5282.796,LIN,41,86.402,23.0,2.0,,,29.958,31.763,24.681,5226.449,5258.212,5282.893,288.0,236.0,261.0,324.0,True,HARD,3.0,True,Racing Bulls,5196.394,2026-07-26 13:35:46.736,1,12.0,False,,False,True
5370.259,LIN,41,87.463,24.0,2.0,,,29.875,32.596,24.992,5312.768,5345.364,5370.356,281.0,234.0,261.0,329.0,False,HARD,4.0,True,Racing Bulls,5282.796,2026-07-26 13:37:13.138,1,12.0,False,,False,True
5456.955,LIN,41,86.696,25.0,2.0,,,30.252,31.878,24.566,5400.608,5432.486,5457.052,277.0,236.0,260.0,338.0,False,HARD,5.0,True,Racing Bulls,5370.259,2026-07-26 13:38:40.601,1,11.0,False,,False,True
5543.325,LIN,41,86.37,26.0,2.0,,,30.035,31.672,24.663,5487.087,5518.759,5543.422,287.0,237.0,260.0,319.0,True,HARD,6.0,True,Racing Bulls,5456.955,2026-07-26 13:40:07.297,1,11.0,False,,False,True
5629.553,LIN,41,86.228,27.0,2.0,,,30.105,31.543,24.58,5573.527,5605.07,5629.65,284.0,238.0,261.0,322.0,True,HARD,7.0,True,Racing Bulls,5543.325,2026-07-26 13:41:33.667,1,11.0,False,,False,True
5715.959,LIN,41,86.406,28.0,2.0,,,29.951,31.606,24.849,5659.601,5691.207,5716.056,291.0,236.0,260.0,321.0,False,HARD,8.0,True,Racing Bulls,5629.553,2026-07-26 13:42:59.895,1,11.0,False,,False,True
5802.674,LIN,41,86.715,29.0,2.0,,,30.2,31.795,24.72,5746.256,5778.051,5802.771,286.0,236.0,261.0,322.0,False,HARD,9.0,True,Racing Bulls,5715.959,2026-07-26 13:44:26.301,1,11.0,False,,False,True
5889.289,LIN,41,86.615,30.0,2.0,,,30.193,31.763,24.659,5832.964,5864.727,5889.386,288.0,238.0,260.0,322.0,False,HARD,10.0,True,Racing Bulls,5802.674,2026-07-26 13:45:53.016,1,10.0,False,,False,True
5975.714,LIN,41,86.425,31.0,2.0,,,30.263,31.459,24.703,5919.649,5951.108,5975.811,290.0,240.0,260.0,319.0,False,HARD,11.0,True,Racing Bulls,5889.289,2026-07-26 13:47:19.631,1,10.0,False,,False,True
6061.96,LIN,41,86.246,32.0,2.0,,,30.068,31.536,24.642,6005.879,6037.415,6062.057,288.0,241.0,260.0,321.0,False,HARD,12.0,True,Racing Bulls,5975.714,2026-07-26 13:48:46.056,1,10.0,False,,False,True
6148.293,LIN,41,86.333,33.0,2.0,,,30.197,31.533,24.603,6092.254,6123.787,6148.39,290.0,239.0,260.0,317.0,False,HARD,13.0,True,Racing Bulls,6061.96,2026-07-26 13:50:12.302,1,10.0,False,,False,True
6234.555,LIN,41,86.262,34.0,2.0,,,30.156,31.49,24.616,6178.546,6210.036,6234.652,290.0,237.0,261.0,318.0,False,HARD,14.0,True,Racing Bulls,6148.293,2026-07-26 13:51:38.635,1,10.0,False,,False,True
6320.799,LIN,41,86.244,35.0,2.0,,,30.102,31.526,24.616,6264.754,6296.28,6320.896,290.0,238.0,261.0,322.0,False,HARD,15.0,True,Racing Bulls,6234.555,2026-07-26 13:53:04.897,1,10.0,False,,False,True
6407.052,LIN,41,86.253,36.0,2.0,,,30.056,31.582,24.615,6350.952,6382.534,6407.149,290.0,237.0,260.0,319.0,False,HARD,16.0,True,Racing Bulls,6320.799,2026-07-26 13:54:31.141,1,10.0,False,,False,True
6493.324,LIN,41,86.272,37.0,2.0,,,30.125,31.536,24.611,6437.274,6468.81,6493.421,291.0,236.0,261.0,318.0,False,HARD,17.0,True,Racing Bulls,6407.052,2026-07-26 13:55:57.394,1,10.0,False,,False,True
6579.729,LIN,41,86.405,38.0,2.0,,,30.08,31.693,24.632,6523.501,6555.194,6579.826,292.0,236.0,261.0,318.0,False,HARD,18.0,True,Racing Bulls,6493.324,2026-07-26 13:57:23.666,12,10.0,False,,False,True
6666.115,LIN,41,86.386,39.0,2.0,,,30.03,31.668,24.688,6609.856,6641.524,6666.212,293.0,236.0,260.0,320.0,False,HARD,19.0,True,Racing Bulls,6579.729,2026-07-26 13:58:50.071,1,10.0,False,,False,True
6752.757,LIN,41,86.642,40.0,2.0,,,30.208,31.823,24.611,6696.42,6728.243,6752.854,288.0,238.0,260.0,319.0,False,HARD,20.0,True,Racing Bulls,6666.115,2026-07-26 14:00:16.457,1,10.0,False,,False,True
6839.261,LIN,41,86.504,41.0,2.0,,,30.16,31.692,24.652,6783.014,6814.706,6839.358,290.0,236.0,262.0,322.0,False,HARD,21.0,True,Racing Bulls,6752.757,2026-07-26 14:01:43.099,1,10.0,False,,False,True
6925.957,LIN,41,86.696,42.0,2.0,,,30.21,31.723,24.763,6869.568,6901.291,6926.054,293.0,237.0,261.0,322.0,False,HARD,22.0,True,Racing Bulls,6839.261,2026-07-26 14:03:09.603,1,10.0,False,,False,True
7012.093,LIN,41,86.136,43.0,2.0,,,30.149,31.504,24.483,6956.203,6987.707,7012.19,289.0,239.0,262.0,320.0,True,HARD,23.0,True,Racing Bulls,6925.957,2026-07-26 14:04:36.299,1,9.0,False,,False,True
7098.275,LIN,41,86.182,44.0,2.0,,,30.152,31.605,24.425,7042.342,7073.947,7098.372,289.0,241.0,261.0,317.0,False,HARD,24.0,True,Racing Bulls,7012.093,2026-07-26 14:06:02.435,1,9.0,False,,False,True
7184.362,LIN,41,86.087,45.0,2.0,,,29.998,31.558,24.531,7128.37,7159.928,7184.459,293.0,241.0,262.0,320.0,True,HARD,25.0,True,Racing Bulls,7098.275,2026-07-26 14:07:28.617,1,9.0,False,,False,True
7270.658,LIN,41,86.296,46.0,2.0,,,30.199,31.574,24.523,7214.658,7246.232,7270.755,287.0,241.0,263.0,317.0,False,HARD,26.0,True,Racing Bulls,7184.362,2026-07-26 14:08:54.704,1,9.0,False,,False,True
7356.589,LIN,41,85.931,47.0,2.0,,,29.95,31.453,24.528,7300.705,7332.158,7356.686,295.0,240.0,261.0,321.0,True,HARD,27.0,True,Racing Bulls,7270.658,2026-07-26 14:10:21.000,1,9.0,False,,False,True
7442.59,LIN,41,86.001,48.0,2.0,,,29.991,31.381,24.629,7386.677,7418.058,7442.687,293.0,242.0,260.0,321.0,False,HARD,28.0,True,Racing Bulls,7356.589,2026-07-26 14:11:46.931,1,9.0,False,,False,True
7528.652,LIN,41,86.062,49.0,2.0,,,29.97,31.483,24.609,7472.657,7504.14,7528.749,298.0,241.0,261.0,320.0,False,HARD,29.0,True,Racing Bulls,7442.59,2026-07-26 14:13:12.932,12,9.0,False,,False,True
7614.989,LIN,41,86.337,50.0,2.0,,,30.16,31.493,24.684,7558.909,7590.402,7615.086,293.0,240.0,262.0,318.0,False,HARD,30.0,True,Racing Bulls,7528.652,2026-07-26 14:14:38.994,21,9.0,False,,False,True
7700.974,LIN,41,85.985,51.0,2.0,,,29.976,31.452,24.557,7645.062,7676.514,7701.071,291.0,241.0,262.0,322.0,False,HARD,31.0,True,Racing Bulls,7614.989,2026-07-26 14:16:05.331,1,9.0,False,,False,True
7787.21,LIN,41,86.236,52.0,2.0,,,30.091,31.584,24.561,7731.162,7762.746,7787.307,294.0,239.0,264.0,319.0,False,HARD,32.0,True,Racing Bulls,7700.974,2026-07-26 14:17:31.316,1,9.0,False,,False,True
7873.362,LIN,41,86.152,53.0,2.0,,,29.987,31.512,24.653,7817.294,7848.806,7873.459,296.0,243.0,261.0,322.0,False,HARD,33.0,True,Racing Bulls,7787.21,2026-07-26 14:18:57.552,1,9.0,False,,False,True
7959.68,LIN,41,86.318,54.0,2.0,,,30.051,31.617,24.65,7903.51,7935.127,7959.777,295.0,237.0,263.0,322.0,False,HARD,34.0,True,Racing Bulls,7873.362,2026-07-26 14:20:23.704,1,9.0,False,,False,True
8054.249,LIN,41,94.569,55.0,2.0,,,30.271,33.078,31.22,7990.048,8023.126,8054.346,296.0,237.0,175.0,323.0,False,HARD,35.0,True,Racing Bulls,7959.68,2026-07-26 14:21:50.022,126,9.0,False,,False,False
8155.098,LIN,41,100.849,56.0,2.0,,,42.265,33.908,24.676,8096.611,8130.519,8155.195,242.0,240.0,261.0,207.0,False,HARD,36.0,True,Racing Bulls,8054.249,2026-07-26 14:23:24.591,671,8.0,False,,False,False
8241.566,LIN,41,86.468,57.0,2.0,,,30.073,31.77,24.625,8185.268,8217.038,8241.663,291.0,242.0,263.0,321.0,False,HARD,37.0,True,Racing Bulls,8155.098,2026-07-26 14:25:05.440,1,8.0,False,,False,True
8327.871,LIN,41,86.305,58.0,2.0,,,30.067,31.625,24.613,8271.73,8303.355,8327.968,296.0,239.0,260.0,318.0,False,HARD,38.0,True,Racing Bulls,8241.566,2026-07-26 14:26:31.908,1,8.0,False,,False,True
8414.101,LIN,41,86.23,59.0,2.0,,,30.0,31.52,24.71,8357.968,8389.488,8414.198,295.0,240.0,262.0,321.0,False,HARD,39.0,True,Racing Bulls,8327.871,2026-07-26 14:27:58.213,1,8.0,False,,False,True
8501.513,LIN,41,87.412,60.0,2.0,,,30.517,32.285,24.61,8444.715,8477.0,8501.61,258.0,239.0,262.0,321.0,False,HARD,40.0,True,Racing Bulls,8414.101,2026-07-26 14:29:24.443,1,8.0,False,,False,True
8588.9,LIN,41,87.387,61.0,2.0,,,30.489,31.997,24.901,8532.099,8564.096,8588.997,290.0,242.0,260.0,323.0,False,HARD,41.0,True,Racing Bulls,8501.513,2026-07-26 14:30:51.855,1,8.0,False,,False,True
8677.599,LIN,41,88.699,62.0,2.0,,,30.867,32.718,25.114,8619.864,8652.582,8677.696,250.0,236.0,262.0,322.0,False,HARD,42.0,True,Racing Bulls,8588.9,2026-07-26 14:32:19.242,1,9.0,False,,False,True
8767.959,LIN,41,90.36,63.0,2.0,,,30.994,34.28,25.086,8708.69,8742.97,8768.056,253.0,238.0,262.0,334.0,False,HARD,43.0,True,Racing Bulls,8677.599,2026-07-26 14:33:47.941,1,10.0,False,,False,True
8856.049,LIN,41,88.09,64.0,2.0,,,30.319,32.876,24.895,8798.375,8831.251,8856.146,291.0,240.0,262.0,324.0,False,HARD,44.0,True,Racing Bulls,8767.959,2026-07-26 14:35:18.301,1,10.0,False,,False,True
8943.353,LIN,41,87.304,65.0,2.0,,,30.255,32.08,24.969,8886.401,8918.481,8943.45,295.0,240.0,261.0,325.0,False,HARD,45.0,True,Racing Bulls,8856.049,2026-07-26 14:36:46.391,1,10.0,False,,False,True
9030.833,LIN,41,87.48,66.0,2.0,,,30.365,32.111,25.004,8973.815,9005.926,9030.93,294.0,241.0,262.0,323.0,False,HARD,46.0,True,Racing Bulls,8943.353,2026-07-26 14:38:13.695,1,10.0,False,,False,True
9118.549,LIN,41,87.716,67.0,2.0,,,30.497,32.062,25.157,9061.427,9093.489,9118.646,295.0,235.0,260.0,322.0,False,HARD,47.0,True,Racing Bulls,9030.833,2026-07-26 14:39:41.175,1,10.0,False,,False,True
9206.638,LIN,41,88.089,68.0,2.0,,,30.446,32.385,25.258,9149.092,9181.477,9206.735,293.0,236.0,262.0,322.0,False,HARD,48.0,True,Racing Bulls,9118.549,2026-07-26 14:41:08.891,1,10.0,False,,False,True
9295.474,LIN,41,88.836,69.0,2.0,,,30.48,33.078,25.278,9237.215,9270.293,9295.571,284.0,238.0,259.0,322.0,False,HARD,49.0,True,Racing Bulls,9206.638,2026-07-26 14:42:36.980,1,10.0,False,,False,True
3345.952,COL,43,97.708,1.0,1.0,,,,35.293,25.112,,3321.071,3346.18,260.0,230.0,261.0,280.0,False,MEDIUM,1.0,True,Alpine,3248.019,2026-07-26 13:03:18.361,1,14.0,False,,False,False
3434.715,COL,43,88.763,2.0,1.0,,,30.568,32.969,25.226,3376.582,3409.551,3434.777,272.0,232.0,260.0,327.0,True,MEDIUM,2.0,True,Alpine,3345.952,2026-07-26 13:04:56.294,1,14.0,False,,False,True
3522.784,COL,43,88.069,3.0,1.0,,,30.345,32.695,25.029,3465.122,3497.817,3522.846,267.0,233.0,258.0,336.0,True,MEDIUM,3.0,True,Alpine,3434.715,2026-07-26 13:06:25.057,1,14.0,False,,False,True
3610.585,COL,43,87.801,4.0,1.0,,,30.268,32.552,24.981,3553.114,3585.666,3610.647,276.0,227.0,258.0,326.0,True,MEDIUM,4.0,True,Alpine,3522.784,2026-07-26 13:07:53.126,1,14.0,False,,False,True
3698.753,COL,43,88.168,5.0,1.0,,,30.458,32.42,25.29,3641.105,3673.525,3698.815,264.0,229.0,256.0,325.0,False,MEDIUM,5.0,True,Alpine,3610.585,2026-07-26 13:09:20.927,1,14.0,False,,False,True
3787.043,COL,43,88.29,6.0,1.0,,,30.874,32.491,24.925,3729.689,3762.18,3787.105,276.0,230.0,257.0,323.0,False,MEDIUM,6.0,True,Alpine,3698.753,2026-07-26 13:10:49.095,1,15.0,False,,False,True
3874.548,COL,43,87.505,7.0,1.0,,,30.259,32.239,25.007,3817.364,3849.603,3874.61,272.0,230.0,255.0,325.0,True,MEDIUM,7.0,True,Alpine,3787.043,2026-07-26 13:12:17.385,1,15.0,False,,False,True
3962.436,COL,43,87.888,8.0,1.0,,,30.446,32.256,25.186,3905.056,3937.312,3962.498,271.0,229.0,255.0,324.0,False,MEDIUM,8.0,True,Alpine,3874.548,2026-07-26 13:13:44.890,1,15.0,False,,False,True
4050.468,COL,43,88.032,9.0,1.0,,,30.29,32.589,25.153,3992.788,4025.377,4050.53,278.0,227.0,256.0,324.0,False,MEDIUM,9.0,True,Alpine,3962.436,2026-07-26 13:15:12.778,1,15.0,False,,False,True
4138.575,COL,43,88.107,10.0,1.0,,,30.586,32.329,25.192,4081.116,4113.445,4138.637,275.0,227.0,256.0,324.0,False,MEDIUM,10.0,True,Alpine,4050.468,2026-07-26 13:16:40.810,1,15.0,False,,False,True
4226.553,COL,43,87.978,11.0,1.0,,,30.355,32.336,25.287,4168.992,4201.328,4226.615,276.0,228.0,255.0,324.0,False,MEDIUM,11.0,True,Alpine,4138.575,2026-07-26 13:18:08.917,1,15.0,False,,False,True
4314.823,COL,43,88.27,12.0,1.0,,,30.431,32.517,25.322,4257.046,4289.563,4314.885,272.0,229.0,255.0,323.0,False,MEDIUM,12.0,True,Alpine,4226.553,2026-07-26 13:19:36.895,1,15.0,False,,False,True
4403.174,COL,43,88.351,13.0,1.0,,,30.424,32.544,25.383,4345.309,4377.853,4403.236,275.0,229.0,255.0,324.0,False,MEDIUM,13.0,True,Alpine,4314.823,2026-07-26 13:21:05.165,1,15.0,False,,False,True
4492.313,COL,43,89.139,14.0,1.0,,,30.403,33.145,25.591,4433.639,4466.784,4492.375,287.0,230.0,256.0,324.0,False,MEDIUM,14.0,True,Alpine,4403.174,2026-07-26 13:22:33.516,1,15.0,True,TRACK LIMITS AT TURN 4 LAP 14 ,False,True
4583.306,COL,43,90.993,15.0,1.0,,4581.668,30.591,32.576,27.826,4522.966,4555.542,4583.368,270.0,227.0,,324.0,False,MEDIUM,15.0,True,Alpine,4492.313,2026-07-26 13:24:02.655,1,16.0,False,,False,False
4690.518,COL,43,107.212,16.0,2.0,4604.636,,50.214,32.452,24.546,4633.582,4666.034,4690.58,276.0,227.0,260.0,324.0,False,HARD,1.0,True,Alpine,4583.306,2026-07-26 13:25:33.648,1,20.0,False,,False,False
4776.529,COL,43,86.011,17.0,2.0,,,29.752,31.794,24.465,4720.332,4752.126,4776.591,286.0,230.0,261.0,322.0,True,HARD,2.0,True,Alpine,4690.518,2026-07-26 13:27:20.860,1,20.0,False,,False,True
4863.088,COL,43,86.559,18.0,2.0,,,29.897,32.003,24.659,4806.488,4838.491,4863.15,278.0,232.0,259.0,325.0,False,HARD,3.0,True,Alpine,4776.529,2026-07-26 13:28:46.871,1,19.0,False,,False,True
4950.343,COL,43,87.255,19.0,2.0,,,30.094,32.306,24.855,4893.244,4925.55,4950.405,281.0,232.0,259.0,332.0,False,HARD,4.0,True,Alpine,4863.088,2026-07-26 13:30:13.430,1,18.0,False,,False,True
5037.588,COL,43,87.245,20.0,2.0,,,30.082,32.277,24.886,4980.487,5012.764,5037.65,273.0,230.0,258.0,332.0,False,HARD,5.0,True,Alpine,4950.343,2026-07-26 13:31:40.685,1,18.0,False,,False,True
5125.195,COL,43,87.607,21.0,2.0,,,30.127,32.503,24.977,5067.777,5100.28,5125.257,259.0,232.0,259.0,334.0,False,HARD,6.0,True,Alpine,5037.588,2026-07-26 13:33:07.930,1,18.0,False,,False,True
5212.298,COL,43,87.103,22.0,2.0,,,30.025,32.286,24.792,5155.282,5187.568,5212.36,265.0,229.0,260.0,334.0,False,HARD,7.0,True,Alpine,5125.195,2026-07-26 13:34:35.537,1,18.0,False,,False,True
5300.437,COL,43,88.139,23.0,2.0,,,30.448,32.401,25.29,5242.808,5275.209,5300.499,272.0,230.0,259.0,334.0,False,HARD,8.0,True,Alpine,5212.298,2026-07-26 13:36:02.640,1,17.0,False,,False,True
5388.532,COL,43,88.095,24.0,2.0,,,30.071,32.765,25.259,5330.57,5363.335,5388.594,275.0,229.0,259.0,335.0,False,HARD,9.0,True,Alpine,5300.437,2026-07-26 13:37:30.779,1,17.0,False,,False,True
5477.495,COL,43,88.963,25.0,2.0,,,30.225,33.276,25.462,5418.819,5452.095,5477.557,253.0,228.0,259.0,335.0,False,HARD,10.0,True,Alpine,5388.532,2026-07-26 13:38:58.874,1,17.0,False,,False,True
5564.591,COL,43,87.096,26.0,2.0,,,29.855,32.316,24.925,5507.412,5539.728,5564.653,285.0,229.0,259.0,340.0,False,HARD,11.0,True,Alpine,5477.495,2026-07-26 13:40:27.837,1,16.0,False,,False,True
5651.729,COL,43,87.138,27.0,2.0,,,29.915,32.2,25.023,5594.568,5626.768,5651.791,287.0,228.0,258.0,323.0,False,HARD,12.0,True,Alpine,5564.591,2026-07-26 13:41:54.933,1,16.0,False,,False,True
5739.953,COL,43,88.224,28.0,2.0,,,30.812,32.313,25.099,5682.603,5714.916,5740.015,281.0,227.0,259.0,322.0,False,HARD,13.0,True,Alpine,5651.729,2026-07-26 13:43:22.071,1,16.0,False,,False,True
5827.053,COL,43,87.1,29.0,2.0,,,30.022,31.996,25.082,5770.037,5802.033,5827.115,288.0,231.0,258.0,323.0,False,HARD,14.0,True,Alpine,5739.953,2026-07-26 13:44:50.295,1,16.0,False,,False,True
5914.4,COL,43,87.347,30.0,2.0,,,29.994,32.127,25.226,5857.109,5889.236,5914.462,290.0,231.0,257.0,322.0,False,HARD,15.0,True,Alpine,5827.053,2026-07-26 13:46:17.395,1,16.0,False,,False,True
6001.811,COL,43,87.411,31.0,2.0,,,30.08,32.255,25.076,5944.542,5976.797,6001.873,291.0,226.0,259.0,322.0,False,HARD,16.0,True,Alpine,5914.4,2026-07-26 13:47:44.742,1,16.0,False,,False,True
6088.903,COL,43,87.092,32.0,2.0,,,30.023,32.013,25.056,6031.896,6063.909,6088.965,275.0,232.0,258.0,322.0,False,HARD,17.0,True,Alpine,6001.811,2026-07-26 13:49:12.153,1,16.0,False,,False,True
6175.829,COL,43,86.926,33.0,2.0,,,29.968,31.901,25.057,6118.933,6150.834,6175.891,284.0,229.0,259.0,322.0,False,HARD,18.0,True,Alpine,6088.903,2026-07-26 13:50:39.245,1,16.0,False,,False,True
6264.765,COL,43,88.936,34.0,2.0,,,31.455,32.465,25.016,6207.346,6239.811,6264.827,274.0,231.0,259.0,323.0,False,HARD,19.0,True,Alpine,6175.829,2026-07-26 13:52:06.171,1,16.0,False,,False,True
6352.881,COL,43,88.116,35.0,2.0,,,29.984,31.904,26.228,6294.811,6326.715,6352.943,287.0,230.0,258.0,324.0,False,HARD,20.0,True,Alpine,6264.765,2026-07-26 13:53:35.107,1,15.0,False,,False,True
6440.297,COL,43,87.416,36.0,2.0,,,29.968,32.312,25.136,6382.911,6415.223,6440.359,281.0,231.0,258.0,333.0,False,HARD,21.0,True,Alpine,6352.881,2026-07-26 13:55:03.223,1,15.0,False,,False,True
6529.686,COL,43,89.389,37.0,2.0,,6528.014,30.035,32.021,27.333,6470.394,6502.415,6529.748,283.0,231.0,,324.0,False,HARD,22.0,True,Alpine,6440.297,2026-07-26 13:56:30.639,1,15.0,False,,False,False
6637.104,COL,43,107.418,38.0,3.0,6550.299,,50.111,32.587,24.72,6579.859,6612.446,6637.166,249.0,230.0,261.0,324.0,False,HARD,1.0,True,Alpine,6529.686,2026-07-26 13:58:00.028,12,17.0,False,,False,False
6722.036,COL,43,84.932,39.0,3.0,,,29.382,31.178,24.372,6666.548,6697.726,6722.098,287.0,233.0,263.0,324.0,True,HARD,2.0,True,Alpine,6637.104,2026-07-26 13:59:47.446,1,17.0,False,,False,True
6806.66,COL,43,84.624,40.0,3.0,,,29.256,30.91,24.458,6751.354,6782.264,6806.722,295.0,235.0,263.0,325.0,True,HARD,3.0,True,Alpine,6722.036,2026-07-26 14:01:12.378,1,17.0,False,,False,True
6892.324,COL,43,85.664,41.0,3.0,,,29.714,31.437,24.513,6836.436,6867.873,6892.386,283.0,235.0,261.0,342.0,False,HARD,4.0,True,Alpine,6806.66,2026-07-26 14:02:37.002,1,16.0,False,,False,True
6977.955,COL,43,85.631,42.0,3.0,,,29.692,31.416,24.523,6922.078,6953.494,6978.017,291.0,232.0,262.0,324.0,False,HARD,5.0,True,Alpine,6892.324,2026-07-26 14:04:02.666,1,16.0,False,,False,True
7064.155,COL,43,86.2,43.0,3.0,,,29.714,31.724,24.762,7007.731,7039.455,7064.217,300.0,235.0,261.0,324.0,False,HARD,6.0,True,Alpine,6977.955,2026-07-26 14:05:28.297,1,16.0,False,,False,True
7149.732,COL,43,85.577,44.0,3.0,,,29.504,31.389,24.684,7093.721,7125.11,7149.794,285.0,236.0,259.0,324.0,False,HARD,7.0,True,Alpine,7064.155,2026-07-26 14:06:54.497,1,16.0,False,,False,True
7235.692,COL,43,85.96,45.0,3.0,,,29.768,31.581,24.611,7179.562,7211.143,7235.754,285.0,233.0,260.0,323.0,False,HARD,8.0,True,Alpine,7149.732,2026-07-26 14:08:20.074,1,16.0,False,,False,True
7321.437,COL,43,85.745,46.0,3.0,,,29.727,31.383,24.635,7265.481,7296.864,7321.499,288.0,233.0,260.0,324.0,False,HARD,9.0,True,Alpine,7235.692,2026-07-26 14:09:46.034,1,16.0,False,,False,True
7407.433,COL,43,85.996,47.0,3.0,,,29.532,31.349,25.115,7351.031,7382.38,7407.495,296.0,232.0,256.0,323.0,False,HARD,10.0,True,Alpine,7321.437,2026-07-26 14:11:11.779,1,16.0,False,,False,True
7493.488,COL,43,86.055,48.0,3.0,,,29.675,31.473,24.907,7437.17,7468.643,7493.55,290.0,235.0,259.0,322.0,False,HARD,11.0,True,Alpine,7407.433,2026-07-26 14:12:37.775,1,16.0,False,,False,True
7579.771,COL,43,86.283,49.0,3.0,,,29.799,31.656,24.828,7523.349,7555.005,7579.833,291.0,233.0,259.0,324.0,False,HARD,12.0,True,Alpine,7493.488,2026-07-26 14:14:03.830,12,16.0,False,,False,True
7665.478,COL,43,85.707,50.0,3.0,,,29.551,31.229,24.927,7609.384,7640.613,7665.54,295.0,235.0,259.0,322.0,False,HARD,13.0,True,Alpine,7579.771,2026-07-26 14:15:30.113,1,16.0,False,,False,True
7751.222,COL,43,85.744,51.0,3.0,,,29.585,31.394,24.765,7695.125,7726.519,7751.284,289.0,234.0,262.0,323.0,False,HARD,14.0,True,Alpine,7665.478,2026-07-26 14:16:55.820,1,16.0,False,,False,True
7839.697,COL,43,88.475,52.0,3.0,,,31.597,31.926,24.952,7782.881,7814.807,7839.759,276.0,236.0,259.0,263.0,False,HARD,15.0,True,Alpine,7751.222,2026-07-26 14:18:21.564,1,16.0,False,,False,True
7925.809,COL,43,86.112,53.0,3.0,,,29.761,31.465,24.886,7869.52,7900.985,7925.871,285.0,233.0,259.0,325.0,False,HARD,16.0,True,Alpine,7839.697,2026-07-26 14:19:50.039,1,16.0,False,,False,True
8011.858,COL,43,86.049,54.0,3.0,,,29.684,31.466,24.899,7955.555,7987.021,8011.92,287.0,235.0,260.0,323.0,False,HARD,17.0,True,Alpine,7925.809,2026-07-26 14:21:16.151,12,16.0,False,,False,True
8117.876,COL,43,106.018,55.0,3.0,,,37.336,38.292,30.39,8049.256,8087.548,8117.938,214.0,199.0,245.0,323.0,False,HARD,18.0,True,Alpine,8011.858,2026-07-26 14:22:42.200,2671,16.0,False,,False,False
8205.595,COL,43,87.719,56.0,3.0,,,30.257,31.933,25.529,8148.195,8180.128,8205.657,287.0,204.0,260.0,318.0,False,HARD,19.0,True,Alpine,8117.876,2026-07-26 14:24:28.218,1,14.0,False,,False,True
8291.911,COL,43,86.316,57.0,3.0,,,29.765,31.909,24.642,8235.422,8267.331,8291.973,281.0,234.0,261.0,334.0,False,HARD,20.0,True,Alpine,8205.595,2026-07-26 14:25:55.937,1,14.0,False,,False,True
8377.695,COL,43,85.784,58.0,3.0,,,29.629,31.401,24.754,8321.602,8353.003,8377.757,288.0,236.0,261.0,324.0,False,HARD,21.0,True,Alpine,8291.911,2026-07-26 14:27:22.253,1,14.0,False,,False,True
8463.367,COL,43,85.672,59.0,3.0,,,29.631,31.482,24.559,8407.388,8438.87,8463.429,286.0,233.0,262.0,323.0,False,HARD,22.0,True,Alpine,8377.695,2026-07-26 14:28:48.037,1,14.0,False,,False,True
8551.871,COL,43,88.504,60.0,3.0,,,30.443,31.948,26.113,8493.872,8525.82,8551.933,280.0,212.0,259.0,323.0,False,HARD,23.0,True,Alpine,8463.367,2026-07-26 14:30:13.709,1,15.0,False,,False,True
8638.453,COL,43,86.582,61.0,3.0,,,29.819,31.666,25.097,8581.752,8613.418,8638.515,292.0,234.0,259.0,326.0,False,HARD,24.0,True,Alpine,8551.871,2026-07-26 14:31:42.213,1,15.0,False,,False,True
8724.703,COL,43,86.25,62.0,3.0,,,29.84,31.58,24.83,8668.355,8699.935,8724.765,290.0,235.0,260.0,324.0,False,HARD,25.0,True,Alpine,8638.453,2026-07-26 14:33:08.795,1,15.0,False,,False,True
8810.638,COL,43,85.935,63.0,3.0,,,29.613,31.43,24.892,8754.378,8785.808,8810.7,287.0,234.0,259.0,322.0,False,HARD,26.0,True,Alpine,8724.703,2026-07-26 14:34:35.045,1,15.0,False,,False,True
8896.949,COL,43,86.311,64.0,3.0,,,29.58,31.724,25.007,8840.28,8872.004,8897.011,294.0,235.0,259.0,323.0,False,HARD,27.0,True,Alpine,8810.638,2026-07-26 14:36:00.980,1,15.0,False,,False,True
8983.501,COL,43,86.552,65.0,3.0,,,29.711,31.858,24.983,8926.722,8958.58,8983.563,292.0,233.0,258.0,323.0,False,HARD,28.0,True,Alpine,8896.949,2026-07-26 14:37:27.291,1,15.0,False,,False,True
9070.942,COL,43,87.441,66.0,3.0,,,30.059,32.124,25.258,9013.622,9045.746,9071.004,298.0,235.0,254.0,323.0,False,HARD,29.0,True,Alpine,8983.501,2026-07-26 14:38:53.843,1,15.0,False,,False,True
9159.504,COL,43,88.562,67.0,3.0,,,30.773,32.422,25.367,9101.777,9134.199,9159.566,276.0,231.0,259.0,310.0,False,HARD,30.0,True,Alpine,9070.942,2026-07-26 14:40:21.284,1,15.0,False,,False,True
9248.3,COL,43,88.796,68.0,3.0,,,31.65,32.235,24.911,9191.216,9223.451,9248.362,275.0,235.0,259.0,323.0,False,HARD,31.0,True,Alpine,9159.504,2026-07-26 14:41:49.846,1,15.0,False,,False,True
3340.664,HAM,44,92.42,1.0,1.0,,,,32.879,24.176,,3316.68,3340.914,278.0,237.0,261.0,267.0,False,SOFT,1.0,True,Ferrari,3248.019,2026-07-26 13:03:18.361,1,4.0,False,,False,False
3426.575,HAM,44,85.911,2.0,1.0,,,29.979,31.586,24.346,3370.701,3402.287,3426.633,272.0,237.0,263.0,331.0,True,SOFT,2.0,True,Ferrari,3340.664,2026-07-26 13:04:51.006,1,4.0,False,,False,True
3512.173,HAM,44,85.598,3.0,1.0,,,29.665,31.611,24.322,3456.298,3487.909,3512.231,269.0,236.0,259.0,335.0,True,SOFT,3.0,True,Ferrari,3426.575,2026-07-26 13:06:16.917,1,4.0,False,,False,True
3597.789,HAM,44,85.616,4.0,1.0,,,29.63,31.671,24.315,3541.861,3573.532,3597.847,276.0,235.0,257.0,333.0,False,SOFT,4.0,True,Ferrari,3512.173,2026-07-26 13:07:42.515,1,4.0,False,,False,True
3683.595,HAM,44,85.806,5.0,1.0,,,30.201,31.21,24.395,3628.048,3659.258,3683.653,287.0,239.0,256.0,328.0,False,SOFT,5.0,True,Ferrari,3597.789,2026-07-26 13:09:08.131,1,4.0,False,,False,True
3768.823,HAM,44,85.228,6.0,1.0,,,29.77,31.167,24.291,3713.423,3744.59,3768.881,290.0,238.0,255.0,327.0,True,SOFT,6.0,True,Ferrari,3683.595,2026-07-26 13:10:33.937,1,4.0,False,,False,True
3854.297,HAM,44,85.474,7.0,1.0,,,29.689,31.36,24.425,3798.57,3829.93,3854.355,288.0,238.0,259.0,328.0,False,SOFT,7.0,True,Ferrari,3768.823,2026-07-26 13:11:59.165,1,4.0,False,,False,True
3939.666,HAM,44,85.369,8.0,1.0,,,29.706,31.322,24.341,3884.061,3915.383,3939.724,286.0,235.0,258.0,331.0,False,SOFT,8.0,True,Ferrari,3854.297,2026-07-26 13:13:24.639,1,4.0,False,,False,True
4025.576,HAM,44,85.91,9.0,1.0,,,29.603,31.748,24.559,3969.327,4001.075,4025.634,277.0,234.0,257.0,332.0,False,SOFT,9.0,True,Ferrari,3939.666,2026-07-26 13:14:50.008,1,4.0,False,,False,True
4110.977,HAM,44,85.401,10.0,1.0,,,29.764,31.288,24.349,4055.398,4086.686,4111.035,290.0,237.0,256.0,329.0,False,SOFT,10.0,True,Ferrari,4025.576,2026-07-26 13:16:15.918,1,4.0,False,,False,True
4196.709,HAM,44,85.732,11.0,1.0,,,29.798,31.467,24.467,4140.833,4172.3,4196.767,288.0,235.0,255.0,328.0,False,SOFT,11.0,True,Ferrari,4110.977,2026-07-26 13:17:41.319,1,4.0,False,,False,True
4282.512,HAM,44,85.803,12.0,1.0,,,29.762,31.519,24.522,4226.529,4258.048,4282.57,291.0,236.0,254.0,326.0,False,SOFT,12.0,True,Ferrari,4196.709,2026-07-26 13:19:07.051,1,4.0,False,,False,True
4371.152,HAM,44,88.64,13.0,1.0,,4369.517,29.943,31.405,27.292,4312.513,4343.918,4371.21,292.0,238.0,,325.0,False,SOFT,13.0,True,Ferrari,4282.512,2026-07-26 13:20:32.854,1,5.0,False,,False,False
4474.237,HAM,44,103.085,14.0,2.0,4391.201,,48.497,30.919,23.669,4419.707,4450.626,4474.295,276.0,241.0,259.0,325.0,False,HARD,1.0,True,Ferrari,4371.152,2026-07-26 13:22:01.494,1,8.0,False,,False,False
4559.174,HAM,44,84.937,15.0,2.0,,,29.404,30.879,24.654,4503.699,4534.578,4559.232,281.0,234.0,257.0,318.0,True,HARD,2.0,True,Ferrari,4474.237,2026-07-26 13:23:44.579,1,6.0,False,,False,True
4645.266,HAM,44,86.092,16.0,2.0,,,30.459,31.59,24.043,4589.691,4621.281,4645.324,290.0,237.0,259.0,320.0,False,HARD,3.0,True,Ferrari,4559.174,2026-07-26 13:25:09.516,1,7.0,False,,False,True
4730.33,HAM,44,85.064,17.0,2.0,,,29.41,31.337,24.317,4674.734,4706.071,4730.388,287.0,236.0,258.0,330.0,False,HARD,4.0,True,Ferrari,4645.266,2026-07-26 13:26:35.608,1,6.0,False,,False,True
4815.984,HAM,44,85.654,18.0,2.0,,,29.498,31.744,24.412,4759.886,4791.63,4816.042,291.0,235.0,259.0,330.0,False,HARD,5.0,True,Ferrari,4730.33,2026-07-26 13:28:00.672,1,6.0,False,,False,True
4902.368,HAM,44,86.384,19.0,2.0,,,29.935,31.906,24.543,4845.977,4877.883,4902.426,281.0,237.0,253.0,334.0,False,HARD,6.0,True,Ferrari,4815.984,2026-07-26 13:29:26.326,1,5.0,False,,False,True
4987.623,HAM,44,85.255,20.0,2.0,,,29.916,31.127,24.212,4932.342,4963.469,4987.681,284.0,237.0,258.0,320.0,False,HARD,7.0,True,Ferrari,4902.368,2026-07-26 13:30:52.710,1,5.0,False,,False,True
5072.83,HAM,44,85.207,21.0,2.0,,,29.669,31.191,24.347,5017.35,5048.541,5072.888,287.0,239.0,257.0,320.0,False,HARD,8.0,True,Ferrari,4987.623,2026-07-26 13:32:17.965,1,5.0,False,,False,True
5158.061,HAM,44,85.231,22.0,2.0,,,29.779,31.183,24.269,5102.667,5133.85,5158.119,286.0,237.0,255.0,321.0,False,HARD,9.0,True,Ferrari,5072.83,2026-07-26 13:33:43.172,1,5.0,False,,False,True
5243.636,HAM,44,85.575,23.0,2.0,,,29.844,31.22,24.511,5187.963,5219.183,5243.694,293.0,238.0,256.0,321.0,False,HARD,10.0,True,Ferrari,5158.061,2026-07-26 13:35:08.403,1,4.0,False,,False,True
5328.886,HAM,44,85.25,24.0,2.0,,,29.8,30.988,24.462,5273.494,5304.482,5328.944,287.0,238.0,258.0,320.0,False,HARD,11.0,True,Ferrari,5243.636,2026-07-26 13:36:33.978,1,4.0,False,,False,True
5414.039,HAM,44,85.153,25.0,2.0,,,29.768,31.034,24.351,5358.712,5389.746,5414.097,290.0,242.0,258.0,320.0,False,HARD,12.0,True,Ferrari,5328.886,2026-07-26 13:37:59.228,1,4.0,False,,False,True
5499.579,HAM,44,85.54,26.0,2.0,,,29.788,31.237,24.515,5443.885,5475.122,5499.637,284.0,238.0,256.0,320.0,False,HARD,13.0,True,Ferrari,5414.039,2026-07-26 13:39:24.381,1,4.0,False,,False,True
5585.505,HAM,44,85.926,27.0,2.0,,,30.057,31.311,24.558,5529.694,5561.005,5585.563,282.0,239.0,258.0,321.0,False,HARD,14.0,True,Ferrari,5499.579,2026-07-26 13:40:49.921,1,4.0,False,,False,True
5671.016,HAM,44,85.511,28.0,2.0,,,29.882,30.972,24.657,5615.445,5646.417,5671.074,292.0,239.0,256.0,321.0,False,HARD,15.0,True,Ferrari,5585.505,2026-07-26 13:42:15.847,1,4.0,False,,False,True
5756.635,HAM,44,85.619,29.0,2.0,,,29.884,31.149,24.586,5700.958,5732.107,5756.693,291.0,237.0,257.0,320.0,False,HARD,16.0,True,Ferrari,5671.016,2026-07-26 13:43:41.358,1,4.0,False,,False,True
5844.875,HAM,44,88.24,30.0,2.0,,5843.273,29.948,31.292,27.0,5786.641,5817.933,5844.933,289.0,238.0,,320.0,False,HARD,17.0,True,Ferrari,5756.635,2026-07-26 13:45:06.977,1,6.0,False,,False,False
5948.825,HAM,44,103.95,31.0,3.0,5864.957,,48.435,31.307,24.208,5893.368,5924.675,5948.883,287.0,241.0,259.0,320.0,False,HARD,1.0,True,Ferrari,5844.875,2026-07-26 13:46:35.217,1,7.0,False,,False,False
6032.496,HAM,44,83.671,32.0,3.0,,,29.197,30.498,23.976,5978.08,6008.578,6032.554,281.0,241.0,259.0,330.0,True,HARD,2.0,True,Ferrari,5948.825,2026-07-26 13:48:19.167,1,6.0,False,,False,True
6116.68,HAM,44,84.184,33.0,3.0,,,29.299,30.93,23.955,6061.853,6092.783,6116.738,281.0,240.0,261.0,318.0,False,HARD,3.0,True,Ferrari,6032.496,2026-07-26 13:49:42.838,1,6.0,False,,False,True
6200.904,HAM,44,84.224,34.0,3.0,,,29.359,30.807,24.058,6146.097,6176.904,6200.962,284.0,237.0,260.0,318.0,False,HARD,4.0,True,Ferrari,6116.68,2026-07-26 13:51:07.022,1,6.0,False,,False,True
6285.174,HAM,44,84.27,35.0,3.0,,,29.483,30.861,23.926,6230.445,6261.306,6285.232,295.0,241.0,259.0,324.0,False,HARD,5.0,True,Ferrari,6200.904,2026-07-26 13:52:31.246,1,6.0,False,,False,True
6369.413,HAM,44,84.239,36.0,3.0,,,29.392,30.744,24.103,6314.624,6345.368,6369.471,282.0,237.0,260.0,320.0,False,HARD,6.0,True,Ferrari,6285.174,2026-07-26 13:53:55.516,1,6.0,False,,False,True
6454.202,HAM,44,84.789,37.0,3.0,,,29.413,31.0,24.376,6398.884,6429.884,6454.26,285.0,238.0,259.0,320.0,False,HARD,7.0,True,Ferrari,6369.413,2026-07-26 13:55:19.755,1,5.0,False,,False,True
6539.887,HAM,44,85.685,38.0,3.0,,,29.58,31.966,24.139,6483.84,6515.806,6539.945,292.0,239.0,259.0,322.0,False,HARD,8.0,True,Ferrari,6454.202,2026-07-26 13:56:44.544,1,5.0,False,,False,True
6624.307,HAM,44,84.42,39.0,3.0,,,29.385,30.886,24.149,6569.33,6600.216,6624.365,290.0,240.0,258.0,322.0,False,HARD,9.0,True,Ferrari,6539.887,2026-07-26 13:58:10.229,12,5.0,False,,False,True
6708.924,HAM,44,84.617,40.0,3.0,,,29.527,31.022,24.068,6653.892,6684.914,6708.982,291.0,241.0,259.0,332.0,False,HARD,10.0,True,Ferrari,6624.307,2026-07-26 13:59:34.649,1,5.0,False,,False,True
6793.672,HAM,44,84.748,41.0,3.0,,,29.499,31.157,24.092,6738.481,6769.638,6793.73,292.0,238.0,258.0,322.0,False,HARD,11.0,True,Ferrari,6708.924,2026-07-26 14:00:59.266,1,5.0,False,,False,True
6878.415,HAM,44,84.743,42.0,3.0,,,29.568,31.075,24.1,6823.298,6854.373,6878.473,293.0,239.0,259.0,321.0,False,HARD,12.0,True,Ferrari,6793.672,2026-07-26 14:02:24.014,1,4.0,False,,False,True
6963.112,HAM,44,84.697,43.0,3.0,,,29.503,31.036,24.158,6907.976,6939.012,6963.17,289.0,239.0,260.0,320.0,False,HARD,13.0,True,Ferrari,6878.415,2026-07-26 14:03:48.757,1,4.0,False,,False,True
7047.557,HAM,44,84.445,44.0,3.0,,,29.475,30.854,24.116,6992.645,7023.499,7047.615,289.0,242.0,259.0,320.0,False,HARD,14.0,True,Ferrari,6963.112,2026-07-26 14:05:13.454,1,4.0,False,,False,True
7132.222,HAM,44,84.665,45.0,3.0,,,29.401,30.965,24.299,7077.016,7107.981,7132.28,290.0,238.0,258.0,320.0,False,HARD,15.0,True,Ferrari,7047.557,2026-07-26 14:06:37.899,1,4.0,False,,False,True
7216.758,HAM,44,84.536,46.0,3.0,,,29.418,30.896,24.222,7161.698,7192.594,7216.816,290.0,242.0,255.0,319.0,False,HARD,16.0,True,Ferrari,7132.222,2026-07-26 14:08:02.564,1,4.0,False,,False,True
7300.807,HAM,44,84.049,47.0,3.0,,,29.348,30.659,24.042,7246.164,7276.823,7300.865,292.0,241.0,257.0,319.0,False,HARD,17.0,True,Ferrari,7216.758,2026-07-26 14:09:27.100,1,4.0,False,,False,True
7385.211,HAM,44,84.404,48.0,3.0,,,29.442,30.718,24.244,7330.307,7361.025,7385.269,297.0,242.0,259.0,320.0,False,HARD,18.0,True,Ferrari,7300.807,2026-07-26 14:10:51.149,1,4.0,False,,False,True
7469.997,HAM,44,84.786,49.0,3.0,,,29.53,30.798,24.458,7414.799,7445.597,7470.055,296.0,242.0,259.0,321.0,False,HARD,19.0,True,Ferrari,7385.211,2026-07-26 14:12:15.553,1,4.0,False,,False,True
7554.308,HAM,44,84.311,50.0,3.0,,,29.276,30.611,24.424,7499.331,7529.942,7554.366,295.0,243.0,258.0,321.0,False,HARD,20.0,True,Ferrari,7469.997,2026-07-26 14:13:40.339,12,4.0,False,,False,True
7638.522,HAM,44,84.214,51.0,3.0,,,29.325,30.627,24.262,7583.691,7614.318,7638.58,297.0,243.0,260.0,320.0,False,HARD,21.0,True,Ferrari,7554.308,2026-07-26 14:15:04.650,1,4.0,False,,False,True
7722.929,HAM,44,84.407,52.0,3.0,,,29.455,30.673,24.279,7668.035,7698.708,7722.987,293.0,244.0,259.0,322.0,False,HARD,22.0,True,Ferrari,7638.522,2026-07-26 14:16:28.864,1,4.0,False,,False,True
7807.224,HAM,44,84.295,53.0,3.0,,,29.369,30.599,24.327,7752.356,7782.955,7807.282,294.0,236.0,258.0,321.0,False,HARD,23.0,True,Ferrari,7722.929,2026-07-26 14:17:53.271,1,4.0,False,,False,True
7891.814,HAM,44,84.59,54.0,3.0,,,29.372,30.814,24.404,7836.654,7867.468,7891.872,293.0,242.0,257.0,323.0,False,HARD,24.0,True,Ferrari,7807.224,2026-07-26 14:19:17.566,1,3.0,False,,False,True
7976.217,HAM,44,84.403,55.0,3.0,,,29.365,30.78,24.258,7921.237,7952.017,7976.275,297.0,241.0,262.0,323.0,False,HARD,25.0,True,Ferrari,7891.814,2026-07-26 14:20:42.156,1,3.0,False,,False,True
8072.525,HAM,44,96.308,56.0,3.0,,8070.879,29.638,36.659,30.011,8005.913,8042.572,8072.583,295.0,215.0,,323.0,False,HARD,26.0,True,Ferrari,7976.217,2026-07-26 14:22:06.559,126,2.0,False,,False,False
8179.047,HAM,44,106.522,57.0,4.0,8093.313,,53.035,30.393,23.094,8125.618,8156.011,8179.105,294.0,242.0,266.0,323.0,False,SOFT,4.0,False,Ferrari,8072.525,2026-07-26 14:23:42.867,671,3.0,False,,False,False
8263.508,HAM,44,84.461,58.0,4.0,,,30.528,30.444,23.489,8209.633,8240.077,8263.566,303.0,247.0,266.0,320.0,False,SOFT,5.0,False,Ferrari,8179.047,2026-07-26 14:25:29.389,1,4.0,False,,False,True
8345.808,HAM,44,82.3,59.0,4.0,,,28.569,30.215,23.516,8292.135,8322.35,8345.866,293.0,246.0,267.0,336.0,True,SOFT,6.0,False,Ferrari,8263.508,2026-07-26 14:26:53.850,1,4.0,False,,False,True
8429.64,HAM,44,83.832,60.0,4.0,,,29.523,30.575,23.734,8375.389,8405.964,8429.698,282.0,245.0,263.0,338.0,False,SOFT,7.0,False,Ferrari,8345.808,2026-07-26 14:28:16.150,1,4.0,False,,False,True
8512.728,HAM,44,83.088,61.0,4.0,,,28.991,30.287,23.81,8458.689,8488.976,8512.786,293.0,247.0,263.0,324.0,False,SOFT,8.0,False,Ferrari,8429.64,2026-07-26 14:29:39.982,1,4.0,False,,False,True
8596.019,HAM,44,83.291,62.0,4.0,,,28.93,30.292,24.069,8541.716,8572.008,8596.077,299.0,245.0,262.0,324.0,False,SOFT,9.0,False,Ferrari,8512.728,2026-07-26 14:31:03.070,1,4.0,False,,False,True
8681.097,HAM,44,85.078,63.0,4.0,,,29.145,31.539,24.394,8625.222,8656.761,8681.155,301.0,238.0,263.0,335.0,False,SOFT,10.0,False,Ferrari,8596.019,2026-07-26 14:32:26.361,1,4.0,False,,False,True
8764.939,HAM,44,83.842,64.0,4.0,,,29.012,30.965,23.865,8710.167,8741.132,8764.997,295.0,245.0,264.0,335.0,False,SOFT,11.0,False,Ferrari,8681.097,2026-07-26 14:33:51.439,1,4.0,False,,False,True
8847.97,HAM,44,83.031,65.0,4.0,,,28.94,30.406,23.685,8793.937,8824.343,8848.028,297.0,246.0,263.0,337.0,False,SOFT,12.0,False,Ferrari,8764.939,2026-07-26 14:35:15.281,1,4.0,False,,False,True
8931.371,HAM,44,83.401,66.0,4.0,,,28.867,30.416,24.118,8876.895,8907.311,8931.429,300.0,247.0,257.0,336.0,False,SOFT,13.0,False,Ferrari,8847.97,2026-07-26 14:36:38.312,1,4.0,False,,False,True
9014.628,HAM,44,83.257,67.0,4.0,,,29.0,30.362,23.895,8960.429,8990.791,9014.686,297.0,247.0,262.0,331.0,False,SOFT,14.0,False,Ferrari,8931.371,2026-07-26 14:38:01.713,1,4.0,False,,False,True
9097.756,HAM,44,83.128,68.0,4.0,,,29.022,30.242,23.864,9043.708,9073.95,9097.814,291.0,248.0,261.0,333.0,False,SOFT,15.0,False,Ferrari,9014.628,2026-07-26 14:39:24.970,1,4.0,False,,False,True
9180.934,HAM,44,83.178,69.0,4.0,,,28.911,30.334,23.933,9126.725,9157.059,9180.992,293.0,248.0,263.0,325.0,False,SOFT,16.0,False,Ferrari,9097.756,2026-07-26 14:40:48.098,1,4.0,False,,False,True
9263.964,HAM,44,83.03,70.0,4.0,,,28.917,30.223,23.89,9209.909,9240.132,9264.022,303.0,245.0,260.0,325.0,False,SOFT,17.0,False,Ferrari,9180.934,2026-07-26 14:42:11.276,1,4.0,False,,False,True
3345.281,BOR,5,97.037,1.0,1.0,,,,34.008,25.144,,3320.258,3345.399,260.0,229.0,263.0,277.0,False,SOFT,1.0,True,Audi,3248.019,2026-07-26 13:03:18.361,1,13.0,False,,False,False
3434.024,BOR,5,88.743,2.0,1.0,,,30.576,32.905,25.262,3375.888,3408.793,3434.055,273.0,230.0,259.0,335.0,True,SOFT,2.0,True,Audi,3345.281,2026-07-26 13:04:55.623,1,13.0,False,,False,True
3521.658,BOR,5,87.634,3.0,1.0,,,30.046,32.475,25.113,3464.101,3496.576,3521.689,266.0,231.0,259.0,337.0,True,SOFT,3.0,True,Audi,3434.024,2026-07-26 13:06:24.366,1,13.0,False,,False,True
3609.224,BOR,5,87.566,4.0,1.0,,,30.149,32.344,25.073,3551.838,3584.182,3609.255,287.0,230.0,259.0,325.0,True,SOFT,4.0,True,Audi,3521.658,2026-07-26 13:07:52.000,1,13.0,False,,False,True
3696.899,BOR,5,87.675,5.0,1.0,,,30.239,32.327,25.109,3639.494,3671.821,3696.93,275.0,233.0,258.0,332.0,False,SOFT,5.0,True,Audi,3609.224,2026-07-26 13:09:19.566,1,13.0,False,,False,True
3784.567,BOR,5,87.668,6.0,1.0,,,30.168,32.368,25.132,3727.098,3759.466,3784.598,279.0,233.0,259.0,329.0,False,SOFT,6.0,True,Audi,3696.899,2026-07-26 13:10:47.241,1,13.0,False,,False,True
3872.344,BOR,5,87.777,7.0,1.0,,,30.323,32.298,25.156,3814.921,3847.219,3872.375,287.0,233.0,254.0,333.0,False,SOFT,7.0,True,Audi,3784.567,2026-07-26 13:12:14.909,1,13.0,False,,False,True
3960.739,BOR,5,88.395,8.0,1.0,,,30.661,32.509,25.225,3903.036,3935.545,3960.77,286.0,232.0,257.0,327.0,False,SOFT,8.0,True,Audi,3872.344,2026-07-26 13:13:42.686,1,14.0,False,,False,True
4048.94,BOR,5,88.201,9.0,1.0,,,30.363,32.764,25.074,3991.133,4023.897,4048.971,278.0,231.0,258.0,327.0,False,SOFT,9.0,True,Audi,3960.739,2026-07-26 13:15:11.081,1,14.0,False,,False,True
4136.893,BOR,5,87.953,10.0,1.0,,,30.335,32.405,25.213,4079.306,4111.711,4136.924,280.0,231.0,258.0,329.0,False,SOFT,10.0,True,Audi,4048.94,2026-07-26 13:16:39.282,1,14.0,False,,False,True
4224.907,BOR,5,88.014,11.0,1.0,,,30.474,32.386,25.154,4167.398,4199.784,4224.938,283.0,229.0,259.0,327.0,False,SOFT,11.0,True,Audi,4136.893,2026-07-26 13:18:07.235,1,14.0,False,,False,True
4313.624,BOR,5,88.717,12.0,1.0,,,30.422,33.035,25.26,4255.36,4288.395,4313.655,248.0,231.0,257.0,328.0,False,SOFT,12.0,True,Audi,4224.907,2026-07-26 13:19:35.249,1,14.0,False,,False,True
4402.005,BOR,5,88.381,13.0,1.0,,,30.535,32.613,25.233,4344.19,4376.803,4402.036,283.0,231.0,257.0,326.0,False,SOFT,13.0,True,Audi,4313.624,2026-07-26 13:21:03.966,1,14.0,False,,False,True
4490.124,BOR,5,88.119,14.0,1.0,,,30.307,32.839,24.973,4432.343,4465.182,4490.155,274.0,226.0,257.0,328.0,False,SOFT,14.0,True,Audi,4402.005,2026-07-26 13:22:32.347,1,13.0,False,,False,True
4577.308,BOR,5,87.184,15.0,1.0,,,30.26,32.005,24.919,4520.415,4552.42,4577.339,287.0,231.0,257.0,316.0,True,SOFT,15.0,True,Audi,4490.124,2026-07-26 13:24:00.466,1,13.0,False,,False,True
4664.436,BOR,5,87.128,16.0,1.0,,,30.307,31.957,24.864,4607.646,4639.603,4664.467,282.0,230.0,257.0,316.0,True,SOFT,16.0,True,Audi,4577.308,2026-07-26 13:25:27.650,1,12.0,False,,False,True
4751.766,BOR,5,87.33,17.0,1.0,,,30.53,31.964,24.836,4694.997,4726.961,4751.797,289.0,233.0,254.0,316.0,False,SOFT,17.0,True,Audi,4664.436,2026-07-26 13:26:54.778,1,12.0,True,TRACK LIMITS AT TURN 7 LAP 17 ,False,True
4838.563,BOR,5,86.797,18.0,1.0,,,30.182,31.783,24.832,4781.979,4813.762,4838.594,286.0,234.0,258.0,316.0,True,SOFT,18.0,True,Audi,4751.766,2026-07-26 13:28:22.108,1,12.0,False,,False,True
4925.49,BOR,5,86.927,19.0,1.0,,,30.236,31.833,24.858,4868.83,4900.663,4925.521,286.0,230.0,257.0,316.0,False,SOFT,19.0,True,Audi,4838.563,2026-07-26 13:29:48.905,1,12.0,False,,False,True
5013.038,BOR,5,87.548,20.0,1.0,,,30.466,32.221,24.861,4955.987,4988.208,5013.069,284.0,232.0,257.0,316.0,False,SOFT,20.0,True,Audi,4925.49,2026-07-26 13:31:15.832,1,11.0,False,,False,True
5099.861,BOR,5,86.823,21.0,1.0,,,30.033,31.877,24.913,5043.102,5074.979,5099.892,283.0,231.0,256.0,319.0,False,SOFT,21.0,True,Audi,5013.038,2026-07-26 13:32:43.380,1,10.0,False,,False,True
5186.651,BOR,5,86.79,22.0,1.0,,,30.219,31.745,24.826,5130.111,5161.856,5186.682,287.0,231.0,259.0,317.0,True,SOFT,22.0,True,Audi,5099.861,2026-07-26 13:34:10.203,1,9.0,False,,False,True
5273.796,BOR,5,87.145,23.0,1.0,,,30.25,32.01,24.885,5216.932,5248.942,5273.827,286.0,231.0,257.0,318.0,False,SOFT,23.0,True,Audi,5186.651,2026-07-26 13:35:36.993,1,9.0,False,,False,True
5361.066,BOR,5,87.27,24.0,1.0,,,30.19,32.129,24.951,5304.017,5336.146,5361.097,286.0,232.0,257.0,317.0,False,SOFT,24.0,True,Audi,5273.796,2026-07-26 13:37:04.138,1,9.0,False,,False,True
5447.959,BOR,5,86.893,25.0,1.0,,,30.109,31.857,24.927,5391.206,5423.063,5447.99,287.0,232.0,256.0,317.0,False,SOFT,25.0,True,Audi,5361.066,2026-07-26 13:38:31.408,1,9.0,False,,False,True
5535.202,BOR,5,87.243,26.0,1.0,,,30.146,31.931,25.166,5478.136,5510.067,5535.233,290.0,232.0,257.0,318.0,False,SOFT,26.0,True,Audi,5447.959,2026-07-26 13:39:58.301,1,9.0,False,,False,True
5622.338,BOR,5,87.136,27.0,1.0,,,30.314,31.909,24.913,5565.547,5597.456,5622.369,288.0,230.0,257.0,317.0,False,SOFT,27.0,True,Audi,5535.202,2026-07-26 13:41:25.544,1,9.0,False,,False,True
5710.018,BOR,5,87.68,28.0,1.0,,,30.16,32.351,25.169,5652.529,5684.88,5710.049,286.0,229.0,257.0,318.0,False,SOFT,28.0,True,Audi,5622.338,2026-07-26 13:42:52.680,1,8.0,False,,False,True
5801.117,BOR,5,91.099,29.0,1.0,,5799.37,30.521,32.775,27.803,5740.57,5773.345,5801.148,232.0,231.0,,317.0,False,SOFT,29.0,True,Audi,5710.018,2026-07-26 13:44:20.360,1,10.0,False,,False,False
5906.066,BOR,5,104.949,30.0,2.0,5821.129,,49.211,31.473,24.265,5850.359,5881.832,5906.097,290.0,236.0,262.0,317.0,False,HARD,1.0,True,Audi,5801.117,2026-07-26 13:45:51.459,1,14.0,False,,False,False
5990.981,BOR,5,84.915,31.0,2.0,,,29.448,31.132,24.335,5935.545,5966.677,5991.012,292.0,236.0,262.0,319.0,True,HARD,2.0,True,Audi,5906.066,2026-07-26 13:47:36.408,1,14.0,False,,False,True
6078.0,BOR,5,87.019,32.0,2.0,,,29.637,32.386,24.996,6020.649,6053.035,6078.031,286.0,233.0,264.0,322.0,False,HARD,3.0,True,Audi,5990.981,2026-07-26 13:49:01.323,1,14.0,False,,False,True
6162.783,BOR,5,84.783,33.0,2.0,,,29.56,30.947,24.276,6107.591,6138.538,6162.814,294.0,237.0,261.0,326.0,True,HARD,4.0,True,Audi,6078.0,2026-07-26 13:50:28.342,1,13.0,False,,False,True
6247.965,BOR,5,85.182,34.0,2.0,,,29.585,31.283,24.314,6192.399,6223.682,6247.996,291.0,235.0,260.0,319.0,False,HARD,5.0,True,Audi,6162.783,2026-07-26 13:51:53.125,1,13.0,False,,False,True
6333.203,BOR,5,85.238,35.0,2.0,,,29.618,31.278,24.342,6277.614,6308.892,6333.234,290.0,236.0,259.0,320.0,False,HARD,6.0,True,Audi,6247.965,2026-07-26 13:53:18.307,1,13.0,False,,False,True
6418.591,BOR,5,85.388,36.0,2.0,,,29.632,31.276,24.48,6362.866,6394.142,6418.622,285.0,234.0,263.0,320.0,False,HARD,7.0,True,Audi,6333.203,2026-07-26 13:54:43.545,1,13.0,False,,False,True
6506.519,BOR,5,87.928,37.0,2.0,,,29.74,32.924,25.264,6448.362,6481.286,6506.55,287.0,233.0,260.0,330.0,False,HARD,8.0,True,Audi,6418.591,2026-07-26 13:56:08.933,1,13.0,False,,False,True
6592.409,BOR,5,85.89,38.0,2.0,,,29.857,31.44,24.593,6536.407,6567.847,6592.44,288.0,235.0,259.0,330.0,False,HARD,9.0,True,Audi,6506.519,2026-07-26 13:57:36.861,12,12.0,True,TRACK LIMITS AT TURN 7 LAP 38 ,False,True
6677.647,BOR,5,85.238,39.0,2.0,,,29.633,31.175,24.43,6622.073,6653.248,6677.678,286.0,238.0,259.0,317.0,False,HARD,10.0,True,Audi,6592.409,2026-07-26 13:59:02.751,1,12.0,False,,False,True
6762.638,BOR,5,84.991,40.0,2.0,,,29.76,31.057,24.174,6707.438,6738.495,6762.669,290.0,239.0,261.0,318.0,False,HARD,11.0,True,Audi,6677.647,2026-07-26 14:00:27.989,1,11.0,False,,False,True
6847.775,BOR,5,85.137,41.0,2.0,,,29.689,31.088,24.36,6792.358,6823.446,6847.806,290.0,238.0,261.0,319.0,False,HARD,12.0,True,Audi,6762.638,2026-07-26 14:01:52.980,1,11.0,False,,False,True
6932.977,BOR,5,85.202,42.0,2.0,,,29.653,31.057,24.492,6877.459,6908.516,6933.008,289.0,234.0,261.0,319.0,False,HARD,13.0,True,Audi,6847.775,2026-07-26 14:03:18.117,1,11.0,False,,False,True
7018.289,BOR,5,85.312,43.0,2.0,,,29.617,31.236,24.459,6962.625,6993.861,7018.32,293.0,235.0,260.0,320.0,False,HARD,14.0,True,Audi,6932.977,2026-07-26 14:04:43.319,1,10.0,False,,False,True
7104.212,BOR,5,85.923,44.0,2.0,,,29.673,31.464,24.786,7047.993,7079.457,7104.243,293.0,235.0,259.0,320.0,False,HARD,15.0,True,Audi,7018.289,2026-07-26 14:06:08.631,1,10.0,False,,False,True
7189.773,BOR,5,85.561,45.0,2.0,,,29.74,31.315,24.506,7133.983,7165.298,7189.804,293.0,238.0,261.0,320.0,False,HARD,16.0,True,Audi,7104.212,2026-07-26 14:07:34.554,1,10.0,False,,False,True
7275.477,BOR,5,85.704,46.0,2.0,,,29.714,31.393,24.597,7219.518,7250.911,7275.508,292.0,237.0,262.0,321.0,False,HARD,17.0,True,Audi,7189.773,2026-07-26 14:09:00.115,1,10.0,False,,False,True
7361.157,BOR,5,85.68,47.0,2.0,,,29.763,31.4,24.517,7305.271,7336.671,7361.188,293.0,236.0,261.0,322.0,False,HARD,18.0,True,Audi,7275.477,2026-07-26 14:10:25.819,1,10.0,False,,False,True
7446.935,BOR,5,85.778,48.0,2.0,,,29.685,31.375,24.718,7390.873,7422.248,7446.966,292.0,238.0,261.0,322.0,False,HARD,19.0,True,Audi,7361.157,2026-07-26 14:11:51.499,1,10.0,False,,False,True
7532.777,BOR,5,85.842,49.0,2.0,,,29.743,31.475,24.624,7476.709,7508.184,7532.808,293.0,235.0,261.0,322.0,False,HARD,20.0,True,Audi,7446.935,2026-07-26 14:13:17.277,12,10.0,False,,False,True
7618.623,BOR,5,85.846,50.0,2.0,,,29.865,31.319,24.662,7562.673,7593.992,7618.654,294.0,239.0,262.0,323.0,False,HARD,21.0,True,Audi,7532.777,2026-07-26 14:14:43.119,1,10.0,False,,False,True
7704.447,BOR,5,85.824,51.0,2.0,,,29.683,31.526,24.615,7648.337,7679.863,7704.478,292.0,238.0,262.0,325.0,False,HARD,22.0,True,Audi,7618.623,2026-07-26 14:16:08.965,1,10.0,False,,False,True
7790.593,BOR,5,86.146,52.0,2.0,,,29.783,31.651,24.712,7734.261,7765.912,7790.624,298.0,232.0,262.0,323.0,False,HARD,23.0,True,Audi,7704.447,2026-07-26 14:17:34.789,1,10.0,False,,False,True
7876.934,BOR,5,86.341,53.0,2.0,,,29.781,31.76,24.8,7820.405,7852.165,7876.965,284.0,236.0,259.0,323.0,False,HARD,24.0,True,Audi,7790.593,2026-07-26 14:19:00.935,1,10.0,False,,False,True
7964.336,BOR,5,87.402,54.0,2.0,,,30.706,31.95,24.746,7907.671,7939.621,7964.367,288.0,238.0,262.0,323.0,False,HARD,25.0,True,Audi,7876.934,2026-07-26 14:20:27.276,1,10.0,False,,False,True
8058.699,BOR,5,94.363,55.0,2.0,,,29.896,31.835,32.632,7994.263,8026.098,8058.73,298.0,237.0,171.0,324.0,False,HARD,26.0,True,Audi,7964.336,2026-07-26 14:21:54.678,126,10.0,False,,False,False
8158.201,BOR,5,99.502,56.0,2.0,,,40.466,34.31,24.726,8099.196,8133.506,8158.232,240.0,238.0,262.0,247.0,False,HARD,27.0,True,Audi,8058.699,2026-07-26 14:23:29.041,671,9.0,False,,False,False
8244.076,BOR,5,85.875,57.0,2.0,,,29.945,31.44,24.49,8188.177,8219.617,8244.107,291.0,237.0,263.0,320.0,False,HARD,28.0,True,Audi,8158.201,2026-07-26 14:25:08.543,1,9.0,False,,False,True
8330.279,BOR,5,86.203,58.0,2.0,,,29.641,31.933,24.629,8273.748,8305.681,8330.31,294.0,237.0,260.0,321.0,False,HARD,29.0,True,Audi,8244.076,2026-07-26 14:26:34.418,1,9.0,False,,False,True
8419.367,BOR,5,89.088,59.0,2.0,,,30.616,33.315,25.157,8360.926,8394.241,8419.398,241.0,237.0,262.0,321.0,False,HARD,30.0,True,Audi,8330.279,2026-07-26 14:28:00.621,1,11.0,False,,False,True
8507.05,BOR,5,87.683,60.0,2.0,,,29.979,31.917,25.787,8449.377,8481.294,8507.081,293.0,231.0,262.0,324.0,False,HARD,31.0,True,Audi,8419.367,2026-07-26 14:29:29.709,1,11.0,False,,False,True
8593.938,BOR,5,86.888,61.0,2.0,,,30.033,31.962,24.893,8537.114,8569.076,8593.969,295.0,236.0,260.0,332.0,False,HARD,32.0,True,Audi,8507.05,2026-07-26 14:30:57.392,1,11.0,False,,False,True
8682.276,BOR,5,88.338,62.0,2.0,,,29.92,32.33,26.088,8623.889,8656.219,8682.307,294.0,216.0,262.0,322.0,False,HARD,33.0,True,Audi,8593.938,2026-07-26 14:32:24.280,1,11.0,False,,False,True
8769.051,BOR,5,86.775,63.0,2.0,,,29.879,31.99,24.906,8712.186,8744.176,8769.082,292.0,236.0,261.0,334.0,False,HARD,34.0,True,Audi,8682.276,2026-07-26 14:33:52.618,1,11.0,False,,False,True
8857.204,BOR,5,88.153,64.0,2.0,,,30.645,32.363,25.145,8799.727,8832.09,8857.235,290.0,234.0,260.0,324.0,False,HARD,35.0,True,Audi,8769.051,2026-07-26 14:35:19.393,1,11.0,False,,False,True
8944.215,BOR,5,87.011,65.0,2.0,,,29.918,32.172,24.921,8887.153,8919.325,8944.246,288.0,234.0,261.0,324.0,False,HARD,36.0,True,Audi,8857.204,2026-07-26 14:36:47.546,1,11.0,False,,False,True
9031.558,BOR,5,87.343,66.0,2.0,,,29.985,32.355,25.003,8974.231,9006.586,9031.589,288.0,234.0,262.0,332.0,False,HARD,37.0,True,Audi,8944.215,2026-07-26 14:38:14.557,1,11.0,False,,False,True
9119.243,BOR,5,87.685,67.0,2.0,,,30.195,32.387,25.103,9061.784,9094.171,9119.274,288.0,234.0,261.0,332.0,False,HARD,38.0,True,Audi,9031.558,2026-07-26 14:39:41.900,1,11.0,True,TRACK LIMITS AT TURN 3 LAP 67 ,False,True
9207.266,BOR,5,88.023,68.0,2.0,,,30.237,32.564,25.222,9149.511,9182.075,9207.297,291.0,234.0,262.0,332.0,False,HARD,39.0,True,Audi,9119.243,2026-07-26 14:41:09.585,1,11.0,False,,False,True
9296.452,BOR,5,89.186,69.0,2.0,,,30.113,33.4,25.673,9237.41,9270.81,9296.483,290.0,233.0,253.0,332.0,False,HARD,40.0,True,Audi,9207.266,2026-07-26 14:42:37.608,1,11.0,False,,False,True
3347.515,SAI,55,99.271,1.0,1.0,,,,35.191,25.394,,3322.258,3347.727,241.0,227.0,256.0,281.0,False,SOFT,1.0,True,Williams,3248.019,2026-07-26 13:03:18.361,1,17.0,False,,False,False
3436.532,SAI,55,89.017,2.0,1.0,,,30.674,32.87,25.473,3378.221,3411.091,3436.564,270.0,233.0,256.0,309.0,True,SOFT,2.0,True,Williams,3347.515,2026-07-26 13:04:57.857,1,17.0,False,,False,True
3525.67,SAI,55,89.138,3.0,1.0,,,31.002,32.886,25.25,3467.566,3500.452,3525.702,264.0,229.0,258.0,330.0,False,SOFT,3.0,True,Williams,3436.532,2026-07-26 13:06:26.874,1,18.0,False,,False,True
3614.013,SAI,55,88.343,4.0,1.0,,,30.681,32.459,25.203,3556.383,3588.842,3614.045,280.0,229.0,256.0,324.0,True,SOFT,4.0,True,Williams,3525.67,2026-07-26 13:07:56.012,1,18.0,False,,False,True
3702.501,SAI,55,88.488,5.0,1.0,,,30.588,32.502,25.398,3644.633,3677.135,3702.533,282.0,224.0,258.0,323.0,False,SOFT,5.0,True,Williams,3614.013,2026-07-26 13:09:24.355,1,18.0,False,,False,True
3790.973,SAI,55,88.472,6.0,1.0,,,30.753,32.629,25.09,3733.286,3765.915,3791.005,280.0,229.0,259.0,323.0,False,SOFT,6.0,True,Williams,3702.501,2026-07-26 13:10:52.843,1,18.0,False,,False,True
3879.301,SAI,55,88.328,7.0,1.0,,,30.83,32.481,25.017,3821.835,3854.316,3879.333,278.0,228.0,258.0,322.0,True,SOFT,7.0,True,Williams,3790.973,2026-07-26 13:12:21.315,1,18.0,False,,False,True
3967.655,SAI,55,88.354,8.0,1.0,,,30.649,32.557,25.148,3909.982,3942.539,3967.687,280.0,228.0,257.0,322.0,False,SOFT,8.0,True,Williams,3879.301,2026-07-26 13:13:49.643,1,18.0,False,,False,True
4055.848,SAI,55,88.193,9.0,1.0,,,30.58,32.57,25.043,3998.267,4030.837,4055.88,284.0,227.0,258.0,321.0,True,SOFT,9.0,True,Williams,3967.655,2026-07-26 13:15:17.997,1,18.0,False,,False,True
4143.968,SAI,55,88.12,10.0,1.0,,,30.621,32.501,24.998,4086.501,4119.002,4144.0,281.0,227.0,257.0,321.0,True,SOFT,10.0,True,Williams,4055.848,2026-07-26 13:16:46.190,1,18.0,False,,False,True
4231.914,SAI,55,87.946,11.0,1.0,,,30.488,32.459,24.999,4174.488,4206.947,4231.946,282.0,228.0,256.0,320.0,True,SOFT,11.0,True,Williams,4143.968,2026-07-26 13:18:14.310,1,18.0,False,,False,True
4320.035,SAI,55,88.121,12.0,1.0,,,30.543,32.488,25.09,4262.489,4294.977,4320.067,283.0,228.0,256.0,320.0,False,SOFT,12.0,True,Williams,4231.914,2026-07-26 13:19:42.256,1,18.0,False,,False,True
4408.409,SAI,55,88.374,13.0,1.0,,,30.531,32.637,25.206,4350.598,4383.235,4408.441,282.0,228.0,256.0,320.0,False,SOFT,13.0,True,Williams,4320.035,2026-07-26 13:21:10.377,1,18.0,False,,False,True
4496.96,SAI,55,88.551,14.0,1.0,,,30.442,32.883,25.226,4438.883,4471.766,4496.992,282.0,226.0,255.0,321.0,False,SOFT,14.0,True,Williams,4408.409,2026-07-26 13:22:38.751,1,18.0,False,,False,True
4585.618,SAI,55,88.658,15.0,1.0,,,30.838,32.678,25.142,4527.83,4560.508,4585.65,279.0,228.0,257.0,322.0,False,SOFT,15.0,True,Williams,4496.96,2026-07-26 13:24:07.302,1,18.0,False,,False,True
4673.772,SAI,55,88.154,16.0,1.0,,,30.497,32.542,25.115,4616.147,4648.689,4673.804,280.0,231.0,256.0,321.0,False,SOFT,16.0,True,Williams,4585.618,2026-07-26 13:25:35.960,1,17.0,False,,False,True
4761.854,SAI,55,88.082,17.0,1.0,,,30.432,32.576,25.074,4704.236,4736.812,4761.886,282.0,229.0,257.0,321.0,False,SOFT,17.0,True,Williams,4673.772,2026-07-26 13:27:04.114,1,16.0,False,,False,True
4852.068,SAI,55,90.214,18.0,1.0,,4850.322,30.394,32.648,27.172,4792.28,4824.928,4852.1,276.0,229.0,,321.0,False,SOFT,18.0,True,Williams,4761.854,2026-07-26 13:28:32.196,1,15.0,False,,False,False
4956.786,SAI,55,104.718,19.0,2.0,4871.964,,48.861,31.607,24.25,4900.961,4932.568,4956.818,287.0,232.0,260.0,321.0,False,MEDIUM,1.0,True,Williams,4852.068,2026-07-26 13:30:02.410,1,20.0,False,,False,False
5043.716,SAI,55,86.93,20.0,2.0,,,30.128,32.074,24.728,4986.946,5019.02,5043.748,275.0,229.0,260.0,320.0,True,MEDIUM,2.0,True,Williams,4956.786,2026-07-26 13:31:47.128,1,20.0,False,,False,True
5130.664,SAI,55,86.948,21.0,2.0,,,30.117,32.111,24.72,5073.865,5105.976,5130.696,280.0,230.0,258.0,320.0,False,MEDIUM,3.0,True,Williams,5043.716,2026-07-26 13:33:14.058,1,20.0,False,,False,True
5217.912,SAI,55,87.248,22.0,2.0,,,30.363,31.966,24.919,5161.059,5193.025,5217.944,283.0,228.0,258.0,320.0,False,MEDIUM,4.0,True,Williams,5130.664,2026-07-26 13:34:41.006,1,20.0,False,,False,True
5305.475,SAI,55,87.563,23.0,2.0,,,30.295,32.303,24.965,5248.239,5280.542,5305.507,285.0,228.0,257.0,320.0,False,MEDIUM,5.0,True,Williams,5217.912,2026-07-26 13:36:08.254,1,19.0,False,,False,True
5392.517,SAI,55,87.042,24.0,2.0,,,30.173,32.166,24.703,5335.68,5367.846,5392.549,284.0,230.0,258.0,320.0,False,MEDIUM,6.0,True,Williams,5305.475,2026-07-26 13:37:35.817,1,19.0,False,,False,True
5480.001,SAI,55,87.484,25.0,2.0,,,30.207,32.284,24.993,5422.756,5455.04,5480.033,286.0,226.0,258.0,320.0,False,MEDIUM,7.0,True,Williams,5392.517,2026-07-26 13:39:02.859,1,19.0,False,,False,True
5568.008,SAI,55,88.007,26.0,2.0,,,30.358,32.488,25.161,5510.391,5542.879,5568.04,286.0,230.0,256.0,322.0,False,MEDIUM,8.0,True,Williams,5480.001,2026-07-26 13:40:30.343,1,18.0,False,,False,True
5655.692,SAI,55,87.684,27.0,2.0,,,30.352,32.378,24.954,5598.392,5630.77,5655.724,281.0,230.0,259.0,328.0,False,MEDIUM,9.0,True,Williams,5568.008,2026-07-26 13:41:58.350,1,18.0,False,,False,True
5743.566,SAI,55,87.874,28.0,2.0,,,30.451,32.395,25.028,5686.175,5718.57,5743.598,281.0,229.0,259.0,322.0,False,MEDIUM,10.0,True,Williams,5655.692,2026-07-26 13:43:26.034,1,18.0,False,,False,True
5830.837,SAI,55,87.271,29.0,2.0,,,30.297,32.086,24.888,5773.895,5805.981,5830.869,281.0,231.0,261.0,323.0,False,MEDIUM,11.0,True,Williams,5743.566,2026-07-26 13:44:53.908,1,18.0,False,,False,True
5918.46,SAI,55,87.623,30.0,2.0,,,30.313,32.306,25.004,5861.182,5893.488,5918.492,281.0,231.0,261.0,323.0,False,MEDIUM,12.0,True,Williams,5830.837,2026-07-26 13:46:21.179,1,18.0,False,,False,True
6008.226,SAI,55,89.766,31.0,2.0,,,30.284,32.629,26.853,5948.776,5981.405,6008.258,283.0,186.0,260.0,322.0,False,MEDIUM,13.0,True,Williams,5918.46,2026-07-26 13:47:48.802,1,18.0,False,,False,True
6097.206,SAI,55,88.98,32.0,2.0,,,30.362,33.626,24.992,6038.62,6072.246,6097.238,282.0,232.0,259.0,331.0,False,MEDIUM,14.0,True,Williams,6008.226,2026-07-26 13:49:18.568,1,18.0,False,,False,True
6184.735,SAI,55,87.529,33.0,2.0,,,30.469,32.167,24.893,6127.707,6159.874,6184.767,284.0,230.0,260.0,322.0,False,MEDIUM,15.0,True,Williams,6097.206,2026-07-26 13:50:47.548,1,18.0,False,,False,True
6274.498,SAI,55,89.763,34.0,2.0,,,30.228,32.621,26.914,6214.995,6247.616,6274.53,288.0,188.0,241.0,321.0,False,MEDIUM,16.0,True,Williams,6184.735,2026-07-26 13:52:15.077,1,18.0,False,,False,True
6362.91,SAI,55,88.412,35.0,2.0,,,30.993,32.372,25.047,6305.523,6337.895,6362.942,276.0,231.0,247.0,302.0,False,MEDIUM,17.0,True,Williams,6274.498,2026-07-26 13:53:44.840,1,17.0,False,,False,True
6450.586,SAI,55,87.676,36.0,2.0,,,30.705,32.189,24.782,6393.647,6425.836,6450.618,283.0,232.0,258.0,306.0,False,MEDIUM,18.0,True,Williams,6362.91,2026-07-26 13:55:13.252,1,16.0,False,,False,True
6542.287,SAI,55,91.701,37.0,2.0,,,31.697,34.169,25.835,6482.315,6516.484,6542.319,272.0,227.0,259.0,319.0,False,MEDIUM,19.0,True,Williams,6450.586,2026-07-26 13:56:40.928,1,17.0,True,TRACK LIMITS AT TURN 7 LAP 37 ,False,True
6629.557,SAI,55,87.27,38.0,2.0,,,30.304,32.151,24.815,6572.623,6604.774,6629.589,284.0,230.0,259.0,321.0,False,MEDIUM,20.0,True,Williams,6542.287,2026-07-26 13:58:12.629,12,15.0,False,,False,True
6718.03,SAI,55,88.473,39.0,2.0,,,30.328,33.003,25.142,6659.917,6692.92,6718.062,284.0,231.0,257.0,321.0,False,MEDIUM,21.0,True,Williams,6629.557,2026-07-26 13:59:39.899,1,16.0,False,,False,True
6806.316,SAI,55,88.286,40.0,2.0,,,31.023,32.214,25.049,6749.085,6781.299,6806.348,287.0,233.0,256.0,304.0,False,MEDIUM,22.0,True,Williams,6718.03,2026-07-26 14:01:08.372,1,16.0,False,,False,True
6894.938,SAI,55,88.622,41.0,2.0,,,31.004,32.442,25.176,6837.352,6869.794,6894.97,285.0,233.0,259.0,320.0,False,MEDIUM,23.0,True,Williams,6806.316,2026-07-26 14:02:36.658,1,17.0,False,,False,True
6982.468,SAI,55,87.53,42.0,2.0,,,30.323,32.307,24.9,6925.293,6957.6,6982.5,285.0,229.0,260.0,322.0,False,MEDIUM,24.0,True,Williams,6894.938,2026-07-26 14:04:05.280,1,17.0,False,,False,True
7072.909,SAI,55,90.441,43.0,2.0,,7071.206,30.278,32.842,27.321,7012.778,7045.62,7072.941,285.0,229.0,,321.0,False,MEDIUM,25.0,True,Williams,6982.468,2026-07-26 14:05:32.810,1,17.0,False,,False,False
7185.296,SAI,55,112.387,44.0,3.0,7099.791,,56.358,31.798,24.231,7129.299,7161.097,7185.328,276.0,234.0,261.0,321.0,False,SOFT,4.0,False,Williams,7072.909,2026-07-26 14:07:03.251,1,19.0,False,,False,False
7271.68,SAI,55,86.384,45.0,3.0,,,30.01,31.935,24.439,7215.338,7247.273,7271.712,278.0,236.0,259.0,329.0,True,SOFT,5.0,False,Williams,7185.296,2026-07-26 14:08:55.638,1,19.0,False,,False,True
7357.612,SAI,55,85.932,46.0,3.0,,,29.881,31.67,24.381,7301.593,7333.263,7357.644,287.0,235.0,261.0,330.0,True,SOFT,6.0,False,Williams,7271.68,2026-07-26 14:10:22.022,1,19.0,False,,False,True
7443.897,SAI,55,86.285,47.0,3.0,,,30.053,31.62,24.612,7387.697,7419.317,7443.929,286.0,236.0,256.0,331.0,False,SOFT,7.0,False,Williams,7357.612,2026-07-26 14:11:47.954,1,19.0,False,,False,True
7530.212,SAI,55,86.315,48.0,3.0,,,30.063,31.562,24.69,7473.992,7505.554,7530.244,287.0,234.0,262.0,321.0,False,SOFT,8.0,False,Williams,7443.897,2026-07-26 14:13:14.239,12,19.0,False,,False,True
7616.497,SAI,55,86.285,49.0,3.0,,,29.915,31.594,24.776,7560.159,7591.753,7616.529,281.0,235.0,260.0,323.0,False,SOFT,9.0,False,Williams,7530.212,2026-07-26 14:14:40.554,21,19.0,False,,False,True
7702.691,SAI,55,86.194,50.0,3.0,,,29.904,31.615,24.675,7646.433,7678.048,7702.723,289.0,234.0,261.0,322.0,False,SOFT,10.0,False,Williams,7616.497,2026-07-26 14:16:06.839,1,19.0,False,,False,True
7788.934,SAI,55,86.243,51.0,3.0,,,29.9,31.644,24.699,7732.623,7764.267,7788.966,289.0,234.0,261.0,323.0,False,SOFT,11.0,False,Williams,7702.691,2026-07-26 14:17:33.033,1,19.0,False,,False,True
7875.192,SAI,55,86.258,52.0,3.0,,,29.928,31.608,24.722,7818.894,7850.502,7875.224,288.0,236.0,260.0,323.0,False,SOFT,12.0,False,Williams,7788.934,2026-07-26 14:18:59.276,1,19.0,False,,False,True
7962.524,SAI,55,87.332,53.0,3.0,,,29.869,31.663,25.8,7905.093,7936.756,7962.556,289.0,236.0,262.0,323.0,False,SOFT,13.0,False,Williams,7875.192,2026-07-26 14:20:25.534,1,19.0,False,,False,True
8056.653,SAI,55,94.129,54.0,3.0,,8054.965,29.97,31.863,32.296,7992.526,8024.389,8056.685,286.0,234.0,,334.0,False,SOFT,14.0,False,Williams,7962.524,2026-07-26 14:21:52.866,126,19.0,False,,False,False
8168.403,SAI,55,111.75,55.0,4.0,8077.046,,56.008,31.925,23.817,8112.693,8144.618,8168.435,255.0,239.0,266.0,334.0,False,SOFT,4.0,False,Williams,8056.653,2026-07-26 14:23:26.995,671,20.0,False,,False,False
8253.267,SAI,55,84.864,56.0,4.0,,,29.488,31.073,24.303,8197.923,8228.996,8253.299,292.0,240.0,259.0,323.0,True,SOFT,5.0,False,Williams,8168.403,2026-07-26 14:25:18.745,1,19.0,False,,False,True
8339.578,SAI,55,86.311,57.0,4.0,,,30.859,31.308,24.144,8284.158,8315.466,8339.61,288.0,240.0,263.0,322.0,False,SOFT,6.0,False,Williams,8253.267,2026-07-26 14:26:43.609,1,19.0,False,,False,True
8424.504,SAI,55,84.926,58.0,4.0,,,29.559,31.164,24.203,8369.169,8400.333,8424.536,293.0,237.0,263.0,324.0,False,SOFT,7.0,False,Williams,8339.578,2026-07-26 14:28:09.920,1,19.0,False,,False,True
8509.698,SAI,55,85.194,59.0,4.0,,,29.577,31.144,24.473,8454.113,8485.257,8509.73,291.0,237.0,263.0,324.0,False,SOFT,8.0,False,Williams,8424.504,2026-07-26 14:29:34.846,1,19.0,False,,False,True
8598.088,SAI,55,88.39,60.0,4.0,,,31.142,32.592,24.656,8540.872,8573.464,8598.12,278.0,236.0,256.0,326.0,False,SOFT,9.0,False,Williams,8509.698,2026-07-26 14:31:00.040,1,19.0,False,,False,True
8685.627,SAI,55,87.539,61.0,4.0,,,29.949,31.609,25.981,8628.069,8659.678,8685.659,292.0,237.0,262.0,321.0,False,SOFT,10.0,False,Williams,8598.088,2026-07-26 14:32:28.430,1,19.0,False,,False,True
8772.078,SAI,55,86.451,62.0,4.0,,,29.947,31.817,24.687,8715.606,8747.423,8772.11,288.0,238.0,258.0,338.0,False,SOFT,11.0,False,Williams,8685.627,2026-07-26 14:33:55.969,1,19.0,False,,False,True
8858.582,SAI,55,86.504,63.0,4.0,,,29.852,31.731,24.921,8801.962,8833.693,8858.614,290.0,233.0,266.0,334.0,False,SOFT,12.0,False,Williams,8772.078,2026-07-26 14:35:22.420,1,19.0,False,,False,True
8945.943,SAI,55,87.361,64.0,4.0,,,30.198,32.212,24.951,8888.812,8921.024,8945.975,284.0,234.0,259.0,345.0,False,SOFT,13.0,False,Williams,8858.582,2026-07-26 14:36:48.924,1,19.0,False,,False,True
9033.128,SAI,55,87.185,65.0,4.0,,,30.078,32.211,24.896,8976.053,9008.264,9033.16,286.0,235.0,265.0,338.0,False,SOFT,14.0,False,Williams,8945.943,2026-07-26 14:38:16.285,1,19.0,False,,False,True
9120.522,SAI,55,87.394,66.0,4.0,,,30.055,32.449,24.89,9063.215,9095.664,9120.554,292.0,235.0,267.0,339.0,False,SOFT,15.0,False,Williams,9033.128,2026-07-26 14:39:43.470,1,19.0,False,,False,True
9208.707,SAI,55,88.185,67.0,4.0,,,30.766,32.393,25.026,9151.32,9183.713,9208.739,276.0,233.0,262.0,346.0,False,SOFT,16.0,False,Williams,9120.522,2026-07-26 14:41:10.864,1,19.0,False,,False,True
9297.397,SAI,55,88.69,68.0,4.0,,,30.216,32.896,25.578,9238.955,9271.851,9297.429,280.0,233.0,266.0,339.0,False,SOFT,17.0,False,Williams,9208.707,2026-07-26 14:42:39.049,1,19.0,False,,False,True
3342.591,HAD,6,94.347,1.0,1.0,,,,33.631,24.79,,3317.992,3342.805,249.0,236.0,262.0,276.0,False,MEDIUM,1.0,True,Red Bull Racing,3248.019,2026-07-26 13:03:18.361,1,7.0,False,,False,False
3428.86,HAD,6,86.269,2.0,1.0,,,29.914,31.737,24.618,3372.589,3404.326,3428.944,278.0,239.0,259.0,321.0,True,MEDIUM,2.0,True,Red Bull Racing,3342.591,2026-07-26 13:04:52.933,1,7.0,False,,False,True
3514.753,HAD,6,85.893,3.0,1.0,,,29.784,31.324,24.785,3458.728,3490.052,3514.837,283.0,237.0,260.0,325.0,True,MEDIUM,3.0,True,Red Bull Racing,3428.86,2026-07-26 13:06:19.202,1,7.0,False,,False,True
3600.561,HAD,6,85.808,4.0,1.0,,,29.955,31.161,24.692,3544.792,3575.953,3600.645,291.0,239.0,260.0,323.0,True,MEDIUM,4.0,True,Red Bull Racing,3514.753,2026-07-26 13:07:45.095,1,7.0,False,,False,True
3686.638,HAD,6,86.077,5.0,1.0,,,29.772,31.37,24.935,3630.417,3661.787,3686.722,296.0,238.0,258.0,327.0,False,MEDIUM,5.0,True,Red Bull Racing,3600.561,2026-07-26 13:09:10.903,1,7.0,False,,False,True
3773.205,HAD,6,86.567,6.0,1.0,,,30.172,31.626,24.769,3716.894,3748.52,3773.289,289.0,236.0,258.0,323.0,False,MEDIUM,6.0,True,Red Bull Racing,3686.638,2026-07-26 13:10:36.980,1,7.0,False,,False,True
3859.683,HAD,6,86.478,7.0,1.0,,,30.193,31.507,24.778,3803.482,3834.989,3859.767,288.0,236.0,258.0,319.0,False,MEDIUM,7.0,True,Red Bull Racing,3773.205,2026-07-26 13:12:03.547,1,7.0,False,,False,True
3946.413,HAD,6,86.73,8.0,1.0,,,30.153,31.764,24.813,3889.92,3921.684,3946.497,295.0,235.0,256.0,314.0,False,MEDIUM,8.0,True,Red Bull Racing,3859.683,2026-07-26 13:13:30.025,1,7.0,False,,False,True
4032.669,HAD,6,86.256,9.0,1.0,,,30.158,31.389,24.709,3976.655,4008.044,4032.753,286.0,238.0,256.0,313.0,False,MEDIUM,9.0,True,Red Bull Racing,3946.413,2026-07-26 13:14:56.755,1,7.0,False,,False,True
4119.059,HAD,6,86.39,10.0,1.0,,,30.08,31.517,24.793,4062.833,4094.35,4119.143,286.0,236.0,256.0,317.0,False,MEDIUM,10.0,True,Red Bull Racing,4032.669,2026-07-26 13:16:23.011,1,7.0,False,,False,True
4205.84,HAD,6,86.781,11.0,1.0,,,30.163,31.71,24.908,4149.306,4181.016,4205.924,286.0,236.0,256.0,314.0,False,MEDIUM,11.0,True,Red Bull Racing,4119.059,2026-07-26 13:17:49.401,1,7.0,False,,False,True
4292.628,HAD,6,86.788,12.0,1.0,,,30.211,31.858,24.719,4236.135,4267.993,4292.712,281.0,237.0,253.0,309.0,False,MEDIUM,12.0,True,Red Bull Racing,4205.84,2026-07-26 13:19:16.182,1,7.0,False,,False,True
4379.472,HAD,6,86.844,13.0,1.0,,,30.182,31.873,24.789,4322.894,4354.767,4379.556,285.0,235.0,256.0,315.0,False,MEDIUM,13.0,True,Red Bull Racing,4292.628,2026-07-26 13:20:42.970,1,7.0,False,,False,True
4466.467,HAD,6,86.995,14.0,1.0,,,30.011,31.984,25.0,4409.567,4441.551,4466.551,283.0,234.0,256.0,312.0,False,MEDIUM,14.0,True,Red Bull Racing,4379.472,2026-07-26 13:22:09.814,1,6.0,False,,False,True
4553.225,HAD,6,86.758,15.0,1.0,,,30.197,31.69,24.871,4496.748,4528.438,4553.309,284.0,235.0,256.0,312.0,False,MEDIUM,15.0,True,Red Bull Racing,4466.467,2026-07-26 13:23:36.809,1,5.0,False,,False,True
4640.104,HAD,6,86.879,16.0,1.0,,,30.143,31.806,24.93,4583.452,4615.258,4640.188,284.0,234.0,258.0,311.0,False,MEDIUM,16.0,True,Red Bull Racing,4553.225,2026-07-26 13:25:03.567,1,5.0,False,,False,True
4727.421,HAD,6,87.317,17.0,1.0,,,30.25,32.061,25.006,4670.438,4702.499,4727.505,284.0,234.0,253.0,316.0,False,MEDIUM,17.0,True,Red Bull Racing,4640.104,2026-07-26 13:26:30.446,1,3.0,False,,False,True
4814.36,HAD,6,86.939,18.0,1.0,,,30.266,31.803,24.87,4757.771,4789.574,4814.444,289.0,233.0,258.0,314.0,False,MEDIUM,18.0,True,Red Bull Racing,4727.421,2026-07-26 13:27:57.763,1,2.0,False,,False,True
4905.942,HAD,6,91.582,19.0,1.0,,4904.155,31.271,33.286,27.025,4845.715,4879.001,4906.026,269.0,234.0,,307.0,False,MEDIUM,19.0,True,Red Bull Racing,4814.36,2026-07-26 13:29:24.702,1,7.0,False,,False,False
5010.614,HAD,6,104.672,20.0,2.0,4926.073,,49.238,31.313,24.121,4955.264,4986.577,5010.698,291.0,241.0,260.0,307.0,False,HARD,1.0,True,Red Bull Racing,4905.942,2026-07-26 13:30:56.284,1,10.0,False,,False,False
5095.257,HAD,6,84.643,21.0,2.0,,,29.423,30.909,24.311,5040.121,5071.03,5095.341,293.0,238.0,261.0,320.0,True,HARD,2.0,True,Red Bull Racing,5010.614,2026-07-26 13:32:40.956,1,9.0,False,,False,True
5180.04,HAD,6,84.783,22.0,2.0,,,29.66,30.912,24.211,5125.001,5155.913,5180.124,285.0,241.0,258.0,315.0,False,HARD,3.0,True,Red Bull Racing,5095.257,2026-07-26 13:34:05.599,1,8.0,False,,False,True
5264.948,HAD,6,84.908,23.0,2.0,,,29.552,31.049,24.307,5209.676,5240.725,5265.032,298.0,239.0,258.0,316.0,False,HARD,4.0,True,Red Bull Racing,5180.04,2026-07-26 13:35:30.382,1,8.0,False,,False,True
5349.89,HAD,6,84.942,24.0,2.0,,,29.676,30.849,24.417,5294.708,5325.557,5349.974,294.0,240.0,259.0,314.0,False,HARD,5.0,True,Red Bull Racing,5264.948,2026-07-26 13:36:55.290,1,8.0,False,,False,True
5435.023,HAD,6,85.133,25.0,2.0,,,29.73,30.973,24.43,5379.704,5410.677,5435.107,295.0,242.0,259.0,313.0,False,HARD,6.0,True,Red Bull Racing,5349.89,2026-07-26 13:38:20.232,1,8.0,False,,False,True
5520.569,HAD,6,85.546,26.0,2.0,,,29.806,31.136,24.604,5464.913,5496.049,5520.653,296.0,240.0,257.0,317.0,False,HARD,7.0,True,Red Bull Racing,5435.023,2026-07-26 13:39:45.365,1,8.0,False,,False,True
5606.317,HAD,6,85.748,27.0,2.0,,,29.858,31.285,24.605,5550.511,5581.796,5606.401,295.0,240.0,260.0,318.0,False,HARD,8.0,True,Red Bull Racing,5520.569,2026-07-26 13:41:10.911,1,8.0,False,,False,True
5691.886,HAD,6,85.569,28.0,2.0,,,29.8,31.074,24.695,5636.201,5667.275,5691.97,300.0,241.0,260.0,316.0,False,HARD,9.0,True,Red Bull Racing,5606.317,2026-07-26 13:42:36.659,1,7.0,False,,False,True
5777.329,HAD,6,85.443,29.0,2.0,,,29.72,31.128,24.595,5721.69,5752.818,5777.413,296.0,240.0,258.0,319.0,False,HARD,10.0,True,Red Bull Racing,5691.886,2026-07-26 13:44:02.228,1,7.0,False,,False,True
5862.895,HAD,6,85.566,30.0,2.0,,,29.81,31.202,24.554,5807.223,5838.425,5862.979,293.0,240.0,260.0,321.0,False,HARD,11.0,True,Red Bull Racing,5777.329,2026-07-26 13:45:27.671,1,7.0,False,,False,True
5948.733,HAD,6,85.838,31.0,2.0,,,30.038,31.139,24.661,5893.017,5924.156,5948.817,294.0,241.0,259.0,318.0,False,HARD,12.0,True,Red Bull Racing,5862.895,2026-07-26 13:46:53.237,1,6.0,False,,False,True
6035.121,HAD,6,86.388,32.0,2.0,,,30.276,31.42,24.692,5979.093,6010.513,6035.205,293.0,238.0,259.0,316.0,False,HARD,13.0,True,Red Bull Racing,5948.733,2026-07-26 13:48:19.075,1,7.0,False,,False,True
6120.608,HAD,6,85.487,33.0,2.0,,,29.802,31.103,24.582,6065.007,6096.11,6120.692,298.0,240.0,260.0,318.0,False,HARD,14.0,True,Red Bull Racing,6035.121,2026-07-26 13:49:45.463,1,7.0,False,,False,True
6206.101,HAD,6,85.493,34.0,2.0,,,29.898,31.077,24.518,6150.59,6181.667,6206.185,298.0,240.0,260.0,316.0,False,HARD,15.0,True,Red Bull Racing,6120.608,2026-07-26 13:51:10.950,1,7.0,False,,False,True
6291.596,HAD,6,85.495,35.0,2.0,,,29.761,31.192,24.542,6235.946,6267.138,6291.68,302.0,240.0,259.0,320.0,False,HARD,16.0,True,Red Bull Racing,6206.101,2026-07-26 13:52:36.443,1,7.0,False,,False,True
6377.244,HAD,6,85.648,36.0,2.0,,,29.826,31.221,24.601,6321.506,6352.727,6377.328,300.0,239.0,261.0,319.0,False,HARD,17.0,True,Red Bull Racing,6291.596,2026-07-26 13:54:01.938,1,7.0,False,,False,True
6465.041,HAD,6,87.797,37.0,2.0,,,30.604,32.469,24.724,6407.932,6440.401,6465.125,275.0,237.0,259.0,319.0,False,HARD,18.0,True,Red Bull Racing,6377.244,2026-07-26 13:55:27.586,1,6.0,False,,False,True
6551.975,HAD,6,86.934,38.0,2.0,,,30.377,31.799,24.758,6495.502,6527.301,6552.059,288.0,240.0,259.0,317.0,False,HARD,19.0,True,Red Bull Racing,6465.041,2026-07-26 13:56:55.383,1,7.0,False,,False,True
6639.507,HAD,6,87.532,39.0,2.0,,,30.248,32.297,24.987,6582.307,6614.604,6639.591,290.0,237.0,259.0,320.0,False,HARD,20.0,True,Red Bull Racing,6551.975,2026-07-26 13:58:22.317,12,7.0,False,,False,True
6727.094,HAD,6,87.587,40.0,2.0,,,30.443,32.175,24.969,6670.034,6702.209,6727.178,281.0,240.0,260.0,330.0,False,HARD,21.0,True,Red Bull Racing,6639.507,2026-07-26 13:59:49.849,1,7.0,False,,False,True
6813.164,HAD,6,86.07,41.0,2.0,,,30.195,31.354,24.521,6757.373,6788.727,6813.248,295.0,241.0,259.0,332.0,False,HARD,22.0,True,Red Bull Racing,6727.094,2026-07-26 14:01:17.436,1,7.0,False,,False,True
6901.092,HAD,6,87.928,42.0,2.0,,6899.372,29.684,31.392,26.852,6842.932,6874.324,6901.176,302.0,242.0,,320.0,False,HARD,23.0,True,Red Bull Racing,6813.164,2026-07-26 14:02:43.506,1,7.0,False,,False,False
7004.513,HAD,6,103.421,43.0,3.0,6921.642,,48.938,30.776,23.707,6950.114,6980.89,7004.597,299.0,245.0,265.0,320.0,False,HARD,1.0,True,Red Bull Racing,6901.092,2026-07-26 14:04:11.434,1,8.0,False,,False,False
7088.143,HAD,6,83.63,44.0,3.0,,,29.33,30.587,23.713,7033.927,7064.514,7088.227,293.0,242.0,263.0,322.0,True,HARD,2.0,True,Red Bull Racing,7004.513,2026-07-26 14:05:54.855,1,8.0,False,,False,True
7171.361,HAD,6,83.218,45.0,3.0,,,29.036,30.278,23.904,7117.263,7147.541,7171.445,297.0,247.0,263.0,317.0,True,HARD,3.0,True,Red Bull Racing,7088.143,2026-07-26 14:07:18.485,1,8.0,False,,False,True
7255.906,HAD,6,84.545,46.0,3.0,,,29.387,30.524,24.634,7200.832,7231.356,7255.99,295.0,241.0,265.0,315.0,False,HARD,4.0,True,Red Bull Racing,7171.361,2026-07-26 14:08:41.703,1,8.0,False,,False,True
7339.54,HAD,6,83.634,47.0,3.0,,,29.235,30.492,23.907,7285.225,7315.717,7339.624,301.0,243.0,262.0,325.0,False,HARD,5.0,True,Red Bull Racing,7255.906,2026-07-26 14:10:06.248,1,8.0,False,,False,True
7423.488,HAD,6,83.948,48.0,3.0,,,29.357,30.533,24.058,7368.981,7399.514,7423.572,302.0,246.0,261.0,320.0,False,HARD,6.0,True,Red Bull Racing,7339.54,2026-07-26 14:11:29.882,1,8.0,False,,False,True
7507.957,HAD,6,84.469,49.0,3.0,,,29.519,30.65,24.3,7453.091,7483.741,7508.041,298.0,244.0,262.0,319.0,False,HARD,7.0,True,Red Bull Racing,7423.488,2026-07-26 14:12:53.830,1,8.0,False,,False,True
7592.561,HAD,6,84.604,50.0,3.0,,,29.584,30.923,24.097,7537.625,7568.548,7592.645,299.0,244.0,261.0,323.0,False,HARD,8.0,True,Red Bull Racing,7507.957,2026-07-26 14:14:18.299,12,8.0,False,,False,True
7676.304,HAD,6,83.743,51.0,3.0,,,29.304,30.402,24.037,7621.949,7652.351,7676.388,301.0,245.0,262.0,322.0,False,HARD,9.0,True,Red Bull Racing,7592.561,2026-07-26 14:15:42.903,1,8.0,False,,False,True
7760.426,HAD,6,84.122,52.0,3.0,,,29.376,30.387,24.359,7705.764,7736.151,7760.51,301.0,247.0,261.0,319.0,False,HARD,10.0,True,Red Bull Racing,7676.304,2026-07-26 14:17:06.646,1,8.0,False,,False,True
7844.469,HAD,6,84.043,53.0,3.0,,,29.472,30.443,24.128,7789.982,7820.425,7844.553,300.0,246.0,260.0,320.0,False,HARD,11.0,True,Red Bull Racing,7760.426,2026-07-26 14:18:30.768,1,8.0,False,,False,True
7928.783,HAD,6,84.314,54.0,3.0,,,29.561,30.518,24.235,7874.114,7904.632,7928.867,302.0,247.0,263.0,321.0,False,HARD,12.0,True,Red Bull Racing,7844.469,2026-07-26 14:19:54.811,1,8.0,False,,False,True
8013.043,HAD,6,84.26,55.0,3.0,,,29.505,30.502,24.253,7958.372,7988.874,8013.127,302.0,245.0,263.0,321.0,False,HARD,13.0,True,Red Bull Racing,7928.783,2026-07-26 14:21:19.125,12,7.0,False,,False,True
8119.129,HAD,6,106.086,56.0,3.0,,,39.333,36.721,30.032,8052.46,8089.181,8119.213,256.0,187.0,259.0,325.0,False,HARD,14.0,True,Red Bull Racing,8013.043,2026-07-26 14:22:43.385,2671,6.0,False,,False,False
8204.479,HAD,6,85.35,57.0,3.0,,,29.79,31.466,24.094,8149.003,8180.469,8204.563,299.0,238.0,263.0,323.0,False,HARD,15.0,True,Red Bull Racing,8119.129,2026-07-26 14:24:29.471,1,6.0,False,,False,True
8288.366,HAD,6,83.887,58.0,3.0,,,29.362,30.566,23.959,8233.925,8264.491,8288.45,304.0,246.0,263.0,317.0,False,HARD,16.0,True,Red Bull Racing,8204.479,2026-07-26 14:25:54.821,1,6.0,False,,False,True
8372.252,HAD,6,83.886,59.0,3.0,,,29.312,30.553,24.021,8317.762,8348.315,8372.336,307.0,248.0,262.0,320.0,False,HARD,17.0,True,Red Bull Racing,8288.366,2026-07-26 14:27:18.708,1,6.0,False,,False,True
8456.138,HAD,6,83.886,60.0,3.0,,,29.23,30.56,24.096,8401.566,8432.126,8456.222,305.0,245.0,264.0,320.0,False,HARD,18.0,True,Red Bull Racing,8372.252,2026-07-26 14:28:42.594,1,6.0,False,,False,True
8540.352,HAD,6,84.214,61.0,3.0,,,29.218,30.607,24.389,8485.44,8516.047,8540.436,303.0,244.0,261.0,320.0,False,HARD,19.0,True,Red Bull Racing,8456.138,2026-07-26 14:30:06.480,1,6.0,False,,False,True
8624.702,HAD,6,84.35,62.0,3.0,,,29.28,30.64,24.43,8569.716,8600.356,8624.786,305.0,246.0,261.0,320.0,False,HARD,20.0,True,Red Bull Racing,8540.352,2026-07-26 14:31:30.694,1,6.0,False,,False,True
8709.406,HAD,6,84.704,63.0,3.0,,,29.406,30.675,24.623,8654.192,8684.867,8709.49,304.0,245.0,262.0,323.0,False,HARD,21.0,True,Red Bull Racing,8624.702,2026-07-26 14:32:55.044,1,6.0,False,,False,True
8794.392,HAD,6,84.986,64.0,3.0,,,29.58,30.99,24.416,8739.07,8770.06,8794.476,300.0,245.0,263.0,320.0,False,HARD,22.0,True,Red Bull Racing,8709.406,2026-07-26 14:34:19.748,1,6.0,False,,False,True
8878.901,HAD,6,84.509,65.0,3.0,,,29.342,30.796,24.371,8823.818,8854.614,8878.985,303.0,242.0,264.0,324.0,False,HARD,23.0,True,Red Bull Racing,8794.392,2026-07-26 14:35:44.734,1,6.0,False,,False,True
8963.425,HAD,6,84.524,66.0,3.0,,,29.469,30.793,24.262,8908.454,8939.247,8963.509,303.0,243.0,262.0,323.0,False,HARD,24.0,True,Red Bull Racing,8878.901,2026-07-26 14:37:09.243,1,6.0,False,,False,True
9047.635,HAD,6,84.21,67.0,3.0,,,29.351,30.551,24.308,8992.86,9023.411,9047.719,303.0,245.0,264.0,321.0,False,HARD,25.0,True,Red Bull Racing,8963.425,2026-07-26 14:38:33.767,1,6.0,False,,False,True
9131.758,HAD,6,84.123,68.0,3.0,,,29.324,30.532,24.267,9077.043,9107.575,9131.842,303.0,244.0,264.0,323.0,False,HARD,26.0,True,Red Bull Racing,9047.635,2026-07-26 14:39:57.977,1,6.0,False,,False,True
9215.79,HAD,6,84.032,69.0,3.0,,,29.312,30.627,24.093,9161.154,9191.781,9215.874,304.0,243.0,265.0,322.0,False,HARD,27.0,True,Red Bull Racing,9131.758,2026-07-26 14:41:22.100,1,6.0,False,,False,True
9299.912,HAD,6,84.122,70.0,3.0,,,29.27,30.574,24.278,9245.144,9275.718,9299.996,307.0,244.0,265.0,325.0,False,HARD,28.0,True,Red Bull Racing,9215.79,2026-07-26 14:42:46.132,1,6.0,False,,False,True
3348.462,RUS,63,100.218,1.0,1.0,,,,35.466,25.324,,3323.258,3348.477,223.0,229.0,259.0,267.0,False,MEDIUM,1.0,True,Mercedes,3248.019,2026-07-26 13:03:18.361,1,19.0,False,,False,False
3436.848,RUS,63,88.386,2.0,1.0,,,30.348,32.619,25.419,3378.825,3411.444,3436.863,283.0,229.0,259.0,336.0,True,MEDIUM,2.0,True,Mercedes,3348.462,2026-07-26 13:04:58.804,1,18.0,False,,False,True
3524.255,RUS,63,87.407,3.0,1.0,,,30.126,32.082,25.199,3466.989,3499.071,3524.27,278.0,233.0,262.0,339.0,True,MEDIUM,3.0,True,Mercedes,3436.848,2026-07-26 13:06:27.190,1,17.0,False,,False,True
3611.519,RUS,63,87.264,4.0,1.0,,,30.248,32.151,24.865,3554.518,3586.669,3611.534,282.0,232.0,262.0,340.0,True,MEDIUM,4.0,True,Mercedes,3524.255,2026-07-26 13:07:54.597,1,16.0,False,,False,True
3698.858,RUS,63,87.339,5.0,1.0,,,30.409,31.947,24.983,3641.943,3673.89,3698.873,284.0,231.0,261.0,339.0,False,MEDIUM,5.0,True,Mercedes,3611.519,2026-07-26 13:09:21.861,1,15.0,False,,False,True
3785.414,RUS,63,86.556,6.0,1.0,,,30.213,31.457,24.886,3729.086,3760.543,3785.429,291.0,232.0,258.0,331.0,True,MEDIUM,6.0,True,Mercedes,3698.858,2026-07-26 13:10:49.200,1,14.0,False,,False,True
3872.579,RUS,63,87.165,7.0,1.0,,,30.297,31.835,25.033,3815.726,3847.561,3872.594,294.0,235.0,262.0,332.0,False,MEDIUM,7.0,True,Mercedes,3785.414,2026-07-26 13:12:15.756,1,14.0,False,,False,True
3959.927,RUS,63,87.348,8.0,1.0,,,29.927,32.534,24.887,3902.521,3935.055,3959.942,275.0,234.0,262.0,341.0,False,MEDIUM,8.0,True,Mercedes,3872.579,2026-07-26 13:13:42.921,1,13.0,False,,False,True
4046.002,RUS,63,86.075,9.0,1.0,,,30.03,31.452,24.593,3989.972,4021.424,4046.017,297.0,228.0,260.0,335.0,True,MEDIUM,9.0,True,Mercedes,3959.927,2026-07-26 13:15:10.269,1,12.0,False,,False,True
4132.685,RUS,63,86.683,10.0,1.0,,,30.301,31.612,24.77,4076.318,4107.93,4132.7,294.0,231.0,260.0,324.0,False,MEDIUM,10.0,True,Mercedes,4046.002,2026-07-26 13:16:36.344,1,12.0,False,,False,True
4220.307,RUS,63,87.622,11.0,1.0,,,30.248,32.188,25.186,4162.948,4195.136,4220.322,292.0,231.0,259.0,331.0,False,MEDIUM,11.0,True,Mercedes,4132.685,2026-07-26 13:18:03.027,1,12.0,False,,False,True
4306.992,RUS,63,86.685,12.0,1.0,,,30.218,31.77,24.697,4250.54,4282.31,4307.007,289.0,229.0,259.0,332.0,False,MEDIUM,12.0,True,Mercedes,4220.307,2026-07-26 13:19:30.649,1,11.0,False,,False,True
4393.249,RUS,63,86.257,13.0,1.0,,,30.073,31.576,24.608,4337.08,4368.656,4393.264,293.0,231.0,260.0,321.0,False,MEDIUM,13.0,True,Mercedes,4306.992,2026-07-26 13:20:57.334,1,11.0,False,,False,True
4479.846,RUS,63,86.597,14.0,1.0,,,30.111,31.801,24.685,4423.375,4455.176,4479.861,290.0,234.0,260.0,321.0,False,MEDIUM,14.0,True,Mercedes,4393.249,2026-07-26 13:22:23.591,1,11.0,False,,False,True
4566.56,RUS,63,86.714,15.0,1.0,,,30.118,31.735,24.861,4509.979,4541.714,4566.575,285.0,235.0,260.0,322.0,False,MEDIUM,15.0,True,Mercedes,4479.846,2026-07-26 13:23:50.188,1,11.0,False,,False,True
4653.792,RUS,63,87.232,16.0,1.0,,,30.327,32.137,24.768,4596.902,4629.039,4653.807,289.0,236.0,265.0,334.0,False,MEDIUM,16.0,True,Mercedes,4566.56,2026-07-26 13:25:16.902,1,11.0,False,,False,True
4740.306,RUS,63,86.514,17.0,1.0,,,30.175,31.706,24.633,4683.982,4715.688,4740.321,289.0,233.0,260.0,331.0,False,MEDIUM,17.0,True,Mercedes,4653.792,2026-07-26 13:26:44.134,1,10.0,False,,False,True
4826.388,RUS,63,86.082,18.0,1.0,,,29.896,31.614,24.572,4770.217,4801.831,4826.403,292.0,234.0,260.0,336.0,False,MEDIUM,18.0,True,Mercedes,4740.306,2026-07-26 13:28:10.648,1,9.0,False,,False,True
4912.634,RUS,63,86.246,19.0,1.0,,,30.099,31.518,24.629,4856.502,4888.02,4912.649,292.0,233.0,260.0,321.0,False,MEDIUM,19.0,True,Mercedes,4826.388,2026-07-26 13:29:36.730,1,9.0,False,,False,True
4999.337,RUS,63,86.703,20.0,1.0,,,30.08,31.852,24.771,4942.729,4974.581,4999.352,293.0,236.0,261.0,323.0,False,MEDIUM,20.0,True,Mercedes,4912.634,2026-07-26 13:31:02.976,1,8.0,False,,False,True
5085.291,RUS,63,85.954,21.0,1.0,,,29.987,31.484,24.483,5029.339,5060.823,5085.306,289.0,233.0,261.0,333.0,True,MEDIUM,21.0,True,Mercedes,4999.337,2026-07-26 13:32:29.679,1,7.0,False,,False,True
5170.9,RUS,63,85.609,22.0,1.0,,,29.928,31.314,24.367,5115.234,5146.548,5170.915,292.0,237.0,261.0,319.0,True,MEDIUM,22.0,True,Mercedes,5085.291,2026-07-26 13:33:55.633,1,7.0,False,,False,True
5256.976,RUS,63,86.076,23.0,1.0,,,30.103,31.527,24.446,5201.018,5232.545,5256.991,293.0,234.0,260.0,321.0,False,MEDIUM,23.0,True,Mercedes,5170.9,2026-07-26 13:35:21.242,1,7.0,False,,False,True
5343.182,RUS,63,86.206,24.0,1.0,,,30.002,31.642,24.562,5286.993,5318.635,5343.197,293.0,234.0,260.0,321.0,False,MEDIUM,24.0,True,Mercedes,5256.976,2026-07-26 13:36:47.318,1,7.0,False,,False,True
5429.506,RUS,63,86.324,25.0,1.0,,,30.109,31.59,24.625,5373.306,5404.896,5429.521,291.0,234.0,259.0,321.0,False,MEDIUM,25.0,True,Mercedes,5343.182,2026-07-26 13:38:13.524,1,7.0,False,,False,True
5516.243,RUS,63,86.737,26.0,1.0,,,30.094,31.753,24.89,5459.615,5491.368,5516.258,290.0,232.0,259.0,321.0,False,MEDIUM,26.0,True,Mercedes,5429.506,2026-07-26 13:39:39.848,1,7.0,False,,False,True
5605.767,RUS,63,89.524,27.0,1.0,,5604.092,30.276,31.788,27.46,5546.534,5578.322,5605.782,288.0,236.0,,322.0,False,MEDIUM,27.0,True,Mercedes,5516.243,2026-07-26 13:41:06.585,1,7.0,False,,False,False
5710.828,RUS,63,105.061,28.0,2.0,5626.355,,49.793,31.324,23.944,5655.575,5686.899,5710.843,290.0,237.0,266.0,322.0,False,HARD,1.0,True,Mercedes,5605.767,2026-07-26 13:42:36.109,1,9.0,False,,False,False
5795.107,RUS,63,84.279,29.0,2.0,,,29.581,30.878,23.82,5740.424,5771.302,5795.122,293.0,239.0,264.0,326.0,True,HARD,2.0,True,Mercedes,5710.828,2026-07-26 13:44:21.170,1,8.0,False,,False,True
5879.12,RUS,63,84.013,30.0,2.0,,,29.519,30.584,23.91,5824.641,5855.225,5879.135,292.0,240.0,262.0,317.0,True,HARD,3.0,True,Mercedes,5795.107,2026-07-26 13:45:45.449,1,8.0,False,,False,True
5963.252,RUS,63,84.132,31.0,2.0,,,29.578,30.598,23.956,5908.713,5939.311,5963.267,295.0,239.0,263.0,319.0,False,HARD,4.0,True,Mercedes,5879.12,2026-07-26 13:47:09.462,1,8.0,False,,False,True
6047.355,RUS,63,84.103,32.0,2.0,,,29.475,30.581,24.047,5992.742,6023.323,6047.37,294.0,239.0,262.0,321.0,False,HARD,5.0,True,Mercedes,5963.252,2026-07-26 13:48:33.594,1,8.0,False,,False,True
6131.737,RUS,63,84.382,33.0,2.0,,,29.574,30.763,24.045,6076.944,6107.707,6131.752,293.0,240.0,261.0,320.0,False,HARD,6.0,True,Mercedes,6047.355,2026-07-26 13:49:57.697,1,8.0,False,,False,True
6216.81,RUS,63,85.073,34.0,2.0,,,29.604,31.123,24.346,6161.356,6192.479,6216.825,295.0,235.0,262.0,322.0,False,HARD,7.0,True,Mercedes,6131.737,2026-07-26 13:51:22.079,1,8.0,False,,False,True
6301.469,RUS,63,84.659,35.0,2.0,,,29.703,30.917,24.039,6246.528,6277.445,6301.484,292.0,236.0,262.0,322.0,False,HARD,8.0,True,Mercedes,6216.81,2026-07-26 13:52:47.152,1,8.0,False,,False,True
6386.053,RUS,63,84.584,36.0,2.0,,,29.619,30.799,24.166,6331.103,6361.902,6386.068,295.0,234.0,263.0,321.0,False,HARD,9.0,True,Mercedes,6301.469,2026-07-26 13:54:11.811,1,8.0,False,,False,True
6470.723,RUS,63,84.67,37.0,2.0,,,29.606,30.878,24.186,6415.674,6446.552,6470.738,294.0,236.0,263.0,321.0,False,HARD,10.0,True,Mercedes,6386.053,2026-07-26 13:55:36.395,1,8.0,False,,False,True
6555.94,RUS,63,85.217,38.0,2.0,,,29.743,31.149,24.325,6500.481,6531.63,6555.955,294.0,236.0,262.0,323.0,False,HARD,11.0,True,Mercedes,6470.723,2026-07-26 13:57:01.065,1,8.0,False,,False,True
6641.747,RUS,63,85.807,39.0,2.0,,,29.815,31.368,24.624,6585.77,6617.138,6641.762,296.0,234.0,261.0,323.0,False,HARD,12.0,True,Mercedes,6555.94,2026-07-26 13:58:26.282,12,8.0,False,,False,True
6729.147,RUS,63,87.4,40.0,2.0,,,30.19,32.5,24.71,6671.952,6704.452,6729.162,288.0,231.0,263.0,327.0,False,HARD,13.0,True,Mercedes,6641.747,2026-07-26 13:59:52.089,1,8.0,False,,False,True
6815.945,RUS,63,86.798,41.0,2.0,,,29.95,32.07,24.778,6759.112,6791.182,6815.96,288.0,230.0,261.0,327.0,False,HARD,14.0,True,Mercedes,6729.147,2026-07-26 14:01:19.489,1,8.0,False,,False,True
6901.285,RUS,63,85.34,42.0,2.0,,,29.799,31.259,24.282,6845.759,6877.018,6901.3,292.0,238.0,262.0,334.0,False,HARD,15.0,True,Mercedes,6815.945,2026-07-26 14:02:46.287,1,8.0,False,,False,True
6986.293,RUS,63,85.008,43.0,2.0,,,29.723,31.006,24.279,6931.023,6962.029,6986.308,293.0,236.0,263.0,322.0,False,HARD,16.0,True,Mercedes,6901.285,2026-07-26 14:04:11.627,1,7.0,False,,False,True
7071.592,RUS,63,85.299,44.0,2.0,,,29.714,31.342,24.243,7016.022,7047.364,7071.607,294.0,236.0,263.0,322.0,False,HARD,17.0,True,Mercedes,6986.293,2026-07-26 14:05:36.635,1,7.0,False,,False,True
7156.137,RUS,63,84.545,45.0,2.0,,,29.47,30.898,24.177,7101.077,7131.975,7156.152,294.0,238.0,262.0,322.0,False,HARD,18.0,True,Mercedes,7071.592,2026-07-26 14:07:01.934,1,7.0,False,,False,True
7240.899,RUS,63,84.762,46.0,2.0,,,29.698,30.9,24.164,7185.85,7216.75,7240.914,294.0,238.0,264.0,321.0,False,HARD,19.0,True,Mercedes,7156.137,2026-07-26 14:08:26.479,1,7.0,False,,False,True
7325.683,RUS,63,84.784,47.0,2.0,,,29.715,30.96,24.109,7270.629,7301.589,7325.698,294.0,235.0,263.0,323.0,False,HARD,20.0,True,Mercedes,7240.899,2026-07-26 14:09:51.241,1,7.0,False,,False,True
7410.833,RUS,63,85.15,48.0,2.0,,,29.736,30.842,24.572,7355.434,7386.276,7410.848,295.0,240.0,261.0,322.0,False,HARD,21.0,True,Mercedes,7325.683,2026-07-26 14:11:16.025,1,7.0,False,,False,True
7496.097,RUS,63,85.264,49.0,2.0,,,29.647,31.161,24.456,7440.495,7471.656,7496.112,295.0,238.0,263.0,322.0,False,HARD,22.0,True,Mercedes,7410.833,2026-07-26 14:12:41.175,1,7.0,False,,False,True
7581.76,RUS,63,85.663,50.0,2.0,,,29.745,31.608,24.31,7525.857,7557.465,7581.775,296.0,236.0,263.0,323.0,False,HARD,23.0,True,Mercedes,7496.097,2026-07-26 14:14:06.439,12,7.0,False,,False,True
7666.81,RUS,63,85.05,51.0,2.0,,,29.607,31.182,24.261,7611.382,7642.564,7666.825,297.0,240.0,265.0,324.0,False,HARD,24.0,True,Mercedes,7581.76,2026-07-26 14:15:32.102,1,7.0,False,,False,True
7752.156,RUS,63,85.346,52.0,2.0,,,29.742,31.159,24.445,7696.567,7727.726,7752.171,295.0,240.0,263.0,326.0,False,HARD,25.0,True,Mercedes,7666.81,2026-07-26 14:16:57.152,1,7.0,False,,False,True
7837.242,RUS,63,85.086,53.0,2.0,,,29.764,31.016,24.306,7781.935,7812.951,7837.257,292.0,238.0,264.0,325.0,False,HARD,26.0,True,Mercedes,7752.156,2026-07-26 14:18:22.498,1,7.0,False,,False,True
7925.274,RUS,63,88.032,54.0,2.0,,7923.638,29.747,31.162,27.123,7867.004,7898.166,7925.289,295.0,240.0,,322.0,False,HARD,27.0,True,Mercedes,7837.242,2026-07-26 14:19:47.584,1,7.0,False,,False,False
8028.946,RUS,63,103.672,55.0,3.0,7945.627,,48.995,30.532,24.145,7974.284,8004.816,8028.961,293.0,244.0,145.0,322.0,False,HARD,1.0,True,Mercedes,7925.274,2026-07-26 14:21:15.616,126,8.0,False,,False,False
8135.174,RUS,63,106.228,56.0,3.0,,,45.619,35.448,25.161,8074.58,8110.028,8135.189,230.0,180.0,268.0,151.0,False,HARD,2.0,True,Mercedes,8028.946,2026-07-26 14:22:59.288,671,7.0,False,,False,False
8217.776,RUS,63,82.602,57.0,3.0,,,29.096,30.087,23.419,8164.285,8194.372,8217.791,288.0,243.0,266.0,325.0,True,HARD,3.0,True,Mercedes,8135.174,2026-07-26 14:24:45.516,1,7.0,False,,False,True
8300.365,RUS,63,82.589,58.0,3.0,,,28.963,30.209,23.417,8246.754,8276.963,8300.38,295.0,243.0,266.0,322.0,True,HARD,4.0,True,Mercedes,8217.776,2026-07-26 14:26:08.118,1,7.0,False,,False,True
8383.075,RUS,63,82.71,59.0,3.0,,,29.061,30.099,23.55,8329.441,8359.54,8383.09,298.0,245.0,267.0,323.0,False,HARD,5.0,True,Mercedes,8300.365,2026-07-26 14:27:30.707,1,7.0,False,,False,True
8465.818,RUS,63,82.743,60.0,3.0,,,28.966,30.036,23.741,8412.056,8442.092,8465.833,297.0,243.0,267.0,325.0,False,HARD,6.0,True,Mercedes,8383.075,2026-07-26 14:28:53.417,1,7.0,False,,False,True
8550.177,RUS,63,84.359,61.0,3.0,,,29.284,30.988,24.087,8495.117,8526.105,8550.192,299.0,237.0,264.0,325.0,False,HARD,7.0,True,Mercedes,8465.818,2026-07-26 14:30:16.160,1,7.0,False,,False,True
8633.714,RUS,63,83.537,62.0,3.0,,,29.179,30.359,23.999,8579.371,8609.73,8633.729,297.0,242.0,265.0,324.0,False,HARD,8.0,True,Mercedes,8550.177,2026-07-26 14:31:40.519,1,7.0,False,,False,True
8717.871,RUS,63,84.157,63.0,3.0,,,29.266,30.703,24.188,8662.995,8693.698,8717.886,297.0,243.0,263.0,325.0,False,HARD,9.0,True,Mercedes,8633.714,2026-07-26 14:33:04.056,1,7.0,False,,False,True
8801.538,RUS,63,83.667,64.0,3.0,,,29.286,30.453,23.928,8747.172,8777.625,8801.553,296.0,245.0,265.0,330.0,False,HARD,10.0,True,Mercedes,8717.871,2026-07-26 14:34:28.213,1,7.0,False,,False,True
8884.756,RUS,63,83.218,65.0,3.0,,,29.229,30.185,23.804,8830.782,8860.967,8884.771,297.0,243.0,265.0,322.0,False,HARD,11.0,True,Mercedes,8801.538,2026-07-26 14:35:51.880,1,7.0,False,,False,True
8967.699,RUS,63,82.943,66.0,3.0,,,29.064,30.212,23.667,8913.835,8944.047,8967.714,296.0,243.0,267.0,323.0,False,HARD,12.0,True,Mercedes,8884.756,2026-07-26 14:37:15.098,1,7.0,False,,False,True
9050.954,RUS,63,83.255,67.0,3.0,,,29.162,30.191,23.902,8996.876,9027.067,9050.969,301.0,244.0,267.0,325.0,False,HARD,13.0,True,Mercedes,8967.699,2026-07-26 14:38:38.041,1,7.0,False,,False,True
9134.602,RUS,63,83.648,68.0,3.0,,,29.515,30.247,23.886,9080.484,9110.731,9134.617,301.0,243.0,267.0,335.0,False,HARD,14.0,True,Mercedes,9050.954,2026-07-26 14:40:01.296,1,7.0,False,,False,True
9218.168,RUS,63,83.566,69.0,3.0,,,29.147,30.441,23.978,9163.764,9194.205,9218.183,301.0,243.0,267.0,325.0,False,HARD,15.0,True,Mercedes,9134.602,2026-07-26 14:41:24.944,1,7.0,False,,False,True
9301.927,RUS,63,83.759,70.0,3.0,,,29.12,30.525,24.114,9247.303,9277.828,9301.942,307.0,240.0,263.0,327.0,False,HARD,16.0,True,Mercedes,9218.168,2026-07-26 14:42:48.510,1,7.0,False,,False,True
3349.056,BOT,77,100.812,1.0,1.0,,,,35.927,25.514,,3323.664,3349.196,239.0,229.0,256.0,297.0,False,MEDIUM,1.0,True,Cadillac,3248.019,2026-07-26 13:03:18.361,1,21.0,False,,False,False
3439.046,BOT,77,89.99,2.0,1.0,,,30.756,33.966,25.268,3379.867,3413.833,3439.101,244.0,232.0,256.0,332.0,True,MEDIUM,2.0,True,Cadillac,3349.056,2026-07-26 13:04:59.398,1,20.0,False,,False,True
3528.201,BOT,77,89.155,3.0,1.0,,,30.802,33.267,25.086,3469.903,3503.17,3528.256,268.0,229.0,255.0,322.0,True,MEDIUM,3.0,True,Cadillac,3439.046,2026-07-26 13:06:29.388,1,21.0,False,,False,True
3616.16,BOT,77,87.959,4.0,1.0,,,30.228,32.521,25.21,3558.484,3591.005,3616.215,284.0,231.0,254.0,327.0,True,MEDIUM,4.0,True,Cadillac,3528.201,2026-07-26 13:07:58.543,1,21.0,False,,False,True
3705.314,BOT,77,89.154,5.0,1.0,,,30.631,32.867,25.656,3646.846,3679.713,3705.369,280.0,231.0,252.0,327.0,False,MEDIUM,5.0,True,Cadillac,3616.16,2026-07-26 13:09:26.502,1,21.0,False,,False,True
3794.161,BOT,77,88.847,6.0,1.0,,,30.811,32.728,25.308,3736.18,3768.908,3794.216,280.0,230.0,252.0,325.0,False,MEDIUM,6.0,True,Cadillac,3705.314,2026-07-26 13:10:55.656,1,21.0,False,,False,True
3882.925,BOT,77,88.764,7.0,1.0,,,30.775,32.581,25.408,3824.991,3857.572,3882.98,281.0,234.0,252.0,324.0,False,MEDIUM,7.0,True,Cadillac,3794.161,2026-07-26 13:12:24.503,1,21.0,False,,False,True
3971.928,BOT,77,89.003,8.0,1.0,,,30.781,32.829,25.393,3913.761,3946.59,3971.983,279.0,232.0,253.0,318.0,False,MEDIUM,8.0,True,Cadillac,3882.925,2026-07-26 13:13:53.267,1,21.0,False,,False,True
4060.73,BOT,77,88.802,9.0,1.0,,,30.741,32.668,25.393,4002.724,4035.392,4060.785,275.0,228.0,252.0,317.0,False,MEDIUM,9.0,True,Cadillac,3971.928,2026-07-26 13:15:22.270,1,20.0,False,,False,True
4149.604,BOT,77,88.874,10.0,1.0,,,30.863,32.583,25.428,4091.648,4124.231,4149.659,280.0,231.0,252.0,316.0,False,MEDIUM,10.0,True,Cadillac,4060.73,2026-07-26 13:16:51.072,1,20.0,False,,False,True
4238.539,BOT,77,88.935,11.0,1.0,,,30.865,32.737,25.333,4180.524,4213.261,4238.594,272.0,231.0,252.0,316.0,False,MEDIUM,11.0,True,Cadillac,4149.604,2026-07-26 13:18:19.946,1,20.0,False,,False,True
4327.883,BOT,77,89.344,12.0,1.0,,,30.838,33.109,25.397,4269.432,4302.541,4327.938,282.0,229.0,252.0,315.0,False,MEDIUM,12.0,True,Cadillac,4238.539,2026-07-26 13:19:48.881,1,20.0,False,,False,True
4417.504,BOT,77,89.621,13.0,1.0,,,30.918,33.119,25.584,4358.856,4391.975,4417.559,274.0,230.0,251.0,316.0,False,MEDIUM,13.0,True,Cadillac,4327.883,2026-07-26 13:21:18.225,1,20.0,False,,False,True
4552.49,BOT,77,,14.0,1.0,,4552.545,31.423,47.298,,4449.042,4496.45,,255.0,134.0,,316.0,False,MEDIUM,14.0,True,Cadillac,4417.504,2026-07-26 13:22:47.846,1,22.0,False,,False,False
3338.53,PIA,81,90.286,1.0,1.0,,,,31.562,24.279,,3314.43,3338.727,271.0,233.0,260.0,264.0,False,MEDIUM,1.0,True,McLaren,3248.019,2026-07-26 13:03:18.361,1,1.0,False,,False,False
3424.59,PIA,81,86.06,2.0,1.0,,,30.06,31.643,24.357,3368.653,3400.296,3424.653,276.0,234.0,261.0,318.0,True,MEDIUM,2.0,True,McLaren,3338.53,2026-07-26 13:04:48.872,1,1.0,False,,False,True
3509.862,PIA,81,85.272,3.0,1.0,,,29.724,31.241,24.307,3454.377,3485.618,3509.925,281.0,236.0,261.0,317.0,True,MEDIUM,3.0,True,McLaren,3424.59,2026-07-26 13:06:14.932,1,1.0,False,,False,True
3595.016,PIA,81,85.154,4.0,1.0,,,29.886,30.996,24.272,3539.811,3570.807,3595.079,284.0,236.0,260.0,307.0,True,MEDIUM,4.0,True,McLaren,3509.862,2026-07-26 13:07:40.204,1,1.0,False,,False,True
3680.111,PIA,81,85.095,5.0,1.0,,,29.943,30.799,24.353,3625.022,3655.821,3680.174,280.0,239.0,261.0,315.0,True,MEDIUM,5.0,True,McLaren,3595.016,2026-07-26 13:09:05.358,1,1.0,False,,False,True
3765.141,PIA,81,85.03,6.0,1.0,,,29.906,30.915,24.209,3710.08,3740.995,3765.204,283.0,236.0,261.0,317.0,True,MEDIUM,6.0,True,McLaren,3680.111,2026-07-26 13:10:30.453,1,1.0,False,,False,True
3849.981,PIA,81,84.84,7.0,1.0,,,29.709,30.842,24.289,3794.913,3825.755,3850.044,284.0,241.0,260.0,316.0,True,MEDIUM,7.0,True,McLaren,3765.141,2026-07-26 13:11:55.483,1,1.0,False,,False,True
3935.32,PIA,81,85.339,8.0,1.0,,,29.871,31.214,24.254,3879.915,3911.129,3935.383,284.0,234.0,261.0,312.0,False,MEDIUM,8.0,True,McLaren,3849.981,2026-07-26 13:13:20.323,1,1.0,False,,False,True
4020.709,PIA,81,85.389,9.0,1.0,,,29.95,31.135,24.304,3965.333,3996.468,4020.772,284.0,237.0,260.0,316.0,False,MEDIUM,9.0,True,McLaren,3935.32,2026-07-26 13:14:45.662,1,1.0,False,,False,True
4106.375,PIA,81,85.666,10.0,1.0,,,30.07,31.273,24.323,4050.842,4082.115,4106.438,282.0,234.0,261.0,317.0,False,MEDIUM,10.0,True,McLaren,4020.709,2026-07-26 13:16:11.051,1,1.0,False,,False,True
4191.793,PIA,81,85.418,11.0,1.0,,,29.889,31.287,24.242,4136.327,4167.614,4191.856,283.0,233.0,261.0,317.0,False,MEDIUM,11.0,True,McLaren,4106.375,2026-07-26 13:17:36.717,1,1.0,False,,False,True
4277.591,PIA,81,85.798,12.0,1.0,,,30.109,31.361,24.328,4221.965,4253.326,4277.654,282.0,232.0,259.0,316.0,False,MEDIUM,12.0,True,McLaren,4191.793,2026-07-26 13:19:02.135,1,1.0,False,,False,True
4363.516,PIA,81,85.925,13.0,1.0,,,30.154,31.437,24.334,4307.808,4339.245,4363.579,282.0,234.0,260.0,315.0,False,MEDIUM,13.0,True,McLaren,4277.591,2026-07-26 13:20:27.933,1,1.0,False,,False,True
4449.197,PIA,81,85.681,14.0,1.0,,,29.975,31.288,24.418,4393.554,4424.842,4449.26,283.0,237.0,260.0,316.0,False,MEDIUM,14.0,True,McLaren,4363.516,2026-07-26 13:21:53.858,1,1.0,False,,False,True
4534.84,PIA,81,85.643,15.0,1.0,,,29.977,31.206,24.46,4479.237,4510.443,4534.903,282.0,237.0,256.0,317.0,False,MEDIUM,15.0,True,McLaren,4449.197,2026-07-26 13:23:19.539,1,1.0,False,,False,True
4623.358,PIA,81,88.518,16.0,1.0,,4621.739,29.969,31.544,27.005,4564.872,4596.416,4623.421,283.0,234.0,,316.0,False,MEDIUM,16.0,True,McLaren,4534.84,2026-07-26 13:24:45.182,1,2.0,False,,False,False
4728.083,PIA,81,104.725,17.0,2.0,4643.433,,49.324,31.538,23.863,4672.745,4704.283,4728.146,284.0,239.0,263.0,316.0,False,HARD,1.0,True,McLaren,4623.358,2026-07-26 13:26:13.700,1,4.0,False,,False,False
4814.559,PIA,81,86.476,18.0,2.0,,,29.784,32.12,24.572,4757.93,4790.05,4814.622,264.0,235.0,264.0,324.0,False,HARD,2.0,True,McLaren,4728.083,2026-07-26 13:27:58.425,1,3.0,False,,False,True
4899.402,PIA,81,84.843,19.0,2.0,,,29.894,31.004,23.945,4844.516,4875.52,4899.465,279.0,239.0,261.0,331.0,False,HARD,3.0,True,McLaren,4814.559,2026-07-26 13:29:24.901,1,2.0,False,,False,True
4983.909,PIA,81,84.507,20.0,2.0,,,29.671,30.871,23.965,4929.136,4960.007,4983.972,283.0,239.0,261.0,317.0,True,HARD,4.0,True,McLaren,4899.402,2026-07-26 13:30:49.744,1,2.0,False,,False,True
5068.355,PIA,81,84.446,21.0,2.0,,,29.588,30.799,24.059,5013.56,5044.359,5068.418,281.0,238.0,262.0,317.0,True,HARD,5.0,True,McLaren,4983.909,2026-07-26 13:32:14.251,1,2.0,False,,False,True
5152.637,PIA,81,84.282,22.0,2.0,,,29.594,30.746,23.942,5098.012,5128.758,5152.7,283.0,240.0,261.0,319.0,True,HARD,6.0,True,McLaren,5068.355,2026-07-26 13:33:38.697,1,2.0,False,,False,True
5237.115,PIA,81,84.478,23.0,2.0,,,29.726,30.744,24.008,5182.426,5213.17,5237.178,285.0,238.0,262.0,319.0,False,HARD,7.0,True,McLaren,5152.637,2026-07-26 13:35:02.979,1,1.0,False,,False,True
5321.907,PIA,81,84.792,24.0,2.0,,,29.682,30.855,24.255,5266.86,5297.715,5321.97,286.0,237.0,262.0,319.0,False,HARD,8.0,True,McLaren,5237.115,2026-07-26 13:36:27.457,1,1.0,False,,False,True
5406.864,PIA,81,84.957,25.0,2.0,,,29.781,31.03,24.146,5351.751,5382.781,5406.927,286.0,236.0,261.0,317.0,False,HARD,9.0,True,McLaren,5321.907,2026-07-26 13:37:52.249,1,1.0,False,,False,True
5492.269,PIA,81,85.405,26.0,2.0,,,29.921,31.188,24.296,5436.848,5468.036,5492.332,285.0,239.0,261.0,320.0,False,HARD,10.0,True,McLaren,5406.864,2026-07-26 13:39:17.206,1,1.0,False,,False,True
5577.734,PIA,81,85.465,27.0,2.0,,,30.015,31.119,24.331,5522.347,5553.466,5577.797,286.0,237.0,263.0,320.0,False,HARD,11.0,True,McLaren,5492.269,2026-07-26 13:40:42.611,1,1.0,False,,False,True
5662.856,PIA,81,85.122,28.0,2.0,,,29.764,31.075,24.283,5607.561,5638.636,5662.919,287.0,234.0,262.0,321.0,False,HARD,12.0,True,McLaren,5577.734,2026-07-26 13:42:08.076,1,1.0,False,,False,True
5748.688,PIA,81,85.832,29.0,2.0,,,29.798,31.453,24.581,5692.717,5724.17,5748.751,284.0,237.0,262.0,321.0,False,HARD,13.0,True,McLaren,5662.856,2026-07-26 13:43:33.198,1,1.0,False,,False,True
5834.423,PIA,81,85.735,30.0,2.0,,,29.89,31.298,24.547,5778.641,5809.939,5834.486,284.0,234.0,263.0,322.0,False,HARD,14.0,True,McLaren,5748.688,2026-07-26 13:44:59.030,1,1.0,False,,False,True
5920.266,PIA,81,85.843,31.0,2.0,,,29.899,31.419,24.525,5864.385,5895.804,5920.329,287.0,235.0,263.0,323.0,False,HARD,15.0,True,McLaren,5834.423,2026-07-26 13:46:24.765,1,1.0,False,,False,True
6006.097,PIA,81,85.831,32.0,2.0,,,29.876,31.514,24.441,5950.205,5981.719,6006.16,289.0,229.0,263.0,325.0,False,HARD,16.0,True,McLaren,5920.266,2026-07-26 13:47:50.608,1,1.0,False,,False,True
6094.11,PIA,81,88.013,33.0,2.0,,6092.517,29.767,31.242,27.004,6035.927,6067.169,6094.173,285.0,238.0,,323.0,False,HARD,17.0,True,McLaren,6006.097,2026-07-26 13:49:16.439,1,2.0,False,,False,False
6198.209,PIA,81,104.099,34.0,3.0,6114.173,,48.957,31.219,23.923,6143.13,6174.349,6198.272,289.0,235.0,266.0,323.0,False,HARD,1.0,True,McLaren,6094.11,2026-07-26 13:50:44.452,1,5.0,False,,False,False
6282.105,PIA,81,83.896,35.0,3.0,,,29.357,30.737,23.802,6227.629,6258.366,6282.168,288.0,238.0,265.0,321.0,True,HARD,2.0,True,McLaren,6198.209,2026-07-26 13:52:28.551,1,5.0,False,,False,True
6366.24,PIA,81,84.135,36.0,3.0,,,29.353,30.827,23.955,6311.521,6342.348,6366.303,288.0,239.0,264.0,320.0,False,HARD,3.0,True,McLaren,6282.105,2026-07-26 13:53:52.447,1,5.0,False,,False,True
6451.746,PIA,81,85.506,37.0,3.0,,,29.467,31.593,24.446,6395.77,6427.363,6451.809,289.0,231.0,263.0,322.0,False,HARD,4.0,True,McLaren,6366.24,2026-07-26 13:55:16.582,1,4.0,False,,False,True
6538.11,PIA,81,86.364,38.0,3.0,,,31.026,31.507,23.831,6482.835,6514.342,6538.173,276.0,241.0,264.0,326.0,False,HARD,5.0,True,McLaren,6451.746,2026-07-26 13:56:42.088,1,4.0,False,,False,True
6622.512,PIA,81,84.402,39.0,3.0,,,29.404,31.077,23.921,6567.577,6598.654,6622.575,290.0,233.0,262.0,323.0,False,HARD,6.0,True,McLaren,6538.11,2026-07-26 13:58:08.452,12,4.0,False,,False,True
6707.385,PIA,81,84.873,40.0,3.0,,,29.659,31.134,24.08,6652.234,6683.368,6707.448,277.0,240.0,262.0,321.0,False,HARD,7.0,True,McLaren,6622.512,2026-07-26 13:59:32.854,1,4.0,False,,False,True
6791.77,PIA,81,84.385,41.0,3.0,,,29.639,30.857,23.889,6737.087,6767.944,6791.833,290.0,241.0,263.0,322.0,False,HARD,8.0,True,McLaren,6707.385,2026-07-26 14:00:57.727,1,4.0,False,,False,True
6876.042,PIA,81,84.272,42.0,3.0,,,29.527,30.759,23.986,6821.36,6852.119,6876.105,289.0,240.0,262.0,322.0,False,HARD,9.0,True,McLaren,6791.77,2026-07-26 14:02:22.112,1,3.0,False,,False,True
6960.124,PIA,81,84.082,43.0,3.0,,,29.514,30.687,23.881,6905.619,6936.306,6960.187,288.0,240.0,265.0,321.0,False,HARD,10.0,True,McLaren,6876.042,2026-07-26 14:03:46.384,1,3.0,False,,False,True
7044.532,PIA,81,84.408,44.0,3.0,,,29.658,30.694,24.056,6989.845,7020.539,7044.595,289.0,237.0,262.0,321.0,False,HARD,11.0,True,McLaren,6960.124,2026-07-26 14:05:10.466,1,3.0,False,,False,True
7128.838,PIA,81,84.306,45.0,3.0,,,29.608,30.704,23.994,7074.203,7104.907,7128.901,289.0,240.0,263.0,321.0,False,HARD,12.0,True,McLaren,7044.532,2026-07-26 14:06:34.874,1,3.0,False,,False,True
7213.135,PIA,81,84.297,46.0,3.0,,,29.464,30.753,24.08,7158.365,7189.118,7213.198,290.0,239.0,263.0,321.0,False,HARD,13.0,True,McLaren,7128.838,2026-07-26 14:07:59.180,1,3.0,False,,False,True
7297.384,PIA,81,84.249,47.0,3.0,,,29.382,30.719,24.148,7242.58,7273.299,7297.447,289.0,238.0,262.0,322.0,False,HARD,14.0,True,McLaren,7213.135,2026-07-26 14:09:23.477,1,3.0,False,,False,True
7382.071,PIA,81,84.687,48.0,3.0,,,29.585,31.019,24.083,7327.032,7358.051,7382.134,290.0,238.0,263.0,322.0,False,HARD,15.0,True,McLaren,7297.384,2026-07-26 14:10:47.726,1,3.0,False,,False,True
7467.147,PIA,81,85.076,49.0,3.0,,,29.638,30.907,24.531,7411.772,7442.679,7467.21,288.0,241.0,263.0,322.0,False,HARD,16.0,True,McLaren,7382.071,2026-07-26 14:12:12.413,1,3.0,False,,False,True
7551.542,PIA,81,84.395,50.0,3.0,,,29.439,30.809,24.147,7496.649,7527.458,7551.605,289.0,240.0,264.0,322.0,False,HARD,17.0,True,McLaren,7467.147,2026-07-26 14:13:37.489,12,3.0,False,,False,True
7636.256,PIA,81,84.714,51.0,3.0,,,29.62,30.825,24.269,7581.225,7612.05,7636.319,289.0,239.0,265.0,322.0,False,HARD,18.0,True,McLaren,7551.542,2026-07-26 14:15:01.884,1,3.0,False,,False,True
7720.629,PIA,81,84.373,52.0,3.0,,,29.53,30.739,24.104,7665.849,7696.588,7720.692,289.0,236.0,264.0,323.0,False,HARD,19.0,True,McLaren,7636.256,2026-07-26 14:16:26.598,1,3.0,False,,False,True
7805.181,PIA,81,84.552,53.0,3.0,,,29.447,30.842,24.263,7750.139,7780.981,7805.244,290.0,239.0,265.0,323.0,False,HARD,20.0,True,McLaren,7720.629,2026-07-26 14:17:50.971,1,3.0,False,,False,True
7889.781,PIA,81,84.6,54.0,3.0,,,29.479,30.972,24.149,7834.723,7865.695,7889.844,288.0,239.0,264.0,323.0,False,HARD,21.0,True,McLaren,7805.181,2026-07-26 14:19:15.523,1,2.0,False,,False,True
7974.377,PIA,81,84.596,55.0,3.0,,,29.497,30.874,24.225,7919.341,7950.215,7974.44,291.0,237.0,261.0,323.0,False,HARD,22.0,True,McLaren,7889.781,2026-07-26 14:20:40.123,1,2.0,False,,False,True
8124.377,PIA,81,,56.0,3.0,,,,,,,,,,,,,,HARD,23.0,True,McLaren,7974.377,2026-07-26 14:22:04.719,1267,,False,,True,False
3347.021,BEA,87,98.777,1.0,1.0,,,,34.798,25.516,,3321.727,3347.211,232.0,233.0,256.0,287.0,False,MEDIUM,1.0,True,Haas F1 Team,3248.019,2026-07-26 13:03:18.361,1,16.0,False,,False,False
3435.94,BEA,87,88.919,2.0,1.0,,,30.409,33.014,25.496,3377.439,3410.453,3435.949,260.0,236.0,255.0,330.0,True,MEDIUM,2.0,True,Haas F1 Team,3347.021,2026-07-26 13:04:57.363,1,16.0,False,,False,True
3523.948,BEA,87,88.008,3.0,1.0,,,30.314,32.534,25.16,3466.263,3498.797,3523.957,269.0,234.0,258.0,330.0,True,MEDIUM,3.0,True,Haas F1 Team,3435.94,2026-07-26 13:06:26.282,1,16.0,False,,False,True
3612.671,BEA,87,88.723,4.0,1.0,,,31.042,32.569,25.112,3554.999,3587.568,3612.68,269.0,233.0,255.0,331.0,False,MEDIUM,4.0,True,Haas F1 Team,3523.948,2026-07-26 13:07:54.290,1,17.0,False,,False,True
3701.133,BEA,87,88.462,5.0,1.0,,,30.47,32.566,25.426,3643.15,3675.716,3701.142,265.0,237.0,255.0,328.0,False,MEDIUM,5.0,True,Haas F1 Team,3612.671,2026-07-26 13:09:23.013,1,17.0,False,,False,True
3789.245,BEA,87,88.112,6.0,1.0,,,30.702,32.327,25.083,3731.844,3764.171,3789.254,275.0,234.0,256.0,329.0,False,MEDIUM,6.0,True,Haas F1 Team,3701.133,2026-07-26 13:10:51.475,1,17.0,False,,False,True
3877.427,BEA,87,88.182,7.0,1.0,,,30.754,32.15,25.278,3820.008,3852.158,3877.436,278.0,234.0,255.0,321.0,False,MEDIUM,7.0,True,Haas F1 Team,3789.245,2026-07-26 13:12:19.587,1,17.0,False,,False,True
3965.46,BEA,87,88.033,8.0,1.0,,,30.562,32.228,25.243,3907.998,3940.226,3965.469,282.0,231.0,255.0,318.0,False,MEDIUM,8.0,True,Haas F1 Team,3877.427,2026-07-26 13:13:47.769,1,17.0,False,,False,True
4053.545,BEA,87,88.085,9.0,1.0,,,30.516,32.302,25.267,3995.985,4028.287,4053.554,279.0,233.0,254.0,320.0,False,MEDIUM,9.0,True,Haas F1 Team,3965.46,2026-07-26 13:15:15.802,1,17.0,False,,False,True
4141.777,BEA,87,88.232,10.0,1.0,,,30.609,32.357,25.266,4084.163,4116.52,4141.786,283.0,231.0,255.0,319.0,False,MEDIUM,10.0,True,Haas F1 Team,4053.545,2026-07-26 13:16:43.887,1,17.0,False,,False,True
4229.906,BEA,87,88.129,11.0,1.0,,,30.515,32.376,25.238,4172.301,4204.677,4229.915,281.0,233.0,252.0,318.0,False,MEDIUM,11.0,True,Haas F1 Team,4141.777,2026-07-26 13:18:12.119,1,17.0,False,,False,True
4318.265,BEA,87,88.359,12.0,1.0,,,30.614,32.4,25.345,4260.529,4292.929,4318.274,280.0,234.0,253.0,317.0,False,MEDIUM,12.0,True,Haas F1 Team,4229.906,2026-07-26 13:19:40.248,1,17.0,False,,False,True
4406.877,BEA,87,88.612,13.0,1.0,,,30.553,32.548,25.511,4348.827,4381.375,4406.886,282.0,232.0,254.0,318.0,False,MEDIUM,13.0,True,Haas F1 Team,4318.265,2026-07-26 13:21:08.607,1,17.0,False,,False,True
4495.389,BEA,87,88.512,14.0,1.0,,,30.473,32.516,25.523,4437.359,4469.875,4495.398,283.0,232.0,254.0,318.0,False,MEDIUM,14.0,True,Haas F1 Team,4406.877,2026-07-26 13:22:37.219,1,17.0,False,,False,True
4583.878,BEA,87,88.489,15.0,1.0,,,30.707,32.447,25.335,4526.105,4558.552,4583.887,282.0,231.0,254.0,319.0,False,MEDIUM,15.0,True,Haas F1 Team,4495.389,2026-07-26 13:24:05.731,1,17.0,False,,False,True
4672.261,BEA,87,88.383,16.0,1.0,,,30.505,32.446,25.432,4614.392,4646.838,4672.27,284.0,231.0,253.0,318.0,False,MEDIUM,16.0,True,Haas F1 Team,4583.878,2026-07-26 13:25:34.220,1,16.0,False,,False,True
4760.624,BEA,87,88.363,17.0,1.0,,,30.558,32.515,25.29,4702.828,4735.343,4760.633,283.0,230.0,254.0,317.0,False,MEDIUM,17.0,True,Haas F1 Team,4672.261,2026-07-26 13:27:02.603,1,15.0,False,,False,True
4848.522,BEA,87,87.898,18.0,1.0,,,30.265,32.349,25.284,4790.898,4823.247,4848.531,281.0,233.0,255.0,317.0,True,MEDIUM,18.0,True,Haas F1 Team,4760.624,2026-07-26 13:28:30.966,1,14.0,False,,False,True
4936.605,BEA,87,88.083,19.0,1.0,,,30.512,32.371,25.2,4879.043,4911.414,4936.614,286.0,232.0,254.0,317.0,False,MEDIUM,19.0,True,Haas F1 Team,4848.522,2026-07-26 13:29:58.864,1,14.0,False,,False,True
5024.961,BEA,87,88.356,20.0,1.0,,,30.325,32.526,25.505,4966.939,4999.465,5024.97,283.0,232.0,250.0,318.0,False,MEDIUM,20.0,True,Haas F1 Team,4936.605,2026-07-26 13:31:26.947,1,14.0,False,,False,True
5114.156,BEA,87,89.195,21.0,1.0,,,30.661,32.902,25.632,5055.631,5088.533,5114.165,273.0,235.0,255.0,323.0,False,MEDIUM,21.0,True,Haas F1 Team,5024.961,2026-07-26 13:32:55.303,1,14.0,False,,False,True
5205.16,BEA,87,91.004,22.0,1.0,,5203.451,31.139,32.643,27.222,5145.304,5177.947,5205.169,276.0,237.0,,319.0,False,MEDIUM,22.0,True,Haas F1 Team,5114.156,2026-07-26 13:34:24.498,1,15.0,False,,False,False
5311.0,BEA,87,105.84,23.0,2.0,5226.041,,49.703,31.662,24.475,5254.872,5286.534,5311.009,278.0,236.0,258.0,319.0,False,HARD,1.0,True,Haas F1 Team,5205.16,2026-07-26 13:35:55.502,1,20.0,False,,False,False
5396.884,BEA,87,85.884,24.0,2.0,,,29.78,31.576,24.528,5340.789,5372.365,5396.893,282.0,240.0,257.0,319.0,True,HARD,2.0,True,Haas F1 Team,5311.0,2026-07-26 13:37:41.342,1,20.0,False,,False,True
5483.511,BEA,87,86.627,25.0,2.0,,,30.035,31.785,24.807,5426.928,5458.713,5483.52,278.0,238.0,253.0,319.0,False,HARD,3.0,True,Haas F1 Team,5396.884,2026-07-26 13:39:07.226,1,20.0,False,,False,True
5570.489,BEA,87,86.978,26.0,2.0,,,30.284,31.879,24.815,5513.804,5545.683,5570.498,279.0,237.0,258.0,318.0,False,HARD,4.0,True,Haas F1 Team,5483.511,2026-07-26 13:40:33.853,1,20.0,False,,False,True
5657.461,BEA,87,86.972,27.0,2.0,,,30.154,31.857,24.961,5600.652,5632.509,5657.47,281.0,234.0,257.0,321.0,False,HARD,5.0,True,Haas F1 Team,5570.489,2026-07-26 13:42:00.831,1,19.0,False,,False,True
5744.576,BEA,87,87.115,28.0,2.0,,,30.106,32.018,24.991,5687.576,5719.594,5744.585,285.0,233.0,261.0,322.0,False,HARD,6.0,True,Haas F1 Team,5657.461,2026-07-26 13:43:27.803,1,19.0,False,,False,True
5831.698,BEA,87,87.122,29.0,2.0,,,30.165,31.898,25.059,5774.75,5806.648,5831.707,278.0,237.0,257.0,325.0,False,HARD,7.0,True,Haas F1 Team,5744.576,2026-07-26 13:44:54.918,1,19.0,False,,False,True
5919.08,BEA,87,87.382,30.0,2.0,,,30.262,31.95,25.17,5861.969,5893.919,5919.089,283.0,233.0,259.0,331.0,False,HARD,8.0,True,Haas F1 Team,5831.698,2026-07-26 13:46:22.040,1,19.0,False,,False,True
6008.91,BEA,87,89.83,31.0,2.0,,,31.717,32.852,25.261,5950.806,5983.658,6008.919,144.0,238.0,257.0,333.0,False,HARD,9.0,True,Haas F1 Team,5919.08,2026-07-26 13:47:49.422,1,19.0,False,,False,True
6098.048,BEA,87,89.138,32.0,2.0,,,31.352,32.333,25.453,6040.271,6072.604,6098.057,278.0,235.0,256.0,333.0,False,HARD,10.0,True,Haas F1 Team,6008.91,2026-07-26 13:49:19.252,1,19.0,False,,False,True
6187.679,BEA,87,89.631,33.0,2.0,,,30.525,32.032,27.074,6128.582,6160.614,6187.688,278.0,235.0,260.0,331.0,False,HARD,11.0,True,Haas F1 Team,6098.048,2026-07-26 13:50:48.390,1,19.0,False,,False,True
6275.287,BEA,87,87.608,34.0,2.0,,,30.243,32.075,25.29,6217.931,6250.006,6275.296,285.0,235.0,258.0,333.0,False,HARD,12.0,True,Haas F1 Team,6187.679,2026-07-26 13:52:18.021,1,19.0,False,,False,True
6363.556,BEA,87,88.269,35.0,2.0,,,30.585,32.417,25.267,6305.881,6338.298,6363.565,274.0,238.0,258.0,334.0,False,HARD,13.0,True,Haas F1 Team,6275.287,2026-07-26 13:53:45.629,1,18.0,False,,False,True
6452.795,BEA,87,89.239,36.0,2.0,,,30.656,32.694,25.889,6394.221,6426.915,6452.804,265.0,234.0,260.0,333.0,False,HARD,14.0,True,Haas F1 Team,6363.556,2026-07-26 13:55:13.898,1,18.0,False,,False,True
6542.71,BEA,87,89.915,37.0,2.0,,,30.188,33.682,26.045,6482.992,6516.674,6542.719,247.0,232.0,256.0,332.0,False,HARD,15.0,True,Haas F1 Team,6452.795,2026-07-26 13:56:43.137,1,18.0,False,,False,True
6639.01,BEA,87,96.3,38.0,2.0,,,37.71,33.076,25.514,6580.429,6613.505,6639.019,261.0,237.0,249.0,335.0,False,HARD,16.0,True,Haas F1 Team,6542.71,2026-07-26 13:58:13.052,12,18.0,True,TRACK LIMITS AT TURN 2 LAP 38 ,False,True
6726.302,BEA,87,87.292,39.0,2.0,,,30.338,31.987,24.967,6669.357,6701.344,6726.311,285.0,237.0,258.0,320.0,False,HARD,17.0,True,Haas F1 Team,6639.01,2026-07-26 13:59:49.352,1,18.0,False,,False,True
6814.936,BEA,87,88.634,40.0,2.0,,,31.395,32.288,24.951,6757.706,6789.994,6814.945,278.0,234.0,257.0,320.0,False,HARD,18.0,True,Haas F1 Team,6726.302,2026-07-26 14:01:16.644,1,18.0,False,,False,True
6904.63,BEA,87,89.694,41.0,2.0,,,32.005,32.494,25.195,6846.95,6879.444,6904.639,273.0,239.0,256.0,321.0,False,HARD,19.0,True,Haas F1 Team,6814.936,2026-07-26 14:02:45.278,1,19.0,False,,False,True
6994.002,BEA,87,89.372,42.0,2.0,,6992.401,30.186,32.071,27.115,6934.825,6966.896,6994.011,282.0,232.0,,321.0,False,HARD,20.0,True,Haas F1 Team,6904.63,2026-07-26 14:04:14.972,1,20.0,False,,False,False
7099.918,BEA,87,105.916,43.0,3.0,7014.597,,49.684,31.738,24.494,7043.695,7075.433,7099.927,278.0,239.0,260.0,321.0,False,HARD,1.0,True,Haas F1 Team,6994.002,2026-07-26 14:05:44.344,1,20.0,False,,False,False
7186.091,BEA,87,86.173,44.0,3.0,,,29.83,31.724,24.619,7129.757,7161.481,7186.1,281.0,242.0,260.0,321.0,False,HARD,2.0,True,Haas F1 Team,7099.918,2026-07-26 14:07:30.260,1,20.0,False,,False,True
7272.325,BEA,87,86.234,45.0,3.0,,,29.875,31.69,24.669,7215.975,7247.665,7272.334,285.0,241.0,262.0,332.0,False,HARD,3.0,True,Haas F1 Team,7186.091,2026-07-26 14:08:56.433,1,20.0,False,,False,True
7358.639,BEA,87,86.314,46.0,3.0,,,29.907,31.724,24.683,7302.241,7333.965,7358.648,277.0,236.0,262.0,334.0,False,HARD,4.0,True,Haas F1 Team,7272.325,2026-07-26 14:10:22.667,1,20.0,False,,False,True
7445.106,BEA,87,86.467,47.0,3.0,,,30.057,31.664,24.746,7388.705,7420.369,7445.115,282.0,244.0,258.0,324.0,False,HARD,5.0,True,Haas F1 Team,7358.639,2026-07-26 14:11:48.981,1,20.0,False,,False,True
7531.273,BEA,87,86.167,48.0,3.0,,,29.978,31.521,24.668,7475.093,7506.614,7531.282,283.0,241.0,261.0,322.0,False,HARD,6.0,True,Haas F1 Team,7445.106,2026-07-26 14:13:15.448,12,20.0,False,,False,True
7617.457,BEA,87,86.184,49.0,3.0,,,29.79,31.496,24.898,7561.072,7592.568,7617.466,288.0,240.0,260.0,324.0,False,HARD,7.0,True,Haas F1 Team,7531.273,2026-07-26 14:14:41.615,1,20.0,False,,False,True
7705.746,BEA,87,88.289,50.0,3.0,,,31.176,32.4,24.713,7648.642,7681.042,7705.755,195.0,240.0,260.0,331.0,False,HARD,8.0,True,Haas F1 Team,7617.457,2026-07-26 14:16:07.799,1,20.0,False,,False,True
7792.16,BEA,87,86.414,51.0,3.0,,,29.982,31.683,24.749,7735.737,7767.42,7792.169,289.0,241.0,259.0,324.0,False,HARD,9.0,True,Haas F1 Team,7705.746,2026-07-26 14:17:36.088,1,20.0,False,,False,True
7879.445,BEA,87,87.285,52.0,3.0,,,30.89,31.678,24.717,7823.059,7854.737,7879.454,284.0,240.0,259.0,324.0,False,HARD,10.0,True,Haas F1 Team,7792.16,2026-07-26 14:19:02.502,1,20.0,False,,False,True
7965.98,BEA,87,86.535,53.0,3.0,,,30.026,31.687,24.822,7909.48,7941.167,7965.989,286.0,239.0,260.0,324.0,False,HARD,11.0,True,Haas F1 Team,7879.445,2026-07-26 14:20:29.787,1,20.0,False,,False,True
8060.616,BEA,87,94.636,54.0,3.0,,,29.971,32.315,32.35,7995.96,8028.275,8060.625,289.0,144.0,189.0,324.0,False,HARD,12.0,True,Haas F1 Team,7965.98,2026-07-26 14:21:56.322,126,20.0,False,,False,False
8160.761,BEA,87,100.145,55.0,3.0,,,40.594,34.044,25.507,8101.219,8135.263,8160.77,204.0,238.0,258.0,223.0,False,HARD,13.0,True,Haas F1 Team,8060.616,2026-07-26 14:23:30.958,671,18.0,False,,False,False
8247.79,BEA,87,87.029,56.0,3.0,,,30.703,31.699,24.627,8191.473,8223.172,8247.799,276.0,239.0,258.0,334.0,False,HARD,14.0,True,Haas F1 Team,8160.761,2026-07-26 14:25:11.103,1,17.0,False,,False,True
8334.206,BEA,87,86.416,57.0,3.0,,,30.26,31.544,24.612,8278.059,8309.603,8334.215,287.0,239.0,260.0,324.0,False,HARD,15.0,True,Haas F1 Team,8247.79,2026-07-26 14:26:38.132,1,17.0,False,,False,True
8420.569,BEA,87,86.363,58.0,3.0,,,30.003,31.649,24.711,8364.218,8395.867,8420.578,285.0,242.0,262.0,323.0,False,HARD,16.0,True,Haas F1 Team,8334.206,2026-07-26 14:28:04.548,1,17.0,False,,False,True
8507.714,BEA,87,87.145,59.0,3.0,,,30.601,31.969,24.575,8451.179,8483.148,8507.723,211.0,239.0,262.0,326.0,False,HARD,17.0,True,Haas F1 Team,8420.569,2026-07-26 14:29:30.911,1,17.0,False,,False,True
8594.625,BEA,87,86.911,60.0,3.0,,,29.926,31.96,25.025,8537.649,8569.609,8594.634,291.0,241.0,263.0,336.0,False,HARD,18.0,True,Haas F1 Team,8507.714,2026-07-26 14:30:58.056,1,17.0,False,,False,True
8683.31,BEA,87,88.685,61.0,3.0,,,31.502,32.049,25.134,8626.136,8658.185,8683.319,280.0,239.0,264.0,337.0,False,HARD,19.0,True,Haas F1 Team,8594.625,2026-07-26 14:32:24.967,1,17.0,False,,False,True
8770.413,BEA,87,87.103,62.0,3.0,,,30.059,31.681,25.363,8713.378,8745.059,8770.422,291.0,241.0,259.0,326.0,False,HARD,20.0,True,Haas F1 Team,8683.31,2026-07-26 14:33:53.652,1,17.0,False,,False,True
8857.797,BEA,87,87.384,63.0,3.0,,,30.001,32.12,25.263,8800.423,8832.543,8857.806,290.0,233.0,264.0,335.0,False,HARD,21.0,True,Haas F1 Team,8770.413,2026-07-26 14:35:20.755,1,17.0,False,,False,True
8944.832,BEA,87,87.035,64.0,3.0,,,29.816,32.174,25.045,8887.622,8919.796,8944.841,292.0,237.0,264.0,339.0,False,HARD,22.0,True,Haas F1 Team,8857.797,2026-07-26 14:36:48.139,1,17.0,False,,False,True
9032.12,BEA,87,87.288,65.0,3.0,,,29.862,32.295,25.131,8974.703,9006.998,9032.129,290.0,241.0,266.0,339.0,False,HARD,23.0,True,Haas F1 Team,8944.832,2026-07-26 14:38:15.174,1,17.0,False,,False,True
9119.762,BEA,87,87.642,66.0,3.0,,,29.974,32.511,25.157,9062.103,9094.614,9119.771,282.0,239.0,264.0,339.0,False,HARD,24.0,True,Haas F1 Team,9032.12,2026-07-26 14:39:42.462,1,17.0,False,,False,True
9207.662,BEA,87,87.9,67.0,3.0,,,30.176,32.536,25.188,9149.947,9182.483,9207.671,271.0,236.0,265.0,338.0,False,HARD,25.0,True,Haas F1 Team,9119.762,2026-07-26 14:41:10.104,1,17.0,False,,False,True
9296.622,BEA,87,88.96,68.0,3.0,,,30.338,33.073,25.549,9238.009,9271.082,9296.631,271.0,238.0,261.0,340.0,False,HARD,26.0,True,Haas F1 Team,9207.662,2026-07-26 14:42:38.004,1,17.0,False,,False,True
