Time,Driver,DriverNumber,LapTime,LapNumber,Stint,PitOutTime,PitInTime,Sector1Time,Sector2Time,Sector3Time,Sector1SessionTime,Sector2SessionTime,Sector3SessionTime,SpeedI1,SpeedI2,SpeedFL,SpeedST,IsPersonalBest,Compound,TyreLife,FreshTyre,Team,LapStartTime,LapStartDate,TrackStatus,Position,Deleted,DeletedReason,FastF1Generated,IsAccurate
3595.878,NOR,1,101.813,1.0,1.0,,,,36.257,32.846,,3563.121,3595.944,201.0,251.0,222.0,298.0,False,MEDIUM,1.0,True,McLaren,3493.809,2026-09-13 13:04:04.249,12,1.0,False,,False,False
3695.282,NOR,1,99.404,2.0,1.0,,,30.504,35.647,33.253,3626.415,3662.062,3695.315,218.0,247.0,217.0,295.0,True,MEDIUM,2.0,True,McLaren,3595.878,2026-09-13 13:05:46.318,1,1.0,False,,False,True
3795.393,NOR,1,100.111,3.0,1.0,,,30.661,36.019,33.431,3725.976,3761.995,3795.426,218.0,250.0,220.0,294.0,False,MEDIUM,3.0,True,McLaren,3695.282,2026-09-13 13:07:25.722,1,1.0,False,,False,True
3895.512,NOR,1,100.119,4.0,1.0,,,30.37,36.213,33.536,3825.796,3862.009,3895.545,220.0,249.0,220.0,287.0,False,MEDIUM,4.0,True,McLaren,3795.393,2026-09-13 13:09:05.833,1,1.0,False,,False,True
3995.276,NOR,1,99.764,5.0,1.0,,,30.385,36.044,33.335,3925.93,3961.974,3995.309,218.0,250.0,220.0,291.0,False,MEDIUM,5.0,True,McLaren,3895.512,2026-09-13 13:10:45.952,12,1.0,False,,False,True
4094.621,NOR,1,99.345,6.0,1.0,,,30.389,35.842,33.114,4025.698,4061.54,4094.654,223.0,252.0,221.0,295.0,True,MEDIUM,6.0,True,McLaren,3995.276,2026-09-13 13:12:25.716,21,1.0,False,,False,True
4194.119,NOR,1,99.498,7.0,1.0,,,30.334,35.872,33.292,4124.988,4160.86,4194.152,222.0,252.0,221.0,294.0,False,MEDIUM,7.0,True,McLaren,4094.621,2026-09-13 13:14:05.061,1,1.0,False,,False,True
4293.462,NOR,1,99.343,8.0,1.0,,,30.307,35.78,33.256,4224.459,4260.239,4293.495,222.0,252.0,220.0,299.0,True,MEDIUM,8.0,True,McLaren,4194.119,2026-09-13 13:15:44.559,1,1.0,False,,False,True
4392.584,NOR,1,99.122,9.0,1.0,,,30.233,35.709,33.18,4323.728,4359.437,4392.617,222.0,252.0,220.0,296.0,True,MEDIUM,9.0,True,McLaren,4293.462,2026-09-13 13:17:23.902,1,1.0,False,,False,True
4491.675,NOR,1,99.091,10.0,1.0,,,30.297,35.713,33.081,4422.914,4458.627,4491.708,220.0,253.0,222.0,292.0,True,MEDIUM,10.0,True,McLaren,4392.584,2026-09-13 13:19:03.024,1,1.0,False,,False,True
4590.904,NOR,1,99.229,11.0,1.0,,,30.362,35.794,33.073,4522.07,4557.864,4590.937,222.0,254.0,222.0,292.0,False,MEDIUM,11.0,True,McLaren,4491.675,2026-09-13 13:20:42.115,1,1.0,False,,False,True
4690.199,NOR,1,99.295,12.0,1.0,,,30.309,35.766,33.22,4621.246,4657.012,4690.232,220.0,252.0,221.0,292.0,False,MEDIUM,12.0,True,McLaren,4590.904,2026-09-13 13:22:21.344,1,1.0,False,,False,True
4789.621,NOR,1,99.422,13.0,1.0,,,30.484,35.759,33.179,4720.716,4756.475,4789.654,220.0,255.0,219.0,292.0,False,MEDIUM,13.0,True,McLaren,4690.199,2026-09-13 13:24:00.639,1,1.0,False,,False,True
4889.951,NOR,1,100.33,14.0,1.0,,,30.384,35.89,34.056,4820.038,4855.928,4889.984,222.0,253.0,196.0,291.0,False,MEDIUM,14.0,True,McLaren,4789.621,2026-09-13 13:25:40.061,126,1.0,False,,False,False
5036.075,NOR,1,146.124,15.0,1.0,,5035.22,50.861,48.134,47.129,4940.845,4988.979,5036.108,196.0,210.0,,107.0,False,MEDIUM,15.0,True,McLaren,4889.951,2026-09-13 13:27:20.391,671,1.0,False,,False,False
5162.585,NOR,1,126.51,16.0,2.0,5070.219,,57.867,36.076,32.567,5093.975,5130.051,5162.618,211.0,251.0,224.0,243.0,False,HARD,1.0,True,McLaren,5036.075,2026-09-13 13:29:46.515,1,5.0,False,,False,False
5260.871,NOR,1,98.286,17.0,2.0,,,29.899,35.7,32.687,5192.517,5228.217,5260.904,220.0,251.0,224.0,291.0,True,HARD,2.0,True,McLaren,5162.585,2026-09-13 13:31:53.025,1,5.0,False,,False,True
5358.831,NOR,1,97.96,18.0,2.0,,,29.923,35.485,32.552,5290.827,5326.312,5358.864,221.0,256.0,223.0,295.0,True,HARD,3.0,True,McLaren,5260.871,2026-09-13 13:33:31.311,1,5.0,False,,False,True
5457.056,NOR,1,98.225,19.0,2.0,,,29.86,35.638,32.727,5388.724,5424.362,5457.089,222.0,255.0,222.0,294.0,False,HARD,4.0,True,McLaren,5358.831,2026-09-13 13:35:09.271,1,5.0,False,,False,True
5555.041,NOR,1,97.985,20.0,2.0,,,29.822,35.479,32.684,5486.911,5522.39,5555.074,224.0,252.0,224.0,296.0,False,HARD,5.0,True,McLaren,5457.056,2026-09-13 13:36:47.496,1,5.0,False,,False,True
5653.28,NOR,1,98.239,21.0,2.0,,,29.799,35.645,32.795,5584.873,5620.518,5653.313,221.0,252.0,222.0,295.0,False,HARD,6.0,True,McLaren,5555.041,2026-09-13 13:38:25.481,1,5.0,False,,False,True
5751.447,NOR,1,98.167,22.0,2.0,,,29.921,35.516,32.73,5683.234,5718.75,5751.48,221.0,252.0,221.0,294.0,False,HARD,7.0,True,McLaren,5653.28,2026-09-13 13:40:03.720,1,5.0,False,,False,True
5849.623,NOR,1,98.176,23.0,2.0,,,29.841,35.414,32.921,5781.321,5816.735,5849.656,222.0,256.0,221.0,292.0,False,HARD,8.0,True,McLaren,5751.447,2026-09-13 13:41:41.887,1,5.0,False,,False,True
5947.674,NOR,1,98.051,24.0,2.0,,,29.859,35.478,32.714,5879.515,5914.993,5947.707,225.0,256.0,222.0,296.0,False,HARD,9.0,True,McLaren,5849.623,2026-09-13 13:43:20.063,1,5.0,False,,False,True
6046.195,NOR,1,98.521,25.0,2.0,,,29.876,35.648,32.997,5977.583,6013.231,6046.228,223.0,254.0,224.0,298.0,False,HARD,10.0,True,McLaren,5947.674,2026-09-13 13:44:58.114,1,5.0,False,,False,True
6145.093,NOR,1,98.898,26.0,2.0,,,29.824,35.892,33.182,6076.052,6111.944,6145.126,219.0,249.0,222.0,295.0,False,HARD,11.0,True,McLaren,6046.195,2026-09-13 13:46:36.635,1,5.0,False,,False,True
6244.128,NOR,1,99.035,27.0,2.0,,,29.957,35.969,33.109,6175.083,6211.052,6244.161,218.0,251.0,223.0,286.0,False,HARD,12.0,True,McLaren,6145.093,2026-09-13 13:48:15.533,1,5.0,False,,False,True
6342.997,NOR,1,98.869,28.0,2.0,,,29.77,35.886,33.213,6273.931,6309.817,6343.03,219.0,255.0,220.0,295.0,False,HARD,13.0,True,McLaren,6244.128,2026-09-13 13:49:54.568,1,4.0,False,,False,True
6440.706,NOR,1,97.709,29.0,2.0,,,29.409,35.379,32.921,6372.439,6407.818,6440.739,222.0,253.0,223.0,304.0,True,HARD,14.0,True,McLaren,6342.997,2026-09-13 13:51:33.437,1,4.0,False,,False,True
6538.943,NOR,1,98.237,30.0,2.0,,,29.845,35.457,32.935,6470.584,6506.041,6538.976,223.0,251.0,225.0,301.0,False,HARD,15.0,True,McLaren,6440.706,2026-09-13 13:53:11.146,1,4.0,False,,False,True
6636.554,NOR,1,97.611,31.0,2.0,,,29.493,35.325,32.793,6568.469,6603.794,6636.587,223.0,253.0,223.0,301.0,True,HARD,16.0,True,McLaren,6538.943,2026-09-13 13:54:49.383,1,4.0,False,,False,True
6734.678,NOR,1,98.124,32.0,2.0,,,29.646,35.309,33.169,6666.233,6701.542,6734.711,223.0,252.0,222.0,301.0,False,HARD,17.0,True,McLaren,6636.554,2026-09-13 13:56:26.994,1,4.0,False,,False,True
6832.151,NOR,1,97.473,33.0,2.0,,,29.659,35.328,32.486,6764.37,6799.698,6832.184,223.0,254.0,223.0,304.0,True,HARD,18.0,True,McLaren,6734.678,2026-09-13 13:58:05.118,1,4.0,False,,False,True
6929.284,NOR,1,97.133,34.0,2.0,,,29.481,35.232,32.42,6861.665,6896.897,6929.317,224.0,253.0,224.0,299.0,True,HARD,19.0,True,McLaren,6832.151,2026-09-13 13:59:42.591,1,4.0,False,,False,True
7026.444,NOR,1,97.16,35.0,2.0,,,29.4,35.265,32.495,6958.717,6993.982,7026.477,224.0,255.0,224.0,304.0,False,HARD,20.0,True,McLaren,6929.284,2026-09-13 14:01:19.724,1,4.0,False,,False,True
7123.473,NOR,1,97.029,36.0,2.0,,,29.513,35.038,32.478,7055.99,7091.028,7123.506,223.0,254.0,223.0,305.0,True,HARD,21.0,True,McLaren,7026.444,2026-09-13 14:02:56.884,1,4.0,False,,False,True
7221.178,NOR,1,97.705,37.0,2.0,,,29.519,35.293,32.893,7153.025,7188.318,7221.211,222.0,249.0,223.0,305.0,False,HARD,22.0,True,McLaren,7123.473,2026-09-13 14:04:33.913,1,4.0,False,,False,True
7318.075,NOR,1,96.897,38.0,2.0,,,29.541,34.937,32.419,7250.752,7285.689,7318.108,221.0,256.0,224.0,306.0,True,HARD,23.0,True,McLaren,7221.178,2026-09-13 14:06:11.618,1,4.0,False,,False,True
7415.026,NOR,1,96.951,39.0,2.0,,,29.349,35.098,32.504,7347.457,7382.555,7415.059,225.0,256.0,223.0,306.0,False,HARD,24.0,True,McLaren,7318.075,2026-09-13 14:07:48.515,1,4.0,False,,False,True
7511.822,NOR,1,96.796,40.0,2.0,,,29.31,34.943,32.543,7444.369,7479.312,7511.855,223.0,257.0,223.0,304.0,True,HARD,25.0,True,McLaren,7415.026,2026-09-13 14:09:25.466,1,4.0,False,,False,True
7609.03,NOR,1,97.208,41.0,2.0,,,29.452,35.025,32.731,7541.307,7576.332,7609.063,222.0,256.0,223.0,307.0,False,HARD,26.0,True,McLaren,7511.822,2026-09-13 14:11:02.262,1,4.0,False,,False,True
7706.097,NOR,1,97.067,42.0,2.0,,,29.38,34.974,32.713,7638.443,7673.417,7706.13,225.0,259.0,225.0,305.0,False,HARD,27.0,True,McLaren,7609.03,2026-09-13 14:12:39.470,1,4.0,False,,False,True
7803.246,NOR,1,97.149,43.0,2.0,,,29.287,35.163,32.699,7735.417,7770.58,7803.279,223.0,260.0,225.0,305.0,False,HARD,28.0,True,McLaren,7706.097,2026-09-13 14:14:16.537,1,4.0,False,,False,True
7900.336,NOR,1,97.09,44.0,2.0,,,29.311,35.112,32.667,7832.59,7867.702,7900.369,222.0,256.0,225.0,289.0,False,HARD,29.0,True,McLaren,7803.246,2026-09-13 14:15:53.686,1,4.0,False,,False,True
7997.462,NOR,1,97.126,45.0,2.0,,,29.537,34.905,32.684,7929.906,7964.811,7997.495,222.0,258.0,224.0,300.0,False,HARD,30.0,True,McLaren,7900.336,2026-09-13 14:17:30.776,1,4.0,False,,False,True
8094.795,NOR,1,97.333,46.0,2.0,,,29.408,35.145,32.78,8026.903,8062.048,8094.828,223.0,256.0,224.0,303.0,False,HARD,31.0,True,McLaren,7997.462,2026-09-13 14:19:07.902,1,4.0,False,,False,True
8192.122,NOR,1,97.327,47.0,2.0,,,29.548,35.002,32.777,8124.376,8159.378,8192.155,222.0,255.0,225.0,310.0,False,HARD,32.0,True,McLaren,8094.795,2026-09-13 14:20:45.235,1,4.0,False,,False,True
8289.469,NOR,1,97.347,48.0,2.0,,,29.288,35.115,32.944,8221.443,8256.558,8289.502,221.0,257.0,224.0,303.0,False,HARD,33.0,True,McLaren,8192.122,2026-09-13 14:22:22.562,1,3.0,False,,False,True
8386.468,NOR,1,96.999,49.0,2.0,,,29.425,34.934,32.64,8318.927,8353.861,8386.501,222.0,256.0,225.0,280.0,False,HARD,34.0,True,McLaren,8289.469,2026-09-13 14:23:59.909,1,3.0,False,,False,True
8483.603,NOR,1,97.135,50.0,2.0,,,29.463,35.005,32.667,8415.964,8450.969,8483.636,217.0,256.0,223.0,282.0,False,HARD,35.0,True,McLaren,8386.468,2026-09-13 14:25:36.908,1,3.0,False,,False,True
8580.503,NOR,1,96.9,51.0,2.0,,,29.354,34.875,32.671,8512.99,8547.865,8580.536,226.0,259.0,223.0,307.0,False,HARD,36.0,True,McLaren,8483.603,2026-09-13 14:27:14.043,1,3.0,False,,False,True
8677.183,NOR,1,96.68,52.0,2.0,,,29.331,34.755,32.594,8609.867,8644.622,8677.216,222.0,256.0,223.0,308.0,True,HARD,37.0,True,McLaren,8580.503,2026-09-13 14:28:50.943,1,3.0,False,,False,True
8774.166,NOR,1,96.983,53.0,2.0,,,29.375,35.034,32.574,8706.591,8741.625,8774.199,219.0,258.0,225.0,291.0,False,HARD,38.0,True,McLaren,8677.183,2026-09-13 14:30:27.623,1,3.0,False,,False,True
8871.1,NOR,1,96.934,54.0,2.0,,,29.595,34.837,32.502,8803.794,8838.631,8871.133,214.0,259.0,223.0,308.0,False,HARD,39.0,True,McLaren,8774.166,2026-09-13 14:32:04.606,1,3.0,True,TRACK LIMITS AT TURN 6 LAP 54 ,False,True
8967.887,NOR,1,96.787,55.0,2.0,,,29.268,34.658,32.861,8900.401,8935.059,8967.92,224.0,260.0,222.0,305.0,False,HARD,40.0,True,McLaren,8871.1,2026-09-13 14:33:41.540,1,3.0,False,,False,True
9065.89,NOR,1,98.003,56.0,2.0,,,30.061,35.457,32.485,8997.981,9033.438,9065.923,208.0,263.0,222.0,276.0,False,HARD,41.0,True,McLaren,8967.887,2026-09-13 14:35:18.327,1,3.0,False,,False,True
9162.908,NOR,1,97.018,57.0,2.0,,,29.428,35.079,32.511,9095.351,9130.43,9162.941,221.0,257.0,223.0,285.0,False,HARD,42.0,True,McLaren,9065.89,2026-09-13 14:36:56.330,1,3.0,False,,False,True
3604.272,GAS,10,110.207,1.0,1.0,,,,38.59,35.142,,3569.199,3604.352,184.0,218.0,209.0,245.0,False,HARD,1.0,True,Alpine,3493.809,2026-09-13 13:04:04.249,12,13.0,False,,False,False
3707.261,GAS,10,102.989,2.0,1.0,,,31.348,37.202,34.439,3635.63,3672.832,3707.271,193.0,230.0,211.0,281.0,True,HARD,2.0,True,Alpine,3604.272,2026-09-13 13:05:54.712,1,13.0,False,,False,True
3810.056,GAS,10,102.795,3.0,1.0,,,30.875,37.406,34.514,3738.146,3775.552,3810.066,204.0,225.0,219.0,265.0,True,HARD,3.0,True,Alpine,3707.261,2026-09-13 13:07:37.701,1,13.0,False,,False,True
3912.76,GAS,10,102.704,4.0,1.0,,,31.184,37.212,34.308,3841.25,3878.462,3912.77,193.0,232.0,212.0,260.0,True,HARD,4.0,True,Alpine,3810.056,2026-09-13 13:09:20.496,1,13.0,False,,False,True
4016.012,GAS,10,103.252,5.0,1.0,,,31.037,37.269,34.946,3943.807,3981.076,4016.022,205.0,234.0,209.0,266.0,False,HARD,5.0,True,Alpine,3912.76,2026-09-13 13:11:03.200,12,13.0,False,,False,True
4119.388,GAS,10,103.376,6.0,1.0,,,31.499,37.549,34.328,4047.521,4085.07,4119.398,197.0,232.0,213.0,267.0,False,HARD,6.0,True,Alpine,4016.012,2026-09-13 13:12:46.452,1,12.0,False,,False,True
4221.798,GAS,10,102.41,7.0,1.0,,,30.988,36.964,34.458,4150.386,4187.35,4221.808,208.0,233.0,212.0,282.0,True,HARD,7.0,True,Alpine,4119.388,2026-09-13 13:14:29.828,1,12.0,False,,False,True
4323.91,GAS,10,102.112,8.0,1.0,,,31.169,36.901,34.042,4252.977,4289.878,4323.92,211.0,241.0,219.0,275.0,True,HARD,8.0,True,Alpine,4221.798,2026-09-13 13:16:12.238,1,12.0,False,,False,True
4426.091,GAS,10,102.181,9.0,1.0,,,31.178,36.829,34.174,4355.098,4391.927,4426.101,210.0,228.0,216.0,277.0,False,HARD,9.0,True,Alpine,4323.91,2026-09-13 13:17:54.350,1,12.0,False,,False,True
4528.391,GAS,10,102.3,10.0,1.0,,,31.25,36.696,34.354,4457.351,4494.047,4528.401,207.0,233.0,209.0,272.0,False,HARD,10.0,True,Alpine,4426.091,2026-09-13 13:19:36.531,1,12.0,False,,False,True
4630.851,GAS,10,102.46,11.0,1.0,,,31.252,36.823,34.385,4559.653,4596.476,4630.861,213.0,234.0,219.0,270.0,False,HARD,11.0,True,Alpine,4528.391,2026-09-13 13:21:18.831,1,12.0,False,,False,True
4733.428,GAS,10,102.577,12.0,1.0,,,31.038,37.13,34.409,4661.899,4699.029,4733.438,203.0,234.0,214.0,265.0,False,HARD,12.0,True,Alpine,4630.851,2026-09-13 13:23:01.291,1,12.0,False,,False,True
4835.864,GAS,10,102.436,13.0,1.0,,,31.041,36.925,34.47,4764.479,4801.404,4835.874,206.0,238.0,213.0,271.0,False,HARD,13.0,True,Alpine,4733.428,2026-09-13 13:24:43.868,1,12.0,False,,False,True
4961.538,GAS,10,125.674,14.0,1.0,,,30.892,46.832,47.95,4866.766,4913.598,4961.548,209.0,210.0,116.0,270.0,False,HARD,14.0,True,Alpine,4835.864,2026-09-13 13:26:26.304,126,12.0,False,,False,False
5082.572,GAS,10,121.034,15.0,1.0,,,47.086,40.181,33.767,5008.634,5048.815,5082.582,179.0,240.0,222.0,114.0,False,HARD,15.0,True,Alpine,4961.538,2026-09-13 13:28:31.978,671,8.0,False,,False,False
5183.198,GAS,10,100.626,16.0,1.0,,,30.569,36.349,33.708,5113.151,5149.5,5183.208,210.0,245.0,221.0,282.0,True,HARD,16.0,True,Alpine,5082.572,2026-09-13 13:30:33.012,1,8.0,False,,False,True
5283.291,GAS,10,100.093,17.0,1.0,,,30.452,36.112,33.529,5213.66,5249.772,5283.301,214.0,238.0,222.0,289.0,True,HARD,17.0,True,Alpine,5183.198,2026-09-13 13:32:13.638,1,8.0,False,,False,True
5383.368,GAS,10,100.077,18.0,1.0,,,30.263,36.267,33.547,5313.564,5349.831,5383.378,217.0,245.0,222.0,283.0,True,HARD,18.0,True,Alpine,5283.291,2026-09-13 13:33:53.731,1,8.0,False,,False,True
5483.121,GAS,10,99.753,19.0,1.0,,,30.361,35.993,33.399,5413.739,5449.732,5483.131,216.0,251.0,221.0,277.0,True,HARD,19.0,True,Alpine,5383.368,2026-09-13 13:35:33.808,1,8.0,False,,False,True
5583.082,GAS,10,99.961,20.0,1.0,,,30.426,35.951,33.584,5513.557,5549.508,5583.092,217.0,242.0,223.0,280.0,False,HARD,20.0,True,Alpine,5483.121,2026-09-13 13:37:13.561,1,8.0,False,,False,True
5682.536,GAS,10,99.454,21.0,1.0,,,30.214,35.967,33.273,5613.306,5649.273,5682.546,218.0,246.0,222.0,286.0,True,HARD,21.0,True,Alpine,5583.082,2026-09-13 13:38:53.522,1,8.0,False,,False,True
5781.522,GAS,10,98.986,22.0,1.0,,,30.127,35.631,33.228,5712.673,5748.304,5781.532,215.0,249.0,222.0,290.0,True,HARD,22.0,True,Alpine,5682.536,2026-09-13 13:40:32.976,1,8.0,False,,False,True
5880.66,GAS,10,99.138,23.0,1.0,,,30.135,35.593,33.41,5811.667,5847.26,5880.67,216.0,251.0,223.0,290.0,False,HARD,23.0,True,Alpine,5781.522,2026-09-13 13:42:11.962,1,8.0,False,,False,True
5979.852,GAS,10,99.192,24.0,1.0,,,30.126,35.653,33.413,5910.796,5946.449,5979.862,220.0,249.0,222.0,293.0,False,HARD,24.0,True,Alpine,5880.66,2026-09-13 13:43:51.100,1,8.0,False,,False,True
6079.747,GAS,10,99.895,25.0,1.0,,,30.152,35.567,34.176,6010.014,6045.581,6079.757,221.0,247.0,222.0,280.0,False,HARD,25.0,True,Alpine,5979.852,2026-09-13 13:45:30.292,1,8.0,False,,False,True
6179.062,GAS,10,99.315,26.0,1.0,,,30.209,35.589,33.517,6109.966,6145.555,6179.072,217.0,251.0,221.0,291.0,False,HARD,26.0,True,Alpine,6079.747,2026-09-13 13:47:10.187,1,8.0,False,,False,True
6278.321,GAS,10,99.259,27.0,1.0,,,30.144,35.607,33.508,6209.216,6244.823,6278.331,218.0,252.0,221.0,283.0,False,HARD,27.0,True,Alpine,6179.062,2026-09-13 13:48:49.502,1,8.0,False,,False,True
6377.051,GAS,10,98.73,28.0,1.0,,,29.952,35.36,33.418,6308.283,6343.643,6377.061,219.0,256.0,221.0,292.0,True,HARD,28.0,True,Alpine,6278.321,2026-09-13 13:50:28.761,1,8.0,False,,False,True
6476.339,GAS,10,99.288,29.0,1.0,,,30.15,35.498,33.64,6407.211,6442.709,6476.349,218.0,256.0,222.0,279.0,False,HARD,29.0,True,Alpine,6377.051,2026-09-13 13:52:07.491,1,8.0,False,,False,True
6575.971,GAS,10,99.632,30.0,1.0,,,30.231,35.589,33.812,6506.58,6542.169,6575.981,214.0,247.0,221.0,289.0,False,HARD,30.0,True,Alpine,6476.339,2026-09-13 13:53:46.779,1,8.0,False,,False,True
6675.244,GAS,10,99.273,31.0,1.0,,,30.023,35.754,33.496,6606.004,6641.758,6675.254,219.0,250.0,221.0,283.0,False,HARD,31.0,True,Alpine,6575.971,2026-09-13 13:55:26.411,1,8.0,False,,False,True
6774.248,GAS,10,99.004,32.0,1.0,,,30.065,35.582,33.357,6705.319,6740.901,6774.258,216.0,252.0,224.0,295.0,False,HARD,32.0,True,Alpine,6675.244,2026-09-13 13:57:05.684,1,8.0,False,,False,True
6872.797,GAS,10,98.549,33.0,1.0,,,30.142,35.22,33.187,6804.4,6839.62,6872.807,219.0,254.0,223.0,291.0,True,HARD,33.0,True,Alpine,6774.248,2026-09-13 13:58:44.688,1,8.0,False,,False,True
6971.235,GAS,10,98.438,34.0,1.0,,,30.063,35.286,33.089,6902.87,6938.156,6971.245,218.0,252.0,224.0,299.0,True,HARD,34.0,True,Alpine,6872.797,2026-09-13 14:00:23.237,1,8.0,False,,False,True
7069.83,GAS,10,98.595,35.0,1.0,,,30.163,35.253,33.179,7001.408,7036.661,7069.84,215.0,251.0,223.0,292.0,False,HARD,35.0,True,Alpine,6971.235,2026-09-13 14:02:01.675,1,8.0,False,,False,True
7167.971,GAS,10,98.141,36.0,1.0,,,29.796,35.139,33.206,7099.636,7134.775,7167.981,220.0,258.0,222.0,299.0,True,HARD,36.0,True,Alpine,7069.83,2026-09-13 14:03:40.270,1,8.0,False,,False,True
7267.076,GAS,10,99.105,37.0,1.0,,,30.09,35.345,33.67,7198.071,7233.416,7267.086,219.0,251.0,222.0,292.0,False,HARD,37.0,True,Alpine,7167.971,2026-09-13 14:05:18.411,1,8.0,False,,False,True
7366.242,GAS,10,99.166,38.0,1.0,,,30.163,35.507,33.496,7297.249,7332.756,7366.252,222.0,250.0,224.0,296.0,False,HARD,38.0,True,Alpine,7267.076,2026-09-13 14:06:57.516,1,8.0,False,,False,True
7465.47,GAS,10,99.228,39.0,1.0,,,30.163,35.493,33.572,,7431.908,7465.48,220.0,253.0,221.0,286.0,False,HARD,39.0,True,Alpine,7366.242,2026-09-13 14:08:36.682,1,8.0,False,,False,True
7564.653,GAS,10,99.183,40.0,1.0,,,30.232,35.501,33.45,7495.712,7531.213,7564.663,218.0,252.0,224.0,283.0,False,HARD,40.0,True,Alpine,7465.47,2026-09-13 14:10:15.910,1,8.0,False,,False,True
7663.783,GAS,10,99.13,41.0,1.0,,,30.247,35.377,33.506,7594.91,7630.287,7663.793,219.0,251.0,223.0,288.0,False,HARD,41.0,True,Alpine,7564.653,2026-09-13 14:11:55.093,1,8.0,False,,False,True
7762.765,GAS,10,98.982,42.0,1.0,,,29.97,35.37,33.642,7693.763,7729.133,7762.775,219.0,255.0,224.0,293.0,False,HARD,42.0,True,Alpine,7663.783,2026-09-13 14:13:34.223,1,8.0,False,,False,True
7861.48,GAS,10,98.715,43.0,1.0,,,30.127,35.091,33.497,7792.902,7827.993,7861.49,217.0,256.0,224.0,291.0,False,HARD,43.0,True,Alpine,7762.765,2026-09-13 14:15:13.205,1,7.0,False,,False,True
7960.805,GAS,10,99.325,44.0,1.0,,,29.904,35.649,33.772,7891.394,7927.043,7960.815,220.0,248.0,225.0,294.0,False,HARD,44.0,True,Alpine,7861.48,2026-09-13 14:16:51.920,1,7.0,False,,False,True
8059.328,GAS,10,98.523,45.0,1.0,,,30.019,35.135,33.369,7990.834,8025.969,8059.338,217.0,251.0,224.0,293.0,False,HARD,45.0,True,Alpine,7960.805,2026-09-13 14:18:31.245,1,6.0,False,,False,True
8158.073,GAS,10,98.745,46.0,1.0,,,30.002,35.112,33.631,8089.34,8124.452,8158.083,221.0,252.0,223.0,292.0,False,HARD,46.0,True,Alpine,8059.328,2026-09-13 14:20:09.768,1,6.0,False,,False,True
8256.646,GAS,10,98.573,47.0,1.0,,,29.884,35.105,33.584,8187.967,8223.072,8256.656,224.0,254.0,225.0,284.0,False,HARD,47.0,True,Alpine,8158.073,2026-09-13 14:21:48.513,1,6.0,False,,False,True
8355.235,GAS,10,98.589,48.0,1.0,,,29.871,35.28,33.438,8286.527,8321.807,8355.245,221.0,252.0,224.0,294.0,False,HARD,48.0,True,Alpine,8256.646,2026-09-13 14:23:27.086,1,6.0,False,,False,True
8453.749,GAS,10,98.514,49.0,1.0,,,29.893,35.272,33.349,8385.138,8420.41,8453.759,220.0,250.0,222.0,297.0,False,HARD,49.0,True,Alpine,8355.235,2026-09-13 14:25:05.675,1,6.0,False,,False,True
8552.69,GAS,10,98.941,50.0,1.0,,,30.041,35.392,33.508,8483.8,8519.192,8552.7,222.0,251.0,224.0,286.0,False,HARD,50.0,True,Alpine,8453.749,2026-09-13 14:26:44.189,1,6.0,False,,False,True
8652.2,GAS,10,99.51,51.0,1.0,,,30.338,35.563,33.609,8583.038,8618.601,8652.21,219.0,254.0,224.0,278.0,False,HARD,51.0,True,Alpine,8552.69,2026-09-13 14:28:23.130,1,6.0,False,,False,True
8751.739,GAS,10,99.539,52.0,1.0,,,30.04,35.762,33.737,8682.25,8718.012,8751.749,222.0,248.0,225.0,293.0,False,HARD,52.0,True,Alpine,8652.2,2026-09-13 14:30:02.640,1,6.0,False,,False,True
8851.784,GAS,10,100.045,53.0,1.0,,,30.465,35.792,33.788,8782.214,8818.006,8851.794,214.0,248.0,223.0,296.0,False,HARD,53.0,True,Alpine,8751.739,2026-09-13 14:31:42.179,1,6.0,False,,False,True
8953.209,GAS,10,101.425,54.0,1.0,,,30.441,35.704,35.28,8882.235,8917.939,8953.219,214.0,247.0,219.0,280.0,False,HARD,54.0,True,Alpine,8851.784,2026-09-13 14:33:22.224,1,7.0,False,,False,True
9057.922,GAS,10,104.713,55.0,1.0,,9057.04,31.39,36.232,37.091,8984.609,9020.841,9057.932,208.0,241.0,,274.0,False,HARD,55.0,True,Alpine,8953.209,2026-09-13 14:35:03.649,1,9.0,False,,False,False
9178.971,GAS,10,121.049,56.0,2.0,9088.467,,54.098,34.791,32.16,9112.03,9146.821,9178.981,213.0,258.0,229.0,268.0,False,SOFT,1.0,True,Alpine,9057.922,2026-09-13 14:36:48.362,1,12.0,False,,False,False
3605.771,PER,11,111.706,1.0,1.0,,,,39.169,35.004,,3570.928,3605.843,180.0,203.0,220.0,233.0,False,MEDIUM,1.0,True,Cadillac,3493.809,2026-09-13 13:04:04.249,12,16.0,False,,False,False
3710.256,PER,11,104.485,2.0,1.0,,,31.917,37.698,34.87,3637.738,3675.436,3710.306,193.0,225.0,217.0,230.0,True,MEDIUM,2.0,True,Cadillac,3605.771,2026-09-13 13:05:56.211,1,16.0,False,,False,True
3814.051,PER,11,103.795,3.0,1.0,,,31.532,37.631,34.632,3741.838,3779.469,3814.101,204.0,222.0,217.0,240.0,True,MEDIUM,3.0,True,Cadillac,3710.256,2026-09-13 13:07:40.696,1,16.0,False,,False,True
3917.557,PER,11,103.506,4.0,1.0,,,31.59,37.452,34.464,3845.691,3883.143,3917.607,201.0,227.0,219.0,255.0,True,MEDIUM,4.0,True,Cadillac,3814.051,2026-09-13 13:09:24.491,1,16.0,False,,False,True
4021.648,PER,11,104.091,5.0,1.0,,,31.656,37.671,34.764,3949.263,3986.934,4021.698,204.0,229.0,217.0,243.0,False,MEDIUM,5.0,True,Cadillac,3917.557,2026-09-13 13:11:07.997,12,16.0,False,,False,True
4126.096,PER,11,104.448,6.0,1.0,,,31.714,38.131,34.603,4053.412,4091.543,4126.146,196.0,225.0,217.0,249.0,False,MEDIUM,6.0,True,Cadillac,4021.648,2026-09-13 13:12:52.088,1,15.0,False,,False,True
4229.623,PER,11,103.527,7.0,1.0,,,31.515,37.488,34.524,4157.661,4195.149,4229.673,203.0,223.0,215.0,248.0,False,MEDIUM,7.0,True,Cadillac,4126.096,2026-09-13 13:14:36.536,1,15.0,False,,False,True
4333.473,PER,11,103.85,8.0,1.0,,,31.478,37.693,34.679,4261.151,4298.844,4333.523,206.0,229.0,215.0,255.0,False,MEDIUM,8.0,True,Cadillac,4229.623,2026-09-13 13:16:20.063,1,15.0,False,,False,True
4437.16,PER,11,103.687,9.0,1.0,,,31.546,37.493,34.648,4365.069,4402.562,4437.21,198.0,231.0,215.0,262.0,False,MEDIUM,9.0,True,Cadillac,4333.473,2026-09-13 13:18:03.913,1,15.0,False,,False,True
4540.845,PER,11,103.685,10.0,1.0,,,31.499,37.548,34.638,4468.709,4506.257,4540.895,206.0,227.0,218.0,274.0,False,MEDIUM,10.0,True,Cadillac,4437.16,2026-09-13 13:19:47.600,1,15.0,False,,False,True
4644.469,PER,11,103.624,11.0,1.0,,,31.497,37.403,34.724,4572.392,4609.795,4644.519,204.0,227.0,216.0,256.0,False,MEDIUM,11.0,True,Cadillac,4540.845,2026-09-13 13:21:31.285,1,15.0,False,,False,True
4748.401,PER,11,103.932,12.0,1.0,,,31.579,37.602,34.751,4676.098,4713.7,4748.451,205.0,224.0,216.0,262.0,False,MEDIUM,12.0,True,Cadillac,4644.469,2026-09-13 13:23:14.909,1,15.0,False,,False,True
4853.271,PER,11,104.87,13.0,1.0,,,31.956,38.158,34.756,4780.407,4818.565,4853.321,204.0,224.0,218.0,238.0,False,MEDIUM,13.0,True,Cadillac,4748.401,2026-09-13 13:24:58.841,12,15.0,False,,False,True
4985.812,PER,11,132.541,14.0,1.0,,4984.99,31.471,51.927,49.143,4884.792,4936.719,4985.862,204.0,160.0,,260.0,False,MEDIUM,14.0,True,Cadillac,4853.271,2026-09-13 13:26:43.711,26,16.0,False,,False,False
5112.717,PER,11,126.905,15.0,2.0,5017.048,,56.324,36.732,33.849,5042.186,5078.918,5112.767,204.0,229.0,220.0,203.0,False,HARD,1.0,True,Cadillac,4985.812,2026-09-13 13:28:56.252,671,19.0,False,,False,False
5213.833,PER,11,101.116,16.0,2.0,,,30.655,36.676,33.785,5143.422,5180.098,5213.883,202.0,230.0,222.0,260.0,True,HARD,2.0,True,Cadillac,5112.717,2026-09-13 13:31:03.157,1,18.0,False,,False,True
5315.257,PER,11,101.424,17.0,2.0,,,30.815,36.654,33.955,5244.698,5281.352,5315.307,208.0,236.0,218.0,264.0,False,HARD,3.0,True,Cadillac,5213.833,2026-09-13 13:32:44.273,1,18.0,False,,False,True
5416.682,PER,11,101.425,18.0,2.0,,,30.887,36.747,33.791,5346.194,5382.941,5416.732,206.0,232.0,223.0,261.0,False,HARD,4.0,True,Cadillac,5315.257,2026-09-13 13:34:25.697,1,18.0,False,,False,True
5518.123,PER,11,101.441,19.0,2.0,,,30.846,36.653,33.942,5447.578,5484.231,5518.173,208.0,230.0,222.0,260.0,False,HARD,5.0,True,Cadillac,5416.682,2026-09-13 13:36:07.122,1,18.0,False,,False,True
5619.384,PER,11,101.261,20.0,2.0,,,30.689,36.547,34.025,5548.862,5585.409,5619.434,207.0,235.0,220.0,259.0,False,HARD,6.0,True,Cadillac,5518.123,2026-09-13 13:37:48.563,1,18.0,False,,False,True
5721.066,PER,11,101.682,21.0,2.0,,,30.932,36.691,34.059,5650.366,5687.057,5721.116,208.0,233.0,217.0,257.0,False,HARD,7.0,True,Cadillac,5619.384,2026-09-13 13:39:29.824,1,18.0,False,,False,True
5822.401,PER,11,101.335,22.0,2.0,,,30.722,36.647,33.966,5751.838,5788.485,5822.451,210.0,237.0,220.0,281.0,False,HARD,8.0,True,Cadillac,5721.066,2026-09-13 13:41:11.506,1,18.0,False,,False,True
5923.622,PER,11,101.221,23.0,2.0,,,30.747,36.525,33.949,5853.198,5889.723,5923.672,211.0,228.0,222.0,265.0,False,HARD,9.0,True,Cadillac,5822.401,2026-09-13 13:42:52.841,1,18.0,False,,False,True
6024.742,PER,11,101.12,24.0,2.0,,,30.744,36.526,33.85,5954.416,5990.942,6024.792,211.0,233.0,221.0,268.0,False,HARD,10.0,True,Cadillac,5923.622,2026-09-13 13:44:34.062,1,17.0,False,,False,True
6126.948,PER,11,102.206,25.0,2.0,,,31.036,37.218,33.952,6055.828,6093.046,6126.998,206.0,230.0,219.0,267.0,False,HARD,11.0,True,Cadillac,6024.742,2026-09-13 13:46:15.182,1,17.0,False,,False,True
6230.471,PER,11,103.523,26.0,2.0,,,30.762,36.823,35.938,6157.76,6194.583,6230.521,210.0,226.0,220.0,270.0,False,HARD,12.0,True,Cadillac,6126.948,2026-09-13 13:47:57.388,1,17.0,True,TRACK LIMITS AT TURN 15 LAP 26 ,False,True
6334.238,PER,11,103.767,27.0,2.0,,,31.98,36.469,35.318,6262.501,6298.97,6334.288,203.0,232.0,221.0,237.0,False,HARD,13.0,True,Cadillac,6230.471,2026-09-13 13:49:40.911,1,17.0,True,TRACK LIMITS AT TURN 15 LAP 27 ,False,True
6439.654,PER,11,105.416,28.0,2.0,,,31.076,39.122,35.218,6365.364,6404.486,6439.704,201.0,229.0,188.0,265.0,False,HARD,14.0,True,Cadillac,6334.238,2026-09-13 13:51:24.678,1,17.0,False,,False,True
6547.785,PER,11,108.131,29.0,2.0,,,34.8,38.083,35.248,6474.504,6512.587,6547.835,199.0,221.0,187.0,245.0,False,HARD,15.0,True,Cadillac,6439.654,2026-09-13 13:53:10.094,1,17.0,False,,False,True
6656.528,PER,11,108.743,30.0,2.0,,,34.747,38.641,35.355,6582.582,6621.223,6656.578,195.0,224.0,188.0,240.0,False,HARD,16.0,True,Cadillac,6547.785,2026-09-13 13:54:58.225,1,18.0,False,,False,True
6774.044,PER,11,117.516,31.0,2.0,,6773.126,37.355,41.289,38.872,6693.933,6735.222,6774.094,123.0,217.0,,229.0,False,HARD,17.0,True,Cadillac,6656.528,2026-09-13 13:56:46.968,1,18.0,False,,False,False
3597.962,ANT,12,103.897,1.0,1.0,,,,37.541,33.612,,3564.513,3598.157,192.0,230.0,221.0,305.0,False,MEDIUM,1.0,True,Mercedes,3493.809,2026-09-13 13:04:04.249,12,3.0,False,,False,False
3698.213,ANT,12,100.251,2.0,1.0,,,30.295,36.511,33.445,3628.29,3664.801,3698.246,209.0,246.0,220.0,278.0,True,MEDIUM,2.0,True,Mercedes,3597.962,2026-09-13 13:05:48.402,1,3.0,False,,False,True
3798.298,ANT,12,100.085,3.0,1.0,,,30.113,36.548,33.424,3728.359,3764.907,3798.331,209.0,247.0,220.0,280.0,True,MEDIUM,3.0,True,Mercedes,3698.213,2026-09-13 13:07:28.653,1,3.0,False,,False,True
3898.209,ANT,12,99.911,4.0,1.0,,,30.489,36.402,33.02,3828.82,3865.222,3898.242,214.0,249.0,221.0,266.0,True,MEDIUM,4.0,True,Mercedes,3798.298,2026-09-13 13:09:08.738,1,2.0,False,,False,True
3997.741,ANT,12,99.532,5.0,1.0,,,30.272,36.354,32.906,3928.514,3964.868,3997.774,218.0,249.0,221.0,290.0,True,MEDIUM,5.0,True,Mercedes,3898.209,2026-09-13 13:10:48.649,12,2.0,False,,False,True
4098.907,ANT,12,101.166,6.0,1.0,,,30.511,36.337,34.318,4028.285,4064.622,4098.94,217.0,251.0,221.0,284.0,False,MEDIUM,6.0,True,Mercedes,3997.741,2026-09-13 13:12:28.181,21,2.0,True,TRACK LIMITS AT TURN 17 LAP 6 ,False,True
4198.665,ANT,12,99.758,7.0,1.0,,,30.261,36.342,33.155,4129.201,4165.543,4198.698,219.0,250.0,220.0,287.0,False,MEDIUM,7.0,True,Mercedes,4098.907,2026-09-13 13:14:09.347,1,2.0,False,,False,True
4298.098,ANT,12,99.433,8.0,1.0,,,30.125,36.179,33.129,4228.823,4265.002,4298.131,219.0,248.0,221.0,291.0,True,MEDIUM,8.0,True,Mercedes,4198.665,2026-09-13 13:15:49.105,1,2.0,False,,False,True
4397.699,ANT,12,99.601,9.0,1.0,,,30.042,36.282,33.277,4328.173,4364.455,4397.732,218.0,247.0,221.0,285.0,False,MEDIUM,9.0,True,Mercedes,4298.098,2026-09-13 13:17:28.538,1,2.0,False,,False,True
4497.344,ANT,12,99.645,10.0,1.0,,,30.094,36.312,33.239,4427.826,4464.138,4497.377,218.0,247.0,220.0,287.0,False,MEDIUM,10.0,True,Mercedes,4397.699,2026-09-13 13:19:08.139,1,2.0,False,,False,True
4596.759,ANT,12,99.415,11.0,1.0,,,30.117,36.123,33.175,4527.494,4563.617,4596.792,219.0,246.0,221.0,283.0,True,MEDIUM,11.0,True,Mercedes,4497.344,2026-09-13 13:20:47.784,1,2.0,False,,False,True
4696.518,ANT,12,99.759,12.0,1.0,,,30.346,36.238,33.175,4627.138,4663.376,4696.551,216.0,246.0,221.0,283.0,False,MEDIUM,12.0,True,Mercedes,4596.759,2026-09-13 13:22:27.199,1,2.0,False,,False,True
4795.84,ANT,12,99.322,13.0,1.0,,,30.059,36.122,33.141,4726.61,4762.732,4795.873,218.0,248.0,222.0,285.0,True,MEDIUM,13.0,True,Mercedes,4696.518,2026-09-13 13:24:06.958,1,2.0,False,,False,True
4900.144,ANT,12,104.304,14.0,1.0,,4899.244,29.907,36.175,38.222,4825.78,4861.955,4900.177,220.0,247.0,,288.0,False,MEDIUM,14.0,True,Mercedes,4795.84,2026-09-13 13:25:46.280,126,2.0,False,,False,False
5049.381,ANT,12,149.237,15.0,2.0,4931.083,,64.127,49.559,35.551,4964.304,5013.863,5049.414,178.0,192.0,226.0,130.0,False,HARD,1.0,True,Mercedes,4900.144,2026-09-13 13:27:30.584,671,3.0,False,,False,False
5146.858,ANT,12,97.477,16.0,2.0,,,29.42,35.644,32.413,5078.834,5114.478,5146.891,219.0,253.0,225.0,286.0,True,HARD,2.0,True,Mercedes,5049.381,2026-09-13 13:29:59.821,1,2.0,False,,False,True
5245.019,ANT,12,98.161,17.0,2.0,,,29.67,36.043,32.448,5176.561,5212.604,5245.052,216.0,244.0,224.0,275.0,False,HARD,3.0,True,Mercedes,5146.858,2026-09-13 13:31:37.298,1,2.0,False,,False,True
5343.538,ANT,12,98.519,18.0,2.0,,,29.714,36.067,32.738,5274.766,5310.833,5343.571,216.0,240.0,221.0,282.0,False,HARD,4.0,True,Mercedes,5245.019,2026-09-13 13:33:15.459,1,2.0,False,,False,True
5441.903,ANT,12,98.365,19.0,2.0,,,29.742,35.905,32.718,5373.313,5409.218,5441.936,217.0,251.0,223.0,287.0,False,HARD,5.0,True,Mercedes,5343.538,2026-09-13 13:34:53.978,1,2.0,False,,False,True
5540.31,ANT,12,98.407,20.0,2.0,,,29.735,36.074,32.598,5471.671,5507.745,5540.343,218.0,251.0,223.0,284.0,False,HARD,6.0,True,Mercedes,5441.903,2026-09-13 13:36:32.343,1,2.0,False,,False,True
5640.089,ANT,12,99.779,21.0,2.0,,,29.704,36.154,33.921,5570.047,5606.201,5640.122,215.0,248.0,222.0,287.0,False,HARD,7.0,True,Mercedes,5540.31,2026-09-13 13:38:10.750,1,2.0,False,,False,True
5739.276,ANT,12,99.187,22.0,2.0,,,30.012,36.316,32.859,5670.134,5706.45,5739.309,212.0,245.0,220.0,287.0,False,HARD,8.0,True,Mercedes,5640.089,2026-09-13 13:39:50.529,1,2.0,False,,False,True
5838.421,ANT,12,99.145,23.0,2.0,,,30.068,36.244,32.833,5769.377,5805.621,5838.454,206.0,246.0,222.0,287.0,False,HARD,9.0,True,Mercedes,5739.276,2026-09-13 13:41:29.716,1,2.0,True,TRACK LIMITS AT TURN 6 LAP 23 ,False,True
5937.206,ANT,12,98.785,24.0,2.0,,,29.776,35.825,33.184,5868.23,5904.055,5937.239,217.0,241.0,225.0,291.0,False,HARD,10.0,True,Mercedes,5838.421,2026-09-13 13:43:08.861,1,2.0,False,,False,True
6034.698,ANT,12,97.492,25.0,2.0,,,29.577,35.47,32.445,5966.816,6002.286,6034.731,219.0,249.0,224.0,295.0,False,HARD,11.0,True,Mercedes,5937.206,2026-09-13 13:44:47.646,1,2.0,False,,False,True
6132.755,ANT,12,98.057,26.0,2.0,,,29.625,35.609,32.823,6064.356,6099.965,6132.788,218.0,251.0,223.0,286.0,False,HARD,12.0,True,Mercedes,6034.698,2026-09-13 13:46:25.138,1,2.0,False,,False,True
6231.416,ANT,12,98.661,27.0,2.0,,,29.619,35.991,33.051,6162.407,6198.398,6231.449,218.0,245.0,223.0,287.0,False,HARD,13.0,True,Mercedes,6132.755,2026-09-13 13:48:03.195,1,2.0,False,,False,True
6330.443,ANT,12,99.027,28.0,2.0,,,29.95,36.097,32.98,6261.399,6297.496,6330.476,217.0,248.0,223.0,281.0,False,HARD,14.0,True,Mercedes,6231.416,2026-09-13 13:49:41.856,1,2.0,False,,False,True
6428.927,ANT,12,98.484,29.0,2.0,,,29.585,36.048,32.851,6360.061,6396.109,6428.96,212.0,245.0,222.0,286.0,False,HARD,15.0,True,Mercedes,6330.443,2026-09-13 13:51:20.883,1,2.0,False,,False,True
6527.591,ANT,12,98.664,30.0,2.0,,,29.789,36.102,32.773,6458.749,6494.851,6527.624,211.0,247.0,224.0,282.0,False,HARD,16.0,True,Mercedes,6428.927,2026-09-13 13:52:59.367,1,2.0,False,,False,True
6625.344,ANT,12,97.753,31.0,2.0,,,29.645,35.493,32.615,6557.269,6592.762,6625.377,217.0,251.0,225.0,288.0,False,HARD,17.0,True,Mercedes,6527.591,2026-09-13 13:54:38.031,1,2.0,False,,False,True
6723.211,ANT,12,97.867,32.0,2.0,,,29.536,35.719,32.612,6654.913,6690.632,6723.244,216.0,245.0,223.0,288.0,False,HARD,18.0,True,Mercedes,6625.344,2026-09-13 13:56:15.784,1,2.0,False,,False,True
6821.255,ANT,12,98.044,33.0,2.0,,,29.807,35.602,32.635,6753.051,6788.653,6821.288,216.0,248.0,223.0,281.0,False,HARD,19.0,True,Mercedes,6723.211,2026-09-13 13:57:53.651,1,2.0,False,,False,True
6919.041,ANT,12,97.786,34.0,2.0,,,29.659,35.577,32.55,6850.947,6886.524,6919.074,217.0,251.0,224.0,288.0,False,HARD,20.0,True,Mercedes,6821.255,2026-09-13 13:59:31.695,1,2.0,False,,False,True
7016.9,ANT,12,97.859,35.0,2.0,,,29.582,35.652,32.625,6948.656,6984.308,7016.933,217.0,249.0,223.0,288.0,False,HARD,21.0,True,Mercedes,6919.041,2026-09-13 14:01:09.481,1,2.0,False,,False,True
7114.899,ANT,12,97.999,36.0,2.0,,,29.676,35.89,32.433,7046.609,7082.499,7114.932,215.0,253.0,224.0,290.0,False,HARD,22.0,True,Mercedes,7016.9,2026-09-13 14:02:47.340,1,2.0,False,,False,True
7212.541,ANT,12,97.642,37.0,2.0,,,29.489,35.606,32.547,7144.421,7180.027,7212.574,214.0,253.0,224.0,292.0,False,HARD,23.0,True,Mercedes,7114.899,2026-09-13 14:04:25.339,1,2.0,False,,False,True
7311.033,ANT,12,98.492,38.0,2.0,,,29.714,35.929,32.849,7242.288,7278.217,7311.066,218.0,253.0,224.0,279.0,False,HARD,24.0,True,Mercedes,7212.541,2026-09-13 14:06:02.981,1,2.0,False,,False,True
7408.66,ANT,12,97.627,39.0,2.0,,,29.616,35.46,32.551,7340.682,7376.142,7408.693,219.0,252.0,223.0,287.0,False,HARD,25.0,True,Mercedes,7311.033,2026-09-13 14:07:41.473,1,2.0,False,,False,True
7506.403,ANT,12,97.743,40.0,2.0,,,29.464,35.604,32.675,7438.157,7473.761,7506.436,218.0,255.0,224.0,289.0,False,HARD,26.0,True,Mercedes,7408.66,2026-09-13 14:09:19.100,1,2.0,False,,False,True
7603.95,ANT,12,97.547,41.0,2.0,,,29.486,35.495,32.566,7535.922,7571.417,7603.983,218.0,250.0,224.0,283.0,False,HARD,27.0,True,Mercedes,7506.403,2026-09-13 14:10:56.843,1,2.0,False,,False,True
7701.246,ANT,12,97.296,42.0,2.0,,,29.426,35.352,32.518,7633.409,7668.761,7701.279,220.0,253.0,225.0,288.0,True,HARD,28.0,True,Mercedes,7603.95,2026-09-13 14:12:34.390,1,2.0,False,,False,True
7798.581,ANT,12,97.335,43.0,2.0,,,29.358,35.469,32.508,7730.637,7766.106,7798.614,216.0,254.0,225.0,290.0,False,HARD,29.0,True,Mercedes,7701.246,2026-09-13 14:14:11.686,1,2.0,False,,False,True
7895.748,ANT,12,97.167,44.0,2.0,,,29.253,35.436,32.478,7827.867,7863.303,7895.781,217.0,251.0,226.0,287.0,True,HARD,30.0,True,Mercedes,7798.581,2026-09-13 14:15:49.021,1,2.0,False,,False,True
7994.063,ANT,12,98.315,45.0,2.0,,,29.647,35.97,32.698,7925.428,7961.398,7994.096,210.0,250.0,226.0,280.0,False,HARD,31.0,True,Mercedes,7895.748,2026-09-13 14:17:26.188,1,2.0,False,,False,True
8092.373,ANT,12,98.31,46.0,2.0,,,29.549,35.955,32.806,8023.645,8059.6,8092.406,205.0,250.0,225.0,280.0,False,HARD,32.0,True,Mercedes,7994.063,2026-09-13 14:19:04.503,1,2.0,False,,False,True
8190.041,ANT,12,97.668,47.0,2.0,,,29.475,35.689,32.504,8121.881,8157.57,8190.074,210.0,253.0,226.0,282.0,False,HARD,33.0,True,Mercedes,8092.373,2026-09-13 14:20:42.813,1,2.0,False,,False,True
8287.874,ANT,12,97.833,48.0,2.0,,,29.394,35.651,32.788,8219.468,8255.119,8287.907,211.0,250.0,227.0,286.0,False,HARD,34.0,True,Mercedes,8190.041,2026-09-13 14:22:20.481,1,1.0,False,,False,True
8384.435,ANT,12,96.561,49.0,2.0,,,29.172,35.231,32.158,8317.079,8352.31,8384.468,217.0,251.0,226.0,293.0,True,HARD,35.0,True,Mercedes,8287.874,2026-09-13 14:23:58.314,1,1.0,False,,False,True
8480.996,ANT,12,96.561,50.0,2.0,,,29.373,34.932,32.256,8413.841,8448.773,8481.029,220.0,251.0,226.0,292.0,False,HARD,36.0,True,Mercedes,8384.435,2026-09-13 14:25:34.875,1,1.0,False,,False,True
8577.593,ANT,12,96.597,51.0,2.0,,,29.446,34.878,32.273,8510.475,8545.353,8577.626,219.0,252.0,225.0,294.0,False,HARD,37.0,True,Mercedes,8480.996,2026-09-13 14:27:11.436,1,1.0,False,,False,True
8673.79,ANT,12,96.197,52.0,2.0,,,29.164,34.77,32.263,8606.79,8641.56,8673.823,217.0,255.0,227.0,296.0,True,HARD,38.0,True,Mercedes,8577.593,2026-09-13 14:28:48.033,1,1.0,False,,False,True
8769.87,ANT,12,96.08,53.0,2.0,,,29.137,34.699,32.244,8702.96,8737.659,8769.903,222.0,257.0,226.0,301.0,True,HARD,39.0,True,Mercedes,8673.79,2026-09-13 14:30:24.230,1,1.0,False,,False,True
8867.06,ANT,12,97.19,54.0,2.0,,,29.528,34.94,32.722,8799.431,8834.371,8867.093,220.0,255.0,225.0,287.0,False,HARD,40.0,True,Mercedes,8769.87,2026-09-13 14:32:00.310,1,1.0,False,,False,True
8965.1,ANT,12,98.04,55.0,2.0,,,29.515,35.106,33.419,8896.608,8931.714,8965.133,215.0,250.0,226.0,290.0,False,HARD,41.0,True,Mercedes,8867.06,2026-09-13 14:33:37.500,1,1.0,False,,False,True
9061.789,ANT,12,96.689,56.0,2.0,,,29.326,34.957,32.406,8994.459,9029.416,9061.822,219.0,255.0,226.0,301.0,False,HARD,42.0,True,Mercedes,8965.1,2026-09-13 14:35:15.540,1,1.0,False,,False,True
9157.819,ANT,12,96.03,57.0,2.0,,,29.167,34.661,32.202,9090.989,9125.65,9157.852,220.0,257.0,225.0,294.0,True,HARD,43.0,True,Mercedes,9061.789,2026-09-13 14:36:52.229,1,1.0,False,,False,True
3608.238,ALO,14,114.173,1.0,1.0,,,,38.431,35.306,,3573.131,3608.436,171.0,214.0,220.0,226.0,False,HARD,1.0,True,Aston Martin,3493.809,2026-09-13 13:04:04.249,12,20.0,False,,False,False
3713.705,ALO,14,105.467,2.0,1.0,,,32.093,38.42,34.954,3640.361,3678.781,3713.735,187.0,220.0,214.0,252.0,True,HARD,2.0,True,Aston Martin,3608.238,2026-09-13 13:05:58.678,1,20.0,False,,False,True
3817.478,ALO,14,103.773,3.0,1.0,,,31.232,37.722,34.819,3744.967,3782.689,3817.508,202.0,239.0,217.0,268.0,True,HARD,3.0,True,Aston Martin,3713.705,2026-09-13 13:07:44.145,1,19.0,False,,False,True
3921.746,ALO,14,104.268,4.0,1.0,,,31.735,38.004,34.529,3849.243,3887.247,3921.776,191.0,237.0,217.0,249.0,False,HARD,4.0,True,Aston Martin,3817.478,2026-09-13 13:09:27.918,1,19.0,False,,False,True
4025.819,ALO,14,104.073,5.0,1.0,,,31.484,37.748,34.841,3953.26,3991.008,4025.849,204.0,235.0,216.0,280.0,False,HARD,5.0,True,Aston Martin,3921.746,2026-09-13 13:11:12.186,12,19.0,False,,False,True
4129.644,ALO,14,103.825,6.0,1.0,,,31.511,37.851,34.463,4057.36,4095.211,4129.674,205.0,230.0,217.0,243.0,False,HARD,6.0,True,Aston Martin,4025.819,2026-09-13 13:12:56.259,1,18.0,False,,False,True
4233.689,ALO,14,104.045,7.0,1.0,,,31.595,37.64,34.81,4161.269,4198.909,4233.719,205.0,226.0,216.0,253.0,False,HARD,7.0,True,Aston Martin,4129.644,2026-09-13 13:14:40.084,1,18.0,False,,False,True
4337.315,ALO,14,103.626,8.0,1.0,,,31.509,37.553,34.564,4265.228,4302.781,4337.345,205.0,236.0,217.0,286.0,True,HARD,8.0,True,Aston Martin,4233.689,2026-09-13 13:16:24.129,1,18.0,False,,False,True
4441.43,ALO,14,104.115,9.0,1.0,,,31.395,38.049,34.671,4368.74,4406.789,4441.46,206.0,234.0,216.0,252.0,False,HARD,9.0,True,Aston Martin,4337.315,2026-09-13 13:18:07.755,1,18.0,False,,False,True
4545.126,ALO,14,103.696,10.0,1.0,,,31.396,37.647,34.653,4472.856,4510.503,4545.156,206.0,232.0,217.0,267.0,False,HARD,10.0,True,Aston Martin,4441.43,2026-09-13 13:19:51.870,1,18.0,False,,False,True
4648.488,ALO,14,103.362,11.0,1.0,,,31.129,37.667,34.566,4576.285,4613.952,4648.518,203.0,232.0,216.0,264.0,True,HARD,11.0,True,Aston Martin,4545.126,2026-09-13 13:21:35.566,1,18.0,False,,False,True
4752.672,ALO,14,104.184,12.0,1.0,,,31.478,38.092,34.614,4679.996,4718.088,4752.702,200.0,232.0,216.0,278.0,False,HARD,12.0,True,Aston Martin,4648.488,2026-09-13 13:23:18.928,1,18.0,False,,False,True
4855.96,ALO,14,103.288,13.0,1.0,,,31.261,37.435,34.592,4783.963,4821.398,4855.99,212.0,235.0,217.0,265.0,True,HARD,13.0,True,Aston Martin,4752.672,2026-09-13 13:25:03.112,12,18.0,False,,False,True
4989.204,ALO,14,133.244,14.0,1.0,,4988.333,31.329,52.271,49.644,4887.319,4939.59,4989.234,207.0,192.0,,263.0,False,HARD,14.0,True,Aston Martin,4855.96,2026-09-13 13:26:46.400,26,18.0,False,,False,False
5126.658,ALO,14,137.454,15.0,2.0,5032.077,,67.591,36.316,33.547,5056.825,5093.141,5126.688,210.0,238.0,222.0,264.0,False,SOFT,1.0,True,Aston Martin,4989.204,2026-09-13 13:28:59.644,671,20.0,False,,False,False
5226.998,ALO,14,100.34,16.0,2.0,,,30.739,36.228,33.373,5157.427,5193.655,5227.028,217.0,238.0,220.0,285.0,True,SOFT,2.0,True,Aston Martin,5126.658,2026-09-13 13:31:17.098,1,20.0,False,,False,True
5327.818,ALO,14,100.82,17.0,2.0,,,30.991,36.386,33.443,5258.019,5294.405,5327.848,214.0,242.0,218.0,284.0,False,SOFT,3.0,True,Aston Martin,5226.998,2026-09-13 13:32:57.438,1,20.0,False,,False,True
5429.273,ALO,14,101.455,18.0,2.0,,,30.872,36.554,34.029,5358.72,5395.274,5429.303,215.0,225.0,220.0,285.0,False,SOFT,4.0,True,Aston Martin,5327.818,2026-09-13 13:34:38.258,1,20.0,False,,False,True
5530.016,ALO,14,100.743,19.0,2.0,,,30.76,36.449,33.534,5460.063,5496.512,5530.046,220.0,246.0,219.0,288.0,False,SOFT,5.0,True,Aston Martin,5429.273,2026-09-13 13:36:19.713,1,20.0,False,,False,True
5630.655,ALO,14,100.639,20.0,2.0,,,30.421,36.483,33.735,5560.467,5596.95,5630.685,220.0,245.0,218.0,299.0,False,SOFT,6.0,True,Aston Martin,5530.016,2026-09-13 13:38:00.456,1,20.0,False,,False,True
5732.174,ALO,14,101.519,21.0,2.0,,,30.826,36.679,34.014,5661.511,5698.19,5732.204,218.0,241.0,220.0,288.0,False,SOFT,7.0,True,Aston Martin,5630.655,2026-09-13 13:39:41.095,1,20.0,False,,False,True
5834.017,ALO,14,101.843,22.0,2.0,,,30.937,36.727,34.179,5763.141,5799.868,5834.047,215.0,245.0,219.0,282.0,False,SOFT,8.0,True,Aston Martin,5732.174,2026-09-13 13:41:22.614,1,20.0,False,,False,True
5938.994,ALO,14,104.977,23.0,2.0,,,31.939,37.416,35.622,5865.986,5903.402,5939.024,199.0,246.0,220.0,237.0,False,SOFT,9.0,True,Aston Martin,5834.017,2026-09-13 13:43:04.457,1,20.0,False,,False,True
6040.265,ALO,14,101.271,24.0,2.0,,,30.539,36.97,33.762,5969.563,6006.533,6040.295,216.0,240.0,219.0,297.0,False,SOFT,10.0,True,Aston Martin,5938.994,2026-09-13 13:44:49.434,1,18.0,False,,False,True
6142.304,ALO,14,102.039,25.0,2.0,,,31.83,36.631,33.578,6072.125,6108.756,6142.334,214.0,245.0,221.0,235.0,False,SOFT,11.0,True,Aston Martin,6040.265,2026-09-13 13:46:30.705,1,18.0,False,,False,True
6246.065,ALO,14,103.761,26.0,2.0,,,30.784,38.913,34.064,6173.118,6212.031,6246.095,217.0,238.0,219.0,292.0,False,SOFT,12.0,True,Aston Martin,6142.304,2026-09-13 13:48:12.744,1,18.0,False,,False,True
6346.845,ALO,14,100.78,27.0,2.0,,,30.574,36.371,33.835,6276.669,6313.04,6346.875,220.0,245.0,221.0,299.0,False,SOFT,13.0,True,Aston Martin,6246.065,2026-09-13 13:49:56.505,1,18.0,False,,False,True
6447.49,ALO,14,100.645,28.0,2.0,,,30.782,36.361,33.502,6377.657,6414.018,6447.52,219.0,245.0,221.0,292.0,False,SOFT,14.0,True,Aston Martin,6346.845,2026-09-13 13:51:37.285,1,18.0,False,,False,True
6548.39,ALO,14,100.9,29.0,2.0,,,30.813,36.208,33.879,6478.333,6514.541,6548.42,218.0,247.0,219.0,291.0,False,SOFT,15.0,True,Aston Martin,6447.49,2026-09-13 13:53:17.930,1,18.0,False,,False,True
6648.857,ALO,14,100.467,30.0,2.0,,,30.677,36.248,33.542,6579.097,6615.345,6648.887,219.0,246.0,218.0,303.0,False,SOFT,16.0,True,Aston Martin,6548.39,2026-09-13 13:54:58.830,1,17.0,False,,False,True
6749.355,ALO,14,100.498,31.0,2.0,,,30.783,36.215,33.5,6679.67,6715.885,6749.385,219.0,244.0,220.0,288.0,False,SOFT,17.0,True,Aston Martin,6648.857,2026-09-13 13:56:39.297,1,17.0,False,,False,True
6849.843,ALO,14,100.488,32.0,2.0,,,30.922,36.057,33.509,6780.307,6816.364,6849.873,219.0,246.0,220.0,290.0,False,SOFT,18.0,True,Aston Martin,6749.355,2026-09-13 13:58:19.795,1,17.0,False,,False,True
6949.985,ALO,14,100.142,33.0,2.0,,,30.749,35.941,33.452,6880.622,6916.563,6950.015,219.0,246.0,220.0,289.0,True,SOFT,19.0,True,Aston Martin,6849.843,2026-09-13 14:00:00.283,1,17.0,False,,False,True
7050.41,ALO,14,100.425,34.0,2.0,,,30.771,36.209,33.445,6980.786,7016.995,7050.44,218.0,244.0,220.0,290.0,False,SOFT,20.0,True,Aston Martin,6949.985,2026-09-13 14:01:40.425,1,17.0,False,,False,True
7151.284,ALO,14,100.874,35.0,2.0,,,30.786,36.436,33.652,7081.226,7117.662,7151.314,217.0,246.0,220.0,290.0,False,SOFT,21.0,True,Aston Martin,7050.41,2026-09-13 14:03:20.850,1,17.0,False,,False,True
7256.484,ALO,14,105.2,36.0,2.0,,,30.942,37.891,36.367,7182.256,7220.147,7256.514,211.0,239.0,219.0,290.0,False,SOFT,22.0,True,Aston Martin,7151.284,2026-09-13 14:05:01.724,1,17.0,False,,False,True
7360.737,ALO,14,104.253,37.0,2.0,,7359.908,30.956,36.551,36.746,7287.47,7324.021,7360.767,212.0,248.0,,282.0,False,SOFT,23.0,True,Aston Martin,7256.484,2026-09-13 14:06:46.924,1,17.0,False,,False,False
7486.128,ALO,14,125.391,38.0,3.0,7391.852,,55.909,36.286,33.196,7416.676,7452.962,7486.158,212.0,249.0,221.0,251.0,False,HARD,1.0,True,Aston Martin,7360.737,2026-09-13 14:08:31.177,1,17.0,False,,False,False
7585.262,ALO,14,99.134,39.0,3.0,,,30.588,35.751,32.795,7516.746,7552.497,7585.292,220.0,248.0,223.0,288.0,True,HARD,2.0,True,Aston Martin,7486.128,2026-09-13 14:10:36.568,1,17.0,False,,False,True
7684.265,ALO,14,99.003,40.0,3.0,,,30.257,35.535,33.211,7615.549,7651.084,7684.295,221.0,249.0,222.0,290.0,True,HARD,3.0,True,Aston Martin,7585.262,2026-09-13 14:12:15.702,1,17.0,False,,False,True
7783.929,ALO,14,99.664,41.0,3.0,,,30.139,35.64,33.885,7714.434,7750.074,7783.959,219.0,249.0,221.0,290.0,False,HARD,4.0,True,Aston Martin,7684.265,2026-09-13 14:13:54.705,1,17.0,False,,False,True
7882.939,ALO,14,99.01,42.0,3.0,,,30.308,35.549,33.153,7814.267,7849.816,7882.969,220.0,247.0,221.0,289.0,False,HARD,5.0,True,Aston Martin,7783.929,2026-09-13 14:15:34.369,1,17.0,False,,False,True
7985.639,ALO,14,102.7,43.0,3.0,,,31.015,37.805,33.88,7913.984,7951.789,7985.669,220.0,224.0,220.0,247.0,False,HARD,6.0,True,Aston Martin,7882.939,2026-09-13 14:17:13.379,1,17.0,False,,False,True
8085.798,ALO,14,100.159,44.0,3.0,,,30.661,35.999,33.499,8016.33,8052.329,8085.828,214.0,246.0,223.0,281.0,False,HARD,7.0,True,Aston Martin,7985.639,2026-09-13 14:18:56.079,1,17.0,False,,False,True
8185.906,ALO,14,100.108,45.0,3.0,,,30.929,35.839,33.34,8116.757,8152.596,8185.936,215.0,247.0,223.0,279.0,False,HARD,8.0,True,Aston Martin,8085.798,2026-09-13 14:20:36.238,1,17.0,False,,False,True
8285.53,ALO,14,99.624,46.0,3.0,,,30.525,35.831,33.268,8216.461,8252.292,8285.56,213.0,247.0,221.0,291.0,False,HARD,9.0,True,Aston Martin,8185.906,2026-09-13 14:22:16.346,1,17.0,False,,False,True
8389.94,ALO,14,104.41,47.0,3.0,,,30.736,40.328,33.346,8316.296,8356.624,8389.97,217.0,249.0,218.0,284.0,False,HARD,10.0,True,Aston Martin,8285.53,2026-09-13 14:23:55.970,1,17.0,False,,False,True
8489.146,ALO,14,99.206,48.0,3.0,,,30.52,35.547,33.139,8420.49,8456.037,8489.176,217.0,249.0,220.0,292.0,False,HARD,11.0,True,Aston Martin,8389.94,2026-09-13 14:25:40.380,1,17.0,False,,False,True
8588.992,ALO,14,99.846,49.0,3.0,,,30.952,35.736,33.158,8520.128,8555.864,8589.022,219.0,245.0,219.0,278.0,False,HARD,12.0,True,Aston Martin,8489.146,2026-09-13 14:27:19.586,1,17.0,False,,False,True
8688.262,ALO,14,99.27,50.0,3.0,,,30.437,35.669,33.164,8619.459,8655.128,8688.292,218.0,245.0,220.0,292.0,False,HARD,13.0,True,Aston Martin,8588.992,2026-09-13 14:28:59.432,1,17.0,False,,False,True
8787.881,ALO,14,99.619,51.0,3.0,,,30.919,35.62,33.08,8719.211,8754.831,8787.911,215.0,250.0,222.0,294.0,False,HARD,14.0,True,Aston Martin,8688.262,2026-09-13 14:30:38.702,1,17.0,False,,False,True
8889.497,ALO,14,101.616,52.0,3.0,,,30.789,37.405,33.422,8818.7,8856.105,8889.527,214.0,250.0,212.0,289.0,False,HARD,15.0,True,Aston Martin,8787.881,2026-09-13 14:32:18.321,1,17.0,False,,False,True
8989.131,ALO,14,99.634,53.0,3.0,,,30.651,35.919,33.064,8920.178,8956.097,8989.161,218.0,245.0,221.0,299.0,False,HARD,16.0,True,Aston Martin,8889.497,2026-09-13 14:33:59.937,1,17.0,False,,False,True
9091.104,ALO,14,101.973,54.0,3.0,,,30.4,35.858,35.715,9019.561,9055.419,9091.134,220.0,249.0,221.0,292.0,False,HARD,17.0,True,Aston Martin,8989.131,2026-09-13 14:35:39.571,1,17.0,False,,False,True
9191.595,ALO,14,100.491,55.0,3.0,,,30.306,36.278,33.907,9121.44,9157.718,9191.625,218.0,238.0,220.0,277.0,False,HARD,18.0,True,Aston Martin,9091.104,2026-09-13 14:37:21.544,1,17.0,False,,False,True
3599.178,LEC,16,105.113,1.0,1.0,,,,37.764,33.836,,3565.503,3599.361,187.0,239.0,221.0,247.0,False,HARD,1.0,True,Ferrari,3493.809,2026-09-13 13:04:04.249,12,5.0,False,,False,False
3700.681,LEC,16,101.503,2.0,1.0,,,30.582,37.107,33.814,3629.786,3666.893,3700.707,201.0,242.0,223.0,268.0,True,HARD,2.0,True,Ferrari,3599.178,2026-09-13 13:05:49.618,1,5.0,False,,False,True
3800.893,LEC,16,100.212,3.0,1.0,,,30.358,36.488,33.366,3731.065,3767.553,3800.919,212.0,247.0,219.0,285.0,True,HARD,3.0,True,Ferrari,3700.681,2026-09-13 13:07:31.121,1,5.0,False,,False,True
3903.191,LEC,16,102.298,4.0,1.0,,,30.825,37.082,34.391,3831.744,3868.826,3903.217,206.0,230.0,219.0,276.0,False,HARD,4.0,True,Ferrari,3800.893,2026-09-13 13:09:11.333,1,5.0,False,,False,True
4005.237,LEC,16,102.046,5.0,1.0,,,31.466,37.114,33.466,3934.683,3971.797,4005.263,194.0,239.0,220.0,237.0,False,HARD,5.0,True,Ferrari,3903.191,2026-09-13 13:10:53.631,12,4.0,False,,False,True
4105.899,LEC,16,100.662,6.0,1.0,,,30.916,36.191,33.555,4036.179,4072.37,4105.925,213.0,247.0,221.0,269.0,False,HARD,6.0,True,Ferrari,4005.237,2026-09-13 13:12:35.677,1,4.0,False,,False,True
4205.976,LEC,16,100.077,7.0,1.0,,,30.427,36.456,33.194,4136.352,4172.808,4206.002,216.0,245.0,221.0,282.0,True,HARD,7.0,True,Ferrari,4105.899,2026-09-13 13:14:16.339,1,4.0,False,,False,True
4305.998,LEC,16,100.022,8.0,1.0,,,30.39,36.4,33.232,4236.392,4272.792,4306.024,212.0,247.0,221.0,283.0,True,HARD,8.0,True,Ferrari,4205.976,2026-09-13 13:15:56.416,1,4.0,False,,False,True
4405.472,LEC,16,99.474,9.0,1.0,,,30.317,35.943,33.214,4336.341,4372.284,4405.498,216.0,249.0,220.0,289.0,True,HARD,9.0,True,Ferrari,4305.998,2026-09-13 13:17:36.438,1,4.0,False,,False,True
4505.069,LEC,16,99.597,10.0,1.0,,,30.32,35.943,33.334,4435.818,4471.761,4505.095,214.0,248.0,221.0,282.0,False,HARD,10.0,True,Ferrari,4405.472,2026-09-13 13:19:15.912,1,4.0,False,,False,True
4604.57,LEC,16,99.501,11.0,1.0,,,30.327,35.793,33.381,4535.422,4571.215,4604.596,215.0,250.0,221.0,283.0,False,HARD,11.0,True,Ferrari,4505.069,2026-09-13 13:20:55.509,1,4.0,False,,False,True
4704.129,LEC,16,99.559,12.0,1.0,,,30.391,35.932,33.236,4634.987,4670.919,4704.155,213.0,244.0,221.0,284.0,False,HARD,12.0,True,Ferrari,4604.57,2026-09-13 13:22:35.010,1,4.0,False,,False,True
4803.578,LEC,16,99.449,13.0,1.0,,,30.262,35.876,33.311,4734.417,4770.293,4803.604,215.0,247.0,221.0,294.0,True,HARD,13.0,True,Ferrari,4704.129,2026-09-13 13:24:14.569,1,4.0,False,,False,True
4911.395,LEC,16,107.817,14.0,1.0,,,30.274,35.71,41.833,4833.878,4869.588,4911.421,212.0,246.0,129.0,294.0,False,HARD,14.0,True,Ferrari,4803.578,2026-09-13 13:25:54.018,126,4.0,False,,False,False
5046.613,LEC,16,135.218,15.0,1.0,,,47.168,50.473,37.577,4958.589,5009.062,5046.639,162.0,195.0,223.0,138.0,False,HARD,15.0,True,Ferrari,4911.395,2026-09-13 13:27:41.835,671,2.0,False,,False,False
5145.386,LEC,16,98.773,16.0,1.0,,,30.289,35.618,32.866,5076.928,5112.546,5145.412,213.0,247.0,223.0,284.0,True,HARD,16.0,True,Ferrari,5046.613,2026-09-13 13:29:57.053,1,1.0,False,,False,True
5243.684,LEC,16,98.298,17.0,1.0,,,30.002,35.447,32.849,5175.414,5210.861,5243.71,210.0,248.0,222.0,293.0,True,HARD,17.0,True,Ferrari,5145.386,2026-09-13 13:31:35.826,1,1.0,False,,False,True
5342.54,LEC,16,98.856,18.0,1.0,,,30.199,35.77,32.887,5273.909,5309.679,5342.566,211.0,244.0,222.0,298.0,False,HARD,18.0,True,Ferrari,5243.684,2026-09-13 13:33:14.124,1,1.0,False,,False,True
5440.875,LEC,16,98.335,19.0,1.0,,,29.979,35.341,33.015,5372.545,5407.886,5440.901,214.0,249.0,223.0,293.0,False,HARD,19.0,True,Ferrari,5342.54,2026-09-13 13:34:52.980,1,1.0,False,,False,True
5539.47,LEC,16,98.595,20.0,1.0,,,29.966,35.519,33.11,5470.867,5506.386,5539.496,216.0,249.0,223.0,299.0,False,HARD,20.0,True,Ferrari,5440.875,2026-09-13 13:36:31.315,1,1.0,False,,False,True
5637.854,LEC,16,98.384,21.0,1.0,,,29.896,35.569,32.919,5569.392,5604.961,5637.88,216.0,248.0,221.0,298.0,False,HARD,21.0,True,Ferrari,5539.47,2026-09-13 13:38:09.910,1,1.0,False,,False,True
5736.331,LEC,16,98.477,22.0,1.0,,,30.062,35.306,33.109,5667.942,5703.248,5736.357,216.0,249.0,221.0,294.0,False,HARD,22.0,True,Ferrari,5637.854,2026-09-13 13:39:48.294,1,1.0,False,,False,True
5834.932,LEC,16,98.601,23.0,1.0,,,29.9,35.499,33.202,5766.257,5801.756,5834.958,218.0,248.0,220.0,299.0,False,HARD,23.0,True,Ferrari,5736.331,2026-09-13 13:41:26.771,1,1.0,False,,False,True
5933.587,LEC,16,98.655,24.0,1.0,,,30.387,35.414,32.854,5865.345,5900.759,5933.613,215.0,250.0,224.0,261.0,False,HARD,24.0,True,Ferrari,5834.932,2026-09-13 13:43:05.372,1,1.0,False,,False,True
6031.915,LEC,16,98.328,25.0,1.0,,,30.113,35.323,32.892,5963.726,5999.049,6031.941,210.0,249.0,223.0,299.0,False,HARD,25.0,True,Ferrari,5933.587,2026-09-13 13:44:44.027,1,1.0,False,,False,True
6130.529,LEC,16,98.614,26.0,1.0,,,29.996,35.478,33.14,6061.937,6097.415,6130.555,216.0,248.0,222.0,295.0,False,HARD,26.0,True,Ferrari,6031.915,2026-09-13 13:46:22.355,1,1.0,False,,False,True
6229.434,LEC,16,98.905,27.0,1.0,,,30.018,35.565,33.322,6160.573,6196.138,6229.46,216.0,246.0,223.0,290.0,False,HARD,27.0,True,Ferrari,6130.529,2026-09-13 13:48:00.969,1,1.0,False,,False,True
6327.835,LEC,16,98.401,28.0,1.0,,,29.94,35.338,33.123,6259.4,6294.738,6327.861,218.0,250.0,224.0,300.0,False,HARD,28.0,True,Ferrari,6229.434,2026-09-13 13:49:39.874,1,1.0,False,,False,True
6425.974,LEC,16,98.139,29.0,1.0,,,29.738,35.331,33.07,6357.599,6392.93,6426.0,215.0,253.0,221.0,292.0,True,HARD,29.0,True,Ferrari,6327.835,2026-09-13 13:51:18.275,1,1.0,False,,False,True
6523.9,LEC,16,97.926,30.0,1.0,,,29.964,35.18,32.782,6455.964,6491.144,6523.926,217.0,246.0,223.0,299.0,True,HARD,30.0,True,Ferrari,6425.974,2026-09-13 13:52:56.414,1,1.0,False,,False,True
6621.837,LEC,16,97.937,31.0,1.0,,,29.9,35.271,32.766,6553.826,6589.097,6621.863,215.0,249.0,224.0,299.0,False,HARD,31.0,True,Ferrari,6523.9,2026-09-13 13:54:34.340,1,1.0,False,,False,True
6720.017,LEC,16,98.18,32.0,1.0,,,29.914,35.117,33.149,6651.777,6686.894,6720.043,218.0,251.0,222.0,298.0,False,HARD,32.0,True,Ferrari,6621.837,2026-09-13 13:56:12.277,1,1.0,False,,False,True
6818.089,LEC,16,98.072,33.0,1.0,,,29.985,35.198,32.889,6750.028,6785.226,6818.115,220.0,250.0,222.0,301.0,False,HARD,33.0,True,Ferrari,6720.017,2026-09-13 13:57:50.457,1,1.0,False,,False,True
6916.107,LEC,16,98.018,34.0,1.0,,,29.875,35.218,32.925,6847.99,6883.208,6916.133,216.0,245.0,223.0,303.0,False,HARD,34.0,True,Ferrari,6818.089,2026-09-13 13:59:28.529,1,1.0,False,,False,True
7014.13,LEC,16,98.023,35.0,1.0,,,29.902,35.194,32.927,6946.035,6981.229,7014.156,218.0,248.0,222.0,300.0,False,HARD,35.0,True,Ferrari,6916.107,2026-09-13 14:01:06.547,1,1.0,False,,False,True
7112.292,LEC,16,98.162,36.0,1.0,,,29.884,35.333,32.945,7044.04,7079.373,7112.318,208.0,247.0,222.0,312.0,False,HARD,36.0,True,Ferrari,7014.13,2026-09-13 14:02:44.570,1,1.0,False,,False,True
7210.212,LEC,16,97.92,37.0,1.0,,,29.91,35.157,32.853,7142.228,7177.385,7210.238,218.0,249.0,223.0,301.0,True,HARD,37.0,True,Ferrari,7112.292,2026-09-13 14:04:22.732,1,1.0,False,,False,True
7308.151,LEC,16,97.939,38.0,1.0,,,29.942,35.103,32.894,7240.18,7275.283,7308.177,219.0,254.0,224.0,299.0,False,HARD,38.0,True,Ferrari,7210.212,2026-09-13 14:06:00.652,1,1.0,False,,False,True
7405.866,LEC,16,97.715,39.0,1.0,,,29.867,35.11,32.738,7338.044,7373.154,7405.892,217.0,251.0,223.0,298.0,True,HARD,39.0,True,Ferrari,7308.151,2026-09-13 14:07:38.591,1,1.0,False,,False,True
7503.653,LEC,16,97.787,40.0,1.0,,,29.872,35.004,32.911,7435.764,7470.768,7503.679,220.0,254.0,222.0,298.0,False,HARD,40.0,True,Ferrari,7405.866,2026-09-13 14:09:16.306,1,1.0,False,,False,True
7601.314,LEC,16,97.661,41.0,1.0,,,29.81,35.08,32.771,7533.489,7568.569,7601.34,219.0,250.0,224.0,299.0,True,HARD,41.0,True,Ferrari,7503.653,2026-09-13 14:10:54.093,1,1.0,False,,False,True
7699.085,LEC,16,97.771,42.0,1.0,,,29.725,35.048,32.998,7631.065,7666.113,7699.111,220.0,252.0,223.0,298.0,False,HARD,42.0,True,Ferrari,7601.314,2026-09-13 14:12:31.754,1,1.0,False,,False,True
7796.595,LEC,16,97.51,43.0,1.0,,,29.682,34.993,32.835,7728.793,7763.786,7796.621,221.0,253.0,224.0,298.0,True,HARD,43.0,True,Ferrari,7699.085,2026-09-13 14:14:09.525,1,1.0,False,,False,True
7894.415,LEC,16,97.82,44.0,1.0,,,29.681,35.079,33.06,7826.302,7861.381,7894.441,219.0,251.0,223.0,300.0,False,HARD,44.0,True,Ferrari,7796.595,2026-09-13 14:15:47.035,1,1.0,False,,False,True
7992.51,LEC,16,98.095,45.0,1.0,,,29.959,35.212,32.924,7924.4,7959.612,7992.536,217.0,252.0,222.0,300.0,False,HARD,45.0,True,Ferrari,7894.415,2026-09-13 14:17:24.855,1,1.0,False,,False,True
8090.671,LEC,16,98.161,46.0,1.0,,,29.932,35.155,33.074,8022.468,8057.623,8090.697,218.0,253.0,224.0,300.0,False,HARD,46.0,True,Ferrari,7992.51,2026-09-13 14:19:02.950,1,1.0,False,,False,True
8188.84,LEC,16,98.169,47.0,1.0,,,29.902,35.041,33.226,8120.599,8155.64,8188.866,214.0,254.0,223.0,302.0,False,HARD,47.0,True,Ferrari,8090.671,2026-09-13 14:20:41.111,1,1.0,False,,False,True
8290.416,LEC,16,101.576,48.0,1.0,,8289.514,29.847,35.272,36.457,8218.713,8253.985,8290.442,213.0,252.0,,304.0,False,HARD,48.0,True,Ferrari,8188.84,2026-09-13 14:22:19.280,1,4.0,False,,False,False
8410.983,LEC,16,120.567,49.0,2.0,8320.755,,53.91,34.842,31.815,8344.352,8379.194,8411.009,201.0,253.0,228.0,247.0,False,SOFT,1.0,True,Ferrari,8290.416,2026-09-13 14:24:00.856,1,4.0,False,,False,False
8507.046,LEC,16,96.063,50.0,2.0,,,29.465,34.428,32.17,8440.474,8474.902,8507.072,223.0,253.0,228.0,298.0,True,SOFT,2.0,True,Ferrari,8410.983,2026-09-13 14:26:01.423,1,4.0,False,,False,True
8603.385,LEC,16,96.339,51.0,2.0,,,29.562,34.594,32.183,8536.634,8571.228,8603.411,221.0,251.0,226.0,298.0,False,SOFT,3.0,True,Ferrari,8507.046,2026-09-13 14:27:37.486,1,4.0,False,,False,True
8701.022,LEC,16,97.637,52.0,2.0,,,29.903,35.138,32.596,8633.314,8668.452,8701.048,212.0,253.0,225.0,286.0,False,SOFT,4.0,True,Ferrari,8603.385,2026-09-13 14:29:13.825,1,4.0,False,,False,True
8798.038,LEC,16,97.016,53.0,2.0,,,29.723,34.778,32.515,8730.771,8765.549,8798.064,218.0,251.0,227.0,301.0,False,SOFT,5.0,True,Ferrari,8701.022,2026-09-13 14:30:51.462,1,4.0,False,,False,True
8895.042,LEC,16,97.004,54.0,2.0,,,29.533,34.796,32.675,8827.597,8862.393,8895.068,221.0,250.0,225.0,302.0,False,SOFT,6.0,True,Ferrari,8798.038,2026-09-13 14:32:28.478,1,4.0,False,,False,True
8991.719,LEC,16,96.677,55.0,2.0,,,29.768,34.545,32.364,8924.836,8959.381,8991.745,218.0,253.0,225.0,302.0,False,SOFT,7.0,True,Ferrari,8895.042,2026-09-13 14:34:05.482,1,4.0,False,,False,True
9088.986,LEC,16,97.267,56.0,2.0,,,29.654,34.924,32.689,9021.399,9056.323,9089.012,223.0,250.0,225.0,298.0,False,SOFT,8.0,True,Ferrari,8991.719,2026-09-13 14:35:42.159,1,4.0,False,,False,True
9186.935,LEC,16,97.949,57.0,2.0,,,30.024,34.928,32.997,9119.036,9153.964,9186.961,219.0,254.0,209.0,288.0,False,SOFT,9.0,True,Ferrari,9088.986,2026-09-13 14:37:19.426,1,4.0,False,,False,True
3607.728,STR,18,113.663,1.0,1.0,,,,38.881,35.455,,3572.349,3607.875,182.0,208.0,208.0,213.0,False,HARD,1.0,True,Aston Martin,3493.809,2026-09-13 13:04:04.249,12,19.0,False,,False,False
3713.101,STR,18,105.373,2.0,1.0,,,32.149,38.326,34.898,3639.953,3678.279,3713.177,199.0,226.0,210.0,268.0,True,HARD,2.0,True,Aston Martin,3607.728,2026-09-13 13:05:58.168,1,19.0,False,,False,True
3818.043,STR,18,104.942,3.0,1.0,,,31.499,38.775,34.668,3744.676,3783.451,3818.119,203.0,225.0,211.0,269.0,True,HARD,3.0,True,Aston Martin,3713.101,2026-09-13 13:07:43.541,1,20.0,False,,False,True
3922.627,STR,18,104.584,4.0,1.0,,,31.656,38.61,34.318,3849.775,3888.385,3922.703,201.0,223.0,212.0,253.0,True,HARD,4.0,True,Aston Martin,3818.043,2026-09-13 13:09:28.483,1,20.0,False,,False,True
4026.896,STR,18,104.269,5.0,1.0,,,31.377,37.946,34.946,3954.08,3992.026,4026.972,201.0,230.0,209.0,273.0,True,HARD,5.0,True,Aston Martin,3922.627,2026-09-13 13:11:13.067,12,20.0,False,,False,True
4131.064,STR,18,104.168,6.0,1.0,,,31.787,37.891,34.49,4058.759,4096.65,4131.14,200.0,216.0,211.0,259.0,True,HARD,6.0,True,Aston Martin,4026.896,2026-09-13 13:12:57.336,1,19.0,False,,False,True
4235.24,STR,18,104.176,7.0,1.0,,,31.78,37.741,34.655,4162.92,4200.661,4235.316,203.0,233.0,210.0,260.0,False,HARD,7.0,True,Aston Martin,4131.064,2026-09-13 13:14:41.504,1,19.0,False,,False,True
4340.15,STR,18,104.91,8.0,1.0,,,31.381,38.694,34.835,4266.697,4305.391,4340.226,206.0,218.0,207.0,272.0,False,HARD,8.0,True,Aston Martin,4235.24,2026-09-13 13:16:25.680,1,20.0,False,,False,True
4444.364,STR,18,104.214,9.0,1.0,,,31.811,37.694,34.709,4372.037,4409.731,4444.44,207.0,233.0,202.0,264.0,False,HARD,9.0,True,Aston Martin,4340.15,2026-09-13 13:18:10.590,1,20.0,False,,False,True
4548.353,STR,18,103.989,10.0,1.0,,,31.856,37.568,34.565,4476.296,4513.864,4548.429,201.0,239.0,207.0,268.0,True,HARD,10.0,True,Aston Martin,4444.364,2026-09-13 13:19:54.804,1,20.0,False,,False,True
4651.815,STR,18,103.462,11.0,1.0,,,31.613,37.318,34.531,4580.042,4617.36,4651.891,205.0,241.0,207.0,262.0,True,HARD,11.0,True,Aston Martin,4548.353,2026-09-13 13:21:38.793,1,20.0,False,,False,True
4755.488,STR,18,103.673,12.0,1.0,,,31.767,37.316,34.59,4683.658,4720.974,4755.564,209.0,237.0,211.0,262.0,False,HARD,12.0,True,Aston Martin,4651.815,2026-09-13 13:23:22.255,1,20.0,False,,False,True
4905.488,STR,18,,13.0,1.0,,,,,,,,,,,,,,HARD,13.0,True,Aston Martin,4755.488,2026-09-13 13:25:05.928,126,,False,,True,False
3606.606,TSU,22,112.541,1.0,1.0,,,,39.288,35.411,,3571.381,3606.705,184.0,214.0,219.0,219.0,False,HARD,1.0,True,Racing Bulls,3493.809,2026-09-13 13:04:04.249,12,17.0,False,,False,False
3710.767,TSU,22,104.161,2.0,1.0,,,31.801,37.606,34.754,3638.474,3676.08,3710.834,207.0,227.0,218.0,255.0,True,HARD,2.0,True,Racing Bulls,3606.606,2026-09-13 13:05:57.046,1,17.0,False,,False,True
3814.961,TSU,22,104.194,3.0,1.0,,,31.627,37.679,34.888,3742.461,3780.14,3815.028,204.0,233.0,205.0,226.0,False,HARD,3.0,True,Racing Bulls,3710.767,2026-09-13 13:07:41.207,1,17.0,False,,False,True
3918.555,TSU,22,103.594,4.0,1.0,,,31.682,37.474,34.438,3846.71,3884.184,3918.622,210.0,232.0,218.0,261.0,True,HARD,4.0,True,Racing Bulls,3814.961,2026-09-13 13:09:25.401,1,17.0,False,,False,True
4022.809,TSU,22,104.254,5.0,1.0,,,31.597,37.556,35.101,3950.219,3987.775,4022.876,202.0,235.0,218.0,246.0,False,HARD,5.0,True,Racing Bulls,3918.555,2026-09-13 13:11:08.995,12,17.0,False,,False,True
4126.644,TSU,22,103.835,6.0,1.0,,,31.429,38.132,34.274,4054.305,4092.437,4126.711,204.0,229.0,221.0,241.0,False,HARD,6.0,True,Racing Bulls,4022.809,2026-09-13 13:12:53.249,1,16.0,False,,False,True
4230.161,TSU,22,103.517,7.0,1.0,,,31.52,37.728,34.269,4158.231,4195.959,4230.228,201.0,230.0,220.0,231.0,False,HARD,7.0,True,Racing Bulls,4126.644,2026-09-13 13:14:37.084,1,16.0,True,TRACK LIMITS AT TURN 15 LAP 7 ,False,True
4333.92,TSU,22,103.759,8.0,1.0,,,31.701,37.329,34.729,4261.929,4299.258,4333.987,204.0,228.0,217.0,228.0,False,HARD,8.0,True,Racing Bulls,4230.161,2026-09-13 13:16:20.601,1,16.0,True,TRACK LIMITS AT TURN 15 LAP 8 ,False,True
4437.757,TSU,22,103.837,9.0,1.0,,,31.768,37.594,34.475,4365.755,4403.349,4437.824,202.0,231.0,218.0,227.0,False,HARD,9.0,True,Racing Bulls,4333.92,2026-09-13 13:18:04.360,1,16.0,False,,False,True
4541.489,TSU,22,103.732,10.0,1.0,,,31.575,37.677,34.48,4469.399,4507.076,4541.556,199.0,230.0,221.0,254.0,False,HARD,10.0,True,Racing Bulls,4437.757,2026-09-13 13:19:48.197,1,16.0,False,,False,True
4644.918,TSU,22,103.429,11.0,1.0,,,31.383,37.541,34.505,4572.939,4610.48,4644.985,201.0,230.0,220.0,242.0,True,HARD,11.0,True,Racing Bulls,4541.489,2026-09-13 13:21:31.929,1,16.0,False,,False,True
4749.277,TSU,22,104.359,12.0,1.0,,,32.498,37.56,34.301,4677.483,4715.043,4749.344,192.0,234.0,220.0,263.0,False,HARD,12.0,True,Racing Bulls,4644.918,2026-09-13 13:23:15.358,1,16.0,True,TRACK LIMITS AT TURN 6 LAP 12 ,False,True
4853.771,TSU,22,104.494,13.0,1.0,,,31.7,38.089,34.705,4781.044,4819.133,4853.838,206.0,230.0,222.0,250.0,False,HARD,13.0,True,Racing Bulls,4749.277,2026-09-13 13:24:59.717,12,16.0,False,,False,True
4985.128,TSU,22,131.357,14.0,1.0,,,31.408,51.826,48.123,4885.246,4937.072,4985.195,203.0,149.0,142.0,240.0,False,HARD,14.0,True,Racing Bulls,4853.771,2026-09-13 13:26:44.211,26,15.0,False,,False,False
5099.983,TSU,22,114.855,15.0,1.0,,,43.903,37.009,33.943,5029.098,5066.107,5100.05,202.0,234.0,218.0,199.0,False,HARD,15.0,True,Racing Bulls,4985.128,2026-09-13 13:28:55.568,671,14.0,False,,False,False
5201.746,TSU,22,101.763,16.0,1.0,,,31.005,36.957,33.801,5131.055,5168.012,5201.813,212.0,235.0,221.0,271.0,True,HARD,16.0,True,Racing Bulls,5099.983,2026-09-13 13:30:50.423,1,14.0,False,,False,True
5303.0,TSU,22,101.254,17.0,1.0,,,30.756,36.633,33.865,5232.569,5269.202,5303.067,216.0,236.0,220.0,284.0,True,HARD,17.0,True,Racing Bulls,5201.746,2026-09-13 13:32:32.186,1,14.0,False,,False,True
5404.192,TSU,22,101.192,18.0,1.0,,,30.986,36.351,33.855,5334.053,5370.404,5404.259,213.0,238.0,222.0,274.0,True,HARD,18.0,True,Racing Bulls,5303.0,2026-09-13 13:34:13.440,1,14.0,False,,False,True
5505.241,TSU,22,101.049,19.0,1.0,,,30.777,36.432,33.84,5435.036,5471.468,5505.308,217.0,230.0,222.0,277.0,True,HARD,19.0,True,Racing Bulls,5404.192,2026-09-13 13:35:54.632,1,14.0,False,,False,True
5606.112,TSU,22,100.871,20.0,1.0,,,30.917,36.171,33.783,5536.225,5572.396,5606.179,214.0,240.0,222.0,275.0,True,HARD,20.0,True,Racing Bulls,5505.241,2026-09-13 13:37:35.681,1,14.0,False,,False,True
5706.894,TSU,22,100.782,21.0,1.0,,,30.724,36.122,33.936,5636.903,5673.025,5706.961,217.0,239.0,221.0,272.0,True,HARD,21.0,True,Racing Bulls,5606.112,2026-09-13 13:39:16.552,1,14.0,False,,False,True
5807.451,TSU,22,100.557,22.0,1.0,,,30.716,36.183,33.658,5737.677,5773.86,5807.518,218.0,238.0,222.0,282.0,True,HARD,22.0,True,Racing Bulls,5706.894,2026-09-13 13:40:57.334,1,14.0,False,,False,True
5908.055,TSU,22,100.604,23.0,1.0,,,30.869,36.033,33.702,5838.387,5874.42,5908.122,215.0,240.0,216.0,274.0,False,HARD,23.0,True,Racing Bulls,5807.451,2026-09-13 13:42:37.891,1,14.0,False,,False,True
6008.263,TSU,22,100.208,24.0,1.0,,,30.77,35.897,33.541,5938.892,5974.789,6008.33,218.0,244.0,221.0,280.0,True,HARD,24.0,True,Racing Bulls,5908.055,2026-09-13 13:44:18.495,1,14.0,False,,False,True
6108.441,TSU,22,100.178,25.0,1.0,,,30.58,35.993,33.605,6038.91,6074.903,6108.508,221.0,239.0,221.0,289.0,True,HARD,25.0,True,Racing Bulls,6008.263,2026-09-13 13:45:58.703,1,14.0,False,,False,True
6208.667,TSU,22,100.226,26.0,1.0,,,30.575,36.007,33.644,6139.083,6175.09,6208.734,219.0,238.0,221.0,279.0,False,HARD,26.0,True,Racing Bulls,6108.441,2026-09-13 13:47:38.881,1,14.0,False,,False,True
6309.022,TSU,22,100.355,27.0,1.0,,,30.619,35.969,33.767,6239.353,6275.322,6309.089,220.0,240.0,221.0,275.0,False,HARD,27.0,True,Racing Bulls,6208.667,2026-09-13 13:49:19.107,1,14.0,False,,False,True
6409.109,TSU,22,100.087,28.0,1.0,,,30.534,35.893,33.66,6339.623,6375.516,6409.176,218.0,243.0,222.0,282.0,True,HARD,28.0,True,Racing Bulls,6309.022,2026-09-13 13:50:59.462,1,14.0,False,,False,True
6509.178,TSU,22,100.069,29.0,1.0,,,30.582,35.831,33.656,6439.758,6475.589,6509.245,219.0,243.0,221.0,280.0,True,HARD,29.0,True,Racing Bulls,6409.109,2026-09-13 13:52:39.549,1,14.0,False,,False,True
6609.225,TSU,22,100.047,30.0,1.0,,,30.698,35.776,33.573,6539.943,6575.719,6609.292,218.0,243.0,222.0,284.0,True,HARD,30.0,True,Racing Bulls,6509.178,2026-09-13 13:54:19.618,1,14.0,False,,False,True
6709.059,TSU,22,99.834,31.0,1.0,,,30.56,35.677,33.597,6639.852,6675.529,6709.126,218.0,244.0,222.0,290.0,True,HARD,31.0,True,Racing Bulls,6609.225,2026-09-13 13:55:59.665,1,14.0,False,,False,True
6808.896,TSU,22,99.837,32.0,1.0,,,30.604,35.697,33.536,6739.73,6775.427,6808.963,220.0,244.0,221.0,292.0,False,HARD,32.0,True,Racing Bulls,6709.059,2026-09-13 13:57:39.499,1,14.0,False,,False,True
6908.732,TSU,22,99.836,33.0,1.0,,,30.743,35.54,33.553,6839.706,6875.246,6908.799,219.0,243.0,221.0,283.0,False,HARD,33.0,True,Racing Bulls,6808.896,2026-09-13 13:59:19.336,1,14.0,False,,False,True
7008.592,TSU,22,99.86,34.0,1.0,,,30.617,35.744,33.499,6939.416,6975.16,7008.659,221.0,242.0,223.0,288.0,False,HARD,34.0,True,Racing Bulls,6908.732,2026-09-13 14:00:59.172,1,14.0,False,,False,True
7108.566,TSU,22,99.974,35.0,1.0,,,30.6,35.675,33.699,7039.259,7074.934,7108.633,221.0,238.0,221.0,286.0,False,HARD,35.0,True,Racing Bulls,7008.592,2026-09-13 14:02:39.032,1,14.0,False,,False,True
7211.302,TSU,22,102.736,36.0,1.0,,7210.477,30.637,35.591,36.508,7139.27,7174.861,7211.369,217.0,246.0,,280.0,False,HARD,36.0,True,Racing Bulls,7108.566,2026-09-13 14:04:19.006,1,14.0,False,,False,False
7334.123,TSU,22,122.821,37.0,2.0,7241.755,,54.018,36.105,32.698,7265.387,7301.492,7334.19,200.0,234.0,227.0,253.0,False,MEDIUM,1.0,True,Racing Bulls,7211.302,2026-09-13 14:06:01.742,1,14.0,False,,False,False
7432.993,TSU,22,98.87,38.0,2.0,,,30.201,35.684,32.985,7364.391,7400.075,7433.06,219.0,239.0,224.0,280.0,True,MEDIUM,2.0,True,Racing Bulls,7334.123,2026-09-13 14:08:04.563,1,14.0,False,,False,True
7532.069,TSU,22,99.076,39.0,2.0,,,30.372,35.716,32.988,7463.432,7499.148,7532.136,218.0,242.0,225.0,286.0,False,MEDIUM,3.0,True,Racing Bulls,7432.993,2026-09-13 14:09:43.433,1,14.0,False,,False,True
7631.318,TSU,22,99.249,40.0,2.0,,,30.205,35.783,33.261,7562.341,7598.124,7631.385,218.0,241.0,224.0,288.0,False,MEDIUM,4.0,True,Racing Bulls,7532.069,2026-09-13 14:11:22.509,1,14.0,False,,False,True
7731.079,TSU,22,99.761,41.0,2.0,,,30.495,35.869,33.397,7661.88,7697.749,7731.146,218.0,236.0,222.0,283.0,False,MEDIUM,5.0,True,Racing Bulls,7631.318,2026-09-13 14:13:01.758,1,14.0,False,,False,True
7830.843,TSU,22,99.764,42.0,2.0,,,30.358,35.798,33.608,7761.504,7797.302,7830.91,215.0,239.0,223.0,288.0,False,MEDIUM,6.0,True,Racing Bulls,7731.079,2026-09-13 14:14:41.519,1,14.0,False,,False,True
7930.52,TSU,22,99.677,43.0,2.0,,,30.455,36.072,33.15,7861.365,7897.437,7930.587,219.0,239.0,225.0,275.0,False,MEDIUM,7.0,True,Racing Bulls,7830.843,2026-09-13 14:16:21.283,1,14.0,False,,False,True
8031.152,TSU,22,100.632,44.0,2.0,,,29.963,35.78,34.889,7960.55,7996.33,8031.219,217.0,241.0,223.0,289.0,False,MEDIUM,8.0,True,Racing Bulls,7930.52,2026-09-13 14:18:00.960,1,14.0,False,,False,True
8130.59,TSU,22,99.438,45.0,2.0,,,30.498,35.825,33.115,8061.717,8097.542,8130.657,218.0,242.0,226.0,268.0,False,MEDIUM,9.0,True,Racing Bulls,8031.152,2026-09-13 14:19:41.592,1,14.0,False,,False,True
8230.106,TSU,22,99.516,46.0,2.0,,,29.996,36.152,33.368,8160.653,8196.805,8230.173,220.0,239.0,224.0,291.0,False,MEDIUM,10.0,True,Racing Bulls,8130.59,2026-09-13 14:21:21.030,1,14.0,False,,False,True
8329.253,TSU,22,99.147,47.0,2.0,,,30.203,35.767,33.177,8260.376,8296.143,8329.32,219.0,240.0,226.0,299.0,False,MEDIUM,11.0,True,Racing Bulls,8230.106,2026-09-13 14:23:00.546,1,14.0,False,,False,True
8428.323,TSU,22,99.07,48.0,2.0,,,30.083,35.769,33.218,8359.403,8395.172,8428.39,220.0,239.0,226.0,293.0,False,MEDIUM,12.0,True,Racing Bulls,8329.253,2026-09-13 14:24:39.693,1,14.0,False,,False,True
8527.549,TSU,22,99.226,49.0,2.0,,,30.156,35.809,33.261,8458.546,8494.355,8527.616,221.0,241.0,225.0,297.0,False,MEDIUM,13.0,True,Racing Bulls,8428.323,2026-09-13 14:26:18.763,1,14.0,False,,False,True
8626.275,TSU,22,98.726,50.0,2.0,,,30.043,35.661,33.022,8557.659,8593.32,8626.342,220.0,243.0,225.0,296.0,True,MEDIUM,14.0,True,Racing Bulls,8527.549,2026-09-13 14:27:57.989,1,14.0,False,,False,True
8725.034,TSU,22,98.759,51.0,2.0,,,30.138,35.682,32.939,8656.48,8692.162,8725.101,220.0,243.0,225.0,289.0,False,MEDIUM,15.0,True,Racing Bulls,8626.275,2026-09-13 14:29:36.715,1,14.0,False,,False,True
8823.441,TSU,22,98.407,52.0,2.0,,,29.94,35.522,32.945,8755.041,8790.563,8823.508,222.0,243.0,225.0,301.0,True,MEDIUM,16.0,True,Racing Bulls,8725.034,2026-09-13 14:31:15.474,1,14.0,False,,False,True
8921.984,TSU,22,98.543,53.0,2.0,,,30.044,35.56,32.939,8853.552,8889.112,8922.051,221.0,241.0,224.0,300.0,False,MEDIUM,17.0,True,Racing Bulls,8823.441,2026-09-13 14:32:53.881,1,14.0,False,,False,True
9020.38,TSU,22,98.396,54.0,2.0,,,29.958,35.47,32.968,8952.009,8987.479,9020.447,223.0,240.0,224.0,304.0,True,MEDIUM,18.0,True,Racing Bulls,8921.984,2026-09-13 14:34:32.424,1,14.0,False,,False,True
9119.164,TSU,22,98.784,55.0,2.0,,,30.149,35.583,33.052,9050.596,9086.179,9119.231,219.0,241.0,224.0,303.0,False,MEDIUM,19.0,True,Racing Bulls,9020.38,2026-09-13 14:36:10.820,1,14.0,False,,False,True
9217.982,TSU,22,98.818,56.0,2.0,,,30.052,35.688,33.078,9149.283,9184.971,9218.049,220.0,243.0,225.0,299.0,False,MEDIUM,20.0,True,Racing Bulls,9119.164,2026-09-13 14:37:49.604,1,14.0,False,,False,True
3605.024,ALB,23,110.959,1.0,1.0,,,,38.989,35.344,,3569.881,3605.178,182.0,215.0,208.0,228.0,False,MEDIUM,1.0,True,Williams,3493.809,2026-09-13 13:04:04.249,12,14.0,False,,False,False
3709.235,ALB,23,104.211,2.0,1.0,,,32.04,37.629,34.542,3637.093,3674.722,3709.264,205.0,225.0,216.0,265.0,True,MEDIUM,2.0,True,Williams,3605.024,2026-09-13 13:05:55.464,1,15.0,False,,False,True
3812.838,ALB,23,103.603,3.0,1.0,,,31.148,37.858,34.597,3740.412,3778.27,3812.867,211.0,222.0,212.0,276.0,True,MEDIUM,3.0,True,Williams,3709.235,2026-09-13 13:07:39.675,1,15.0,False,,False,True
3916.202,ALB,23,103.364,4.0,1.0,,,31.411,37.439,34.514,3844.278,3881.717,3916.231,209.0,242.0,208.0,278.0,True,MEDIUM,4.0,True,Williams,3812.838,2026-09-13 13:09:23.278,1,15.0,False,,False,True
4020.679,ALB,23,104.477,5.0,1.0,,,32.246,37.463,34.768,3948.477,3985.94,4020.708,217.0,240.0,217.0,257.0,False,MEDIUM,5.0,True,Williams,3916.202,2026-09-13 13:11:06.642,12,15.0,False,,False,True
4124.463,ALB,23,103.784,6.0,1.0,,,32.136,37.497,34.151,4052.844,4090.341,4124.492,206.0,239.0,218.0,267.0,False,MEDIUM,6.0,True,Williams,4020.679,2026-09-13 13:12:51.119,1,14.0,False,,False,True
4227.906,ALB,23,103.443,7.0,1.0,,,31.773,37.219,34.451,4156.265,4193.484,4227.935,214.0,238.0,216.0,270.0,False,MEDIUM,7.0,True,Williams,4124.463,2026-09-13 13:14:34.903,1,14.0,False,,False,True
4331.107,ALB,23,103.201,8.0,1.0,,,31.678,37.216,34.307,4259.613,4296.829,4331.136,207.0,238.0,216.0,268.0,True,MEDIUM,8.0,True,Williams,4227.906,2026-09-13 13:16:18.346,1,14.0,False,,False,True
4434.47,ALB,23,103.363,9.0,1.0,,,31.735,37.245,34.383,4362.871,4400.116,4434.499,209.0,240.0,214.0,259.0,False,MEDIUM,9.0,True,Williams,4331.107,2026-09-13 13:18:01.547,1,14.0,False,,False,True
4537.656,ALB,23,103.186,10.0,1.0,,,31.698,37.262,34.226,4466.197,4503.459,4537.685,209.0,241.0,218.0,265.0,True,MEDIUM,10.0,True,Williams,4434.47,2026-09-13 13:19:44.910,1,14.0,False,,False,True
4640.887,ALB,23,103.231,11.0,1.0,,,31.614,37.196,34.421,4569.299,4606.495,4640.916,209.0,244.0,218.0,277.0,False,MEDIUM,11.0,True,Williams,4537.656,2026-09-13 13:21:28.096,1,14.0,False,,False,True
4744.322,ALB,23,103.435,12.0,1.0,,,31.412,37.333,34.69,4672.328,4709.661,4744.351,213.0,243.0,217.0,273.0,False,MEDIUM,12.0,True,Williams,4640.887,2026-09-13 13:23:11.327,1,14.0,False,,False,True
4847.817,ALB,23,103.495,13.0,1.0,,,31.496,37.495,34.504,4775.847,4813.342,4847.846,207.0,241.0,219.0,262.0,False,MEDIUM,13.0,True,Williams,4744.322,2026-09-13 13:24:54.762,1,14.0,False,,False,True
4978.071,ALB,23,130.254,14.0,1.0,,4977.078,31.437,49.057,49.76,4879.283,4928.34,4978.1,208.0,171.0,,266.0,False,MEDIUM,14.0,True,Williams,4847.817,2026-09-13 13:26:38.257,126,14.0,False,,False,False
5106.5,ALB,23,128.429,15.0,2.0,5008.329,,57.133,37.571,33.725,5035.233,5072.804,5106.529,207.0,234.0,220.0,232.0,False,HARD,1.0,True,Williams,4978.071,2026-09-13 13:28:48.511,671,17.0,False,,False,False
5208.632,ALB,23,102.132,16.0,2.0,,,31.058,37.236,33.838,5137.587,5174.823,5208.661,208.0,232.0,221.0,272.0,False,HARD,2.0,True,Williams,5106.5,2026-09-13 13:30:56.940,1,17.0,True,TRACK LIMITS AT TURN 1 LAP 16 ,False,True
5310.186,ALB,23,101.554,17.0,2.0,,,30.964,36.815,33.775,5239.625,5276.44,5310.215,208.0,244.0,220.0,260.0,True,HARD,3.0,True,Williams,5208.632,2026-09-13 13:32:39.072,1,17.0,False,,False,True
5411.912,ALB,23,101.726,18.0,2.0,,,30.734,37.042,33.95,5340.949,5377.991,5411.941,212.0,241.0,221.0,276.0,False,HARD,4.0,True,Williams,5310.186,2026-09-13 13:34:20.626,1,17.0,False,,False,True
5513.719,ALB,23,101.807,19.0,2.0,,,30.766,37.038,34.003,5442.707,5479.745,5513.748,206.0,237.0,221.0,271.0,False,HARD,5.0,True,Williams,5411.912,2026-09-13 13:36:02.352,1,17.0,False,,False,True
5615.636,ALB,23,101.917,20.0,2.0,,,30.904,36.912,34.101,5544.652,5581.564,5615.665,212.0,235.0,219.0,272.0,False,HARD,6.0,True,Williams,5513.719,2026-09-13 13:37:44.159,1,17.0,False,,False,True
5717.497,ALB,23,101.861,21.0,2.0,,,30.776,36.905,34.18,5646.441,5683.346,5717.526,219.0,242.0,220.0,275.0,False,HARD,7.0,True,Williams,5615.636,2026-09-13 13:39:26.076,1,17.0,False,,False,True
5819.398,ALB,23,101.901,22.0,2.0,,,31.068,36.854,33.979,5748.594,5785.448,5819.427,214.0,234.0,220.0,268.0,False,HARD,8.0,True,Williams,5717.497,2026-09-13 13:41:07.937,1,17.0,False,,False,True
5921.059,ALB,23,101.661,23.0,2.0,,,31.245,36.612,33.804,5850.672,5887.284,5921.088,215.0,244.0,221.0,272.0,False,HARD,9.0,True,Williams,5819.398,2026-09-13 13:42:49.838,1,17.0,False,,False,True
6022.351,ALB,23,101.292,24.0,2.0,,,31.082,36.392,33.818,5952.17,5988.562,6022.38,217.0,238.0,218.0,276.0,True,HARD,10.0,True,Williams,5921.059,2026-09-13 13:44:31.499,1,16.0,False,,False,True
6123.397,ALB,23,101.046,25.0,2.0,,,30.963,36.208,33.875,6053.343,6089.551,6123.426,213.0,244.0,220.0,270.0,True,HARD,11.0,True,Williams,6022.351,2026-09-13 13:46:12.791,1,16.0,False,,False,True
6224.022,ALB,23,100.625,26.0,2.0,,,30.51,36.228,33.887,6153.936,6190.164,6224.051,218.0,249.0,219.0,273.0,True,HARD,12.0,True,Williams,6123.397,2026-09-13 13:47:53.837,1,16.0,False,,False,True
6324.374,ALB,23,100.352,27.0,2.0,,,30.597,36.07,33.685,6254.648,6290.718,6324.403,220.0,249.0,221.0,283.0,True,HARD,13.0,True,Williams,6224.022,2026-09-13 13:49:34.462,1,16.0,False,,False,True
6424.886,ALB,23,100.512,28.0,2.0,,,30.455,36.2,33.857,6354.858,6391.058,6424.915,214.0,249.0,219.0,285.0,False,HARD,14.0,True,Williams,6324.374,2026-09-13 13:51:14.814,1,16.0,False,,False,True
6529.799,ALB,23,104.913,29.0,2.0,,,32.065,37.658,35.19,6456.98,6494.638,6529.828,214.0,133.0,219.0,250.0,False,HARD,15.0,True,Williams,6424.886,2026-09-13 13:52:55.326,1,16.0,False,,False,True
6632.328,ALB,23,102.529,30.0,2.0,,,30.786,36.161,35.582,6560.614,6596.775,6632.357,216.0,238.0,220.0,276.0,False,HARD,16.0,True,Williams,6529.799,2026-09-13 13:54:40.239,1,16.0,False,,False,True
6733.778,ALB,23,101.45,31.0,2.0,,,31.284,36.305,33.861,6663.641,6699.946,6733.807,218.0,241.0,216.0,269.0,False,HARD,17.0,True,Williams,6632.328,2026-09-13 13:56:22.768,1,16.0,False,,False,True
6835.864,ALB,23,102.086,32.0,2.0,,,32.351,36.199,33.536,6766.158,6802.357,6835.893,214.0,247.0,219.0,281.0,False,HARD,18.0,True,Williams,6733.778,2026-09-13 13:58:04.218,1,16.0,False,,False,True
6935.928,ALB,23,100.064,33.0,2.0,,,30.471,35.972,33.621,6866.364,6902.336,6935.957,220.0,249.0,220.0,283.0,True,HARD,19.0,True,Williams,6835.864,2026-09-13 13:59:46.304,1,16.0,False,,False,True
7035.825,ALB,23,99.897,34.0,2.0,,,30.248,36.111,33.538,6966.205,7002.316,7035.854,217.0,243.0,219.0,290.0,True,HARD,20.0,True,Williams,6935.928,2026-09-13 14:01:26.368,1,15.0,False,,False,True
7135.708,ALB,23,99.883,35.0,2.0,,,30.289,36.102,33.492,7066.143,7102.245,7135.737,215.0,252.0,221.0,284.0,True,HARD,21.0,True,Williams,7035.825,2026-09-13 14:03:06.265,1,15.0,False,,False,True
7235.702,ALB,23,99.994,36.0,2.0,,,30.283,36.073,33.638,7166.02,7202.093,7235.731,220.0,250.0,220.0,290.0,False,HARD,22.0,True,Williams,7135.708,2026-09-13 14:04:46.148,1,15.0,False,,False,True
7336.321,ALB,23,100.619,37.0,2.0,,,30.359,36.386,33.874,7266.09,7302.476,7336.35,214.0,239.0,222.0,277.0,False,HARD,23.0,True,Williams,7235.702,2026-09-13 14:06:26.142,1,15.0,False,,False,True
7436.487,ALB,23,100.166,38.0,2.0,,,30.268,36.153,33.745,7366.618,7402.771,7436.516,218.0,251.0,219.0,287.0,False,HARD,24.0,True,Williams,7336.321,2026-09-13 14:08:06.761,1,15.0,False,,False,True
7536.749,ALB,23,100.262,39.0,2.0,,,30.245,36.257,33.76,7466.761,7503.018,7536.778,214.0,247.0,220.0,283.0,False,HARD,25.0,True,Williams,7436.487,2026-09-13 14:09:46.927,1,15.0,False,,False,True
7636.821,ALB,23,100.072,40.0,2.0,,,29.997,36.247,33.828,7566.775,7603.022,7636.85,220.0,252.0,221.0,292.0,False,HARD,26.0,True,Williams,7536.749,2026-09-13 14:11:27.189,1,15.0,False,,False,True
7736.952,ALB,23,100.131,41.0,2.0,,,30.118,36.221,33.792,7666.968,7703.189,7736.981,215.0,248.0,218.0,286.0,False,HARD,27.0,True,Williams,7636.821,2026-09-13 14:13:07.261,1,15.0,False,,False,True
7838.734,ALB,23,101.782,42.0,2.0,,,31.699,36.241,33.842,7768.68,7804.921,7838.763,218.0,254.0,221.0,283.0,False,HARD,28.0,True,Williams,7736.952,2026-09-13 14:14:47.392,1,15.0,False,,False,True
7938.794,ALB,23,100.06,43.0,2.0,,,30.105,36.143,33.812,7868.868,7905.011,7938.823,215.0,244.0,223.0,282.0,False,HARD,29.0,True,Williams,7838.734,2026-09-13 14:16:29.174,1,15.0,True,TRACK LIMITS AT TURN 18 LAP 43 ,False,True
8039.925,ALB,23,101.131,44.0,2.0,,,30.394,36.714,34.023,7969.217,8005.931,8039.954,208.0,246.0,221.0,281.0,False,HARD,30.0,True,Williams,7938.794,2026-09-13 14:18:09.234,1,15.0,False,,False,True
8139.697,ALB,23,99.772,45.0,2.0,,,30.078,36.047,33.647,8070.032,8106.079,8139.726,218.0,250.0,223.0,288.0,True,HARD,31.0,True,Williams,8039.925,2026-09-13 14:19:50.365,1,15.0,False,,False,True
8239.193,ALB,23,99.496,46.0,2.0,,,29.918,36.073,33.505,8169.644,8205.717,8239.222,225.0,248.0,223.0,288.0,True,HARD,32.0,True,Williams,8139.697,2026-09-13 14:21:30.137,1,15.0,False,,False,True
8338.59,ALB,23,99.397,47.0,2.0,,,29.93,36.001,33.466,8269.152,8305.153,8338.619,223.0,246.0,221.0,292.0,True,HARD,33.0,True,Williams,8239.193,2026-09-13 14:23:09.633,1,15.0,False,,False,True
8438.025,ALB,23,99.435,48.0,2.0,,,29.863,36.047,33.525,8368.482,8404.529,8438.054,221.0,246.0,221.0,295.0,False,HARD,34.0,True,Williams,8338.59,2026-09-13 14:24:49.030,1,15.0,False,,False,True
8537.631,ALB,23,99.606,49.0,2.0,,,30.128,35.941,33.537,8468.182,8504.123,8537.66,222.0,250.0,221.0,293.0,False,HARD,35.0,True,Williams,8438.025,2026-09-13 14:26:28.465,1,15.0,False,,False,True
8637.758,ALB,23,100.127,50.0,2.0,,,30.32,36.182,33.625,8567.98,8604.162,8637.787,218.0,251.0,221.0,285.0,False,HARD,36.0,True,Williams,8537.631,2026-09-13 14:28:08.071,1,15.0,False,,False,True
8737.374,ALB,23,99.616,51.0,2.0,,,29.954,35.991,33.671,8667.741,8703.732,8737.403,221.0,251.0,219.0,290.0,False,HARD,37.0,True,Williams,8637.758,2026-09-13 14:29:48.198,1,15.0,False,,False,True
8837.668,ALB,23,100.294,52.0,2.0,,,30.198,36.179,33.917,8767.601,8803.78,8837.697,223.0,254.0,220.0,281.0,False,HARD,38.0,True,Williams,8737.374,2026-09-13 14:31:27.814,1,15.0,False,,False,True
8937.697,ALB,23,100.029,53.0,2.0,,,30.247,36.233,33.549,8867.944,8904.177,8937.726,224.0,246.0,218.0,280.0,False,HARD,39.0,True,Williams,8837.668,2026-09-13 14:33:08.108,1,15.0,False,,False,True
9038.217,ALB,23,100.52,54.0,2.0,,,30.377,36.243,33.9,8968.103,9004.346,9038.246,217.0,244.0,220.0,280.0,False,HARD,40.0,True,Williams,8937.697,2026-09-13 14:34:48.137,1,15.0,False,,False,True
9141.563,ALB,23,103.346,55.0,2.0,,,30.362,38.986,33.998,9068.608,9107.594,9141.592,225.0,234.0,219.0,286.0,False,HARD,41.0,True,Williams,9038.217,2026-09-13 14:36:28.657,1,15.0,False,,False,True
9244.031,ALB,23,102.468,56.0,2.0,,,31.151,37.147,34.17,9172.743,9209.89,9244.06,215.0,244.0,218.0,268.0,False,HARD,42.0,True,Williams,9141.563,2026-09-13 14:38:12.003,1,15.0,False,,False,True
3603.297,HUL,27,109.232,1.0,1.0,,,,38.486,34.737,,3568.686,3603.441,186.0,206.0,221.0,213.0,False,SOFT,1.0,True,Audi,3493.809,2026-09-13 13:04:04.249,12,12.0,False,,False,False
3706.674,HUL,27,103.377,2.0,1.0,,,31.156,37.592,34.629,3634.494,3672.086,3706.715,200.0,221.0,218.0,254.0,True,SOFT,2.0,True,Audi,3603.297,2026-09-13 13:05:53.737,1,12.0,False,,False,True
3809.481,HUL,27,102.807,3.0,1.0,,,30.609,37.512,34.686,3737.324,3774.836,3809.522,204.0,230.0,217.0,281.0,True,SOFT,3.0,True,Audi,3706.674,2026-09-13 13:07:37.114,1,12.0,False,,False,True
3912.002,HUL,27,102.521,4.0,1.0,,,30.558,37.421,34.542,3840.08,3877.501,3912.043,209.0,225.0,218.0,285.0,True,SOFT,4.0,True,Audi,3809.481,2026-09-13 13:09:19.921,1,12.0,False,,False,True
4015.156,HUL,27,103.154,5.0,1.0,,,30.721,37.499,34.934,3942.764,3980.263,4015.197,208.0,228.0,215.0,275.0,False,SOFT,5.0,True,Audi,3912.002,2026-09-13 13:11:02.442,12,12.0,False,,False,True
4118.241,HUL,27,103.085,6.0,1.0,,,31.641,37.239,34.205,4046.838,4084.077,4118.282,210.0,243.0,219.0,272.0,False,SOFT,6.0,True,Audi,4015.156,2026-09-13 13:12:45.596,1,11.0,False,,False,True
4220.35,HUL,27,102.109,7.0,1.0,,,30.711,37.189,34.209,4148.993,4186.182,4220.391,214.0,226.0,218.0,277.0,True,SOFT,7.0,True,Audi,4118.241,2026-09-13 13:14:28.681,1,11.0,False,,False,True
4322.397,HUL,27,102.047,8.0,1.0,,,30.623,37.146,34.278,4251.014,4288.16,4322.438,214.0,230.0,218.0,283.0,True,SOFT,8.0,True,Audi,4220.35,2026-09-13 13:16:10.790,1,11.0,False,,False,True
4424.844,HUL,27,102.447,9.0,1.0,,,31.107,37.284,34.056,4353.545,4390.829,4424.885,210.0,232.0,218.0,281.0,False,SOFT,9.0,True,Audi,4322.397,2026-09-13 13:17:52.837,1,11.0,False,,False,True
4526.87,HUL,27,102.026,10.0,1.0,,,30.644,37.037,34.345,4455.529,4492.566,4526.911,213.0,229.0,218.0,282.0,True,SOFT,10.0,True,Audi,4424.844,2026-09-13 13:19:35.284,1,11.0,False,,False,True
4629.415,HUL,27,102.545,11.0,1.0,,,30.594,37.43,34.521,4557.505,4594.935,4629.456,212.0,233.0,219.0,276.0,False,SOFT,11.0,True,Audi,4526.87,2026-09-13 13:21:17.310,1,11.0,False,,False,True
4732.209,HUL,27,102.794,12.0,1.0,,,30.848,37.362,34.584,4660.304,4697.666,4732.25,210.0,227.0,216.0,265.0,False,SOFT,12.0,True,Audi,4629.415,2026-09-13 13:22:59.855,1,11.0,False,,False,True
4834.739,HUL,27,102.53,13.0,1.0,,,30.896,37.219,34.415,4763.146,4800.365,4834.78,215.0,232.0,217.0,272.0,False,SOFT,13.0,True,Audi,4732.209,2026-09-13 13:24:42.649,1,11.0,False,,False,True
4959.095,HUL,27,124.356,14.0,1.0,,4958.12,30.515,45.717,48.124,4865.295,4911.012,4959.136,210.0,182.0,,276.0,False,SOFT,14.0,True,Audi,4834.739,2026-09-13 13:26:25.179,126,11.0,False,,False,False
5091.156,HUL,27,132.061,15.0,2.0,4989.287,,60.256,38.346,33.459,5019.392,5057.738,5091.197,161.0,237.0,222.0,153.0,False,HARD,1.0,True,Audi,4959.095,2026-09-13 13:28:29.535,671,12.0,False,,False,False
5191.584,HUL,27,100.428,16.0,2.0,,,30.177,36.91,33.341,5121.374,5158.284,5191.625,217.0,234.0,221.0,291.0,True,HARD,2.0,True,Audi,5091.156,2026-09-13 13:30:41.596,1,12.0,False,,False,True
5291.968,HUL,27,100.384,17.0,2.0,,,30.205,36.835,33.344,5221.83,5258.665,5292.009,212.0,241.0,222.0,287.0,True,HARD,3.0,True,Audi,5191.584,2026-09-13 13:32:22.024,1,12.0,False,,False,True
5392.201,HUL,27,100.233,18.0,2.0,,,30.149,36.617,33.467,5322.158,5358.775,5392.242,216.0,238.0,222.0,279.0,True,HARD,4.0,True,Audi,5291.968,2026-09-13 13:34:02.408,1,12.0,False,,False,True
5492.641,HUL,27,100.44,19.0,2.0,,,30.16,36.727,33.553,5422.402,5459.129,5492.682,213.0,236.0,221.0,291.0,False,HARD,5.0,True,Audi,5392.201,2026-09-13 13:35:42.641,1,12.0,False,,False,True
5592.9,HUL,27,100.259,20.0,2.0,,,30.401,36.361,33.497,5523.083,5559.444,5592.941,217.0,242.0,222.0,280.0,False,HARD,6.0,True,Audi,5492.641,2026-09-13 13:37:23.081,1,12.0,False,,False,True
5692.491,HUL,27,99.591,21.0,2.0,,,29.996,36.152,33.443,5622.937,5659.089,5692.532,218.0,244.0,220.0,293.0,True,HARD,7.0,True,Audi,5592.9,2026-09-13 13:39:03.340,1,12.0,False,,False,True
5792.651,HUL,27,100.16,22.0,2.0,,,30.089,36.356,33.715,5722.621,5758.977,5792.692,217.0,242.0,221.0,293.0,False,HARD,8.0,True,Audi,5692.491,2026-09-13 13:40:42.931,1,12.0,False,,False,True
5892.168,HUL,27,99.517,23.0,2.0,,,29.84,36.089,33.588,5822.532,5858.621,5892.209,220.0,244.0,222.0,293.0,True,HARD,9.0,True,Audi,5792.651,2026-09-13 13:42:23.091,1,12.0,False,,False,True
5992.064,HUL,27,99.896,24.0,2.0,,,29.933,36.433,33.53,5922.142,5958.575,5992.105,219.0,240.0,221.0,294.0,False,HARD,10.0,True,Audi,5892.168,2026-09-13 13:44:02.608,1,12.0,False,,False,True
6092.27,HUL,27,100.206,25.0,2.0,,,30.02,36.35,33.836,6022.125,6058.475,6092.311,214.0,243.0,221.0,297.0,False,HARD,11.0,True,Audi,5992.064,2026-09-13 13:45:42.504,1,12.0,False,,False,True
6192.262,HUL,27,99.992,26.0,2.0,,,30.21,36.218,33.564,6122.521,6158.739,6192.303,218.0,247.0,220.0,282.0,False,HARD,12.0,True,Audi,6092.27,2026-09-13 13:47:22.710,1,12.0,False,,False,True
6292.457,HUL,27,100.195,27.0,2.0,,,30.295,36.441,33.459,6222.598,6259.039,6292.498,215.0,244.0,220.0,285.0,False,HARD,13.0,True,Audi,6192.262,2026-09-13 13:49:02.702,1,12.0,False,,False,True
6392.605,HUL,27,100.148,28.0,2.0,,,29.994,36.496,33.658,6322.492,6358.988,6392.646,218.0,237.0,222.0,295.0,False,HARD,14.0,True,Audi,6292.457,2026-09-13 13:50:42.897,1,12.0,True,TRACK LIMITS AT TURN 15 LAP 28 ,False,True
6492.169,HUL,27,99.564,29.0,2.0,,,29.89,36.037,33.637,6422.536,6458.573,6492.21,221.0,245.0,221.0,297.0,False,HARD,15.0,True,Audi,6392.605,2026-09-13 13:52:23.045,1,12.0,False,,False,True
6591.399,HUL,27,99.23,30.0,2.0,,,29.985,36.028,33.217,6522.195,6558.223,6591.44,221.0,247.0,223.0,296.0,True,HARD,16.0,True,Audi,6492.169,2026-09-13 13:54:02.609,1,12.0,False,,False,True
6690.608,HUL,27,99.209,31.0,2.0,,,29.894,35.848,33.467,6621.334,6657.182,6690.649,221.0,246.0,221.0,281.0,True,HARD,17.0,True,Audi,6591.399,2026-09-13 13:55:41.839,1,12.0,False,,False,True
6789.8,HUL,27,99.192,32.0,2.0,,,29.825,36.021,33.346,6720.474,6756.495,6789.841,222.0,248.0,221.0,300.0,True,HARD,18.0,True,Audi,6690.608,2026-09-13 13:57:21.048,1,12.0,False,,False,True
6888.737,HUL,27,98.937,33.0,2.0,,,30.101,35.706,33.13,6819.942,6855.648,6888.778,223.0,247.0,220.0,292.0,True,HARD,19.0,True,Audi,6789.8,2026-09-13 13:59:00.240,1,12.0,False,,False,True
6987.541,HUL,27,98.804,34.0,2.0,,,29.917,35.828,33.059,6918.695,6954.523,6987.582,222.0,246.0,222.0,295.0,True,HARD,20.0,True,Audi,6888.737,2026-09-13 14:00:39.177,1,12.0,False,,False,True
7085.909,HUL,27,98.368,35.0,2.0,,,29.688,35.612,33.068,7017.27,7052.882,7085.95,224.0,247.0,222.0,302.0,True,HARD,21.0,True,Audi,6987.541,2026-09-13 14:02:17.981,1,12.0,False,,False,True
7184.499,HUL,27,98.59,36.0,2.0,,,29.718,35.743,33.129,7115.668,7151.411,7184.54,225.0,248.0,222.0,300.0,False,HARD,22.0,True,Audi,7085.909,2026-09-13 14:03:56.349,1,12.0,False,,False,True
7283.312,HUL,27,98.813,37.0,2.0,,,29.848,35.797,33.168,7214.388,7250.185,7283.353,222.0,249.0,222.0,302.0,False,HARD,23.0,True,Audi,7184.499,2026-09-13 14:05:34.939,1,12.0,False,,False,True
7382.163,HUL,27,98.851,38.0,2.0,,,29.872,35.846,33.133,7313.225,7349.071,7382.204,222.0,249.0,222.0,300.0,False,HARD,24.0,True,Audi,7283.312,2026-09-13 14:07:13.752,1,12.0,False,,False,True
7481.62,HUL,27,99.457,39.0,2.0,,,30.482,35.754,33.221,7412.686,7448.44,7481.661,221.0,246.0,221.0,285.0,False,HARD,25.0,True,Audi,7382.163,2026-09-13 14:08:52.603,1,12.0,False,,False,True
7580.384,HUL,27,98.764,40.0,2.0,,,29.883,35.704,33.177,7511.544,7547.248,7580.425,223.0,247.0,223.0,299.0,False,HARD,26.0,True,Audi,7481.62,2026-09-13 14:10:32.060,1,12.0,False,,False,True
7678.95,HUL,27,98.566,41.0,2.0,,,29.872,35.621,33.073,7610.297,7645.918,7678.991,219.0,250.0,222.0,301.0,False,HARD,27.0,True,Audi,7580.384,2026-09-13 14:12:10.824,1,12.0,False,,False,True
7777.711,HUL,27,98.761,42.0,2.0,,,29.862,35.651,33.248,7708.853,7744.504,7777.752,224.0,249.0,222.0,300.0,False,HARD,28.0,True,Audi,7678.95,2026-09-13 14:13:49.390,1,12.0,False,,False,True
7876.496,HUL,27,98.785,43.0,2.0,,,29.874,35.834,33.077,7807.626,7843.46,7876.537,219.0,249.0,223.0,286.0,False,HARD,29.0,True,Audi,7777.711,2026-09-13 14:15:28.151,1,12.0,False,,False,True
7975.276,HUL,27,98.78,44.0,2.0,,,29.962,35.703,33.115,7906.499,7942.202,7975.317,220.0,249.0,223.0,303.0,False,HARD,30.0,True,Audi,7876.496,2026-09-13 14:17:06.936,1,12.0,False,,False,True
8075.026,HUL,27,99.75,45.0,2.0,,,29.928,36.2,33.622,8005.245,8041.445,8075.067,216.0,244.0,224.0,295.0,False,HARD,31.0,True,Audi,7975.276,2026-09-13 14:18:45.716,1,12.0,False,,False,True
8174.946,HUL,27,99.92,46.0,2.0,,,30.316,36.177,33.427,8105.383,8141.56,8174.987,212.0,244.0,223.0,293.0,False,HARD,32.0,True,Audi,8075.026,2026-09-13 14:20:25.466,1,12.0,False,,False,True
8274.955,HUL,27,100.009,47.0,2.0,,,30.274,36.272,33.463,8205.261,8241.533,8274.996,209.0,244.0,222.0,267.0,False,HARD,33.0,True,Audi,8174.946,2026-09-13 14:22:05.386,1,11.0,False,,False,True
8373.834,HUL,27,98.879,48.0,2.0,,,29.988,35.831,33.06,8304.984,8340.815,8373.875,221.0,250.0,224.0,287.0,False,HARD,34.0,True,Audi,8274.955,2026-09-13 14:23:45.395,1,11.0,False,,False,True
8472.523,HUL,27,98.689,49.0,2.0,,,29.862,35.49,33.337,8403.737,8439.227,8472.564,225.0,250.0,224.0,294.0,False,HARD,35.0,True,Audi,8373.834,2026-09-13 14:25:24.274,1,11.0,False,,False,True
8570.637,HUL,27,98.114,50.0,2.0,,,29.754,35.559,32.801,8502.318,8537.877,8570.678,224.0,246.0,223.0,300.0,True,HARD,36.0,True,Audi,8472.523,2026-09-13 14:27:02.963,1,11.0,False,,False,True
8668.823,HUL,27,98.186,51.0,2.0,,,29.734,35.558,32.894,8600.412,8635.97,8668.864,223.0,247.0,224.0,302.0,False,HARD,37.0,True,Audi,8570.637,2026-09-13 14:28:41.077,1,11.0,False,,False,True
8767.007,HUL,27,98.184,52.0,2.0,,,29.753,35.479,32.952,8698.617,8734.096,8767.048,225.0,250.0,223.0,307.0,False,HARD,38.0,True,Audi,8668.823,2026-09-13 14:30:19.263,1,11.0,False,,False,True
8865.83,HUL,27,98.823,53.0,2.0,,,30.059,35.763,33.001,8797.107,8832.87,8865.871,211.0,249.0,220.0,295.0,False,HARD,39.0,True,Audi,8767.007,2026-09-13 14:31:57.447,1,11.0,False,,False,True
8966.834,HUL,27,101.004,54.0,2.0,,,31.538,35.402,34.064,8897.409,8932.811,8966.875,220.0,251.0,223.0,259.0,False,HARD,40.0,True,Audi,8865.83,2026-09-13 14:33:36.270,1,11.0,False,,False,True
9069.471,HUL,27,102.637,55.0,2.0,,,32.191,36.998,33.448,8999.066,9036.064,9069.512,193.0,245.0,223.0,252.0,False,HARD,41.0,True,Audi,8966.834,2026-09-13 14:35:17.274,1,11.0,True,TRACK LIMITS AT TURN 2 LAP 55 ,False,True
9169.117,HUL,27,99.646,56.0,2.0,,,30.175,35.978,33.493,9099.687,9135.665,9169.158,215.0,241.0,220.0,280.0,False,HARD,42.0,True,Audi,9069.471,2026-09-13 14:36:59.911,1,10.0,False,,False,True
3597.196,VER,3,103.131,1.0,1.0,,,,36.843,33.385,,3563.918,3597.238,180.0,237.0,224.0,264.0,False,SOFT,4.0,False,Red Bull Racing,3493.809,2026-09-13 13:04:04.249,12,2.0,False,,False,False
3697.321,VER,3,100.125,2.0,1.0,,,30.477,36.361,33.287,3627.715,3664.076,3697.363,207.0,244.0,222.0,269.0,True,SOFT,5.0,False,Red Bull Racing,3597.196,2026-09-13 13:05:47.636,1,2.0,False,,False,True
3797.476,VER,3,100.155,3.0,1.0,,,30.573,36.215,33.367,3727.936,3764.151,3797.518,210.0,236.0,223.0,279.0,False,SOFT,6.0,False,Red Bull Racing,3697.321,2026-09-13 13:07:27.761,1,2.0,False,,False,True
3902.8,VER,3,105.324,4.0,1.0,,,30.83,40.083,34.411,3828.348,3868.431,3902.842,211.0,234.0,219.0,242.0,False,SOFT,7.0,False,Red Bull Racing,3797.476,2026-09-13 13:09:07.916,1,4.0,False,,False,True
4002.903,VER,3,100.103,5.0,1.0,,,30.59,36.062,33.451,3933.432,3969.494,4002.945,214.0,237.0,216.0,278.0,True,SOFT,8.0,False,Red Bull Racing,3902.8,2026-09-13 13:10:53.240,12,3.0,False,,False,True
4103.368,VER,3,100.465,6.0,1.0,,,30.426,36.558,33.481,4033.371,4069.929,4103.41,209.0,233.0,217.0,282.0,False,SOFT,9.0,False,Red Bull Racing,4002.903,2026-09-13 13:12:33.343,1,3.0,False,,False,True
4203.794,VER,3,100.426,7.0,1.0,,,30.561,36.317,33.548,4133.971,4170.288,4203.836,210.0,235.0,221.0,283.0,False,SOFT,10.0,False,Red Bull Racing,4103.368,2026-09-13 13:14:13.808,1,3.0,False,,False,True
4303.688,VER,3,99.894,8.0,1.0,,,30.165,36.245,33.484,4234.001,4270.246,4303.73,209.0,241.0,216.0,287.0,True,SOFT,11.0,False,Red Bull Racing,4203.794,2026-09-13 13:15:54.234,1,3.0,False,,False,True
4403.514,VER,3,99.826,9.0,1.0,,,30.214,36.28,33.332,4333.944,4370.224,4403.556,215.0,241.0,219.0,282.0,True,SOFT,12.0,False,Red Bull Racing,4303.688,2026-09-13 13:17:34.128,1,3.0,False,,False,True
4503.111,VER,3,99.597,10.0,1.0,,,30.049,36.168,33.38,4433.605,4469.773,4503.153,211.0,241.0,221.0,290.0,True,SOFT,13.0,False,Red Bull Racing,4403.514,2026-09-13 13:19:13.954,1,3.0,False,,False,True
4602.661,VER,3,99.55,11.0,1.0,,,30.125,36.094,33.331,4533.278,4569.372,4602.703,213.0,243.0,223.0,287.0,True,SOFT,14.0,False,Red Bull Racing,4503.111,2026-09-13 13:20:53.551,1,3.0,False,,False,True
4702.351,VER,3,99.69,12.0,1.0,,,30.174,36.231,33.285,4632.877,4669.108,4702.393,215.0,237.0,221.0,287.0,False,SOFT,15.0,False,Red Bull Racing,4602.661,2026-09-13 13:22:33.101,1,3.0,False,,False,True
4802.069,VER,3,99.718,13.0,1.0,,,30.086,36.234,33.398,4732.479,4768.713,4802.111,212.0,240.0,222.0,286.0,False,SOFT,16.0,False,Red Bull Racing,4702.351,2026-09-13 13:24:12.791,1,3.0,False,,False,True
4908.138,VER,3,106.069,14.0,1.0,,4907.157,30.144,35.939,39.986,4832.255,4868.194,4908.18,217.0,243.0,,282.0,False,SOFT,17.0,False,Red Bull Racing,4802.069,2026-09-13 13:25:52.509,126,3.0,False,,False,False
5054.147,VER,3,146.009,15.0,2.0,4938.303,,60.933,50.787,34.289,4969.113,5019.9,5054.189,194.0,208.0,227.0,173.0,False,HARD,1.0,True,Red Bull Racing,4908.138,2026-09-13 13:27:38.578,671,4.0,False,,False,False
5153.201,VER,3,99.054,16.0,2.0,,,30.021,36.186,32.847,5084.21,5120.396,5153.243,213.0,238.0,226.0,280.0,True,HARD,2.0,True,Red Bull Racing,5054.147,2026-09-13 13:30:04.587,1,3.0,False,,False,True
5252.02,VER,3,98.819,17.0,2.0,,,29.941,35.957,32.921,5183.184,5219.141,5252.062,212.0,238.0,225.0,289.0,True,HARD,3.0,True,Red Bull Racing,5153.201,2026-09-13 13:31:43.641,1,3.0,False,,False,True
5350.7,VER,3,98.68,18.0,2.0,,,29.78,35.968,32.932,5281.842,5317.81,5350.742,215.0,236.0,224.0,286.0,True,HARD,4.0,True,Red Bull Racing,5252.02,2026-09-13 13:33:22.460,1,3.0,False,,False,True
5449.141,VER,3,98.441,19.0,2.0,,,29.818,35.761,32.862,5380.56,5416.321,5449.183,214.0,240.0,225.0,288.0,True,HARD,5.0,True,Red Bull Racing,5350.7,2026-09-13 13:35:01.140,1,3.0,False,,False,True
5547.695,VER,3,98.554,20.0,2.0,,,29.792,35.875,32.887,5478.975,5514.85,5547.737,213.0,239.0,224.0,286.0,False,HARD,6.0,True,Red Bull Racing,5449.141,2026-09-13 13:36:39.581,1,3.0,False,,False,True
5646.402,VER,3,98.707,21.0,2.0,,,29.81,35.89,33.007,5577.547,5613.437,5646.444,216.0,243.0,220.0,283.0,False,HARD,7.0,True,Red Bull Racing,5547.695,2026-09-13 13:38:18.135,1,3.0,False,,False,True
5745.238,VER,3,98.836,22.0,2.0,,,29.943,35.737,33.156,5676.387,5712.124,5745.28,218.0,242.0,217.0,278.0,False,HARD,8.0,True,Red Bull Racing,5646.402,2026-09-13 13:39:56.842,1,3.0,False,,False,True
5843.973,VER,3,98.735,23.0,2.0,,,30.018,35.708,33.009,5775.298,5811.006,5844.015,214.0,242.0,224.0,285.0,False,HARD,9.0,True,Red Bull Racing,5745.238,2026-09-13 13:41:35.678,1,3.0,False,,False,True
5942.524,VER,3,98.551,24.0,2.0,,,29.774,35.703,33.074,5873.789,5909.492,5942.566,210.0,241.0,226.0,290.0,False,HARD,10.0,True,Red Bull Racing,5843.973,2026-09-13 13:43:14.413,1,3.0,False,,False,True
6041.424,VER,3,98.9,25.0,2.0,,,30.151,35.726,33.023,5972.717,6008.443,6041.466,212.0,246.0,220.0,291.0,False,HARD,11.0,True,Red Bull Racing,5942.524,2026-09-13 13:44:52.964,1,3.0,False,,False,True
6139.498,VER,3,98.074,26.0,2.0,,,29.879,35.352,32.843,6071.345,6106.697,6139.54,217.0,248.0,224.0,275.0,True,HARD,12.0,True,Red Bull Racing,6041.424,2026-09-13 13:46:31.864,1,3.0,False,,False,True
6237.579,VER,3,98.081,27.0,2.0,,,29.8,35.355,32.926,6169.34,6204.695,6237.621,219.0,246.0,224.0,294.0,False,HARD,13.0,True,Red Bull Racing,6139.498,2026-09-13 13:48:09.938,1,3.0,False,,False,True
6336.257,VER,3,98.678,28.0,2.0,,,29.926,35.578,33.174,6267.547,6303.125,6336.299,216.0,240.0,224.0,293.0,False,HARD,14.0,True,Red Bull Racing,6237.579,2026-09-13 13:49:48.019,1,3.0,False,,False,True
6434.497,VER,3,98.24,29.0,2.0,,,29.748,35.523,32.969,6366.047,6401.57,6434.539,218.0,239.0,224.0,285.0,False,HARD,15.0,True,Red Bull Racing,6336.257,2026-09-13 13:51:26.697,1,3.0,False,,False,True
6532.747,VER,3,98.25,30.0,2.0,,,29.832,35.481,32.937,6464.371,6499.852,6532.789,213.0,245.0,225.0,289.0,False,HARD,16.0,True,Red Bull Racing,6434.497,2026-09-13 13:53:04.937,1,3.0,False,,False,True
6631.015,VER,3,98.268,31.0,2.0,,,29.762,35.516,32.99,6562.551,6598.067,6631.057,214.0,247.0,226.0,289.0,False,HARD,17.0,True,Red Bull Racing,6532.747,2026-09-13 13:54:43.187,1,3.0,False,,False,True
6728.925,VER,3,97.91,32.0,2.0,,,29.811,35.236,32.863,6660.868,6696.104,6728.967,216.0,250.0,224.0,285.0,True,HARD,18.0,True,Red Bull Racing,6631.015,2026-09-13 13:56:21.455,1,3.0,False,,False,True
6826.955,VER,3,98.03,33.0,2.0,,,29.862,35.309,32.859,6758.829,6794.138,6826.997,215.0,248.0,223.0,291.0,False,HARD,19.0,True,Red Bull Racing,6728.925,2026-09-13 13:57:59.365,1,3.0,False,,False,True
6924.523,VER,3,97.568,34.0,2.0,,,29.756,35.076,32.736,6856.753,6891.829,6924.565,218.0,243.0,225.0,293.0,True,HARD,20.0,True,Red Bull Racing,6826.955,2026-09-13 13:59:37.395,1,3.0,False,,False,True
7022.214,VER,3,97.691,35.0,2.0,,,29.763,35.247,32.681,6954.328,6989.575,7022.256,218.0,250.0,224.0,286.0,False,HARD,21.0,True,Red Bull Racing,6924.523,2026-09-13 14:01:14.963,1,3.0,False,,False,True
7119.905,VER,3,97.691,36.0,2.0,,,29.725,35.166,32.8,7051.981,7087.147,7119.947,217.0,248.0,223.0,292.0,False,HARD,22.0,True,Red Bull Racing,7022.214,2026-09-13 14:02:52.654,1,3.0,False,,False,True
7217.723,VER,3,97.818,37.0,2.0,,,29.769,35.297,32.752,7149.716,7185.013,7217.765,221.0,249.0,224.0,289.0,False,HARD,23.0,True,Red Bull Racing,7119.905,2026-09-13 14:04:30.345,1,3.0,False,,False,True
7315.235,VER,3,97.512,38.0,2.0,,,29.7,35.052,32.76,7247.465,7282.517,7315.277,219.0,250.0,224.0,295.0,True,HARD,24.0,True,Red Bull Racing,7217.723,2026-09-13 14:06:08.163,1,3.0,False,,False,True
7412.911,VER,3,97.676,39.0,2.0,,,29.719,35.106,32.851,7344.996,7380.102,7412.953,220.0,247.0,225.0,291.0,False,HARD,25.0,True,Red Bull Racing,7315.235,2026-09-13 14:07:45.675,1,3.0,False,,False,True
7510.33,VER,3,97.419,40.0,2.0,,,29.608,35.001,32.81,7442.561,7477.562,7510.372,222.0,250.0,223.0,292.0,True,HARD,26.0,True,Red Bull Racing,7412.911,2026-09-13 14:09:23.351,1,3.0,False,,False,True
7607.893,VER,3,97.563,41.0,2.0,,,29.788,34.923,32.852,7540.16,7575.083,7607.935,220.0,250.0,223.0,286.0,False,HARD,27.0,True,Red Bull Racing,7510.33,2026-09-13 14:11:00.770,1,3.0,False,,False,True
7705.27,VER,3,97.377,42.0,2.0,,,29.596,34.906,32.875,7637.531,7672.437,7705.312,220.0,250.0,226.0,292.0,True,HARD,28.0,True,Red Bull Racing,7607.893,2026-09-13 14:12:38.333,1,3.0,False,,False,True
7802.426,VER,3,97.156,43.0,2.0,,,29.466,34.956,32.734,7734.778,7769.734,7802.468,221.0,251.0,226.0,291.0,True,HARD,29.0,True,Red Bull Racing,7705.27,2026-09-13 14:14:15.710,1,3.0,False,,False,True
7899.503,VER,3,97.077,44.0,2.0,,,29.505,34.913,32.659,7831.973,7866.886,7899.545,220.0,253.0,228.0,296.0,True,HARD,30.0,True,Red Bull Racing,7802.426,2026-09-13 14:15:52.866,1,3.0,False,,False,True
7996.607,VER,3,97.104,45.0,2.0,,,29.507,34.889,32.708,7929.052,7963.941,7996.649,218.0,253.0,226.0,293.0,False,HARD,31.0,True,Red Bull Racing,7899.503,2026-09-13 14:17:29.943,1,3.0,False,,False,True
8093.924,VER,3,97.317,46.0,2.0,,,29.477,35.05,32.79,8026.126,8061.176,8093.966,221.0,251.0,225.0,295.0,False,HARD,32.0,True,Red Bull Racing,7996.607,2026-09-13 14:19:07.047,1,3.0,False,,False,True
8191.235,VER,3,97.311,47.0,2.0,,,29.444,34.951,32.916,8123.41,8158.361,8191.277,221.0,246.0,227.0,291.0,False,HARD,33.0,True,Red Bull Racing,8093.924,2026-09-13 14:20:44.364,1,3.0,False,,False,True
8288.895,VER,3,97.66,48.0,2.0,,,29.45,35.166,33.044,8220.727,8255.893,8288.937,222.0,248.0,225.0,292.0,False,HARD,34.0,True,Red Bull Racing,8191.235,2026-09-13 14:22:21.675,1,2.0,False,,False,True
8385.817,VER,3,96.922,49.0,2.0,,,29.254,34.819,32.849,8318.191,8353.01,8385.859,224.0,254.0,223.0,296.0,True,HARD,35.0,True,Red Bull Racing,8288.895,2026-09-13 14:23:59.335,1,2.0,False,,False,True
8482.751,VER,3,96.934,50.0,2.0,,,29.547,34.707,32.68,8415.406,8450.113,8482.793,221.0,253.0,224.0,293.0,False,HARD,36.0,True,Red Bull Racing,8385.817,2026-09-13 14:25:36.257,1,2.0,False,,False,True
8579.696,VER,3,96.945,51.0,2.0,,,29.515,34.82,32.61,8512.308,8547.128,8579.738,222.0,253.0,224.0,294.0,False,HARD,37.0,True,Red Bull Racing,8482.751,2026-09-13 14:27:13.191,1,2.0,False,,False,True
8676.456,VER,3,96.76,52.0,2.0,,,29.453,34.694,32.613,8609.191,8643.885,8676.498,222.0,254.0,224.0,300.0,True,HARD,38.0,True,Red Bull Racing,8579.696,2026-09-13 14:28:50.136,1,2.0,False,,False,True
8773.273,VER,3,96.817,53.0,2.0,,,29.542,34.67,32.605,8706.04,8740.71,8773.315,224.0,255.0,225.0,299.0,False,HARD,39.0,True,Red Bull Racing,8676.456,2026-09-13 14:30:26.896,1,2.0,False,,False,True
8870.097,VER,3,96.824,54.0,2.0,,,29.669,34.495,32.66,8802.984,8837.479,8870.139,223.0,254.0,224.0,300.0,False,HARD,40.0,True,Red Bull Racing,8773.273,2026-09-13 14:32:03.713,1,2.0,False,,False,True
8967.332,VER,3,97.235,55.0,2.0,,,29.583,34.596,33.056,8899.722,8934.318,8967.374,225.0,254.0,222.0,300.0,False,HARD,41.0,True,Red Bull Racing,8870.097,2026-09-13 14:33:40.537,1,2.0,False,,False,True
9065.169,VER,3,97.837,56.0,2.0,,,30.489,34.874,32.474,8997.863,9032.737,9065.211,220.0,255.0,225.0,298.0,False,HARD,42.0,True,Red Bull Racing,8967.332,2026-09-13 14:35:17.772,1,2.0,True,TRACK LIMITS AT TURN 6 LAP 56 ,False,True
9162.17,VER,3,97.001,57.0,2.0,,,29.741,34.596,32.664,9094.952,9129.548,9162.212,221.0,256.0,223.0,296.0,False,HARD,43.0,True,Red Bull Racing,9065.169,2026-09-13 14:36:55.609,1,2.0,False,,False,True
3601.268,LAW,30,107.203,1.0,1.0,,,,37.796,34.431,,3567.039,3601.401,191.0,229.0,223.0,228.0,False,HARD,1.0,True,Red Bull Racing,3493.809,2026-09-13 13:04:04.249,12,8.0,False,,False,False
3703.857,LAW,30,102.589,2.0,1.0,,,30.835,37.643,34.111,3632.186,3669.829,3703.94,199.0,238.0,223.0,279.0,True,HARD,2.0,True,Red Bull Racing,3601.268,2026-09-13 13:05:51.708,1,8.0,False,,False,True
3806.02,LAW,30,102.163,3.0,1.0,,,30.805,37.132,34.226,3734.745,3771.877,3806.103,200.0,237.0,222.0,273.0,True,HARD,3.0,True,Red Bull Racing,3703.857,2026-09-13 13:07:34.297,1,8.0,False,,False,True
3907.83,LAW,30,101.81,4.0,1.0,,,30.699,36.921,34.19,3836.802,3873.723,3907.913,204.0,239.0,219.0,273.0,True,HARD,4.0,True,Red Bull Racing,3806.02,2026-09-13 13:09:16.460,1,8.0,False,,False,True
4011.285,LAW,30,103.455,5.0,1.0,,,30.997,37.851,34.607,3938.91,3976.761,4011.368,191.0,235.0,215.0,271.0,False,HARD,5.0,True,Red Bull Racing,3907.83,2026-09-13 13:10:58.270,12,7.0,False,,False,True
4113.476,LAW,30,102.191,6.0,1.0,,,30.921,37.242,34.028,4042.289,4079.531,4113.559,203.0,241.0,221.0,269.0,False,HARD,6.0,True,Red Bull Racing,4011.285,2026-09-13 13:12:41.725,1,7.0,False,,False,True
4215.541,LAW,30,102.065,7.0,1.0,,,30.737,36.92,34.408,4144.296,4181.216,4215.624,202.0,235.0,215.0,258.0,False,HARD,7.0,True,Red Bull Racing,4113.476,2026-09-13 13:14:23.916,1,7.0,False,,False,True
4317.5,LAW,30,101.959,8.0,1.0,,,30.779,37.17,34.01,4246.403,4283.573,4317.583,203.0,241.0,219.0,279.0,False,HARD,8.0,True,Red Bull Racing,4215.541,2026-09-13 13:16:05.981,1,7.0,False,,False,True
4419.768,LAW,30,102.268,9.0,1.0,,,30.794,37.249,34.225,4348.377,4385.626,4419.851,203.0,238.0,222.0,276.0,False,HARD,9.0,True,Red Bull Racing,4317.5,2026-09-13 13:17:47.940,1,7.0,False,,False,True
4521.36,LAW,30,101.592,10.0,1.0,,,31.199,36.823,33.57,4451.05,4487.873,4521.443,203.0,240.0,223.0,300.0,True,HARD,10.0,True,Red Bull Racing,4419.768,2026-09-13 13:19:30.208,1,6.0,False,,False,True
4621.755,LAW,30,100.395,11.0,1.0,,,30.66,36.205,33.53,4552.103,4588.308,4621.838,210.0,243.0,224.0,278.0,True,HARD,11.0,True,Red Bull Racing,4521.36,2026-09-13 13:21:11.800,1,6.0,False,,False,True
4722.313,LAW,30,100.558,12.0,1.0,,,30.584,36.268,33.706,4652.422,4688.69,4722.396,206.0,243.0,223.0,279.0,False,HARD,12.0,True,Red Bull Racing,4621.755,2026-09-13 13:22:52.195,1,6.0,False,,False,True
4822.418,LAW,30,100.105,13.0,1.0,,,30.531,36.101,33.473,4752.927,4789.028,4822.501,208.0,242.0,222.0,286.0,True,HARD,13.0,True,Red Bull Racing,4722.313,2026-09-13 13:24:32.753,1,6.0,False,,False,True
4941.619,LAW,30,119.201,14.0,1.0,,,30.513,36.404,52.284,4853.014,4889.418,4941.702,211.0,216.0,148.0,286.0,False,HARD,14.0,True,Red Bull Racing,4822.418,2026-09-13 13:26:12.858,126,6.0,False,,False,False
5066.639,LAW,30,125.02,15.0,1.0,,,46.587,45.321,33.112,4988.289,5033.61,5066.722,172.0,240.0,223.0,114.0,False,HARD,15.0,True,Red Bull Racing,4941.619,2026-09-13 13:28:12.059,671,6.0,False,,False,False
5166.852,LAW,30,100.213,16.0,1.0,,,30.38,36.193,33.64,5097.102,5133.295,5166.935,205.0,244.0,220.0,281.0,False,HARD,16.0,True,Red Bull Racing,5066.639,2026-09-13 13:30:17.079,1,6.0,False,,False,True
5266.859,LAW,30,100.007,17.0,1.0,,,30.406,36.156,33.445,5197.341,5233.497,5266.942,206.0,244.0,222.0,284.0,True,HARD,17.0,True,Red Bull Racing,5166.852,2026-09-13 13:31:57.292,1,6.0,False,,False,True
5366.688,LAW,30,99.829,18.0,1.0,,,30.333,35.948,33.548,5297.275,5333.223,5366.771,213.0,247.0,222.0,286.0,True,HARD,18.0,True,Red Bull Racing,5266.859,2026-09-13 13:33:37.299,1,6.0,False,,False,True
5465.84,LAW,30,99.152,19.0,1.0,,,30.147,35.677,33.328,5396.918,5432.595,5465.923,215.0,250.0,224.0,289.0,True,HARD,19.0,True,Red Bull Racing,5366.688,2026-09-13 13:35:17.128,1,6.0,False,,False,True
5565.194,LAW,30,99.354,20.0,1.0,,,30.313,35.658,33.383,5496.236,5531.894,5565.277,211.0,244.0,223.0,286.0,False,HARD,20.0,True,Red Bull Racing,5465.84,2026-09-13 13:36:56.280,1,6.0,False,,False,True
5664.714,LAW,30,99.52,21.0,1.0,,,30.308,35.79,33.422,5595.585,5631.375,5664.797,213.0,244.0,224.0,284.0,False,HARD,21.0,True,Red Bull Racing,5565.194,2026-09-13 13:38:35.634,1,6.0,False,,False,True
5764.052,LAW,30,99.338,22.0,1.0,,,30.205,35.733,33.4,5695.002,5730.735,5764.135,216.0,246.0,224.0,283.0,False,HARD,22.0,True,Red Bull Racing,5664.714,2026-09-13 13:40:15.154,1,6.0,False,,False,True
5862.996,LAW,30,98.944,23.0,1.0,,,30.253,35.542,33.149,5794.388,5829.93,5863.079,213.0,247.0,224.0,288.0,True,HARD,23.0,True,Red Bull Racing,5764.052,2026-09-13 13:41:54.492,1,6.0,False,,False,True
5962.062,LAW,30,99.066,24.0,1.0,,,30.275,35.652,33.139,5893.354,5929.006,5962.145,215.0,246.0,224.0,286.0,False,HARD,24.0,True,Red Bull Racing,5862.996,2026-09-13 13:43:33.436,1,6.0,False,,False,True
6061.99,LAW,30,99.928,25.0,1.0,,,30.472,36.053,33.403,5992.617,6028.67,6062.073,211.0,249.0,225.0,290.0,False,HARD,25.0,True,Red Bull Racing,5962.062,2026-09-13 13:45:12.502,1,6.0,False,,False,True
6161.261,LAW,30,99.271,26.0,1.0,,,30.18,35.786,33.305,6092.253,6128.039,6161.344,211.0,248.0,225.0,291.0,False,HARD,26.0,True,Red Bull Racing,6061.99,2026-09-13 13:46:52.430,1,6.0,False,,False,True
6260.661,LAW,30,99.4,27.0,1.0,,,30.246,35.665,33.489,6191.59,6227.255,6260.744,213.0,247.0,224.0,292.0,False,HARD,27.0,True,Red Bull Racing,6161.261,2026-09-13 13:48:31.701,1,6.0,False,,False,True
6360.013,LAW,30,99.352,28.0,1.0,,,30.271,35.553,33.528,6291.015,6326.568,6360.096,214.0,247.0,224.0,289.0,False,HARD,28.0,True,Red Bull Racing,6260.661,2026-09-13 13:50:11.101,1,6.0,False,,False,True
6459.755,LAW,30,99.742,29.0,1.0,,,30.182,35.718,33.842,6390.278,6425.996,6459.838,211.0,245.0,224.0,288.0,False,HARD,29.0,True,Red Bull Racing,6360.013,2026-09-13 13:51:50.453,1,5.0,False,,False,True
6558.638,LAW,30,98.883,30.0,1.0,,,30.279,35.39,33.214,6490.117,6525.507,6558.721,216.0,247.0,225.0,289.0,True,HARD,30.0,True,Red Bull Racing,6459.755,2026-09-13 13:53:30.195,1,5.0,False,,False,True
6657.82,LAW,30,99.182,31.0,1.0,,,30.3,35.401,33.481,6589.021,6624.422,6657.903,218.0,249.0,223.0,287.0,False,HARD,31.0,True,Red Bull Racing,6558.638,2026-09-13 13:55:09.078,1,5.0,False,,False,True
6757.093,LAW,30,99.273,32.0,1.0,,,30.642,35.308,33.323,6688.545,6723.853,6757.176,217.0,246.0,225.0,292.0,False,HARD,32.0,True,Red Bull Racing,6657.82,2026-09-13 13:56:48.260,1,5.0,False,,False,True
6855.668,LAW,30,98.575,33.0,1.0,,,30.191,35.302,33.082,6787.367,6822.669,6855.751,218.0,249.0,224.0,292.0,True,HARD,33.0,True,Red Bull Racing,6757.093,2026-09-13 13:58:27.533,1,5.0,False,,False,True
6954.133,LAW,30,98.465,34.0,1.0,,,30.11,35.174,33.181,6885.861,6921.035,6954.216,215.0,250.0,224.0,290.0,True,HARD,34.0,True,Red Bull Racing,6855.668,2026-09-13 14:00:06.108,1,5.0,False,,False,True
7056.662,LAW,30,102.529,35.0,1.0,,,31.725,37.205,33.599,6985.941,7023.146,7056.745,187.0,238.0,223.0,286.0,False,HARD,35.0,True,Red Bull Racing,6954.133,2026-09-13 14:01:44.573,1,6.0,False,,False,True
7155.603,LAW,30,98.941,36.0,1.0,,,30.385,35.239,33.317,7087.13,7122.369,7155.686,208.0,247.0,224.0,285.0,False,HARD,36.0,True,Red Bull Racing,7056.662,2026-09-13 14:03:27.102,1,6.0,False,,False,True
7254.688,LAW,30,99.085,37.0,1.0,,,30.216,35.341,33.528,7185.902,7221.243,7254.771,217.0,249.0,224.0,295.0,False,HARD,37.0,True,Red Bull Racing,7155.603,2026-09-13 14:05:06.043,1,6.0,False,,False,True
7353.433,LAW,30,98.745,38.0,1.0,,,30.14,35.414,33.191,7284.911,7320.325,7353.516,215.0,247.0,224.0,287.0,False,HARD,38.0,True,Red Bull Racing,7254.688,2026-09-13 14:06:45.128,1,6.0,False,,False,True
7452.194,LAW,30,98.761,39.0,1.0,,,30.148,35.199,33.414,7383.664,7418.863,7452.277,223.0,246.0,224.0,289.0,False,HARD,39.0,True,Red Bull Racing,7353.433,2026-09-13 14:08:23.873,1,6.0,False,,False,True
7550.892,LAW,30,98.698,40.0,1.0,,,30.141,35.354,33.203,7482.418,7517.772,7550.975,219.0,249.0,222.0,288.0,False,HARD,40.0,True,Red Bull Racing,7452.194,2026-09-13 14:10:02.634,1,6.0,False,,False,True
7649.559,LAW,30,98.667,41.0,1.0,,,30.175,35.335,33.157,7581.15,7616.485,7649.642,218.0,250.0,224.0,294.0,False,HARD,41.0,True,Red Bull Racing,7550.892,2026-09-13 14:11:41.332,1,6.0,False,,False,True
7748.444,LAW,30,98.885,42.0,1.0,,,30.192,35.225,33.468,7679.834,7715.059,7748.527,217.0,249.0,223.0,293.0,False,HARD,42.0,True,Red Bull Racing,7649.559,2026-09-13 14:13:19.999,1,6.0,False,,False,True
7846.95,LAW,30,98.506,43.0,1.0,,,29.988,35.268,33.25,7778.515,7813.783,7847.033,218.0,249.0,224.0,296.0,False,HARD,43.0,True,Red Bull Racing,7748.444,2026-09-13 14:14:58.884,1,6.0,False,,False,True
7948.535,LAW,30,101.585,44.0,1.0,,7947.613,30.121,35.097,36.367,7877.154,7912.251,7948.618,220.0,253.0,,292.0,False,HARD,44.0,True,Red Bull Racing,7846.95,2026-09-13 14:16:37.390,1,6.0,False,,False,False
8070.238,LAW,30,121.703,45.0,2.0,7978.574,,53.022,35.863,32.818,8001.64,8037.503,8070.321,211.0,249.0,227.0,260.0,False,MEDIUM,1.0,True,Red Bull Racing,7948.535,2026-09-13 14:18:18.975,1,7.0,False,,False,False
8168.177,LAW,30,97.939,46.0,2.0,,,29.915,35.563,32.461,8100.236,8135.799,8168.26,217.0,249.0,229.0,288.0,True,MEDIUM,2.0,True,Red Bull Racing,8070.238,2026-09-13 14:20:20.678,1,7.0,False,,False,True
8265.378,LAW,30,97.201,47.0,2.0,,,29.896,34.846,32.459,8198.156,8233.002,8265.461,219.0,252.0,226.0,288.0,True,MEDIUM,3.0,True,Red Bull Racing,8168.177,2026-09-13 14:21:58.617,1,7.0,False,,False,True
8362.609,LAW,30,97.231,48.0,2.0,,,30.074,34.86,32.297,8295.535,8330.395,8362.692,214.0,250.0,227.0,286.0,False,MEDIUM,4.0,True,Red Bull Racing,8265.378,2026-09-13 14:23:35.818,1,7.0,False,,False,True
8459.455,LAW,30,96.846,49.0,2.0,,,29.666,34.686,32.494,8392.358,8427.044,8459.538,215.0,250.0,227.0,290.0,True,MEDIUM,5.0,True,Red Bull Racing,8362.609,2026-09-13 14:25:13.049,1,7.0,False,,False,True
8556.853,LAW,30,97.398,50.0,2.0,,,29.836,35.064,32.498,8489.374,8524.438,8556.936,214.0,246.0,228.0,287.0,False,MEDIUM,6.0,True,Red Bull Racing,8459.455,2026-09-13 14:26:49.895,1,7.0,False,,False,True
8654.478,LAW,30,97.625,51.0,2.0,,,29.8,35.013,32.812,8586.736,8621.749,8654.561,218.0,251.0,226.0,296.0,False,MEDIUM,7.0,True,Red Bull Racing,8556.853,2026-09-13 14:28:27.293,1,7.0,False,,False,True
8752.905,LAW,30,98.427,52.0,2.0,,,29.949,35.18,33.298,8684.51,8719.69,8752.988,218.0,245.0,228.0,295.0,False,MEDIUM,8.0,True,Red Bull Racing,8654.478,2026-09-13 14:30:04.918,1,7.0,False,,False,True
8852.226,LAW,30,99.321,53.0,2.0,,,30.15,35.431,33.74,8783.138,8818.569,8852.309,216.0,251.0,227.0,288.0,False,MEDIUM,9.0,True,Red Bull Racing,8752.905,2026-09-13 14:31:43.345,1,7.0,False,,False,True
8951.969,LAW,30,99.743,54.0,2.0,,,30.569,35.592,33.582,8882.878,8918.47,8952.052,208.0,242.0,224.0,279.0,False,MEDIUM,10.0,True,Red Bull Racing,8852.226,2026-09-13 14:33:22.666,1,6.0,False,,False,True
9049.425,LAW,30,97.456,55.0,2.0,,,30.057,34.744,32.655,8982.109,9016.853,9049.508,218.0,251.0,225.0,292.0,False,MEDIUM,11.0,True,Red Bull Racing,8951.969,2026-09-13 14:35:02.409,1,6.0,False,,False,True
9146.713,LAW,30,97.288,56.0,2.0,,,29.985,34.863,32.44,9079.493,9114.356,9146.796,220.0,251.0,226.0,289.0,False,MEDIUM,12.0,True,Red Bull Racing,9049.425,2026-09-13 14:36:39.865,1,6.0,False,,False,True
9244.565,LAW,30,97.852,57.0,2.0,,,29.899,34.675,33.278,9176.695,9211.37,9244.648,223.0,252.0,222.0,292.0,False,MEDIUM,13.0,True,Red Bull Racing,9146.713,2026-09-13 14:38:17.153,1,6.0,False,,False,True
3602.802,OCO,31,108.737,1.0,1.0,,,,38.487,34.548,,3568.458,3603.073,187.0,227.0,220.0,227.0,False,MEDIUM,1.0,True,Haas F1 Team,3493.809,2026-09-13 13:04:04.249,12,11.0,False,,False,False
3706.007,OCO,31,103.205,2.0,1.0,,,31.1,37.715,34.39,3633.954,3671.669,3706.059,194.0,227.0,219.0,254.0,True,MEDIUM,2.0,True,Haas F1 Team,3602.802,2026-09-13 13:05:53.242,1,11.0,False,,False,True
3808.615,OCO,31,102.608,3.0,1.0,,,30.675,37.739,34.194,3736.734,3774.473,3808.667,202.0,232.0,220.0,261.0,True,MEDIUM,3.0,True,Haas F1 Team,3706.007,2026-09-13 13:07:36.447,1,11.0,False,,False,True
3911.211,OCO,31,102.596,4.0,1.0,,,30.591,37.867,34.138,3839.258,3877.125,3911.263,206.0,239.0,220.0,270.0,True,MEDIUM,4.0,True,Haas F1 Team,3808.615,2026-09-13 13:09:19.055,1,11.0,False,,False,True
4014.644,OCO,31,103.433,5.0,1.0,,,30.831,37.489,35.113,3942.094,3979.583,4014.696,206.0,236.0,221.0,266.0,False,MEDIUM,5.0,True,Haas F1 Team,3911.211,2026-09-13 13:11:01.651,12,11.0,False,,False,True
4117.122,OCO,31,102.478,6.0,1.0,,,31.151,37.351,33.976,4045.847,4083.198,4117.174,214.0,240.0,220.0,273.0,True,MEDIUM,6.0,True,Haas F1 Team,4014.644,2026-09-13 13:12:45.084,1,10.0,False,,False,True
4219.24,OCO,31,102.118,7.0,1.0,,,30.915,37.374,33.829,4148.089,4185.463,4219.292,216.0,239.0,218.0,248.0,True,MEDIUM,7.0,True,Haas F1 Team,4117.122,2026-09-13 13:14:27.562,1,10.0,False,,False,True
4321.336,OCO,31,102.096,8.0,1.0,,,30.747,37.335,34.014,4250.039,4287.374,4321.388,210.0,240.0,219.0,275.0,True,MEDIUM,8.0,True,Haas F1 Team,4219.24,2026-09-13 13:16:09.680,1,10.0,False,,False,True
4423.479,OCO,31,102.143,9.0,1.0,,,30.64,37.47,34.033,4352.028,4389.498,4423.531,216.0,240.0,218.0,285.0,False,MEDIUM,9.0,True,Haas F1 Team,4321.336,2026-09-13 13:17:51.776,1,10.0,False,,False,True
4525.936,OCO,31,102.457,10.0,1.0,,,30.84,37.558,34.059,4454.371,4491.929,4525.988,213.0,239.0,220.0,290.0,False,MEDIUM,10.0,True,Haas F1 Team,4423.479,2026-09-13 13:19:33.919,1,10.0,False,,False,True
4628.51,OCO,31,102.574,11.0,1.0,,,30.722,37.617,34.235,4556.71,4594.327,4628.562,206.0,240.0,219.0,262.0,False,MEDIUM,11.0,True,Haas F1 Team,4525.936,2026-09-13 13:21:16.376,1,10.0,False,,False,True
4731.122,OCO,31,102.612,12.0,1.0,,,30.828,37.352,34.432,4659.39,4696.742,4731.174,217.0,236.0,219.0,264.0,False,MEDIUM,12.0,True,Haas F1 Team,4628.51,2026-09-13 13:22:58.950,1,10.0,False,,False,True
4833.745,OCO,31,102.623,13.0,1.0,,,30.885,37.447,34.291,4762.059,4799.506,4833.797,214.0,239.0,217.0,260.0,False,MEDIUM,13.0,True,Haas F1 Team,4731.122,2026-09-13 13:24:41.562,1,10.0,False,,False,True
4958.529,OCO,31,124.784,14.0,1.0,,4957.624,30.837,45.336,48.611,4864.634,4909.97,4958.581,208.0,177.0,,268.0,False,MEDIUM,14.0,True,Haas F1 Team,4833.745,2026-09-13 13:26:24.185,126,10.0,False,,False,False
5092.256,OCO,31,133.727,15.0,2.0,4989.743,,61.703,38.321,33.703,5020.284,5058.605,5092.308,144.0,239.0,224.0,143.0,False,HARD,1.0,True,Haas F1 Team,4958.529,2026-09-13 13:28:28.969,671,13.0,False,,False,False
5193.104,OCO,31,100.848,16.0,2.0,,,30.195,37.007,33.646,5122.503,5159.51,5193.156,211.0,237.0,221.0,278.0,True,HARD,2.0,True,Haas F1 Team,5092.256,2026-09-13 13:30:42.696,1,13.0,False,,False,True
5293.648,OCO,31,100.544,17.0,2.0,,,30.314,36.679,33.551,5223.47,5260.149,5293.7,217.0,239.0,221.0,275.0,True,HARD,3.0,True,Haas F1 Team,5193.104,2026-09-13 13:32:23.544,1,13.0,False,,False,True
5394.52,OCO,31,100.872,18.0,2.0,,,30.411,36.859,33.602,5324.111,5360.97,5394.572,215.0,244.0,222.0,282.0,False,HARD,4.0,True,Haas F1 Team,5293.648,2026-09-13 13:34:04.088,1,13.0,False,,False,True
5495.104,OCO,31,100.584,19.0,2.0,,,30.238,36.693,33.653,5424.81,5461.503,5495.156,221.0,243.0,221.0,276.0,False,HARD,5.0,True,Haas F1 Team,5394.52,2026-09-13 13:35:44.960,1,13.0,False,,False,True
5595.748,OCO,31,100.644,20.0,2.0,,,30.24,36.706,33.698,5525.396,5562.102,5595.8,218.0,243.0,221.0,292.0,False,HARD,6.0,True,Haas F1 Team,5495.104,2026-09-13 13:37:25.544,1,13.0,False,,False,True
5696.652,OCO,31,100.904,21.0,2.0,,,30.373,36.81,33.721,5626.173,5662.983,5696.704,222.0,241.0,221.0,282.0,False,HARD,7.0,True,Haas F1 Team,5595.748,2026-09-13 13:39:06.188,1,13.0,False,,False,True
5797.384,OCO,31,100.732,22.0,2.0,,,30.181,36.876,33.675,5726.885,5763.761,5797.436,219.0,242.0,220.0,274.0,False,HARD,8.0,True,Haas F1 Team,5696.652,2026-09-13 13:40:47.092,1,13.0,False,,False,True
5897.854,OCO,31,100.47,23.0,2.0,,,30.433,36.613,33.424,5827.869,5864.482,5897.906,219.0,242.0,222.0,280.0,True,HARD,9.0,True,Haas F1 Team,5797.384,2026-09-13 13:42:27.824,1,13.0,False,,False,True
5998.502,OCO,31,100.648,24.0,2.0,,,30.385,36.74,33.523,5928.291,5965.031,5998.554,222.0,243.0,221.0,280.0,False,HARD,10.0,True,Haas F1 Team,5897.854,2026-09-13 13:44:08.294,1,13.0,False,,False,True
6099.178,OCO,31,100.676,25.0,2.0,,,30.341,36.806,33.529,6028.895,6065.701,6099.23,217.0,242.0,222.0,281.0,False,HARD,11.0,True,Haas F1 Team,5998.502,2026-09-13 13:45:48.942,1,13.0,False,,False,True
6199.467,OCO,31,100.289,26.0,2.0,,,30.368,36.395,33.526,6129.598,6165.993,6199.519,218.0,243.0,220.0,279.0,True,HARD,12.0,True,Haas F1 Team,6099.178,2026-09-13 13:47:29.618,1,13.0,False,,False,True
6299.483,OCO,31,100.016,27.0,2.0,,,30.237,36.444,33.335,6229.756,6266.2,6299.535,221.0,243.0,222.0,286.0,True,HARD,13.0,True,Haas F1 Team,6199.467,2026-09-13 13:49:09.907,1,13.0,False,,False,True
6399.489,OCO,31,100.006,28.0,2.0,,,30.259,36.425,33.322,6329.794,6366.219,6399.541,222.0,243.0,219.0,288.0,True,HARD,14.0,True,Haas F1 Team,6299.483,2026-09-13 13:50:49.923,1,13.0,False,,False,True
6499.166,OCO,31,99.677,29.0,2.0,,,30.287,36.227,33.163,6429.828,6466.055,6499.218,222.0,244.0,222.0,296.0,True,HARD,15.0,True,Haas F1 Team,6399.489,2026-09-13 13:52:29.929,1,13.0,False,,False,True
6598.535,OCO,31,99.369,30.0,2.0,,,30.202,35.961,33.206,6529.42,6565.381,6598.587,223.0,244.0,223.0,294.0,True,HARD,16.0,True,Haas F1 Team,6499.166,2026-09-13 13:54:09.606,1,13.0,False,,False,True
6698.082,OCO,31,99.547,31.0,2.0,,,30.225,35.925,33.397,6628.812,6664.737,6698.134,222.0,244.0,222.0,294.0,False,HARD,17.0,True,Haas F1 Team,6598.535,2026-09-13 13:55:48.975,1,13.0,False,,False,True
6797.778,OCO,31,99.696,32.0,2.0,,,30.423,36.047,33.226,6728.557,6764.604,6797.83,219.0,244.0,221.0,293.0,False,HARD,18.0,True,Haas F1 Team,6698.082,2026-09-13 13:57:28.522,1,13.0,False,,False,True
6897.07,OCO,31,99.292,33.0,2.0,,,30.219,35.786,33.287,6828.049,6863.835,6897.122,223.0,244.0,222.0,298.0,True,HARD,19.0,True,Haas F1 Team,6797.778,2026-09-13 13:59:08.218,1,13.0,False,,False,True
6996.139,OCO,31,99.069,34.0,2.0,,,30.208,35.849,33.012,6927.33,6963.179,6996.191,223.0,243.0,221.0,292.0,True,HARD,20.0,True,Haas F1 Team,6897.07,2026-09-13 14:00:47.510,1,13.0,False,,False,True
7094.944,OCO,31,98.805,35.0,2.0,,,30.076,35.68,33.049,7026.267,7061.947,7094.996,221.0,244.0,222.0,298.0,True,HARD,21.0,True,Haas F1 Team,6996.139,2026-09-13 14:02:26.579,1,13.0,False,,False,True
7193.55,OCO,31,98.606,36.0,2.0,,,30.06,35.643,32.903,7125.056,7160.699,7193.602,223.0,244.0,223.0,299.0,True,HARD,22.0,True,Haas F1 Team,7094.944,2026-09-13 14:04:05.384,1,13.0,False,,False,True
7292.23,OCO,31,98.68,37.0,2.0,,,30.117,35.604,32.959,7223.719,7259.323,7292.282,226.0,245.0,221.0,294.0,False,HARD,23.0,True,Haas F1 Team,7193.55,2026-09-13 14:05:43.990,1,13.0,False,,False,True
7390.833,OCO,31,98.603,38.0,2.0,,,30.091,35.528,32.984,7322.373,7357.901,7390.885,223.0,245.0,222.0,289.0,True,HARD,24.0,True,Haas F1 Team,7292.23,2026-09-13 14:07:22.670,1,13.0,False,,False,True
7489.768,OCO,31,98.935,39.0,2.0,,,30.091,35.671,33.173,,7456.647,7489.82,227.0,246.0,221.0,293.0,False,HARD,25.0,True,Haas F1 Team,7390.833,2026-09-13 14:09:01.273,1,13.0,False,,False,True
7588.353,OCO,31,98.585,40.0,2.0,,,29.904,35.59,33.091,7519.724,7555.314,7588.405,224.0,246.0,223.0,295.0,True,HARD,26.0,True,Haas F1 Team,7489.768,2026-09-13 14:10:40.208,1,13.0,False,,False,True
7687.003,OCO,31,98.65,41.0,2.0,,,29.983,35.543,33.124,7618.388,7653.931,7687.055,226.0,247.0,222.0,298.0,False,HARD,27.0,True,Haas F1 Team,7588.353,2026-09-13 14:12:18.793,1,13.0,False,,False,True
7785.888,OCO,31,98.885,42.0,2.0,,,29.969,35.563,33.353,7717.024,7752.587,7785.94,223.0,247.0,222.0,297.0,False,HARD,28.0,True,Haas F1 Team,7687.003,2026-09-13 14:13:57.443,1,13.0,False,,False,True
7884.929,OCO,31,99.041,43.0,2.0,,,30.073,35.762,33.206,7816.013,7851.775,7884.981,222.0,246.0,222.0,296.0,False,HARD,29.0,True,Haas F1 Team,7785.888,2026-09-13 14:15:36.328,1,13.0,False,,False,True
7984.104,OCO,31,99.175,44.0,2.0,,,30.074,36.085,33.016,7915.055,7951.14,7984.156,223.0,246.0,224.0,284.0,False,HARD,30.0,True,Haas F1 Team,7884.929,2026-09-13 14:17:15.369,1,13.0,False,,False,True
8082.533,OCO,31,98.429,45.0,2.0,,,30.073,35.419,32.937,8014.229,8049.648,8082.585,227.0,247.0,222.0,296.0,True,HARD,31.0,True,Haas F1 Team,7984.104,2026-09-13 14:18:54.544,1,13.0,False,,False,True
8181.018,OCO,31,98.485,46.0,2.0,,,29.965,35.402,33.118,8112.55,8147.952,8181.07,225.0,247.0,223.0,298.0,False,HARD,32.0,True,Haas F1 Team,8082.533,2026-09-13 14:20:32.973,1,13.0,False,,False,True
8279.679,OCO,31,98.661,47.0,2.0,,,29.912,35.537,33.212,8210.982,8246.519,8279.731,226.0,247.0,223.0,292.0,False,HARD,33.0,True,Haas F1 Team,8181.018,2026-09-13 14:22:11.458,1,13.0,False,,False,True
8377.944,OCO,31,98.265,48.0,2.0,,,29.835,35.456,32.974,8309.566,8345.022,8377.996,222.0,247.0,222.0,301.0,True,HARD,34.0,True,Haas F1 Team,8279.679,2026-09-13 14:23:50.119,1,12.0,False,,False,True
8476.063,OCO,31,98.119,49.0,2.0,,,29.781,35.213,33.125,8407.777,8442.99,8476.115,224.0,246.0,223.0,299.0,True,HARD,35.0,True,Haas F1 Team,8377.944,2026-09-13 14:25:28.384,1,12.0,False,,False,True
8574.832,OCO,31,98.769,50.0,2.0,,,30.174,35.521,33.074,8506.289,8541.81,8574.884,220.0,245.0,223.0,302.0,False,HARD,36.0,True,Haas F1 Team,8476.063,2026-09-13 14:27:06.503,1,12.0,False,,False,True
8675.074,OCO,31,100.242,51.0,2.0,,,29.966,35.529,34.747,8604.85,8640.379,8675.126,224.0,246.0,224.0,298.0,False,HARD,37.0,True,Haas F1 Team,8574.832,2026-09-13 14:28:45.272,1,12.0,False,,False,True
8776.701,OCO,31,101.627,52.0,2.0,,,30.136,38.262,33.229,8705.262,8743.524,8776.753,220.0,246.0,223.0,301.0,False,HARD,38.0,True,Haas F1 Team,8675.074,2026-09-13 14:30:25.514,1,12.0,False,,False,True
8875.946,OCO,31,99.245,53.0,2.0,,,30.202,35.856,33.187,8806.955,8842.811,8875.998,217.0,246.0,222.0,296.0,False,HARD,39.0,True,Haas F1 Team,8776.701,2026-09-13 14:32:07.141,1,12.0,False,,False,True
8974.673,OCO,31,98.727,54.0,2.0,,,30.201,35.417,33.109,8906.199,8941.616,8974.725,223.0,246.0,223.0,291.0,False,HARD,40.0,True,Haas F1 Team,8875.946,2026-09-13 14:33:46.386,1,12.0,False,,False,True
9073.788,OCO,31,99.115,55.0,2.0,,,30.111,35.649,33.355,9004.836,9040.485,9073.84,223.0,246.0,222.0,296.0,False,HARD,41.0,True,Haas F1 Team,8974.673,2026-09-13 14:35:25.113,1,12.0,False,,False,True
9172.962,OCO,31,99.174,56.0,2.0,,,30.092,35.764,33.318,9103.932,9139.696,9173.014,227.0,247.0,220.0,299.0,False,HARD,42.0,True,Haas F1 Team,9073.788,2026-09-13 14:37:04.228,1,11.0,False,,False,True
3601.806,LIN,41,107.741,1.0,1.0,,,,37.854,34.533,,3567.372,3601.966,196.0,228.0,221.0,240.0,False,MEDIUM,1.0,True,Racing Bulls,3493.809,2026-09-13 13:04:04.249,12,9.0,False,,False,False
3704.673,LIN,41,102.867,2.0,1.0,,,30.834,37.844,34.189,3632.702,3670.546,3704.735,197.0,240.0,220.0,256.0,True,MEDIUM,2.0,True,Racing Bulls,3601.806,2026-09-13 13:05:52.246,1,9.0,False,,False,True
3806.904,LIN,41,102.231,3.0,1.0,,,30.751,37.223,34.257,3735.486,3772.709,3806.966,206.0,238.0,218.0,275.0,True,MEDIUM,3.0,True,Racing Bulls,3704.673,2026-09-13 13:07:35.113,1,9.0,False,,False,True
3909.33,LIN,41,102.426,4.0,1.0,,,31.245,37.172,34.009,3838.211,3875.383,3909.392,209.0,240.0,219.0,275.0,False,MEDIUM,4.0,True,Racing Bulls,3806.904,2026-09-13 13:09:17.344,1,9.0,False,,False,True
4012.411,LIN,41,103.081,5.0,1.0,,,30.894,37.69,34.497,3940.286,3977.976,4012.473,207.0,238.0,218.0,285.0,False,MEDIUM,5.0,True,Racing Bulls,3909.33,2026-09-13 13:10:59.770,12,8.0,False,,False,True
4114.546,LIN,41,102.135,6.0,1.0,,,30.901,37.183,34.051,4043.374,4080.557,4114.608,212.0,244.0,216.0,259.0,True,MEDIUM,6.0,True,Racing Bulls,4012.411,2026-09-13 13:12:42.851,1,8.0,False,,False,True
4216.578,LIN,41,102.032,7.0,1.0,,,30.822,37.271,33.939,4145.43,4182.701,4216.64,208.0,238.0,218.0,263.0,True,MEDIUM,7.0,True,Racing Bulls,4114.546,2026-09-13 13:14:24.986,1,8.0,False,,False,True
4318.559,LIN,41,101.981,8.0,1.0,,,30.928,37.061,33.992,4247.568,4284.629,4318.621,211.0,240.0,218.0,262.0,True,MEDIUM,8.0,True,Racing Bulls,4216.578,2026-09-13 13:16:07.018,1,8.0,False,,False,True
4420.878,LIN,41,102.319,9.0,1.0,,,30.813,37.356,34.15,4349.434,4386.79,4420.94,211.0,230.0,218.0,260.0,False,MEDIUM,9.0,True,Racing Bulls,4318.559,2026-09-13 13:17:48.999,1,8.0,False,,False,True
4524.131,LIN,41,103.253,10.0,1.0,,,31.119,37.873,34.261,4452.059,4489.932,4524.193,205.0,236.0,221.0,267.0,False,MEDIUM,10.0,True,Racing Bulls,4420.878,2026-09-13 13:19:31.318,1,8.0,False,,False,True
4626.678,LIN,41,102.547,11.0,1.0,,,30.974,37.562,34.011,4555.167,4592.729,4626.74,205.0,226.0,219.0,258.0,False,MEDIUM,11.0,True,Racing Bulls,4524.131,2026-09-13 13:21:14.571,1,8.0,False,,False,True
4729.295,LIN,41,102.617,12.0,1.0,,,31.042,37.429,34.146,4657.782,4695.211,4729.357,210.0,233.0,215.0,265.0,False,MEDIUM,12.0,True,Racing Bulls,4626.678,2026-09-13 13:22:57.118,1,8.0,False,,False,True
4831.9,LIN,41,102.605,13.0,1.0,,,31.138,37.412,34.055,4760.495,4797.907,4831.962,210.0,231.0,216.0,259.0,False,MEDIUM,13.0,True,Racing Bulls,4729.295,2026-09-13 13:24:39.735,1,8.0,False,,False,True
4956.105,LIN,41,124.205,14.0,1.0,,4955.176,31.059,43.608,49.538,4863.021,4906.629,4956.167,209.0,216.0,,263.0,False,MEDIUM,14.0,True,Racing Bulls,4831.9,2026-09-13 13:26:22.340,126,8.0,False,,False,False
5089.481,LIN,41,133.376,15.0,2.0,4987.045,,61.86,38.197,33.319,5018.027,5056.224,5089.543,193.0,241.0,224.0,167.0,False,HARD,1.0,True,Racing Bulls,4956.105,2026-09-13 13:28:26.545,671,11.0,False,,False,False
5189.364,LIN,41,99.883,16.0,2.0,,,30.137,36.337,33.409,5119.68,5156.017,5189.426,211.0,236.0,222.0,278.0,True,HARD,2.0,True,Racing Bulls,5089.481,2026-09-13 13:30:39.921,1,11.0,False,,False,True
5289.265,LIN,41,99.901,17.0,2.0,,,30.271,36.154,33.476,5219.697,5255.851,5289.327,211.0,242.0,221.0,280.0,False,HARD,3.0,True,Racing Bulls,5189.364,2026-09-13 13:32:19.804,1,11.0,False,,False,True
5389.588,LIN,41,100.323,18.0,2.0,,,30.368,36.482,33.473,5319.695,5356.177,5389.65,214.0,236.0,223.0,276.0,False,HARD,4.0,True,Racing Bulls,5289.265,2026-09-13 13:33:59.705,1,11.0,False,,False,True
5489.545,LIN,41,99.957,19.0,2.0,,,30.153,36.442,33.362,5419.803,5456.245,5489.607,216.0,244.0,222.0,277.0,False,HARD,5.0,True,Racing Bulls,5389.588,2026-09-13 13:35:40.028,1,11.0,False,,False,True
5589.847,LIN,41,100.302,20.0,2.0,,,30.251,36.377,33.674,5519.858,5556.235,5589.909,213.0,240.0,221.0,270.0,False,HARD,6.0,True,Racing Bulls,5489.545,2026-09-13 13:37:19.985,1,11.0,False,,False,True
5690.158,LIN,41,100.311,21.0,2.0,,,30.327,36.393,33.591,5620.236,5656.629,5690.22,215.0,232.0,219.0,287.0,False,HARD,7.0,True,Racing Bulls,5589.847,2026-09-13 13:39:00.287,1,11.0,False,,False,True
5790.322,LIN,41,100.164,22.0,2.0,,,30.405,36.22,33.539,5720.625,5756.845,5790.384,214.0,235.0,220.0,286.0,False,HARD,8.0,True,Racing Bulls,5690.158,2026-09-13 13:40:40.598,1,11.0,False,,False,True
5890.441,LIN,41,100.119,23.0,2.0,,,30.289,36.553,33.277,5820.673,5857.226,5890.503,213.0,238.0,220.0,286.0,False,HARD,9.0,True,Racing Bulls,5790.322,2026-09-13 13:42:20.762,1,11.0,False,,False,True
5990.421,LIN,41,99.98,24.0,2.0,,,30.33,36.387,33.263,5920.833,5957.22,5990.483,214.0,245.0,221.0,278.0,False,HARD,10.0,True,Racing Bulls,5890.441,2026-09-13 13:44:00.881,1,11.0,False,,False,True
6090.651,LIN,41,100.23,25.0,2.0,,,30.284,36.445,33.501,6020.767,6057.212,6090.713,216.0,246.0,221.0,283.0,False,HARD,11.0,True,Racing Bulls,5990.421,2026-09-13 13:45:40.861,1,11.0,False,,False,True
6190.299,LIN,41,99.648,26.0,2.0,,,30.311,36.107,33.23,6121.024,6157.131,6190.361,216.0,242.0,220.0,282.0,True,HARD,12.0,True,Racing Bulls,6090.651,2026-09-13 13:47:21.091,1,11.0,False,,False,True
6290.196,LIN,41,99.897,27.0,2.0,,,30.342,36.19,33.365,6220.703,6256.893,6290.258,215.0,243.0,221.0,284.0,False,HARD,13.0,True,Racing Bulls,6190.299,2026-09-13 13:49:00.739,1,11.0,False,,False,True
6390.016,LIN,41,99.82,28.0,2.0,,,30.288,36.14,33.392,6320.546,6356.686,6390.078,217.0,247.0,221.0,284.0,False,HARD,14.0,True,Racing Bulls,6290.196,2026-09-13 13:50:40.636,1,11.0,False,,False,True
6489.496,LIN,41,99.48,29.0,2.0,,,30.225,35.912,33.343,6420.303,6456.215,6489.558,217.0,243.0,220.0,285.0,True,HARD,15.0,True,Racing Bulls,6390.016,2026-09-13 13:52:20.456,1,11.0,False,,False,True
6589.133,LIN,41,99.637,30.0,2.0,,,30.349,36.095,33.193,6519.907,6556.002,6589.195,214.0,245.0,222.0,278.0,False,HARD,16.0,True,Racing Bulls,6489.496,2026-09-13 13:53:59.936,1,11.0,False,,False,True
6688.183,LIN,41,99.05,31.0,2.0,,,30.019,35.886,33.145,6619.214,6655.1,6688.245,216.0,241.0,222.0,296.0,True,HARD,17.0,True,Racing Bulls,6589.133,2026-09-13 13:55:39.573,1,11.0,False,,False,True
6787.349,LIN,41,99.166,32.0,2.0,,,30.108,35.824,33.234,6718.353,6754.177,6787.411,219.0,245.0,221.0,296.0,False,HARD,18.0,True,Racing Bulls,6688.183,2026-09-13 13:57:18.623,1,11.0,False,,False,True
6886.12,LIN,41,98.771,33.0,2.0,,,30.061,35.594,33.116,6817.472,6853.066,6886.182,219.0,248.0,222.0,295.0,True,HARD,19.0,True,Racing Bulls,6787.349,2026-09-13 13:58:57.789,1,11.0,False,,False,True
6984.692,LIN,41,98.572,34.0,2.0,,,30.029,35.473,33.07,6916.211,6951.684,6984.754,217.0,245.0,223.0,303.0,True,HARD,20.0,True,Racing Bulls,6886.12,2026-09-13 14:00:36.560,1,11.0,False,,False,True
7083.212,LIN,41,98.52,35.0,2.0,,,29.929,35.564,33.027,7014.683,7050.247,7083.274,218.0,245.0,223.0,303.0,True,HARD,21.0,True,Racing Bulls,6984.692,2026-09-13 14:02:15.132,1,11.0,False,,False,True
7181.899,LIN,41,98.687,36.0,2.0,,,30.04,35.594,33.053,7113.314,7148.908,7181.961,217.0,249.0,222.0,293.0,False,HARD,22.0,True,Racing Bulls,7083.212,2026-09-13 14:03:53.652,1,11.0,False,,False,True
7281.615,LIN,41,99.716,37.0,2.0,,,30.919,35.76,33.037,7212.88,7248.64,7281.677,202.0,249.0,223.0,300.0,False,HARD,23.0,True,Racing Bulls,7181.899,2026-09-13 14:05:32.339,1,11.0,True,TRACK LIMITS AT TURN 5 LAP 37 ,False,True
7380.0,LIN,41,98.385,38.0,2.0,,,30.026,35.438,32.921,7311.703,7347.141,7380.062,217.0,248.0,223.0,301.0,True,HARD,24.0,True,Racing Bulls,7281.615,2026-09-13 14:07:12.055,1,11.0,False,,False,True
7478.356,LIN,41,98.356,39.0,2.0,,,29.96,35.369,33.027,7410.022,7445.391,7478.418,217.0,249.0,222.0,303.0,True,HARD,25.0,True,Racing Bulls,7380.0,2026-09-13 14:08:50.440,1,11.0,False,,False,True
7576.567,LIN,41,98.211,40.0,2.0,,,29.85,35.294,33.067,7508.268,7543.562,7576.629,218.0,250.0,223.0,302.0,True,HARD,26.0,True,Racing Bulls,7478.356,2026-09-13 14:10:28.796,1,11.0,False,,False,True
7675.505,LIN,41,98.938,41.0,2.0,,,30.218,35.508,33.212,7606.847,7642.355,7675.567,210.0,249.0,223.0,293.0,False,HARD,27.0,True,Racing Bulls,7576.567,2026-09-13 14:12:07.007,1,11.0,False,,False,True
7774.533,LIN,41,99.028,42.0,2.0,,,30.067,35.487,33.474,7705.634,7741.121,7774.595,211.0,247.0,224.0,284.0,False,HARD,28.0,True,Racing Bulls,7675.505,2026-09-13 14:13:45.945,1,11.0,False,,False,True
7874.044,LIN,41,99.511,43.0,2.0,,,30.193,35.756,33.562,7804.788,7840.544,7874.106,213.0,238.0,223.0,276.0,False,HARD,29.0,True,Racing Bulls,7774.533,2026-09-13 14:15:24.973,1,10.0,False,,False,True
7973.959,LIN,41,99.915,44.0,2.0,,,30.811,35.723,33.381,7904.917,7940.64,7974.021,215.0,247.0,223.0,287.0,False,HARD,30.0,True,Racing Bulls,7874.044,2026-09-13 14:17:04.484,1,11.0,False,,False,True
8074.309,LIN,41,100.35,45.0,2.0,,,30.361,36.336,33.653,8004.382,8040.718,8074.371,209.0,242.0,223.0,281.0,False,HARD,31.0,True,Racing Bulls,7973.959,2026-09-13 14:18:44.399,1,11.0,False,,False,True
8173.773,LIN,41,99.464,46.0,2.0,,,30.057,35.977,33.43,8104.428,8140.405,8173.835,209.0,246.0,224.0,293.0,False,HARD,32.0,True,Racing Bulls,8074.309,2026-09-13 14:20:24.749,1,11.0,False,,False,True
8274.421,LIN,41,100.648,47.0,2.0,,,30.975,35.959,33.714,8204.81,8240.769,8274.483,209.0,246.0,222.0,269.0,False,HARD,33.0,True,Racing Bulls,8173.773,2026-09-13 14:22:04.213,1,10.0,True,TRACK LIMITS AT TURN 1 LAP 47 ,False,True
8372.691,LIN,41,98.27,48.0,2.0,,,29.841,35.296,33.133,8304.324,8339.62,8372.753,217.0,251.0,223.0,302.0,False,HARD,34.0,True,Racing Bulls,8274.421,2026-09-13 14:23:44.861,1,10.0,False,,False,True
8471.005,LIN,41,98.314,49.0,2.0,,,29.84,35.133,33.341,8402.593,8437.726,8471.067,216.0,248.0,224.0,303.0,False,HARD,35.0,True,Racing Bulls,8372.691,2026-09-13 14:25:23.131,1,10.0,False,,False,True
8569.284,LIN,41,98.279,50.0,2.0,,,29.905,35.364,33.01,8500.972,8536.336,8569.346,221.0,247.0,224.0,307.0,False,HARD,36.0,True,Racing Bulls,8471.005,2026-09-13 14:27:01.445,1,10.0,False,,False,True
8667.741,LIN,41,98.457,51.0,2.0,,,30.166,35.302,32.989,8599.512,8634.814,8667.803,218.0,249.0,223.0,307.0,False,HARD,37.0,True,Racing Bulls,8569.284,2026-09-13 14:28:39.724,1,10.0,False,,False,True
8766.376,LIN,41,98.635,52.0,2.0,,,29.919,35.268,33.448,8697.722,8732.99,8766.438,219.0,254.0,221.0,306.0,False,HARD,38.0,True,Racing Bulls,8667.741,2026-09-13 14:30:18.181,1,10.0,False,,False,True
8865.055,LIN,41,98.679,53.0,2.0,,,30.271,35.215,33.193,8796.709,8831.924,8865.117,217.0,248.0,221.0,293.0,False,HARD,39.0,True,Racing Bulls,8766.376,2026-09-13 14:31:56.816,1,10.0,False,,False,True
8966.61,LIN,41,101.555,54.0,2.0,,,30.181,35.517,35.857,8895.298,8930.815,8966.672,215.0,242.0,220.0,303.0,False,HARD,40.0,True,Racing Bulls,8865.055,2026-09-13 14:33:35.495,1,10.0,False,,False,True
9068.993,LIN,41,102.383,55.0,2.0,,,32.3,36.634,33.449,8998.972,9035.606,9069.055,197.0,243.0,222.0,254.0,False,HARD,41.0,True,Racing Bulls,8966.61,2026-09-13 14:35:17.050,1,10.0,False,,False,True
9168.227,LIN,41,99.234,56.0,2.0,,,30.152,35.701,33.381,9099.207,9134.908,9168.289,213.0,242.0,220.0,295.0,False,HARD,42.0,True,Racing Bulls,9068.993,2026-09-13 14:36:59.433,1,9.0,False,,False,True
3600.529,COL,43,106.464,1.0,1.0,,,,37.611,34.122,,3566.508,3600.593,189.0,231.0,216.0,238.0,False,MEDIUM,1.0,True,Alpine,3493.809,2026-09-13 13:04:04.249,12,7.0,False,,False,False
3702.996,COL,43,102.467,2.0,1.0,,,31.468,37.126,33.873,3631.998,3669.124,3702.997,196.0,240.0,218.0,301.0,True,MEDIUM,2.0,True,Alpine,3600.529,2026-09-13 13:05:50.969,1,7.0,False,,False,True
3805.133,COL,43,102.137,3.0,1.0,,,30.998,37.082,34.057,3733.995,3771.077,3805.134,209.0,240.0,216.0,281.0,True,MEDIUM,3.0,True,Alpine,3702.996,2026-09-13 13:07:33.436,1,7.0,False,,False,True
3907.052,COL,43,101.919,4.0,1.0,,,30.902,37.129,33.888,3836.036,3873.165,3907.053,212.0,243.0,219.0,290.0,True,MEDIUM,4.0,True,Alpine,3805.133,2026-09-13 13:09:15.573,1,7.0,False,,False,True
4010.319,COL,43,103.267,5.0,1.0,,,31.273,37.636,34.358,3938.326,3975.962,4010.32,208.0,241.0,219.0,298.0,False,MEDIUM,5.0,True,Alpine,3907.052,2026-09-13 13:10:57.492,12,6.0,False,,False,True
4112.637,COL,43,102.318,6.0,1.0,,,31.179,37.125,34.014,4041.499,4078.624,4112.638,213.0,243.0,218.0,287.0,False,MEDIUM,6.0,True,Alpine,4010.319,2026-09-13 13:12:40.759,1,6.0,False,,False,True
4214.805,COL,43,102.168,7.0,1.0,,,30.995,37.098,34.075,4143.633,4180.731,4214.806,210.0,242.0,219.0,287.0,False,MEDIUM,7.0,True,Alpine,4112.637,2026-09-13 13:14:23.077,1,6.0,False,,False,True
4316.598,COL,43,101.793,8.0,1.0,,,30.948,37.075,33.77,4245.754,4282.829,4316.599,206.0,245.0,217.0,286.0,True,MEDIUM,8.0,True,Alpine,4214.805,2026-09-13 13:16:05.245,1,6.0,False,,False,True
4419.162,COL,43,102.564,9.0,1.0,,,31.12,37.22,34.224,4347.719,4384.939,4419.163,208.0,243.0,217.0,280.0,False,MEDIUM,9.0,True,Alpine,4316.598,2026-09-13 13:17:47.038,1,6.0,False,,False,True
4523.504,COL,43,104.342,10.0,1.0,,,32.087,38.06,34.195,4451.25,4489.31,4523.505,194.0,239.0,220.0,279.0,False,MEDIUM,10.0,True,Alpine,4419.162,2026-09-13 13:19:29.602,1,7.0,False,,False,True
4625.763,COL,43,102.259,11.0,1.0,,,30.888,37.403,33.968,4554.393,4591.796,4625.764,209.0,244.0,218.0,288.0,False,MEDIUM,11.0,True,Alpine,4523.504,2026-09-13 13:21:13.944,1,7.0,False,,False,True
4728.423,COL,43,102.66,12.0,1.0,,,31.117,37.485,34.058,4656.881,4694.366,4728.424,209.0,241.0,218.0,282.0,False,MEDIUM,12.0,True,Alpine,4625.763,2026-09-13 13:22:56.203,1,7.0,False,,False,True
4830.748,COL,43,102.325,13.0,1.0,,,31.095,37.482,33.748,4759.519,4797.001,4830.749,213.0,244.0,218.0,279.0,False,MEDIUM,13.0,True,Alpine,4728.423,2026-09-13 13:24:38.863,1,7.0,False,,False,True
4953.929,COL,43,123.181,14.0,1.0,,4952.98,31.219,42.11,49.852,4861.968,4904.078,4953.93,209.0,199.0,,281.0,False,MEDIUM,14.0,True,Alpine,4830.748,2026-09-13 13:26:21.188,126,7.0,False,,False,False
5088.812,COL,43,134.883,15.0,2.0,4984.74,,61.807,39.866,33.21,5015.737,5055.603,5088.813,180.0,242.0,226.0,185.0,False,HARD,1.0,True,Alpine,4953.929,2026-09-13 13:28:24.369,671,10.0,False,,False,False
5188.63,COL,43,99.818,16.0,2.0,,,30.113,36.641,33.064,5118.926,5155.567,5188.631,215.0,247.0,223.0,286.0,True,HARD,2.0,True,Alpine,5088.812,2026-09-13 13:30:39.252,1,10.0,False,,False,True
5288.554,COL,43,99.924,17.0,2.0,,,30.274,36.451,33.199,5218.905,5255.356,5288.555,211.0,246.0,222.0,293.0,False,HARD,3.0,True,Alpine,5188.63,2026-09-13 13:32:19.070,1,10.0,False,,False,True
5388.963,COL,43,100.409,18.0,2.0,,,30.392,36.725,33.292,5318.947,5355.672,5388.964,208.0,247.0,224.0,293.0,False,HARD,4.0,True,Alpine,5288.554,2026-09-13 13:33:58.994,1,10.0,False,,False,True
5488.963,COL,43,100.0,19.0,2.0,,,30.164,36.409,33.427,5419.128,5455.537,5488.964,214.0,243.0,223.0,294.0,False,HARD,5.0,True,Alpine,5388.963,2026-09-13 13:35:39.403,1,10.0,False,,False,True
5589.073,COL,43,100.11,20.0,2.0,,,30.101,36.596,33.413,5519.065,5555.661,5589.074,217.0,241.0,223.0,292.0,False,HARD,6.0,True,Alpine,5488.963,2026-09-13 13:37:19.403,1,10.0,False,,False,True
5689.361,COL,43,100.288,21.0,2.0,,,30.424,36.512,33.352,5619.498,5656.01,5689.362,213.0,245.0,220.0,287.0,False,HARD,7.0,True,Alpine,5589.073,2026-09-13 13:38:59.513,1,10.0,False,,False,True
5789.164,COL,43,99.803,22.0,2.0,,,30.402,36.259,33.142,5719.764,5756.023,5789.165,214.0,248.0,221.0,288.0,True,HARD,8.0,True,Alpine,5689.361,2026-09-13 13:40:39.801,1,10.0,False,,False,True
5889.343,COL,43,100.179,23.0,2.0,,,30.491,36.317,33.371,5819.656,5855.973,5889.344,211.0,248.0,222.0,291.0,False,HARD,9.0,True,Alpine,5789.164,2026-09-13 13:42:19.604,1,10.0,False,,False,True
5989.394,COL,43,100.051,24.0,2.0,,,30.453,36.376,33.222,5919.797,5956.173,5989.395,215.0,248.0,222.0,292.0,False,HARD,10.0,True,Alpine,5889.343,2026-09-13 13:43:59.783,1,10.0,False,,False,True
6089.43,COL,43,100.036,25.0,2.0,,,30.359,36.368,33.309,6019.754,6056.122,6089.431,216.0,247.0,221.0,291.0,False,HARD,11.0,True,Alpine,5989.394,2026-09-13 13:45:39.834,1,10.0,False,,False,True
6189.329,COL,43,99.899,26.0,2.0,,,30.332,36.39,33.177,6119.763,6156.153,6189.33,214.0,247.0,221.0,296.0,False,HARD,12.0,True,Alpine,6089.43,2026-09-13 13:47:19.870,1,10.0,False,,False,True
6289.015,COL,43,99.686,27.0,2.0,,,30.318,36.332,33.036,6219.648,6255.98,6289.016,218.0,251.0,221.0,294.0,True,HARD,13.0,True,Alpine,6189.329,2026-09-13 13:48:59.769,1,10.0,False,,False,True
6388.723,COL,43,99.708,28.0,2.0,,,30.304,36.14,33.264,6319.32,6355.46,6388.724,218.0,252.0,221.0,291.0,False,HARD,14.0,True,Alpine,6289.015,2026-09-13 13:50:39.455,1,10.0,False,,False,True
6488.079,COL,43,99.356,29.0,2.0,,,30.124,36.107,33.125,6418.848,6454.955,6488.08,218.0,250.0,222.0,293.0,True,HARD,15.0,True,Alpine,6388.723,2026-09-13 13:52:19.163,1,10.0,False,,False,True
6587.227,COL,43,99.148,30.0,2.0,,,30.139,35.928,33.081,6518.219,6554.147,6587.228,221.0,250.0,223.0,297.0,True,HARD,16.0,True,Alpine,6488.079,2026-09-13 13:53:58.519,1,10.0,False,,False,True
6686.002,COL,43,98.775,31.0,2.0,,,29.957,35.712,33.106,6617.185,6652.897,6686.003,221.0,254.0,222.0,295.0,True,HARD,17.0,True,Alpine,6587.227,2026-09-13 13:55:37.667,1,10.0,False,,False,True
6785.491,COL,43,99.489,32.0,2.0,,,29.984,35.768,33.737,6715.987,6751.755,6785.492,223.0,252.0,220.0,299.0,False,HARD,18.0,True,Alpine,6686.002,2026-09-13 13:57:16.442,1,10.0,False,,False,True
6884.294,COL,43,98.803,33.0,2.0,,,30.21,35.589,33.004,6815.702,6851.291,6884.295,220.0,255.0,223.0,299.0,False,HARD,19.0,True,Alpine,6785.491,2026-09-13 13:58:55.931,1,10.0,False,,False,True
6983.027,COL,43,98.733,34.0,2.0,,,29.882,35.649,33.202,6914.177,6949.826,6983.028,221.0,252.0,224.0,297.0,True,HARD,20.0,True,Alpine,6884.294,2026-09-13 14:00:34.734,1,10.0,False,,False,True
7081.965,COL,43,98.938,35.0,2.0,,,29.823,35.724,33.391,7012.851,7048.575,7081.966,221.0,253.0,223.0,297.0,False,HARD,21.0,True,Alpine,6983.027,2026-09-13 14:02:13.467,1,10.0,False,,False,True
7179.931,COL,43,97.966,36.0,2.0,,,29.69,35.29,32.986,7111.656,7146.946,7179.932,223.0,255.0,223.0,303.0,True,HARD,22.0,True,Alpine,7081.965,2026-09-13 14:03:52.405,1,10.0,False,,False,True
7278.535,COL,43,98.604,37.0,2.0,,,30.076,35.366,33.162,7210.008,7245.374,7278.536,221.0,256.0,223.0,304.0,False,HARD,23.0,True,Alpine,7179.931,2026-09-13 14:05:30.371,1,10.0,False,,False,True
7376.758,COL,43,98.223,38.0,2.0,,,29.728,35.345,33.15,7308.264,7343.609,7376.759,221.0,256.0,224.0,303.0,False,HARD,24.0,True,Alpine,7278.535,2026-09-13 14:07:08.975,1,10.0,False,,False,True
7475.968,COL,43,99.21,39.0,2.0,,,29.875,35.709,33.626,7406.634,7442.343,7475.969,218.0,249.0,222.0,297.0,False,HARD,25.0,True,Alpine,7376.758,2026-09-13 14:08:47.198,1,10.0,False,,False,True
7575.261,COL,43,99.293,40.0,2.0,,,29.962,35.97,33.361,7505.931,7541.901,7575.262,215.0,250.0,223.0,287.0,False,HARD,26.0,True,Alpine,7475.968,2026-09-13 14:10:26.408,1,10.0,False,,False,True
7674.663,COL,43,99.402,41.0,2.0,,,30.111,35.948,33.343,7605.373,7641.321,7674.664,217.0,251.0,224.0,302.0,False,HARD,27.0,True,Alpine,7575.261,2026-09-13 14:12:05.701,1,10.0,False,,False,True
7773.872,COL,43,99.209,42.0,2.0,,,30.036,35.511,33.662,7704.7,7740.211,7773.873,217.0,252.0,225.0,291.0,False,HARD,28.0,True,Alpine,7674.663,2026-09-13 14:13:45.103,1,10.0,True,TRACK LIMITS AT TURN 17 LAP 42 ,False,True
7873.536,COL,43,99.664,43.0,2.0,,,30.3,35.862,33.502,7804.173,7840.035,7873.537,215.0,246.0,225.0,276.0,False,HARD,29.0,True,Alpine,7773.872,2026-09-13 14:15:24.312,1,9.0,False,,False,True
7972.628,COL,43,99.092,44.0,2.0,,,30.003,35.639,33.45,7903.54,7939.179,7972.629,217.0,250.0,225.0,293.0,False,HARD,30.0,True,Alpine,7873.536,2026-09-13 14:17:03.976,1,9.0,False,,False,True
8073.098,COL,43,100.47,45.0,2.0,,,30.692,36.285,33.493,8003.321,8039.606,8073.099,201.0,251.0,225.0,297.0,False,HARD,31.0,True,Alpine,7972.628,2026-09-13 14:18:43.068,1,9.0,True,TRACK LIMITS AT TURN 5 LAP 45 ,False,True
8172.703,COL,43,99.605,46.0,2.0,,,30.202,35.86,33.543,8103.301,8139.161,8172.704,215.0,246.0,223.0,281.0,False,HARD,32.0,True,Alpine,8073.098,2026-09-13 14:20:23.538,1,9.0,False,,False,True
8271.595,COL,43,98.892,47.0,2.0,,,30.209,35.765,32.918,8202.913,8238.678,8271.596,219.0,247.0,226.0,300.0,False,HARD,33.0,True,Alpine,8172.703,2026-09-13 14:22:03.143,1,8.0,False,,False,True
8369.067,COL,43,97.472,48.0,2.0,,,29.745,34.849,32.878,8301.341,8336.19,8369.068,221.0,258.0,223.0,299.0,True,HARD,34.0,True,Alpine,8271.595,2026-09-13 14:23:42.035,1,8.0,False,,False,True
8466.591,COL,43,97.524,49.0,2.0,,,29.602,35.194,32.728,8398.67,8433.864,8466.592,222.0,253.0,225.0,303.0,False,HARD,35.0,True,Alpine,8369.067,2026-09-13 14:25:19.507,1,8.0,False,,False,True
8564.351,COL,43,97.76,50.0,2.0,,,29.841,35.032,32.887,8496.433,8531.465,8564.352,226.0,258.0,227.0,301.0,False,HARD,36.0,True,Alpine,8466.591,2026-09-13 14:26:57.031,1,8.0,False,,False,True
8661.676,COL,43,97.325,51.0,2.0,,,29.764,34.901,32.66,8594.116,8629.017,8661.677,224.0,262.0,224.0,303.0,True,HARD,37.0,True,Alpine,8564.351,2026-09-13 14:28:34.791,1,8.0,False,,False,True
8758.997,COL,43,97.321,52.0,2.0,,,29.615,34.962,32.744,8691.292,8726.254,8758.998,223.0,256.0,225.0,305.0,True,HARD,38.0,True,Alpine,8661.676,2026-09-13 14:30:12.116,1,8.0,False,,False,True
8856.447,COL,43,97.45,53.0,2.0,,,29.73,34.825,32.895,8788.728,8823.553,8856.448,223.0,258.0,224.0,303.0,False,HARD,39.0,True,Alpine,8758.997,2026-09-13 14:31:49.437,1,8.0,False,,False,True
8954.746,COL,43,98.299,54.0,2.0,,,29.852,35.197,33.25,8886.3,8921.497,8954.747,220.0,252.0,223.0,302.0,False,HARD,40.0,True,Alpine,8856.447,2026-09-13 14:33:26.887,1,8.0,False,,False,True
9055.597,COL,43,100.851,55.0,2.0,,,30.195,36.248,34.408,8984.942,9021.19,9055.598,212.0,246.0,220.0,286.0,False,HARD,41.0,True,Alpine,8954.746,2026-09-13 14:35:05.186,1,7.0,False,,False,True
9153.612,COL,43,98.015,56.0,2.0,,,29.941,35.14,32.934,9085.539,9120.679,9153.613,225.0,256.0,224.0,304.0,False,HARD,42.0,True,Alpine,9055.597,2026-09-13 14:36:46.037,1,7.0,False,,False,True
9252.1,COL,43,98.488,57.0,2.0,,,29.566,35.625,33.297,9183.179,9218.804,9252.101,221.0,250.0,202.0,309.0,False,HARD,43.0,True,Alpine,9153.612,2026-09-13 14:38:24.052,1,7.0,False,,False,True
3598.489,HAM,44,104.424,1.0,1.0,,,,37.709,33.663,,3565.103,3598.586,189.0,232.0,221.0,253.0,False,SOFT,1.0,True,Ferrari,3493.809,2026-09-13 13:04:04.249,12,4.0,False,,False,False
3699.474,HAM,44,100.985,2.0,1.0,,,30.928,36.626,33.431,3629.474,3666.1,3699.531,207.0,239.0,220.0,284.0,True,SOFT,2.0,True,Ferrari,3598.489,2026-09-13 13:05:48.929,1,4.0,False,,False,True
3799.313,HAM,44,99.839,3.0,1.0,,,30.043,36.404,33.392,3729.574,3765.978,3799.37,211.0,235.0,219.0,293.0,True,SOFT,3.0,True,Ferrari,3699.474,2026-09-13 13:07:29.914,1,4.0,False,,False,True
3902.368,HAM,44,103.055,4.0,1.0,,,31.052,37.362,34.641,3830.422,3867.784,3902.425,165.0,206.0,222.0,239.0,False,SOFT,4.0,True,Ferrari,3799.313,2026-09-13 13:09:09.753,1,3.0,True,TRACK LIMITS AT TURN 5 LAP 4 ,False,True
4014.3,HAM,44,111.932,5.0,1.0,,,31.933,38.069,41.93,3934.358,3972.427,4014.357,178.0,202.0,217.0,258.0,False,SOFT,5.0,True,Ferrari,3902.368,2026-09-13 13:10:52.808,12,10.0,True,TRACK LIMITS AT TURN 20 LAP 5 ,False,True
4149.237,HAM,44,134.937,6.0,1.0,,4148.174,35.327,46.356,53.254,4049.684,4096.04,4149.294,158.0,146.0,,184.0,False,SOFT,6.0,True,Ferrari,4014.3,2026-09-13 13:12:44.740,1,22.0,False,,False,False
3605.348,BOR,5,111.283,1.0,1.0,,,,39.171,35.308,,3570.178,3605.54,185.0,200.0,215.0,236.0,False,HARD,1.0,True,Audi,3493.809,2026-09-13 13:04:04.249,12,15.0,False,,False,False
3707.93,BOR,5,102.582,2.0,1.0,,,30.791,37.425,34.366,3636.139,3673.564,3707.93,206.0,229.0,216.0,280.0,True,HARD,2.0,True,Audi,3605.348,2026-09-13 13:05:55.788,1,14.0,False,,False,True
3810.77,BOR,5,102.84,3.0,1.0,,,30.979,37.341,34.52,3738.909,3776.25,3810.77,214.0,233.0,215.0,264.0,False,HARD,3.0,True,Audi,3707.93,2026-09-13 13:07:38.370,1,14.0,False,,False,True
3913.465,BOR,5,102.695,4.0,1.0,,,30.897,37.605,34.193,3841.667,3879.272,3913.465,202.0,236.0,216.0,275.0,False,HARD,4.0,True,Audi,3810.77,2026-09-13 13:09:21.210,1,14.0,False,,False,True
4016.662,BOR,5,103.197,5.0,1.0,,,30.918,37.38,34.899,3944.383,3981.763,4016.662,206.0,233.0,215.0,267.0,False,HARD,5.0,True,Audi,3913.465,2026-09-13 13:11:03.905,12,14.0,False,,False,True
4120.103,BOR,5,103.441,6.0,1.0,,,31.334,37.55,34.557,4047.996,4085.546,4120.103,208.0,231.0,216.0,261.0,False,HARD,6.0,True,Audi,4016.662,2026-09-13 13:12:47.102,1,13.0,False,,False,True
4222.614,BOR,5,102.511,7.0,1.0,,,30.865,37.233,34.413,4150.968,4188.201,4222.614,206.0,239.0,216.0,268.0,True,HARD,7.0,True,Audi,4120.103,2026-09-13 13:14:30.543,1,13.0,False,,False,True
4324.936,BOR,5,102.322,8.0,1.0,,,30.92,37.444,33.958,4253.534,4290.978,4324.936,198.0,242.0,215.0,262.0,True,HARD,8.0,True,Audi,4222.614,2026-09-13 13:16:13.054,1,13.0,False,,False,True
4426.992,BOR,5,102.056,9.0,1.0,,,30.685,37.223,34.148,4355.621,4392.844,4426.992,204.0,238.0,213.0,279.0,True,HARD,9.0,True,Audi,4324.936,2026-09-13 13:17:55.376,1,13.0,False,,False,True
4529.519,BOR,5,102.527,10.0,1.0,,,30.827,37.6,34.1,4457.819,4495.419,4529.519,201.0,241.0,216.0,280.0,False,HARD,10.0,True,Audi,4426.992,2026-09-13 13:19:37.432,1,13.0,False,,False,True
4632.122,BOR,5,102.603,11.0,1.0,,,30.876,37.593,34.134,4560.395,4597.988,4632.122,208.0,239.0,215.0,280.0,False,HARD,11.0,True,Audi,4529.519,2026-09-13 13:21:19.959,1,13.0,False,,False,True
4734.48,BOR,5,102.358,12.0,1.0,,,30.748,37.314,34.296,4662.87,4700.184,4734.48,212.0,239.0,215.0,285.0,False,HARD,12.0,True,Audi,4632.122,2026-09-13 13:23:02.562,1,13.0,False,,False,True
4836.733,BOR,5,102.253,13.0,1.0,,,30.59,37.417,34.246,4765.07,4802.487,4836.733,213.0,239.0,213.0,288.0,False,HARD,13.0,True,Audi,4734.48,2026-09-13 13:24:44.920,1,13.0,False,,False,True
4962.746,BOR,5,126.013,14.0,1.0,,,30.569,47.988,47.456,4867.302,4915.29,4962.746,208.0,204.0,123.0,276.0,False,HARD,14.0,True,Audi,4836.733,2026-09-13 13:26:27.173,126,13.0,False,,False,False
5083.953,BOR,5,121.207,15.0,1.0,,,47.831,39.434,33.942,5010.577,5050.011,5083.953,180.0,238.0,217.0,122.0,False,HARD,15.0,True,Audi,4962.746,2026-09-13 13:28:33.186,671,9.0,False,,False,False
5184.948,BOR,5,100.995,16.0,1.0,,,30.419,36.869,33.707,5114.372,5151.241,5184.948,214.0,244.0,217.0,283.0,True,HARD,16.0,True,Audi,5083.953,2026-09-13 13:30:34.393,1,9.0,False,,False,True
5285.171,BOR,5,100.223,17.0,1.0,,,30.36,36.419,33.444,5215.308,5251.727,5285.171,218.0,244.0,218.0,292.0,True,HARD,17.0,True,Audi,5184.948,2026-09-13 13:32:15.388,1,9.0,False,,False,True
5385.398,BOR,5,100.227,18.0,1.0,,,30.249,36.416,33.562,5315.42,5351.836,5385.398,217.0,246.0,219.0,292.0,False,HARD,18.0,True,Audi,5285.171,2026-09-13 13:33:55.611,1,9.0,False,,False,True
5485.487,BOR,5,100.089,19.0,1.0,,,30.222,36.272,33.595,5415.62,5451.892,5485.487,216.0,245.0,218.0,290.0,True,HARD,19.0,True,Audi,5385.398,2026-09-13 13:35:35.838,1,9.0,False,,False,True
5585.525,BOR,5,100.038,20.0,1.0,,,30.12,36.298,33.62,5515.607,5551.905,5585.525,221.0,246.0,217.0,296.0,True,HARD,20.0,True,Audi,5485.487,2026-09-13 13:37:15.927,1,9.0,False,,False,True
5685.499,BOR,5,99.974,21.0,1.0,,,30.087,36.355,33.532,5615.612,5651.967,5685.499,220.0,245.0,217.0,294.0,True,HARD,21.0,True,Audi,5585.525,2026-09-13 13:38:55.965,1,9.0,False,,False,True
5784.949,BOR,5,99.45,22.0,1.0,,,30.057,35.984,33.409,5715.556,5751.54,5784.949,223.0,246.0,218.0,295.0,True,HARD,22.0,True,Audi,5685.499,2026-09-13 13:40:35.939,1,9.0,False,,False,True
5884.623,BOR,5,99.674,23.0,1.0,,,30.136,36.084,33.454,5815.085,5851.169,5884.623,222.0,247.0,219.0,296.0,False,HARD,23.0,True,Audi,5784.949,2026-09-13 13:42:15.389,1,9.0,False,,False,True
5984.233,BOR,5,99.61,24.0,1.0,,,30.062,36.134,33.414,5914.685,5950.819,5984.233,222.0,247.0,218.0,296.0,False,HARD,24.0,True,Audi,5884.623,2026-09-13 13:43:55.063,1,9.0,False,,False,True
6083.829,BOR,5,99.596,25.0,1.0,,,30.14,36.05,33.406,6014.373,6050.423,6083.829,222.0,246.0,219.0,294.0,False,HARD,25.0,True,Audi,5984.233,2026-09-13 13:45:34.673,1,9.0,False,,False,True
6183.582,BOR,5,99.753,26.0,1.0,,,30.017,36.234,33.502,6113.846,6150.08,6183.582,202.0,246.0,218.0,298.0,False,HARD,26.0,True,Audi,6083.829,2026-09-13 13:47:14.269,1,9.0,True,TRACK LIMITS AT TURN 6 LAP 26 ,False,True
6283.36,BOR,5,99.778,27.0,1.0,,,30.17,36.043,33.565,6213.752,6249.795,6283.36,224.0,246.0,217.0,293.0,False,HARD,27.0,True,Audi,6183.582,2026-09-13 13:48:54.022,1,9.0,False,,False,True
6382.642,BOR,5,99.282,28.0,1.0,,,29.919,35.947,33.416,6313.279,6349.226,6382.642,225.0,246.0,217.0,295.0,True,HARD,28.0,True,Audi,6283.36,2026-09-13 13:50:33.800,1,9.0,False,,False,True
6481.953,BOR,5,99.311,29.0,1.0,,,30.032,35.929,33.35,6412.674,6448.603,6481.953,224.0,247.0,218.0,292.0,False,HARD,29.0,True,Audi,6382.642,2026-09-13 13:52:13.082,1,9.0,False,,False,True
6581.573,BOR,5,99.62,30.0,1.0,,,30.32,35.927,33.373,6512.273,6548.2,6581.573,219.0,245.0,218.0,293.0,False,HARD,30.0,True,Audi,6481.953,2026-09-13 13:53:52.393,1,9.0,False,,False,True
6681.126,BOR,5,99.553,31.0,1.0,,,29.946,36.002,33.605,6611.519,6647.521,6681.126,223.0,247.0,217.0,294.0,False,HARD,31.0,True,Audi,6581.573,2026-09-13 13:55:32.013,1,9.0,False,,False,True
6780.521,BOR,5,99.395,32.0,1.0,,,30.107,36.029,33.259,6711.233,6747.262,6780.521,225.0,248.0,218.0,297.0,False,HARD,32.0,True,Audi,6681.126,2026-09-13 13:57:11.566,1,9.0,False,,False,True
6879.534,BOR,5,99.013,33.0,1.0,,,30.006,35.763,33.244,6810.527,6846.29,6879.534,225.0,248.0,219.0,290.0,True,HARD,33.0,True,Audi,6780.521,2026-09-13 13:58:50.961,1,9.0,False,,False,True
6979.184,BOR,5,99.65,34.0,1.0,,,30.48,35.91,33.26,6910.014,6945.924,6979.184,220.0,249.0,220.0,290.0,False,HARD,34.0,True,Audi,6879.534,2026-09-13 14:00:29.974,1,9.0,True,TRACK LIMITS AT TURN 1 LAP 34 ,False,True
7078.322,BOR,5,99.138,35.0,1.0,,,30.04,35.859,33.239,7009.224,7045.083,7078.322,223.0,245.0,219.0,295.0,False,HARD,35.0,True,Audi,6979.184,2026-09-13 14:02:09.624,1,9.0,False,,False,True
7177.365,BOR,5,99.043,36.0,1.0,,,29.902,35.871,33.27,7108.224,7144.095,7177.365,223.0,247.0,219.0,293.0,False,HARD,36.0,True,Audi,7078.322,2026-09-13 14:03:48.762,1,9.0,False,,False,True
7276.636,BOR,5,99.271,37.0,1.0,,,30.193,35.793,33.285,7207.558,7243.351,7276.636,223.0,246.0,220.0,295.0,False,HARD,37.0,True,Audi,7177.365,2026-09-13 14:05:27.805,1,9.0,False,,False,True
7375.769,BOR,5,99.133,38.0,1.0,,,30.008,35.949,33.176,7306.644,7342.593,7375.769,223.0,249.0,220.0,296.0,False,HARD,38.0,True,Audi,7276.636,2026-09-13 14:07:07.076,1,9.0,False,,False,True
7475.18,BOR,5,99.411,39.0,1.0,,,29.999,36.029,33.383,7405.768,7441.797,7475.18,220.0,246.0,218.0,300.0,False,HARD,39.0,True,Audi,7375.769,2026-09-13 14:08:46.209,1,9.0,False,,False,True
7574.559,BOR,5,99.379,40.0,1.0,,,30.159,35.981,33.239,7505.339,7541.32,7574.559,224.0,248.0,219.0,300.0,False,HARD,40.0,True,Audi,7475.18,2026-09-13 14:10:25.620,1,9.0,False,,False,True
7673.908,BOR,5,99.349,41.0,1.0,,,30.133,35.741,33.475,7604.692,7640.433,7673.908,225.0,244.0,218.0,300.0,False,HARD,41.0,True,Audi,7574.559,2026-09-13 14:12:04.999,1,9.0,False,,False,True
7773.35,BOR,5,99.442,42.0,1.0,,,30.076,35.797,33.569,7703.984,7739.781,7773.35,221.0,247.0,219.0,296.0,False,HARD,42.0,True,Audi,7673.908,2026-09-13 14:13:44.348,1,9.0,False,,False,True
7872.752,BOR,5,99.402,43.0,1.0,,,30.084,35.934,33.384,7803.434,7839.368,7872.752,219.0,249.0,219.0,292.0,False,HARD,43.0,True,Audi,7773.35,2026-09-13 14:15:23.790,1,8.0,False,,False,True
7972.259,BOR,5,99.507,44.0,1.0,,,29.899,35.932,33.676,7902.651,7938.583,7972.259,224.0,248.0,220.0,299.0,False,HARD,44.0,True,Audi,7872.752,2026-09-13 14:17:03.192,1,8.0,False,,False,True
8072.552,BOR,5,100.293,45.0,1.0,,,30.701,36.037,33.555,8002.96,8038.997,8072.552,215.0,249.0,219.0,292.0,False,HARD,45.0,True,Audi,7972.259,2026-09-13 14:18:42.699,1,8.0,False,,False,True
8172.299,BOR,5,99.747,46.0,1.0,,,30.14,36.006,33.601,8102.692,8138.698,8172.299,221.0,248.0,219.0,289.0,False,HARD,46.0,True,Audi,8072.552,2026-09-13 14:20:22.992,1,8.0,False,,False,True
8276.002,BOR,5,103.703,47.0,1.0,,8275.22,30.837,36.664,36.202,8203.136,8239.8,8276.002,191.0,249.0,,259.0,False,HARD,47.0,True,Audi,8172.299,2026-09-13 14:22:02.739,1,12.0,False,,False,False
8396.652,BOR,5,120.65,48.0,2.0,8305.981,,52.713,35.397,32.54,8328.715,8364.112,8396.652,225.0,249.0,221.0,280.0,False,SOFT,1.0,True,Audi,8276.002,2026-09-13 14:23:46.442,1,13.0,False,,False,False
8495.082,BOR,5,98.43,49.0,2.0,,,30.365,35.427,32.638,8427.017,8462.444,8495.082,221.0,247.0,223.0,292.0,False,SOFT,2.0,True,Audi,8396.652,2026-09-13 14:25:47.092,1,13.0,True,TRACK LIMITS AT TURN 1 LAP 49 ,False,True
8592.919,BOR,5,97.837,50.0,2.0,,,29.867,35.402,32.568,8524.949,8560.351,8592.919,224.0,248.0,222.0,295.0,True,SOFT,3.0,True,Audi,8495.082,2026-09-13 14:27:25.522,1,13.0,False,,False,True
8691.107,BOR,5,98.188,51.0,2.0,,,29.819,35.535,32.834,8622.738,8658.273,8691.107,224.0,248.0,222.0,297.0,False,SOFT,4.0,True,Audi,8592.919,2026-09-13 14:29:03.359,1,13.0,False,,False,True
8789.223,BOR,5,98.116,52.0,2.0,,,29.776,35.532,32.808,8720.883,8756.415,8789.223,224.0,247.0,220.0,300.0,False,SOFT,5.0,True,Audi,8691.107,2026-09-13 14:30:41.547,1,13.0,False,,False,True
8887.732,BOR,5,98.509,53.0,2.0,,,30.148,35.485,32.876,8819.371,8854.856,8887.732,218.0,246.0,221.0,293.0,False,SOFT,6.0,True,Audi,8789.223,2026-09-13 14:32:19.663,1,13.0,False,,False,True
8986.165,BOR,5,98.433,54.0,2.0,,,29.972,35.608,32.853,8917.704,8953.312,8986.165,224.0,247.0,222.0,293.0,False,SOFT,7.0,True,Audi,8887.732,2026-09-13 14:33:58.172,1,13.0,False,,False,True
9085.623,BOR,5,99.458,55.0,2.0,,,29.862,36.406,33.19,9016.027,9052.433,9085.623,228.0,236.0,222.0,299.0,False,SOFT,8.0,True,Audi,8986.165,2026-09-13 14:35:36.605,1,13.0,False,,False,True
9186.208,BOR,5,100.585,56.0,2.0,,,30.097,36.465,34.023,9115.72,9152.185,9186.208,224.0,234.0,219.0,290.0,False,SOFT,9.0,True,Audi,9085.623,2026-09-13 14:37:16.063,1,13.0,False,,False,True
3607.028,SAI,55,112.963,1.0,1.0,,,,39.512,35.143,,3572.069,3607.21,176.0,206.0,221.0,224.0,False,HARD,1.0,True,Williams,3493.809,2026-09-13 13:04:04.249,12,18.0,False,,False,False
3712.209,SAI,55,105.181,2.0,1.0,,,32.08,38.264,34.837,3639.154,3677.418,3712.255,194.0,218.0,217.0,233.0,True,HARD,2.0,True,Williams,3607.028,2026-09-13 13:05:57.468,1,18.0,False,,False,True
3816.72,SAI,55,104.511,3.0,1.0,,,31.372,38.218,34.921,3743.627,3781.845,3816.766,198.0,226.0,207.0,249.0,True,HARD,3.0,True,Williams,3712.209,2026-09-13 13:07:42.649,1,18.0,False,,False,True
3921.021,SAI,55,104.301,4.0,1.0,,,32.19,37.546,34.565,3848.956,3886.502,3921.067,198.0,226.0,209.0,259.0,True,HARD,4.0,True,Williams,3816.72,2026-09-13 13:09:27.160,1,18.0,False,,False,True
4025.179,SAI,55,104.158,5.0,1.0,,,31.681,37.732,34.745,3952.748,3990.48,4025.225,209.0,221.0,214.0,274.0,True,HARD,5.0,True,Williams,3921.021,2026-09-13 13:11:11.461,12,18.0,False,,False,True
4129.16,SAI,55,103.981,6.0,1.0,,,31.571,37.876,34.534,4056.796,4094.672,4129.206,203.0,228.0,219.0,254.0,True,HARD,6.0,True,Williams,4025.179,2026-09-13 13:12:55.619,1,17.0,False,,False,True
4233.098,SAI,55,103.938,7.0,1.0,,,31.444,37.917,34.577,4160.65,4198.567,4233.144,198.0,219.0,212.0,271.0,True,HARD,7.0,True,Williams,4129.16,2026-09-13 13:14:39.600,1,17.0,False,,False,True
4336.736,SAI,55,103.638,8.0,1.0,,,31.482,37.581,34.575,4264.626,4302.207,4336.782,208.0,226.0,217.0,272.0,True,HARD,8.0,True,Williams,4233.098,2026-09-13 13:16:23.538,1,17.0,False,,False,True
4440.654,SAI,55,103.918,9.0,1.0,,,31.503,37.798,34.617,4368.285,4406.083,4440.7,203.0,227.0,215.0,256.0,False,HARD,9.0,True,Williams,4336.736,2026-09-13 13:18:07.176,1,17.0,False,,False,True
4544.598,SAI,55,103.944,10.0,1.0,,,31.551,37.82,34.573,4472.251,4510.071,4544.644,196.0,234.0,218.0,267.0,False,HARD,10.0,True,Williams,4440.654,2026-09-13 13:19:51.094,1,17.0,False,,False,True
4647.964,SAI,55,103.366,11.0,1.0,,,31.301,37.401,34.664,4575.945,4613.346,4648.01,207.0,231.0,213.0,265.0,True,HARD,11.0,True,Williams,4544.598,2026-09-13 13:21:35.038,1,17.0,False,,False,True
4752.081,SAI,55,104.117,12.0,1.0,,,31.319,38.282,34.516,4679.329,4717.611,4752.127,177.0,237.0,220.0,280.0,False,HARD,12.0,True,Williams,4647.964,2026-09-13 13:23:18.404,1,17.0,True,TRACK LIMITS AT TURN 5 LAP 12 ,False,True
4855.337,SAI,55,103.256,13.0,1.0,,,31.288,37.488,34.48,4783.415,4820.903,4855.383,206.0,234.0,218.0,263.0,False,HARD,13.0,True,Williams,4752.081,2026-09-13 13:25:02.521,12,17.0,True,TRACK LIMITS AT TURN 15 LAP 13 ,False,True
4987.002,SAI,55,131.665,14.0,1.0,,,31.145,52.415,48.105,4886.528,4938.943,4987.048,205.0,177.0,115.0,260.0,False,HARD,14.0,True,Williams,4855.337,2026-09-13 13:26:45.777,26,17.0,False,,False,False
5102.17,SAI,55,115.168,15.0,1.0,,,43.121,37.812,34.235,5030.169,5067.981,5102.216,191.0,232.0,219.0,194.0,False,HARD,15.0,True,Williams,4987.002,2026-09-13 13:28:57.442,671,15.0,False,,False,False
5204.332,SAI,55,102.162,16.0,1.0,,,30.893,37.001,34.268,5133.109,5170.11,5204.378,210.0,234.0,219.0,266.0,True,HARD,16.0,True,Williams,5102.17,2026-09-13 13:30:52.610,1,15.0,False,,False,True
5306.507,SAI,55,102.175,17.0,1.0,,,30.961,37.104,34.11,5235.339,5272.443,5306.553,209.0,233.0,218.0,275.0,False,HARD,17.0,True,Williams,5204.332,2026-09-13 13:32:34.772,1,15.0,False,,False,True
5408.568,SAI,55,102.061,18.0,1.0,,,30.875,36.984,34.202,5337.428,5374.412,5408.614,208.0,235.0,220.0,283.0,True,HARD,18.0,True,Williams,5306.507,2026-09-13 13:34:16.947,1,15.0,False,,False,True
5510.272,SAI,55,101.704,19.0,1.0,,,30.725,36.771,34.208,5439.339,5476.11,5510.318,210.0,240.0,216.0,275.0,True,HARD,19.0,True,Williams,5408.568,2026-09-13 13:35:59.008,1,15.0,False,,False,True
5612.098,SAI,55,101.826,20.0,1.0,,,30.878,36.77,34.178,5541.196,5577.966,5612.144,213.0,242.0,219.0,282.0,False,HARD,20.0,True,Williams,5510.272,2026-09-13 13:37:40.712,1,15.0,False,,False,True
5713.823,SAI,55,101.725,21.0,1.0,,,30.86,36.756,34.109,5643.004,5679.76,5713.869,210.0,240.0,219.0,275.0,False,HARD,21.0,True,Williams,5612.098,2026-09-13 13:39:22.538,1,15.0,False,,False,True
5815.844,SAI,55,102.021,22.0,1.0,,,30.928,36.923,34.17,5744.797,5781.72,5815.89,203.0,234.0,219.0,277.0,False,HARD,22.0,True,Williams,5713.823,2026-09-13 13:41:04.263,1,15.0,True,TRACK LIMITS AT TURN 15 LAP 22 ,False,True
5920.831,SAI,55,104.987,23.0,1.0,,5919.974,31.073,36.859,37.055,5846.963,5883.822,5920.877,207.0,239.0,,274.0,False,HARD,23.0,True,Williams,5815.844,2026-09-13 13:42:46.284,1,16.0,False,,False,False
6063.998,SAI,55,143.167,24.0,2.0,5966.29,,69.966,39.004,34.197,5990.843,6029.847,6064.044,194.0,214.0,222.0,251.0,False,MEDIUM,1.0,True,Williams,5920.831,2026-09-13 13:44:31.271,1,20.0,True,TRACK LIMITS AT TURN 15 LAP 24 ,False,False
6164.583,SAI,55,100.585,25.0,2.0,,,30.637,36.372,33.576,6094.681,6131.053,6164.629,208.0,244.0,217.0,282.0,True,MEDIUM,2.0,True,Williams,6063.998,2026-09-13 13:46:54.438,1,20.0,False,,False,True
6265.928,SAI,55,101.345,26.0,2.0,,,30.575,36.688,34.082,6195.204,6231.892,6265.974,213.0,237.0,219.0,288.0,False,MEDIUM,3.0,True,Williams,6164.583,2026-09-13 13:48:35.023,1,20.0,False,,False,True
6369.292,SAI,55,103.364,27.0,2.0,,,30.569,36.84,35.955,6296.543,6333.383,6369.338,211.0,243.0,213.0,291.0,False,MEDIUM,4.0,True,Williams,6265.928,2026-09-13 13:50:16.368,1,20.0,False,,False,True
6472.028,SAI,55,102.736,28.0,2.0,,,31.048,37.207,34.481,6400.386,6437.593,6472.074,210.0,230.0,219.0,279.0,False,MEDIUM,5.0,True,Williams,6369.292,2026-09-13 13:51:59.732,1,20.0,False,,False,True
6574.687,SAI,55,102.659,29.0,2.0,,,31.108,37.172,34.379,6503.182,6540.354,6574.733,203.0,233.0,218.0,272.0,False,MEDIUM,6.0,True,Williams,6472.028,2026-09-13 13:53:42.468,1,20.0,False,,False,True
6679.938,SAI,55,105.251,30.0,2.0,,,32.536,38.203,34.512,6607.269,6645.472,6679.984,204.0,232.0,213.0,183.0,False,MEDIUM,7.0,True,Williams,6574.687,2026-09-13 13:55:25.127,1,19.0,False,,False,True
6787.443,SAI,55,107.505,31.0,2.0,,6786.596,32.632,37.695,37.178,6712.616,6750.311,6787.489,199.0,230.0,,237.0,False,MEDIUM,8.0,True,Williams,6679.938,2026-09-13 13:57:10.378,1,19.0,False,,False,False
6912.514,SAI,55,125.071,32.0,3.0,6817.838,,54.844,36.884,33.343,6842.333,6879.217,6912.56,198.0,237.0,224.0,235.0,False,HARD,1.0,True,Williams,6787.443,2026-09-13 13:58:57.883,1,19.0,False,,False,False
7013.146,SAI,55,100.632,33.0,3.0,,,30.561,36.409,33.662,6943.121,6979.53,7013.192,211.0,241.0,221.0,283.0,False,HARD,2.0,True,Williams,6912.514,2026-09-13 14:01:02.954,1,19.0,False,,False,True
7118.065,SAI,55,104.919,34.0,3.0,,,32.484,38.221,34.214,7045.676,7083.897,7118.111,205.0,225.0,219.0,268.0,False,HARD,3.0,True,Williams,7013.146,2026-09-13 14:02:43.586,1,19.0,False,,False,True
7222.582,SAI,55,104.517,35.0,3.0,,,30.989,38.03,35.498,7149.1,7187.13,7222.628,202.0,230.0,219.0,282.0,False,HARD,4.0,True,Williams,7118.065,2026-09-13 14:04:28.505,1,19.0,True,TRACK LIMITS AT TURN 11 LAP 35 ,False,True
7322.777,SAI,55,100.195,36.0,3.0,,,30.441,36.297,33.457,7253.069,7289.366,7322.823,212.0,246.0,222.0,287.0,True,HARD,5.0,True,Williams,7222.582,2026-09-13 14:06:13.022,1,19.0,False,,False,True
7424.216,SAI,55,101.439,37.0,3.0,,,30.451,36.364,34.624,7353.274,7389.638,7424.262,209.0,245.0,218.0,284.0,False,HARD,6.0,True,Williams,7322.777,2026-09-13 14:07:53.217,1,19.0,False,,False,True
7525.47,SAI,55,101.254,38.0,3.0,,,30.781,36.578,33.895,7455.043,7491.621,7525.516,206.0,245.0,221.0,295.0,False,HARD,7.0,True,Williams,7424.216,2026-09-13 14:09:34.656,1,19.0,False,,False,True
7626.514,SAI,55,101.044,39.0,3.0,,,30.462,36.446,34.136,7555.978,7592.424,7626.56,212.0,245.0,221.0,289.0,False,HARD,8.0,True,Williams,7525.47,2026-09-13 14:11:15.910,1,19.0,False,,False,True
7727.362,SAI,55,100.848,40.0,3.0,,,30.309,36.378,34.161,7656.869,7693.247,7727.408,210.0,242.0,219.0,283.0,False,HARD,9.0,True,Williams,7626.514,2026-09-13 14:12:56.954,1,19.0,False,,False,True
7829.337,SAI,55,101.975,41.0,3.0,,,30.922,36.661,34.392,7758.33,7794.991,7829.383,210.0,244.0,216.0,270.0,False,HARD,10.0,True,Williams,7727.362,2026-09-13 14:14:37.802,1,19.0,False,,False,True
7935.202,SAI,55,105.865,42.0,3.0,,,32.903,37.077,35.885,7862.286,7899.363,7935.248,202.0,228.0,222.0,248.0,False,HARD,11.0,True,Williams,7829.337,2026-09-13 14:16:19.777,1,19.0,False,,False,True
8042.813,SAI,55,107.611,43.0,3.0,,8041.957,31.699,37.559,38.353,7966.947,8004.506,8042.859,194.0,228.0,,266.0,False,HARD,12.0,True,Williams,7935.202,2026-09-13 14:18:05.642,1,19.0,False,,False,False
3599.649,RUS,63,105.584,1.0,1.0,,,,37.47,33.928,,3565.892,3599.767,180.0,221.0,223.0,238.0,False,HARD,1.0,True,Mercedes,3493.809,2026-09-13 13:04:04.249,12,6.0,False,,False,False
3701.332,RUS,63,101.683,2.0,1.0,,,30.353,37.56,33.77,3630.069,3667.629,3701.399,184.0,239.0,218.0,262.0,True,HARD,2.0,True,Mercedes,3599.649,2026-09-13 13:05:50.089,1,6.0,False,,False,True
3801.972,RUS,63,100.64,3.0,1.0,,,30.492,36.803,33.345,3731.891,3768.694,3802.039,210.0,247.0,221.0,282.0,True,HARD,3.0,True,Mercedes,3701.332,2026-09-13 13:07:31.772,1,6.0,False,,False,True
3904.091,RUS,63,102.119,4.0,1.0,,,30.605,37.449,34.065,3832.644,3870.093,3904.158,207.0,225.0,223.0,289.0,False,HARD,4.0,True,Mercedes,3801.972,2026-09-13 13:09:12.412,1,6.0,False,,False,True
4007.098,RUS,63,103.007,5.0,1.0,,,30.915,37.584,34.508,3935.073,3972.657,4007.165,195.0,202.0,213.0,242.0,False,HARD,5.0,True,Mercedes,3904.091,2026-09-13 13:10:54.531,12,5.0,False,,False,True
4107.648,RUS,63,100.55,6.0,1.0,,,30.824,36.315,33.411,4037.989,4074.304,4107.715,212.0,248.0,220.0,288.0,True,HARD,6.0,True,Mercedes,4007.098,2026-09-13 13:12:37.538,1,5.0,False,,False,True
4207.679,RUS,63,100.031,7.0,1.0,,,30.229,36.525,33.277,4137.944,4174.469,4207.746,213.0,248.0,219.0,291.0,True,HARD,7.0,True,Mercedes,4107.648,2026-09-13 13:14:18.088,1,5.0,False,,False,True
4307.797,RUS,63,100.118,8.0,1.0,,,30.196,36.496,33.426,4237.942,4274.438,4307.864,218.0,245.0,220.0,300.0,False,HARD,8.0,True,Mercedes,4207.679,2026-09-13 13:15:58.119,1,5.0,False,,False,True
4407.6,RUS,63,99.803,9.0,1.0,,,30.311,36.362,33.13,4338.175,4374.537,4407.667,216.0,251.0,223.0,293.0,True,HARD,9.0,True,Mercedes,4307.797,2026-09-13 13:17:38.237,1,5.0,False,,False,True
4507.149,RUS,63,99.549,10.0,1.0,,,30.182,36.134,33.233,4437.849,4473.983,4507.216,215.0,250.0,221.0,306.0,True,HARD,10.0,True,Mercedes,4407.6,2026-09-13 13:19:18.040,1,5.0,False,,False,True
4606.531,RUS,63,99.382,11.0,1.0,,,30.084,36.061,33.237,4537.3,4573.361,4606.598,218.0,251.0,223.0,306.0,True,HARD,11.0,True,Mercedes,4507.149,2026-09-13 13:20:57.589,1,5.0,False,,False,True
4706.161,RUS,63,99.63,12.0,1.0,,,30.028,36.197,33.405,4636.626,4672.823,4706.228,215.0,248.0,221.0,303.0,False,HARD,12.0,True,Mercedes,4606.531,2026-09-13 13:22:36.971,1,5.0,False,,False,True
4805.468,RUS,63,99.307,13.0,1.0,,,30.034,36.061,33.212,4736.262,4772.323,4805.535,219.0,252.0,220.0,303.0,True,HARD,13.0,True,Mercedes,4706.161,2026-09-13 13:24:16.601,1,5.0,False,,False,True
4915.435,RUS,63,109.967,14.0,1.0,,4914.512,30.075,36.175,43.717,4835.61,4871.785,4915.502,218.0,238.0,,298.0,False,HARD,14.0,True,Mercedes,4805.468,2026-09-13 13:25:55.908,126,5.0,False,,False,False
5057.875,RUS,63,142.44,15.0,2.0,4945.313,,60.132,50.025,32.283,4975.634,5025.659,5057.942,176.0,238.0,227.0,169.0,False,MEDIUM,1.0,True,Mercedes,4915.435,2026-09-13 13:27:45.875,671,5.0,False,,False,False
5156.253,RUS,63,98.378,16.0,2.0,,,29.601,35.999,32.778,5087.543,5123.542,5156.32,215.0,249.0,223.0,301.0,True,MEDIUM,2.0,True,Mercedes,5057.875,2026-09-13 13:30:08.315,1,4.0,False,,False,True
5254.922,RUS,63,98.669,17.0,2.0,,,30.014,35.802,32.853,5186.334,5222.136,5254.989,216.0,248.0,223.0,305.0,False,MEDIUM,3.0,True,Mercedes,5156.253,2026-09-13 13:31:46.693,1,4.0,False,,False,True
5353.223,RUS,63,98.301,18.0,2.0,,,29.692,35.831,32.778,5284.681,5320.512,5353.29,216.0,254.0,222.0,305.0,True,MEDIUM,4.0,True,Mercedes,5254.922,2026-09-13 13:33:25.362,1,4.0,False,,False,True
5452.17,RUS,63,98.947,19.0,2.0,,,29.771,36.228,32.948,5383.061,5419.289,5452.237,220.0,249.0,224.0,307.0,False,MEDIUM,5.0,True,Mercedes,5353.223,2026-09-13 13:35:03.663,1,4.0,False,,False,True
5551.251,RUS,63,99.081,20.0,2.0,,,29.7,36.133,33.248,5481.937,5518.07,5551.318,220.0,243.0,225.0,307.0,False,MEDIUM,6.0,True,Mercedes,5452.17,2026-09-13 13:36:42.610,1,4.0,False,,False,True
5649.554,RUS,63,98.303,21.0,2.0,,,29.756,35.77,32.777,5581.074,5616.844,5649.621,218.0,252.0,222.0,304.0,False,MEDIUM,7.0,True,Mercedes,5551.251,2026-09-13 13:38:21.691,1,4.0,False,,False,True
5748.47,RUS,63,98.916,22.0,2.0,,,29.854,35.896,33.166,5679.475,5715.371,5748.537,218.0,250.0,218.0,304.0,False,MEDIUM,8.0,True,Mercedes,5649.554,2026-09-13 13:39:59.994,1,4.0,False,,False,True
5846.971,RUS,63,98.501,23.0,2.0,,,29.866,35.647,32.988,5778.403,5814.05,5847.038,221.0,252.0,222.0,303.0,False,MEDIUM,9.0,True,Mercedes,5748.47,2026-09-13 13:41:38.910,1,4.0,False,,False,True
5945.523,RUS,63,98.552,24.0,2.0,,,29.917,35.619,33.016,5876.955,5912.574,5945.59,219.0,251.0,224.0,306.0,False,MEDIUM,10.0,True,Mercedes,5846.971,2026-09-13 13:43:17.411,1,4.0,False,,False,True
6044.922,RUS,63,99.399,25.0,2.0,,,29.988,35.999,33.412,5975.578,6011.577,6044.989,216.0,252.0,222.0,310.0,False,MEDIUM,11.0,True,Mercedes,5945.523,2026-09-13 13:44:55.963,1,4.0,False,,False,True
6144.234,RUS,63,99.312,26.0,2.0,,,29.968,36.07,33.274,6074.957,6111.027,6144.301,217.0,249.0,221.0,305.0,False,MEDIUM,12.0,True,Mercedes,6044.922,2026-09-13 13:46:35.362,1,4.0,False,,False,True
6243.148,RUS,63,98.914,27.0,2.0,,,30.027,35.911,32.976,6174.328,6210.239,6243.215,216.0,251.0,221.0,300.0,False,MEDIUM,13.0,True,Mercedes,6144.234,2026-09-13 13:48:14.674,1,4.0,False,,False,True
6344.585,RUS,63,101.437,28.0,2.0,,6343.653,29.912,35.983,35.542,6273.127,6309.11,6344.652,220.0,248.0,,305.0,False,MEDIUM,14.0,True,Mercedes,6243.148,2026-09-13 13:49:53.588,1,5.0,False,,False,False
6465.463,RUS,63,120.878,29.0,3.0,6374.341,,52.635,35.807,32.436,6397.287,6433.094,6465.53,215.0,248.0,226.0,282.0,False,HARD,1.0,True,Mercedes,6344.585,2026-09-13 13:51:35.025,1,6.0,False,,False,False
6563.367,RUS,63,97.904,30.0,3.0,,,29.557,35.605,32.742,6495.087,6530.692,6563.434,217.0,249.0,226.0,305.0,True,HARD,2.0,True,Mercedes,6465.463,2026-09-13 13:53:35.903,1,6.0,False,,False,True
6661.185,RUS,63,97.818,31.0,3.0,,,29.621,35.73,32.467,6593.055,6628.785,6661.252,219.0,249.0,225.0,304.0,True,HARD,3.0,True,Mercedes,6563.367,2026-09-13 13:55:13.807,1,6.0,False,,False,True
6759.132,RUS,63,97.947,32.0,3.0,,,29.9,35.589,32.458,6691.152,6726.741,6759.199,222.0,252.0,225.0,293.0,False,HARD,4.0,True,Mercedes,6661.185,2026-09-13 13:56:51.625,1,6.0,False,,False,True
6856.85,RUS,63,97.718,33.0,3.0,,,29.663,35.378,32.677,6788.862,6824.24,6856.917,221.0,253.0,224.0,308.0,True,HARD,5.0,True,Mercedes,6759.132,2026-09-13 13:58:29.572,1,6.0,False,,False,True
6954.78,RUS,63,97.93,34.0,3.0,,,29.777,35.227,32.926,6886.694,6921.921,6954.847,219.0,251.0,221.0,296.0,False,HARD,6.0,True,Mercedes,6856.85,2026-09-13 14:00:07.290,1,6.0,False,,False,True
7055.331,RUS,63,100.551,35.0,3.0,,,30.979,36.729,32.843,6985.826,7022.555,7055.398,201.0,251.0,222.0,265.0,False,HARD,7.0,True,Mercedes,6954.78,2026-09-13 14:01:45.220,1,5.0,False,,False,True
7153.326,RUS,63,97.995,36.0,3.0,,,29.794,35.53,32.671,7085.192,7120.722,7153.393,219.0,256.0,223.0,311.0,False,HARD,8.0,True,Mercedes,7055.331,2026-09-13 14:03:25.771,1,5.0,False,,False,True
7251.224,RUS,63,97.898,37.0,3.0,,,29.838,35.596,32.464,7183.231,7218.827,7251.291,221.0,254.0,225.0,308.0,False,HARD,9.0,True,Mercedes,7153.326,2026-09-13 14:05:03.766,1,5.0,False,,False,True
7348.337,RUS,63,97.113,38.0,3.0,,,29.704,35.053,32.356,7280.995,7316.048,7348.404,225.0,255.0,226.0,305.0,True,HARD,10.0,True,Mercedes,7251.224,2026-09-13 14:06:41.664,1,5.0,False,,False,True
7445.194,RUS,63,96.857,39.0,3.0,,,29.441,34.872,32.544,7377.845,7412.717,7445.261,223.0,256.0,223.0,304.0,True,HARD,11.0,True,Mercedes,7348.337,2026-09-13 14:08:18.777,1,5.0,False,,False,True
7542.227,RUS,63,97.033,40.0,3.0,,,29.514,35.044,32.475,7474.775,7509.819,7542.294,225.0,257.0,224.0,304.0,False,HARD,12.0,True,Mercedes,7445.194,2026-09-13 14:09:55.634,1,5.0,False,,False,True
7639.393,RUS,63,97.166,41.0,3.0,,,29.436,35.115,32.615,7571.73,7606.845,7639.46,224.0,257.0,223.0,308.0,False,HARD,13.0,True,Mercedes,7542.227,2026-09-13 14:11:32.667,1,5.0,False,,False,True
7737.756,RUS,63,98.363,42.0,3.0,,,29.732,35.429,33.202,7669.192,7704.621,7737.823,220.0,255.0,222.0,309.0,False,HARD,14.0,True,Mercedes,7639.393,2026-09-13 14:13:09.833,1,5.0,False,,False,True
7834.971,RUS,63,97.215,43.0,3.0,,,29.561,34.955,32.699,7767.384,7802.339,7835.038,224.0,257.0,225.0,314.0,False,HARD,15.0,True,Mercedes,7737.756,2026-09-13 14:14:48.196,1,5.0,False,,False,True
7933.236,RUS,63,98.265,44.0,3.0,,,29.447,35.525,33.293,7864.485,7900.01,7933.303,224.0,239.0,225.0,305.0,False,HARD,16.0,True,Mercedes,7834.971,2026-09-13 14:16:25.411,1,5.0,False,,False,True
8030.345,RUS,63,97.109,45.0,3.0,,,29.555,34.857,32.697,7962.858,7997.715,8030.412,223.0,257.0,225.0,302.0,False,HARD,17.0,True,Mercedes,7933.236,2026-09-13 14:18:03.676,1,5.0,False,,False,True
8126.427,RUS,63,96.082,46.0,3.0,,,29.44,34.553,32.089,8059.852,8094.405,8126.494,223.0,259.0,227.0,303.0,True,HARD,18.0,True,Mercedes,8030.345,2026-09-13 14:19:40.785,1,5.0,False,,False,True
8222.3,RUS,63,95.873,47.0,3.0,,,29.276,34.565,32.032,8155.77,8190.335,8222.367,227.0,258.0,225.0,304.0,True,HARD,19.0,True,Mercedes,8126.427,2026-09-13 14:21:16.867,1,5.0,False,,False,True
8318.058,RUS,63,95.758,48.0,3.0,,,29.267,34.618,31.873,8251.634,8286.252,8318.125,226.0,255.0,226.0,304.0,True,HARD,20.0,True,Mercedes,8222.3,2026-09-13 14:22:52.740,1,5.0,False,,False,True
8413.645,RUS,63,95.587,49.0,3.0,,,29.099,34.497,31.991,8347.224,8381.721,8413.712,227.0,258.0,224.0,308.0,True,HARD,21.0,True,Mercedes,8318.058,2026-09-13 14:24:28.498,1,5.0,False,,False,True
8510.106,RUS,63,96.461,50.0,3.0,,,29.222,34.517,32.722,8442.934,8477.451,8510.173,227.0,258.0,225.0,312.0,False,HARD,22.0,True,Mercedes,8413.645,2026-09-13 14:26:04.085,1,5.0,False,,False,True
8606.21,RUS,63,96.104,51.0,3.0,,,29.243,34.724,32.137,8539.416,8574.14,8606.277,226.0,258.0,224.0,312.0,False,HARD,23.0,True,Mercedes,8510.106,2026-09-13 14:27:40.546,1,5.0,False,,False,True
8702.697,RUS,63,96.487,52.0,3.0,,,29.518,34.678,32.291,8635.795,8670.473,8702.764,225.0,257.0,225.0,311.0,False,HARD,24.0,True,Mercedes,8606.21,2026-09-13 14:29:16.650,1,5.0,False,,False,True
8799.112,RUS,63,96.415,53.0,3.0,,,29.483,34.541,32.391,8732.247,8766.788,8799.179,224.0,257.0,223.0,312.0,False,HARD,25.0,True,Mercedes,8702.697,2026-09-13 14:30:53.137,1,5.0,False,,False,True
8896.014,RUS,63,96.902,54.0,3.0,,,29.427,34.842,32.633,8828.606,8863.448,8896.081,223.0,255.0,222.0,312.0,False,HARD,26.0,True,Mercedes,8799.112,2026-09-13 14:32:29.552,1,5.0,False,,False,True
8992.831,RUS,63,96.817,55.0,3.0,,,29.426,34.859,32.532,8925.507,8960.366,8992.898,222.0,259.0,225.0,311.0,False,HARD,27.0,True,Mercedes,8896.014,2026-09-13 14:34:06.454,1,5.0,False,,False,True
9090.137,RUS,63,97.306,56.0,3.0,,,29.429,35.196,32.681,9022.327,9057.523,9090.204,225.0,255.0,224.0,301.0,False,HARD,28.0,True,Mercedes,8992.831,2026-09-13 14:35:43.271,1,5.0,False,,False,True
9187.648,RUS,63,97.511,57.0,3.0,,,29.466,35.235,32.81,9119.67,9154.905,9187.715,226.0,257.0,224.0,304.0,False,HARD,29.0,True,Mercedes,9090.137,2026-09-13 14:37:20.577,1,5.0,False,,False,True
3609.296,BOT,77,115.231,1.0,1.0,,,,39.314,35.235,,3574.256,3609.385,168.0,228.0,218.0,220.0,False,HARD,1.0,True,Cadillac,3493.809,2026-09-13 13:04:04.249,12,21.0,False,,False,False
3715.816,BOT,77,106.52,2.0,1.0,,,31.75,38.826,35.944,3641.091,3679.917,3715.861,199.0,223.0,215.0,243.0,True,HARD,2.0,True,Cadillac,3609.296,2026-09-13 13:05:59.736,1,22.0,False,,False,True
3820.817,BOT,77,105.001,3.0,1.0,,,31.42,38.2,35.381,3747.281,3785.481,3820.862,207.0,217.0,216.0,256.0,True,HARD,3.0,True,Cadillac,3715.816,2026-09-13 13:07:46.256,1,22.0,False,,False,True
3925.578,BOT,77,104.761,4.0,1.0,,,31.414,38.131,35.216,3852.276,3890.407,3925.623,205.0,221.0,217.0,253.0,True,HARD,4.0,True,Cadillac,3820.817,2026-09-13 13:09:31.257,1,22.0,False,,False,True
4029.801,BOT,77,104.223,5.0,1.0,,,31.48,37.787,34.956,3957.103,3994.89,4029.846,208.0,229.0,217.0,268.0,True,HARD,5.0,True,Cadillac,3925.578,2026-09-13 13:11:16.018,12,22.0,False,,False,True
4134.858,BOT,77,105.057,6.0,1.0,,,31.397,37.805,35.855,4061.243,4099.048,4134.903,195.0,222.0,217.0,269.0,False,HARD,6.0,True,Cadillac,4029.801,2026-09-13 13:13:00.241,1,21.0,False,,False,True
4238.617,BOT,77,103.759,7.0,1.0,,,31.133,37.611,35.015,4166.036,4203.647,4238.662,209.0,226.0,218.0,274.0,True,HARD,7.0,True,Cadillac,4134.858,2026-09-13 13:14:45.298,1,21.0,False,,False,True
4342.46,BOT,77,103.843,8.0,1.0,,,31.386,37.578,34.879,4270.048,4307.626,4342.505,205.0,227.0,216.0,270.0,False,HARD,8.0,True,Cadillac,4238.617,2026-09-13 13:16:29.057,1,21.0,False,,False,True
4446.599,BOT,77,104.139,9.0,1.0,,,31.214,37.708,35.217,4373.719,4411.427,4446.644,206.0,227.0,215.0,277.0,False,HARD,9.0,True,Cadillac,4342.46,2026-09-13 13:18:12.900,1,21.0,False,,False,True
4550.788,BOT,77,104.189,10.0,1.0,,,31.444,37.798,34.947,4478.088,4515.886,4550.833,208.0,226.0,217.0,270.0,False,HARD,10.0,True,Cadillac,4446.599,2026-09-13 13:19:57.039,1,21.0,False,,False,True
4654.515,BOT,77,103.727,11.0,1.0,,,31.454,37.386,34.887,4582.287,4619.673,4654.56,210.0,226.0,215.0,273.0,True,HARD,11.0,True,Cadillac,4550.788,2026-09-13 13:21:41.228,1,21.0,False,,False,True
4758.857,BOT,77,104.342,12.0,1.0,,,31.497,37.591,35.254,4686.057,4723.648,4758.902,207.0,223.0,214.0,270.0,False,HARD,12.0,True,Cadillac,4654.515,2026-09-13 13:23:24.955,1,21.0,False,,False,True
4863.432,BOT,77,104.575,13.0,1.0,,,31.324,37.46,35.791,4790.226,4827.686,4863.477,210.0,227.0,217.0,266.0,False,HARD,13.0,True,Cadillac,4758.857,2026-09-13 13:25:09.297,12,20.0,False,,False,True
4999.442,BOT,77,136.01,14.0,1.0,,,35.238,51.445,49.327,4898.715,4950.16,4999.487,132.0,152.0,147.0,260.0,False,HARD,14.0,True,Cadillac,4863.432,2026-09-13 13:26:53.872,26,20.0,False,,False,False
5112.295,BOT,77,112.853,15.0,1.0,,,40.727,37.218,34.908,5040.214,5077.432,5112.34,211.0,233.0,214.0,244.0,False,HARD,15.0,True,Cadillac,4999.442,2026-09-13 13:29:09.882,671,18.0,False,,False,False
5216.54,BOT,77,104.245,16.0,1.0,,,32.0,37.297,34.948,5144.34,5181.637,5216.585,204.0,222.0,218.0,268.0,False,HARD,16.0,True,Cadillac,5112.295,2026-09-13 13:31:02.735,1,19.0,False,,False,True
5319.732,BOT,77,103.192,17.0,1.0,,,31.108,37.254,34.83,5247.693,5284.947,5319.777,204.0,233.0,217.0,278.0,True,HARD,17.0,True,Cadillac,5216.54,2026-09-13 13:32:46.980,1,19.0,False,,False,True
5422.665,BOT,77,102.933,18.0,1.0,,,31.066,37.259,34.608,5350.843,5388.102,5422.71,208.0,230.0,219.0,271.0,True,HARD,18.0,True,Cadillac,5319.732,2026-09-13 13:34:30.172,1,19.0,False,,False,True
5525.248,BOT,77,102.583,19.0,1.0,,,30.874,37.035,34.674,5453.584,5490.619,5525.293,211.0,227.0,218.0,279.0,True,HARD,19.0,True,Cadillac,5422.665,2026-09-13 13:36:13.105,1,19.0,False,,False,True
5628.068,BOT,77,102.82,20.0,1.0,,,31.203,36.914,34.703,5556.496,5593.41,5628.113,211.0,232.0,219.0,271.0,False,HARD,20.0,True,Cadillac,5525.248,2026-09-13 13:37:55.688,1,19.0,False,,False,True
5730.953,BOT,77,102.885,21.0,1.0,,,31.079,37.113,34.693,5659.192,5696.305,5730.998,208.0,229.0,219.0,269.0,False,HARD,21.0,True,Cadillac,5628.068,2026-09-13 13:39:38.508,1,19.0,False,,False,True
5833.572,BOT,77,102.619,22.0,1.0,,,31.03,36.847,34.742,5762.028,5798.875,5833.617,210.0,234.0,217.0,275.0,False,HARD,22.0,True,Cadillac,5730.953,2026-09-13 13:41:21.393,1,19.0,False,,False,True
5938.696,BOT,77,105.124,23.0,1.0,,,32.027,37.338,35.759,5865.644,5902.982,5938.741,182.0,227.0,219.0,266.0,False,HARD,23.0,True,Cadillac,5833.572,2026-09-13 13:43:04.012,1,19.0,False,,False,True
6047.413,BOT,77,108.717,24.0,1.0,,,31.648,38.948,38.121,5970.389,6009.337,6047.458,203.0,222.0,214.0,263.0,False,HARD,24.0,True,Cadillac,5938.696,2026-09-13 13:44:49.136,1,19.0,False,,False,True
6151.138,BOT,77,103.725,25.0,1.0,,,31.551,37.571,34.603,6079.009,6116.58,6151.183,206.0,232.0,218.0,275.0,False,HARD,25.0,True,Cadillac,6047.413,2026-09-13 13:46:37.853,1,19.0,False,,False,True
6253.805,BOT,77,102.667,26.0,1.0,,,30.97,36.927,34.77,6182.153,6219.08,6253.85,212.0,231.0,218.0,280.0,False,HARD,26.0,True,Cadillac,6151.138,2026-09-13 13:48:21.578,1,19.0,False,,False,True
6356.575,BOT,77,102.77,27.0,1.0,,,31.045,37.109,34.616,6284.895,6322.004,6356.62,210.0,235.0,220.0,277.0,False,HARD,27.0,True,Cadillac,6253.805,2026-09-13 13:50:04.245,1,19.0,False,,False,True
6460.635,BOT,77,104.06,28.0,1.0,,,30.945,36.94,36.175,6387.565,6424.505,6460.68,206.0,231.0,216.0,278.0,False,HARD,28.0,True,Cadillac,6356.575,2026-09-13 13:51:47.015,1,19.0,False,,False,True
6568.684,BOT,77,108.049,29.0,1.0,,6567.733,31.712,37.161,39.176,6492.392,6529.553,6568.729,209.0,235.0,,240.0,False,HARD,29.0,True,Cadillac,6460.635,2026-09-13 13:53:31.075,1,19.0,False,,False,False
6696.22,BOT,77,127.536,30.0,2.0,6599.401,,55.35,38.083,34.103,6624.079,6662.162,6696.265,206.0,230.0,220.0,245.0,False,HARD,1.0,True,Cadillac,6568.684,2026-09-13 13:55:19.124,1,20.0,False,,False,False
6800.008,BOT,77,103.788,31.0,2.0,,,30.81,38.464,34.514,6727.075,6765.539,6800.053,213.0,232.0,222.0,278.0,False,HARD,2.0,True,Cadillac,6696.22,2026-09-13 13:57:26.660,1,20.0,False,,False,True
6901.555,BOT,77,101.547,32.0,2.0,,,30.846,36.691,34.01,6830.899,6867.59,6901.6,211.0,235.0,218.0,283.0,True,HARD,3.0,True,Cadillac,6800.008,2026-09-13 13:59:10.448,1,18.0,False,,False,True
7003.206,BOT,77,101.651,33.0,2.0,,,30.935,36.665,34.051,6932.535,6969.2,7003.251,211.0,231.0,222.0,271.0,False,HARD,4.0,True,Cadillac,6901.555,2026-09-13 14:00:51.995,1,18.0,False,,False,True
7104.482,BOT,77,101.276,34.0,2.0,,,30.797,36.458,34.021,7034.048,7070.506,7104.527,213.0,236.0,220.0,275.0,True,HARD,5.0,True,Cadillac,7003.206,2026-09-13 14:02:33.646,1,18.0,False,,False,True
7205.765,BOT,77,101.283,35.0,2.0,,,30.763,36.311,34.209,7135.29,7171.601,7205.81,212.0,238.0,221.0,278.0,False,HARD,6.0,True,Cadillac,7104.482,2026-09-13 14:04:14.922,1,18.0,False,,False,True
7309.677,BOT,77,103.912,36.0,2.0,,,31.047,36.811,36.054,7236.857,7273.668,7309.722,208.0,235.0,218.0,278.0,False,HARD,7.0,True,Cadillac,7205.765,2026-09-13 14:05:56.205,1,18.0,False,,False,True
7419.47,BOT,77,109.793,37.0,2.0,,,32.745,42.131,34.917,7342.467,7384.598,7419.515,208.0,213.0,218.0,235.0,False,HARD,8.0,True,Cadillac,7309.677,2026-09-13 14:07:40.117,1,18.0,False,,False,True
7521.594,BOT,77,102.124,38.0,2.0,,,30.939,36.743,34.442,7450.454,7487.197,7521.639,215.0,238.0,218.0,276.0,False,HARD,9.0,True,Cadillac,7419.47,2026-09-13 14:09:29.910,1,18.0,False,,False,True
7623.636,BOT,77,102.042,39.0,2.0,,,31.01,36.545,34.487,7552.649,7589.194,7623.681,213.0,232.0,219.0,276.0,False,HARD,10.0,True,Cadillac,7521.594,2026-09-13 14:11:12.034,1,18.0,False,,False,True
7725.945,BOT,77,102.309,40.0,2.0,,,31.06,36.954,34.295,7654.741,7691.695,7725.99,211.0,235.0,220.0,268.0,False,HARD,11.0,True,Cadillac,7623.636,2026-09-13 14:12:54.076,1,18.0,False,,False,True
7828.423,BOT,77,102.478,41.0,2.0,,,31.098,36.912,34.468,7757.088,7794.0,7828.468,213.0,231.0,221.0,278.0,False,HARD,12.0,True,Cadillac,7725.945,2026-09-13 14:14:36.385,1,18.0,False,,False,True
7934.455,BOT,77,106.032,42.0,2.0,,,31.337,38.831,35.864,7859.805,7898.636,7934.5,211.0,227.0,223.0,269.0,False,HARD,13.0,True,Cadillac,7828.423,2026-09-13 14:16:18.863,1,18.0,False,,False,True
8040.586,BOT,77,106.131,43.0,2.0,,8039.645,31.939,37.112,37.08,7966.439,8003.551,8040.631,207.0,241.0,,293.0,False,HARD,14.0,True,Cadillac,7934.455,2026-09-13 14:18:04.895,1,18.0,False,,False,False
8165.016,BOT,77,124.43,44.0,3.0,8071.3,,54.39,36.554,33.486,8095.021,8131.575,8165.061,212.0,237.0,222.0,260.0,False,SOFT,1.0,True,Cadillac,8040.586,2026-09-13 14:19:51.026,1,18.0,False,,False,False
8264.146,BOT,77,99.13,45.0,3.0,,,30.16,35.777,33.193,8195.221,8230.998,8264.191,217.0,244.0,226.0,280.0,True,SOFT,2.0,True,Cadillac,8165.016,2026-09-13 14:21:55.456,1,18.0,False,,False,True
8366.365,BOT,77,102.219,46.0,3.0,,,32.435,36.172,33.612,8296.626,8332.798,8366.41,218.0,242.0,225.0,270.0,False,SOFT,3.0,True,Cadillac,8264.146,2026-09-13 14:23:34.586,1,18.0,False,,False,True
8474.121,BOT,77,107.756,47.0,3.0,,,30.575,38.321,38.86,8396.985,8435.306,8474.166,213.0,234.0,222.0,282.0,False,SOFT,4.0,True,Cadillac,8366.365,2026-09-13 14:25:16.805,1,18.0,False,,False,True
8584.486,BOT,77,110.365,48.0,3.0,,,30.981,44.309,35.075,8505.147,8549.456,8584.531,213.0,194.0,220.0,278.0,False,SOFT,5.0,True,Cadillac,8474.121,2026-09-13 14:27:04.561,1,18.0,False,,False,True
8686.504,BOT,77,102.018,49.0,3.0,,,31.084,36.728,34.206,8615.615,8652.343,8686.549,210.0,238.0,217.0,283.0,False,SOFT,6.0,True,Cadillac,8584.486,2026-09-13 14:28:54.926,1,18.0,False,,False,True
8792.32,BOT,77,105.816,50.0,3.0,,,30.947,40.495,34.374,8717.496,8757.991,8792.365,214.0,237.0,219.0,286.0,False,SOFT,7.0,True,Cadillac,8686.504,2026-09-13 14:30:36.944,1,18.0,False,,False,True
8897.977,BOT,77,105.657,51.0,3.0,,,31.116,37.782,36.759,8823.481,8861.263,8898.022,215.0,232.0,214.0,276.0,False,SOFT,8.0,True,Cadillac,8792.32,2026-09-13 14:32:22.760,1,18.0,False,,False,True
9000.394,BOT,77,102.417,52.0,3.0,,,31.111,36.88,34.426,8929.133,8966.013,9000.439,216.0,231.0,220.0,284.0,False,SOFT,9.0,True,Cadillac,8897.977,2026-09-13 14:34:08.417,1,18.0,False,,False,True
9103.147,BOT,77,102.753,53.0,3.0,,,31.123,37.38,34.25,9031.562,9068.942,9103.192,212.0,241.0,221.0,269.0,False,SOFT,10.0,True,Cadillac,9000.394,2026-09-13 14:35:50.834,1,18.0,False,,False,True
9207.065,BOT,77,103.918,54.0,3.0,,,31.063,37.6,35.255,9134.255,9171.855,9207.11,218.0,226.0,220.0,278.0,False,SOFT,11.0,True,Cadillac,9103.147,2026-09-13 14:37:33.587,1,18.0,False,,False,True
3602.323,PIA,81,108.258,1.0,1.0,,,,37.908,34.54,,3567.96,3602.472,190.0,217.0,217.0,220.0,False,HARD,1.0,True,McLaren,3493.809,2026-09-13 13:04:04.249,12,10.0,False,,False,False
3705.274,PIA,81,102.951,2.0,1.0,,,30.852,37.886,34.213,3633.178,3671.064,3705.277,207.0,230.0,220.0,262.0,True,HARD,2.0,True,McLaren,3602.323,2026-09-13 13:05:52.763,1,10.0,False,,False,True
3807.771,PIA,81,102.497,3.0,1.0,,,30.807,37.673,34.017,3736.084,3773.757,3807.774,215.0,244.0,220.0,278.0,True,HARD,3.0,True,McLaren,3705.274,2026-09-13 13:07:35.714,1,10.0,False,,False,True
3910.193,PIA,81,102.422,4.0,1.0,,,30.68,37.901,33.841,3838.454,3876.355,3910.196,205.0,240.0,221.0,259.0,True,HARD,4.0,True,McLaren,3807.771,2026-09-13 13:09:18.211,1,10.0,False,,False,True
4013.057,PIA,81,102.864,5.0,1.0,,,30.731,37.607,34.526,3940.927,3978.534,4013.06,210.0,236.0,220.0,274.0,False,HARD,5.0,True,McLaren,3910.193,2026-09-13 13:11:00.633,12,9.0,False,,False,True
4115.811,PIA,81,102.754,6.0,1.0,,,30.861,37.619,34.274,4043.921,4081.54,4115.814,209.0,241.0,219.0,265.0,False,HARD,6.0,True,McLaren,4013.057,2026-09-13 13:12:43.497,1,9.0,False,,False,True
4217.805,PIA,81,101.994,7.0,1.0,,,31.152,37.162,33.68,4146.966,4184.128,4217.808,217.0,243.0,220.0,248.0,True,HARD,7.0,True,McLaren,4115.811,2026-09-13 13:14:26.251,1,9.0,False,,False,True
4319.763,PIA,81,101.958,8.0,1.0,,,30.818,37.488,33.652,4248.626,4286.114,4319.766,212.0,244.0,220.0,261.0,True,HARD,8.0,True,McLaren,4217.805,2026-09-13 13:16:08.245,1,9.0,False,,False,True
4421.573,PIA,81,101.81,9.0,1.0,,,30.596,37.282,33.932,4350.362,4387.644,4421.576,212.0,237.0,219.0,272.0,True,HARD,9.0,True,McLaren,4319.763,2026-09-13 13:17:50.203,1,9.0,False,,False,True
4524.618,PIA,81,103.045,10.0,1.0,,,31.082,37.71,34.253,4452.658,4490.368,4524.621,206.0,232.0,221.0,273.0,False,HARD,10.0,True,McLaren,4421.573,2026-09-13 13:19:32.013,1,9.0,False,,False,True
4627.142,PIA,81,102.524,11.0,1.0,,,30.926,37.479,34.119,4555.547,4593.026,4627.145,213.0,237.0,220.0,281.0,False,HARD,11.0,True,McLaren,4524.618,2026-09-13 13:21:15.058,1,9.0,False,,False,True
4729.844,PIA,81,102.702,12.0,1.0,,,30.776,37.576,34.35,4657.921,4695.497,4729.847,208.0,234.0,219.0,254.0,False,HARD,12.0,True,McLaren,4627.142,2026-09-13 13:22:57.582,1,9.0,False,,False,True
4832.334,PIA,81,102.49,13.0,1.0,,,30.866,37.488,34.136,4760.713,4798.201,4832.337,210.0,238.0,221.0,271.0,False,HARD,13.0,True,McLaren,4729.844,2026-09-13 13:24:40.284,1,9.0,False,,False,True
4956.567,PIA,81,124.233,14.0,1.0,,,30.76,45.154,48.319,4863.097,4908.251,4956.57,210.0,207.0,117.0,250.0,False,HARD,14.0,True,McLaren,4832.334,2026-09-13 13:26:22.774,126,9.0,False,,False,False
5078.485,PIA,81,121.918,15.0,1.0,,,48.746,39.701,33.471,5005.316,5045.017,5078.488,192.0,232.0,223.0,128.0,False,HARD,15.0,True,McLaren,4956.567,2026-09-13 13:28:27.007,671,7.0,False,,False,False
5178.552,PIA,81,100.067,16.0,1.0,,,30.621,36.115,33.331,5109.109,5145.224,5178.555,219.0,248.0,214.0,270.0,True,HARD,16.0,True,McLaren,5078.485,2026-09-13 13:30:28.925,1,7.0,False,,False,True
5278.511,PIA,81,99.959,17.0,1.0,,,30.728,36.367,32.864,5209.283,5245.65,5278.514,215.0,249.0,223.0,285.0,True,HARD,17.0,True,McLaren,5178.552,2026-09-13 13:32:08.992,1,7.0,False,,False,True
5377.69,PIA,81,99.179,18.0,1.0,,,30.343,36.006,32.83,5308.857,5344.863,5377.693,219.0,253.0,223.0,290.0,True,HARD,18.0,True,McLaren,5278.511,2026-09-13 13:33:48.951,1,7.0,False,,False,True
5477.018,PIA,81,99.328,19.0,1.0,,,30.318,35.883,33.127,5408.011,5443.894,5477.021,216.0,249.0,221.0,293.0,False,HARD,19.0,True,McLaren,5377.69,2026-09-13 13:35:28.130,1,7.0,False,,False,True
5576.401,PIA,81,99.383,20.0,1.0,,,30.434,35.876,33.073,5507.455,5543.331,5576.404,219.0,248.0,224.0,291.0,False,HARD,20.0,True,McLaren,5477.018,2026-09-13 13:37:07.458,1,7.0,False,,False,True
5675.548,PIA,81,99.147,21.0,1.0,,,30.412,35.883,32.852,5606.816,5642.699,5675.551,218.0,249.0,223.0,285.0,True,HARD,21.0,True,McLaren,5576.401,2026-09-13 13:38:46.841,1,7.0,False,,False,True
5774.662,PIA,81,99.114,22.0,1.0,,,30.263,35.911,32.94,5705.814,5741.725,5774.665,221.0,249.0,222.0,283.0,True,HARD,22.0,True,McLaren,5675.548,2026-09-13 13:40:25.988,1,7.0,False,,False,True
5873.188,PIA,81,98.526,23.0,1.0,,,30.054,35.607,32.865,5804.719,5840.326,5873.191,221.0,252.0,225.0,294.0,True,HARD,23.0,True,McLaren,5774.662,2026-09-13 13:42:05.102,1,7.0,False,,False,True
5971.875,PIA,81,98.687,24.0,1.0,,,30.155,35.606,32.926,5903.346,5938.952,5971.878,222.0,253.0,222.0,297.0,False,HARD,24.0,True,McLaren,5873.188,2026-09-13 13:43:43.628,1,7.0,False,,False,True
6070.554,PIA,81,98.679,25.0,1.0,,,30.049,35.715,32.915,6001.927,6037.642,6070.557,222.0,253.0,223.0,297.0,False,HARD,25.0,True,McLaren,5971.875,2026-09-13 13:45:22.315,1,7.0,False,,False,True
6169.949,PIA,81,99.395,26.0,1.0,,,30.31,35.965,33.12,6100.867,6136.832,6169.952,221.0,250.0,221.0,290.0,False,HARD,26.0,True,McLaren,6070.554,2026-09-13 13:47:00.994,1,7.0,False,,False,True
6268.797,PIA,81,98.848,27.0,1.0,,,30.315,35.579,32.954,6200.267,6235.846,6268.8,222.0,255.0,221.0,292.0,False,HARD,27.0,True,McLaren,6169.949,2026-09-13 13:48:40.389,1,7.0,False,,False,True
6367.977,PIA,81,99.18,28.0,1.0,,,30.062,35.724,33.394,6298.862,6334.586,6367.98,224.0,251.0,225.0,298.0,False,HARD,28.0,True,McLaren,6268.797,2026-09-13 13:50:19.237,1,7.0,False,,False,True
6467.031,PIA,81,99.054,29.0,1.0,,,29.994,35.851,33.209,6397.974,6433.825,6467.034,213.0,253.0,222.0,297.0,False,HARD,29.0,True,McLaren,6367.977,2026-09-13 13:51:58.417,1,7.0,False,,False,True
6566.064,PIA,81,99.033,30.0,1.0,,,30.03,35.76,33.243,6497.064,6532.824,6566.067,220.0,248.0,223.0,289.0,False,HARD,30.0,True,McLaren,6467.031,2026-09-13 13:53:37.471,1,7.0,False,,False,True
6664.252,PIA,81,98.188,31.0,1.0,,,29.757,35.488,32.943,6595.824,6631.312,6664.255,220.0,255.0,220.0,301.0,True,HARD,31.0,True,McLaren,6566.064,2026-09-13 13:55:16.504,1,7.0,False,,False,True
6763.515,PIA,81,99.263,32.0,1.0,,,29.998,35.56,33.705,6694.253,6729.813,6763.518,219.0,252.0,223.0,297.0,False,HARD,32.0,True,McLaren,6664.252,2026-09-13 13:56:54.692,1,7.0,False,,False,True
6861.529,PIA,81,98.014,33.0,1.0,,,29.923,35.264,32.827,6793.441,6828.705,6861.532,222.0,255.0,222.0,296.0,True,HARD,33.0,True,McLaren,6763.515,2026-09-13 13:58:33.955,1,7.0,False,,False,True
6959.494,PIA,81,97.965,34.0,1.0,,,29.896,35.232,32.837,6891.428,6926.66,6959.497,225.0,252.0,220.0,296.0,True,HARD,34.0,True,McLaren,6861.529,2026-09-13 14:00:11.969,1,7.0,False,,False,True
7057.818,PIA,81,98.324,35.0,1.0,,,29.924,35.361,33.039,6989.421,7024.782,7057.821,223.0,259.0,221.0,297.0,False,HARD,35.0,True,McLaren,6959.494,2026-09-13 14:01:49.934,1,7.0,True,TRACK LIMITS AT TURN 19 LAP 35 ,False,True
7156.677,PIA,81,98.859,36.0,1.0,,,30.042,35.68,33.137,7087.863,7123.543,7156.68,217.0,252.0,224.0,295.0,False,HARD,36.0,True,McLaren,7057.818,2026-09-13 14:03:28.258,1,7.0,False,,False,True
7255.509,PIA,81,98.832,37.0,1.0,,,30.001,35.635,33.196,7186.681,7222.316,7255.512,214.0,255.0,222.0,296.0,False,HARD,37.0,True,McLaren,7156.677,2026-09-13 14:05:07.117,1,7.0,False,,False,True
7354.145,PIA,81,98.636,38.0,1.0,,,30.147,35.487,33.002,7285.659,7321.146,7354.148,215.0,254.0,224.0,288.0,False,HARD,38.0,True,McLaren,7255.509,2026-09-13 14:06:45.949,1,7.0,False,,False,True
7452.995,PIA,81,98.85,39.0,1.0,,,29.984,35.622,33.244,7384.132,7419.754,7452.998,211.0,252.0,222.0,298.0,False,HARD,39.0,True,McLaren,7354.145,2026-09-13 14:08:24.585,1,7.0,False,,False,True
7551.56,PIA,81,98.565,40.0,1.0,,,29.952,35.436,33.177,7482.95,7518.386,7551.563,217.0,256.0,223.0,290.0,False,HARD,40.0,True,McLaren,7452.995,2026-09-13 14:10:03.435,1,7.0,False,,False,True
7650.327,PIA,81,98.767,41.0,1.0,,,30.192,35.455,33.12,7581.755,7617.21,7650.33,215.0,257.0,223.0,297.0,False,HARD,41.0,True,McLaren,7551.56,2026-09-13 14:11:42.000,1,7.0,False,,False,True
7752.521,PIA,81,102.194,42.0,1.0,,7751.608,29.856,35.598,36.74,7680.186,7715.784,7752.524,214.0,258.0,,302.0,False,HARD,42.0,True,McLaren,7650.327,2026-09-13 14:13:20.767,1,7.0,False,,False,False
7874.31,PIA,81,121.789,43.0,2.0,7782.994,,54.498,35.053,32.238,7807.022,7842.075,7874.313,206.0,257.0,227.0,255.0,False,MEDIUM,1.0,True,McLaren,7752.521,2026-09-13 14:15:02.961,1,11.0,False,,False,False
7972.951,PIA,81,98.641,44.0,2.0,,,29.984,35.319,33.338,7904.297,7939.616,7972.954,211.0,243.0,224.0,273.0,False,MEDIUM,2.0,True,McLaren,7874.31,2026-09-13 14:17:04.750,1,10.0,False,,False,True
8073.505,PIA,81,100.554,45.0,2.0,,,30.856,36.252,33.446,8003.81,8040.062,8073.508,210.0,242.0,225.0,274.0,False,MEDIUM,3.0,True,McLaren,7972.951,2026-09-13 14:18:43.391,1,10.0,True,TRACK LIMITS AT TURN 19 LAP 45 ,False,True
8172.983,PIA,81,99.478,46.0,2.0,,,30.463,35.6,33.415,8103.971,8139.571,8172.986,207.0,251.0,225.0,302.0,False,MEDIUM,4.0,True,McLaren,8073.505,2026-09-13 14:20:23.945,1,10.0,True,TRACK LIMITS AT TURN 5 LAP 46 ,False,True
8273.571,PIA,81,100.588,47.0,2.0,,,30.396,36.684,33.508,8203.382,8240.066,8273.574,199.0,237.0,225.0,276.0,False,MEDIUM,5.0,True,McLaren,8172.983,2026-09-13 14:22:03.423,1,9.0,False,,False,True
8370.797,PIA,81,97.226,48.0,2.0,,,29.811,34.724,32.691,8303.385,8338.109,8370.8,218.0,254.0,224.0,292.0,True,MEDIUM,6.0,True,McLaren,8273.571,2026-09-13 14:23:44.011,1,9.0,False,,False,True
8468.856,PIA,81,98.059,49.0,2.0,,,29.964,34.867,33.228,8400.764,8435.631,8468.859,217.0,253.0,225.0,294.0,False,MEDIUM,7.0,True,McLaren,8370.797,2026-09-13 14:25:21.237,1,9.0,False,,False,True
8567.043,PIA,81,98.187,50.0,2.0,,,30.283,35.17,32.734,8499.142,8534.312,8567.046,217.0,250.0,224.0,294.0,False,MEDIUM,8.0,True,McLaren,8468.856,2026-09-13 14:26:59.296,1,9.0,False,,False,True
8664.331,PIA,81,97.288,51.0,2.0,,,29.807,34.868,32.613,8596.853,8631.721,8664.334,220.0,251.0,224.0,296.0,False,MEDIUM,9.0,True,McLaren,8567.043,2026-09-13 14:28:37.483,1,9.0,False,,False,True
8761.853,PIA,81,97.522,52.0,2.0,,,29.878,34.847,32.797,8694.212,8729.059,8761.856,220.0,251.0,225.0,294.0,False,MEDIUM,10.0,True,McLaren,8664.331,2026-09-13 14:30:14.771,1,9.0,False,,False,True
8859.51,PIA,81,97.657,53.0,2.0,,,30.084,34.89,32.683,8791.94,8826.83,8859.513,216.0,259.0,224.0,296.0,False,MEDIUM,11.0,True,McLaren,8761.853,2026-09-13 14:31:52.293,1,9.0,False,,False,True
8957.089,PIA,81,97.579,54.0,2.0,,,29.94,34.84,32.799,8889.453,8924.293,8957.092,222.0,253.0,221.0,295.0,False,MEDIUM,12.0,True,McLaren,8859.51,2026-09-13 14:33:29.950,1,9.0,False,,False,True
9056.073,PIA,81,98.984,55.0,2.0,,,30.252,35.273,33.459,8987.344,9022.617,9056.076,212.0,253.0,222.0,295.0,False,MEDIUM,13.0,True,McLaren,8957.089,2026-09-13 14:35:07.529,1,8.0,False,,False,True
9154.787,PIA,81,98.714,56.0,2.0,,,30.228,35.457,33.029,9086.304,9121.761,9154.79,211.0,252.0,223.0,276.0,False,MEDIUM,14.0,True,McLaren,9056.073,2026-09-13 14:36:46.513,1,8.0,False,,False,True
9253.658,PIA,81,98.871,57.0,2.0,,,30.215,35.277,33.379,9185.005,9220.282,9253.661,217.0,248.0,221.0,292.0,False,MEDIUM,15.0,True,McLaren,9154.787,2026-09-13 14:38:25.227,1,8.0,False,,False,True
3610.878,BEA,87,116.813,1.0,1.0,3515.01,,,37.389,33.916,,3577.053,3611.041,204.0,240.0,217.0,252.0,False,HARD,1.0,True,Haas F1 Team,3493.809,2026-09-13 13:04:04.249,12,22.0,False,,False,False
3714.893,BEA,87,104.015,2.0,1.0,,,30.932,38.339,34.744,3641.835,3680.174,3714.918,201.0,211.0,217.0,247.0,True,HARD,2.0,True,Haas F1 Team,3610.878,2026-09-13 13:06:01.318,1,21.0,False,,False,True
3818.672,BEA,87,103.779,3.0,1.0,,,30.775,38.21,34.794,3745.693,3783.903,3818.697,200.0,218.0,220.0,266.0,True,HARD,3.0,True,Haas F1 Team,3714.893,2026-09-13 13:07:45.333,1,21.0,False,,False,True
3923.168,BEA,87,104.496,4.0,1.0,,,31.395,38.568,34.533,3850.092,3888.66,3923.193,190.0,226.0,220.0,251.0,False,HARD,4.0,True,Haas F1 Team,3818.672,2026-09-13 13:09:29.112,1,21.0,False,,False,True
4027.442,BEA,87,104.274,5.0,1.0,,,31.04,38.288,34.946,3954.233,3992.521,4027.467,198.0,212.0,215.0,248.0,False,HARD,5.0,True,Haas F1 Team,3923.168,2026-09-13 13:11:13.608,12,21.0,False,,False,True
4132.1,BEA,87,104.658,6.0,1.0,,,31.771,37.947,34.94,4059.238,4097.185,4132.125,200.0,219.0,218.0,250.0,False,HARD,6.0,True,Haas F1 Team,4027.442,2026-09-13 13:12:57.882,1,20.0,False,,False,True
4235.868,BEA,87,103.768,7.0,1.0,,,31.085,38.13,34.553,4163.21,4201.34,4235.893,202.0,240.0,220.0,255.0,True,HARD,7.0,True,Haas F1 Team,4132.1,2026-09-13 13:14:42.540,1,20.0,False,,False,True
4338.843,BEA,87,102.975,8.0,1.0,,,31.175,37.649,34.151,4267.068,4304.717,4338.868,201.0,239.0,219.0,264.0,True,HARD,8.0,True,Haas F1 Team,4235.868,2026-09-13 13:16:26.308,1,19.0,False,,False,True
4442.339,BEA,87,103.496,9.0,1.0,,,31.079,37.68,34.737,4369.947,4407.627,4442.364,208.0,240.0,217.0,255.0,False,HARD,9.0,True,Haas F1 Team,4338.843,2026-09-13 13:18:09.283,1,19.0,False,,False,True
4545.648,BEA,87,103.309,10.0,1.0,,,31.101,37.645,34.563,4473.465,4511.11,4545.673,203.0,237.0,221.0,261.0,False,HARD,10.0,True,Haas F1 Team,4442.339,2026-09-13 13:19:52.779,1,19.0,False,,False,True
4649.55,BEA,87,103.902,11.0,1.0,,,31.198,37.702,35.002,4576.871,4614.573,4649.575,205.0,225.0,217.0,260.0,False,HARD,11.0,True,Haas F1 Team,4545.648,2026-09-13 13:21:36.088,1,19.0,False,,False,True
4753.765,BEA,87,104.215,12.0,1.0,,,31.306,38.25,34.659,4680.881,4719.131,4753.79,194.0,235.0,218.0,273.0,False,HARD,12.0,True,Haas F1 Team,4649.55,2026-09-13 13:23:19.990,1,19.0,False,,False,True
4856.888,BEA,87,103.123,13.0,1.0,,,31.075,37.548,34.5,4784.865,4822.413,4856.913,206.0,239.0,220.0,245.0,False,HARD,13.0,True,Haas F1 Team,4753.765,2026-09-13 13:25:04.205,12,19.0,False,,False,True
4990.037,BEA,87,133.149,14.0,1.0,,,31.055,52.455,49.639,4887.968,4940.423,4990.062,198.0,183.0,124.0,246.0,False,HARD,14.0,True,Haas F1 Team,4856.888,2026-09-13 13:26:47.328,26,19.0,False,,False,False
5103.273,BEA,87,113.236,15.0,1.0,,,41.999,37.284,33.953,5032.061,5069.345,5103.298,197.0,240.0,219.0,196.0,False,HARD,15.0,True,Haas F1 Team,4990.037,2026-09-13 13:29:00.477,671,16.0,False,,False,False
5205.054,BEA,87,101.781,16.0,1.0,,,30.527,37.063,34.191,5133.825,5170.888,5205.079,212.0,235.0,221.0,263.0,True,HARD,16.0,True,Haas F1 Team,5103.273,2026-09-13 13:30:53.713,1,16.0,False,,False,True
5307.25,BEA,87,102.196,17.0,1.0,,,30.687,37.233,34.276,5235.766,5272.999,5307.275,212.0,236.0,220.0,263.0,False,HARD,17.0,True,Haas F1 Team,5205.054,2026-09-13 13:32:35.494,1,16.0,False,,False,True
5409.389,BEA,87,102.139,18.0,1.0,,,30.774,37.272,34.093,5338.049,5375.321,5409.414,202.0,235.0,220.0,284.0,False,HARD,18.0,True,Haas F1 Team,5307.25,2026-09-13 13:34:17.690,1,16.0,False,,False,True
5511.185,BEA,87,101.796,19.0,1.0,,,30.554,37.095,34.147,5439.968,5477.063,5511.21,207.0,238.0,221.0,270.0,False,HARD,19.0,True,Haas F1 Team,5409.389,2026-09-13 13:35:59.829,1,16.0,False,,False,True
5612.845,BEA,87,101.66,20.0,1.0,,,30.554,37.158,33.948,,5578.922,5612.87,209.0,240.0,221.0,269.0,True,HARD,20.0,True,Haas F1 Team,5511.185,2026-09-13 13:37:41.625,1,16.0,False,,False,True
5714.539,BEA,87,101.694,21.0,1.0,,,30.589,37.037,34.068,5643.459,5680.496,5714.564,204.0,234.0,221.0,262.0,False,HARD,21.0,True,Haas F1 Team,5612.845,2026-09-13 13:39:23.285,1,16.0,False,,False,True
5816.58,BEA,87,102.041,22.0,1.0,,,30.546,37.231,34.264,5745.11,5782.341,5816.605,202.0,235.0,221.0,270.0,False,HARD,22.0,True,Haas F1 Team,5714.539,2026-09-13 13:41:04.979,1,16.0,False,,False,True
5918.516,BEA,87,101.936,23.0,1.0,,,30.72,37.185,34.031,5847.325,5884.51,5918.541,204.0,235.0,223.0,264.0,False,HARD,23.0,True,Haas F1 Team,5816.58,2026-09-13 13:42:47.020,1,15.0,False,,False,True
6018.631,BEA,87,100.115,24.0,1.0,,,30.306,36.491,33.318,5948.847,5985.338,6018.656,216.0,242.0,221.0,282.0,True,HARD,24.0,True,Haas F1 Team,5918.516,2026-09-13 13:44:28.956,1,15.0,False,,False,True
6118.788,BEA,87,100.157,25.0,1.0,,,30.21,36.572,33.375,6048.866,6085.438,6118.813,216.0,242.0,221.0,299.0,False,HARD,25.0,True,Haas F1 Team,6018.631,2026-09-13 13:46:09.071,1,15.0,False,,False,True
6218.537,BEA,87,99.749,26.0,1.0,,,30.243,36.274,33.232,6149.056,6185.33,6218.562,220.0,242.0,221.0,282.0,True,HARD,26.0,True,Haas F1 Team,6118.788,2026-09-13 13:47:49.228,1,15.0,False,,False,True
6318.288,BEA,87,99.751,27.0,1.0,,,30.281,36.199,33.271,6248.843,6285.042,6318.313,217.0,242.0,222.0,289.0,False,HARD,27.0,True,Haas F1 Team,6218.537,2026-09-13 13:49:28.977,1,15.0,False,,False,True
6418.205,BEA,87,99.917,28.0,1.0,,,30.198,36.232,33.487,6348.511,6384.743,6418.23,217.0,243.0,221.0,290.0,False,HARD,28.0,True,Haas F1 Team,6318.288,2026-09-13 13:51:08.728,1,15.0,False,,False,True
6517.403,BEA,87,99.198,29.0,1.0,,,29.977,36.006,33.215,6448.207,6484.213,6517.428,220.0,243.0,224.0,296.0,True,HARD,29.0,True,Haas F1 Team,6418.205,2026-09-13 13:52:48.645,1,15.0,False,,False,True
6616.608,BEA,87,99.205,30.0,1.0,,,30.171,35.903,33.131,6547.599,6583.502,6616.633,219.0,243.0,220.0,297.0,False,HARD,30.0,True,Haas F1 Team,6517.403,2026-09-13 13:54:27.843,1,15.0,False,,False,True
6715.929,BEA,87,99.321,31.0,1.0,,,30.09,35.965,33.266,6646.723,6682.688,6715.954,222.0,243.0,222.0,296.0,False,HARD,31.0,True,Haas F1 Team,6616.608,2026-09-13 13:56:07.048,1,15.0,False,,False,True
6815.164,BEA,87,99.235,32.0,1.0,,,30.139,35.939,33.157,6746.093,6782.032,6815.189,221.0,244.0,222.0,295.0,False,HARD,32.0,True,Haas F1 Team,6715.929,2026-09-13 13:57:46.369,1,15.0,False,,False,True
6916.875,BEA,87,101.711,33.0,1.0,,6915.871,30.061,35.893,35.757,6845.25,6881.143,6916.9,221.0,242.0,,295.0,False,HARD,33.0,True,Haas F1 Team,6815.164,2026-09-13 13:59:25.604,1,15.0,False,,False,False
7041.855,BEA,87,124.98,34.0,2.0,6949.247,,55.75,36.359,32.871,6972.65,7009.009,7041.88,215.0,238.0,222.0,257.0,False,MEDIUM,1.0,True,Haas F1 Team,6916.875,2026-09-13 14:01:07.315,1,16.0,False,,False,False
7140.802,BEA,87,98.947,35.0,2.0,,,30.012,35.981,32.954,7071.892,7107.873,7140.827,221.0,243.0,220.0,294.0,True,MEDIUM,2.0,True,Haas F1 Team,7041.855,2026-09-13 14:03:12.295,1,16.0,False,,False,True
7239.753,BEA,87,98.951,36.0,2.0,,,30.049,35.944,32.958,7170.876,7206.82,7239.778,221.0,242.0,224.0,300.0,False,MEDIUM,3.0,True,Haas F1 Team,7140.802,2026-09-13 14:04:51.242,1,16.0,False,,False,True
7338.811,BEA,87,99.058,37.0,2.0,,,29.976,36.013,33.069,7269.754,7305.767,7338.836,221.0,244.0,222.0,298.0,False,MEDIUM,4.0,True,Haas F1 Team,7239.753,2026-09-13 14:06:30.193,1,16.0,False,,False,True
7438.21,BEA,87,99.399,38.0,2.0,,,29.948,36.048,33.403,7368.784,7404.832,7438.235,221.0,244.0,220.0,293.0,False,MEDIUM,5.0,True,Haas F1 Team,7338.811,2026-09-13 14:08:09.251,1,16.0,False,,False,True
7537.707,BEA,87,99.497,39.0,2.0,,,29.983,36.032,33.482,7468.218,7504.25,7537.732,217.0,245.0,222.0,302.0,False,MEDIUM,6.0,True,Haas F1 Team,7438.21,2026-09-13 14:09:48.650,1,16.0,False,,False,True
7637.66,BEA,87,99.953,40.0,2.0,,,30.188,36.115,33.65,7567.92,7604.035,7637.685,219.0,244.0,224.0,309.0,False,MEDIUM,7.0,True,Haas F1 Team,7537.707,2026-09-13 14:11:28.147,1,16.0,False,,False,True
7739.489,BEA,87,101.829,41.0,2.0,,,30.008,38.11,33.711,7667.693,7705.803,7739.514,212.0,243.0,220.0,294.0,False,MEDIUM,8.0,True,Haas F1 Team,7637.66,2026-09-13 14:13:08.100,1,16.0,False,,False,True
7839.683,BEA,87,100.194,42.0,2.0,,,30.207,36.262,33.725,7769.721,7805.983,7839.708,216.0,244.0,222.0,287.0,False,MEDIUM,9.0,True,Haas F1 Team,7739.489,2026-09-13 14:14:49.929,1,16.0,False,,False,True
7942.034,BEA,87,102.351,43.0,2.0,,7941.064,29.895,36.282,36.174,7869.603,7905.885,7942.059,217.0,243.0,,294.0,False,MEDIUM,10.0,True,Haas F1 Team,7839.683,2026-09-13 14:16:30.123,1,16.0,False,,False,False
8063.524,BEA,87,121.49,44.0,3.0,7972.636,,53.457,35.507,32.526,7995.516,8031.023,8063.549,217.0,246.0,226.0,272.0,False,HARD,1.0,True,Haas F1 Team,7942.034,2026-09-13 14:18:12.474,1,16.0,False,,False,False
8160.832,BEA,87,97.308,45.0,3.0,,,29.608,35.176,32.524,8093.157,8128.333,8160.857,222.0,247.0,226.0,300.0,True,HARD,2.0,True,Haas F1 Team,8063.524,2026-09-13 14:20:13.964,1,16.0,False,,False,True
8258.499,BEA,87,97.667,46.0,3.0,,,29.669,35.257,32.741,8190.526,8225.783,8258.524,222.0,246.0,226.0,301.0,False,HARD,3.0,True,Haas F1 Team,8160.832,2026-09-13 14:21:51.272,1,16.0,False,,False,True
8356.426,BEA,87,97.927,47.0,3.0,,,29.602,35.291,33.034,8288.126,8323.417,8356.451,222.0,246.0,224.0,302.0,False,HARD,4.0,True,Haas F1 Team,8258.499,2026-09-13 14:23:28.939,1,16.0,False,,False,True
8454.565,BEA,87,98.139,48.0,3.0,,,29.81,35.484,32.845,8386.261,8421.745,8454.59,217.0,244.0,226.0,297.0,False,HARD,5.0,True,Haas F1 Team,8356.426,2026-09-13 14:25:06.866,1,16.0,False,,False,True
8553.2,BEA,87,98.635,49.0,3.0,,,29.77,35.771,33.094,8484.36,8520.131,8553.225,217.0,245.0,227.0,298.0,False,HARD,6.0,True,Haas F1 Team,8454.565,2026-09-13 14:26:45.005,1,16.0,False,,False,True
8652.641,BEA,87,99.441,50.0,3.0,,,30.219,36.148,33.074,8583.444,8619.592,8652.666,214.0,246.0,225.0,271.0,False,HARD,7.0,True,Haas F1 Team,8553.2,2026-09-13 14:28:23.640,1,16.0,False,,False,True
8753.72,BEA,87,101.079,51.0,3.0,,,30.055,36.065,34.959,8682.721,8718.786,8753.745,214.0,242.0,222.0,279.0,False,HARD,8.0,True,Haas F1 Team,8652.641,2026-09-13 14:30:03.081,1,16.0,False,,False,True
8852.944,BEA,87,99.224,52.0,3.0,,,30.006,35.892,33.326,8783.751,8819.643,8852.969,217.0,245.0,222.0,280.0,False,HARD,9.0,True,Haas F1 Team,8753.72,2026-09-13 14:31:44.160,1,16.0,False,,False,True
8953.423,BEA,87,100.479,53.0,3.0,,,30.435,36.235,33.809,8883.404,8919.639,8953.448,207.0,244.0,226.0,295.0,False,HARD,10.0,True,Haas F1 Team,8852.944,2026-09-13 14:33:23.384,1,16.0,False,,False,True
9051.586,BEA,87,98.163,54.0,3.0,,,29.941,35.462,32.76,8983.389,9018.851,9051.611,224.0,246.0,223.0,295.0,False,HARD,11.0,True,Haas F1 Team,8953.423,2026-09-13 14:35:03.863,1,16.0,False,,False,True
9150.471,BEA,87,98.885,55.0,3.0,,,29.837,35.689,33.359,9081.448,9117.137,9150.496,220.0,245.0,225.0,304.0,False,HARD,12.0,True,Haas F1 Team,9051.586,2026-09-13 14:36:42.026,1,16.0,False,,False,True
9247.782,BEA,87,97.311,56.0,3.0,,,29.594,35.045,32.672,9180.09,9215.135,9247.807,226.0,246.0,222.0,307.0,False,HARD,13.0,True,Haas F1 Team,9150.471,2026-09-13 14:38:20.911,1,16.0,False,,False,True
