Time,Driver,DriverNumber,LapTime,LapNumber,Stint,PitOutTime,PitInTime,Sector1Time,Sector2Time,Sector3Time,Sector1SessionTime,Sector2SessionTime,Sector3SessionTime,SpeedI1,SpeedI2,SpeedFL,SpeedST,IsPersonalBest,Compound,TyreLife,FreshTyre,Team,LapStartTime,LapStartDate,TrackStatus,Position,Deleted,DeletedReason,FastF1Generated,IsAccurate
3488.742,NOR,1,84.177,1.0,1.0,,,,27.056,25.56,,3464.833,3490.361,290.0,280.0,308.0,208.0,False,MEDIUM,1.0,True,McLaren,3405.791,2026-08-23 13:03:28.568,1,1.0,False,,False,False
3611.939,NOR,1,123.197,2.0,1.0,,3610.95,26.899,40.058,56.24,3517.26,3557.318,3613.558,271.0,163.0,,269.0,False,MEDIUM,2.0,True,McLaren,3488.742,2026-08-23 13:04:51.519,125,1.0,False,,False,False
5313.657,NOR,1,,3.0,2.0,5182.39,,,35.231,61.496,,5253.798,5315.276,267.0,199.0,82.0,269.0,False,SOFT,4.0,False,McLaren,5177.312,2026-08-23 13:33:00.089,1,1.0,False,,False,False
5512.188,NOR,1,,4.0,2.0,,,,28.34,58.131,,5455.7,5513.916,246.0,176.0,52.0,112.0,False,SOFT,5.0,False,McLaren,5313.657,2026-08-23 13:35:16.434,12,1.0,False,,False,False
5658.122,NOR,1,145.934,5.0,2.0,,,95.385,27.429,23.12,5609.192,5636.621,5659.741,266.0,269.0,311.0,212.0,True,SOFT,6.0,False,McLaren,5512.188,2026-08-23 13:38:34.965,12,2.0,False,,False,True
5734.989,NOR,1,76.867,6.0,2.0,,,26.295,27.442,23.13,5686.036,5713.478,5736.608,277.0,276.0,314.0,301.0,True,SOFT,7.0,False,McLaren,5658.122,2026-08-23 13:41:00.899,1,2.0,False,,False,True
5811.882,NOR,1,76.893,7.0,2.0,,,26.209,27.466,23.218,5762.817,5790.283,5813.501,286.0,279.0,315.0,300.0,False,SOFT,8.0,False,McLaren,5734.989,2026-08-23 13:42:17.766,1,2.0,False,,False,True
5888.629,NOR,1,76.747,8.0,2.0,,,25.922,27.712,23.113,5839.423,5867.135,5890.248,285.0,279.0,318.0,307.0,True,SOFT,9.0,False,McLaren,5811.882,2026-08-23 13:43:34.659,1,2.0,False,,False,True
5965.295,NOR,1,76.666,9.0,2.0,,,25.905,27.682,23.079,5916.153,5943.835,5966.914,287.0,278.0,313.0,306.0,True,SOFT,10.0,False,McLaren,5888.629,2026-08-23 13:44:51.406,1,2.0,False,,False,True
6042.19,NOR,1,76.895,10.0,2.0,,,25.976,27.796,23.123,5992.89,6020.686,6043.809,289.0,279.0,314.0,300.0,False,SOFT,11.0,False,McLaren,5965.295,2026-08-23 13:46:08.072,1,2.0,False,,False,True
6119.235,NOR,1,77.045,11.0,2.0,,,25.975,27.893,23.177,6069.784,6097.677,6120.854,283.0,272.0,312.0,302.0,False,SOFT,12.0,False,McLaren,6042.19,2026-08-23 13:47:24.967,1,2.0,False,,False,True
6196.305,NOR,1,77.07,12.0,2.0,,,26.011,27.857,23.202,6146.865,6174.722,6197.924,282.0,273.0,313.0,305.0,False,SOFT,13.0,False,McLaren,6119.235,2026-08-23 13:48:42.012,1,2.0,False,,False,True
6273.37,NOR,1,77.065,13.0,2.0,,,25.988,27.868,23.209,6223.912,6251.78,6274.989,283.0,275.0,312.0,306.0,False,SOFT,14.0,False,McLaren,6196.305,2026-08-23 13:49:59.082,1,2.0,False,,False,True
6350.611,NOR,1,77.241,14.0,2.0,,,25.894,28.041,23.306,6300.883,6328.924,6352.23,283.0,273.0,312.0,306.0,False,SOFT,15.0,False,McLaren,6273.37,2026-08-23 13:51:16.147,1,2.0,False,,False,True
6427.803,NOR,1,77.192,15.0,2.0,,,25.971,27.951,23.27,6378.201,6406.152,6429.422,282.0,273.0,312.0,305.0,False,SOFT,16.0,False,McLaren,6350.611,2026-08-23 13:52:33.388,1,2.0,False,,False,True
6504.995,NOR,1,77.192,16.0,2.0,,,25.908,28.026,23.258,6455.33,6483.356,6506.614,282.0,274.0,314.0,306.0,False,SOFT,17.0,False,McLaren,6427.803,2026-08-23 13:53:50.580,1,2.0,False,,False,True
6582.409,NOR,1,77.414,17.0,2.0,,,25.91,28.135,23.369,6532.524,6560.659,6584.028,281.0,274.0,313.0,309.0,False,SOFT,18.0,False,McLaren,6504.995,2026-08-23 13:55:07.772,1,2.0,False,,False,True
6659.851,NOR,1,77.442,18.0,2.0,,,26.031,28.074,23.337,6610.059,6638.133,6661.47,281.0,275.0,312.0,309.0,False,SOFT,19.0,False,McLaren,6582.409,2026-08-23 13:56:25.186,1,2.0,False,,False,True
6737.359,NOR,1,77.508,19.0,2.0,,,25.971,28.202,23.335,6687.441,6715.643,6738.978,281.0,273.0,314.0,307.0,False,SOFT,20.0,False,McLaren,6659.851,2026-08-23 13:57:42.628,1,2.0,False,,False,True
6815.18,NOR,1,77.821,20.0,2.0,,,26.007,28.469,23.345,6764.985,6793.454,6816.799,281.0,275.0,313.0,309.0,False,SOFT,21.0,False,McLaren,6737.359,2026-08-23 13:59:00.136,1,2.0,False,,False,True
6895.76,NOR,1,80.58,21.0,2.0,,6896.178,26.032,28.348,26.2,6842.831,6871.179,6897.379,283.0,274.0,,307.0,False,SOFT,22.0,False,McLaren,6815.18,2026-08-23 14:00:17.957,1,2.0,False,,False,False
6989.03,NOR,1,93.27,22.0,3.0,6914.266,,43.107,27.31,22.853,6940.486,6967.796,6990.649,287.0,276.0,313.0,307.0,False,HARD,1.0,True,McLaren,6895.76,2026-08-23 14:01:38.537,1,3.0,False,,False,False
7064.999,NOR,1,75.969,23.0,3.0,,,25.782,27.335,22.852,7016.431,7043.766,7066.618,283.0,276.0,314.0,302.0,True,HARD,2.0,True,McLaren,6989.03,2026-08-23 14:03:11.807,1,3.0,False,,False,True
7141.265,NOR,1,76.266,24.0,3.0,,,25.752,27.576,22.938,7092.37,7119.946,7142.884,284.0,274.0,314.0,303.0,False,HARD,3.0,True,McLaren,7064.999,2026-08-23 14:04:27.776,1,3.0,False,,False,True
7217.409,NOR,1,76.144,25.0,3.0,,,25.695,27.491,22.958,7168.579,7196.07,7219.028,284.0,274.0,312.0,303.0,False,HARD,4.0,True,McLaren,7141.265,2026-08-23 14:05:44.042,1,3.0,False,,False,True
7293.651,NOR,1,76.242,26.0,3.0,,,25.788,27.427,23.027,7244.816,7272.243,7295.27,280.0,276.0,314.0,303.0,False,HARD,5.0,True,McLaren,7217.409,2026-08-23 14:07:00.186,1,2.0,False,,False,True
7369.462,NOR,1,75.811,27.0,3.0,,,25.696,27.305,22.81,7320.966,7348.271,7371.081,282.0,280.0,317.0,307.0,True,HARD,6.0,True,McLaren,7293.651,2026-08-23 14:08:16.428,1,2.0,False,,False,True
7445.339,NOR,1,75.877,28.0,3.0,,,25.725,27.293,22.859,7396.806,7424.099,7446.958,282.0,278.0,317.0,305.0,False,HARD,7.0,True,McLaren,7369.462,2026-08-23 14:09:32.239,1,2.0,False,,False,True
7521.484,NOR,1,76.145,29.0,3.0,,,25.68,27.539,22.926,7472.638,7500.177,7523.103,285.0,281.0,317.0,312.0,False,HARD,8.0,True,McLaren,7445.339,2026-08-23 14:10:48.116,1,2.0,False,,False,True
7597.705,NOR,1,76.221,30.0,3.0,,,25.832,27.447,22.942,7548.935,7576.382,7599.324,290.0,281.0,323.0,291.0,False,HARD,9.0,True,McLaren,7521.484,2026-08-23 14:12:04.261,1,2.0,False,,False,True
7674.021,NOR,1,76.316,31.0,3.0,,,25.824,27.416,23.076,7625.148,7652.564,7675.64,290.0,292.0,318.0,306.0,False,HARD,10.0,True,McLaren,7597.705,2026-08-23 14:13:20.482,1,2.0,False,,False,True
7750.419,NOR,1,76.398,32.0,3.0,,,25.699,27.69,23.009,7701.339,7729.029,7752.038,287.0,278.0,322.0,309.0,False,HARD,11.0,True,McLaren,7674.021,2026-08-23 14:14:36.798,1,2.0,False,,False,True
7827.239,NOR,1,76.82,33.0,3.0,,,25.715,27.79,23.315,7777.753,7805.543,7828.858,291.0,279.0,321.0,309.0,False,HARD,12.0,True,McLaren,7750.419,2026-08-23 14:15:53.196,1,2.0,False,,False,True
7903.709,NOR,1,76.47,34.0,3.0,,,25.951,27.523,22.996,7854.809,7882.332,7905.328,290.0,281.0,316.0,306.0,False,HARD,13.0,True,McLaren,7827.239,2026-08-23 14:17:10.016,1,2.0,False,,False,True
7980.363,NOR,1,76.654,35.0,3.0,,,25.797,27.726,23.131,7931.125,7958.851,7981.982,284.0,281.0,319.0,309.0,False,HARD,14.0,True,McLaren,7903.709,2026-08-23 14:18:26.486,1,2.0,False,,False,True
8058.411,NOR,1,78.048,36.0,3.0,,,27.129,27.486,23.433,8009.111,8036.597,8060.03,290.0,283.0,321.0,311.0,False,HARD,15.0,True,McLaren,7980.363,2026-08-23 14:19:43.140,1,2.0,False,,False,True
8135.103,NOR,1,76.692,37.0,3.0,,,25.94,27.715,23.037,8085.97,8113.685,8136.722,290.0,279.0,318.0,304.0,False,HARD,16.0,True,McLaren,8058.411,2026-08-23 14:21:01.188,1,2.0,False,,False,True
8211.436,NOR,1,76.333,38.0,3.0,,,25.68,27.67,22.983,8162.402,8190.072,8213.055,286.0,278.0,316.0,310.0,False,HARD,17.0,True,McLaren,8135.103,2026-08-23 14:22:17.880,1,2.0,False,,False,True
8287.865,NOR,1,76.429,39.0,3.0,,,25.857,27.599,22.973,8238.912,8266.511,8289.484,285.0,280.0,331.0,307.0,False,HARD,18.0,True,McLaren,8211.436,2026-08-23 14:23:34.213,1,2.0,False,,False,True
8364.847,NOR,1,76.982,40.0,3.0,,,25.811,27.753,23.418,8315.295,8343.048,8366.466,290.0,277.0,311.0,317.0,False,HARD,19.0,True,McLaren,8287.865,2026-08-23 14:24:50.642,1,1.0,False,,False,True
8441.146,NOR,1,76.299,41.0,3.0,,,25.807,27.455,23.037,8392.273,8419.728,8442.765,290.0,277.0,312.0,299.0,False,HARD,20.0,True,McLaren,8364.847,2026-08-23 14:26:07.624,1,1.0,False,,False,True
8517.741,NOR,1,76.595,42.0,3.0,,,25.91,27.523,23.162,8468.675,8496.198,8519.36,283.0,273.0,311.0,303.0,False,HARD,21.0,True,McLaren,8441.146,2026-08-23 14:27:23.923,1,1.0,False,,False,True
8594.076,NOR,1,76.335,43.0,3.0,,,25.837,27.39,23.108,8545.197,8572.587,8595.695,284.0,277.0,313.0,304.0,False,HARD,22.0,True,McLaren,8517.741,2026-08-23 14:28:40.518,1,1.0,False,,False,True
8671.192,NOR,1,77.116,44.0,3.0,,,25.896,27.779,23.441,8621.591,8649.37,8672.811,286.0,275.0,307.0,307.0,False,HARD,23.0,True,McLaren,8594.076,2026-08-23 14:29:56.853,1,1.0,False,,False,True
8747.785,NOR,1,76.593,45.0,3.0,,,25.879,27.497,23.217,8698.69,8726.187,8749.404,284.0,276.0,312.0,301.0,False,HARD,24.0,True,McLaren,8671.192,2026-08-23 14:31:13.969,1,1.0,False,,False,True
8824.505,NOR,1,76.72,46.0,3.0,,,25.819,27.682,23.219,8775.223,8802.905,8826.124,284.0,275.0,312.0,305.0,False,HARD,25.0,True,McLaren,8747.785,2026-08-23 14:32:30.562,1,1.0,False,,False,True
8903.821,NOR,1,79.316,47.0,3.0,,8904.236,25.852,27.588,25.876,8851.976,8879.564,8905.44,286.0,286.0,,304.0,False,HARD,26.0,True,McLaren,8824.505,2026-08-23 14:33:47.282,1,1.0,False,,False,False
8995.49,NOR,1,91.669,48.0,4.0,8921.704,,42.409,26.698,22.562,8947.849,8974.547,8997.109,284.0,278.0,323.0,304.0,False,HARD,1.0,True,McLaren,8903.821,2026-08-23 14:35:06.598,1,3.0,False,,False,False
9069.811,NOR,1,74.321,49.0,4.0,,,25.336,26.5,22.485,9022.445,9048.945,9071.43,291.0,279.0,315.0,311.0,True,HARD,2.0,True,McLaren,8995.49,2026-08-23 14:36:38.267,1,3.0,False,,False,True
9144.176,NOR,1,74.365,50.0,4.0,,,25.267,26.644,22.454,9096.697,9123.341,9145.795,282.0,278.0,314.0,305.0,False,HARD,3.0,True,McLaren,9069.811,2026-08-23 14:37:52.588,1,3.0,False,,False,True
9218.742,NOR,1,74.566,51.0,4.0,,,25.288,26.779,22.499,9171.083,9197.862,9220.361,285.0,282.0,334.0,308.0,False,HARD,4.0,True,McLaren,9144.176,2026-08-23 14:39:06.953,1,3.0,False,,False,True
9294.127,NOR,1,75.385,52.0,4.0,,,25.574,27.176,22.635,9245.935,9273.111,9295.746,280.0,298.0,342.0,320.0,False,HARD,5.0,True,McLaren,9218.742,2026-08-23 14:40:21.519,1,3.0,False,,False,True
9370.392,NOR,1,76.265,53.0,4.0,,,25.793,27.628,22.844,9321.539,9349.167,9372.011,293.0,284.0,343.0,318.0,False,HARD,6.0,True,McLaren,9294.127,2026-08-23 14:41:36.904,1,3.0,False,,False,True
9446.694,NOR,1,76.302,54.0,4.0,,,25.805,27.735,22.762,9397.816,9425.551,9448.313,278.0,291.0,317.0,333.0,False,HARD,7.0,True,McLaren,9370.392,2026-08-23 14:42:53.169,12,1.0,False,,False,True
9543.985,NOR,1,97.291,55.0,4.0,,,26.268,38.464,32.559,9474.581,9513.045,9545.604,275.0,199.0,227.0,305.0,False,HARD,8.0,True,McLaren,9446.694,2026-08-23 14:44:09.471,26,1.0,False,,False,False
9645.644,NOR,1,101.659,56.0,4.0,,,34.777,36.44,30.442,9580.381,9616.821,9647.263,241.0,217.0,258.0,259.0,False,HARD,9.0,True,McLaren,9543.985,2026-08-23 14:45:46.762,6,1.0,False,,False,False
9744.41,NOR,1,98.766,57.0,4.0,,,38.04,33.689,27.037,9685.303,9718.992,9746.029,239.0,153.0,305.0,179.0,False,HARD,10.0,True,McLaren,9645.644,2026-08-23 14:47:28.421,671,1.0,False,,False,False
9819.12,NOR,1,74.71,58.0,4.0,,,25.735,26.476,22.499,9771.764,9798.24,9820.739,280.0,274.0,308.0,296.0,False,HARD,11.0,True,McLaren,9744.41,2026-08-23 14:49:07.187,1,1.0,False,,False,True
9893.865,NOR,1,74.745,59.0,4.0,,,25.424,26.724,22.597,9846.163,9872.887,9895.484,285.0,273.0,312.0,300.0,False,HARD,12.0,True,McLaren,9819.12,2026-08-23 14:50:21.897,1,1.0,False,,False,True
9968.349,NOR,1,74.484,60.0,4.0,,,25.304,26.574,22.606,9920.788,9947.362,9969.968,286.0,275.0,316.0,304.0,False,HARD,13.0,True,McLaren,9893.865,2026-08-23 14:51:36.642,1,1.0,False,,False,True
10043.109,NOR,1,74.76,61.0,4.0,,,25.373,26.726,22.661,9995.341,10022.067,10044.728,285.0,275.0,312.0,300.0,False,HARD,14.0,True,McLaren,9968.349,2026-08-23 14:52:51.126,1,1.0,False,,False,True
10117.978,NOR,1,74.869,62.0,4.0,,,25.433,26.787,22.649,10070.161,10096.948,10119.597,283.0,275.0,313.0,297.0,False,HARD,15.0,True,McLaren,10043.109,2026-08-23 14:54:05.886,1,1.0,False,,False,True
10192.943,NOR,1,74.965,63.0,4.0,,,25.646,26.668,22.651,10145.243,10171.911,10194.562,286.0,276.0,312.0,302.0,False,HARD,16.0,True,McLaren,10117.978,2026-08-23 14:55:20.755,1,1.0,False,,False,True
10268.031,NOR,1,75.088,64.0,4.0,,,25.441,26.908,22.739,10220.003,10246.911,10269.65,284.0,279.0,317.0,304.0,False,HARD,17.0,True,McLaren,10192.943,2026-08-23 14:56:35.720,1,1.0,False,,False,True
10343.49,NOR,1,75.459,65.0,4.0,,,25.401,26.882,23.176,10295.051,10321.933,10345.109,285.0,279.0,316.0,310.0,False,HARD,18.0,True,McLaren,10268.031,2026-08-23 14:57:50.808,1,1.0,False,,False,True
10419.607,NOR,1,76.117,66.0,4.0,,,25.922,27.549,22.646,10371.031,10398.58,10421.226,296.0,280.0,315.0,303.0,False,HARD,19.0,True,McLaren,10343.49,2026-08-23 14:59:06.267,1,1.0,False,,False,True
10494.804,NOR,1,75.197,67.0,4.0,,,25.563,26.945,22.689,10446.789,10473.734,10496.423,283.0,275.0,311.0,298.0,False,HARD,20.0,True,McLaren,10419.607,2026-08-23 15:00:22.384,1,1.0,False,,False,True
10569.987,NOR,1,75.183,68.0,4.0,,,25.552,26.867,22.764,10521.975,10548.842,10571.606,284.0,278.0,312.0,303.0,False,HARD,21.0,True,McLaren,10494.804,2026-08-23 15:01:37.581,1,1.0,False,,False,True
10645.179,NOR,1,75.192,69.0,4.0,,,25.569,26.95,22.673,10597.175,10624.125,10646.798,286.0,277.0,313.0,304.0,False,HARD,22.0,True,McLaren,10569.987,2026-08-23 15:02:52.764,1,1.0,False,,False,True
10738.609,NOR,1,93.43,70.0,4.0,,,32.23,36.173,25.027,10679.028,10715.201,10740.228,221.0,188.0,311.0,304.0,False,HARD,23.0,True,McLaren,10645.179,2026-08-23 15:04:07.956,167,1.0,False,,False,False
10814.048,NOR,1,75.439,71.0,4.0,,,25.831,26.876,22.732,10766.059,10792.935,10815.667,288.0,276.0,314.0,301.0,False,HARD,24.0,True,McLaren,10738.609,2026-08-23 15:05:41.386,1,1.0,False,,False,True
10889.313,NOR,1,75.265,72.0,4.0,,,25.477,27.063,22.725,10841.144,10868.207,10890.932,287.0,275.0,313.0,305.0,False,HARD,25.0,True,McLaren,10814.048,2026-08-23 15:06:56.825,1,1.0,False,,False,True
3497.025,GAS,10,92.536,1.0,1.0,,,,28.712,28.951,,3469.836,3498.865,293.0,279.0,278.0,182.0,False,MEDIUM,1.0,True,Alpine,3405.791,2026-08-23 13:03:28.568,12,8.0,False,,False,False
3637.247,GAS,10,140.222,2.0,1.0,,3636.503,28.151,47.511,64.56,3526.793,3574.304,3638.864,269.0,126.0,,275.0,False,MEDIUM,2.0,True,Alpine,3497.025,2026-08-23 13:04:59.802,25,9.0,False,,False,False
5407.955,GAS,10,,3.0,2.0,5213.752,,,30.188,,,5275.977,,279.0,249.0,1.0,275.0,False,MEDIUM,4.0,False,Alpine,5177.312,2026-08-23 13:33:00.089,12,8.0,False,,False,False
5578.294,GAS,10,,4.0,2.0,,,42.68,29.297,98.678,5451.937,5481.32,5580.045,237.0,227.0,2.0,153.0,False,MEDIUM,5.0,False,Alpine,5407.955,2026-08-23 13:36:50.732,1,8.0,False,,False,False
5662.652,GAS,10,84.358,5.0,2.0,,,31.494,28.986,23.878,5611.405,5640.391,5664.269,288.0,285.0,328.0,212.0,True,MEDIUM,6.0,False,Alpine,5578.294,2026-08-23 13:39:41.071,12,8.0,False,,False,True
5741.33,GAS,10,78.678,6.0,2.0,,,27.041,28.129,23.508,5691.31,5719.439,5742.947,275.0,278.0,333.0,292.0,True,MEDIUM,7.0,False,Alpine,5662.652,2026-08-23 13:41:05.429,1,8.0,False,,False,True
5819.866,GAS,10,78.536,7.0,2.0,,,26.889,28.179,23.468,5769.836,5798.015,5821.483,277.0,276.0,326.0,296.0,True,MEDIUM,8.0,False,Alpine,5741.33,2026-08-23 13:42:24.107,1,8.0,False,,False,True
5898.214,GAS,10,78.348,8.0,2.0,,,26.819,28.091,23.438,5848.302,5876.393,5899.831,286.0,279.0,324.0,294.0,True,MEDIUM,9.0,False,Alpine,5819.866,2026-08-23 13:43:42.643,1,8.0,False,,False,True
5976.939,GAS,10,78.725,9.0,2.0,,,26.845,28.31,23.57,5926.676,5954.986,5978.556,279.0,273.0,323.0,298.0,False,MEDIUM,10.0,False,Alpine,5898.214,2026-08-23 13:45:00.991,1,8.0,False,,False,True
6055.378,GAS,10,78.439,10.0,2.0,,,26.717,28.343,23.379,6005.273,6033.616,6056.995,275.0,273.0,323.0,301.0,False,MEDIUM,11.0,False,Alpine,5976.939,2026-08-23 13:46:19.716,1,8.0,False,,False,True
6134.331,GAS,10,78.953,11.0,2.0,,,26.989,28.516,23.448,6083.984,6112.5,6135.948,276.0,269.0,322.0,283.0,False,MEDIUM,12.0,False,Alpine,6055.378,2026-08-23 13:47:38.155,1,8.0,False,,False,True
6212.919,GAS,10,78.588,12.0,2.0,,,26.708,28.397,23.483,6162.656,6191.053,6214.536,275.0,267.0,321.0,295.0,False,MEDIUM,13.0,False,Alpine,6134.331,2026-08-23 13:48:57.108,1,8.0,False,,False,True
6291.472,GAS,10,78.553,13.0,2.0,,,26.69,28.417,23.446,6241.226,6269.643,6293.089,279.0,271.0,321.0,295.0,False,MEDIUM,14.0,False,Alpine,6212.919,2026-08-23 13:50:15.696,1,8.0,False,,False,True
6370.053,GAS,10,78.581,14.0,2.0,,,26.557,28.519,23.505,6319.646,6348.165,6371.67,278.0,269.0,320.0,308.0,False,MEDIUM,15.0,False,Alpine,6291.472,2026-08-23 13:51:34.249,1,8.0,False,,False,True
6449.051,GAS,10,78.998,15.0,2.0,,,26.696,28.614,23.688,6398.366,6426.98,6450.668,275.0,272.0,320.0,303.0,False,MEDIUM,16.0,False,Alpine,6370.053,2026-08-23 13:52:52.830,1,8.0,False,,False,True
6527.867,GAS,10,78.816,16.0,2.0,,,26.685,28.651,23.48,6477.353,6506.004,6529.484,275.0,272.0,320.0,300.0,False,MEDIUM,17.0,False,Alpine,6449.051,2026-08-23 13:54:11.828,1,8.0,False,,False,True
6606.811,GAS,10,78.944,17.0,2.0,,,26.789,28.598,23.557,6556.273,6584.871,6608.428,277.0,271.0,321.0,300.0,False,MEDIUM,18.0,False,Alpine,6527.867,2026-08-23 13:55:30.644,1,8.0,False,,False,True
6689.083,GAS,10,82.272,18.0,2.0,,6689.482,26.787,28.87,26.615,6635.215,6664.085,6690.7,277.0,272.0,,304.0,False,MEDIUM,19.0,False,Alpine,6606.811,2026-08-23 13:56:49.588,1,9.0,False,,False,False
6784.182,GAS,10,95.099,19.0,3.0,6707.479,,43.533,28.138,23.428,6734.233,6762.371,6785.799,285.0,277.0,324.0,304.0,False,HARD,1.0,True,Alpine,6689.083,2026-08-23 13:58:11.860,1,13.0,False,,False,False
6862.467,GAS,10,78.285,20.0,3.0,,,26.653,28.261,23.371,6812.452,6840.713,6864.084,275.0,274.0,333.0,296.0,True,HARD,2.0,True,Alpine,6784.182,2026-08-23 13:59:46.959,1,12.0,False,,False,True
6941.359,GAS,10,78.892,21.0,3.0,,,26.76,28.365,23.767,6890.844,6919.209,6942.976,271.0,280.0,337.0,287.0,False,HARD,3.0,True,Alpine,6862.467,2026-08-23 14:01:05.244,1,12.0,False,,False,True
7020.195,GAS,10,78.836,22.0,3.0,,,26.651,28.577,23.608,6969.627,6998.204,7021.812,281.0,277.0,339.0,296.0,False,HARD,4.0,True,Alpine,6941.359,2026-08-23 14:02:24.136,1,12.0,False,,False,True
7099.537,GAS,10,79.342,23.0,3.0,,,26.817,28.611,23.914,7048.629,7077.24,7101.154,273.0,287.0,341.0,279.0,False,HARD,5.0,True,Alpine,7020.195,2026-08-23 14:03:42.972,1,11.0,False,,False,True
7178.929,GAS,10,79.392,24.0,3.0,,,27.139,28.529,23.724,7128.293,7156.822,7180.546,276.0,285.0,341.0,295.0,False,HARD,6.0,True,Alpine,7099.537,2026-08-23 14:05:02.314,1,11.0,False,,False,True
7258.291,GAS,10,79.362,25.0,3.0,,,27.107,28.724,23.531,7207.653,7236.377,7259.908,281.0,281.0,341.0,272.0,False,HARD,7.0,True,Alpine,7178.929,2026-08-23 14:06:21.706,1,11.0,False,,False,True
7338.975,GAS,10,80.684,26.0,3.0,,,27.15,28.733,24.801,7287.058,7315.791,7340.592,282.0,284.0,336.0,293.0,False,HARD,8.0,True,Alpine,7258.291,2026-08-23 14:07:41.068,1,12.0,False,,False,True
7418.848,GAS,10,79.873,27.0,3.0,,,26.975,29.073,23.825,7367.567,7396.64,7420.465,274.0,276.0,344.0,313.0,False,HARD,9.0,True,Alpine,7338.975,2026-08-23 14:09:01.752,1,12.0,False,,False,True
7499.68,GAS,10,80.832,28.0,3.0,,,27.351,29.666,23.815,7447.816,7477.482,7501.297,281.0,265.0,338.0,300.0,False,HARD,10.0,True,Alpine,7418.848,2026-08-23 14:10:21.625,1,13.0,False,,False,True
7579.747,GAS,10,80.067,29.0,3.0,,,27.305,29.062,23.7,7528.602,7557.664,7581.364,282.0,282.0,342.0,298.0,False,HARD,11.0,True,Alpine,7499.68,2026-08-23 14:11:42.457,1,13.0,False,,False,True
7659.595,GAS,10,79.848,30.0,3.0,,,26.862,28.849,24.137,7608.226,7637.075,7661.212,282.0,280.0,339.0,302.0,False,HARD,12.0,True,Alpine,7579.747,2026-08-23 14:13:02.524,1,12.0,False,,False,True
7738.298,GAS,10,78.703,31.0,3.0,,,26.658,28.56,23.485,7687.87,7716.43,7739.915,272.0,285.0,339.0,301.0,False,HARD,13.0,True,Alpine,7659.595,2026-08-23 14:14:22.372,1,12.0,False,,False,True
7817.354,GAS,10,79.056,32.0,3.0,,,26.792,28.863,23.401,7766.707,7795.57,7818.971,282.0,272.0,338.0,313.0,False,HARD,14.0,True,Alpine,7738.298,2026-08-23 14:15:41.075,1,12.0,False,,False,True
7896.296,GAS,10,78.942,33.0,3.0,,,26.802,28.68,23.46,7845.773,7874.453,7897.913,280.0,273.0,336.0,291.0,False,HARD,15.0,True,Alpine,7817.354,2026-08-23 14:17:00.131,1,12.0,False,,False,True
7975.257,GAS,10,78.961,34.0,3.0,,,26.839,28.53,23.592,7924.752,7953.282,7976.874,282.0,280.0,339.0,312.0,False,HARD,16.0,True,Alpine,7896.296,2026-08-23 14:18:19.073,1,12.0,False,,False,True
8052.655,GAS,10,77.398,35.0,3.0,,,26.315,27.865,23.218,8003.189,8031.054,8054.272,277.0,274.0,321.0,326.0,True,HARD,17.0,True,Alpine,7975.257,2026-08-23 14:19:38.034,1,10.0,False,,False,True
8130.289,GAS,10,77.634,36.0,3.0,,,26.395,28.008,23.231,8080.667,8108.675,8131.906,282.0,277.0,320.0,314.0,False,HARD,18.0,True,Alpine,8052.655,2026-08-23 14:20:55.432,1,10.0,False,,False,True
8208.037,GAS,10,77.748,37.0,3.0,,,26.393,27.998,23.357,8158.299,8186.297,8209.654,280.0,270.0,321.0,310.0,False,HARD,19.0,True,Alpine,8130.289,2026-08-23 14:22:13.066,1,10.0,False,,False,True
8285.682,GAS,10,77.645,38.0,3.0,,,26.315,27.986,23.344,8235.969,8263.955,8287.299,280.0,273.0,321.0,309.0,False,HARD,20.0,True,Alpine,8208.037,2026-08-23 14:23:30.814,1,10.0,False,,False,True
8365.875,GAS,10,80.193,39.0,3.0,,,26.472,29.958,23.763,8313.771,8343.729,8367.492,278.0,273.0,329.0,304.0,False,HARD,21.0,True,Alpine,8285.682,2026-08-23 14:24:48.459,1,10.0,False,,False,True
8443.987,GAS,10,78.112,40.0,3.0,,,26.49,28.22,23.402,8393.982,8422.202,8445.604,280.0,277.0,322.0,307.0,False,HARD,22.0,True,Alpine,8365.875,2026-08-23 14:26:08.652,1,10.0,False,,False,True
8521.604,GAS,10,77.617,41.0,3.0,,,26.267,28.073,23.277,8471.871,8499.944,8523.221,282.0,276.0,322.0,320.0,False,HARD,23.0,True,Alpine,8443.987,2026-08-23 14:27:26.764,1,10.0,False,,False,True
8599.104,GAS,10,77.5,42.0,3.0,,,26.302,27.991,23.207,8549.523,8577.514,8600.721,278.0,276.0,321.0,312.0,False,HARD,24.0,True,Alpine,8521.604,2026-08-23 14:28:44.381,1,10.0,False,,False,True
8676.97,GAS,10,77.866,43.0,3.0,,,26.3,28.135,23.431,8627.021,8655.156,8678.587,283.0,273.0,323.0,317.0,False,HARD,25.0,True,Alpine,8599.104,2026-08-23 14:30:01.881,1,10.0,False,,False,True
8755.521,GAS,10,78.551,44.0,3.0,,,26.556,28.547,23.448,8705.143,8733.69,8757.138,287.0,275.0,325.0,310.0,False,HARD,26.0,True,Alpine,8676.97,2026-08-23 14:31:19.747,1,9.0,False,,False,True
8833.558,GAS,10,78.037,45.0,3.0,,,26.404,28.284,23.349,8783.542,8811.826,8835.175,283.0,273.0,321.0,311.0,False,HARD,27.0,True,Alpine,8755.521,2026-08-23 14:32:38.298,1,9.0,False,,False,True
8914.23,GAS,10,80.672,46.0,3.0,,8914.729,26.238,28.2,26.234,8861.413,8889.613,8915.847,287.0,277.0,,313.0,False,HARD,28.0,True,Alpine,8833.558,2026-08-23 14:33:56.335,1,9.0,False,,False,False
9007.806,GAS,10,93.576,47.0,4.0,8932.725,,42.835,27.704,23.037,8958.682,8986.386,9009.423,290.0,279.0,324.0,313.0,False,MEDIUM,3.0,False,Alpine,8914.23,2026-08-23 14:35:17.007,1,11.0,False,,False,False
9084.374,GAS,10,76.568,48.0,4.0,,,26.114,27.496,22.958,9035.537,9063.033,9085.991,280.0,274.0,332.0,310.0,True,MEDIUM,4.0,False,Alpine,9007.806,2026-08-23 14:36:50.583,1,11.0,False,,False,True
9160.764,GAS,10,76.39,49.0,4.0,,,25.879,27.622,22.889,9111.87,9139.492,9162.381,284.0,276.0,337.0,314.0,True,MEDIUM,5.0,False,Alpine,9084.374,2026-08-23 14:38:07.151,1,11.0,False,,False,True
9237.352,GAS,10,76.588,50.0,4.0,,,26.063,27.699,22.826,9188.444,9216.143,9238.969,287.0,276.0,339.0,323.0,False,MEDIUM,6.0,False,Alpine,9160.764,2026-08-23 14:39:23.541,1,11.0,False,,False,True
9314.161,GAS,10,76.809,51.0,4.0,,,26.209,27.704,22.896,9265.178,9292.882,9315.778,275.0,281.0,337.0,304.0,False,MEDIUM,7.0,False,Alpine,9237.352,2026-08-23 14:40:40.129,1,11.0,False,,False,True
9391.259,GAS,10,77.098,52.0,4.0,,,26.189,27.932,22.977,9341.967,9369.899,9392.876,275.0,281.0,336.0,307.0,False,MEDIUM,8.0,False,Alpine,9314.161,2026-08-23 14:41:56.938,1,11.0,False,,False,True
9468.231,GAS,10,76.972,53.0,4.0,,,25.884,27.984,23.104,9418.76,9446.744,9469.848,285.0,272.0,337.0,306.0,False,MEDIUM,9.0,False,Alpine,9391.259,2026-08-23 14:43:14.036,12,11.0,False,,False,True
9570.259,GAS,10,102.028,54.0,4.0,,,37.265,35.481,29.282,9507.113,9542.594,9571.876,247.0,152.0,214.0,310.0,False,MEDIUM,10.0,False,Alpine,9468.231,2026-08-23 14:44:31.008,26,11.0,False,,False,False
9674.324,GAS,10,104.065,55.0,4.0,,,38.187,34.946,30.932,9610.063,9645.009,9675.941,234.0,214.0,215.0,214.0,False,MEDIUM,11.0,False,Alpine,9570.259,2026-08-23 14:46:13.036,6,11.0,False,,False,False
9765.663,GAS,10,91.339,56.0,4.0,,,37.062,30.125,24.152,9713.003,9743.128,9767.28,243.0,276.0,349.0,243.0,False,MEDIUM,12.0,False,Alpine,9674.324,2026-08-23 14:47:57.101,671,11.0,False,,False,False
9842.111,GAS,10,76.448,57.0,4.0,,,26.229,27.352,22.867,9793.509,9820.861,9843.728,287.0,280.0,324.0,318.0,False,MEDIUM,13.0,False,Alpine,9765.663,2026-08-23 14:49:28.440,1,10.0,False,,False,True
9918.331,GAS,10,76.22,58.0,4.0,,,25.818,27.51,22.892,9869.546,9897.056,9919.948,288.0,280.0,323.0,320.0,True,MEDIUM,14.0,False,Alpine,9842.111,2026-08-23 14:50:44.888,1,10.0,False,,False,True
9994.808,GAS,10,76.477,59.0,4.0,,,26.007,27.575,22.895,9945.955,9973.53,9996.425,279.0,276.0,324.0,324.0,False,MEDIUM,15.0,False,Alpine,9918.331,2026-08-23 14:52:01.108,1,10.0,False,,False,True
10071.53,GAS,10,76.722,60.0,4.0,,,25.992,27.75,22.98,10022.417,10050.167,10073.147,279.0,277.0,325.0,319.0,False,MEDIUM,16.0,False,Alpine,9994.808,2026-08-23 14:53:17.585,1,10.0,False,,False,True
10148.249,GAS,10,76.719,61.0,4.0,,,26.067,27.682,22.97,10099.214,10126.896,10149.866,282.0,279.0,326.0,325.0,False,MEDIUM,17.0,False,Alpine,10071.53,2026-08-23 14:54:34.307,1,10.0,False,,False,True
10225.378,GAS,10,77.129,62.0,4.0,,,26.111,27.88,23.138,10175.977,10203.857,10226.995,285.0,279.0,326.0,325.0,False,MEDIUM,18.0,False,Alpine,10148.249,2026-08-23 14:55:51.026,1,10.0,False,,False,True
10303.595,GAS,10,78.217,63.0,4.0,,,26.146,28.772,23.299,10253.141,10281.913,10305.212,285.0,286.0,334.0,319.0,False,MEDIUM,19.0,False,Alpine,10225.378,2026-08-23 14:57:08.155,1,10.0,False,,False,True
10380.767,GAS,10,77.172,64.0,4.0,,,26.063,28.102,23.007,10331.275,10359.377,10382.384,289.0,283.0,339.0,305.0,False,MEDIUM,20.0,False,Alpine,10303.595,2026-08-23 14:58:26.372,1,10.0,False,,False,True
10458.168,GAS,10,77.401,65.0,4.0,,,26.037,28.302,23.062,10408.421,10436.723,10459.785,291.0,281.0,339.0,317.0,False,MEDIUM,21.0,False,Alpine,10380.767,2026-08-23 14:59:43.544,1,10.0,False,,False,True
10535.469,GAS,10,77.301,66.0,4.0,,,26.123,28.158,23.02,10485.908,10514.066,10537.086,289.0,278.0,327.0,318.0,False,MEDIUM,22.0,False,Alpine,10458.168,2026-08-23 15:01:00.945,1,10.0,False,,False,True
10612.611,GAS,10,77.142,67.0,4.0,,,26.044,28.028,23.07,10563.13,10591.158,10614.228,293.0,284.0,336.0,319.0,False,MEDIUM,23.0,False,Alpine,10535.469,2026-08-23 15:02:18.246,1,10.0,False,,False,True
10701.591,GAS,10,88.98,68.0,4.0,,,25.996,31.665,31.319,10640.224,10671.889,10703.208,288.0,234.0,273.0,319.0,False,MEDIUM,24.0,False,Alpine,10612.611,2026-08-23 15:03:35.388,16,10.0,False,,False,False
10784.065,GAS,10,82.474,69.0,4.0,,,31.21,28.015,23.249,10734.418,10762.433,10785.682,296.0,294.0,326.0,135.0,False,MEDIUM,25.0,False,Alpine,10701.591,2026-08-23 15:05:04.368,671,10.0,False,,False,False
10861.206,GAS,10,77.141,70.0,4.0,,,26.018,27.953,23.17,10811.7,10839.653,10862.823,294.0,292.0,325.0,313.0,False,MEDIUM,26.0,False,Alpine,10784.065,2026-08-23 15:06:26.842,1,10.0,False,,False,True
10938.953,GAS,10,77.747,71.0,4.0,,,26.199,28.031,23.517,10889.022,10917.053,10940.57,284.0,290.0,324.0,313.0,False,MEDIUM,27.0,False,Alpine,10861.206,2026-08-23 15:07:43.983,1,10.0,False,,False,True
3505.579,PER,11,101.067,1.0,1.0,3419.347,,,28.536,30.194,,3476.977,3507.166,291.0,277.0,254.0,,False,SOFT,1.0,True,Cadillac,3405.791,2026-08-23 13:03:28.568,12,21.0,False,,False,False
3666.944,PER,11,,2.0,1.0,,3664.947,40.017,47.124,74.268,3547.184,3594.379,3668.531,115.0,156.0,,239.0,False,SOFT,2.0,True,Cadillac,3505.579,2026-08-23 13:05:08.356,25,20.0,False,,False,False
5436.054,PER,11,,3.0,2.0,5283.167,,,31.25,93.763,,5343.917,5437.717,260.0,157.0,66.0,239.0,False,HARD,1.0,True,Cadillac,5177.312,2026-08-23 13:33:00.089,12,19.0,False,,False,False
5581.524,PER,11,145.47,4.0,2.0,,,37.405,29.441,78.624,5475.046,5504.487,5583.111,272.0,190.0,167.0,131.0,True,HARD,2.0,True,Cadillac,5436.054,2026-08-23 13:37:18.831,1,18.0,False,,False,True
5667.614,PER,11,86.09,5.0,2.0,,,31.034,30.425,24.631,5614.145,5644.57,5669.201,269.0,268.0,326.0,216.0,True,HARD,3.0,True,Cadillac,5581.524,2026-08-23 13:39:44.301,12,19.0,False,,False,True
5748.632,PER,11,81.018,6.0,2.0,,,27.908,29.043,24.067,5697.109,5726.152,5750.219,283.0,266.0,331.0,261.0,True,HARD,4.0,True,Cadillac,5667.614,2026-08-23 13:41:10.391,1,18.0,False,,False,True
5828.857,PER,11,80.225,7.0,2.0,,,27.292,29.108,23.825,5777.511,5806.619,5830.444,277.0,267.0,330.0,270.0,True,HARD,5.0,True,Cadillac,5748.632,2026-08-23 13:42:31.409,1,18.0,False,,False,True
5908.796,PER,11,79.939,8.0,2.0,,,27.072,29.065,23.802,5857.516,5886.581,5910.383,282.0,267.0,328.0,268.0,True,HARD,6.0,True,Cadillac,5828.857,2026-08-23 13:43:51.634,1,19.0,False,,False,True
5988.672,PER,11,79.876,9.0,2.0,,,27.126,29.083,23.667,5937.509,5966.592,5990.259,276.0,264.0,319.0,276.0,True,HARD,7.0,True,Cadillac,5908.796,2026-08-23 13:45:11.573,1,18.0,False,,False,True
6068.725,PER,11,80.053,10.0,2.0,,,26.879,29.385,23.789,6017.138,6046.523,6070.312,285.0,266.0,315.0,286.0,False,HARD,8.0,True,Cadillac,5988.672,2026-08-23 13:46:31.449,1,18.0,False,,False,True
6148.648,PER,11,79.923,11.0,2.0,,,27.067,29.177,23.679,6097.379,6126.556,6150.235,280.0,262.0,314.0,279.0,False,HARD,9.0,True,Cadillac,6068.725,2026-08-23 13:47:51.502,1,18.0,False,,False,True
6228.392,PER,11,79.744,12.0,2.0,,,26.951,29.089,23.704,6177.186,6206.275,6229.979,283.0,265.0,318.0,280.0,True,HARD,10.0,True,Cadillac,6148.648,2026-08-23 13:49:11.425,1,17.0,False,,False,True
6309.369,PER,11,80.977,13.0,2.0,,,27.808,29.316,23.853,6257.787,6287.103,6310.956,281.0,267.0,315.0,291.0,False,HARD,11.0,True,Cadillac,6228.392,2026-08-23 13:50:31.169,1,18.0,False,,False,True
6389.554,PER,11,80.185,14.0,2.0,,,27.108,29.319,23.758,6338.064,6367.383,6391.141,277.0,263.0,315.0,277.0,False,HARD,12.0,True,Cadillac,6309.369,2026-08-23 13:51:52.146,1,18.0,False,,False,True
6469.703,PER,11,80.149,15.0,2.0,,,27.034,29.317,23.798,6418.175,6447.492,6471.29,277.0,264.0,316.0,290.0,False,HARD,13.0,True,Cadillac,6389.554,2026-08-23 13:53:12.331,1,18.0,False,,False,True
6549.893,PER,11,80.19,16.0,2.0,,,26.998,29.138,24.054,6498.288,6527.426,6551.48,281.0,286.0,307.0,286.0,False,HARD,14.0,True,Cadillac,6469.703,2026-08-23 13:54:32.480,1,17.0,False,,False,True
6630.644,PER,11,80.751,17.0,2.0,,,27.189,29.374,24.188,6578.669,6608.043,6632.231,276.0,253.0,328.0,281.0,False,HARD,15.0,True,Cadillac,6549.893,2026-08-23 13:55:52.670,1,17.0,False,,False,True
6711.289,PER,11,80.645,18.0,2.0,,,27.123,29.593,23.929,6659.354,6688.947,6712.876,277.0,268.0,318.0,282.0,False,HARD,16.0,True,Cadillac,6630.644,2026-08-23 13:57:13.421,1,17.0,False,,False,True
6791.973,PER,11,80.684,19.0,2.0,,,27.107,29.61,23.967,6739.983,6769.593,6793.56,279.0,266.0,327.0,282.0,False,HARD,17.0,True,Cadillac,6711.289,2026-08-23 13:58:34.066,1,17.0,False,,False,True
6872.544,PER,11,80.571,20.0,2.0,,,26.986,29.532,24.053,6820.546,6850.078,6874.131,281.0,268.0,317.0,302.0,False,HARD,18.0,True,Cadillac,6791.973,2026-08-23 13:59:54.750,1,17.0,False,,False,True
6953.208,PER,11,80.664,21.0,2.0,,,27.19,29.368,24.106,6901.321,6930.689,6954.795,280.0,264.0,315.0,279.0,False,HARD,19.0,True,Cadillac,6872.544,2026-08-23 14:01:15.321,1,17.0,False,,False,True
7033.217,PER,11,80.009,22.0,2.0,,,26.955,29.257,23.797,6981.75,7011.007,7034.804,277.0,272.0,317.0,287.0,False,HARD,20.0,True,Cadillac,6953.208,2026-08-23 14:02:35.985,1,17.0,False,,False,True
7113.666,PER,11,80.449,23.0,2.0,,,27.277,29.273,23.899,7062.081,7091.354,7115.253,277.0,258.0,311.0,286.0,False,HARD,21.0,True,Cadillac,7033.217,2026-08-23 14:03:55.994,1,17.0,False,,False,True
7195.176,PER,11,81.51,24.0,2.0,,,27.477,29.584,24.449,7142.73,7172.314,7196.763,281.0,262.0,327.0,276.0,False,HARD,22.0,True,Cadillac,7113.666,2026-08-23 14:05:16.443,1,19.0,False,,False,True
7275.755,PER,11,80.579,25.0,2.0,,,27.215,29.398,23.966,7223.978,7253.376,7277.342,280.0,265.0,315.0,276.0,False,HARD,23.0,True,Cadillac,7195.176,2026-08-23 14:06:37.953,1,19.0,False,,False,True
7356.117,PER,11,80.362,26.0,2.0,,,27.136,29.356,23.87,7304.478,7333.834,7357.704,280.0,260.0,312.0,300.0,False,HARD,24.0,True,Cadillac,7275.755,2026-08-23 14:07:58.532,1,19.0,False,,False,True
7436.256,PER,11,80.139,27.0,2.0,,,26.921,29.292,23.926,7384.625,7413.917,7437.843,282.0,264.0,316.0,293.0,False,HARD,25.0,True,Cadillac,7356.117,2026-08-23 14:09:18.894,1,19.0,False,,False,True
7516.586,PER,11,80.33,28.0,2.0,,,27.029,29.293,24.008,7464.872,7494.165,7518.173,280.0,262.0,313.0,297.0,False,HARD,26.0,True,Cadillac,7436.256,2026-08-23 14:10:39.033,1,18.0,False,,False,True
7600.494,PER,11,83.908,29.0,2.0,,7600.882,26.85,29.511,27.547,7545.023,7574.534,7602.081,279.0,264.0,,296.0,False,HARD,27.0,True,Cadillac,7516.586,2026-08-23 14:11:59.363,1,18.0,False,,False,False
7695.362,PER,11,94.868,30.0,3.0,7619.236,,43.336,28.041,23.491,7645.417,7673.458,7696.949,283.0,267.0,313.0,296.0,False,HARD,1.0,False,Cadillac,7600.494,2026-08-23 14:13:23.271,1,19.0,False,,False,False
7773.253,PER,11,77.891,31.0,3.0,,,26.521,28.038,23.332,7723.47,7751.508,7774.84,274.0,263.0,311.0,286.0,True,HARD,2.0,False,Cadillac,7695.362,2026-08-23 14:14:58.139,1,19.0,False,,False,True
7851.403,PER,11,78.15,32.0,3.0,,,26.579,28.135,23.436,7801.419,7829.554,7852.99,278.0,263.0,311.0,295.0,False,HARD,3.0,False,Cadillac,7773.253,2026-08-23 14:16:16.030,1,19.0,False,,False,True
7929.882,PER,11,78.479,33.0,3.0,,,26.661,28.41,23.408,7879.651,7908.061,7931.469,276.0,266.0,311.0,291.0,False,HARD,4.0,False,Cadillac,7851.403,2026-08-23 14:17:34.180,1,19.0,False,,False,True
8008.381,PER,11,78.499,34.0,3.0,,,26.558,28.399,23.542,7958.027,7986.426,8009.968,278.0,264.0,312.0,296.0,False,HARD,5.0,False,Cadillac,7929.882,2026-08-23 14:18:52.659,1,19.0,False,,False,True
8086.864,PER,11,78.483,35.0,3.0,,,26.678,28.343,23.462,8036.646,8064.989,8088.451,276.0,264.0,313.0,298.0,False,HARD,6.0,False,Cadillac,8008.381,2026-08-23 14:20:11.158,1,19.0,False,,False,True
8165.349,PER,11,78.485,36.0,3.0,,,26.558,28.414,23.513,8115.009,8143.423,8166.936,280.0,266.0,314.0,301.0,False,HARD,7.0,False,Cadillac,8086.864,2026-08-23 14:21:29.641,1,19.0,False,,False,True
8243.485,PER,11,78.136,37.0,3.0,,,26.471,28.329,23.336,8193.407,8221.736,8245.072,280.0,266.0,314.0,301.0,False,HARD,8.0,False,Cadillac,8165.349,2026-08-23 14:22:48.126,1,19.0,False,,False,True
8322.042,PER,11,78.557,38.0,3.0,,,26.587,28.418,23.552,8271.659,8300.077,8323.629,280.0,268.0,314.0,303.0,False,HARD,9.0,False,Cadillac,8243.485,2026-08-23 14:24:06.262,1,19.0,False,,False,True
8400.518,PER,11,78.476,39.0,3.0,,,26.6,28.332,23.544,8350.229,8378.561,8402.105,280.0,267.0,314.0,303.0,False,HARD,10.0,False,Cadillac,8322.042,2026-08-23 14:25:24.819,1,19.0,False,,False,True
8481.408,PER,11,80.89,40.0,3.0,,,28.42,28.936,23.534,8430.525,8459.461,8482.995,259.0,281.0,318.0,301.0,False,HARD,11.0,False,Cadillac,8400.518,2026-08-23 14:26:43.295,1,19.0,False,,False,True
8560.49,PER,11,79.082,41.0,3.0,,,26.71,28.74,23.632,8509.705,8538.445,8562.077,280.0,266.0,314.0,301.0,False,HARD,12.0,False,Cadillac,8481.408,2026-08-23 14:28:04.185,1,19.0,False,,False,True
8639.299,PER,11,78.809,42.0,3.0,,,26.734,28.565,23.51,8588.811,8617.376,8640.886,280.0,267.0,313.0,295.0,False,HARD,13.0,False,Cadillac,8560.49,2026-08-23 14:29:23.267,1,19.0,False,,False,True
8718.235,PER,11,78.936,43.0,3.0,,,26.714,28.537,23.685,8667.6,8696.137,8719.822,279.0,263.0,312.0,300.0,False,HARD,14.0,False,Cadillac,8639.299,2026-08-23 14:30:42.076,1,19.0,False,,False,True
8797.084,PER,11,78.849,44.0,3.0,,,26.661,28.592,23.596,8746.483,8775.075,8798.671,279.0,264.0,311.0,299.0,False,HARD,15.0,False,Cadillac,8718.235,2026-08-23 14:32:01.012,1,19.0,False,,False,True
8876.018,PER,11,78.934,45.0,3.0,,,26.714,28.574,23.646,8825.385,8853.959,8877.605,280.0,268.0,312.0,302.0,False,HARD,16.0,False,Cadillac,8797.084,2026-08-23 14:33:19.861,1,18.0,False,,False,True
8955.094,PER,11,79.076,46.0,3.0,,,26.825,28.634,23.617,8904.43,8933.064,8956.681,280.0,260.0,308.0,299.0,False,HARD,17.0,False,Cadillac,8876.018,2026-08-23 14:34:38.795,1,17.0,False,,False,True
9034.061,PER,11,78.967,47.0,3.0,,,26.67,28.682,23.615,8983.351,9012.033,9035.648,281.0,263.0,312.0,297.0,False,HARD,18.0,False,Cadillac,8955.094,2026-08-23 14:35:57.871,1,17.0,False,,False,True
9113.267,PER,11,79.206,48.0,3.0,,,26.755,28.71,23.741,9062.403,9091.113,9114.854,280.0,263.0,312.0,301.0,False,HARD,19.0,False,Cadillac,9034.061,2026-08-23 14:37:16.838,1,17.0,False,,False,True
9192.562,PER,11,79.295,49.0,3.0,,,26.844,28.617,23.834,9141.698,9170.315,9194.149,272.0,270.0,324.0,300.0,False,HARD,20.0,False,Cadillac,9113.267,2026-08-23 14:38:36.044,1,18.0,False,,False,True
9272.937,PER,11,80.375,50.0,3.0,,,26.684,29.164,24.527,9220.833,9249.997,9274.524,286.0,224.0,327.0,303.0,False,HARD,21.0,False,Cadillac,9192.562,2026-08-23 14:39:55.339,1,18.0,False,,False,True
9351.898,PER,11,78.961,51.0,3.0,,,26.653,28.614,23.694,9301.177,9329.791,9353.485,284.0,272.0,315.0,311.0,False,HARD,22.0,False,Cadillac,9272.937,2026-08-23 14:41:15.714,1,18.0,False,,False,True
9434.226,PER,11,82.328,52.0,3.0,,9434.623,26.639,28.667,27.022,9380.124,9408.791,9435.813,280.0,268.0,,304.0,False,HARD,23.0,False,Cadillac,9351.898,2026-08-23 14:42:34.675,1,18.0,False,,False,False
9551.548,PER,11,117.322,53.0,4.0,9453.176,,48.708,36.619,31.995,9484.521,9521.14,9553.135,132.0,180.0,236.0,304.0,False,SOFT,1.0,True,Cadillac,9434.226,2026-08-23 14:43:57.003,126,17.0,False,,False,False
9655.697,PER,11,104.149,54.0,4.0,,,35.158,37.025,31.966,9588.293,9625.318,9657.284,241.0,176.0,263.0,207.0,False,SOFT,2.0,True,Cadillac,9551.548,2026-08-23 14:45:54.325,6,17.0,False,,False,False
9749.339,PER,11,93.642,55.0,4.0,,,34.611,34.479,24.552,9691.895,9726.374,9750.926,235.0,201.0,315.0,232.0,False,SOFT,3.0,True,Cadillac,9655.697,2026-08-23 14:47:38.474,671,17.0,False,,False,False
9828.432,PER,11,79.093,56.0,4.0,,,28.156,27.827,23.11,9779.082,9806.909,9830.019,286.0,272.0,314.0,294.0,False,SOFT,4.0,True,Cadillac,9749.339,2026-08-23 14:49:12.116,1,17.0,False,,False,True
9905.581,PER,11,77.149,57.0,4.0,,,26.245,27.673,23.231,9856.264,9883.937,9907.168,280.0,264.0,308.0,303.0,False,SOFT,5.0,True,Cadillac,9828.432,2026-08-23 14:50:31.209,1,17.0,True,TRACK LIMITS AT TURN 3 LAP 57 ,False,True
9985.253,PER,11,79.672,58.0,4.0,,,27.28,29.0,23.392,9934.448,9963.448,9986.84,282.0,272.0,316.0,241.0,False,SOFT,6.0,True,Cadillac,9905.581,2026-08-23 14:51:48.358,1,17.0,False,,False,True
10066.497,PER,11,81.244,59.0,4.0,,,26.255,30.543,24.446,10013.095,10043.638,10068.084,282.0,220.0,325.0,302.0,False,SOFT,7.0,True,Cadillac,9985.253,2026-08-23 14:53:08.030,1,17.0,False,,False,True
10144.423,PER,11,77.926,60.0,4.0,,,26.545,27.964,23.417,10094.629,10122.593,10146.01,284.0,273.0,315.0,288.0,False,SOFT,8.0,True,Cadillac,10066.497,2026-08-23 14:54:29.274,1,17.0,False,,False,True
10222.697,PER,11,78.274,61.0,4.0,,,26.85,28.023,23.401,10172.86,10200.883,10224.284,277.0,267.0,313.0,299.0,False,SOFT,9.0,True,Cadillac,10144.423,2026-08-23 14:55:47.200,1,17.0,False,,False,True
10304.615,PER,11,81.918,62.0,4.0,,,26.353,29.821,25.744,10250.637,10280.458,10306.202,280.0,269.0,328.0,302.0,False,SOFT,10.0,True,Cadillac,10222.697,2026-08-23 14:57:05.474,1,17.0,False,,False,True
10383.038,PER,11,78.423,63.0,4.0,,,26.568,28.443,23.412,10332.77,10361.213,10384.625,281.0,272.0,316.0,294.0,False,SOFT,11.0,True,Cadillac,10304.615,2026-08-23 14:58:27.392,1,17.0,False,,False,True
10463.261,PER,11,80.223,64.0,4.0,,,28.283,28.515,23.425,10412.908,10441.423,10464.848,289.0,277.0,319.0,267.0,False,SOFT,12.0,True,Cadillac,10383.038,2026-08-23 14:59:45.815,1,17.0,False,,False,True
10541.397,PER,11,78.136,65.0,4.0,,,26.576,28.189,23.371,10491.424,10519.613,10542.984,282.0,267.0,314.0,306.0,False,SOFT,13.0,True,Cadillac,10463.261,2026-08-23 15:01:06.038,1,17.0,False,,False,True
10619.699,PER,11,78.302,66.0,4.0,,,26.559,28.447,23.296,10569.543,10597.99,10621.286,281.0,268.0,315.0,302.0,False,SOFT,14.0,True,Cadillac,10541.397,2026-08-23 15:02:24.174,1,16.0,False,,False,True
10714.735,PER,11,95.036,67.0,4.0,,,26.476,35.876,32.684,10647.762,10683.638,10716.322,281.0,167.0,297.0,305.0,False,SOFT,15.0,True,Cadillac,10619.699,2026-08-23 15:03:42.476,167,15.0,False,,False,False
10792.736,PER,11,78.001,68.0,4.0,,,26.846,27.875,23.28,10743.168,10771.043,10794.323,289.0,280.0,316.0,279.0,False,SOFT,16.0,True,Cadillac,10714.735,2026-08-23 15:05:17.512,71,15.0,False,,False,False
10870.372,PER,11,77.636,69.0,4.0,,,26.307,28.048,23.281,10820.63,10848.678,10871.959,281.0,263.0,317.0,306.0,True,SOFT,17.0,True,Cadillac,10792.736,2026-08-23 15:06:35.513,1,15.0,False,,False,True
10947.895,PER,11,77.523,70.0,4.0,,,26.318,28.0,23.205,10898.277,10926.277,10949.482,280.0,285.0,308.0,311.0,True,SOFT,18.0,True,Cadillac,10870.372,2026-08-23 15:07:53.149,1,15.0,False,,False,True
3489.37,ANT,12,84.884,1.0,1.0,,,,27.451,25.629,,3465.364,3491.072,290.0,280.0,319.0,216.0,False,MEDIUM,1.0,True,Mercedes,3405.791,2026-08-23 13:03:28.568,1,2.0,False,,False,False
3613.664,ANT,12,124.294,2.0,1.0,,3612.684,26.765,41.318,56.211,3517.758,3559.076,3615.287,285.0,154.0,,266.0,False,MEDIUM,2.0,True,Mercedes,3489.37,2026-08-23 13:04:52.147,125,2.0,False,,False,False
5317.051,ANT,12,,3.0,2.0,5185.178,,,35.121,62.344,,5256.33,5318.677,230.0,216.0,81.0,266.0,False,MEDIUM,3.0,False,Mercedes,5177.312,2026-08-23 13:33:00.089,1,2.0,False,,False,False
5514.99,ANT,12,,4.0,2.0,,,,28.874,56.249,,5460.479,5516.681,243.0,249.0,63.0,154.0,False,MEDIUM,4.0,False,Mercedes,5317.051,2026-08-23 13:35:19.828,12,2.0,False,,False,False
5657.241,ANT,12,142.251,5.0,2.0,,,91.889,27.352,23.01,5608.502,5635.854,5658.864,260.0,259.0,318.0,215.0,True,MEDIUM,5.0,False,Mercedes,5514.99,2026-08-23 13:38:37.767,12,1.0,False,,False,True
5734.223,ANT,12,76.982,6.0,2.0,,,26.349,27.544,23.089,5685.213,5712.757,5735.846,271.0,271.0,319.0,300.0,True,MEDIUM,6.0,False,Mercedes,5657.241,2026-08-23 13:41:00.018,1,1.0,False,,False,True
5810.904,ANT,12,76.681,7.0,2.0,,,26.282,27.411,22.988,5762.128,5789.539,5812.527,272.0,271.0,318.0,304.0,True,MEDIUM,7.0,False,Mercedes,5734.223,2026-08-23 13:42:17.000,1,1.0,False,,False,True
5887.707,ANT,12,76.803,8.0,2.0,,,26.25,27.606,22.947,5838.777,5866.383,5889.33,273.0,271.0,320.0,302.0,False,MEDIUM,8.0,False,Mercedes,5810.904,2026-08-23 13:43:33.681,1,1.0,False,,False,True
5964.259,ANT,12,76.552,9.0,2.0,,,25.963,27.608,22.981,5915.293,5942.901,5965.882,277.0,270.0,319.0,309.0,True,MEDIUM,9.0,False,Mercedes,5887.707,2026-08-23 13:44:50.484,1,1.0,False,,False,True
6040.978,ANT,12,76.719,10.0,2.0,,,26.069,27.742,22.908,5991.951,6019.693,6042.601,276.0,271.0,320.0,309.0,False,MEDIUM,10.0,False,Mercedes,5964.259,2026-08-23 13:46:07.036,1,1.0,False,,False,True
6117.686,ANT,12,76.708,11.0,2.0,,,25.885,27.877,22.946,6068.486,6096.363,6119.309,278.0,268.0,320.0,311.0,False,MEDIUM,11.0,False,Mercedes,6040.978,2026-08-23 13:47:23.755,1,1.0,False,,False,True
6194.555,ANT,12,76.869,12.0,2.0,,,26.063,27.871,22.935,6145.372,6173.243,6196.178,278.0,271.0,319.0,312.0,False,MEDIUM,12.0,False,Mercedes,6117.686,2026-08-23 13:48:40.463,1,1.0,False,,False,True
6271.613,ANT,12,77.058,13.0,2.0,,,25.964,28.052,23.042,6222.142,6250.194,6273.236,277.0,270.0,310.0,306.0,False,MEDIUM,13.0,False,Mercedes,6194.555,2026-08-23 13:49:57.332,1,1.0,False,,False,True
6348.594,ANT,12,76.981,14.0,2.0,,,26.002,27.995,22.984,6299.238,6327.233,6350.217,284.0,272.0,314.0,293.0,False,MEDIUM,14.0,False,Mercedes,6271.613,2026-08-23 13:51:14.390,1,1.0,False,,False,True
6425.817,ANT,12,77.223,15.0,2.0,,,25.963,28.052,23.208,6376.18,6404.232,6427.44,283.0,272.0,314.0,296.0,False,MEDIUM,15.0,False,Mercedes,6348.594,2026-08-23 13:52:31.371,1,1.0,False,,False,True
6503.183,ANT,12,77.366,16.0,2.0,,,26.013,28.202,23.151,6453.453,6481.655,6504.806,285.0,272.0,314.0,293.0,False,MEDIUM,16.0,False,Mercedes,6425.817,2026-08-23 13:53:48.594,1,1.0,False,,False,True
6580.496,ANT,12,77.313,17.0,2.0,,,26.006,28.035,23.272,6530.812,6558.847,6582.119,283.0,274.0,313.0,293.0,False,MEDIUM,17.0,False,Mercedes,6503.183,2026-08-23 13:55:05.960,1,1.0,False,,False,True
6657.84,ANT,12,77.344,18.0,2.0,,,26.163,28.102,23.079,6608.282,6636.384,6659.463,283.0,275.0,317.0,295.0,False,MEDIUM,18.0,False,Mercedes,6580.496,2026-08-23 13:56:23.273,1,1.0,False,,False,True
6735.282,ANT,12,77.442,19.0,2.0,,,26.025,28.154,23.263,6685.488,6713.642,6736.905,284.0,274.0,316.0,296.0,False,MEDIUM,19.0,False,Mercedes,6657.84,2026-08-23 13:57:40.617,1,1.0,False,,False,True
6812.883,ANT,12,77.601,20.0,2.0,,,26.185,28.186,23.23,6763.09,6791.276,6814.506,282.0,275.0,316.0,293.0,False,MEDIUM,20.0,False,Mercedes,6735.282,2026-08-23 13:58:58.059,1,1.0,False,,False,True
6893.422,ANT,12,80.539,21.0,2.0,,6893.788,26.029,28.472,26.038,6840.535,6869.007,6895.045,283.0,273.0,,294.0,False,MEDIUM,21.0,False,Mercedes,6812.883,2026-08-23 14:00:15.660,1,1.0,False,,False,False
6987.625,ANT,12,94.203,22.0,3.0,6912.626,,44.084,27.269,22.85,6939.129,6966.398,6989.248,282.0,274.0,316.0,294.0,False,HARD,1.0,True,Mercedes,6893.422,2026-08-23 14:01:36.199,1,2.0,False,,False,False
7063.429,ANT,12,75.804,23.0,3.0,,,25.706,27.354,22.744,7014.954,7042.308,7065.052,283.0,275.0,315.0,295.0,True,HARD,2.0,True,Mercedes,6987.625,2026-08-23 14:03:10.402,1,2.0,False,,False,True
7139.574,ANT,12,76.145,24.0,3.0,,,25.772,27.542,22.831,7090.824,7118.366,7141.197,285.0,275.0,317.0,293.0,False,HARD,3.0,True,Mercedes,7063.429,2026-08-23 14:04:26.206,1,2.0,False,,False,True
7215.839,ANT,12,76.265,25.0,3.0,,,25.828,27.53,22.907,7167.025,7194.555,7217.462,285.0,277.0,317.0,290.0,False,HARD,4.0,True,Mercedes,7139.574,2026-08-23 14:05:42.351,1,1.0,False,,False,True
7292.047,ANT,12,76.208,26.0,3.0,,,25.747,27.592,22.869,7243.209,7270.801,7293.67,283.0,275.0,317.0,289.0,False,HARD,5.0,True,Mercedes,7215.839,2026-08-23 14:06:58.616,1,1.0,False,,False,True
7368.171,ANT,12,76.124,27.0,3.0,,,25.702,27.653,22.769,7319.372,7347.025,7369.794,285.0,276.0,318.0,296.0,False,HARD,6.0,True,Mercedes,7292.047,2026-08-23 14:08:14.824,1,1.0,False,,False,True
7444.366,ANT,12,76.195,28.0,3.0,,,25.781,27.521,22.893,7395.575,7423.096,7445.989,285.0,277.0,321.0,295.0,False,HARD,7.0,True,Mercedes,7368.171,2026-08-23 14:09:30.948,1,1.0,False,,False,True
7520.539,ANT,12,76.173,29.0,3.0,,,25.724,27.426,23.023,7471.713,7499.139,7522.162,284.0,280.0,319.0,297.0,False,HARD,8.0,True,Mercedes,7444.366,2026-08-23 14:10:47.143,1,1.0,False,,False,True
7597.012,ANT,12,76.473,30.0,3.0,,,25.816,27.51,23.147,7547.978,7575.488,7598.635,288.0,270.0,328.0,295.0,False,HARD,9.0,True,Mercedes,7520.539,2026-08-23 14:12:03.316,1,1.0,False,,False,True
7673.093,ANT,12,76.081,31.0,3.0,,,25.669,27.598,22.814,7624.304,7651.902,7674.716,287.0,277.0,322.0,306.0,False,HARD,10.0,True,Mercedes,7597.012,2026-08-23 14:13:19.789,1,1.0,False,,False,True
7749.537,ANT,12,76.444,32.0,3.0,,,25.831,27.669,22.944,7700.547,7728.216,7751.16,280.0,277.0,324.0,315.0,False,HARD,11.0,True,Mercedes,7673.093,2026-08-23 14:14:35.870,1,1.0,False,,False,True
7826.141,ANT,12,76.604,33.0,3.0,,,25.88,27.787,22.937,7777.04,7804.827,7827.764,281.0,273.0,323.0,317.0,False,HARD,12.0,True,Mercedes,7749.537,2026-08-23 14:15:52.314,1,1.0,False,,False,True
7902.545,ANT,12,76.404,34.0,3.0,,,25.801,27.668,22.935,7853.565,7881.233,7904.168,279.0,280.0,324.0,308.0,False,HARD,13.0,True,Mercedes,7826.141,2026-08-23 14:17:08.918,1,1.0,False,,False,True
7979.383,ANT,12,76.838,35.0,3.0,,,25.85,28.014,22.974,7930.018,7958.032,7981.006,282.0,278.0,325.0,313.0,False,HARD,14.0,True,Mercedes,7902.545,2026-08-23 14:18:25.322,1,1.0,False,,False,True
8056.857,ANT,12,77.474,36.0,3.0,,,25.973,28.469,23.032,8006.979,8035.448,8058.48,283.0,275.0,324.0,310.0,False,HARD,15.0,True,Mercedes,7979.383,2026-08-23 14:19:42.160,1,1.0,False,,False,True
8134.001,ANT,12,77.144,37.0,3.0,,,25.966,28.125,23.053,8084.446,8112.571,8135.624,280.0,276.0,322.0,312.0,False,HARD,16.0,True,Mercedes,8056.857,2026-08-23 14:20:59.634,1,1.0,False,,False,True
8210.407,ANT,12,76.406,38.0,3.0,,,25.918,27.566,22.922,8161.542,8189.108,8212.03,278.0,279.0,322.0,306.0,False,HARD,17.0,True,Mercedes,8134.001,2026-08-23 14:22:16.778,1,1.0,False,,False,True
8287.121,ANT,12,76.714,39.0,3.0,,,25.92,27.764,23.03,8237.95,8265.714,8288.744,281.0,275.0,324.0,312.0,False,HARD,18.0,True,Mercedes,8210.407,2026-08-23 14:23:33.184,1,1.0,False,,False,True
8366.51,ANT,12,79.389,40.0,3.0,,8366.845,25.915,27.829,25.645,8314.659,8342.488,8368.133,282.0,276.0,,311.0,False,HARD,19.0,True,Mercedes,8287.121,2026-08-23 14:24:49.898,1,2.0,False,,False,False
8459.094,ANT,12,92.584,41.0,4.0,8384.638,,42.62,27.321,22.643,8410.753,8438.074,8460.717,292.0,282.0,325.0,311.0,False,HARD,1.0,True,Mercedes,8366.51,2026-08-23 14:26:09.287,1,4.0,False,,False,False
8534.794,ANT,12,75.7,42.0,4.0,,,25.697,27.309,22.694,8486.414,8513.723,8536.417,279.0,279.0,321.0,319.0,True,HARD,2.0,True,Mercedes,8459.094,2026-08-23 14:27:41.871,1,4.0,False,,False,True
8610.681,ANT,12,75.887,43.0,4.0,,,25.783,27.266,22.838,8562.2,8589.466,8612.304,278.0,280.0,322.0,311.0,False,HARD,3.0,True,Mercedes,8534.794,2026-08-23 14:28:57.571,1,4.0,False,,False,True
8686.921,ANT,12,76.24,44.0,4.0,,,25.726,27.554,22.96,8638.03,8665.584,8688.544,279.0,278.0,308.0,316.0,False,HARD,4.0,True,Mercedes,8610.681,2026-08-23 14:30:13.458,1,3.0,False,,False,True
8763.026,ANT,12,76.105,45.0,4.0,,,25.864,27.355,22.886,8714.408,8741.763,8764.649,288.0,282.0,325.0,300.0,False,HARD,5.0,True,Mercedes,8686.921,2026-08-23 14:31:29.698,1,3.0,False,,False,True
8838.754,ANT,12,75.728,46.0,4.0,,,25.682,27.272,22.774,8790.331,8817.603,8840.377,289.0,280.0,321.0,313.0,False,HARD,6.0,True,Mercedes,8763.026,2026-08-23 14:32:45.803,1,3.0,False,,False,True
8914.713,ANT,12,75.959,47.0,4.0,,,25.764,27.344,22.851,8866.141,8893.485,8916.336,286.0,279.0,322.0,304.0,False,HARD,7.0,True,Mercedes,8838.754,2026-08-23 14:34:01.531,1,3.0,False,,False,True
8990.687,ANT,12,75.974,48.0,4.0,,,25.679,27.444,22.851,8942.015,8969.459,8992.31,289.0,278.0,322.0,308.0,False,HARD,8.0,True,Mercedes,8914.713,2026-08-23 14:35:17.490,1,2.0,False,,False,True
9066.537,ANT,12,75.85,49.0,4.0,,,25.633,27.471,22.746,9017.943,9045.414,9068.16,290.0,278.0,322.0,307.0,False,HARD,9.0,True,Mercedes,8990.687,2026-08-23 14:36:33.464,1,2.0,False,,False,True
9142.479,ANT,12,75.942,50.0,4.0,,,25.674,27.453,22.815,9093.834,9121.287,9144.102,287.0,280.0,323.0,306.0,False,HARD,10.0,True,Mercedes,9066.537,2026-08-23 14:37:49.314,1,2.0,False,,False,True
9218.244,ANT,12,75.765,51.0,4.0,,,25.651,27.355,22.759,9169.753,9197.108,9219.867,288.0,280.0,324.0,309.0,False,HARD,11.0,True,Mercedes,9142.479,2026-08-23 14:39:05.256,1,2.0,False,,False,True
9293.832,ANT,12,75.588,52.0,4.0,,,25.629,27.226,22.733,9245.496,9272.722,9295.455,288.0,281.0,339.0,314.0,True,HARD,12.0,True,Mercedes,9218.244,2026-08-23 14:40:21.021,1,2.0,False,,False,True
9370.172,ANT,12,76.34,53.0,4.0,,,25.89,27.507,22.943,9321.345,9348.852,9371.795,284.0,280.0,341.0,326.0,False,HARD,13.0,True,Mercedes,9293.832,2026-08-23 14:41:36.609,1,2.0,False,,False,True
9448.054,ANT,12,77.882,54.0,4.0,,,26.51,28.296,23.076,9398.305,9426.601,9449.677,296.0,273.0,344.0,311.0,False,HARD,14.0,True,Mercedes,9370.172,2026-08-23 14:42:52.949,12,3.0,False,,False,True
9545.49,ANT,12,97.436,55.0,4.0,,,27.147,38.49,31.799,9476.824,9515.314,9547.113,180.0,224.0,215.0,317.0,False,HARD,15.0,True,Mercedes,9448.054,2026-08-23 14:44:10.831,26,2.0,False,,False,False
9649.7,ANT,12,104.21,56.0,4.0,,9650.115,35.848,36.551,31.811,9582.961,9619.512,9651.323,245.0,215.0,,244.0,False,HARD,16.0,True,Mercedes,9545.49,2026-08-23 14:45:48.267,6,2.0,False,,False,False
9756.91,ANT,12,107.21,57.0,5.0,9669.206,,50.402,33.979,22.829,9701.725,9735.704,9758.533,242.0,277.0,325.0,244.0,False,SOFT,4.0,False,Mercedes,9649.7,2026-08-23 14:47:32.477,671,3.0,False,,False,False
9831.6,ANT,12,74.69,58.0,5.0,,,25.557,26.753,22.38,9784.09,9810.843,9833.223,281.0,276.0,322.0,313.0,True,SOFT,5.0,False,Mercedes,9756.91,2026-08-23 14:49:19.687,1,3.0,False,,False,True
9906.171,ANT,12,74.571,59.0,5.0,,,25.362,26.702,22.507,9858.585,9885.287,9907.794,279.0,269.0,332.0,318.0,True,SOFT,6.0,False,Mercedes,9831.6,2026-08-23 14:50:34.377,1,3.0,False,,False,True
9980.909,ANT,12,74.738,60.0,5.0,,,25.623,26.64,22.475,9933.417,9960.057,9982.532,289.0,267.0,323.0,273.0,False,SOFT,7.0,False,Mercedes,9906.171,2026-08-23 14:51:48.948,1,3.0,False,,False,True
10055.588,ANT,12,74.679,61.0,5.0,,,25.444,26.7,22.535,10007.976,10034.676,10057.211,286.0,280.0,321.0,296.0,False,SOFT,8.0,False,Mercedes,9980.909,2026-08-23 14:53:03.686,1,3.0,False,,False,True
10130.395,ANT,12,74.807,62.0,5.0,,,25.519,26.917,22.371,10082.73,10109.647,10132.018,292.0,283.0,322.0,295.0,False,SOFT,9.0,False,Mercedes,10055.588,2026-08-23 14:54:18.365,1,3.0,False,,False,True
10205.493,ANT,12,75.098,63.0,5.0,,,25.373,27.109,22.616,10157.391,10184.5,10207.116,278.0,275.0,314.0,309.0,False,SOFT,10.0,False,Mercedes,10130.395,2026-08-23 14:55:33.172,1,3.0,False,,False,True
10280.363,ANT,12,74.87,64.0,5.0,,,25.415,26.989,22.466,10232.531,10259.52,10281.986,287.0,282.0,325.0,298.0,False,SOFT,11.0,False,Mercedes,10205.493,2026-08-23 14:56:48.270,1,3.0,False,,False,True
10355.581,ANT,12,75.218,65.0,5.0,,,25.373,27.241,22.604,10307.359,10334.6,10357.204,288.0,283.0,325.0,309.0,False,SOFT,12.0,False,Mercedes,10280.363,2026-08-23 14:58:03.140,1,3.0,False,,False,True
10430.834,ANT,12,75.253,66.0,5.0,,,25.38,27.044,22.829,10382.584,10409.628,10432.457,291.0,266.0,322.0,296.0,False,SOFT,13.0,False,Mercedes,10355.581,2026-08-23 14:59:18.358,1,2.0,False,,False,True
10506.239,ANT,12,75.405,67.0,5.0,,,25.688,27.045,22.672,10458.145,10485.19,10507.862,285.0,278.0,317.0,299.0,False,SOFT,14.0,False,Mercedes,10430.834,2026-08-23 15:00:33.611,1,2.0,False,,False,True
10581.538,ANT,12,75.299,68.0,5.0,,,25.55,27.09,22.659,10533.412,10560.502,10583.161,287.0,279.0,320.0,297.0,False,SOFT,15.0,False,Mercedes,10506.239,2026-08-23 15:01:49.016,1,2.0,False,,False,True
10656.721,ANT,12,75.183,69.0,5.0,,,25.443,27.149,22.591,10608.604,10635.753,10658.344,288.0,280.0,322.0,298.0,False,SOFT,16.0,False,Mercedes,10581.538,2026-08-23 15:03:04.315,1,2.0,False,,False,True
10749.807,ANT,12,93.086,70.0,5.0,,,37.779,32.498,22.809,10696.123,10728.621,10751.43,183.0,274.0,323.0,277.0,False,SOFT,17.0,False,Mercedes,10656.721,2026-08-23 15:04:19.498,167,2.0,False,,False,False
10824.891,ANT,12,75.084,71.0,5.0,,,25.46,26.981,22.643,10776.89,10803.871,10826.514,287.0,280.0,323.0,304.0,False,SOFT,18.0,False,Mercedes,10749.807,2026-08-23 15:05:52.584,1,2.0,False,,False,True
10900.849,ANT,12,75.958,72.0,5.0,,,25.491,27.519,22.948,10852.005,10879.524,10902.472,288.0,281.0,299.0,304.0,False,SOFT,19.0,False,Mercedes,10824.891,2026-08-23 15:07:07.668,1,2.0,False,,False,True
3501.451,ALO,14,96.971,1.0,1.0,,,,29.843,30.264,,3472.806,3503.172,283.0,270.0,272.0,191.0,False,SOFT,1.0,True,Aston Martin,3405.791,2026-08-23 13:03:28.568,12,15.0,False,,False,False
3651.052,ALO,14,149.601,2.0,1.0,,3650.253,34.915,44.411,70.275,3537.985,3582.396,3652.671,122.0,186.0,,247.0,False,SOFT,2.0,True,Aston Martin,3501.451,2026-08-23 13:05:04.228,25,15.0,False,,False,False
5420.523,ALO,14,,3.0,2.0,5237.467,,,29.481,,,5296.798,,265.0,243.0,55.0,247.0,False,SOFT,1.0,True,Aston Martin,5177.312,2026-08-23 13:33:00.089,12,14.0,False,,False,False
5580.42,ALO,14,,4.0,2.0,,,42.836,30.369,86.761,5464.99,5495.352,5582.154,266.0,224.0,107.0,136.0,False,SOFT,2.0,True,Aston Martin,5420.523,2026-08-23 13:37:03.300,1,14.0,False,,False,False
5665.192,ALO,14,84.772,5.0,2.0,,,30.822,29.134,24.816,5612.861,5641.995,5666.811,262.0,291.0,312.0,227.0,True,SOFT,3.0,True,Aston Martin,5580.42,2026-08-23 13:39:43.197,12,14.0,False,,False,True
5745.847,ALO,14,80.655,6.0,2.0,,,27.711,28.856,24.088,5694.522,5723.378,5747.466,278.0,268.0,305.0,294.0,True,SOFT,4.0,True,Aston Martin,5665.192,2026-08-23 13:41:07.969,1,14.0,False,,False,True
5825.691,ALO,14,79.844,7.0,2.0,,,27.498,28.566,23.78,5774.964,5803.53,5827.31,271.0,268.0,322.0,273.0,True,SOFT,5.0,True,Aston Martin,5745.847,2026-08-23 13:42:28.624,1,15.0,False,,False,True
5904.825,ALO,14,79.134,8.0,2.0,,,26.82,28.593,23.721,5854.13,5882.723,5906.444,270.0,269.0,322.0,300.0,True,SOFT,6.0,True,Aston Martin,5825.691,2026-08-23 13:43:48.468,1,15.0,False,,False,True
5983.8,ALO,14,78.975,9.0,2.0,,,26.768,28.551,23.656,5933.212,5961.763,5985.419,270.0,267.0,308.0,296.0,True,SOFT,7.0,True,Aston Martin,5904.825,2026-08-23 13:45:07.602,1,14.0,False,,False,True
6062.957,ALO,14,79.157,10.0,2.0,,,26.759,28.799,23.599,6012.178,6040.977,6064.576,272.0,267.0,309.0,294.0,False,SOFT,8.0,True,Aston Martin,5983.8,2026-08-23 13:46:26.577,1,14.0,False,,False,True
6142.139,ALO,14,79.182,11.0,2.0,,,26.765,28.895,23.522,6091.341,6120.236,6143.758,272.0,266.0,308.0,301.0,False,SOFT,9.0,True,Aston Martin,6062.957,2026-08-23 13:47:45.734,1,13.0,False,,False,True
6220.864,ALO,14,78.725,12.0,2.0,,,26.654,28.432,23.639,6170.412,6198.844,6222.483,271.0,266.0,310.0,300.0,True,SOFT,10.0,True,Aston Martin,6142.139,2026-08-23 13:49:04.916,1,13.0,False,,False,True
6299.874,ALO,14,79.01,13.0,2.0,,,26.827,28.599,23.584,6249.31,6277.909,6301.493,267.0,264.0,322.0,296.0,False,SOFT,11.0,True,Aston Martin,6220.864,2026-08-23 13:50:23.641,1,13.0,False,,False,True
6378.9,ALO,14,79.026,14.0,2.0,,,26.738,28.601,23.687,6328.231,6356.832,6380.519,274.0,269.0,324.0,302.0,False,SOFT,12.0,True,Aston Martin,6299.874,2026-08-23 13:51:42.651,1,13.0,False,,False,True
6457.993,ALO,14,79.093,15.0,2.0,,,26.626,28.66,23.807,6407.145,6435.805,6459.612,273.0,273.0,327.0,299.0,False,SOFT,13.0,True,Aston Martin,6378.9,2026-08-23 13:53:01.677,1,13.0,False,,False,True
6537.759,ALO,14,79.766,16.0,2.0,,,26.805,29.124,23.837,6486.417,6515.541,6539.378,264.0,267.0,318.0,303.0,False,SOFT,14.0,True,Aston Martin,6457.993,2026-08-23 13:54:20.770,1,12.0,False,,False,True
6616.316,ALO,14,78.557,17.0,2.0,,,26.452,28.555,23.55,6565.83,6594.385,6617.935,272.0,265.0,309.0,310.0,True,SOFT,15.0,True,Aston Martin,6537.759,2026-08-23 13:55:40.536,1,12.0,False,,False,True
6695.366,ALO,14,79.05,18.0,2.0,,,26.604,28.639,23.807,6644.539,6673.178,6696.985,271.0,265.0,311.0,304.0,False,SOFT,16.0,True,Aston Martin,6616.316,2026-08-23 13:56:59.093,1,12.0,False,,False,True
6774.232,ALO,14,78.866,19.0,2.0,,,26.647,28.644,23.575,6723.632,6752.276,6775.851,273.0,267.0,322.0,304.0,False,SOFT,17.0,True,Aston Martin,6695.366,2026-08-23 13:58:18.143,1,10.0,False,,False,True
6853.423,ALO,14,79.191,20.0,2.0,,,26.672,28.806,23.713,6802.523,6831.329,6855.042,270.0,265.0,322.0,313.0,False,SOFT,18.0,True,Aston Martin,6774.232,2026-08-23 13:59:37.009,1,9.0,False,,False,True
6932.333,ALO,14,78.91,21.0,2.0,,,26.556,28.821,23.533,6881.598,6910.419,6933.952,271.0,263.0,319.0,307.0,False,SOFT,19.0,True,Aston Martin,6853.423,2026-08-23 14:00:56.200,1,9.0,False,,False,True
7011.534,ALO,14,79.201,22.0,2.0,,,26.667,28.811,23.723,6960.619,6989.43,7013.153,271.0,264.0,317.0,300.0,False,SOFT,20.0,True,Aston Martin,6932.333,2026-08-23 14:02:15.110,1,8.0,False,,False,True
7091.56,ALO,14,80.026,23.0,2.0,,,27.158,28.975,23.893,7040.311,7069.286,7093.179,273.0,266.0,305.0,280.0,False,SOFT,21.0,True,Aston Martin,7011.534,2026-08-23 14:03:34.311,1,9.0,False,,False,True
7170.685,ALO,14,79.125,24.0,2.0,,,26.785,28.591,23.749,7119.964,7148.555,7172.304,273.0,269.0,321.0,292.0,False,SOFT,22.0,True,Aston Martin,7091.56,2026-08-23 14:04:54.337,1,9.0,False,,False,True
7249.693,ALO,14,79.008,25.0,2.0,,,26.545,28.717,23.746,7198.849,7227.566,7251.312,275.0,271.0,320.0,300.0,False,SOFT,23.0,True,Aston Martin,7170.685,2026-08-23 14:06:13.462,1,9.0,False,,False,True
7328.946,ALO,14,79.253,26.0,2.0,,,26.614,28.953,23.686,7277.926,7306.879,7330.565,274.0,266.0,313.0,300.0,False,SOFT,24.0,True,Aston Martin,7249.693,2026-08-23 14:07:32.470,1,8.0,False,,False,True
7407.823,ALO,14,78.877,27.0,2.0,,,26.46,28.777,23.64,7357.025,7385.802,7409.442,270.0,263.0,297.0,295.0,False,SOFT,25.0,True,Aston Martin,7328.946,2026-08-23 14:08:51.723,1,8.0,False,,False,True
7486.907,ALO,14,79.084,28.0,2.0,,,26.663,28.715,23.706,7436.105,7464.82,7488.526,268.0,262.0,295.0,290.0,False,SOFT,26.0,True,Aston Martin,7407.823,2026-08-23 14:10:10.600,1,8.0,False,,False,True
7565.913,ALO,14,79.006,29.0,2.0,,,26.692,28.612,23.702,7515.218,7543.83,7567.532,271.0,265.0,294.0,289.0,False,SOFT,27.0,True,Aston Martin,7486.907,2026-08-23 14:11:29.684,1,8.0,False,,False,True
7644.953,ALO,14,79.04,30.0,2.0,,,26.758,28.655,23.627,7594.29,7622.945,7646.572,271.0,265.0,296.0,288.0,False,SOFT,28.0,True,Aston Martin,7565.913,2026-08-23 14:12:48.690,1,8.0,False,,False,True
7723.928,ALO,14,78.975,31.0,2.0,,,26.655,28.674,23.646,7673.227,7701.901,7725.547,269.0,264.0,296.0,289.0,False,SOFT,29.0,True,Aston Martin,7644.953,2026-08-23 14:14:07.730,1,8.0,False,,False,True
7802.909,ALO,14,78.981,32.0,2.0,,,26.695,28.621,23.665,7752.242,7780.863,7804.528,269.0,264.0,300.0,290.0,False,SOFT,30.0,True,Aston Martin,7723.928,2026-08-23 14:15:26.705,1,8.0,False,,False,True
7881.98,ALO,14,79.071,33.0,2.0,,,26.688,28.652,23.731,7831.216,7859.868,7883.599,269.0,263.0,297.0,292.0,False,SOFT,31.0,True,Aston Martin,7802.909,2026-08-23 14:16:45.686,1,8.0,False,,False,True
7964.666,ALO,14,82.686,34.0,2.0,,7965.044,26.794,29.156,26.736,7910.393,7939.549,7966.285,271.0,263.0,,290.0,False,SOFT,32.0,True,Aston Martin,7881.98,2026-08-23 14:18:04.757,1,9.0,False,,False,False
8059.269,ALO,14,94.603,35.0,3.0,7982.723,,43.16,28.077,23.366,8009.445,8037.522,8060.888,274.0,274.0,320.0,290.0,False,HARD,1.0,True,Aston Martin,7964.666,2026-08-23 14:19:27.443,1,13.0,False,,False,False
8138.289,ALO,14,79.02,36.0,3.0,,,26.892,27.979,24.149,8087.78,8115.759,8139.908,268.0,290.0,320.0,289.0,False,HARD,2.0,True,Aston Martin,8059.269,2026-08-23 14:21:02.046,1,12.0,False,,False,True
8217.113,ALO,14,78.824,37.0,3.0,,,27.018,28.012,23.794,8166.926,8194.938,8218.732,263.0,268.0,335.0,288.0,False,HARD,3.0,True,Aston Martin,8138.289,2026-08-23 14:22:21.066,1,12.0,False,,False,True
8295.123,ALO,14,78.01,38.0,3.0,,,26.582,28.12,23.308,8245.314,8273.434,8296.742,272.0,271.0,300.0,296.0,True,HARD,4.0,True,Aston Martin,8217.113,2026-08-23 14:23:39.890,1,11.0,False,,False,True
8372.611,ALO,14,77.488,39.0,3.0,,,26.368,27.887,23.233,8323.11,8350.997,8374.23,271.0,265.0,302.0,294.0,True,HARD,5.0,True,Aston Martin,8295.123,2026-08-23 14:24:57.900,1,11.0,False,,False,True
8449.937,ALO,14,77.326,40.0,3.0,,,26.301,27.771,23.254,8400.531,8428.302,8451.556,270.0,264.0,302.0,294.0,True,HARD,6.0,True,Aston Martin,8372.611,2026-08-23 14:26:15.388,1,11.0,False,,False,True
8527.054,ALO,14,77.117,41.0,3.0,,,26.167,27.774,23.176,8477.723,8505.497,8528.673,269.0,264.0,301.0,295.0,True,HARD,7.0,True,Aston Martin,8449.937,2026-08-23 14:27:32.714,1,11.0,False,,False,True
8607.201,ALO,14,80.147,42.0,3.0,,,26.322,28.486,25.339,8554.995,8583.481,8608.82,268.0,253.0,321.0,293.0,False,HARD,8.0,True,Aston Martin,8527.054,2026-08-23 14:28:49.831,1,11.0,False,,False,True
8684.812,ALO,14,77.611,43.0,3.0,,,26.395,27.965,23.251,8635.215,8663.18,8686.431,271.0,267.0,305.0,301.0,False,HARD,9.0,True,Aston Martin,8607.201,2026-08-23 14:30:09.978,1,11.0,False,,False,True
8761.895,ALO,14,77.083,44.0,3.0,,,26.182,27.727,23.174,8712.613,8740.34,8763.514,273.0,273.0,303.0,299.0,True,HARD,10.0,True,Aston Martin,8684.812,2026-08-23 14:31:27.589,1,11.0,False,,False,True
8840.513,ALO,14,78.618,45.0,3.0,,,27.093,28.179,23.346,8790.607,8818.786,8842.132,230.0,271.0,308.0,298.0,False,HARD,11.0,True,Aston Martin,8761.895,2026-08-23 14:32:44.672,1,10.0,False,,False,True
8917.719,ALO,14,77.206,46.0,3.0,,,26.191,27.824,23.191,8868.323,8896.147,8919.338,273.0,268.0,305.0,302.0,False,HARD,12.0,True,Aston Martin,8840.513,2026-08-23 14:34:03.290,1,10.0,False,,False,True
8995.254,ALO,14,77.535,47.0,3.0,,,26.143,27.767,23.625,8945.481,8973.248,8996.873,275.0,268.0,290.0,298.0,False,HARD,13.0,True,Aston Martin,8917.719,2026-08-23 14:35:20.496,1,9.0,False,,False,True
9072.924,ALO,14,77.67,48.0,3.0,,,26.664,27.794,23.212,9023.537,9051.331,9074.543,277.0,281.0,304.0,277.0,False,HARD,14.0,True,Aston Martin,8995.254,2026-08-23 14:36:38.031,1,9.0,False,,False,True
9150.33,ALO,14,77.406,49.0,3.0,,,26.217,27.816,23.373,9100.76,9128.576,9151.949,274.0,271.0,293.0,298.0,False,HARD,15.0,True,Aston Martin,9072.924,2026-08-23 14:37:55.701,1,9.0,False,,False,True
9228.416,ALO,14,78.086,50.0,3.0,,,26.859,27.862,23.365,9178.808,9206.67,9230.035,276.0,289.0,304.0,271.0,False,HARD,16.0,True,Aston Martin,9150.33,2026-08-23 14:39:13.107,1,9.0,False,,False,True
9307.142,ALO,14,78.726,51.0,3.0,,,27.393,27.904,23.429,9257.428,9285.332,9308.761,275.0,270.0,298.0,300.0,False,HARD,17.0,True,Aston Martin,9228.416,2026-08-23 14:40:31.193,1,9.0,False,,False,True
9384.428,ALO,14,77.286,52.0,3.0,,,26.265,27.878,23.143,9335.026,9362.904,9386.047,267.0,270.0,306.0,294.0,False,HARD,18.0,True,Aston Martin,9307.142,2026-08-23 14:41:49.919,1,9.0,False,,False,True
9461.701,ALO,14,77.273,53.0,3.0,,,26.197,27.886,23.19,9412.244,9440.13,9463.32,267.0,265.0,307.0,300.0,False,HARD,19.0,True,Aston Martin,9384.428,2026-08-23 14:43:07.205,12,9.0,False,,False,True
9563.202,ALO,14,101.501,54.0,3.0,,,32.144,37.933,31.424,9495.464,9533.397,9564.821,233.0,178.0,242.0,299.0,False,HARD,20.0,True,Aston Martin,9461.701,2026-08-23 14:44:24.478,26,9.0,False,,False,False
9666.725,ALO,14,103.523,55.0,3.0,,,39.381,34.07,30.072,9604.202,9638.272,9668.344,249.0,144.0,275.0,254.0,False,HARD,21.0,True,Aston Martin,9563.202,2026-08-23 14:46:05.979,6,9.0,False,,False,False
9760.144,ALO,14,93.419,56.0,3.0,,,38.668,31.265,23.486,9707.012,9738.277,9761.763,274.0,272.0,307.0,237.0,False,HARD,22.0,True,Aston Martin,9666.725,2026-08-23 14:47:49.502,671,9.0,False,,False,False
9837.27,ALO,14,77.126,57.0,3.0,,,26.127,27.737,23.262,9787.89,9815.627,9838.889,284.0,268.0,307.0,301.0,False,HARD,23.0,True,Aston Martin,9760.144,2026-08-23 14:49:22.921,1,9.0,False,,False,True
9915.359,ALO,14,78.089,58.0,3.0,,,26.233,27.792,24.064,9865.122,9892.914,9916.978,272.0,268.0,325.0,302.0,False,HARD,24.0,True,Aston Martin,9837.27,2026-08-23 14:50:40.047,1,9.0,False,,False,True
9992.305,ALO,14,76.946,59.0,3.0,,,26.069,27.729,23.148,9943.047,9970.776,9993.924,275.0,269.0,309.0,314.0,True,HARD,25.0,True,Aston Martin,9915.359,2026-08-23 14:51:58.136,1,9.0,False,,False,True
10069.404,ALO,14,77.099,60.0,3.0,,,26.104,27.822,23.173,10020.028,10047.85,10071.023,275.0,270.0,307.0,300.0,False,HARD,26.0,True,Aston Martin,9992.305,2026-08-23 14:53:15.082,1,9.0,False,,False,True
10146.687,ALO,14,77.283,61.0,3.0,,,26.159,27.803,23.321,10097.182,10124.985,10148.306,274.0,271.0,307.0,299.0,False,HARD,27.0,True,Aston Martin,10069.404,2026-08-23 14:54:32.181,1,9.0,False,,False,True
10224.329,ALO,14,77.642,62.0,3.0,,,26.395,27.981,23.266,10174.701,10202.682,10225.948,275.0,272.0,307.0,301.0,False,HARD,28.0,True,Aston Martin,10146.687,2026-08-23 14:55:49.464,1,9.0,False,,False,True
10301.715,ALO,14,77.386,63.0,3.0,,,26.167,27.954,23.265,10252.115,10280.069,10303.334,276.0,269.0,305.0,302.0,False,HARD,29.0,True,Aston Martin,10224.329,2026-08-23 14:57:07.106,1,9.0,False,,False,True
10380.101,ALO,14,78.386,64.0,3.0,,,26.484,28.619,23.283,10329.818,10358.437,10381.72,246.0,270.0,308.0,298.0,False,HARD,30.0,True,Aston Martin,10301.715,2026-08-23 14:58:24.492,1,9.0,False,,False,True
10457.47,ALO,14,77.369,65.0,3.0,,,26.231,27.868,23.27,10407.951,10435.819,10459.089,276.0,269.0,316.0,303.0,False,HARD,31.0,True,Aston Martin,10380.101,2026-08-23 14:59:42.878,1,9.0,False,,False,True
10534.608,ALO,14,77.138,66.0,3.0,,,26.197,27.813,23.128,10485.286,10513.099,10536.227,271.0,269.0,315.0,309.0,False,HARD,32.0,True,Aston Martin,10457.47,2026-08-23 15:01:00.247,1,9.0,False,,False,True
10611.999,ALO,14,77.391,67.0,3.0,,,26.262,27.924,23.205,10562.489,10590.413,10613.618,272.0,268.0,314.0,307.0,False,HARD,33.0,True,Aston Martin,10534.608,2026-08-23 15:02:17.385,1,9.0,False,,False,True
10700.705,ALO,14,88.706,68.0,3.0,,,26.214,31.108,31.384,10639.832,10670.94,10702.324,271.0,248.0,305.0,306.0,False,HARD,34.0,True,Aston Martin,10611.999,2026-08-23 15:03:34.776,16,9.0,False,,False,False
10783.035,ALO,14,82.33,69.0,3.0,,,31.669,27.57,23.091,10733.993,10761.563,10784.654,284.0,283.0,314.0,150.0,False,HARD,35.0,True,Aston Martin,10700.705,2026-08-23 15:05:03.482,671,9.0,False,,False,False
10860.051,ALO,14,77.016,70.0,3.0,,,26.091,27.739,23.186,10810.745,10838.484,10861.67,271.0,269.0,313.0,306.0,False,HARD,36.0,True,Aston Martin,10783.035,2026-08-23 15:06:25.812,1,9.0,False,,False,True
10937.706,ALO,14,77.655,71.0,3.0,,,26.319,28.04,23.296,10887.989,10916.029,10939.325,268.0,267.0,315.0,302.0,False,HARD,37.0,True,Aston Martin,10860.051,2026-08-23 15:07:42.828,1,9.0,False,,False,True
3491.469,LEC,16,86.929,1.0,1.0,,,,27.908,25.989,,3467.146,3493.072,293.0,286.0,313.0,217.0,False,SOFT,5.0,False,Ferrari,3405.791,2026-08-23 13:03:28.568,1,4.0,False,,False,False
3619.93,LEC,16,128.461,2.0,1.0,,3619.691,27.389,41.443,59.629,3520.43,3561.873,3621.502,291.0,147.0,,254.0,False,SOFT,6.0,False,Ferrari,3491.469,2026-08-23 13:04:54.246,125,4.0,False,,False,False
5322.167,LEC,16,,3.0,2.0,5193.356,,,34.82,63.557,,5260.182,5323.795,278.0,216.0,50.0,254.0,False,SOFT,1.0,True,Ferrari,5177.312,2026-08-23 13:33:00.089,1,4.0,False,,False,False
5521.695,LEC,16,,4.0,2.0,,,,29.127,58.846,,5464.615,5523.483,264.0,221.0,49.0,127.0,False,SOFT,2.0,True,Ferrari,5322.167,2026-08-23 13:35:24.944,12,4.0,False,,False,False
5660.529,LEC,16,138.834,5.0,2.0,,,86.625,28.593,23.616,5609.892,5638.485,5662.101,283.0,282.0,328.0,218.0,True,SOFT,3.0,True,Ferrari,5521.695,2026-08-23 13:38:44.472,12,5.0,False,,False,True
5738.745,LEC,16,78.216,6.0,2.0,,,26.6,28.22,23.396,5688.701,5716.921,5740.317,289.0,268.0,332.0,300.0,True,SOFT,4.0,True,Ferrari,5660.529,2026-08-23 13:41:03.306,1,5.0,False,,False,True
5816.146,LEC,16,77.401,7.0,2.0,,,26.553,27.833,23.015,5766.87,5794.703,5817.718,272.0,267.0,336.0,302.0,True,SOFT,5.0,True,Ferrari,5738.745,2026-08-23 13:42:21.522,1,5.0,False,,False,True
5893.438,LEC,16,77.292,8.0,2.0,,,26.569,27.806,22.917,5844.287,5872.093,5895.01,270.0,268.0,337.0,295.0,True,SOFT,6.0,True,Ferrari,5816.146,2026-08-23 13:43:38.923,1,5.0,False,,False,True
5970.444,LEC,16,77.006,9.0,2.0,,,26.374,27.801,22.831,5921.384,5949.185,5972.016,270.0,268.0,336.0,307.0,True,SOFT,7.0,True,Ferrari,5893.438,2026-08-23 13:44:56.215,1,5.0,False,,False,True
6047.679,LEC,16,77.235,10.0,2.0,,,26.274,28.055,22.906,5998.29,6026.345,6049.251,272.0,268.0,337.0,315.0,False,SOFT,8.0,True,Ferrari,5970.444,2026-08-23 13:46:13.221,1,5.0,False,,False,True
6125.408,LEC,16,77.729,11.0,2.0,,,26.389,28.265,23.075,6075.64,6103.905,6126.98,274.0,268.0,336.0,312.0,False,SOFT,9.0,True,Ferrari,6047.679,2026-08-23 13:47:30.456,1,5.0,False,,False,True
6202.766,LEC,16,77.358,12.0,2.0,,,26.228,28.096,23.034,6153.208,6181.304,6204.338,275.0,267.0,326.0,307.0,False,SOFT,10.0,True,Ferrari,6125.408,2026-08-23 13:48:48.185,1,5.0,False,,False,True
6280.02,LEC,16,77.254,13.0,2.0,,,26.105,28.059,23.09,6230.443,6258.502,6281.592,283.0,275.0,329.0,312.0,False,SOFT,11.0,True,Ferrari,6202.766,2026-08-23 13:50:05.543,1,5.0,False,,False,True
6357.629,LEC,16,77.609,14.0,2.0,,,26.212,28.264,23.133,6307.804,6336.068,6359.201,285.0,277.0,336.0,315.0,False,SOFT,12.0,True,Ferrari,6280.02,2026-08-23 13:51:22.797,1,5.0,False,,False,True
6435.587,LEC,16,77.958,15.0,2.0,,,26.403,28.337,23.218,6385.604,6413.941,6437.159,271.0,266.0,334.0,307.0,False,SOFT,13.0,True,Ferrari,6357.629,2026-08-23 13:52:40.406,1,5.0,False,,False,True
6512.918,LEC,16,77.331,16.0,2.0,,,26.178,28.209,22.944,6463.337,6491.546,6514.49,275.0,269.0,337.0,314.0,False,SOFT,14.0,True,Ferrari,6435.587,2026-08-23 13:53:58.364,1,5.0,False,,False,True
6590.861,LEC,16,77.943,17.0,2.0,,,26.546,28.268,23.129,6541.036,6569.304,6592.433,271.0,264.0,328.0,307.0,False,SOFT,15.0,True,Ferrari,6512.918,2026-08-23 13:55:15.695,1,4.0,False,,False,True
6668.111,LEC,16,77.25,18.0,2.0,,,26.023,28.047,23.18,6618.456,6646.503,6669.683,271.0,265.0,319.0,324.0,False,SOFT,16.0,True,Ferrari,6590.861,2026-08-23 13:56:33.638,1,3.0,False,,False,True
6745.625,LEC,16,77.514,19.0,2.0,,,26.078,28.219,23.217,6695.761,6723.98,6747.197,280.0,266.0,314.0,309.0,False,SOFT,17.0,True,Ferrari,6668.111,2026-08-23 13:57:50.888,1,3.0,False,,False,True
6823.06,LEC,16,77.435,20.0,2.0,,,26.179,28.077,23.179,6773.376,6801.453,6824.632,279.0,265.0,315.0,304.0,False,SOFT,18.0,True,Ferrari,6745.625,2026-08-23 13:59:08.402,1,3.0,False,,False,True
6904.034,LEC,16,80.974,21.0,2.0,,6904.538,26.241,28.247,26.486,6850.873,6879.12,6905.606,277.0,260.0,,306.0,False,SOFT,19.0,True,Ferrari,6823.06,2026-08-23 14:00:25.837,1,4.0,False,,False,False
6998.728,LEC,16,94.694,22.0,3.0,6924.241,,44.874,27.004,22.816,6950.48,6977.484,7000.3,282.0,272.0,317.0,306.0,False,MEDIUM,1.0,True,Ferrari,6904.034,2026-08-23 14:01:46.811,1,6.0,False,,False,False
7074.517,LEC,16,75.789,23.0,3.0,,,25.92,27.056,22.813,7026.22,7053.276,7076.089,277.0,267.0,313.0,304.0,True,MEDIUM,2.0,True,Ferrari,6998.728,2026-08-23 14:03:21.505,1,6.0,False,,False,True
7150.44,LEC,16,75.923,24.0,3.0,,,25.973,27.165,22.785,7102.062,7129.227,7152.012,277.0,268.0,315.0,302.0,False,MEDIUM,3.0,True,Ferrari,7074.517,2026-08-23 14:04:37.294,1,6.0,False,,False,True
7226.229,LEC,16,75.789,25.0,3.0,,,25.964,27.095,22.73,7177.976,7205.071,7227.801,278.0,268.0,318.0,307.0,False,MEDIUM,4.0,True,Ferrari,7150.44,2026-08-23 14:05:53.217,1,6.0,False,,False,True
7302.359,LEC,16,76.13,26.0,3.0,,,26.043,27.256,22.831,7253.844,7281.1,7303.931,275.0,268.0,315.0,308.0,False,MEDIUM,5.0,True,Ferrari,7226.229,2026-08-23 14:07:09.006,1,5.0,False,,False,True
7378.24,LEC,16,75.881,27.0,3.0,,,25.942,27.298,22.641,7329.873,7357.171,7379.812,276.0,279.0,321.0,308.0,False,MEDIUM,6.0,True,Ferrari,7302.359,2026-08-23 14:08:25.136,1,5.0,False,,False,True
7454.266,LEC,16,76.026,28.0,3.0,,,25.799,27.507,22.72,7405.611,7433.118,7455.838,276.0,274.0,331.0,314.0,False,MEDIUM,7.0,True,Ferrari,7378.24,2026-08-23 14:09:41.017,1,5.0,False,,False,True
7530.509,LEC,16,76.243,29.0,3.0,,,25.849,27.587,22.807,7481.687,7509.274,7532.081,278.0,271.0,336.0,313.0,False,MEDIUM,8.0,True,Ferrari,7454.266,2026-08-23 14:10:57.043,1,5.0,False,,False,True
7607.088,LEC,16,76.579,30.0,3.0,,,25.979,27.778,22.822,7558.06,7585.838,7608.66,275.0,267.0,338.0,318.0,False,MEDIUM,9.0,True,Ferrari,7530.509,2026-08-23 14:12:13.286,1,5.0,False,,False,True
7683.968,LEC,16,76.88,31.0,3.0,,,26.147,27.798,22.935,7634.807,7662.605,7685.54,276.0,272.0,338.0,313.0,False,MEDIUM,10.0,True,Ferrari,7607.088,2026-08-23 14:13:29.865,1,5.0,False,,False,True
7760.873,LEC,16,76.905,32.0,3.0,,,26.128,27.876,22.901,7711.668,7739.544,7762.445,272.0,267.0,336.0,302.0,False,MEDIUM,11.0,True,Ferrari,7683.968,2026-08-23 14:14:46.745,1,5.0,False,,False,True
7838.247,LEC,16,77.374,33.0,3.0,,,26.59,27.843,22.941,7789.035,7816.878,7839.819,255.0,287.0,340.0,296.0,False,MEDIUM,12.0,True,Ferrari,7760.873,2026-08-23 14:16:03.650,1,5.0,False,,False,True
7915.207,LEC,16,76.96,34.0,3.0,,,26.274,27.634,23.052,7866.093,7893.727,7916.779,265.0,271.0,320.0,328.0,False,MEDIUM,13.0,True,Ferrari,7838.247,2026-08-23 14:17:21.024,1,4.0,False,,False,True
7991.714,LEC,16,76.507,35.0,3.0,,,25.982,27.573,22.952,7942.761,7970.334,7993.286,283.0,272.0,319.0,312.0,False,MEDIUM,14.0,True,Ferrari,7915.207,2026-08-23 14:18:37.984,1,4.0,False,,False,True
8068.113,LEC,16,76.399,36.0,3.0,,,25.931,27.517,22.951,8019.217,8046.734,8069.685,281.0,269.0,317.0,310.0,False,MEDIUM,15.0,True,Ferrari,7991.714,2026-08-23 14:19:54.491,1,4.0,False,,False,True
8144.733,LEC,16,76.62,37.0,3.0,,,26.072,27.594,22.954,8095.757,8123.351,8146.305,280.0,268.0,317.0,303.0,False,MEDIUM,16.0,True,Ferrari,8068.113,2026-08-23 14:21:10.890,1,4.0,False,,False,True
8221.125,LEC,16,76.392,38.0,3.0,,,25.924,27.599,22.869,8172.229,8199.828,8222.697,282.0,270.0,320.0,310.0,False,MEDIUM,17.0,True,Ferrari,8144.733,2026-08-23 14:22:27.510,1,4.0,False,,False,True
8297.99,LEC,16,76.865,39.0,3.0,,,25.96,27.923,22.982,8248.657,8276.58,8299.562,283.0,271.0,332.0,311.0,False,MEDIUM,18.0,True,Ferrari,8221.125,2026-08-23 14:23:43.902,1,4.0,False,,False,True
8374.924,LEC,16,76.934,40.0,3.0,,,25.975,27.974,22.985,8325.537,8353.511,8376.496,280.0,272.0,321.0,318.0,False,MEDIUM,19.0,True,Ferrari,8297.99,2026-08-23 14:25:00.767,1,3.0,False,,False,True
8451.639,LEC,16,76.715,41.0,3.0,,,25.88,27.775,23.06,8402.376,8430.151,8453.211,285.0,273.0,316.0,306.0,False,MEDIUM,20.0,True,Ferrari,8374.924,2026-08-23 14:26:17.701,1,2.0,False,,False,True
8528.528,LEC,16,76.889,42.0,3.0,,,26.074,27.832,22.983,8479.285,8507.117,8530.1,285.0,275.0,322.0,310.0,False,MEDIUM,21.0,True,Ferrari,8451.639,2026-08-23 14:27:34.416,1,2.0,False,,False,True
8608.966,LEC,16,80.438,43.0,3.0,,8609.308,26.063,28.235,26.14,8556.163,8584.398,8610.538,279.0,268.0,,315.0,False,MEDIUM,22.0,True,Ferrari,8528.528,2026-08-23 14:28:51.305,1,3.0,False,,False,False
8703.047,LEC,16,94.081,44.0,4.0,8628.134,,44.045,27.334,22.702,8654.583,8681.917,8704.619,279.0,268.0,313.0,315.0,False,HARD,1.0,True,Ferrari,8608.966,2026-08-23 14:30:11.743,1,6.0,False,,False,False
8778.443,LEC,16,75.396,45.0,4.0,,,26.005,26.778,22.613,8730.624,8757.402,8780.015,280.0,271.0,316.0,303.0,True,HARD,2.0,True,Ferrari,8703.047,2026-08-23 14:31:45.824,1,5.0,False,,False,True
8853.936,LEC,16,75.493,46.0,4.0,,,25.692,27.319,22.482,8805.707,8833.026,8855.508,282.0,272.0,328.0,309.0,False,HARD,3.0,True,Ferrari,8778.443,2026-08-23 14:33:01.220,1,5.0,False,,False,True
8928.921,LEC,16,74.985,47.0,4.0,,,25.499,26.802,22.684,8881.007,8907.809,8930.493,279.0,276.0,314.0,310.0,True,HARD,4.0,True,Ferrari,8853.936,2026-08-23 14:34:16.713,1,5.0,False,,False,True
9004.338,LEC,16,75.417,48.0,4.0,,,26.188,26.692,22.537,8956.681,8983.373,9005.91,287.0,275.0,318.0,304.0,False,HARD,5.0,True,Ferrari,8928.921,2026-08-23 14:35:31.698,1,5.0,False,,False,True
9079.472,LEC,16,75.134,49.0,4.0,,,25.527,26.933,22.674,9031.437,9058.37,9081.044,279.0,270.0,316.0,306.0,False,HARD,6.0,True,Ferrari,9004.338,2026-08-23 14:36:47.115,1,5.0,False,,False,True
9154.349,LEC,16,74.877,50.0,4.0,,,25.617,26.799,22.461,9106.661,9133.46,9155.921,282.0,273.0,320.0,303.0,True,HARD,7.0,True,Ferrari,9079.472,2026-08-23 14:38:02.249,1,5.0,False,,False,True
9229.27,LEC,16,74.921,51.0,4.0,,,25.624,26.807,22.49,9181.545,9208.352,9230.842,283.0,279.0,324.0,307.0,False,HARD,8.0,True,Ferrari,9154.349,2026-08-23 14:39:17.126,1,5.0,False,,False,True
9304.356,LEC,16,75.086,52.0,4.0,,,25.777,26.741,22.568,9256.619,9283.36,9305.928,282.0,271.0,318.0,313.0,False,HARD,9.0,True,Ferrari,9229.27,2026-08-23 14:40:32.047,1,5.0,False,,False,True
9379.715,LEC,16,75.359,53.0,4.0,,,25.645,27.09,22.624,9331.573,9358.663,9381.287,287.0,272.0,317.0,310.0,False,HARD,10.0,True,Ferrari,9304.356,2026-08-23 14:41:47.133,1,5.0,False,,False,True
9454.956,LEC,16,75.241,54.0,4.0,,,25.655,26.869,22.717,9406.942,9433.811,9456.528,283.0,275.0,319.0,308.0,False,HARD,11.0,True,Ferrari,9379.715,2026-08-23 14:43:02.492,12,5.0,False,,False,True
9556.425,LEC,16,101.469,55.0,4.0,,9556.86,31.814,36.488,33.167,9488.342,9524.83,9557.997,223.0,202.0,,308.0,False,HARD,12.0,True,Ferrari,9454.956,2026-08-23 14:44:17.733,26,5.0,False,,False,False
9675.04,LEC,16,118.615,56.0,5.0,9575.563,,53.455,34.185,30.975,9611.452,9645.637,9676.612,220.0,212.0,220.0,308.0,False,SOFT,1.0,False,Ferrari,9556.425,2026-08-23 14:45:59.202,6,5.0,False,,False,False
9765.156,LEC,16,90.116,57.0,5.0,,,37.231,29.013,23.872,9713.843,9742.856,9766.728,253.0,257.0,313.0,215.0,False,SOFT,2.0,False,Ferrari,9675.04,2026-08-23 14:47:57.817,671,5.0,False,,False,False
9839.582,LEC,16,74.426,58.0,5.0,,,25.665,26.439,22.322,9792.393,9818.832,9841.154,283.0,275.0,319.0,302.0,True,SOFT,3.0,False,Ferrari,9765.156,2026-08-23 14:49:27.933,1,5.0,False,,False,True
9914.602,LEC,16,75.02,59.0,5.0,,,25.414,26.757,22.849,9866.568,9893.325,9916.174,280.0,276.0,317.0,310.0,False,SOFT,4.0,False,Ferrari,9839.582,2026-08-23 14:50:42.359,1,5.0,False,,False,True
9988.832,LEC,16,74.23,60.0,5.0,,,25.333,26.607,22.29,9941.507,9968.114,9990.404,282.0,276.0,320.0,307.0,True,SOFT,5.0,False,Ferrari,9914.602,2026-08-23 14:51:57.379,1,5.0,False,,False,True
10063.228,LEC,16,74.396,61.0,5.0,,,25.385,26.596,22.415,10015.789,10042.385,10064.8,285.0,271.0,314.0,309.0,False,SOFT,6.0,False,Ferrari,9988.832,2026-08-23 14:53:11.609,1,5.0,False,,False,True
10137.783,LEC,16,74.555,62.0,5.0,,,25.504,26.649,22.402,10090.304,10116.953,10139.355,281.0,274.0,317.0,297.0,False,SOFT,7.0,False,Ferrari,10063.228,2026-08-23 14:54:26.005,1,5.0,False,,False,True
10212.215,LEC,16,74.432,63.0,5.0,,,25.415,26.662,22.355,10164.77,10191.432,10213.787,282.0,274.0,317.0,298.0,False,SOFT,8.0,False,Ferrari,10137.783,2026-08-23 14:55:40.560,1,5.0,False,,False,True
10286.909,LEC,16,74.694,64.0,5.0,,,25.356,26.873,22.465,10239.143,10266.016,10288.481,282.0,272.0,317.0,301.0,False,SOFT,9.0,False,Ferrari,10212.215,2026-08-23 14:56:54.992,1,5.0,False,,False,True
10361.637,LEC,16,74.728,65.0,5.0,,,25.475,26.772,22.481,10313.956,10340.728,10363.209,285.0,279.0,319.0,300.0,False,SOFT,10.0,False,Ferrari,10286.909,2026-08-23 14:58:09.686,1,5.0,False,,False,True
10436.324,LEC,16,74.687,66.0,5.0,,,25.449,26.856,22.382,10388.658,10415.514,10437.896,280.0,273.0,315.0,304.0,False,SOFT,11.0,False,Ferrari,10361.637,2026-08-23 14:59:24.414,1,5.0,False,,False,True
10511.734,LEC,16,75.41,67.0,5.0,,,25.827,26.943,22.64,10463.723,10490.666,10513.306,292.0,270.0,315.0,300.0,False,SOFT,12.0,False,Ferrari,10436.324,2026-08-23 15:00:39.101,1,5.0,False,,False,True
10586.92,LEC,16,75.186,68.0,5.0,,,25.566,27.023,22.597,10538.872,10565.895,10588.492,287.0,276.0,322.0,303.0,False,SOFT,13.0,False,Ferrari,10511.734,2026-08-23 15:01:54.511,1,5.0,False,,False,True
10663.632,LEC,16,76.712,69.0,5.0,,,25.516,27.174,24.022,10614.008,10641.182,10665.204,287.0,280.0,126.0,311.0,False,SOFT,14.0,False,Ferrari,10586.92,2026-08-23 15:03:09.697,16,5.0,False,,False,False
10755.474,LEC,16,91.842,70.0,5.0,,,37.729,31.648,22.465,10702.933,10734.581,10757.046,173.0,292.0,331.0,169.0,False,SOFT,15.0,False,Ferrari,10663.632,2026-08-23 15:04:26.409,671,5.0,False,,False,False
10830.417,LEC,16,74.943,71.0,5.0,,,25.515,27.032,22.396,10782.561,10809.593,10831.989,287.0,283.0,334.0,316.0,False,SOFT,16.0,False,Ferrari,10755.474,2026-08-23 15:05:58.251,1,5.0,False,,False,True
10906.571,LEC,16,76.154,72.0,5.0,,,25.469,28.009,22.676,10857.458,10885.467,10908.143,300.0,274.0,336.0,321.0,False,SOFT,17.0,False,Ferrari,10830.417,2026-08-23 15:07:13.194,1,5.0,False,,False,True
3502.401,STR,18,97.846,1.0,1.0,,,,30.413,30.724,,3473.258,3504.063,275.0,270.0,269.0,198.0,False,SOFT,1.0,True,Aston Martin,3405.791,2026-08-23 13:03:28.568,12,17.0,False,,False,False
3658.303,STR,18,,2.0,1.0,,3657.218,36.326,44.937,74.615,3540.355,3585.269,3659.894,117.0,141.0,,248.0,False,SOFT,2.0,True,Aston Martin,3502.401,2026-08-23 13:05:05.178,25,17.0,False,,False,False
5426.537,STR,18,,3.0,2.0,5277.242,,,29.372,90.88,,5337.238,5428.173,269.0,236.0,55.0,248.0,False,SOFT,1.0,True,Aston Martin,5177.312,2026-08-23 13:33:00.089,12,16.0,False,,False,False
5581.036,STR,18,,4.0,2.0,,,41.2,29.274,84.1,5469.303,5498.696,5582.822,267.0,231.0,140.0,134.0,False,SOFT,2.0,True,Aston Martin,5426.537,2026-08-23 13:37:09.314,1,16.0,False,,False,False
5666.237,STR,18,85.201,5.0,2.0,,,30.468,30.195,24.538,5613.085,5643.28,5667.818,281.0,281.0,319.0,215.0,True,SOFT,3.0,True,Aston Martin,5581.036,2026-08-23 13:39:43.813,12,17.0,False,,False,True
5746.74,STR,18,80.503,6.0,2.0,,,27.446,28.936,24.121,5695.264,5724.2,5748.321,276.0,273.0,322.0,272.0,True,SOFT,4.0,True,Aston Martin,5666.237,2026-08-23 13:41:09.014,1,16.0,False,,False,True
5826.383,STR,18,79.643,7.0,2.0,,,27.071,28.643,23.929,5775.392,5804.035,5827.964,274.0,269.0,326.0,284.0,True,SOFT,5.0,True,Aston Martin,5746.74,2026-08-23 13:42:29.517,1,16.0,False,,False,True
5905.571,STR,18,79.188,8.0,2.0,,,26.974,28.443,23.771,5854.938,5883.381,5907.152,268.0,268.0,329.0,295.0,True,SOFT,6.0,True,Aston Martin,5826.383,2026-08-23 13:43:49.160,1,16.0,False,,False,True
5984.721,STR,18,79.15,9.0,2.0,,,26.771,28.714,23.665,5933.923,5962.637,5986.302,275.0,269.0,322.0,290.0,True,SOFT,7.0,True,Aston Martin,5905.571,2026-08-23 13:45:08.348,1,15.0,False,,False,True
6064.087,STR,18,79.366,10.0,2.0,,,26.998,28.582,23.786,6013.3,6041.882,6065.668,263.0,267.0,313.0,293.0,False,SOFT,8.0,True,Aston Martin,5984.721,2026-08-23 13:46:27.498,1,15.0,False,,False,True
6143.279,STR,18,79.192,11.0,2.0,,,26.679,28.813,23.7,6092.347,6121.16,6144.86,276.0,268.0,311.0,291.0,False,SOFT,9.0,True,Aston Martin,6064.087,2026-08-23 13:47:46.864,1,14.0,False,,False,True
6222.381,STR,18,79.102,12.0,2.0,,,26.648,28.561,23.893,6171.508,6200.069,6223.962,275.0,267.0,308.0,297.0,True,SOFT,10.0,True,Aston Martin,6143.279,2026-08-23 13:49:06.056,1,14.0,False,,False,True
6302.073,STR,18,79.692,13.0,2.0,,,26.93,28.842,23.92,6250.892,6279.734,6303.654,273.0,266.0,308.0,296.0,False,SOFT,11.0,True,Aston Martin,6222.381,2026-08-23 13:50:25.158,1,14.0,False,,False,True
6381.364,STR,18,79.291,14.0,2.0,,,26.87,28.585,23.836,6330.524,6359.109,6382.945,271.0,265.0,306.0,297.0,False,SOFT,12.0,True,Aston Martin,6302.073,2026-08-23 13:51:44.850,1,14.0,False,,False,True
6464.019,STR,18,82.655,15.0,2.0,,6464.438,26.864,28.793,26.998,6409.809,6438.602,6465.6,271.0,265.0,,295.0,False,SOFT,13.0,True,Aston Martin,6381.364,2026-08-23 13:53:04.141,1,14.0,False,,False,False
6558.284,STR,18,94.265,16.0,3.0,6482.314,,42.987,27.766,23.512,6508.587,6536.353,6559.865,271.0,264.0,304.0,295.0,False,HARD,1.0,True,Aston Martin,6464.019,2026-08-23 13:54:26.796,1,20.0,False,,False,False
6637.043,STR,18,78.759,17.0,3.0,,,26.788,28.273,23.698,6586.653,6614.926,6638.624,272.0,267.0,306.0,294.0,True,HARD,2.0,True,Aston Martin,6558.284,2026-08-23 13:56:01.061,1,20.0,False,,False,True
6715.612,STR,18,78.569,18.0,3.0,,,26.608,28.136,23.825,6665.232,6693.368,6717.193,271.0,268.0,307.0,296.0,True,HARD,3.0,True,Aston Martin,6637.043,2026-08-23 13:57:19.820,1,20.0,False,,False,True
6794.609,STR,18,78.997,19.0,3.0,,,26.794,28.391,23.812,6743.987,6772.378,6796.19,271.0,269.0,310.0,289.0,False,HARD,4.0,True,Aston Martin,6715.612,2026-08-23 13:58:38.389,1,20.0,False,,False,True
6874.532,STR,18,79.923,20.0,3.0,,,27.416,28.684,23.823,6823.606,6852.29,6876.113,269.0,270.0,312.0,292.0,False,HARD,5.0,True,Aston Martin,6794.609,2026-08-23 13:59:57.386,1,20.0,True,TRACK LIMITS AT TURN 3 LAP 20 ,False,True
6955.191,STR,18,80.659,21.0,3.0,,,27.104,29.084,24.471,6903.217,6932.301,6956.772,273.0,270.0,320.0,298.0,False,HARD,6.0,True,Aston Martin,6874.532,2026-08-23 14:01:17.309,1,19.0,False,,False,True
7034.927,STR,18,79.736,22.0,3.0,,,26.918,28.822,23.996,6983.69,7012.512,7036.508,273.0,269.0,311.0,293.0,False,HARD,7.0,True,Aston Martin,6955.191,2026-08-23 14:02:37.968,1,19.0,False,,False,True
7114.629,STR,18,79.702,23.0,3.0,,,27.064,28.716,23.922,7063.572,7092.288,7116.21,273.0,269.0,325.0,283.0,False,HARD,8.0,True,Aston Martin,7034.927,2026-08-23 14:03:57.704,1,19.0,False,,False,True
7194.43,STR,18,79.801,24.0,3.0,,,27.03,28.998,23.773,7143.24,7172.238,7196.011,276.0,281.0,308.0,290.0,False,HARD,9.0,True,Aston Martin,7114.629,2026-08-23 14:05:17.406,1,18.0,False,,False,True
7274.045,STR,18,79.615,25.0,3.0,,,26.996,28.624,23.995,7223.007,7251.631,7275.626,269.0,269.0,314.0,283.0,False,HARD,10.0,True,Aston Martin,7194.43,2026-08-23 14:06:37.207,1,18.0,False,,False,True
7353.673,STR,18,79.628,26.0,3.0,,,26.933,28.757,23.938,7302.559,7331.316,7355.254,276.0,283.0,301.0,288.0,False,HARD,11.0,True,Aston Martin,7274.045,2026-08-23 14:07:56.822,1,17.0,False,,False,True
7432.534,STR,18,78.861,27.0,3.0,,,26.865,28.318,23.678,7382.119,7410.437,7434.115,272.0,266.0,302.0,292.0,False,HARD,12.0,True,Aston Martin,7353.673,2026-08-23 14:09:16.450,1,17.0,False,,False,True
7511.13,STR,18,78.596,28.0,3.0,,,26.834,28.172,23.59,7460.949,7489.121,7512.711,271.0,265.0,309.0,290.0,False,HARD,13.0,True,Aston Martin,7432.534,2026-08-23 14:10:35.311,1,17.0,False,,False,True
7590.088,STR,18,78.958,29.0,3.0,,,26.914,28.397,23.647,7539.625,7568.022,7591.669,273.0,265.0,303.0,292.0,False,HARD,14.0,True,Aston Martin,7511.13,2026-08-23 14:11:53.907,1,17.0,False,,False,True
7668.826,STR,18,78.738,30.0,3.0,,,26.961,28.202,23.575,7618.63,7646.832,7670.407,273.0,267.0,302.0,295.0,False,HARD,15.0,True,Aston Martin,7590.088,2026-08-23 14:13:12.865,1,17.0,False,,False,True
7747.562,STR,18,78.736,31.0,3.0,,,26.844,28.219,23.673,7697.251,7725.47,7749.143,273.0,265.0,303.0,288.0,False,HARD,16.0,True,Aston Martin,7668.826,2026-08-23 14:14:31.603,1,16.0,False,,False,True
7828.488,STR,18,80.926,32.0,3.0,,,26.875,30.047,24.004,7776.018,7806.065,7830.069,271.0,272.0,308.0,292.0,False,HARD,17.0,True,Aston Martin,7747.562,2026-08-23 14:15:50.339,1,16.0,False,,False,True
7908.168,STR,18,79.68,33.0,3.0,,,27.21,28.602,23.868,7857.279,7885.881,7909.749,272.0,265.0,302.0,296.0,False,HARD,18.0,True,Aston Martin,7828.488,2026-08-23 14:17:11.265,1,16.0,False,,False,True
7987.078,STR,18,78.91,34.0,3.0,,,26.926,28.347,23.637,7936.675,7965.022,7988.659,273.0,265.0,305.0,294.0,False,HARD,19.0,True,Aston Martin,7908.168,2026-08-23 14:18:30.945,1,16.0,False,,False,True
8068.514,STR,18,81.436,35.0,3.0,,8068.939,26.835,28.201,26.4,8015.494,8043.695,8070.095,272.0,267.0,,293.0,False,HARD,20.0,True,Aston Martin,7987.078,2026-08-23 14:19:49.855,1,15.0,False,,False,False
8161.83,STR,18,93.316,36.0,4.0,8086.112,,42.535,27.419,23.362,8112.63,8140.049,8163.411,275.0,267.0,305.0,293.0,False,HARD,1.0,True,Aston Martin,8068.514,2026-08-23 14:21:11.291,1,18.0,False,,False,False
8239.713,STR,18,77.883,37.0,4.0,,,26.604,27.77,23.509,8190.015,8217.785,8241.294,276.0,270.0,304.0,293.0,True,HARD,2.0,True,Aston Martin,8161.83,2026-08-23 14:22:44.607,1,18.0,False,,False,True
8317.845,STR,18,78.132,38.0,4.0,,,26.699,27.966,23.467,8267.993,8295.959,8319.426,274.0,269.0,309.0,288.0,False,HARD,3.0,True,Aston Martin,8239.713,2026-08-23 14:24:02.490,1,18.0,False,,False,True
8396.246,STR,18,78.401,39.0,4.0,,,26.786,28.025,23.59,8346.212,8374.237,8397.827,273.0,268.0,306.0,290.0,False,HARD,4.0,True,Aston Martin,8317.845,2026-08-23 14:25:20.622,1,18.0,False,,False,True
8474.308,STR,18,78.062,40.0,4.0,,,26.736,27.769,23.557,8424.563,8452.332,8475.889,275.0,271.0,307.0,295.0,False,HARD,5.0,True,Aston Martin,8396.246,2026-08-23 14:26:39.023,1,18.0,False,,False,True
8552.726,STR,18,78.418,41.0,4.0,,,26.638,27.98,23.8,8502.527,8530.507,8554.307,276.0,273.0,318.0,293.0,False,HARD,6.0,True,Aston Martin,8474.308,2026-08-23 14:27:57.085,1,18.0,False,,False,True
8630.652,STR,18,77.926,42.0,4.0,,,26.639,28.028,23.259,8580.946,8608.974,8632.233,276.0,274.0,325.0,301.0,False,HARD,7.0,True,Aston Martin,8552.726,2026-08-23 14:29:15.503,1,18.0,False,,False,True
8709.225,STR,18,78.573,43.0,4.0,,,26.475,28.268,23.83,8658.708,8686.976,8710.806,275.0,271.0,321.0,306.0,False,HARD,8.0,True,Aston Martin,8630.652,2026-08-23 14:30:33.429,1,18.0,False,,False,True
8787.914,STR,18,78.689,44.0,4.0,,,26.74,28.328,23.621,8737.546,8765.874,8789.495,277.0,277.0,326.0,286.0,False,HARD,9.0,True,Aston Martin,8709.225,2026-08-23 14:31:52.002,1,18.0,False,,False,True
8876.651,STR,18,88.737,45.0,4.0,,8876.803,26.735,30.056,31.946,8816.23,8846.286,8878.232,266.0,192.0,,298.0,False,HARD,10.0,True,Aston Martin,8787.914,2026-08-23 14:33:10.691,1,19.0,False,,False,False
3498.068,TSU,22,93.561,1.0,1.0,,,,29.037,29.111,,3470.571,3499.713,269.0,262.0,273.0,188.0,False,SOFT,1.0,True,Racing Bulls,3405.791,2026-08-23 13:03:28.568,12,11.0,False,,False,False
3642.835,TSU,22,144.767,2.0,1.0,,3641.894,28.194,49.848,66.725,3527.876,3577.724,3644.449,213.0,148.0,,235.0,False,SOFT,2.0,True,Racing Bulls,3498.068,2026-08-23 13:05:00.845,25,11.0,False,,False,False
5412.942,TSU,22,,3.0,2.0,5223.017,,,28.857,,,5284.926,,236.0,217.0,1.0,235.0,False,SOFT,1.0,False,Racing Bulls,5177.312,2026-08-23 13:33:00.089,12,11.0,False,,False,False
5579.255,TSU,22,,4.0,2.0,,,40.5,30.879,95.086,5455.008,5485.835,5580.87,237.0,190.0,2.0,154.0,False,SOFT,2.0,False,Racing Bulls,5412.942,2026-08-23 13:36:55.719,1,10.0,False,,False,False
5663.908,TSU,22,84.653,5.0,2.0,,,31.415,29.226,24.012,5612.284,5641.51,5665.522,290.0,282.0,322.0,228.0,True,SOFT,3.0,False,Racing Bulls,5579.255,2026-08-23 13:39:42.032,12,11.0,False,,False,True
5743.557,TSU,22,79.649,6.0,2.0,,,27.045,28.831,23.773,5692.567,5721.398,5745.171,289.0,266.0,315.0,277.0,True,SOFT,4.0,False,Racing Bulls,5663.908,2026-08-23 13:41:06.685,1,11.0,False,,False,True
5822.465,TSU,22,78.908,7.0,2.0,,,26.819,28.651,23.438,5771.99,5800.641,5824.079,276.0,277.0,333.0,294.0,True,SOFT,5.0,False,Racing Bulls,5743.557,2026-08-23 13:42:26.334,1,11.0,False,,False,True
5901.505,TSU,22,79.04,8.0,2.0,,,26.878,28.734,23.428,5850.957,5879.691,5903.119,278.0,274.0,324.0,292.0,False,SOFT,6.0,False,Racing Bulls,5822.465,2026-08-23 13:43:45.242,1,10.0,False,,False,True
5980.106,TSU,22,78.601,9.0,2.0,,,26.562,28.661,23.378,5929.681,5958.342,5981.72,275.0,274.0,322.0,302.0,True,SOFT,7.0,False,Racing Bulls,5901.505,2026-08-23 13:45:04.282,1,10.0,False,,False,True
6058.771,TSU,22,78.665,10.0,2.0,,,26.625,28.63,23.41,6008.345,6036.975,6060.385,272.0,269.0,321.0,307.0,False,SOFT,8.0,False,Racing Bulls,5980.106,2026-08-23 13:46:22.883,1,10.0,False,,False,True
6137.361,TSU,22,78.59,11.0,2.0,,,26.569,28.663,23.358,6086.954,6115.617,6138.975,276.0,272.0,323.0,300.0,True,SOFT,9.0,False,Racing Bulls,6058.771,2026-08-23 13:47:41.548,1,10.0,False,,False,True
6216.213,TSU,22,78.852,12.0,2.0,,,26.599,28.836,23.417,6165.574,6194.41,6217.827,274.0,269.0,304.0,305.0,False,SOFT,10.0,False,Racing Bulls,6137.361,2026-08-23 13:49:00.138,1,10.0,False,,False,True
6295.252,TSU,22,79.039,13.0,2.0,,,26.722,28.83,23.487,6244.549,6273.379,6296.866,275.0,269.0,321.0,288.0,False,SOFT,11.0,False,Racing Bulls,6216.213,2026-08-23 13:50:18.990,1,10.0,False,,False,True
6374.331,TSU,22,79.079,14.0,2.0,,,26.6,28.988,23.491,6323.466,6352.454,6375.945,275.0,272.0,321.0,311.0,False,SOFT,12.0,False,Racing Bulls,6295.252,2026-08-23 13:51:38.029,1,10.0,False,,False,True
6453.323,TSU,22,78.992,15.0,2.0,,,26.595,28.87,23.527,6402.54,6431.41,6454.937,275.0,268.0,314.0,310.0,False,SOFT,13.0,False,Racing Bulls,6374.331,2026-08-23 13:52:57.108,1,10.0,False,,False,True
6532.418,TSU,22,79.095,16.0,2.0,,,26.635,28.924,23.536,6481.572,6510.496,6534.032,276.0,272.0,319.0,304.0,False,SOFT,14.0,False,Racing Bulls,6453.323,2026-08-23 13:54:16.100,1,10.0,False,,False,True
6611.143,TSU,22,78.725,17.0,2.0,,,26.438,28.807,23.48,6560.47,6589.277,6612.757,275.0,270.0,320.0,311.0,False,SOFT,15.0,False,Racing Bulls,6532.418,2026-08-23 13:55:35.195,1,10.0,False,,False,True
6693.253,TSU,22,82.11,18.0,2.0,,6693.659,26.621,28.97,26.519,6639.378,6668.348,6694.867,275.0,271.0,,308.0,False,SOFT,16.0,False,Racing Bulls,6611.143,2026-08-23 13:56:53.920,1,10.0,False,,False,False
6787.51,TSU,22,94.257,19.0,3.0,6711.917,,43.308,27.724,23.225,6738.175,6765.899,6789.124,276.0,282.0,321.0,308.0,False,HARD,1.0,True,Racing Bulls,6693.253,2026-08-23 13:58:16.030,1,14.0,False,,False,False
6865.572,TSU,22,78.062,20.0,3.0,,,26.395,28.491,23.176,6815.519,6844.01,6867.186,274.0,271.0,321.0,305.0,True,HARD,2.0,True,Racing Bulls,6787.51,2026-08-23 13:59:50.287,1,14.0,False,,False,True
6943.735,TSU,22,78.163,21.0,3.0,,,26.367,28.511,23.285,6893.553,6922.064,6945.349,275.0,272.0,322.0,306.0,False,HARD,3.0,True,Racing Bulls,6865.572,2026-08-23 14:01:08.349,1,14.0,False,,False,True
7022.346,TSU,22,78.611,22.0,3.0,,,26.433,28.822,23.356,6971.782,7000.604,7023.96,276.0,271.0,324.0,301.0,False,HARD,4.0,True,Racing Bulls,6943.735,2026-08-23 14:02:26.512,1,14.0,False,,False,True
7101.255,TSU,22,78.909,23.0,3.0,,,26.619,28.825,23.465,7050.579,7079.404,7102.869,277.0,274.0,324.0,301.0,False,HARD,5.0,True,Racing Bulls,7022.346,2026-08-23 14:03:45.123,1,14.0,False,,False,True
7180.259,TSU,22,79.004,24.0,3.0,,,26.677,28.915,23.412,7129.546,7158.461,7181.873,278.0,276.0,329.0,296.0,False,HARD,6.0,True,Racing Bulls,7101.255,2026-08-23 14:05:04.032,1,14.0,False,,False,True
7259.363,TSU,22,79.104,25.0,3.0,,,26.764,28.715,23.625,7208.637,7237.352,7260.977,282.0,276.0,340.0,274.0,False,HARD,7.0,True,Racing Bulls,7180.259,2026-08-23 14:06:23.036,1,14.0,False,,False,True
7339.218,TSU,22,79.855,26.0,3.0,,,26.819,29.022,24.014,7287.796,7316.818,7340.832,282.0,278.0,344.0,273.0,False,HARD,8.0,True,Racing Bulls,7259.363,2026-08-23 14:07:42.140,1,14.0,False,,False,True
7419.312,TSU,22,80.094,27.0,3.0,,,26.888,29.272,23.934,7367.72,7396.992,7420.926,290.0,279.0,337.0,268.0,False,HARD,9.0,True,Racing Bulls,7339.218,2026-08-23 14:09:01.995,1,13.0,False,,False,True
7499.041,TSU,22,79.729,28.0,3.0,,,26.902,28.93,23.897,7447.828,7476.758,7500.655,282.0,274.0,329.0,291.0,False,HARD,10.0,True,Racing Bulls,7419.312,2026-08-23 14:10:22.089,1,12.0,False,,False,True
7578.037,TSU,22,78.996,29.0,3.0,,,26.91,28.61,23.476,7527.565,7556.175,7579.651,276.0,275.0,339.0,278.0,False,HARD,11.0,True,Racing Bulls,7499.041,2026-08-23 14:11:41.818,1,10.0,False,,False,True
7656.272,TSU,22,78.235,30.0,3.0,,,26.527,28.275,23.433,7606.178,7634.453,7657.886,276.0,270.0,319.0,330.0,False,HARD,12.0,True,Racing Bulls,7578.037,2026-08-23 14:13:00.814,1,10.0,False,,False,True
7734.567,TSU,22,78.295,31.0,3.0,,,26.522,28.379,23.394,7684.408,7712.787,7736.181,274.0,271.0,314.0,307.0,False,HARD,13.0,True,Racing Bulls,7656.272,2026-08-23 14:14:19.049,1,10.0,False,,False,True
7812.541,TSU,22,77.974,32.0,3.0,,,26.473,28.254,23.247,7762.654,7790.908,7814.155,276.0,270.0,319.0,298.0,True,HARD,14.0,True,Racing Bulls,7734.567,2026-08-23 14:15:37.344,1,10.0,False,,False,True
7890.392,TSU,22,77.851,33.0,3.0,,,26.346,28.275,23.23,7840.501,7868.776,7892.006,276.0,271.0,318.0,308.0,True,HARD,15.0,True,Racing Bulls,7812.541,2026-08-23 14:16:55.318,1,10.0,False,,False,True
7968.453,TSU,22,78.061,34.0,3.0,,,26.33,28.402,23.329,7918.336,7946.738,7970.067,275.0,272.0,318.0,309.0,False,HARD,16.0,True,Racing Bulls,7890.392,2026-08-23 14:18:13.169,1,10.0,False,,False,True
8046.395,TSU,22,77.942,35.0,3.0,,,26.469,28.176,23.297,7996.536,8024.712,8048.009,276.0,272.0,318.0,307.0,False,HARD,17.0,True,Racing Bulls,7968.453,2026-08-23 14:19:31.230,1,9.0,False,,False,True
8124.336,TSU,22,77.941,36.0,3.0,,,26.378,28.374,23.189,8074.387,8102.761,8125.95,276.0,272.0,316.0,308.0,False,HARD,18.0,True,Racing Bulls,8046.395,2026-08-23 14:20:49.172,1,9.0,False,,False,True
8202.299,TSU,22,77.963,37.0,3.0,,,26.398,28.353,23.212,8152.348,8180.701,8203.913,277.0,271.0,317.0,301.0,False,HARD,19.0,True,Racing Bulls,8124.336,2026-08-23 14:22:07.113,1,9.0,False,,False,True
8280.095,TSU,22,77.796,38.0,3.0,,,26.326,28.234,23.236,8230.239,8258.473,8281.709,278.0,271.0,318.0,309.0,True,HARD,20.0,True,Racing Bulls,8202.299,2026-08-23 14:23:25.076,1,9.0,False,,False,True
8357.818,TSU,22,77.723,39.0,3.0,,,26.29,28.193,23.24,8307.999,8336.192,8359.432,276.0,271.0,317.0,310.0,True,HARD,21.0,True,Racing Bulls,8280.095,2026-08-23 14:24:42.872,1,9.0,False,,False,True
8435.625,TSU,22,77.807,40.0,3.0,,,26.282,28.24,23.285,8385.714,8413.954,8437.239,276.0,273.0,317.0,310.0,False,HARD,22.0,True,Racing Bulls,8357.818,2026-08-23 14:26:00.595,1,9.0,False,,False,True
8513.534,TSU,22,77.909,41.0,3.0,,,26.451,28.242,23.216,8463.69,8491.932,8515.148,277.0,272.0,318.0,308.0,False,HARD,23.0,True,Racing Bulls,8435.625,2026-08-23 14:27:18.402,1,9.0,False,,False,True
8591.405,TSU,22,77.871,42.0,3.0,,,26.344,28.313,23.214,8541.492,8569.805,8593.019,276.0,273.0,317.0,309.0,False,HARD,24.0,True,Racing Bulls,8513.534,2026-08-23 14:28:36.311,1,9.0,False,,False,True
8675.486,TSU,22,84.081,43.0,3.0,,,26.366,28.513,29.202,8619.385,8647.898,8677.1,277.0,272.0,312.0,307.0,False,HARD,25.0,True,Racing Bulls,8591.405,2026-08-23 14:29:54.182,1,9.0,True,TRACK LIMITS AT TURN 13 LAP 43 ,False,True
8757.47,TSU,22,81.984,44.0,3.0,,8757.903,27.361,28.358,26.265,8704.461,8732.819,8759.084,277.0,271.0,,282.0,False,HARD,26.0,True,Racing Bulls,8675.486,2026-08-23 14:31:18.263,1,10.0,False,,False,False
8850.686,TSU,22,93.216,45.0,4.0,8775.751,,42.866,27.354,22.996,8801.95,8829.304,8852.3,279.0,277.0,320.0,282.0,False,SOFT,3.0,False,Racing Bulls,8757.47,2026-08-23 14:32:40.247,1,11.0,False,,False,False
8928.038,TSU,22,77.352,46.0,4.0,,,26.252,28.023,23.077,8878.552,8906.575,8929.652,278.0,272.0,304.0,304.0,True,SOFT,4.0,False,Racing Bulls,8850.686,2026-08-23 14:34:13.463,1,11.0,False,,False,True
9006.509,TSU,22,78.471,47.0,4.0,,,27.453,28.051,22.967,8957.105,8985.156,9008.123,281.0,275.0,321.0,289.0,False,SOFT,5.0,False,Racing Bulls,8928.038,2026-08-23 14:35:30.815,1,10.0,False,,False,True
9083.48,TSU,22,76.971,48.0,4.0,,,26.018,28.008,22.945,9034.141,9062.149,9085.094,279.0,273.0,320.0,312.0,True,SOFT,6.0,False,Racing Bulls,9006.509,2026-08-23 14:36:49.286,1,10.0,False,,False,True
9160.119,TSU,22,76.639,49.0,4.0,,,25.897,27.775,22.967,9110.991,9138.766,9161.733,277.0,274.0,319.0,311.0,True,SOFT,7.0,False,Racing Bulls,9083.48,2026-08-23 14:38:06.257,1,10.0,False,,False,True
9236.972,TSU,22,76.853,50.0,4.0,,,26.064,27.865,22.924,9187.797,9215.662,9238.586,277.0,272.0,319.0,306.0,False,SOFT,8.0,False,Racing Bulls,9160.119,2026-08-23 14:39:22.896,1,10.0,False,,False,True
9313.698,TSU,22,76.726,51.0,4.0,,,26.044,27.757,22.925,9264.63,9292.387,9315.312,275.0,271.0,317.0,315.0,False,SOFT,9.0,False,Racing Bulls,9236.972,2026-08-23 14:40:39.749,1,10.0,False,,False,True
9390.527,TSU,22,76.829,52.0,4.0,,,26.009,27.89,22.93,9341.321,9369.211,9392.141,277.0,273.0,317.0,306.0,False,SOFT,10.0,False,Racing Bulls,9313.698,2026-08-23 14:41:56.475,1,10.0,False,,False,True
9467.468,TSU,22,76.941,53.0,4.0,,,26.084,27.836,23.021,9418.225,9446.061,9469.082,276.0,273.0,320.0,304.0,False,SOFT,11.0,False,Racing Bulls,9390.527,2026-08-23 14:43:13.304,12,10.0,False,,False,True
9569.706,TSU,22,102.238,54.0,4.0,,,36.937,35.687,29.614,9506.019,9541.706,9571.32,263.0,144.0,218.0,311.0,False,SOFT,12.0,False,Racing Bulls,9467.468,2026-08-23 14:44:30.245,26,10.0,False,,False,False
9673.489,TSU,22,103.783,55.0,4.0,,,37.337,35.103,31.343,9608.657,9643.76,9675.103,256.0,220.0,226.0,208.0,False,SOFT,13.0,False,Racing Bulls,9569.706,2026-08-23 14:46:12.483,6,10.0,False,,False,False
9765.6,TSU,22,92.111,56.0,4.0,,,36.571,30.973,24.567,9711.674,9742.647,9767.214,276.0,229.0,337.0,245.0,False,SOFT,14.0,False,Racing Bulls,9673.489,2026-08-23 14:47:56.266,671,10.0,False,,False,False
9843.884,TSU,22,78.284,57.0,4.0,,,27.208,27.762,23.314,9794.422,9822.184,9845.498,281.0,278.0,323.0,306.0,False,SOFT,15.0,False,Racing Bulls,9765.6,2026-08-23 14:49:28.377,1,11.0,False,,False,True
9920.557,TSU,22,76.673,58.0,4.0,,,26.014,27.651,23.008,9871.512,9899.163,9922.171,277.0,275.0,320.0,314.0,False,SOFT,16.0,False,Racing Bulls,9843.884,2026-08-23 14:50:46.661,1,11.0,False,,False,True
9997.255,TSU,22,76.698,59.0,4.0,,,25.964,27.689,23.045,9948.135,9975.824,9998.869,278.0,276.0,321.0,307.0,False,SOFT,17.0,False,Racing Bulls,9920.557,2026-08-23 14:52:03.334,1,11.0,False,,False,True
10074.224,TSU,22,76.969,60.0,4.0,,,26.118,27.869,22.982,10024.987,10052.856,10075.838,279.0,276.0,322.0,306.0,False,SOFT,18.0,False,Racing Bulls,9997.255,2026-08-23 14:53:20.032,1,11.0,False,,False,True
10151.574,TSU,22,77.35,61.0,4.0,,,26.101,27.941,23.308,10101.939,10129.88,10153.188,277.0,275.0,298.0,310.0,False,SOFT,19.0,False,Racing Bulls,10074.224,2026-08-23 14:54:37.001,1,11.0,False,,False,True
10229.582,TSU,22,78.008,62.0,4.0,,,27.074,27.907,23.027,10180.262,10208.169,10231.196,281.0,276.0,320.0,221.0,False,SOFT,20.0,False,Racing Bulls,10151.574,2026-08-23 14:55:54.351,1,11.0,False,,False,True
10306.841,TSU,22,77.259,63.0,4.0,,,26.047,27.983,23.229,10257.243,10285.226,10308.455,278.0,276.0,323.0,305.0,False,SOFT,21.0,False,Racing Bulls,10229.582,2026-08-23 14:57:12.359,1,11.0,False,,False,True
10384.237,TSU,22,77.396,64.0,4.0,,,26.162,27.986,23.248,10334.617,10362.603,10385.851,279.0,277.0,324.0,310.0,False,SOFT,22.0,False,Racing Bulls,10306.841,2026-08-23 14:58:29.618,1,11.0,False,,False,True
10461.789,TSU,22,77.552,65.0,4.0,,,26.418,27.932,23.202,10412.269,10440.201,10463.403,277.0,275.0,321.0,307.0,False,SOFT,23.0,False,Racing Bulls,10384.237,2026-08-23 14:59:47.014,1,11.0,False,,False,True
10539.368,TSU,22,77.579,66.0,4.0,,,26.261,27.975,23.343,10489.664,10517.639,10540.982,278.0,276.0,321.0,309.0,False,SOFT,24.0,False,Racing Bulls,10461.789,2026-08-23 15:01:04.566,1,11.0,False,,False,True
10616.812,TSU,22,77.444,67.0,4.0,,,26.276,28.085,23.083,10567.258,10595.343,10618.426,280.0,277.0,321.0,310.0,False,SOFT,25.0,False,Racing Bulls,10539.368,2026-08-23 15:02:22.145,1,11.0,False,,False,True
10707.028,TSU,22,90.216,68.0,4.0,,,26.085,32.854,31.277,10644.511,10677.365,10708.642,280.0,227.0,237.0,312.0,False,SOFT,26.0,False,Racing Bulls,10616.812,2026-08-23 15:03:39.589,16,11.0,False,,False,False
10788.867,TSU,22,81.839,69.0,4.0,,,30.792,27.936,23.111,10739.434,10767.37,10790.481,298.0,293.0,320.0,208.0,False,SOFT,27.0,False,Racing Bulls,10707.028,2026-08-23 15:05:09.805,671,11.0,False,,False,False
10866.252,TSU,22,77.385,70.0,4.0,,,26.11,27.976,23.299,10816.591,10844.567,10867.866,279.0,275.0,321.0,311.0,False,SOFT,28.0,False,Racing Bulls,10788.867,2026-08-23 15:06:31.644,1,11.0,False,,False,True
10943.635,TSU,22,77.383,71.0,4.0,,,26.123,27.982,23.278,10893.989,10921.971,10945.249,280.0,276.0,320.0,312.0,False,SOFT,29.0,False,Racing Bulls,10866.252,2026-08-23 15:07:49.029,1,11.0,False,,False,True
3501.006,ALB,23,96.533,1.0,1.0,,,,29.806,30.486,,3472.227,3502.662,276.0,261.0,257.0,206.0,False,SOFT,1.0,True,Williams,3405.791,2026-08-23 13:03:28.568,12,13.0,False,,False,False
3649.55,ALB,23,148.544,2.0,1.0,,3648.831,33.893,45.105,69.546,3536.524,3581.629,3651.175,115.0,145.0,,246.0,False,SOFT,2.0,True,Williams,3501.006,2026-08-23 13:05:03.783,25,14.0,False,,False,False
5414.142,ALB,23,,3.0,2.0,5228.133,,,29.608,,,5291.942,,202.0,238.0,32.0,246.0,False,HARD,1.0,True,Williams,5177.312,2026-08-23 13:33:00.089,12,12.0,False,,False,False
5579.713,ALB,23,,4.0,2.0,,,43.587,29.07,93.043,5459.241,5488.45,5581.448,241.0,216.0,85.0,118.0,False,HARD,2.0,True,Williams,5414.142,2026-08-23 13:36:56.919,1,12.0,False,,False,False
5664.652,ALB,23,84.939,5.0,2.0,,,31.194,29.384,24.361,5612.532,5641.916,5666.277,281.0,290.0,326.0,205.0,True,HARD,3.0,True,Williams,5579.713,2026-08-23 13:39:42.490,12,12.0,False,,False,True
5744.348,ALB,23,79.696,6.0,2.0,,,27.23,28.548,23.918,5693.507,5722.055,5745.973,280.0,274.0,315.0,290.0,True,HARD,4.0,True,Williams,5664.652,2026-08-23 13:41:07.429,1,12.0,False,,False,True
5823.439,ALB,23,79.091,7.0,2.0,,,26.951,28.577,23.563,5772.924,5801.501,5825.064,284.0,280.0,328.0,296.0,True,HARD,5.0,True,Williams,5744.348,2026-08-23 13:42:27.125,1,12.0,False,,False,True
5902.548,ALB,23,79.109,8.0,2.0,,,26.794,28.769,23.546,5851.858,5880.627,5904.173,284.0,279.0,327.0,307.0,False,HARD,6.0,True,Williams,5823.439,2026-08-23 13:43:46.216,1,11.0,False,,False,True
5981.287,ALB,23,78.739,9.0,2.0,,,26.585,28.723,23.431,5930.758,5959.481,5982.912,284.0,278.0,325.0,308.0,True,HARD,7.0,True,Williams,5902.548,2026-08-23 13:45:05.325,1,11.0,False,,False,True
6060.316,ALB,23,79.029,10.0,2.0,,,26.662,28.758,23.609,6009.574,6038.332,6061.941,278.0,276.0,313.0,306.0,False,HARD,8.0,True,Williams,5981.287,2026-08-23 13:46:24.064,1,11.0,False,,False,True
6139.378,ALB,23,79.062,11.0,2.0,,,26.711,28.818,23.533,6088.652,6117.47,6141.003,278.0,274.0,317.0,305.0,False,HARD,9.0,True,Williams,6060.316,2026-08-23 13:47:43.093,1,11.0,False,,False,True
6218.655,ALB,23,79.277,12.0,2.0,,,26.879,28.777,23.621,6167.882,6196.659,6220.28,277.0,271.0,317.0,300.0,False,HARD,10.0,True,Williams,6139.378,2026-08-23 13:49:02.155,1,11.0,False,,False,True
6297.87,ALB,23,79.215,13.0,2.0,,,26.774,28.885,23.556,6247.054,6275.939,6299.495,276.0,268.0,318.0,303.0,False,HARD,11.0,True,Williams,6218.655,2026-08-23 13:50:21.432,1,11.0,False,,False,True
6377.186,ALB,23,79.316,14.0,2.0,,,26.672,28.914,23.73,6326.167,6355.081,6378.811,280.0,273.0,318.0,298.0,False,HARD,12.0,True,Williams,6297.87,2026-08-23 13:51:40.647,1,11.0,False,,False,True
6456.56,ALB,23,79.374,15.0,2.0,,,26.673,29.004,23.697,6405.484,6434.488,6458.185,280.0,272.0,315.0,299.0,False,HARD,13.0,True,Williams,6377.186,2026-08-23 13:52:59.963,1,11.0,False,,False,True
6535.718,ALB,23,79.158,16.0,2.0,,,26.813,28.785,23.56,6484.998,6513.783,6537.343,280.0,275.0,319.0,305.0,False,HARD,14.0,True,Williams,6456.56,2026-08-23 13:54:19.337,1,11.0,False,,False,True
6614.784,ALB,23,79.066,17.0,2.0,,,26.564,28.836,23.666,6563.907,6592.743,6616.409,280.0,272.0,317.0,310.0,False,HARD,15.0,True,Williams,6535.718,2026-08-23 13:55:38.495,1,11.0,False,,False,True
6694.167,ALB,23,79.383,18.0,2.0,,,26.766,28.97,23.647,6643.175,6672.145,6695.792,280.0,273.0,314.0,306.0,False,HARD,16.0,True,Williams,6614.784,2026-08-23 13:56:57.561,1,11.0,False,,False,True
6773.362,ALB,23,79.195,19.0,2.0,,,26.829,28.722,23.644,6722.621,6751.343,6774.987,281.0,274.0,319.0,301.0,False,HARD,17.0,True,Williams,6694.167,2026-08-23 13:58:16.944,1,9.0,False,,False,True
6852.489,ALB,23,79.127,20.0,2.0,,,26.651,28.875,23.601,6801.638,6830.513,6854.114,280.0,274.0,317.0,309.0,False,HARD,18.0,True,Williams,6773.362,2026-08-23 13:59:36.139,1,8.0,False,,False,True
6931.49,ALB,23,79.001,21.0,2.0,,,26.586,28.859,23.556,6880.7,6909.559,6933.115,281.0,272.0,313.0,309.0,False,HARD,19.0,True,Williams,6852.489,2026-08-23 14:00:55.266,1,8.0,False,,False,True
7010.508,ALB,23,79.018,22.0,2.0,,,26.612,28.811,23.595,6959.727,6988.538,7012.133,281.0,271.0,317.0,307.0,False,HARD,20.0,True,Williams,6931.49,2026-08-23 14:02:14.267,1,7.0,False,,False,True
7089.752,ALB,23,79.244,23.0,2.0,,,26.63,28.862,23.752,7038.763,7067.625,7091.377,280.0,274.0,312.0,305.0,False,HARD,21.0,True,Williams,7010.508,2026-08-23 14:03:33.285,1,7.0,False,,False,True
7169.823,ALB,23,80.071,24.0,2.0,,,27.346,29.026,23.699,7118.723,7147.749,7171.448,283.0,274.0,319.0,295.0,False,HARD,22.0,True,Williams,7089.752,2026-08-23 14:04:52.529,1,8.0,False,,False,True
7248.96,ALB,23,79.137,25.0,2.0,,,26.621,28.725,23.791,7198.069,7226.794,7250.585,280.0,273.0,318.0,308.0,False,HARD,23.0,True,Williams,7169.823,2026-08-23 14:06:12.600,1,8.0,False,,False,True
7331.072,ALB,23,82.112,26.0,2.0,,7331.473,26.718,28.847,26.547,7277.303,7306.15,7332.697,281.0,273.0,,307.0,False,HARD,24.0,True,Williams,7248.96,2026-08-23 14:07:31.737,1,9.0,False,,False,False
7425.436,ALB,23,94.364,27.0,3.0,7349.107,,43.061,27.971,23.332,7375.758,7403.729,7427.061,277.0,273.0,314.0,307.0,False,HARD,1.0,True,Williams,7331.072,2026-08-23 14:08:53.849,1,15.0,False,,False,False
7503.738,ALB,23,78.302,28.0,3.0,,,26.633,28.323,23.346,7453.694,7482.017,7505.363,280.0,274.0,318.0,302.0,True,HARD,2.0,True,Williams,7425.436,2026-08-23 14:10:28.213,1,15.0,False,,False,True
7582.077,ALB,23,78.339,29.0,3.0,,,26.576,28.352,23.411,7531.939,7560.291,7583.702,281.0,276.0,321.0,302.0,False,HARD,3.0,True,Williams,7503.738,2026-08-23 14:11:46.515,1,15.0,False,,False,True
7661.061,ALB,23,78.984,30.0,3.0,,,26.737,28.715,23.532,7610.439,7639.154,7662.686,279.0,279.0,327.0,309.0,False,HARD,4.0,True,Williams,7582.077,2026-08-23 14:13:04.854,1,14.0,False,,False,True
7740.113,ALB,23,79.052,31.0,3.0,,,26.708,28.82,23.524,7689.394,7718.214,7741.738,288.0,280.0,330.0,299.0,False,HARD,5.0,True,Williams,7661.061,2026-08-23 14:14:23.838,1,14.0,False,,False,True
7819.22,ALB,23,79.107,32.0,3.0,,,26.725,28.744,23.638,7768.463,7797.207,7820.845,289.0,285.0,331.0,305.0,False,HARD,6.0,True,Williams,7740.113,2026-08-23 14:15:42.890,1,14.0,False,,False,True
7898.667,ALB,23,79.447,33.0,3.0,,,26.936,28.865,23.646,7847.781,7876.646,7900.292,288.0,281.0,323.0,300.0,False,HARD,7.0,True,Williams,7819.22,2026-08-23 14:17:01.997,1,14.0,False,,False,True
7977.847,ALB,23,79.18,34.0,3.0,,,26.756,28.861,23.563,7927.048,7955.909,7979.472,278.0,275.0,321.0,306.0,False,HARD,8.0,True,Williams,7898.667,2026-08-23 14:18:21.444,1,13.0,False,,False,True
8058.223,ALB,23,80.376,35.0,3.0,,,26.758,29.816,23.802,8006.23,8036.046,8059.848,278.0,283.0,293.0,304.0,False,HARD,9.0,True,Williams,7977.847,2026-08-23 14:19:40.624,1,12.0,False,,False,True
8137.921,ALB,23,79.698,36.0,3.0,,,27.39,28.538,23.77,8087.238,8115.776,8139.546,290.0,280.0,309.0,254.0,False,HARD,10.0,True,Williams,8058.223,2026-08-23 14:21:01.000,1,11.0,False,,False,True
8216.911,ALB,23,78.99,37.0,3.0,,,26.761,28.549,23.68,8166.307,8194.856,8218.536,276.0,285.0,314.0,301.0,False,HARD,11.0,True,Williams,8137.921,2026-08-23 14:22:20.698,1,11.0,False,,False,True
8299.458,ALB,23,82.547,38.0,3.0,,,27.667,29.098,25.782,8246.203,8275.301,8301.083,275.0,221.0,318.0,290.0,False,HARD,12.0,True,Williams,8216.911,2026-08-23 14:23:39.688,1,12.0,False,,False,True
8379.149,ALB,23,79.691,39.0,3.0,,,27.455,28.715,23.521,8328.538,8357.253,8380.774,275.0,278.0,321.0,303.0,False,HARD,13.0,True,Williams,8299.458,2026-08-23 14:25:02.235,1,12.0,False,,False,True
8457.751,ALB,23,78.602,40.0,3.0,,,26.528,28.532,23.542,8407.302,8435.834,8459.376,276.0,281.0,316.0,310.0,False,HARD,14.0,True,Williams,8379.149,2026-08-23 14:26:21.926,1,12.0,False,,False,True
8537.417,ALB,23,79.666,41.0,3.0,,,27.364,28.76,23.542,8486.74,8515.5,8539.042,220.0,284.0,321.0,306.0,False,HARD,15.0,True,Williams,8457.751,2026-08-23 14:27:40.528,1,12.0,False,,False,True
8617.531,ALB,23,80.114,42.0,3.0,,,26.466,30.072,23.576,8565.508,8595.58,8619.156,278.0,270.0,321.0,311.0,False,HARD,16.0,True,Williams,8537.417,2026-08-23 14:29:00.194,1,12.0,False,,False,True
8696.67,ALB,23,79.139,43.0,3.0,,,26.795,28.848,23.496,8645.951,8674.799,8698.295,281.0,283.0,305.0,312.0,False,HARD,17.0,True,Williams,8617.531,2026-08-23 14:30:20.308,1,12.0,False,,False,True
8775.862,ALB,23,79.192,44.0,3.0,,,27.067,28.694,23.431,8725.362,8754.056,8777.487,280.0,278.0,320.0,278.0,False,HARD,18.0,True,Williams,8696.67,2026-08-23 14:31:39.447,1,12.0,False,,False,True
8855.401,ALB,23,79.539,45.0,3.0,,,26.927,29.053,23.559,8804.414,8833.467,8857.026,281.0,284.0,323.0,311.0,False,HARD,19.0,True,Williams,8775.862,2026-08-23 14:32:58.639,1,13.0,False,,False,True
8934.367,ALB,23,78.966,46.0,3.0,,,26.586,28.846,23.534,8883.612,8912.458,8935.992,284.0,276.0,323.0,307.0,False,HARD,20.0,True,Williams,8855.401,2026-08-23 14:34:18.178,1,13.0,False,,False,True
9012.951,ALB,23,78.584,47.0,3.0,,,26.47,28.708,23.406,8962.462,8991.17,9014.576,281.0,277.0,322.0,313.0,False,HARD,21.0,True,Williams,8934.367,2026-08-23 14:35:37.144,1,13.0,False,,False,True
9091.301,ALB,23,78.35,48.0,3.0,,,26.401,28.586,23.363,9040.977,9069.563,9092.926,281.0,277.0,322.0,313.0,False,HARD,22.0,True,Williams,9012.951,2026-08-23 14:36:55.728,1,13.0,False,,False,True
9172.71,ALB,23,81.409,49.0,3.0,,9173.204,26.43,29.002,25.977,9119.356,9148.358,9174.335,280.0,284.0,,314.0,False,HARD,23.0,True,Williams,9091.301,2026-08-23 14:38:14.078,1,14.0,False,,False,False
9266.841,ALB,23,94.131,50.0,4.0,9190.606,,43.032,27.909,23.19,9217.367,9245.276,9268.466,283.0,279.0,319.0,314.0,False,MEDIUM,1.0,True,Williams,9172.71,2026-08-23 14:39:35.487,1,16.0,False,,False,False
9343.988,ALB,23,77.147,51.0,4.0,,,26.259,27.917,22.971,9294.725,9322.642,9345.613,280.0,276.0,319.0,308.0,True,MEDIUM,2.0,True,Williams,9266.841,2026-08-23 14:41:09.618,1,16.0,False,,False,True
9421.28,ALB,23,77.292,52.0,4.0,,,26.132,28.074,23.086,9371.745,9399.819,9422.905,281.0,277.0,320.0,306.0,False,MEDIUM,3.0,True,Williams,9343.988,2026-08-23 14:42:26.765,1,16.0,False,,False,True
9509.215,ALB,23,87.935,53.0,4.0,,,26.165,29.654,32.116,9449.07,9478.724,9510.84,281.0,104.0,250.0,310.0,False,MEDIUM,4.0,True,Williams,9421.28,2026-08-23 14:43:44.057,126,15.0,False,,False,False
9612.389,ALB,23,103.174,54.0,4.0,,,36.542,36.201,30.431,9547.382,9583.583,9614.014,248.0,200.0,228.0,214.0,False,MEDIUM,5.0,True,Williams,9509.215,2026-08-23 14:45:11.992,6,15.0,False,,False,False
9716.359,ALB,23,103.97,55.0,4.0,,,37.072,35.196,31.702,9651.086,9686.282,9717.984,237.0,187.0,229.0,167.0,False,MEDIUM,6.0,True,Williams,9612.389,2026-08-23 14:46:55.166,6,15.0,False,,False,False
9796.258,ALB,23,79.899,56.0,4.0,,,29.642,27.383,22.874,9747.626,9775.009,9797.883,296.0,290.0,321.0,185.0,False,MEDIUM,7.0,True,Williams,9716.359,2026-08-23 14:48:39.136,671,15.0,False,,False,False
9873.55,ALB,23,77.292,57.0,4.0,,,26.0,27.773,23.519,9823.883,9851.656,9875.175,280.0,277.0,271.0,308.0,False,MEDIUM,8.0,True,Williams,9796.258,2026-08-23 14:49:59.035,1,15.0,False,,False,True
9952.241,ALB,23,78.691,58.0,4.0,,,27.716,28.016,22.959,9902.891,9930.907,9953.866,287.0,280.0,324.0,232.0,False,MEDIUM,9.0,True,Williams,9873.55,2026-08-23 14:51:16.327,1,15.0,False,,False,True
10029.432,ALB,23,77.191,59.0,4.0,,,25.995,28.107,23.089,9979.861,10007.968,10031.057,281.0,277.0,324.0,317.0,False,MEDIUM,10.0,True,Williams,9952.241,2026-08-23 14:52:35.018,1,14.0,False,,False,True
10106.881,ALB,23,77.449,60.0,4.0,,,26.033,28.33,23.086,10057.09,10085.42,10108.506,285.0,283.0,337.0,314.0,False,MEDIUM,11.0,True,Williams,10029.432,2026-08-23 14:53:52.209,1,14.0,False,,False,True
10185.129,ALB,23,78.248,61.0,4.0,,,26.519,28.437,23.292,10135.025,10163.462,10186.754,288.0,285.0,337.0,313.0,False,MEDIUM,12.0,True,Williams,10106.881,2026-08-23 14:55:09.658,1,14.0,False,,False,True
10263.416,ALB,23,78.287,62.0,4.0,,,26.419,28.418,23.45,10213.173,10241.591,10265.041,287.0,287.0,333.0,309.0,False,MEDIUM,13.0,True,Williams,10185.129,2026-08-23 14:56:27.906,1,14.0,False,,False,True
10342.225,ALB,23,78.809,63.0,4.0,,,26.749,28.591,23.469,10291.79,10320.381,10343.85,295.0,287.0,340.0,312.0,False,MEDIUM,14.0,True,Williams,10263.416,2026-08-23 14:57:46.193,1,14.0,False,,False,True
10421.884,ALB,23,79.659,64.0,4.0,,,27.524,28.774,23.361,10371.374,10400.148,10423.509,241.0,288.0,344.0,293.0,False,MEDIUM,15.0,True,Williams,10342.225,2026-08-23 14:59:05.002,1,14.0,False,,False,True
10515.053,ALB,23,93.169,65.0,4.0,,,41.07,28.643,23.456,10464.579,10493.222,10516.678,264.0,283.0,323.0,335.0,False,MEDIUM,16.0,True,Williams,10421.884,2026-08-23 15:00:24.661,1,15.0,True,TRACK LIMITS AT TURN 1 LAP 65 ,False,True
10613.783,ALB,23,98.73,66.0,4.0,,10613.911,27.212,38.591,32.927,10543.89,10582.481,10615.408,222.0,190.0,,311.0,False,MEDIUM,17.0,True,Williams,10515.053,2026-08-23 15:01:57.830,1,15.0,False,,False,False
3499.923,HUL,27,95.429,1.0,1.0,,,,30.0,29.606,,3471.961,3501.591,277.0,266.0,278.0,197.0,False,SOFT,4.0,False,Audi,3405.791,2026-08-23 13:03:28.568,12,12.0,False,,False,False
3644.634,HUL,27,144.711,2.0,1.0,,3643.238,30.586,46.694,67.431,3532.113,3578.807,3646.238,115.0,147.0,,226.0,False,SOFT,5.0,False,Audi,3499.923,2026-08-23 13:05:02.700,25,12.0,False,,False,False
5411.937,HUL,27,,3.0,2.0,5226.236,,,29.251,,,5286.075,,260.0,229.0,56.0,226.0,False,SOFT,4.0,False,Audi,5177.312,2026-08-23 13:33:00.089,12,10.0,False,,False,False
5579.534,HUL,27,,4.0,2.0,,,41.842,32.01,93.872,5455.296,5487.419,5581.352,212.0,227.0,63.0,142.0,False,SOFT,5.0,False,Audi,5411.937,2026-08-23 13:36:54.714,1,11.0,False,,False,False
5663.18,HUL,27,83.646,5.0,2.0,,,30.7,28.909,24.037,5611.838,5640.747,5664.784,273.0,285.0,325.0,217.0,False,SOFT,6.0,False,Audi,5579.534,2026-08-23 13:39:42.311,12,9.0,True,TRACK LIMITS AT TURN 3 LAP 5 ,False,True
5742.011,HUL,27,78.831,6.0,2.0,,,26.929,28.341,23.561,5691.713,5720.054,5743.615,276.0,278.0,325.0,283.0,True,SOFT,7.0,False,Audi,5663.18,2026-08-23 13:41:05.957,1,9.0,False,,False,True
5820.809,HUL,27,78.798,7.0,2.0,,,26.874,28.287,23.637,5770.489,5798.776,5822.413,277.0,280.0,323.0,298.0,True,SOFT,8.0,False,Audi,5742.011,2026-08-23 13:42:24.788,1,9.0,False,,False,True
5899.522,HUL,27,78.713,8.0,2.0,,,26.987,28.344,23.382,5849.4,5877.744,5901.126,276.0,274.0,320.0,298.0,True,SOFT,9.0,False,Audi,5820.809,2026-08-23 13:43:43.586,1,9.0,False,,False,True
5978.054,HUL,27,78.532,9.0,2.0,,,26.757,28.546,23.229,5927.883,5956.429,5979.658,270.0,272.0,320.0,300.0,True,SOFT,10.0,False,Audi,5899.522,2026-08-23 13:45:02.299,1,9.0,False,,False,True
6056.609,HUL,27,78.555,10.0,2.0,,,26.713,28.446,23.396,6006.371,6034.817,6058.213,271.0,267.0,320.0,302.0,False,SOFT,11.0,False,Audi,5978.054,2026-08-23 13:46:20.831,1,9.0,False,,False,True
6135.079,HUL,27,78.47,11.0,2.0,,,26.531,28.542,23.397,6084.744,6113.286,6136.683,273.0,272.0,324.0,306.0,True,SOFT,12.0,False,Audi,6056.609,2026-08-23 13:47:39.386,1,9.0,False,,False,True
6213.539,HUL,27,78.46,12.0,2.0,,,26.405,28.685,23.37,6163.088,6191.773,6215.143,277.0,277.0,331.0,301.0,True,SOFT,13.0,False,Audi,6135.079,2026-08-23 13:48:57.856,1,9.0,False,,False,True
6292.853,HUL,27,79.314,13.0,2.0,,,26.9,28.939,23.475,6242.043,6270.982,6294.457,274.0,275.0,305.0,307.0,False,SOFT,14.0,False,Audi,6213.539,2026-08-23 13:50:16.316,1,9.0,False,,False,True
6372.206,HUL,27,79.353,14.0,2.0,,,26.862,29.062,23.429,6321.319,6350.381,6373.81,272.0,271.0,307.0,297.0,False,SOFT,15.0,False,Audi,6292.853,2026-08-23 13:51:35.630,1,9.0,False,,False,True
6450.932,HUL,27,78.726,15.0,2.0,,,26.6,28.721,23.405,6400.41,6429.131,6452.536,273.0,272.0,308.0,298.0,False,SOFT,16.0,False,Audi,6372.206,2026-08-23 13:52:54.983,1,9.0,False,,False,True
6529.5,HUL,27,78.568,16.0,2.0,,,26.543,28.623,23.402,6479.079,6507.702,6531.104,275.0,273.0,315.0,297.0,False,SOFT,17.0,False,Audi,6450.932,2026-08-23 13:54:13.709,1,9.0,False,,False,True
6608.165,HUL,27,78.665,17.0,2.0,,,26.469,28.748,23.448,6557.573,6586.321,6609.769,272.0,273.0,320.0,306.0,False,SOFT,18.0,False,Audi,6529.5,2026-08-23 13:55:32.277,1,9.0,False,,False,True
6687.226,HUL,27,79.061,18.0,2.0,,,26.675,28.818,23.568,6636.444,6665.262,6688.83,273.0,277.0,330.0,305.0,False,SOFT,19.0,False,Audi,6608.165,2026-08-23 13:56:50.942,1,8.0,False,,False,True
6769.276,HUL,27,82.05,19.0,2.0,,6769.812,26.832,28.717,26.501,6715.662,6744.379,6770.88,274.0,274.0,,316.0,False,SOFT,20.0,False,Audi,6687.226,2026-08-23 13:58:10.003,1,8.0,False,,False,False
6862.868,HUL,27,93.592,20.0,3.0,6786.688,,42.116,27.987,23.489,6812.996,6840.983,6864.472,281.0,264.0,338.0,316.0,False,SOFT,1.0,True,Audi,6769.276,2026-08-23 13:59:32.053,1,13.0,False,,False,False
6941.639,HUL,27,78.771,21.0,3.0,,,26.851,27.936,23.984,6891.323,6919.259,6943.243,267.0,299.0,317.0,295.0,False,SOFT,2.0,True,Audi,6862.868,2026-08-23 14:01:05.645,1,13.0,False,,False,True
7020.615,HUL,27,78.976,22.0,3.0,,,27.076,28.251,23.649,6970.319,6998.57,7022.219,263.0,267.0,325.0,294.0,False,SOFT,3.0,True,Audi,6941.639,2026-08-23 14:02:24.416,1,13.0,False,,False,True
7099.916,HUL,27,79.301,23.0,3.0,,,26.864,28.343,24.094,7049.083,7077.426,7101.52,271.0,283.0,318.0,280.0,False,SOFT,4.0,True,Audi,7020.615,2026-08-23 14:03:43.392,1,13.0,False,,False,True
7179.82,HUL,27,79.904,24.0,3.0,,,27.129,28.188,24.587,7128.649,7156.837,7181.424,274.0,299.0,323.0,286.0,False,SOFT,5.0,True,Audi,7099.916,2026-08-23 14:05:02.693,1,13.0,False,,False,True
7258.951,HUL,27,79.131,25.0,3.0,,,26.757,28.432,23.942,7208.181,7236.613,7260.555,274.0,274.0,320.0,298.0,False,SOFT,6.0,True,Audi,7179.82,2026-08-23 14:06:22.597,1,12.0,False,,False,True
7338.48,HUL,27,79.529,26.0,3.0,,,26.96,28.879,23.69,7287.515,7316.394,7340.084,275.0,281.0,338.0,302.0,False,SOFT,7.0,True,Audi,7258.951,2026-08-23 14:07:41.728,1,11.0,False,,False,True
7417.851,HUL,27,79.371,27.0,3.0,,,26.727,28.565,24.079,7366.811,7395.376,7419.455,280.0,275.0,314.0,312.0,False,SOFT,8.0,True,Audi,7338.48,2026-08-23 14:09:01.257,1,9.0,False,,False,True
7497.205,HUL,27,79.354,28.0,3.0,,,26.823,28.631,23.9,7446.278,7474.909,7498.809,273.0,282.0,337.0,297.0,False,SOFT,9.0,True,Audi,7417.851,2026-08-23 14:10:20.628,1,9.0,False,,False,True
7574.823,HUL,27,77.618,29.0,3.0,,,26.604,27.822,23.192,7525.413,7553.235,7576.427,268.0,271.0,315.0,295.0,True,SOFT,10.0,True,Audi,7497.205,2026-08-23 14:11:39.982,1,9.0,False,,False,True
7652.311,HUL,27,77.488,30.0,3.0,,,26.485,27.76,23.243,7602.912,7630.672,7653.915,269.0,269.0,304.0,297.0,True,SOFT,11.0,True,Audi,7574.823,2026-08-23 14:12:57.600,1,9.0,False,,False,True
7729.59,HUL,27,77.279,31.0,3.0,,,26.32,27.798,23.161,7680.235,7708.033,7731.194,272.0,270.0,318.0,295.0,True,SOFT,12.0,True,Audi,7652.311,2026-08-23 14:14:15.088,1,9.0,False,,False,True
7806.868,HUL,27,77.278,32.0,3.0,,,26.192,27.995,23.091,7757.386,7785.381,7808.472,267.0,270.0,318.0,310.0,True,SOFT,13.0,True,Audi,7729.59,2026-08-23 14:15:32.367,1,9.0,False,,False,True
7884.112,HUL,27,77.244,33.0,3.0,,,26.214,27.96,23.07,7834.686,7862.646,7885.716,269.0,271.0,319.0,304.0,True,SOFT,14.0,True,Audi,7806.868,2026-08-23 14:16:49.645,1,9.0,False,,False,True
7962.029,HUL,27,77.917,34.0,3.0,,,26.309,28.286,23.322,7912.025,7940.311,7963.633,270.0,273.0,312.0,304.0,False,SOFT,15.0,True,Audi,7884.112,2026-08-23 14:18:06.889,1,8.0,False,,False,True
8039.425,HUL,27,77.396,35.0,3.0,,,26.25,27.903,23.243,7989.883,8017.786,8041.029,273.0,276.0,315.0,295.0,False,SOFT,16.0,True,Audi,7962.029,2026-08-23 14:19:24.806,1,8.0,False,,False,True
8117.092,HUL,27,77.667,36.0,3.0,,,26.349,28.153,23.165,8067.378,8095.531,8118.696,271.0,272.0,306.0,302.0,False,SOFT,17.0,True,Audi,8039.425,2026-08-23 14:20:42.202,1,8.0,False,,False,True
8194.755,HUL,27,77.663,37.0,3.0,,,26.332,28.134,23.197,8145.028,8173.162,8196.359,272.0,274.0,317.0,295.0,False,SOFT,18.0,True,Audi,8117.092,2026-08-23 14:21:59.869,1,8.0,False,,False,True
8272.44,HUL,27,77.685,38.0,3.0,,,26.23,28.163,23.292,8222.589,8250.752,8274.044,269.0,269.0,317.0,305.0,False,SOFT,19.0,True,Audi,8194.755,2026-08-23 14:23:17.532,1,8.0,False,,False,True
8349.873,HUL,27,77.433,39.0,3.0,,,26.214,28.156,23.063,8300.258,8328.414,8351.477,269.0,269.0,316.0,300.0,False,SOFT,20.0,True,Audi,8272.44,2026-08-23 14:24:35.217,1,8.0,False,,False,True
8427.833,HUL,27,77.96,40.0,3.0,,,26.483,28.222,23.255,8377.96,8406.182,8429.437,267.0,270.0,304.0,302.0,False,SOFT,21.0,True,Audi,8349.873,2026-08-23 14:25:52.650,1,8.0,True,TRACK LIMITS AT TURN 3 LAP 40 ,False,True
8505.73,HUL,27,77.897,41.0,3.0,,,26.462,28.137,23.298,8455.899,8484.036,8507.334,271.0,272.0,305.0,293.0,False,SOFT,22.0,True,Audi,8427.833,2026-08-23 14:27:10.610,1,8.0,False,,False,True
8583.522,HUL,27,77.792,42.0,3.0,,,26.355,28.296,23.141,8533.689,8561.985,8585.126,272.0,272.0,306.0,294.0,False,SOFT,23.0,True,Audi,8505.73,2026-08-23 14:28:28.507,1,8.0,False,,False,True
8661.413,HUL,27,77.891,43.0,3.0,,,26.346,28.299,23.246,8611.472,8639.771,8663.017,272.0,273.0,307.0,296.0,False,SOFT,24.0,True,Audi,8583.522,2026-08-23 14:29:46.299,1,8.0,False,,False,True
8739.381,HUL,27,77.968,44.0,3.0,,,26.479,28.216,23.273,8689.496,8717.712,8740.985,273.0,272.0,310.0,296.0,False,SOFT,25.0,True,Audi,8661.413,2026-08-23 14:31:04.190,1,8.0,False,,False,True
8817.17,HUL,27,77.789,45.0,3.0,,,26.458,28.115,23.216,8767.443,8795.558,8818.774,277.0,276.0,308.0,298.0,False,SOFT,26.0,True,Audi,8739.381,2026-08-23 14:32:22.158,1,8.0,False,,False,True
8894.996,HUL,27,77.826,46.0,3.0,,,26.325,28.258,23.243,8845.099,8873.357,8896.6,276.0,274.0,307.0,296.0,False,SOFT,27.0,True,Audi,8817.17,2026-08-23 14:33:39.947,1,8.0,False,,False,True
8973.127,HUL,27,78.131,47.0,3.0,,,26.441,28.321,23.369,8923.041,8951.362,8974.731,278.0,273.0,307.0,295.0,False,SOFT,28.0,True,Audi,8894.996,2026-08-23 14:34:57.773,1,8.0,False,,False,True
9054.163,HUL,27,81.036,48.0,3.0,,9054.552,26.344,28.442,26.25,9001.075,9029.517,9055.767,276.0,276.0,,297.0,False,SOFT,29.0,True,Audi,8973.127,2026-08-23 14:36:15.904,1,8.0,False,,False,False
9147.527,HUL,27,93.364,49.0,4.0,9072.252,,42.609,27.785,22.97,9098.376,9126.161,9149.131,286.0,283.0,312.0,297.0,False,HARD,1.0,True,Audi,9054.163,2026-08-23 14:37:36.940,1,8.0,False,,False,False
9224.409,HUL,27,76.882,50.0,4.0,,,26.132,27.73,23.02,9175.263,9202.993,9226.013,275.0,276.0,309.0,300.0,True,HARD,2.0,True,Audi,9147.527,2026-08-23 14:39:10.304,1,8.0,False,,False,True
9302.872,HUL,27,78.463,51.0,4.0,,,26.082,28.703,23.678,9252.095,9280.798,9304.476,275.0,221.0,327.0,296.0,False,HARD,3.0,True,Audi,9224.409,2026-08-23 14:40:27.186,1,8.0,False,,False,True
9381.112,HUL,27,78.24,52.0,4.0,,,26.144,29.005,23.091,9330.62,9359.625,9382.716,282.0,286.0,315.0,306.0,False,HARD,4.0,True,Audi,9302.872,2026-08-23 14:41:45.649,1,8.0,False,,False,True
9458.052,HUL,27,76.94,53.0,4.0,,,26.167,27.883,22.89,9408.883,9436.766,9459.656,278.0,277.0,312.0,302.0,False,HARD,5.0,True,Audi,9381.112,2026-08-23 14:43:03.889,12,8.0,False,,False,True
9558.991,HUL,27,100.939,54.0,4.0,,,31.994,37.513,31.432,9491.65,9529.163,9560.595,209.0,168.0,269.0,301.0,False,HARD,6.0,True,Audi,9458.052,2026-08-23 14:44:20.829,26,8.0,False,,False,False
9661.55,HUL,27,102.559,55.0,4.0,,,35.241,35.215,32.103,9595.836,9631.051,9663.154,214.0,227.0,212.0,233.0,False,HARD,7.0,True,Audi,9558.991,2026-08-23 14:46:01.768,6,8.0,False,,False,False
9755.675,HUL,27,94.125,56.0,4.0,,,33.793,37.102,23.23,9696.947,9734.049,9757.279,249.0,266.0,316.0,266.0,False,HARD,8.0,True,Audi,9661.55,2026-08-23 14:47:44.327,671,8.0,False,,False,False
9834.664,HUL,27,78.989,57.0,4.0,,,26.277,29.199,23.513,9783.556,9812.755,9836.268,238.0,247.0,325.0,301.0,False,HARD,9.0,True,Audi,9755.675,2026-08-23 14:49:18.452,1,8.0,False,,False,True
9911.025,HUL,27,76.361,58.0,4.0,,,26.001,27.45,22.91,9862.269,9889.719,9912.629,283.0,281.0,311.0,308.0,True,HARD,10.0,True,Audi,9834.664,2026-08-23 14:50:37.441,1,8.0,False,,False,True
9987.437,HUL,27,76.412,59.0,4.0,,,26.018,27.441,22.953,9938.647,9966.088,9989.041,278.0,278.0,311.0,300.0,False,HARD,11.0,True,Audi,9911.025,2026-08-23 14:51:53.802,1,8.0,False,,False,True
10065.571,HUL,27,78.134,60.0,4.0,,,26.365,28.612,23.157,10015.406,10044.018,10067.175,249.0,283.0,310.0,302.0,False,HARD,12.0,True,Audi,9987.437,2026-08-23 14:53:10.214,1,8.0,False,,False,True
10141.636,HUL,27,76.065,61.0,4.0,,,26.077,27.273,22.715,10093.252,10120.525,10143.24,276.0,278.0,308.0,300.0,True,HARD,13.0,True,Audi,10065.571,2026-08-23 14:54:28.348,1,8.0,False,,False,True
10217.684,HUL,27,76.048,62.0,4.0,,,25.983,27.319,22.746,10169.223,10196.542,10219.288,275.0,277.0,308.0,298.0,True,HARD,14.0,True,Audi,10141.636,2026-08-23 14:55:44.413,1,8.0,False,,False,True
10293.736,HUL,27,76.052,63.0,4.0,,,25.92,27.382,22.75,10245.208,10272.59,10295.34,274.0,276.0,309.0,298.0,False,HARD,15.0,True,Audi,10217.684,2026-08-23 14:57:00.461,1,8.0,False,,False,True
10369.931,HUL,27,76.195,64.0,4.0,,,26.009,27.356,22.83,10321.349,10348.705,10371.535,277.0,277.0,311.0,298.0,False,HARD,16.0,True,Audi,10293.736,2026-08-23 14:58:16.513,1,8.0,False,,False,True
10446.065,HUL,27,76.134,65.0,4.0,,,25.993,27.236,22.905,10397.528,10424.764,10447.669,278.0,277.0,311.0,300.0,False,HARD,17.0,True,Audi,10369.931,2026-08-23 14:59:32.708,1,8.0,False,,False,True
10522.666,HUL,27,76.601,66.0,4.0,,,26.123,27.52,22.958,10473.792,10501.312,10524.27,278.0,277.0,311.0,298.0,False,HARD,18.0,True,Audi,10446.065,2026-08-23 15:00:48.842,1,8.0,False,,False,True
10599.439,HUL,27,76.773,67.0,4.0,,,26.185,27.669,22.919,10550.455,10578.124,10601.043,278.0,277.0,310.0,300.0,False,HARD,19.0,True,Audi,10522.666,2026-08-23 15:02:05.443,1,8.0,False,,False,True
10683.619,HUL,27,84.18,68.0,4.0,,,25.987,27.501,30.692,10627.03,10654.531,10685.223,279.0,276.0,270.0,299.0,False,HARD,20.0,True,Audi,10599.439,2026-08-23 15:03:22.216,16,8.0,False,,False,False
10770.748,HUL,27,87.129,69.0,4.0,,,35.544,28.477,23.108,10720.767,10749.244,10772.352,229.0,281.0,289.0,243.0,False,HARD,21.0,True,Audi,10683.619,2026-08-23 15:04:46.396,671,8.0,False,,False,False
10849.045,HUL,27,78.297,70.0,4.0,,,27.72,27.649,22.928,10800.072,10827.721,10850.649,292.0,284.0,317.0,218.0,False,HARD,22.0,True,Audi,10770.748,2026-08-23 15:06:13.525,1,8.0,False,,False,True
10925.362,HUL,27,76.317,71.0,4.0,,,25.921,27.451,22.945,10876.57,10904.021,10926.966,280.0,279.0,294.0,300.0,False,HARD,23.0,True,Audi,10849.045,2026-08-23 15:07:31.822,1,8.0,False,,False,True
3488.742,VER,3,,1.0,1.0,,,,,,,,,,,,,False,SOFT,1.0,True,Red Bull Racing,3405.791,2026-08-23 13:03:28.568,1,,False,,True,False
3495.021,LAW,30,90.598,1.0,1.0,,,,28.808,27.475,,3469.368,3496.647,281.0,278.0,305.0,205.0,False,SOFT,4.0,False,Red Bull Racing,3405.791,2026-08-23 13:03:28.568,12,7.0,False,,False,False
3628.195,LAW,30,133.174,2.0,1.0,,3628.072,27.953,46.317,58.904,3524.6,3570.917,3629.821,285.0,136.0,,256.0,False,SOFT,5.0,False,Red Bull Racing,3495.021,2026-08-23 13:04:57.798,25,7.0,False,,False,False
5386.65,LAW,30,,3.0,2.0,5204.951,,,30.075,,,5269.919,,235.0,212.0,1.0,256.0,False,SOFT,1.0,False,Red Bull Racing,5177.312,2026-08-23 13:33:00.089,12,7.0,False,,False,False
5568.241,LAW,30,,4.0,2.0,,,57.466,31.97,92.535,5445.417,5477.435,5570.3,241.0,190.0,2.0,111.0,False,SOFT,2.0,False,Red Bull Racing,5386.65,2026-08-23 13:36:29.427,21,7.0,False,,False,False
5661.893,LAW,30,93.652,5.0,2.0,,,40.858,28.869,23.925,5610.725,5639.594,5663.519,281.0,276.0,304.0,229.0,True,SOFT,3.0,False,Red Bull Racing,5568.241,2026-08-23 13:39:31.018,12,7.0,False,,False,True
5740.54,LAW,30,78.647,6.0,2.0,,,26.918,28.239,23.49,5690.437,5718.676,5742.166,280.0,274.0,319.0,290.0,True,SOFT,4.0,False,Red Bull Racing,5661.893,2026-08-23 13:41:04.670,1,7.0,False,,False,True
5818.628,LAW,30,78.088,7.0,2.0,,,26.604,28.103,23.381,5768.77,5796.873,5820.254,281.0,273.0,319.0,291.0,True,SOFT,5.0,False,Red Bull Racing,5740.54,2026-08-23 13:42:23.317,1,7.0,False,,False,True
5896.389,LAW,30,77.761,8.0,2.0,,,26.414,28.063,23.284,5846.668,5874.731,5898.015,284.0,273.0,321.0,295.0,True,SOFT,6.0,False,Red Bull Racing,5818.628,2026-08-23 13:43:41.405,1,7.0,False,,False,True
5974.015,LAW,30,77.626,9.0,2.0,,,26.274,28.085,23.267,5924.289,5952.374,5975.641,282.0,273.0,316.0,299.0,True,SOFT,7.0,False,Red Bull Racing,5896.389,2026-08-23 13:44:59.166,1,7.0,False,,False,True
6051.803,LAW,30,77.788,10.0,2.0,,,26.432,28.097,23.259,6002.073,6030.17,6053.429,285.0,273.0,322.0,297.0,False,SOFT,8.0,False,Red Bull Racing,5974.015,2026-08-23 13:46:16.792,1,7.0,False,,False,True
6129.708,LAW,30,77.905,11.0,2.0,,,26.372,28.204,23.329,6079.801,6108.005,6131.334,284.0,272.0,315.0,303.0,False,SOFT,9.0,False,Red Bull Racing,6051.803,2026-08-23 13:47:34.580,1,7.0,False,,False,True
6207.693,LAW,30,77.985,12.0,2.0,,,26.425,28.24,23.32,6157.759,6185.999,6209.319,283.0,271.0,320.0,293.0,False,SOFT,10.0,False,Red Bull Racing,6129.708,2026-08-23 13:48:52.485,1,7.0,False,,False,True
6285.582,LAW,30,77.889,13.0,2.0,,,26.395,28.26,23.234,6235.714,6263.974,6287.208,284.0,272.0,319.0,304.0,False,SOFT,11.0,False,Red Bull Racing,6207.693,2026-08-23 13:50:10.470,1,7.0,False,,False,True
6363.934,LAW,30,78.352,14.0,2.0,,,26.553,28.285,23.514,6313.761,6342.046,6365.56,282.0,270.0,318.0,300.0,False,SOFT,12.0,False,Red Bull Racing,6285.582,2026-08-23 13:51:28.359,1,7.0,False,,False,True
6441.901,LAW,30,77.967,15.0,2.0,,,26.332,28.191,23.444,6391.892,6420.083,6443.527,284.0,272.0,313.0,294.0,False,SOFT,13.0,False,Red Bull Racing,6363.934,2026-08-23 13:52:46.711,1,7.0,False,,False,True
6520.272,LAW,30,78.371,16.0,2.0,,,26.596,28.325,23.45,6470.123,6498.448,6521.898,285.0,272.0,318.0,295.0,False,SOFT,14.0,False,Red Bull Racing,6441.901,2026-08-23 13:54:04.678,1,7.0,False,,False,True
6598.506,LAW,30,78.234,17.0,2.0,,,26.43,28.336,23.468,6548.328,6576.664,6600.132,283.0,273.0,313.0,298.0,False,SOFT,15.0,False,Red Bull Racing,6520.272,2026-08-23 13:55:23.049,1,7.0,False,,False,True
6677.256,LAW,30,78.75,18.0,2.0,,,26.612,28.532,23.606,6626.744,6655.276,6678.882,283.0,272.0,319.0,297.0,False,SOFT,16.0,False,Red Bull Racing,6598.506,2026-08-23 13:56:41.283,1,6.0,False,,False,True
6756.256,LAW,30,79.0,19.0,2.0,,,26.751,28.571,23.678,6705.633,6734.204,6757.882,284.0,270.0,313.0,297.0,False,SOFT,17.0,False,Red Bull Racing,6677.256,2026-08-23 13:58:00.033,1,5.0,False,,False,True
6834.993,LAW,30,78.737,20.0,2.0,,,26.673,28.516,23.548,6784.555,6813.071,6836.619,284.0,271.0,314.0,298.0,False,SOFT,18.0,False,Red Bull Racing,6756.256,2026-08-23 13:59:19.033,1,5.0,False,,False,True
6916.983,LAW,30,81.99,21.0,2.0,,6917.501,26.755,28.384,26.851,6863.374,6891.758,6918.609,283.0,288.0,,298.0,False,SOFT,19.0,False,Red Bull Racing,6834.993,2026-08-23 14:00:37.770,1,7.0,False,,False,False
7011.74,LAW,30,94.757,22.0,3.0,6935.955,,43.555,27.856,23.346,6962.164,6990.02,7013.366,282.0,274.0,337.0,298.0,False,MEDIUM,1.0,True,Red Bull Racing,6916.983,2026-08-23 14:01:59.760,1,9.0,False,,False,False
7089.989,LAW,30,78.249,23.0,3.0,,,26.308,28.038,23.903,7039.674,7067.712,7091.615,284.0,263.0,331.0,293.0,False,MEDIUM,2.0,True,Red Bull Racing,7011.74,2026-08-23 14:03:34.517,1,8.0,False,,False,True
7167.223,LAW,30,77.234,24.0,3.0,,,26.445,27.603,23.186,7118.06,7145.663,7168.849,277.0,272.0,318.0,307.0,True,MEDIUM,3.0,True,Red Bull Racing,7089.989,2026-08-23 14:04:52.766,1,7.0,False,,False,True
7244.017,LAW,30,76.794,25.0,3.0,,,26.116,27.624,23.054,7194.965,7222.589,7245.643,280.0,270.0,310.0,300.0,True,MEDIUM,4.0,True,Red Bull Racing,7167.223,2026-08-23 14:06:10.000,1,7.0,False,,False,True
7320.872,LAW,30,76.855,26.0,3.0,,,26.217,27.636,23.002,7271.86,7299.496,7322.498,284.0,271.0,313.0,295.0,False,MEDIUM,5.0,True,Red Bull Racing,7244.017,2026-08-23 14:07:26.794,1,7.0,False,,False,True
7397.724,LAW,30,76.852,27.0,3.0,,,26.29,27.54,23.022,7348.788,7376.328,7399.35,282.0,271.0,312.0,292.0,False,MEDIUM,6.0,True,Red Bull Racing,7320.872,2026-08-23 14:08:43.649,1,7.0,False,,False,True
7474.651,LAW,30,76.927,28.0,3.0,,,26.329,27.564,23.034,7425.679,7453.243,7476.277,282.0,272.0,313.0,296.0,False,MEDIUM,7.0,True,Red Bull Racing,7397.724,2026-08-23 14:10:00.501,1,7.0,False,,False,True
7551.732,LAW,30,77.081,29.0,3.0,,,26.267,27.73,23.084,7502.544,7530.274,7553.358,283.0,270.0,313.0,298.0,False,MEDIUM,8.0,True,Red Bull Racing,7474.651,2026-08-23 14:11:17.428,1,7.0,False,,False,True
7628.858,LAW,30,77.126,30.0,3.0,,,26.282,27.839,23.005,7579.64,7607.479,7630.484,284.0,273.0,313.0,295.0,False,MEDIUM,9.0,True,Red Bull Racing,7551.732,2026-08-23 14:12:34.509,1,7.0,False,,False,True
7706.035,LAW,30,77.177,31.0,3.0,,,26.246,27.841,23.09,7656.73,7684.571,7707.661,284.0,273.0,313.0,295.0,False,MEDIUM,10.0,True,Red Bull Racing,7628.858,2026-08-23 14:13:51.635,1,7.0,False,,False,True
7782.876,LAW,30,76.841,32.0,3.0,,,26.198,27.73,22.913,7733.859,7761.589,7784.502,284.0,274.0,317.0,300.0,False,MEDIUM,11.0,True,Red Bull Racing,7706.035,2026-08-23 14:15:08.812,1,7.0,False,,False,True
7859.86,LAW,30,76.984,33.0,3.0,,,26.171,27.75,23.063,7810.673,7838.423,7861.486,284.0,273.0,318.0,300.0,False,MEDIUM,12.0,True,Red Bull Racing,7782.876,2026-08-23 14:16:25.653,1,7.0,False,,False,True
7936.853,LAW,30,76.993,34.0,3.0,,,26.255,27.809,22.929,7887.741,7915.55,7938.479,284.0,274.0,317.0,302.0,False,MEDIUM,13.0,True,Red Bull Racing,7859.86,2026-08-23 14:17:42.637,1,7.0,False,,False,True
8014.388,LAW,30,77.535,35.0,3.0,,,26.414,27.908,23.213,7964.893,7992.801,8016.014,285.0,273.0,320.0,298.0,False,MEDIUM,14.0,True,Red Bull Racing,7936.853,2026-08-23 14:18:59.630,1,7.0,False,,False,True
8091.978,LAW,30,77.59,36.0,3.0,,,26.39,27.996,23.204,8042.404,8070.4,8093.604,285.0,275.0,321.0,298.0,False,MEDIUM,15.0,True,Red Bull Racing,8014.388,2026-08-23 14:20:17.165,1,7.0,False,,False,True
8169.498,LAW,30,77.52,37.0,3.0,,,26.408,27.982,23.13,8120.012,8147.994,8171.124,286.0,274.0,319.0,301.0,False,MEDIUM,16.0,True,Red Bull Racing,8091.978,2026-08-23 14:21:34.755,1,7.0,False,,False,True
8246.87,LAW,30,77.372,38.0,3.0,,,26.215,27.93,23.227,8197.339,8225.269,8248.496,287.0,274.0,319.0,301.0,False,MEDIUM,17.0,True,Red Bull Racing,8169.498,2026-08-23 14:22:52.275,1,7.0,False,,False,True
8324.456,LAW,30,77.586,39.0,3.0,,,26.402,27.897,23.287,8274.898,8302.795,8326.082,286.0,274.0,321.0,299.0,False,MEDIUM,18.0,True,Red Bull Racing,8246.87,2026-08-23 14:24:09.647,1,7.0,False,,False,True
8401.801,LAW,30,77.345,40.0,3.0,,,26.184,27.894,23.267,8352.266,8380.16,8403.427,287.0,274.0,322.0,302.0,False,MEDIUM,19.0,True,Red Bull Racing,8324.456,2026-08-23 14:25:27.233,1,7.0,False,,False,True
8479.345,LAW,30,77.544,41.0,3.0,,,26.517,27.894,23.133,8429.944,8457.838,8480.971,286.0,275.0,321.0,308.0,False,MEDIUM,20.0,True,Red Bull Racing,8401.801,2026-08-23 14:26:44.578,1,7.0,False,,False,True
8556.685,LAW,30,77.34,42.0,3.0,,,26.172,27.92,23.248,8507.143,8535.063,8558.311,286.0,276.0,320.0,303.0,False,MEDIUM,21.0,True,Red Bull Racing,8479.345,2026-08-23 14:28:02.122,1,7.0,False,,False,True
8634.354,LAW,30,77.669,43.0,3.0,,,26.281,28.053,23.335,8584.592,8612.645,8635.98,288.0,275.0,320.0,302.0,False,MEDIUM,22.0,True,Red Bull Racing,8556.685,2026-08-23 14:29:19.462,1,7.0,False,,False,True
8712.012,LAW,30,77.658,44.0,3.0,,,26.215,28.03,23.413,8662.195,8690.225,8713.638,286.0,276.0,322.0,307.0,False,MEDIUM,23.0,True,Red Bull Racing,8634.354,2026-08-23 14:30:37.131,1,7.0,False,,False,True
8789.989,LAW,30,77.977,45.0,3.0,,,26.374,28.219,23.384,8740.012,8768.231,8791.615,286.0,276.0,323.0,304.0,False,MEDIUM,24.0,True,Red Bull Racing,8712.012,2026-08-23 14:31:54.789,1,6.0,False,,False,True
8868.683,LAW,30,78.694,46.0,3.0,,,26.923,28.41,23.361,8818.538,8846.948,8870.309,290.0,277.0,319.0,294.0,False,MEDIUM,25.0,True,Red Bull Racing,8789.989,2026-08-23 14:33:12.766,1,7.0,False,,False,True
8949.955,LAW,30,81.272,47.0,3.0,,8950.396,26.433,28.28,26.559,8896.742,8925.022,8951.581,288.0,286.0,,302.0,False,MEDIUM,26.0,True,Red Bull Racing,8868.683,2026-08-23 14:34:31.460,1,7.0,False,,False,False
9043.356,LAW,30,93.401,48.0,4.0,8968.574,,43.029,27.34,23.032,8994.61,9021.95,9044.982,282.0,271.0,312.0,302.0,False,MEDIUM,1.0,True,Red Bull Racing,8949.955,2026-08-23 14:35:52.732,1,7.0,False,,False,False
9119.157,LAW,30,75.801,49.0,4.0,,,25.815,27.245,22.741,9070.797,9098.042,9120.783,287.0,274.0,319.0,298.0,True,MEDIUM,2.0,True,Red Bull Racing,9043.356,2026-08-23 14:37:26.133,1,7.0,False,,False,True
9194.735,LAW,30,75.578,50.0,4.0,,,25.761,27.153,22.664,9146.544,9173.697,9196.361,286.0,276.0,320.0,304.0,True,MEDIUM,3.0,True,Red Bull Racing,9119.157,2026-08-23 14:38:41.934,1,7.0,False,,False,True
9271.648,LAW,30,76.913,51.0,4.0,,,25.987,27.911,23.015,9222.348,9250.259,9273.274,287.0,276.0,320.0,300.0,False,MEDIUM,4.0,True,Red Bull Racing,9194.735,2026-08-23 14:39:57.512,1,7.0,False,,False,True
9347.697,LAW,30,76.049,52.0,4.0,,,25.881,27.325,22.843,9299.155,9326.48,9349.323,286.0,277.0,323.0,301.0,False,MEDIUM,5.0,True,Red Bull Racing,9271.648,2026-08-23 14:41:14.425,1,7.0,False,,False,True
9424.145,LAW,30,76.448,53.0,4.0,,,25.927,27.662,22.859,9375.25,9402.912,9425.771,288.0,277.0,319.0,304.0,False,MEDIUM,6.0,True,Red Bull Racing,9347.697,2026-08-23 14:42:30.474,1,7.0,False,,False,True
9514.495,LAW,30,90.35,54.0,4.0,,,25.911,31.811,32.628,9451.682,9483.493,9516.121,285.0,212.0,257.0,300.0,False,MEDIUM,7.0,True,Red Bull Racing,9424.145,2026-08-23 14:43:46.922,126,7.0,False,,False,False
9617.732,LAW,30,103.237,55.0,4.0,,,35.742,34.735,32.76,9551.863,9586.598,9619.358,278.0,216.0,247.0,256.0,False,MEDIUM,8.0,True,Red Bull Racing,9514.495,2026-08-23 14:45:17.272,6,7.0,False,,False,False
9720.129,LAW,30,102.397,56.0,4.0,,,36.067,34.67,31.66,9655.425,9690.095,9721.755,257.0,184.0,239.0,266.0,False,MEDIUM,9.0,True,Red Bull Racing,9617.732,2026-08-23 14:47:00.509,67,7.0,False,,False,False
9797.908,LAW,30,77.779,57.0,4.0,,,28.288,26.913,22.578,9750.043,9776.956,9799.534,294.0,284.0,324.0,239.0,False,MEDIUM,10.0,True,Red Bull Racing,9720.129,2026-08-23 14:48:42.906,71,7.0,False,,False,False
9874.098,LAW,30,76.19,58.0,4.0,,,25.738,27.451,23.001,9825.272,9852.723,9875.724,283.0,277.0,319.0,312.0,False,MEDIUM,11.0,True,Red Bull Racing,9797.908,2026-08-23 14:50:00.685,1,7.0,False,,False,True
9950.173,LAW,30,76.075,59.0,4.0,,,26.126,27.204,22.745,9901.85,9929.054,9951.799,291.0,277.0,323.0,273.0,False,MEDIUM,12.0,True,Red Bull Racing,9874.098,2026-08-23 14:51:16.875,1,7.0,False,,False,True
10026.669,LAW,30,76.496,60.0,4.0,,,25.648,28.044,22.804,9977.447,10005.491,10028.295,291.0,274.0,319.0,311.0,False,MEDIUM,13.0,True,Red Bull Racing,9950.173,2026-08-23 14:52:32.950,1,7.0,False,,False,True
10102.104,LAW,30,75.435,61.0,4.0,,,25.654,27.096,22.685,10053.949,10081.045,10103.73,288.0,276.0,318.0,304.0,True,MEDIUM,14.0,True,Red Bull Racing,10026.669,2026-08-23 14:53:49.446,1,7.0,False,,False,True
10178.362,LAW,30,76.258,62.0,4.0,,,26.055,27.366,22.837,10129.785,10157.151,10179.988,289.0,276.0,320.0,301.0,False,MEDIUM,15.0,True,Red Bull Racing,10102.104,2026-08-23 14:55:04.881,1,7.0,False,,False,True
10254.708,LAW,30,76.346,63.0,4.0,,,26.01,27.342,22.994,10205.998,10233.34,10256.334,288.0,276.0,319.0,299.0,False,MEDIUM,16.0,True,Red Bull Racing,10178.362,2026-08-23 14:56:21.139,1,7.0,False,,False,True
10330.744,LAW,30,76.036,64.0,4.0,,,25.795,27.35,22.891,10282.129,10309.479,10332.37,287.0,276.0,318.0,302.0,False,MEDIUM,17.0,True,Red Bull Racing,10254.708,2026-08-23 14:57:37.485,1,7.0,False,,False,True
10407.039,LAW,30,76.295,65.0,4.0,,,25.939,27.424,22.932,10358.309,10385.733,10408.665,286.0,274.0,317.0,300.0,False,MEDIUM,18.0,True,Red Bull Racing,10330.744,2026-08-23 14:58:53.521,1,7.0,False,,False,True
10483.23,LAW,30,76.191,66.0,4.0,,,25.739,27.394,23.058,10434.404,10461.798,10484.856,288.0,275.0,320.0,302.0,False,MEDIUM,19.0,True,Red Bull Racing,10407.039,2026-08-23 15:00:09.816,1,7.0,False,,False,True
10559.443,LAW,30,76.213,67.0,4.0,,,25.896,27.437,22.88,10510.752,10538.189,10561.069,289.0,276.0,320.0,299.0,False,MEDIUM,20.0,True,Red Bull Racing,10483.23,2026-08-23 15:01:26.007,1,7.0,False,,False,True
10635.64,LAW,30,76.197,68.0,4.0,,,25.803,27.502,22.892,10586.872,10614.374,10637.266,288.0,276.0,321.0,307.0,False,MEDIUM,21.0,True,Red Bull Racing,10559.443,2026-08-23 15:02:42.220,1,7.0,False,,False,True
10730.16,LAW,30,94.52,69.0,4.0,,,28.792,38.32,27.408,10666.058,10704.378,10731.786,80.0,187.0,312.0,297.0,False,MEDIUM,22.0,True,Red Bull Racing,10635.64,2026-08-23 15:03:58.417,167,7.0,False,,False,False
10806.463,LAW,30,76.303,70.0,4.0,,,26.041,27.389,22.873,10757.827,10785.216,10808.089,276.0,276.0,320.0,302.0,False,MEDIUM,23.0,True,Red Bull Racing,10730.16,2026-08-23 15:05:32.937,1,7.0,False,,False,True
10882.685,LAW,30,76.222,71.0,4.0,,,25.827,27.538,22.857,10833.916,10861.454,10884.311,284.0,275.0,313.0,303.0,False,MEDIUM,24.0,True,Red Bull Racing,10806.463,2026-08-23 15:06:49.240,1,7.0,False,,False,True
10959.228,LAW,30,76.543,72.0,4.0,,,25.931,27.603,23.009,10910.242,10937.845,10960.854,289.0,277.0,297.0,299.0,False,MEDIUM,25.0,True,Red Bull Racing,10882.685,2026-08-23 15:08:05.462,1,7.0,False,,False,True
3501.088,OCO,31,96.553,1.0,1.0,,,,29.977,30.057,,3472.711,3502.778,273.0,266.0,276.0,189.0,False,MEDIUM,1.0,True,Haas F1 Team,3405.791,2026-08-23 13:03:28.568,12,14.0,False,,False,False
3647.71,OCO,31,146.622,2.0,1.0,,3646.878,32.639,45.273,68.71,3535.324,3580.597,3649.307,116.0,145.0,,252.0,False,MEDIUM,2.0,True,Haas F1 Team,3501.088,2026-08-23 13:05:03.865,25,13.0,False,,False,False
5416.738,OCO,31,,3.0,2.0,5231.692,,,30.244,,,5293.659,,263.0,211.0,48.0,252.0,False,SOFT,4.0,False,Haas F1 Team,5177.312,2026-08-23 13:33:00.089,12,13.0,False,,False,False
5580.061,OCO,31,,4.0,2.0,,,41.477,30.56,91.399,5459.795,5490.341,5581.995,268.0,201.0,98.0,111.0,False,SOFT,5.0,False,Haas F1 Team,5416.738,2026-08-23 13:36:59.515,1,13.0,False,,False,False
5665.355,OCO,31,85.294,5.0,2.0,,,31.094,29.646,24.554,5612.752,5642.398,5666.952,270.0,287.0,332.0,206.0,True,SOFT,6.0,False,Haas F1 Team,5580.061,2026-08-23 13:39:42.838,12,15.0,False,,False,True
5745.012,OCO,31,79.657,6.0,2.0,,,27.272,28.649,23.736,5694.224,5722.873,5746.609,273.0,266.0,331.0,297.0,True,SOFT,7.0,False,Haas F1 Team,5665.355,2026-08-23 13:41:08.132,1,13.0,False,,False,True
5824.213,OCO,31,79.201,7.0,2.0,,,26.966,28.763,23.472,5773.575,5802.338,5825.81,274.0,266.0,330.0,291.0,True,SOFT,8.0,False,Haas F1 Team,5745.012,2026-08-23 13:42:27.789,1,13.0,False,,False,True
5903.237,OCO,31,79.024,8.0,2.0,,,26.841,28.659,23.524,5852.651,5881.31,5904.834,276.0,272.0,328.0,297.0,True,SOFT,9.0,False,Haas F1 Team,5824.213,2026-08-23 13:43:46.990,1,12.0,False,,False,True
5982.031,OCO,31,78.794,9.0,2.0,,,26.704,28.701,23.389,5931.538,5960.239,5983.628,278.0,271.0,326.0,304.0,True,SOFT,10.0,False,Haas F1 Team,5903.237,2026-08-23 13:45:06.014,1,12.0,False,,False,True
6061.064,OCO,31,79.033,10.0,2.0,,,26.726,28.86,23.447,6010.354,6039.214,6062.661,278.0,271.0,330.0,306.0,False,SOFT,11.0,False,Haas F1 Team,5982.031,2026-08-23 13:46:24.808,1,12.0,False,,False,True
6140.209,OCO,31,79.145,11.0,2.0,,,26.806,28.796,23.543,6089.467,6118.263,6141.806,278.0,270.0,327.0,299.0,False,SOFT,12.0,False,Haas F1 Team,6061.064,2026-08-23 13:47:43.841,1,12.0,False,,False,True
6219.515,OCO,31,79.306,12.0,2.0,,,26.802,28.847,23.657,6168.608,6197.455,6221.112,281.0,271.0,326.0,291.0,False,SOFT,13.0,False,Haas F1 Team,6140.209,2026-08-23 13:49:02.986,1,12.0,False,,False,True
6298.923,OCO,31,79.408,13.0,2.0,,,26.825,28.958,23.625,6247.937,6276.895,6300.52,280.0,267.0,319.0,298.0,False,SOFT,14.0,False,Haas F1 Team,6219.515,2026-08-23 13:50:22.292,1,12.0,False,,False,True
6378.18,OCO,31,79.257,14.0,2.0,,,26.725,28.878,23.654,6327.245,6356.123,6379.777,279.0,269.0,315.0,298.0,False,SOFT,15.0,False,Haas F1 Team,6298.923,2026-08-23 13:51:41.700,1,12.0,False,,False,True
6457.424,OCO,31,79.244,15.0,2.0,,,26.758,28.946,23.54,6406.535,6435.481,6459.021,271.0,279.0,324.0,295.0,False,SOFT,16.0,False,Haas F1 Team,6378.18,2026-08-23 13:53:00.957,1,12.0,False,,False,True
6540.151,OCO,31,82.727,16.0,2.0,,6540.596,26.934,28.979,26.814,6485.955,6514.934,6541.748,272.0,278.0,,297.0,False,SOFT,17.0,False,Haas F1 Team,6457.424,2026-08-23 13:54:20.201,1,13.0,False,,False,False
6635.024,OCO,31,94.873,17.0,3.0,6559.18,,43.555,27.899,23.419,6585.303,6613.202,6636.621,281.0,270.0,317.0,297.0,False,HARD,1.0,True,Haas F1 Team,6540.151,2026-08-23 13:55:42.928,1,19.0,False,,False,False
6713.478,OCO,31,78.454,18.0,3.0,,,26.52,28.271,23.663,6663.141,6691.412,6715.075,270.0,271.0,318.0,304.0,True,HARD,2.0,True,Haas F1 Team,6635.024,2026-08-23 13:57:17.801,1,19.0,False,,False,True
6792.845,OCO,31,79.367,19.0,3.0,,,26.835,28.811,23.721,6741.91,6770.721,6794.442,270.0,277.0,336.0,298.0,False,HARD,3.0,True,Haas F1 Team,6713.478,2026-08-23 13:58:36.255,1,19.0,False,,False,True
6873.695,OCO,31,80.85,20.0,3.0,,,26.966,29.405,24.479,6821.408,6850.813,6875.292,274.0,286.0,319.0,293.0,False,HARD,4.0,True,Haas F1 Team,6792.845,2026-08-23 13:59:55.622,1,19.0,False,,False,True
6953.77,OCO,31,80.075,21.0,3.0,,,27.082,29.184,23.809,6902.374,6931.558,6955.367,278.0,264.0,322.0,298.0,False,HARD,5.0,True,Haas F1 Team,6873.695,2026-08-23 14:01:16.472,1,18.0,False,,False,True
7033.471,OCO,31,79.701,22.0,3.0,,,27.047,28.91,23.744,6982.414,7011.324,7035.068,278.0,268.0,334.0,299.0,False,HARD,6.0,True,Haas F1 Team,6953.77,2026-08-23 14:02:36.547,1,18.0,False,,False,True
7113.846,OCO,31,80.375,23.0,3.0,,,27.521,28.938,23.916,7062.589,7091.527,7115.443,270.0,274.0,332.0,295.0,False,HARD,7.0,True,Haas F1 Team,7033.471,2026-08-23 14:03:56.248,1,18.0,False,,False,True
7193.021,OCO,31,79.175,24.0,3.0,,,26.802,28.64,23.733,7142.245,7170.885,7194.618,275.0,262.0,318.0,299.0,False,HARD,8.0,True,Haas F1 Team,7113.846,2026-08-23 14:05:16.623,1,17.0,False,,False,True
7272.305,OCO,31,79.284,25.0,3.0,,,26.946,28.779,23.559,7221.564,7250.343,7273.902,279.0,289.0,313.0,299.0,False,HARD,9.0,True,Haas F1 Team,7193.021,2026-08-23 14:06:35.798,1,16.0,False,,False,True
7350.705,OCO,31,78.4,26.0,3.0,,,26.751,28.228,23.421,7300.653,7328.881,7352.302,271.0,262.0,310.0,299.0,True,HARD,10.0,True,Haas F1 Team,7272.305,2026-08-23 14:07:55.082,1,16.0,False,,False,True
7429.337,OCO,31,78.632,27.0,3.0,,,26.653,28.478,23.501,7378.955,7407.433,7430.934,271.0,260.0,316.0,295.0,False,HARD,11.0,True,Haas F1 Team,7350.705,2026-08-23 14:09:13.482,1,16.0,False,,False,True
7507.61,OCO,31,78.273,28.0,3.0,,,26.462,28.333,23.478,7457.396,7485.729,7509.207,271.0,263.0,313.0,305.0,True,HARD,12.0,True,Haas F1 Team,7429.337,2026-08-23 14:10:32.114,1,16.0,False,,False,True
7585.941,OCO,31,78.331,29.0,3.0,,,26.541,28.344,23.446,7535.748,7564.092,7587.538,276.0,263.0,313.0,298.0,False,HARD,13.0,True,Haas F1 Team,7507.61,2026-08-23 14:11:50.387,1,16.0,False,,False,True
7664.562,OCO,31,78.621,30.0,3.0,,,26.63,28.428,23.563,7614.168,7642.596,7666.159,278.0,267.0,316.0,300.0,False,HARD,14.0,True,Haas F1 Team,7585.941,2026-08-23 14:13:08.718,1,16.0,False,,False,True
7743.275,OCO,31,78.713,31.0,3.0,,,26.554,28.654,23.505,7692.713,7721.367,7744.872,279.0,267.0,314.0,298.0,False,HARD,15.0,True,Haas F1 Team,7664.562,2026-08-23 14:14:27.339,1,15.0,False,,False,True
7822.103,OCO,31,78.828,32.0,3.0,,,26.668,28.594,23.566,7771.54,7800.134,7823.7,278.0,268.0,317.0,299.0,False,HARD,16.0,True,Haas F1 Team,7743.275,2026-08-23 14:15:46.052,1,15.0,False,,False,True
7900.549,OCO,31,78.446,33.0,3.0,,,26.443,28.522,23.481,7850.143,7878.665,7902.146,281.0,267.0,315.0,304.0,False,HARD,17.0,True,Haas F1 Team,7822.103,2026-08-23 14:17:04.880,1,15.0,False,,False,True
7981.362,OCO,31,80.813,34.0,3.0,,,26.598,29.424,24.791,7928.744,7958.168,7982.959,280.0,186.0,328.0,297.0,False,HARD,18.0,True,Haas F1 Team,7900.549,2026-08-23 14:18:23.326,1,15.0,False,,False,True
8060.861,OCO,31,79.499,35.0,3.0,,,26.906,29.015,23.578,8009.865,8038.88,8062.458,286.0,273.0,319.0,304.0,False,HARD,19.0,True,Haas F1 Team,7981.362,2026-08-23 14:19:44.139,1,14.0,False,,False,True
8143.563,OCO,31,82.702,36.0,3.0,,8144.019,26.708,28.899,27.095,8089.166,8118.065,8145.16,287.0,271.0,,296.0,False,HARD,20.0,True,Haas F1 Team,8060.861,2026-08-23 14:21:03.638,1,14.0,False,,False,False
8237.412,OCO,31,93.849,37.0,4.0,8161.872,,42.749,27.854,23.246,8187.909,8215.763,8239.009,284.0,269.0,316.0,296.0,False,HARD,1.0,True,Haas F1 Team,8143.563,2026-08-23 14:22:26.340,1,17.0,False,,False,False
8315.166,OCO,31,77.754,38.0,4.0,,,26.277,28.078,23.399,8265.286,8293.364,8316.763,280.0,268.0,314.0,305.0,True,HARD,2.0,True,Haas F1 Team,8237.412,2026-08-23 14:24:00.189,1,17.0,False,,False,True
8392.944,OCO,31,77.778,39.0,4.0,,,26.415,28.004,23.359,8343.178,8371.182,8394.541,280.0,269.0,321.0,303.0,False,HARD,3.0,True,Haas F1 Team,8315.166,2026-08-23 14:25:17.943,1,17.0,False,,False,True
8472.102,OCO,31,79.158,40.0,4.0,,,26.714,28.718,23.726,8421.255,8449.973,8473.699,274.0,295.0,309.0,311.0,False,HARD,4.0,True,Haas F1 Team,8392.944,2026-08-23 14:26:35.721,1,16.0,False,,False,True
8550.141,OCO,31,78.039,41.0,4.0,,,26.559,28.219,23.261,8500.258,8528.477,8551.738,272.0,264.0,312.0,302.0,False,HARD,5.0,True,Haas F1 Team,8472.102,2026-08-23 14:27:54.879,1,16.0,False,,False,True
8627.944,OCO,31,77.803,42.0,4.0,,,26.399,28.181,23.223,8578.137,8606.318,8629.541,271.0,268.0,315.0,303.0,False,HARD,6.0,True,Haas F1 Team,8550.141,2026-08-23 14:29:12.918,1,16.0,False,,False,True
8706.162,OCO,31,78.218,43.0,4.0,,,26.541,28.311,23.366,8656.082,8684.393,8707.759,273.0,280.0,321.0,300.0,False,HARD,7.0,True,Haas F1 Team,8627.944,2026-08-23 14:30:30.721,1,15.0,False,,False,True
8784.845,OCO,31,78.683,44.0,4.0,,,26.603,28.749,23.331,8734.362,8763.111,8786.442,275.0,283.0,336.0,308.0,False,HARD,8.0,True,Haas F1 Team,8706.162,2026-08-23 14:31:48.939,1,15.0,False,,False,True
8863.374,OCO,31,78.529,45.0,4.0,,,26.67,28.583,23.276,8813.112,8841.695,8864.971,277.0,276.0,330.0,298.0,False,HARD,9.0,True,Haas F1 Team,8784.845,2026-08-23 14:33:07.622,1,15.0,False,,False,True
8943.08,OCO,31,79.706,46.0,4.0,,,26.583,29.312,23.811,8891.554,8920.866,8944.677,286.0,207.0,329.0,309.0,False,HARD,10.0,True,Haas F1 Team,8863.374,2026-08-23 14:34:26.151,1,15.0,False,,False,True
9021.727,OCO,31,78.647,47.0,4.0,,,26.475,28.76,23.412,8971.152,8999.912,9023.324,283.0,267.0,312.0,297.0,False,HARD,11.0,True,Haas F1 Team,8943.08,2026-08-23 14:35:45.857,1,15.0,False,,False,True
9099.315,OCO,31,77.588,48.0,4.0,,,26.327,28.112,23.149,9049.651,9077.763,9100.912,278.0,267.0,315.0,304.0,True,HARD,12.0,True,Haas F1 Team,9021.727,2026-08-23 14:37:04.504,1,15.0,False,,False,True
9177.176,OCO,31,77.861,49.0,4.0,,,26.307,28.31,23.244,9127.219,9155.529,9178.773,281.0,267.0,314.0,301.0,False,HARD,13.0,True,Haas F1 Team,9099.315,2026-08-23 14:38:22.092,1,15.0,False,,False,True
9254.946,OCO,31,77.77,50.0,4.0,,,26.488,28.054,23.228,9205.261,9233.315,9256.543,271.0,274.0,316.0,303.0,False,HARD,14.0,True,Haas F1 Team,9177.176,2026-08-23 14:39:39.953,1,14.0,False,,False,True
9332.542,OCO,31,77.596,51.0,4.0,,,26.211,28.049,23.336,9282.754,9310.803,9334.139,273.0,271.0,316.0,304.0,False,HARD,15.0,True,Haas F1 Team,9254.946,2026-08-23 14:40:57.723,1,14.0,False,,False,True
9410.389,OCO,31,77.847,52.0,4.0,,,26.431,28.114,23.302,9360.57,9388.684,9411.986,271.0,271.0,315.0,305.0,False,HARD,16.0,True,Haas F1 Team,9332.542,2026-08-23 14:42:15.319,1,14.0,True,TRACK LIMITS AT TURN 3 LAP 52 ,False,True
9560.389,OCO,31,,53.0,4.0,,,,,,,,,,,,,,HARD,17.0,True,Haas F1 Team,9410.389,2026-08-23 14:43:33.166,126,,False,,True,False
3497.044,LIN,41,92.531,1.0,1.0,,,,28.905,28.464,,3470.18,3498.746,286.0,283.0,281.0,200.0,False,SOFT,4.0,False,Racing Bulls,3405.791,2026-08-23 13:03:28.568,12,9.0,False,,False,False
3632.923,LIN,41,135.879,2.0,1.0,,3632.491,27.589,46.308,61.982,3526.233,3572.541,3634.523,280.0,141.0,,293.0,False,SOFT,5.0,False,Racing Bulls,3497.044,2026-08-23 13:04:59.821,25,8.0,False,,False,False
5578.069,LIN,41,,3.0,2.0,5210.732,,,28.932,,,5478.777,,218.0,194.0,2.0,152.0,False,MEDIUM,1.0,True,Racing Bulls,5177.312,2026-08-23 13:33:00.089,12,20.0,False,,False,False
5633.343,LIN,41,,4.0,2.0,,,31.802,,,5611.168,,,284.0,194.0,2.0,223.0,False,MEDIUM,2.0,True,Racing Bulls,5578.069,2026-08-23 13:39:40.846,12,20.0,False,,False,False
5664.984,LIN,41,87.335,5.0,2.0,,5665.247,31.802,28.998,26.535,,5640.23,5666.653,284.0,281.0,,223.0,False,MEDIUM,3.0,True,Racing Bulls,5633.343,2026-08-23 13:40:36.120,1,13.0,False,,False,False
5754.756,LIN,41,89.772,6.0,3.0,5677.435,,38.029,28.117,23.626,5704.613,5732.73,5756.356,271.0,285.0,314.0,223.0,False,MEDIUM,1.0,False,Racing Bulls,5664.984,2026-08-23 13:41:07.761,1,20.0,True,TRACK LIMITS AT TURN 3 LAP 6 ,False,False
5833.2,LIN,41,78.444,7.0,3.0,,,26.958,28.079,23.407,5783.314,5811.393,5834.8,270.0,270.0,314.0,300.0,True,MEDIUM,2.0,False,Racing Bulls,5754.756,2026-08-23 13:42:37.533,1,20.0,False,,False,True
5911.814,LIN,41,78.614,8.0,3.0,,,26.897,28.215,23.502,5861.697,5889.912,5913.414,274.0,272.0,322.0,299.0,False,MEDIUM,3.0,False,Racing Bulls,5833.2,2026-08-23 13:43:55.977,1,20.0,False,,False,True
5990.627,LIN,41,78.813,9.0,3.0,,,26.826,28.527,23.46,5940.24,5968.767,5992.227,274.0,272.0,322.0,306.0,False,MEDIUM,4.0,False,Racing Bulls,5911.814,2026-08-23 13:45:14.591,1,19.0,False,,False,True
6069.524,LIN,41,78.897,10.0,3.0,,,26.667,28.743,23.487,6018.894,6047.637,6071.124,274.0,273.0,326.0,306.0,False,MEDIUM,5.0,False,Racing Bulls,5990.627,2026-08-23 13:46:33.404,1,19.0,False,,False,True
6149.073,LIN,41,79.549,11.0,3.0,,,26.949,28.859,23.741,6098.073,6126.932,6150.673,281.0,275.0,336.0,301.0,False,MEDIUM,6.0,False,Racing Bulls,6069.524,2026-08-23 13:47:52.301,1,19.0,False,,False,True
6228.749,LIN,41,79.676,12.0,3.0,,,26.685,29.347,23.644,6177.358,6206.705,6230.349,289.0,272.0,334.0,283.0,False,MEDIUM,7.0,False,Racing Bulls,6149.073,2026-08-23 13:49:11.850,1,18.0,False,,False,True
6308.014,LIN,41,79.265,13.0,3.0,,,26.812,28.841,23.612,6257.161,6286.002,6309.614,274.0,273.0,323.0,310.0,False,MEDIUM,8.0,False,Racing Bulls,6228.749,2026-08-23 13:50:31.526,1,17.0,False,,False,True
6387.303,LIN,41,79.289,14.0,3.0,,,26.684,28.935,23.67,6336.298,6365.233,6388.903,276.0,272.0,337.0,309.0,False,MEDIUM,9.0,False,Racing Bulls,6308.014,2026-08-23 13:51:50.791,1,17.0,False,,False,True
6466.575,LIN,41,79.272,15.0,3.0,,,26.934,28.783,23.555,6415.837,6444.62,6468.175,274.0,271.0,320.0,309.0,False,MEDIUM,10.0,False,Racing Bulls,6387.303,2026-08-23 13:53:10.080,1,16.0,False,,False,True
6545.507,LIN,41,78.932,16.0,3.0,,,26.735,28.68,23.517,6494.91,6523.59,6547.107,273.0,271.0,319.0,304.0,False,MEDIUM,11.0,False,Racing Bulls,6466.575,2026-08-23 13:54:29.352,1,15.0,False,,False,True
6624.709,LIN,41,79.202,17.0,3.0,,,26.737,28.882,23.583,6573.844,6602.726,6626.309,275.0,271.0,320.0,302.0,False,MEDIUM,12.0,False,Racing Bulls,6545.507,2026-08-23 13:55:48.284,1,14.0,False,,False,True
6703.601,LIN,41,78.892,18.0,3.0,,,26.719,28.728,23.445,6653.028,6681.756,6705.201,274.0,272.0,321.0,305.0,False,MEDIUM,13.0,False,Racing Bulls,6624.709,2026-08-23 13:57:07.486,1,14.0,False,,False,True
6782.697,LIN,41,79.096,19.0,3.0,,,26.632,28.922,23.542,6731.833,6760.755,6784.297,273.0,270.0,314.0,315.0,False,MEDIUM,14.0,False,Racing Bulls,6703.601,2026-08-23 13:58:26.378,1,12.0,False,,False,True
6861.77,LIN,41,79.073,20.0,3.0,,,26.668,28.914,23.491,6810.965,6839.879,6863.37,276.0,273.0,322.0,302.0,False,MEDIUM,15.0,False,Racing Bulls,6782.697,2026-08-23 13:59:45.474,1,11.0,False,,False,True
6940.781,LIN,41,79.011,21.0,3.0,,,26.574,28.866,23.571,6889.944,6918.81,6942.381,274.0,273.0,321.0,306.0,False,MEDIUM,16.0,False,Racing Bulls,6861.77,2026-08-23 14:01:04.547,1,11.0,False,,False,True
7019.744,LIN,41,78.963,22.0,3.0,,,26.648,28.885,23.43,6969.029,6997.914,7021.344,276.0,273.0,323.0,304.0,False,MEDIUM,17.0,False,Racing Bulls,6940.781,2026-08-23 14:02:23.558,1,10.0,False,,False,True
7099.315,LIN,41,79.571,23.0,3.0,,,26.652,29.106,23.813,7047.996,7077.102,7100.915,276.0,288.0,321.0,311.0,False,MEDIUM,18.0,False,Racing Bulls,7019.744,2026-08-23 14:03:42.521,1,10.0,False,,False,True
7178.605,LIN,41,79.29,24.0,3.0,,,26.827,28.806,23.657,7127.742,7156.548,7180.205,273.0,284.0,321.0,311.0,False,MEDIUM,19.0,False,Racing Bulls,7099.315,2026-08-23 14:05:02.092,1,10.0,False,,False,True
7257.908,LIN,41,79.303,25.0,3.0,,,26.69,29.095,23.518,7206.895,7235.99,7259.508,276.0,275.0,336.0,308.0,False,MEDIUM,20.0,False,Racing Bulls,7178.605,2026-08-23 14:06:21.382,1,10.0,False,,False,True
7338.287,LIN,41,80.379,26.0,3.0,,,27.068,29.223,24.088,7286.576,7315.799,7339.887,278.0,292.0,327.0,295.0,False,MEDIUM,21.0,False,Racing Bulls,7257.908,2026-08-23 14:07:40.685,1,10.0,False,,False,True
7418.619,LIN,41,80.332,27.0,3.0,,,27.1,29.513,23.719,7366.987,7396.5,7420.219,261.0,282.0,330.0,299.0,False,MEDIUM,22.0,False,Racing Bulls,7338.287,2026-08-23 14:09:01.064,1,10.0,False,,False,True
7498.47,LIN,41,79.851,28.0,3.0,,,27.058,29.119,23.674,7447.277,7476.396,7500.07,275.0,273.0,323.0,316.0,False,MEDIUM,23.0,False,Racing Bulls,7418.619,2026-08-23 14:10:21.396,1,10.0,False,,False,True
7579.443,LIN,41,80.973,29.0,3.0,,,28.089,29.273,23.611,7528.159,7557.432,7581.043,277.0,274.0,323.0,245.0,False,MEDIUM,24.0,False,Racing Bulls,7498.47,2026-08-23 14:11:41.247,1,12.0,False,,False,True
7659.289,LIN,41,79.846,30.0,3.0,,,26.756,29.174,23.916,7607.799,7636.973,7660.889,274.0,275.0,328.0,316.0,False,MEDIUM,25.0,False,Racing Bulls,7579.443,2026-08-23 14:13:02.220,1,11.0,False,,False,True
7738.008,LIN,41,78.719,31.0,3.0,,,26.552,28.776,23.391,7687.441,7716.217,7739.608,274.0,272.0,320.0,315.0,False,MEDIUM,26.0,False,Racing Bulls,7659.289,2026-08-23 14:14:22.066,1,11.0,False,,False,True
7817.015,LIN,41,79.007,32.0,3.0,,,26.744,28.786,23.477,7766.352,7795.138,7818.615,273.0,271.0,317.0,307.0,False,MEDIUM,27.0,False,Racing Bulls,7738.008,2026-08-23 14:15:40.785,1,11.0,False,,False,True
7895.96,LIN,41,78.945,33.0,3.0,,,26.795,28.733,23.417,7845.41,7874.143,7897.56,276.0,272.0,318.0,305.0,False,MEDIUM,28.0,False,Racing Bulls,7817.015,2026-08-23 14:16:59.792,1,11.0,False,,False,True
7975.054,LIN,41,79.094,34.0,3.0,,,26.632,28.785,23.677,7924.192,7952.977,7976.654,274.0,271.0,318.0,309.0,False,MEDIUM,29.0,False,Racing Bulls,7895.96,2026-08-23 14:18:18.737,1,11.0,False,,False,True
8054.973,LIN,41,79.919,35.0,3.0,,,27.229,28.955,23.735,8003.883,8032.838,8056.573,275.0,271.0,313.0,317.0,False,MEDIUM,30.0,False,Racing Bulls,7975.054,2026-08-23 14:19:37.831,1,11.0,False,,False,True
8139.371,LIN,41,84.398,36.0,3.0,,8139.823,26.831,30.441,27.126,8083.404,8113.845,8140.971,275.0,257.0,,296.0,False,MEDIUM,31.0,False,Racing Bulls,8054.973,2026-08-23 14:20:57.750,1,13.0,False,,False,False
8234.019,LIN,41,94.648,37.0,4.0,8158.341,,43.56,28.136,22.952,8184.531,8212.667,8235.619,281.0,281.0,341.0,296.0,False,HARD,1.0,True,Racing Bulls,8139.371,2026-08-23 14:22:22.148,1,15.0,False,,False,False
8312.769,LIN,41,78.75,38.0,4.0,,,26.638,28.121,23.991,8262.257,8290.378,8314.369,280.0,296.0,330.0,336.0,False,HARD,2.0,True,Racing Bulls,8234.019,2026-08-23 14:23:56.796,1,16.0,False,,False,True
8391.081,LIN,41,78.312,39.0,4.0,,,26.433,28.428,23.451,8340.802,8369.23,8392.681,280.0,275.0,340.0,315.0,True,HARD,3.0,True,Racing Bulls,8312.769,2026-08-23 14:25:15.546,1,16.0,False,,False,True
8469.518,LIN,41,78.437,40.0,4.0,,,26.287,27.994,24.156,8418.968,8446.962,8471.118,271.0,277.0,334.0,335.0,False,HARD,4.0,True,Racing Bulls,8391.081,2026-08-23 14:26:33.858,1,15.0,False,,False,True
8546.976,LIN,41,77.458,41.0,4.0,,,26.356,28.06,23.042,8497.474,8525.534,8548.576,277.0,277.0,341.0,319.0,True,HARD,5.0,True,Racing Bulls,8469.518,2026-08-23 14:27:52.295,1,14.0,False,,False,True
8625.35,LIN,41,78.374,42.0,4.0,,,26.742,28.583,23.049,8575.318,8603.901,8626.95,280.0,277.0,340.0,332.0,False,HARD,6.0,True,Racing Bulls,8546.976,2026-08-23 14:29:09.753,1,14.0,False,,False,True
8704.942,LIN,41,79.592,43.0,4.0,,,26.752,29.527,23.313,8653.702,8683.229,8706.542,276.0,279.0,342.0,326.0,False,HARD,7.0,True,Racing Bulls,8625.35,2026-08-23 14:30:28.127,1,14.0,False,,False,True
8782.602,LIN,41,77.66,44.0,4.0,,,26.305,28.175,23.18,8732.847,8761.022,8784.202,275.0,272.0,320.0,320.0,False,HARD,8.0,True,Racing Bulls,8704.942,2026-08-23 14:31:47.719,1,14.0,False,,False,True
8860.091,LIN,41,77.489,45.0,4.0,,,26.215,28.071,23.203,8810.417,8838.488,8861.691,275.0,272.0,320.0,304.0,False,HARD,9.0,True,Racing Bulls,8782.602,2026-08-23 14:33:05.379,1,14.0,False,,False,True
8937.389,LIN,41,77.298,46.0,4.0,,,26.17,28.05,23.078,8887.861,8915.911,8938.989,277.0,274.0,321.0,304.0,True,HARD,10.0,True,Racing Bulls,8860.091,2026-08-23 14:34:22.868,1,14.0,False,,False,True
9014.829,LIN,41,77.44,47.0,4.0,,,26.275,28.033,23.132,8965.264,8993.297,9016.429,277.0,276.0,322.0,305.0,False,HARD,11.0,True,Racing Bulls,8937.389,2026-08-23 14:35:40.166,1,14.0,False,,False,True
9093.58,LIN,41,78.751,48.0,4.0,,,26.203,28.264,24.284,9042.632,9070.896,9095.18,278.0,276.0,332.0,312.0,False,HARD,12.0,True,Racing Bulls,9014.829,2026-08-23 14:36:57.606,1,14.0,False,,False,True
9170.954,LIN,41,77.374,49.0,4.0,,,26.286,28.01,23.078,9121.466,9149.476,9172.554,281.0,280.0,328.0,312.0,False,HARD,13.0,True,Racing Bulls,9093.58,2026-08-23 14:38:16.357,1,13.0,False,,False,True
9248.309,LIN,41,77.355,50.0,4.0,,,26.138,28.032,23.185,9198.692,9226.724,9249.909,279.0,275.0,321.0,311.0,False,HARD,14.0,True,Racing Bulls,9170.954,2026-08-23 14:39:33.731,1,13.0,False,,False,True
9325.964,LIN,41,77.655,51.0,4.0,,,26.265,28.157,23.233,9276.174,9304.331,9327.564,276.0,272.0,319.0,310.0,False,HARD,15.0,True,Racing Bulls,9248.309,2026-08-23 14:40:51.086,1,13.0,False,,False,True
9403.541,LIN,41,77.577,52.0,4.0,,,26.187,28.12,23.27,9353.751,9381.871,9405.141,277.0,275.0,319.0,302.0,False,HARD,16.0,True,Racing Bulls,9325.964,2026-08-23 14:42:08.741,1,13.0,False,,False,True
9488.216,LIN,41,84.675,53.0,4.0,,,26.256,28.103,30.316,9431.397,9459.5,9489.816,276.0,273.0,219.0,303.0,False,HARD,17.0,True,Racing Bulls,9403.541,2026-08-23 14:43:26.318,126,13.0,False,,False,False
9589.591,LIN,41,101.375,54.0,4.0,,,36.499,33.399,31.477,9526.315,9559.714,9591.191,201.0,168.0,220.0,243.0,False,HARD,18.0,True,Racing Bulls,9488.216,2026-08-23 14:44:50.993,6,12.0,False,,False,False
9693.458,LIN,41,103.867,55.0,4.0,,,34.914,37.477,31.476,9626.105,9663.582,9695.058,266.0,186.0,245.0,242.0,False,HARD,19.0,True,Racing Bulls,9589.591,2026-08-23 14:46:32.368,6,12.0,False,,False,False
9779.808,LIN,41,86.35,56.0,4.0,,,34.139,28.332,23.879,9729.197,9757.529,9781.408,193.0,286.0,334.0,257.0,False,HARD,20.0,True,Racing Bulls,9693.458,2026-08-23 14:48:16.235,671,12.0,False,,False,False
9857.032,LIN,41,77.224,57.0,4.0,,,26.309,27.721,23.194,9807.717,9835.438,9858.632,278.0,275.0,322.0,311.0,True,HARD,21.0,True,Racing Bulls,9779.808,2026-08-23 14:49:42.585,1,12.0,False,,False,True
9934.214,LIN,41,77.182,58.0,4.0,,,26.079,27.925,23.178,9884.711,9912.636,9935.814,279.0,276.0,318.0,312.0,True,HARD,22.0,True,Racing Bulls,9857.032,2026-08-23 14:50:59.809,1,12.0,False,,False,True
10011.2,LIN,41,76.986,59.0,4.0,,,26.168,27.687,23.131,9961.982,9989.669,10012.8,278.0,274.0,319.0,300.0,True,HARD,23.0,True,Racing Bulls,9934.214,2026-08-23 14:52:16.991,1,12.0,False,,False,True
10087.853,LIN,41,76.653,60.0,4.0,,,25.968,27.634,23.051,10038.768,10066.402,10089.453,278.0,275.0,319.0,303.0,True,HARD,24.0,True,Racing Bulls,10011.2,2026-08-23 14:53:33.977,1,12.0,False,,False,True
10164.643,LIN,41,76.79,61.0,4.0,,,26.062,27.665,23.063,10115.515,10143.18,10166.243,277.0,275.0,320.0,303.0,False,HARD,25.0,True,Racing Bulls,10087.853,2026-08-23 14:54:50.630,1,12.0,False,,False,True
10241.774,LIN,41,77.131,62.0,4.0,,,26.068,27.911,23.152,10192.311,10220.222,10243.374,277.0,274.0,319.0,303.0,False,HARD,26.0,True,Racing Bulls,10164.643,2026-08-23 14:56:07.420,1,12.0,False,,False,True
10318.835,LIN,41,77.061,63.0,4.0,,,26.044,27.876,23.141,10269.418,10297.294,10320.435,274.0,272.0,319.0,320.0,False,HARD,27.0,True,Racing Bulls,10241.774,2026-08-23 14:57:24.551,1,12.0,False,,False,True
10396.41,LIN,41,77.575,64.0,4.0,,,26.549,27.922,23.104,10346.984,10374.906,10398.01,274.0,271.0,312.0,308.0,False,HARD,28.0,True,Racing Bulls,10318.835,2026-08-23 14:58:41.612,1,12.0,False,,False,True
10474.006,LIN,41,77.596,65.0,4.0,,,26.248,28.172,23.176,10424.258,10452.43,10475.606,276.0,273.0,318.0,300.0,False,HARD,29.0,True,Racing Bulls,10396.41,2026-08-23 14:59:59.187,1,12.0,False,,False,True
10551.419,LIN,41,77.413,66.0,4.0,,,26.242,27.951,23.22,10501.848,10529.799,10553.019,279.0,275.0,320.0,300.0,False,HARD,30.0,True,Racing Bulls,10474.006,2026-08-23 15:01:16.783,1,12.0,False,,False,True
10628.934,LIN,41,77.515,67.0,4.0,,,26.344,28.09,23.081,10579.363,10607.453,10630.534,279.0,276.0,320.0,302.0,False,HARD,31.0,True,Racing Bulls,10551.419,2026-08-23 15:02:34.196,1,12.0,False,,False,True
10722.857,LIN,41,93.923,68.0,4.0,,,26.229,37.241,30.453,10656.763,10694.004,10724.457,278.0,211.0,244.0,305.0,False,HARD,32.0,True,Racing Bulls,10628.934,2026-08-23 15:03:51.711,167,12.0,False,,False,False
10800.688,LIN,41,77.831,69.0,4.0,,,26.8,27.913,23.118,10751.257,10779.17,10802.288,276.0,275.0,318.0,289.0,False,HARD,33.0,True,Racing Bulls,10722.857,2026-08-23 15:05:25.634,1,12.0,False,,False,True
10877.942,LIN,41,77.254,70.0,4.0,,,26.175,27.942,23.137,10828.463,10856.405,10879.542,278.0,275.0,321.0,301.0,False,HARD,34.0,True,Racing Bulls,10800.688,2026-08-23 15:06:43.465,1,12.0,False,,False,True
10954.993,LIN,41,77.051,71.0,4.0,,,26.098,27.828,23.125,10905.64,10933.468,10956.593,276.0,291.0,319.0,321.0,False,HARD,35.0,True,Racing Bulls,10877.942,2026-08-23 15:08:00.719,1,12.0,False,,False,True
3497.505,COL,43,93.003,1.0,1.0,,,,29.25,28.184,,3471.04,3499.169,276.0,267.0,293.0,192.0,False,MEDIUM,1.0,True,Alpine,3405.791,2026-08-23 13:03:28.568,12,10.0,False,,False,False
3639.135,COL,43,141.63,2.0,1.0,,3638.378,28.255,47.706,65.669,3527.366,3575.072,3640.741,252.0,112.0,,265.0,False,MEDIUM,2.0,True,Alpine,3497.505,2026-08-23 13:05:00.282,25,10.0,False,,False,False
5409.483,COL,43,,3.0,2.0,5217.187,,,28.801,,,5277.367,,262.0,246.0,1.0,265.0,False,MEDIUM,1.0,True,Alpine,5177.312,2026-08-23 13:33:00.089,12,9.0,False,,False,False
5578.723,COL,43,,4.0,2.0,,,41.472,30.593,97.193,5452.597,5483.186,5580.369,249.0,248.0,2.0,147.0,False,MEDIUM,2.0,True,Alpine,5409.483,2026-08-23 13:36:52.260,1,9.0,False,,False,False
5663.5,COL,43,84.777,5.0,2.0,,,31.349,29.27,24.158,5611.678,5640.948,5665.106,282.0,272.0,332.0,210.0,True,MEDIUM,3.0,True,Alpine,5578.723,2026-08-23 13:39:41.500,12,10.0,False,,False,True
5742.724,COL,43,79.224,6.0,2.0,,,27.314,28.359,23.551,5692.42,5720.779,5744.33,284.0,283.0,336.0,277.0,True,MEDIUM,4.0,True,Alpine,5663.5,2026-08-23 13:41:06.277,1,10.0,False,,False,True
5821.887,COL,43,79.163,7.0,2.0,,,27.015,28.471,23.677,5771.345,5799.816,5823.493,278.0,276.0,327.0,295.0,True,MEDIUM,5.0,True,Alpine,5742.724,2026-08-23 13:42:25.501,1,10.0,False,,False,True
5903.611,COL,43,81.724,8.0,2.0,,5904.04,26.896,28.349,26.479,5850.389,5878.738,5905.217,286.0,281.0,,294.0,False,MEDIUM,6.0,True,Alpine,5821.887,2026-08-23 13:43:44.664,1,13.0,False,,False,False
5993.325,COL,43,89.714,9.0,3.0,5916.118,,37.496,28.436,23.782,5942.713,5971.149,5994.931,273.0,280.0,323.0,294.0,False,MEDIUM,7.0,False,Alpine,5903.611,2026-08-23 13:45:06.388,1,20.0,False,,False,False
6072.206,COL,43,78.881,10.0,3.0,,,26.715,28.603,23.563,6021.646,6050.249,6073.812,277.0,273.0,324.0,303.0,True,MEDIUM,8.0,False,Alpine,5993.325,2026-08-23 13:46:36.102,1,20.0,False,,False,True
6151.729,COL,43,79.523,11.0,3.0,,,26.688,28.931,23.904,6100.5,6129.431,6153.335,276.0,273.0,323.0,299.0,False,MEDIUM,9.0,False,Alpine,6072.206,2026-08-23 13:47:54.983,1,20.0,False,,False,True
6231.485,COL,43,79.756,12.0,3.0,,,27.09,28.943,23.723,6180.425,6209.368,6233.091,279.0,276.0,323.0,295.0,False,MEDIUM,10.0,False,Alpine,6151.729,2026-08-23 13:49:14.506,1,19.0,False,,False,True
6310.801,COL,43,79.316,13.0,3.0,,,26.709,28.954,23.653,6259.8,6288.754,6312.407,278.0,277.0,325.0,302.0,False,MEDIUM,11.0,False,Alpine,6231.485,2026-08-23 13:50:34.262,1,19.0,False,,False,True
6390.002,COL,43,79.201,14.0,3.0,,,26.571,29.026,23.604,6338.978,6368.004,6391.608,277.0,279.0,334.0,304.0,False,MEDIUM,12.0,False,Alpine,6310.801,2026-08-23 13:51:53.578,1,19.0,False,,False,True
6470.252,COL,43,80.25,15.0,3.0,,,27.01,29.317,23.923,6418.618,6447.935,6471.858,281.0,276.0,338.0,289.0,False,MEDIUM,13.0,False,Alpine,6390.002,2026-08-23 13:53:12.779,1,19.0,False,,False,True
6551.028,COL,43,80.776,16.0,3.0,,,26.913,29.47,24.393,6498.771,6528.241,6552.634,283.0,278.0,339.0,285.0,False,MEDIUM,14.0,False,Alpine,6470.252,2026-08-23 13:54:33.029,1,19.0,False,,False,True
6631.747,COL,43,80.719,17.0,3.0,,,27.03,29.566,24.123,6579.664,6609.23,6633.353,283.0,278.0,326.0,303.0,False,MEDIUM,15.0,False,Alpine,6551.028,2026-08-23 13:55:53.805,1,18.0,False,,False,True
6711.933,COL,43,80.186,18.0,3.0,,,26.876,29.199,24.111,6660.229,6689.428,6713.539,289.0,278.0,332.0,303.0,False,MEDIUM,16.0,False,Alpine,6631.747,2026-08-23 13:57:14.524,1,18.0,False,,False,True
6792.441,COL,43,80.508,19.0,3.0,,,27.062,29.597,23.849,6740.601,6770.198,6794.047,281.0,278.0,340.0,294.0,False,MEDIUM,17.0,False,Alpine,6711.933,2026-08-23 13:58:34.710,1,18.0,False,,False,True
6873.082,COL,43,80.641,20.0,3.0,,,26.816,29.892,23.933,6820.863,6850.755,6874.688,286.0,280.0,338.0,300.0,False,MEDIUM,18.0,False,Alpine,6792.441,2026-08-23 13:59:55.218,1,18.0,False,,False,True
6957.451,COL,43,84.369,21.0,3.0,,6957.86,27.058,29.968,27.343,6901.746,6931.714,6959.057,286.0,265.0,,295.0,False,MEDIUM,19.0,False,Alpine,6873.082,2026-08-23 14:01:15.859,1,20.0,False,,False,False
7054.249,COL,43,96.798,22.0,4.0,6977.321,,44.818,28.466,23.514,7003.875,7032.341,7055.855,287.0,278.0,319.0,295.0,False,HARD,1.0,True,Alpine,6957.451,2026-08-23 14:02:40.228,1,20.0,False,,False,False
7132.495,COL,43,78.246,23.0,4.0,,,26.684,28.147,23.415,7082.539,7110.686,7134.101,274.0,273.0,318.0,295.0,True,HARD,2.0,True,Alpine,7054.249,2026-08-23 14:04:17.026,1,20.0,False,,False,True
7209.983,COL,43,77.488,24.0,4.0,,,26.236,27.961,23.291,7160.337,7188.298,7211.589,272.0,265.0,320.0,315.0,True,HARD,3.0,True,Alpine,7132.495,2026-08-23 14:05:35.272,1,20.0,False,,False,True
7287.437,COL,43,77.454,25.0,4.0,,,26.16,27.954,23.34,7237.749,7265.703,7289.043,278.0,274.0,304.0,304.0,True,HARD,4.0,True,Alpine,7209.983,2026-08-23 14:06:52.760,1,20.0,False,,False,True
7364.67,COL,43,77.233,26.0,4.0,,,26.172,27.887,23.174,7315.215,7343.102,7366.276,288.0,276.0,309.0,292.0,True,HARD,5.0,True,Alpine,7287.437,2026-08-23 14:08:10.214,1,20.0,False,,False,True
7442.439,COL,43,77.769,27.0,4.0,,,26.346,28.089,23.334,7392.622,7420.711,7444.045,288.0,277.0,306.0,295.0,False,HARD,6.0,True,Alpine,7364.67,2026-08-23 14:09:27.447,1,20.0,False,,False,True
7520.872,COL,43,78.433,28.0,4.0,,,26.168,27.844,24.421,7470.213,7498.057,7522.478,289.0,277.0,250.0,298.0,False,HARD,7.0,True,Alpine,7442.439,2026-08-23 14:10:45.216,1,20.0,False,,False,True
7600.906,COL,43,80.034,29.0,4.0,,,27.747,28.539,23.748,7550.225,7578.764,7602.512,293.0,284.0,307.0,248.0,False,HARD,8.0,True,Alpine,7520.872,2026-08-23 14:12:03.649,1,19.0,False,,False,True
7678.723,COL,43,77.817,30.0,4.0,,,26.41,28.144,23.263,7628.922,7657.066,7680.329,288.0,280.0,323.0,299.0,False,HARD,9.0,True,Alpine,7600.906,2026-08-23 14:13:23.683,1,18.0,False,,False,True
7758.551,COL,43,79.828,31.0,4.0,,,26.583,28.907,24.338,7706.912,7735.819,7760.157,279.0,276.0,307.0,307.0,False,HARD,10.0,True,Alpine,7678.723,2026-08-23 14:14:41.500,1,18.0,False,,False,True
7839.581,COL,43,81.03,32.0,4.0,,,26.582,28.757,25.691,7786.739,7815.496,7841.187,293.0,274.0,282.0,293.0,False,HARD,11.0,True,Alpine,7758.551,2026-08-23 14:16:01.328,1,18.0,False,,False,True
7919.527,COL,43,79.946,33.0,4.0,,,27.018,28.867,24.061,7868.205,7897.072,7921.133,295.0,288.0,306.0,281.0,False,HARD,12.0,True,Alpine,7839.581,2026-08-23 14:17:22.358,1,18.0,False,,False,True
7998.252,COL,43,78.725,34.0,4.0,,,26.455,28.602,23.668,7947.588,7976.19,7999.858,292.0,285.0,308.0,294.0,False,HARD,13.0,True,Alpine,7919.527,2026-08-23 14:18:42.304,1,18.0,False,,False,True
8077.113,COL,43,78.861,35.0,4.0,,,26.651,28.69,23.52,8026.509,8055.199,8078.719,292.0,285.0,311.0,297.0,False,HARD,14.0,True,Alpine,7998.252,2026-08-23 14:20:01.029,1,17.0,False,,False,True
8155.53,COL,43,78.417,36.0,4.0,,,26.514,28.43,23.473,8105.233,8133.663,8157.136,290.0,284.0,325.0,303.0,False,HARD,15.0,True,Alpine,8077.113,2026-08-23 14:21:19.890,1,16.0,False,,False,True
8233.721,COL,43,78.191,37.0,4.0,,,26.311,28.417,23.463,8183.447,8211.864,8235.327,283.0,289.0,323.0,314.0,False,HARD,16.0,True,Alpine,8155.53,2026-08-23 14:22:38.307,1,14.0,False,,False,True
8312.442,COL,43,78.721,38.0,4.0,,,26.481,28.516,23.724,8261.808,8290.324,8314.048,278.0,290.0,325.0,319.0,False,HARD,17.0,True,Alpine,8233.721,2026-08-23 14:23:56.498,1,14.0,False,,False,True
8390.781,COL,43,78.339,39.0,4.0,,,26.387,28.505,23.447,8340.435,8368.94,8392.387,276.0,275.0,325.0,317.0,False,HARD,18.0,True,Alpine,8312.442,2026-08-23 14:25:15.219,1,15.0,False,,False,True
8472.586,COL,43,81.805,40.0,4.0,,,28.301,29.276,24.228,8420.688,8449.964,8474.192,285.0,288.0,332.0,324.0,False,HARD,19.0,True,Alpine,8390.781,2026-08-23 14:26:33.558,1,17.0,False,,False,True
8551.834,COL,43,79.248,41.0,4.0,,,26.866,28.727,23.655,8501.058,8529.785,8553.44,291.0,280.0,325.0,286.0,False,HARD,20.0,True,Alpine,8472.586,2026-08-23 14:27:55.363,1,17.0,False,,False,True
8630.093,COL,43,78.259,42.0,4.0,,,26.43,28.53,23.299,8579.87,8608.4,8631.699,284.0,280.0,324.0,314.0,False,HARD,21.0,True,Alpine,8551.834,2026-08-23 14:29:14.611,1,17.0,False,,False,True
8708.728,COL,43,78.635,43.0,4.0,,,26.398,28.591,23.646,8658.097,8686.688,8710.334,280.0,276.0,319.0,309.0,False,HARD,22.0,True,Alpine,8630.093,2026-08-23 14:30:32.870,1,17.0,False,,False,True
8787.387,COL,43,78.659,44.0,4.0,,,26.636,28.555,23.468,8736.97,8765.525,8788.993,277.0,280.0,324.0,309.0,False,HARD,23.0,True,Alpine,8708.728,2026-08-23 14:31:51.505,1,17.0,False,,False,True
8868.332,COL,43,80.945,45.0,4.0,,8868.718,26.44,28.577,25.928,8815.433,8844.01,8869.938,282.0,281.0,,311.0,False,HARD,24.0,True,Alpine,8787.387,2026-08-23 14:33:10.164,1,17.0,False,,False,False
8961.636,COL,43,93.304,46.0,5.0,8887.044,,42.845,27.329,23.13,8912.783,8940.112,8963.242,295.0,283.0,321.0,311.0,False,SOFT,1.0,True,Alpine,8868.332,2026-08-23 14:34:31.109,1,18.0,False,,False,False
9039.094,COL,43,77.458,47.0,5.0,,,26.106,28.051,23.301,8989.348,9017.399,9040.7,275.0,271.0,304.0,310.0,False,SOFT,2.0,True,Alpine,8961.636,2026-08-23 14:36:04.413,1,18.0,False,,False,True
9114.672,COL,43,75.578,48.0,5.0,,,25.672,27.112,22.794,9066.372,9093.484,9116.278,291.0,281.0,310.0,300.0,True,SOFT,3.0,True,Alpine,9039.094,2026-08-23 14:37:21.871,1,18.0,False,,False,True
9191.55,COL,43,76.878,49.0,5.0,,,26.204,27.783,22.891,9142.482,9170.265,9193.156,293.0,293.0,321.0,301.0,False,SOFT,4.0,True,Alpine,9114.672,2026-08-23 14:38:37.449,1,17.0,False,,False,True
9269.369,COL,43,77.819,50.0,5.0,,,26.2,28.317,23.302,9219.356,9247.673,9270.975,277.0,276.0,323.0,308.0,False,SOFT,5.0,True,Alpine,9191.55,2026-08-23 14:39:54.327,1,17.0,False,,False,True
9346.446,COL,43,77.077,51.0,5.0,,,25.922,28.074,23.081,9296.897,9324.971,9348.052,282.0,279.0,324.0,316.0,False,SOFT,6.0,True,Alpine,9269.369,2026-08-23 14:41:12.146,1,17.0,False,,False,True
9424.901,COL,43,78.455,52.0,5.0,,,25.955,28.926,23.574,9374.007,9402.933,9426.507,280.0,240.0,335.0,317.0,False,SOFT,7.0,True,Alpine,9346.446,2026-08-23 14:42:29.223,1,17.0,False,,False,True
9515.21,COL,43,90.309,53.0,5.0,,,25.973,34.41,29.926,9452.48,9486.89,9516.816,288.0,207.0,235.0,311.0,False,SOFT,8.0,True,Alpine,9424.901,2026-08-23 14:43:47.678,126,16.0,False,,False,False
9618.252,COL,43,103.042,54.0,5.0,,,36.175,35.808,31.059,9552.991,9588.799,9619.858,246.0,124.0,225.0,229.0,False,SOFT,9.0,True,Alpine,9515.21,2026-08-23 14:45:17.987,6,16.0,False,,False,False
9720.5,COL,43,102.248,55.0,5.0,,,36.494,35.144,30.61,9656.352,9691.496,9722.106,246.0,127.0,246.0,242.0,False,SOFT,10.0,True,Alpine,9618.252,2026-08-23 14:47:01.029,67,16.0,False,,False,False
9800.013,COL,43,79.513,56.0,5.0,,,28.674,27.758,23.081,9750.78,9778.538,9801.619,303.0,295.0,325.0,173.0,False,SOFT,11.0,True,Alpine,9720.5,2026-08-23 14:48:43.277,71,16.0,False,,False,False
9876.639,COL,43,76.626,57.0,5.0,,,25.884,27.735,23.007,9827.503,9855.238,9878.245,280.0,282.0,324.0,314.0,False,SOFT,12.0,True,Alpine,9800.013,2026-08-23 14:50:02.790,1,16.0,False,,False,True
9953.531,COL,43,76.892,58.0,5.0,,,25.936,27.926,23.03,9904.181,9932.107,9955.137,280.0,283.0,327.0,320.0,False,SOFT,13.0,True,Alpine,9876.639,2026-08-23 14:51:19.416,1,16.0,False,,False,True
10030.535,COL,43,77.004,59.0,5.0,,,25.942,27.957,23.105,9981.079,10009.036,10032.141,286.0,281.0,327.0,321.0,False,SOFT,14.0,True,Alpine,9953.531,2026-08-23 14:52:36.308,1,16.0,False,,False,True
10108.016,COL,43,77.481,60.0,5.0,,,25.934,28.319,23.228,10058.075,10086.394,10109.622,285.0,283.0,327.0,324.0,False,SOFT,15.0,True,Alpine,10030.535,2026-08-23 14:53:53.312,1,16.0,False,,False,True
10185.892,COL,43,77.876,61.0,5.0,,,26.052,28.426,23.398,10135.674,10164.1,10187.498,284.0,285.0,338.0,315.0,False,SOFT,16.0,True,Alpine,10108.016,2026-08-23 14:55:10.793,1,15.0,False,,False,True
10264.221,COL,43,78.329,62.0,5.0,,,26.157,28.652,23.52,10213.655,10242.307,10265.827,291.0,284.0,339.0,323.0,False,SOFT,17.0,True,Alpine,10185.892,2026-08-23 14:56:28.669,1,15.0,False,,False,True
10343.389,COL,43,79.168,63.0,5.0,,,26.279,28.572,24.317,10292.106,10320.678,10344.995,293.0,287.0,284.0,315.0,False,SOFT,18.0,True,Alpine,10264.221,2026-08-23 14:57:46.998,1,15.0,False,,False,True
10422.638,COL,43,79.249,64.0,5.0,,,26.868,29.036,23.345,10371.863,10400.899,10424.244,297.0,290.0,336.0,262.0,False,SOFT,19.0,True,Alpine,10343.389,2026-08-23 14:59:06.166,1,15.0,False,,False,True
10499.805,COL,43,77.167,65.0,5.0,,,26.262,27.861,23.044,10450.506,10478.367,10501.411,293.0,282.0,323.0,313.0,False,SOFT,20.0,True,Alpine,10422.638,2026-08-23 15:00:25.415,1,14.0,False,,False,True
10576.781,COL,43,76.976,66.0,5.0,,,25.906,27.908,23.162,10527.317,10555.225,10578.387,285.0,280.0,323.0,311.0,False,SOFT,21.0,True,Alpine,10499.805,2026-08-23 15:01:42.582,1,14.0,False,,False,True
10653.708,COL,43,76.927,67.0,5.0,,,25.954,27.925,23.048,10604.341,10632.266,10655.314,284.0,279.0,323.0,318.0,False,SOFT,22.0,True,Alpine,10576.781,2026-08-23 15:02:59.558,1,14.0,False,,False,True
10746.851,COL,43,93.143,68.0,5.0,,,37.284,32.533,23.326,10692.598,10725.131,10748.457,182.0,242.0,322.0,319.0,False,SOFT,23.0,True,Alpine,10653.708,2026-08-23 15:04:16.485,167,14.0,False,,False,False
10823.177,COL,43,76.326,69.0,5.0,,,25.626,27.742,22.958,10774.083,10801.825,10824.783,284.0,279.0,322.0,322.0,False,SOFT,24.0,True,Alpine,10746.851,2026-08-23 15:05:49.628,1,14.0,False,,False,True
10899.847,COL,43,76.67,70.0,5.0,,,25.637,27.961,23.072,10850.42,10878.381,10901.453,289.0,293.0,319.0,319.0,False,SOFT,25.0,True,Alpine,10823.177,2026-08-23 15:07:05.954,1,14.0,False,,False,True
3493.405,HAM,44,88.878,1.0,1.0,,,,28.108,26.902,,3468.118,3495.096,285.0,285.0,314.0,208.0,False,SOFT,1.0,True,Ferrari,3405.791,2026-08-23 13:03:28.568,1,6.0,False,,False,False
3625.377,HAM,44,131.972,2.0,1.0,,3625.507,27.499,46.43,58.043,3522.519,3568.949,3626.992,290.0,129.0,,270.0,False,SOFT,2.0,True,Ferrari,3493.405,2026-08-23 13:04:56.182,125,6.0,False,,False,False
5327.16,HAM,44,,3.0,2.0,5202.232,,,28.499,64.125,,5264.695,5328.775,275.0,238.0,53.0,270.0,False,SOFT,4.0,False,Ferrari,5177.312,2026-08-23 13:33:00.089,12,6.0,False,,False,False
5526.098,HAM,44,,4.0,2.0,,,,29.922,53.42,,5474.36,5527.812,245.0,223.0,59.0,104.0,False,SOFT,5.0,False,Ferrari,5327.16,2026-08-23 13:35:29.937,21,6.0,False,,False,False
5661.047,HAM,44,134.949,5.0,2.0,,,82.487,28.673,23.789,5610.2,5638.873,5662.662,284.0,282.0,326.0,219.0,True,SOFT,6.0,False,Ferrari,5526.098,2026-08-23 13:38:48.875,12,6.0,False,,False,True
5739.272,HAM,44,78.225,6.0,2.0,,,26.79,28.153,23.282,5689.452,5717.605,5740.887,278.0,270.0,331.0,299.0,True,SOFT,7.0,False,Ferrari,5661.047,2026-08-23 13:41:03.824,1,6.0,False,,False,True
5817.068,HAM,44,77.796,7.0,2.0,,,26.578,27.966,23.252,5767.465,5795.431,5818.683,277.0,270.0,328.0,301.0,True,SOFT,8.0,False,Ferrari,5739.272,2026-08-23 13:42:22.049,1,6.0,False,,False,True
5894.396,HAM,44,77.328,8.0,2.0,,,26.38,27.858,23.09,5845.063,5872.921,5896.011,276.0,273.0,327.0,304.0,True,SOFT,9.0,False,Ferrari,5817.068,2026-08-23 13:43:39.845,1,6.0,False,,False,True
5971.364,HAM,44,76.968,9.0,2.0,,,26.295,27.765,22.908,5922.306,5950.071,5972.979,277.0,272.0,328.0,292.0,True,SOFT,10.0,False,Ferrari,5894.396,2026-08-23 13:44:57.173,1,6.0,False,,False,True
6048.863,HAM,44,77.499,10.0,2.0,,,26.247,28.141,23.111,5999.226,6027.367,6050.478,278.0,268.0,319.0,305.0,False,SOFT,11.0,False,Ferrari,5971.364,2026-08-23 13:46:14.141,1,6.0,False,,False,True
6126.165,HAM,44,77.302,11.0,2.0,,,26.297,27.948,23.057,6076.775,6104.723,6127.78,278.0,273.0,331.0,306.0,False,SOFT,12.0,False,Ferrari,6048.863,2026-08-23 13:47:31.640,1,6.0,False,,False,True
6203.726,HAM,44,77.561,12.0,2.0,,,26.262,28.161,23.138,6154.042,6182.203,6205.341,276.0,269.0,327.0,312.0,False,SOFT,13.0,False,Ferrari,6126.165,2026-08-23 13:48:48.942,1,6.0,False,,False,True
6281.012,HAM,44,77.286,13.0,2.0,,,26.098,28.196,22.992,6231.439,6259.635,6282.627,278.0,271.0,326.0,308.0,False,SOFT,14.0,False,Ferrari,6203.726,2026-08-23 13:50:06.503,1,6.0,False,,False,True
6358.52,HAM,44,77.508,14.0,2.0,,,26.09,28.182,23.236,6308.717,6336.899,6360.135,280.0,269.0,327.0,311.0,False,SOFT,15.0,False,Ferrari,6281.012,2026-08-23 13:51:23.789,1,6.0,False,,False,True
6436.429,HAM,44,77.909,15.0,2.0,,,26.173,28.365,23.371,6386.308,6414.673,6438.044,283.0,269.0,328.0,315.0,False,SOFT,16.0,False,Ferrari,6358.52,2026-08-23 13:52:41.297,1,6.0,False,,False,True
6514.18,HAM,44,77.751,16.0,2.0,,,26.26,28.208,23.283,6464.304,6492.512,6515.795,280.0,276.0,318.0,308.0,False,SOFT,17.0,False,Ferrari,6436.429,2026-08-23 13:53:59.206,1,6.0,False,,False,True
6591.986,HAM,44,77.806,17.0,2.0,,,26.362,28.155,23.289,6542.157,6570.312,6593.601,285.0,273.0,322.0,298.0,False,SOFT,18.0,False,Ferrari,6514.18,2026-08-23 13:55:16.957,1,5.0,False,,False,True
6669.476,HAM,44,77.49,18.0,2.0,,,26.219,28.122,23.149,6619.82,6647.942,6671.091,281.0,270.0,320.0,306.0,False,SOFT,19.0,False,Ferrari,6591.986,2026-08-23 13:56:34.763,1,5.0,False,,False,True
6746.896,HAM,44,77.42,19.0,2.0,,,26.092,28.113,23.215,6697.183,6725.296,6748.511,280.0,268.0,320.0,311.0,False,SOFT,20.0,False,Ferrari,6669.476,2026-08-23 13:57:52.253,1,4.0,False,,False,True
6824.617,HAM,44,77.721,20.0,2.0,,,26.22,28.24,23.261,6774.731,6802.971,6826.232,281.0,267.0,318.0,309.0,False,SOFT,21.0,False,Ferrari,6746.896,2026-08-23 13:59:09.673,1,4.0,False,,False,True
6902.369,HAM,44,77.752,21.0,2.0,,,26.217,28.147,23.388,6852.449,6880.596,6903.984,281.0,273.0,315.0,305.0,False,SOFT,22.0,False,Ferrari,6824.617,2026-08-23 14:00:27.394,1,3.0,False,,False,True
6979.817,HAM,44,77.448,22.0,2.0,,,26.074,28.034,23.34,6930.058,6958.092,6981.432,280.0,261.0,310.0,309.0,False,SOFT,23.0,False,Ferrari,6902.369,2026-08-23 14:01:45.146,1,1.0,False,,False,True
7057.688,HAM,44,77.871,23.0,2.0,,,26.389,28.183,23.299,7007.821,7036.004,7059.303,283.0,270.0,317.0,304.0,False,SOFT,24.0,False,Ferrari,6979.817,2026-08-23 14:03:02.594,1,1.0,False,,False,True
7135.403,HAM,44,77.715,24.0,2.0,,,26.228,28.069,23.418,7085.531,7113.6,7137.018,281.0,265.0,315.0,309.0,False,SOFT,25.0,False,Ferrari,7057.688,2026-08-23 14:04:20.465,1,1.0,False,,False,True
7216.382,HAM,44,80.979,25.0,2.0,,7216.71,26.392,28.251,26.336,7163.41,7191.661,7217.997,282.0,271.0,,308.0,False,SOFT,26.0,False,Ferrari,7135.403,2026-08-23 14:05:38.180,1,2.0,False,,False,False
7309.296,HAM,44,92.914,26.0,3.0,7234.716,,42.979,27.174,22.761,7260.976,7288.15,7310.911,281.0,270.0,314.0,308.0,False,HARD,1.0,True,Ferrari,7216.382,2026-08-23 14:06:59.159,1,6.0,False,,False,False
7385.278,HAM,44,75.982,27.0,3.0,,,25.898,27.392,22.692,7336.809,7364.201,7386.893,278.0,268.0,313.0,299.0,True,HARD,2.0,True,Ferrari,7309.296,2026-08-23 14:08:32.073,1,6.0,False,,False,True
7460.844,HAM,44,75.566,28.0,3.0,,,25.72,27.112,22.734,7412.613,7439.725,7462.459,277.0,267.0,315.0,306.0,True,HARD,3.0,True,Ferrari,7385.278,2026-08-23 14:09:48.055,1,6.0,False,,False,True
7536.358,HAM,44,75.514,29.0,3.0,,,25.683,27.06,22.771,7488.142,7515.202,7537.973,277.0,268.0,316.0,308.0,True,HARD,4.0,True,Ferrari,7460.844,2026-08-23 14:11:03.621,1,6.0,False,,False,True
7612.365,HAM,44,76.007,30.0,3.0,,,25.868,27.285,22.854,7563.841,7591.126,7613.98,277.0,267.0,316.0,307.0,False,HARD,5.0,True,Ferrari,7536.358,2026-08-23 14:12:19.135,1,6.0,False,,False,True
7688.031,HAM,44,75.666,31.0,3.0,,,25.838,27.14,22.688,7639.818,7666.958,7689.646,279.0,269.0,318.0,304.0,False,HARD,6.0,True,Ferrari,7612.365,2026-08-23 14:13:35.142,1,6.0,False,,False,True
7763.603,HAM,44,75.572,32.0,3.0,,,25.734,27.021,22.817,7715.38,7742.401,7765.218,279.0,270.0,318.0,308.0,False,HARD,7.0,True,Ferrari,7688.031,2026-08-23 14:14:50.808,1,6.0,False,,False,True
7839.528,HAM,44,75.925,33.0,3.0,,,25.797,27.263,22.865,7791.015,7818.278,7841.143,283.0,273.0,329.0,310.0,False,HARD,8.0,True,Ferrari,7763.603,2026-08-23 14:16:06.380,1,6.0,False,,False,True
7917.475,HAM,44,77.947,34.0,3.0,,,26.314,28.074,23.559,7867.457,7895.531,7919.09,281.0,277.0,340.0,315.0,False,HARD,9.0,True,Ferrari,7839.528,2026-08-23 14:17:22.305,1,6.0,False,,False,True
7994.891,HAM,44,77.416,35.0,3.0,,,26.751,27.677,22.988,7945.841,7973.518,7996.506,278.0,268.0,330.0,308.0,False,HARD,10.0,True,Ferrari,7917.475,2026-08-23 14:18:40.252,1,5.0,False,,False,True
8071.318,HAM,44,76.427,36.0,3.0,,,26.445,27.177,22.805,8022.951,8050.128,8072.933,284.0,275.0,316.0,288.0,False,HARD,11.0,True,Ferrari,7994.891,2026-08-23 14:19:57.668,1,5.0,False,,False,True
8147.283,HAM,44,75.965,37.0,3.0,,,25.788,27.235,22.942,8098.721,8125.956,8148.898,284.0,273.0,319.0,309.0,False,HARD,12.0,True,Ferrari,8071.318,2026-08-23 14:21:14.095,1,5.0,False,,False,True
8223.387,HAM,44,76.104,38.0,3.0,,,25.797,27.27,23.037,8174.695,8201.965,8225.002,282.0,271.0,318.0,312.0,False,HARD,13.0,True,Ferrari,8147.283,2026-08-23 14:22:30.060,1,5.0,False,,False,True
8299.7,HAM,44,76.313,39.0,3.0,,,25.866,27.417,23.03,8250.868,8278.285,8301.315,285.0,271.0,338.0,310.0,False,HARD,14.0,True,Ferrari,8223.387,2026-08-23 14:23:46.164,1,5.0,False,,False,True
8376.203,HAM,44,76.503,40.0,3.0,,,26.127,27.406,22.97,8327.442,8354.848,8377.818,283.0,271.0,318.0,301.0,False,HARD,15.0,True,Ferrari,8299.7,2026-08-23 14:25:02.477,1,4.0,False,,False,True
8452.247,HAM,44,76.044,41.0,3.0,,,25.827,27.326,22.891,8403.645,8430.971,8453.862,288.0,281.0,335.0,313.0,False,HARD,16.0,True,Ferrari,8376.203,2026-08-23 14:26:18.980,1,3.0,False,,False,True
8529.082,HAM,44,76.835,42.0,3.0,,,26.105,27.747,22.983,8479.967,8507.714,8530.697,279.0,267.0,337.0,314.0,False,HARD,17.0,True,Ferrari,8452.247,2026-08-23 14:27:35.024,1,3.0,False,,False,True
8606.495,HAM,44,77.413,43.0,3.0,,,25.946,28.108,23.359,8556.643,8584.751,8608.11,280.0,269.0,327.0,313.0,False,HARD,18.0,True,Ferrari,8529.082,2026-08-23 14:28:51.859,1,2.0,False,,False,True
8682.648,HAM,44,76.153,44.0,3.0,,,25.729,27.438,22.986,8633.839,8661.277,8684.263,274.0,265.0,312.0,322.0,False,HARD,19.0,True,Ferrari,8606.495,2026-08-23 14:30:09.272,1,2.0,False,,False,True
8758.85,HAM,44,76.202,45.0,3.0,,,25.963,27.342,22.897,8710.226,8737.568,8760.465,286.0,275.0,317.0,304.0,False,HARD,20.0,True,Ferrari,8682.648,2026-08-23 14:31:25.425,1,2.0,False,,False,True
8835.407,HAM,44,76.557,46.0,3.0,,,26.105,27.45,23.002,8786.57,8814.02,8837.022,284.0,270.0,317.0,302.0,False,HARD,21.0,True,Ferrari,8758.85,2026-08-23 14:32:41.627,1,2.0,False,,False,True
8911.936,HAM,44,76.529,47.0,3.0,,,25.9,27.452,23.177,8862.922,8890.374,8913.551,284.0,272.0,324.0,310.0,False,HARD,22.0,True,Ferrari,8835.407,2026-08-23 14:33:58.184,1,2.0,False,,False,True
8988.241,HAM,44,76.305,48.0,3.0,,,25.797,27.418,23.09,8939.348,8966.766,8989.856,278.0,262.0,312.0,311.0,False,HARD,23.0,True,Ferrari,8911.936,2026-08-23 14:35:14.713,1,1.0,False,,False,True
9064.515,HAM,44,76.274,49.0,3.0,,,26.022,27.302,22.95,9015.878,9043.18,9066.13,287.0,278.0,315.0,304.0,False,HARD,24.0,True,Ferrari,8988.241,2026-08-23 14:36:31.018,1,1.0,False,,False,True
9140.685,HAM,44,76.17,50.0,3.0,,,25.924,27.296,22.95,9092.054,9119.35,9142.3,280.0,264.0,313.0,308.0,False,HARD,25.0,True,Ferrari,9064.515,2026-08-23 14:37:47.292,1,1.0,False,,False,True
9216.796,HAM,44,76.111,51.0,3.0,,,25.971,27.25,22.89,9168.271,9195.521,9218.411,283.0,269.0,316.0,303.0,False,HARD,26.0,True,Ferrari,9140.685,2026-08-23 14:39:03.462,1,1.0,False,,False,True
9293.123,HAM,44,76.327,52.0,3.0,,,25.983,27.329,23.015,9244.394,9271.723,9294.738,281.0,268.0,315.0,306.0,False,HARD,27.0,True,Ferrari,9216.796,2026-08-23 14:40:19.573,1,1.0,False,,False,True
9369.845,HAM,44,76.722,53.0,3.0,,,26.012,27.638,23.072,9320.75,9348.388,9371.46,285.0,269.0,316.0,307.0,False,HARD,28.0,True,Ferrari,9293.123,2026-08-23 14:41:35.900,1,1.0,False,,False,True
9447.856,HAM,44,78.011,54.0,3.0,,,26.25,27.871,23.89,9397.71,9425.581,9449.471,280.0,281.0,314.0,317.0,False,HARD,29.0,True,Ferrari,9369.845,2026-08-23 14:42:52.622,12,2.0,False,,False,True
9548.336,HAM,44,100.48,55.0,3.0,,9548.675,30.631,37.342,32.507,9480.102,9517.444,9549.951,131.0,203.0,,293.0,False,HARD,30.0,True,Ferrari,9447.856,2026-08-23 14:44:10.633,26,3.0,False,,False,False
9665.772,HAM,44,117.436,56.0,4.0,9567.501,,52.047,35.531,29.858,9601.998,9637.529,9667.387,230.0,182.0,245.0,293.0,False,SOFT,8.0,False,Ferrari,9548.336,2026-08-23 14:45:51.113,6,4.0,False,,False,False
9758.284,HAM,44,92.512,57.0,4.0,,,39.036,30.746,22.73,9706.423,9737.169,9759.899,266.0,286.0,322.0,232.0,False,SOFT,9.0,False,Ferrari,9665.772,2026-08-23 14:47:48.549,671,4.0,False,,False,False
9833.726,HAM,44,75.442,58.0,4.0,,,25.649,27.188,22.605,9785.548,9812.736,9835.341,280.0,271.0,314.0,313.0,True,SOFT,10.0,False,Ferrari,9758.284,2026-08-23 14:49:21.061,1,4.0,False,,False,True
9908.608,HAM,44,74.882,59.0,4.0,,,25.74,26.61,22.532,9861.081,9887.691,9910.223,280.0,271.0,317.0,308.0,True,SOFT,11.0,False,Ferrari,9833.726,2026-08-23 14:50:36.503,1,4.0,False,,False,True
9983.729,HAM,44,75.121,60.0,4.0,,,25.558,26.978,22.585,9935.781,9962.759,9985.344,282.0,269.0,317.0,308.0,False,SOFT,12.0,False,Ferrari,9908.608,2026-08-23 14:51:51.385,1,4.0,False,,False,True
10058.295,HAM,44,74.566,61.0,4.0,,,25.41,26.655,22.501,10010.754,10037.409,10059.91,281.0,272.0,318.0,307.0,True,SOFT,13.0,False,Ferrari,9983.729,2026-08-23 14:53:06.506,1,4.0,False,,False,True
10132.947,HAM,44,74.652,62.0,4.0,,,25.459,26.65,22.543,10085.369,10112.019,10134.562,282.0,273.0,317.0,309.0,False,SOFT,14.0,False,Ferrari,10058.295,2026-08-23 14:54:21.072,1,4.0,False,,False,True
10207.656,HAM,44,74.709,63.0,4.0,,,25.562,26.636,22.511,10160.124,10186.76,10209.271,281.0,275.0,318.0,303.0,False,SOFT,15.0,False,Ferrari,10132.947,2026-08-23 14:55:35.724,1,4.0,False,,False,True
10282.64,HAM,44,74.984,64.0,4.0,,,25.508,26.9,22.576,10234.779,10261.679,10284.255,282.0,270.0,317.0,305.0,False,SOFT,16.0,False,Ferrari,10207.656,2026-08-23 14:56:50.433,1,4.0,False,,False,True
10357.474,HAM,44,74.834,65.0,4.0,,,25.476,26.768,22.59,10309.731,10336.499,10359.089,285.0,275.0,321.0,303.0,False,SOFT,17.0,False,Ferrari,10282.64,2026-08-23 14:58:05.417,1,4.0,False,,False,True
10432.785,HAM,44,75.311,66.0,4.0,,,25.539,27.142,22.63,10384.628,10411.77,10434.4,286.0,277.0,340.0,305.0,False,SOFT,18.0,False,Ferrari,10357.474,2026-08-23 14:59:20.251,1,4.0,False,,False,True
10509.154,HAM,44,76.369,67.0,4.0,,,26.064,27.594,22.711,10460.464,10488.058,10510.769,277.0,272.0,340.0,316.0,False,SOFT,19.0,False,Ferrari,10432.785,2026-08-23 15:00:35.562,1,4.0,False,,False,True
10585.138,HAM,44,75.984,68.0,4.0,,,25.85,27.454,22.68,10536.619,10564.073,10586.753,276.0,271.0,341.0,316.0,False,SOFT,20.0,False,Ferrari,10509.154,2026-08-23 15:01:51.931,1,4.0,False,,False,True
10662.891,HAM,44,77.753,69.0,4.0,,,25.862,27.174,24.717,10612.615,10639.789,10664.506,276.0,294.0,113.0,333.0,False,SOFT,21.0,False,Ferrari,10585.138,2026-08-23 15:03:07.915,16,4.0,False,,False,False
10754.565,HAM,44,91.674,70.0,4.0,,,37.419,31.64,22.615,10701.925,10733.565,10756.18,199.0,289.0,337.0,155.0,False,SOFT,22.0,False,Ferrari,10662.891,2026-08-23 15:04:25.668,671,4.0,False,,False,False
10829.803,HAM,44,75.238,71.0,4.0,,,25.46,27.2,22.578,10781.64,10808.84,10831.418,282.0,269.0,340.0,330.0,False,SOFT,23.0,False,Ferrari,10754.565,2026-08-23 15:05:57.342,1,4.0,False,,False,True
10906.068,HAM,44,76.265,72.0,4.0,,,25.963,27.267,23.035,10857.381,10884.648,10907.683,279.0,287.0,324.0,329.0,False,SOFT,24.0,False,Ferrari,10829.803,2026-08-23 15:07:12.580,1,4.0,False,,False,True
3502.253,BOR,5,97.716,1.0,1.0,,,,29.511,32.255,,3471.665,3503.86,275.0,266.0,250.0,190.0,False,SOFT,4.0,False,Audi,3405.791,2026-08-23 13:03:28.568,12,16.0,False,,False,False
3660.621,BOR,5,,2.0,1.0,,3659.141,37.458,45.23,75.677,3541.324,3586.551,3662.289,116.0,155.0,,227.0,False,SOFT,5.0,False,Audi,3502.253,2026-08-23 13:05:05.030,25,18.0,False,,False,False
5423.597,BOR,5,,3.0,2.0,5242.793,,,34.095,,,5308.289,,264.0,196.0,56.0,227.0,False,SOFT,4.0,False,Audi,5177.312,2026-08-23 13:33:00.089,12,15.0,False,,False,False
5580.776,BOR,5,,4.0,2.0,,,41.64,30.258,85.427,5466.85,5497.013,5582.612,259.0,193.0,126.0,163.0,False,SOFT,5.0,False,Audi,5423.597,2026-08-23 13:37:06.374,1,15.0,False,,False,False
5665.657,BOR,5,84.881,5.0,2.0,,,30.582,29.926,24.373,5612.965,5642.891,5667.264,264.0,275.0,326.0,224.0,True,SOFT,6.0,False,Audi,5580.776,2026-08-23 13:39:43.553,12,16.0,False,,False,True
5745.93,BOR,5,80.273,6.0,2.0,,,27.485,28.968,23.82,5694.749,5723.717,5747.537,282.0,278.0,331.0,272.0,True,SOFT,7.0,False,Audi,5665.657,2026-08-23 13:41:08.434,1,15.0,False,,False,True
5824.7,BOR,5,78.77,7.0,2.0,,,26.932,28.303,23.535,5774.469,5802.772,5826.307,275.0,278.0,325.0,283.0,True,SOFT,8.0,False,Audi,5745.93,2026-08-23 13:42:28.707,1,14.0,False,,False,True
5903.717,BOR,5,79.017,8.0,2.0,,,26.767,28.715,23.535,5853.074,5881.789,5905.324,270.0,281.0,322.0,298.0,False,SOFT,9.0,False,Audi,5824.7,2026-08-23 13:43:47.477,1,14.0,False,,False,True
5982.51,BOR,5,78.793,9.0,2.0,,,26.553,28.818,23.422,5931.877,5960.695,5984.117,278.0,269.0,321.0,287.0,False,SOFT,10.0,False,Audi,5903.717,2026-08-23 13:45:06.494,1,13.0,False,,False,True
6061.59,BOR,5,79.08,10.0,2.0,,,26.691,28.862,23.527,6010.808,6039.67,6063.197,278.0,274.0,321.0,294.0,False,SOFT,11.0,False,Audi,5982.51,2026-08-23 13:46:25.287,1,13.0,False,,False,True
6143.633,BOR,5,82.043,11.0,2.0,,6144.114,26.696,28.68,26.667,6089.893,6118.573,6145.24,278.0,280.0,,301.0,False,SOFT,12.0,False,Audi,6061.59,2026-08-23 13:47:44.367,1,15.0,False,,False,False
6236.889,BOR,5,93.256,12.0,3.0,6162.103,,42.87,27.247,23.139,6188.11,6215.357,6238.496,275.0,272.0,302.0,301.0,False,MEDIUM,1.0,True,Audi,6143.633,2026-08-23 13:49:06.410,1,20.0,False,,False,False
6314.041,BOR,5,77.152,13.0,3.0,,,26.487,27.529,23.136,6264.983,6292.512,6315.648,271.0,268.0,306.0,287.0,True,MEDIUM,2.0,True,Audi,6236.889,2026-08-23 13:50:39.666,1,20.0,False,,False,True
6391.629,BOR,5,77.588,14.0,3.0,,,26.44,27.847,23.301,6342.088,6369.935,6393.236,271.0,273.0,310.0,293.0,False,MEDIUM,3.0,True,Audi,6314.041,2026-08-23 13:51:56.818,1,20.0,False,,False,True
6470.732,BOR,5,79.103,15.0,3.0,,,26.538,28.446,24.119,6419.774,6448.22,6472.339,275.0,279.0,325.0,298.0,False,MEDIUM,4.0,True,Audi,6391.629,2026-08-23 13:53:14.406,1,20.0,False,,False,True
6550.242,BOR,5,79.51,16.0,3.0,,,26.755,29.179,23.576,6499.094,6528.273,6551.849,280.0,286.0,333.0,290.0,False,MEDIUM,5.0,True,Audi,6470.732,2026-08-23 13:54:33.509,1,18.0,False,,False,True
6629.896,BOR,5,79.654,17.0,3.0,,,27.162,28.946,23.546,6579.011,6607.957,6631.503,278.0,285.0,310.0,281.0,False,MEDIUM,6.0,True,Audi,6550.242,2026-08-23 13:55:53.019,1,16.0,False,,False,True
6710.079,BOR,5,80.183,18.0,3.0,,,26.85,29.19,24.143,6658.353,6687.543,6711.686,276.0,274.0,331.0,286.0,False,MEDIUM,7.0,True,Audi,6629.896,2026-08-23 13:57:12.673,1,16.0,False,,False,True
6788.832,BOR,5,78.753,19.0,3.0,,,26.862,28.533,23.358,6738.548,6767.081,6790.439,274.0,278.0,308.0,285.0,False,MEDIUM,8.0,True,Audi,6710.079,2026-08-23 13:58:32.856,1,15.0,False,,False,True
6867.235,BOR,5,78.403,20.0,3.0,,,26.54,28.387,23.476,6816.979,6845.366,6868.842,272.0,273.0,310.0,294.0,False,MEDIUM,9.0,True,Audi,6788.832,2026-08-23 13:59:51.609,1,15.0,False,,False,True
6945.877,BOR,5,78.642,21.0,3.0,,,26.715,28.398,23.529,6895.557,6923.955,6947.484,275.0,273.0,310.0,290.0,False,MEDIUM,10.0,True,Audi,6867.235,2026-08-23 14:01:10.012,1,15.0,False,,False,True
7024.535,BOR,5,78.658,22.0,3.0,,,26.715,28.445,23.498,,7002.644,7026.142,275.0,276.0,309.0,292.0,False,MEDIUM,11.0,True,Audi,6945.877,2026-08-23 14:02:28.654,1,15.0,False,,False,True
7103.52,BOR,5,78.985,23.0,3.0,,,26.837,28.631,23.517,7052.979,7081.61,7105.127,274.0,274.0,308.0,291.0,False,MEDIUM,12.0,True,Audi,7024.535,2026-08-23 14:03:47.312,1,15.0,False,,False,True
7182.395,BOR,5,78.875,24.0,3.0,,,26.747,28.533,23.595,7131.874,7160.407,7184.002,274.0,275.0,311.0,293.0,False,MEDIUM,13.0,True,Audi,7103.52,2026-08-23 14:05:06.297,1,15.0,False,,False,True
7261.413,BOR,5,79.018,25.0,3.0,,,26.74,28.57,23.708,7210.742,7239.312,7263.02,275.0,275.0,310.0,293.0,False,MEDIUM,14.0,True,Audi,7182.395,2026-08-23 14:06:25.172,1,15.0,False,,False,True
7340.644,BOR,5,79.231,26.0,3.0,,,26.9,28.541,23.79,7289.92,7318.461,7342.251,275.0,275.0,310.0,293.0,False,MEDIUM,15.0,True,Audi,7261.413,2026-08-23 14:07:44.190,1,15.0,False,,False,True
7420.267,BOR,5,79.623,27.0,3.0,,,26.94,28.822,23.861,7369.191,7398.013,7421.874,276.0,278.0,323.0,285.0,False,MEDIUM,16.0,True,Audi,7340.644,2026-08-23 14:09:03.421,1,14.0,False,,False,True
7500.299,BOR,5,80.032,28.0,3.0,,,26.771,29.291,23.97,7448.645,7477.936,7501.906,281.0,282.0,323.0,292.0,False,MEDIUM,17.0,True,Audi,7420.267,2026-08-23 14:10:23.044,1,14.0,False,,False,True
7580.516,BOR,5,80.217,29.0,3.0,,,27.057,29.353,23.807,7528.963,7558.316,7582.123,281.0,283.0,322.0,293.0,False,MEDIUM,18.0,True,Audi,7500.299,2026-08-23 14:11:43.076,1,14.0,False,,False,True
7660.3,BOR,5,79.784,30.0,3.0,,,26.773,28.961,24.05,7608.896,7637.857,7661.907,279.0,282.0,322.0,296.0,False,MEDIUM,19.0,True,Audi,7580.516,2026-08-23 14:13:03.293,1,13.0,False,,False,True
7739.445,BOR,5,79.145,31.0,3.0,,,27.022,28.624,23.499,7688.929,7717.553,7741.052,277.0,281.0,322.0,293.0,False,MEDIUM,20.0,True,Audi,7660.3,2026-08-23 14:14:23.077,1,13.0,False,,False,True
7818.435,BOR,5,78.99,32.0,3.0,,,26.796,28.657,23.537,7767.848,7796.505,7820.042,279.0,280.0,321.0,294.0,False,MEDIUM,21.0,True,Audi,7739.445,2026-08-23 14:15:42.222,1,13.0,False,,False,True
7897.34,BOR,5,78.905,33.0,3.0,,,26.747,28.688,23.47,7846.789,7875.477,7898.947,280.0,281.0,320.0,301.0,False,MEDIUM,22.0,True,Audi,7818.435,2026-08-23 14:17:01.212,1,13.0,False,,False,True
7979.153,BOR,5,81.813,34.0,3.0,,7979.608,26.531,28.715,26.567,7925.478,7954.193,7980.76,279.0,280.0,,298.0,False,MEDIUM,23.0,True,Audi,7897.34,2026-08-23 14:18:20.117,1,14.0,False,,False,False
8072.777,BOR,5,93.624,35.0,4.0,7997.059,,42.371,28.055,23.198,8023.131,8051.186,8074.384,272.0,283.0,310.0,298.0,False,HARD,1.0,True,Audi,7979.153,2026-08-23 14:19:41.930,1,16.0,False,,False,False
8150.202,BOR,5,77.425,36.0,4.0,,,26.507,27.694,23.224,8100.891,8128.585,8151.809,274.0,272.0,308.0,297.0,False,HARD,2.0,True,Audi,8072.777,2026-08-23 14:21:15.554,1,15.0,False,,False,True
8227.536,BOR,5,77.334,37.0,4.0,,,26.409,27.692,23.233,8178.218,8205.91,8229.143,273.0,274.0,308.0,296.0,False,HARD,3.0,True,Audi,8150.202,2026-08-23 14:22:32.979,1,13.0,False,,False,True
8304.604,BOR,5,77.068,38.0,4.0,,,26.467,27.625,22.976,8255.61,8283.235,8306.211,274.0,289.0,302.0,291.0,True,HARD,4.0,True,Audi,8227.536,2026-08-23 14:23:50.313,1,13.0,False,,False,True
8382.081,BOR,5,77.477,39.0,4.0,,,26.571,27.707,23.199,8332.782,8360.489,8383.688,273.0,273.0,308.0,277.0,False,HARD,5.0,True,Audi,8304.604,2026-08-23 14:25:07.381,1,13.0,False,,False,True
8462.629,BOR,5,80.548,40.0,4.0,,,26.825,30.248,23.475,8410.513,8440.761,8464.236,243.0,280.0,322.0,293.0,False,HARD,6.0,True,Audi,8382.081,2026-08-23 14:26:24.858,1,13.0,False,,False,True
8540.357,BOR,5,77.728,41.0,4.0,,,26.508,28.027,23.193,8490.744,8518.771,8541.964,279.0,280.0,314.0,294.0,False,HARD,7.0,True,Audi,8462.629,2026-08-23 14:27:45.406,1,13.0,False,,False,True
8617.797,BOR,5,77.44,42.0,4.0,,,26.369,27.891,23.18,8568.333,8596.224,8619.404,276.0,278.0,340.0,296.0,False,HARD,8.0,True,Audi,8540.357,2026-08-23 14:29:03.134,1,13.0,False,,False,True
8697.766,BOR,5,79.969,43.0,4.0,,,26.656,29.866,23.447,8646.06,8675.926,8699.373,286.0,282.0,309.0,288.0,False,HARD,9.0,True,Audi,8617.797,2026-08-23 14:30:20.574,1,13.0,False,,False,True
8775.964,BOR,5,78.198,44.0,4.0,,,26.597,28.404,23.197,8725.97,8754.374,8777.571,278.0,282.0,339.0,295.0,False,HARD,10.0,True,Audi,8697.766,2026-08-23 14:31:40.543,1,13.0,False,,False,True
8853.669,BOR,5,77.705,45.0,4.0,,,26.273,27.942,23.49,8803.844,8831.786,8855.276,273.0,275.0,279.0,317.0,False,HARD,11.0,True,Audi,8775.964,2026-08-23 14:32:58.741,1,12.0,False,,False,True
8932.146,BOR,5,78.477,46.0,4.0,,,27.332,27.978,23.167,8882.608,8910.586,8933.753,275.0,275.0,319.0,246.0,False,HARD,12.0,True,Audi,8853.669,2026-08-23 14:34:16.446,1,12.0,False,,False,True
9009.802,BOR,5,77.656,47.0,4.0,,,26.547,27.981,23.128,8960.3,8988.281,9011.409,274.0,273.0,308.0,300.0,False,HARD,13.0,True,Audi,8932.146,2026-08-23 14:35:34.923,1,12.0,False,,False,True
9087.38,BOR,5,77.578,48.0,4.0,,,26.41,27.889,23.279,9037.819,9065.708,9088.987,275.0,275.0,310.0,290.0,False,HARD,14.0,True,Audi,9009.802,2026-08-23 14:36:52.579,1,12.0,False,,False,True
9164.816,BOR,5,77.436,49.0,4.0,,,26.463,27.799,23.174,9115.45,9143.249,9166.423,275.0,277.0,310.0,294.0,False,HARD,15.0,True,Audi,9087.38,2026-08-23 14:38:10.157,1,12.0,False,,False,True
9242.329,BOR,5,77.513,50.0,4.0,,,26.492,27.882,23.139,9192.915,9220.797,9243.936,274.0,275.0,311.0,292.0,False,HARD,16.0,True,Audi,9164.816,2026-08-23 14:39:27.593,1,12.0,False,,False,True
9321.379,BOR,5,79.05,51.0,4.0,,,26.381,28.703,23.966,9270.317,9299.02,9322.986,276.0,192.0,319.0,293.0,False,HARD,17.0,True,Audi,9242.329,2026-08-23 14:40:45.106,1,12.0,False,,False,True
9398.774,BOR,5,77.395,52.0,4.0,,,26.372,27.96,23.063,9349.358,9377.318,9400.381,276.0,274.0,307.0,298.0,False,HARD,18.0,True,Audi,9321.379,2026-08-23 14:42:04.156,1,12.0,False,,False,True
9480.367,BOR,5,81.593,53.0,4.0,,9480.786,26.385,28.144,27.064,9426.766,9454.91,9481.974,276.0,276.0,,294.0,False,HARD,19.0,True,Audi,9398.774,2026-08-23 14:43:21.551,126,12.0,False,,False,False
9599.822,BOR,5,119.455,54.0,5.0,9499.85,,51.996,36.523,30.936,9533.97,9570.493,9601.429,198.0,162.0,212.0,294.0,False,SOFT,4.0,False,Audi,9480.367,2026-08-23 14:44:43.144,6,13.0,False,,False,False
9703.267,BOR,5,103.445,55.0,5.0,,,36.274,36.332,30.839,9637.703,9674.035,9704.874,236.0,167.0,248.0,235.0,False,SOFT,5.0,False,Audi,9599.822,2026-08-23 14:46:42.599,6,13.0,False,,False,False
9785.149,BOR,5,81.882,56.0,5.0,,,32.397,26.87,22.615,9737.271,9764.141,9786.756,287.0,276.0,309.0,212.0,False,SOFT,6.0,False,Audi,9703.267,2026-08-23 14:48:26.044,671,13.0,False,,False,False
9860.664,BOR,5,75.515,57.0,5.0,,,25.849,26.924,22.742,9812.605,9839.529,9862.271,275.0,275.0,311.0,298.0,True,SOFT,7.0,False,Audi,9785.149,2026-08-23 14:49:47.926,1,13.0,False,,False,True
9936.712,BOR,5,76.048,58.0,5.0,,,25.852,27.39,22.806,9888.123,9915.513,9938.319,276.0,276.0,310.0,298.0,False,SOFT,8.0,False,Audi,9860.664,2026-08-23 14:51:03.441,1,13.0,False,,False,True
10013.103,BOR,5,76.391,59.0,5.0,,,26.066,27.495,22.83,9964.385,9991.88,10014.71,277.0,275.0,310.0,295.0,False,SOFT,9.0,False,Audi,9936.712,2026-08-23 14:52:19.489,1,13.0,False,,False,True
10088.958,BOR,5,75.855,60.0,5.0,,,25.74,27.331,22.784,10040.45,10067.781,10090.565,276.0,279.0,312.0,297.0,False,SOFT,10.0,False,Audi,10013.103,2026-08-23 14:53:35.880,1,13.0,False,,False,True
10165.306,BOR,5,76.348,61.0,5.0,,,26.053,27.432,22.863,10116.618,10144.05,10166.913,278.0,282.0,323.0,297.0,False,SOFT,11.0,False,Audi,10088.958,2026-08-23 14:54:51.735,1,13.0,False,,False,True
10242.037,BOR,5,76.731,62.0,5.0,,,25.933,27.923,22.875,10192.846,10220.769,10243.644,280.0,283.0,336.0,302.0,False,SOFT,12.0,False,Audi,10165.306,2026-08-23 14:56:08.083,1,13.0,False,,False,True
10319.104,BOR,5,77.067,63.0,5.0,,,26.475,27.708,22.884,10270.119,10297.827,10320.711,261.0,285.0,337.0,303.0,False,SOFT,13.0,False,Audi,10242.037,2026-08-23 14:57:24.814,1,13.0,False,,False,True
10396.987,BOR,5,77.883,64.0,5.0,,,26.838,27.93,23.115,10347.549,10375.479,10398.594,277.0,281.0,317.0,298.0,False,SOFT,14.0,False,Audi,10319.104,2026-08-23 14:58:41.881,1,13.0,False,,False,True
10474.43,BOR,5,77.443,65.0,5.0,,,26.284,28.123,23.036,10424.878,10453.001,10476.037,281.0,280.0,322.0,298.0,False,SOFT,15.0,False,Audi,10396.987,2026-08-23 14:59:59.764,1,13.0,False,,False,True
10551.949,BOR,5,77.519,66.0,5.0,,,26.303,28.133,23.083,10502.34,10530.473,10553.556,281.0,281.0,324.0,294.0,False,SOFT,16.0,False,Audi,10474.43,2026-08-23 15:01:17.207,1,13.0,False,,False,True
10629.547,BOR,5,77.598,67.0,5.0,,,26.358,28.295,22.945,10579.914,10608.209,10631.154,282.0,283.0,322.0,299.0,False,SOFT,17.0,False,Audi,10551.949,2026-08-23 15:02:34.726,1,13.0,False,,False,True
10723.501,BOR,5,93.954,68.0,5.0,,,26.383,37.42,30.151,10657.537,10694.957,10725.108,282.0,170.0,213.0,299.0,False,SOFT,18.0,False,Audi,10629.547,2026-08-23 15:03:52.324,167,13.0,False,,False,False
10801.412,BOR,5,77.911,69.0,5.0,,,27.126,27.705,23.08,10752.234,10779.939,10803.019,285.0,285.0,327.0,261.0,False,SOFT,19.0,False,Audi,10723.501,2026-08-23 15:05:26.278,1,13.0,False,,False,True
10878.296,BOR,5,76.884,70.0,5.0,,,26.133,27.978,22.773,10829.152,10857.13,10879.903,284.0,285.0,334.0,298.0,False,SOFT,20.0,False,Audi,10801.412,2026-08-23 15:06:44.189,1,13.0,False,,False,True
10955.548,BOR,5,77.252,71.0,5.0,,,26.136,28.045,23.071,10906.039,10934.084,10957.155,282.0,283.0,305.0,294.0,False,SOFT,21.0,False,Audi,10878.296,2026-08-23 15:08:01.073,1,13.0,False,,False,True
3504.083,SAI,55,97.966,1.0,1.0,,,,30.035,30.34,,3473.743,3504.094,262.0,260.0,275.0,184.0,False,SOFT,1.0,True,Williams,3405.791,2026-08-23 13:03:28.568,12,19.0,False,,False,False
3664.391,SAI,55,,2.0,1.0,,3661.348,39.136,45.754,75.425,3543.261,3588.973,3664.391,111.0,142.0,,258.0,False,SOFT,2.0,True,Williams,3504.083,2026-08-23 13:05:06.860,25,19.0,False,,False,False
5429.51,SAI,55,,3.0,2.0,5278.844,,,29.242,90.386,,5339.124,5429.549,246.0,236.0,66.0,258.0,False,SOFT,1.0,True,Williams,5177.312,2026-08-23 13:33:00.089,12,18.0,False,,False,False
5582.538,SAI,55,,4.0,2.0,,,41.986,29.529,81.63,5471.459,5501.103,5582.612,275.0,240.0,153.0,133.0,False,SOFT,2.0,True,Williams,5429.51,2026-08-23 13:37:12.287,1,19.0,False,,False,False
5668.458,SAI,55,85.92,5.0,2.0,,,30.935,29.863,25.122,5613.473,5643.336,5668.458,269.0,290.0,327.0,210.0,True,SOFT,3.0,True,Williams,5582.538,2026-08-23 13:39:45.315,12,20.0,False,,False,True
5748.906,SAI,55,80.448,6.0,2.0,,,27.653,28.992,23.803,5696.111,5725.103,5748.906,283.0,279.0,330.0,261.0,True,SOFT,4.0,True,Williams,5668.458,2026-08-23 13:41:11.235,1,19.0,False,,False,True
5828.967,SAI,55,80.061,7.0,2.0,,,27.421,28.746,23.894,5776.327,5805.073,5828.967,289.0,280.0,320.0,282.0,True,SOFT,5.0,True,Williams,5748.906,2026-08-23 13:42:31.683,1,19.0,False,,False,True
5908.482,SAI,55,79.515,8.0,2.0,,,27.107,28.764,23.644,5856.074,5884.838,5908.482,279.0,276.0,318.0,293.0,True,SOFT,6.0,True,Williams,5828.967,2026-08-23 13:43:51.744,1,18.0,False,,False,True
5987.677,SAI,55,79.195,9.0,2.0,,,26.912,28.806,23.477,5935.394,5964.2,5987.677,280.0,274.0,320.0,308.0,True,SOFT,7.0,True,Williams,5908.482,2026-08-23 13:45:11.259,1,16.0,False,,False,True
6066.901,SAI,55,79.224,10.0,2.0,,,26.693,28.977,23.554,6014.37,6043.347,6066.901,283.0,275.0,320.0,300.0,False,SOFT,8.0,True,Williams,5987.677,2026-08-23 13:46:30.454,1,16.0,False,,False,True
6146.09,SAI,55,79.189,11.0,2.0,,,26.757,28.888,23.544,6093.658,6122.546,6146.09,286.0,278.0,325.0,298.0,True,SOFT,9.0,True,Williams,6066.901,2026-08-23 13:47:49.678,1,16.0,False,,False,True
6225.74,SAI,55,79.65,12.0,2.0,,,26.781,28.906,23.963,6172.871,6201.777,6225.74,286.0,276.0,308.0,302.0,False,SOFT,10.0,True,Williams,6146.09,2026-08-23 13:49:08.867,1,15.0,False,,False,True
6305.196,SAI,55,79.456,13.0,2.0,,,26.921,28.953,23.582,6252.661,6281.614,6305.196,285.0,273.0,322.0,299.0,False,SOFT,11.0,True,Williams,6225.74,2026-08-23 13:50:28.517,1,15.0,False,,False,True
6384.752,SAI,55,79.556,14.0,2.0,,,26.747,29.155,23.654,6331.943,6361.098,6384.752,281.0,272.0,318.0,308.0,False,SOFT,12.0,True,Williams,6305.196,2026-08-23 13:51:47.973,1,15.0,False,,False,True
6464.288,SAI,55,79.536,15.0,2.0,,,26.738,29.079,23.719,6411.49,6440.569,6464.288,284.0,272.0,317.0,311.0,False,SOFT,13.0,True,Williams,6384.752,2026-08-23 13:53:07.529,1,15.0,False,,False,True
6543.626,SAI,55,79.338,16.0,2.0,,,26.667,29.08,23.591,6490.955,6520.035,6543.626,283.0,273.0,318.0,303.0,False,SOFT,14.0,True,Williams,6464.288,2026-08-23 13:54:27.065,1,14.0,False,,False,True
6622.853,SAI,55,79.227,17.0,2.0,,,26.582,29.068,23.577,6570.208,6599.276,6622.853,286.0,272.0,314.0,308.0,False,SOFT,15.0,True,Williams,6543.626,2026-08-23 13:55:46.403,1,13.0,False,,False,True
6702.371,SAI,55,79.518,18.0,2.0,,,26.718,29.159,23.641,6649.571,6678.73,6702.371,285.0,272.0,316.0,306.0,False,SOFT,16.0,True,Williams,6622.853,2026-08-23 13:57:05.630,1,13.0,False,,False,True
6781.787,SAI,55,79.416,19.0,2.0,,,26.692,29.084,23.64,6729.063,6758.147,6781.787,285.0,274.0,318.0,307.0,False,SOFT,17.0,True,Williams,6702.371,2026-08-23 13:58:25.148,1,11.0,False,,False,True
6861.107,SAI,55,79.32,20.0,2.0,,,26.741,29.04,23.539,6808.528,6837.568,6861.107,285.0,274.0,318.0,309.0,False,SOFT,18.0,True,Williams,6781.787,2026-08-23 13:59:44.564,1,10.0,False,,False,True
6940.645,SAI,55,79.538,21.0,2.0,,,26.659,29.209,23.67,6887.766,6916.975,6940.645,285.0,275.0,315.0,309.0,False,SOFT,19.0,True,Williams,6861.107,2026-08-23 14:01:03.884,1,10.0,False,,False,True
7020.026,SAI,55,79.381,22.0,2.0,,,26.632,29.083,23.666,6967.277,6996.36,7020.026,287.0,274.0,316.0,308.0,False,SOFT,20.0,True,Williams,6940.645,2026-08-23 14:02:23.422,1,11.0,False,,False,True
7099.713,SAI,55,79.687,23.0,2.0,,,26.643,29.347,23.697,7046.669,7076.016,7099.713,288.0,276.0,318.0,306.0,False,SOFT,21.0,True,Williams,7020.026,2026-08-23 14:03:42.803,1,12.0,False,,False,True
7179.429,SAI,55,79.716,24.0,2.0,,,26.762,29.158,23.796,7126.475,7155.633,7179.429,277.0,275.0,319.0,306.0,False,SOFT,22.0,True,Williams,7099.713,2026-08-23 14:05:02.490,1,12.0,False,,False,True
7259.056,SAI,55,79.627,25.0,2.0,,,26.69,29.231,23.706,7206.119,7235.35,7259.056,279.0,272.0,315.0,311.0,False,SOFT,23.0,True,Williams,7179.429,2026-08-23 14:06:22.206,1,13.0,False,,False,True
7339.036,SAI,55,79.98,26.0,2.0,,,26.931,29.283,23.766,7285.987,7315.27,7339.036,280.0,271.0,317.0,302.0,False,SOFT,24.0,True,Williams,7259.056,2026-08-23 14:07:41.833,1,13.0,False,,False,True
7418.715,SAI,55,79.679,27.0,2.0,,,26.726,29.237,23.716,7365.762,7394.999,7418.715,279.0,275.0,319.0,306.0,False,SOFT,25.0,True,Williams,7339.036,2026-08-23 14:09:01.813,1,11.0,False,,False,True
7498.658,SAI,55,79.943,28.0,2.0,,,26.818,29.232,23.893,7445.533,7474.765,7498.658,273.0,290.0,313.0,311.0,False,SOFT,26.0,True,Williams,7418.715,2026-08-23 14:10:21.492,1,11.0,False,,False,True
7579.364,SAI,55,80.706,29.0,2.0,,,27.678,29.282,23.746,7526.336,7555.618,7579.364,276.0,273.0,321.0,279.0,False,SOFT,27.0,True,Williams,7498.658,2026-08-23 14:11:41.435,1,11.0,False,,False,True
7663.068,SAI,55,83.704,30.0,2.0,,7662.082,27.52,29.516,26.668,7606.884,7636.4,7663.068,278.0,276.0,,304.0,False,SOFT,28.0,True,Williams,7579.364,2026-08-23 14:13:02.141,1,15.0,False,,False,False
7757.858,SAI,55,94.79,31.0,3.0,7679.802,,43.445,28.022,23.323,7706.513,7734.535,7757.858,279.0,273.0,309.0,304.0,False,HARD,1.0,True,Williams,7663.068,2026-08-23 14:14:25.845,1,17.0,False,,False,False
7837.467,SAI,55,79.609,32.0,3.0,,,26.63,28.129,24.85,7784.488,7812.617,7837.467,283.0,275.0,321.0,301.0,False,HARD,2.0,True,Williams,7757.858,2026-08-23 14:16:00.635,1,17.0,False,,False,True
7915.667,SAI,55,78.2,33.0,3.0,,,26.74,28.132,23.328,7864.207,7892.339,7915.667,292.0,279.0,320.0,298.0,True,HARD,3.0,True,Williams,7837.467,2026-08-23 14:17:20.244,1,17.0,False,,False,True
7995.907,SAI,55,80.24,34.0,3.0,,,28.351,28.354,23.535,7944.018,7972.372,7995.907,284.0,277.0,314.0,277.0,False,HARD,4.0,True,Williams,7915.667,2026-08-23 14:18:38.444,1,17.0,False,,False,True
8077.28,SAI,55,81.373,35.0,3.0,,,27.736,29.888,23.749,8023.643,8053.531,8077.28,292.0,281.0,315.0,219.0,False,HARD,5.0,True,Williams,7995.907,2026-08-23 14:19:58.684,1,18.0,False,,False,True
8155.68,SAI,55,78.4,36.0,3.0,,,26.476,28.492,23.432,8103.756,8132.248,8155.68,291.0,278.0,323.0,302.0,False,HARD,6.0,True,Williams,8077.28,2026-08-23 14:21:20.057,1,17.0,False,,False,True
8234.026,SAI,55,78.346,37.0,3.0,,,26.531,28.428,23.387,8182.211,8210.639,8234.026,283.0,276.0,320.0,310.0,False,HARD,7.0,True,Williams,8155.68,2026-08-23 14:22:38.457,1,16.0,False,,False,True
8312.51,SAI,55,78.484,38.0,3.0,,,26.529,28.622,23.333,8260.555,8289.177,8312.51,284.0,275.0,320.0,309.0,False,HARD,8.0,True,Williams,8234.026,2026-08-23 14:23:56.803,1,15.0,False,,False,True
8390.607,SAI,55,78.097,39.0,3.0,,,26.326,28.449,23.322,8338.836,8367.285,8390.607,286.0,275.0,321.0,312.0,True,HARD,9.0,True,Williams,8312.51,2026-08-23 14:25:15.287,1,14.0,False,,False,True
8468.838,SAI,55,78.231,40.0,3.0,,,26.399,28.496,23.336,8417.006,8445.502,8468.838,287.0,275.0,320.0,314.0,False,HARD,10.0,True,Williams,8390.607,2026-08-23 14:26:33.384,1,14.0,False,,False,True
8548.199,SAI,55,79.361,41.0,3.0,,,26.562,29.187,23.612,8495.4,8524.587,8548.199,288.0,278.0,323.0,310.0,False,HARD,11.0,True,Williams,8468.838,2026-08-23 14:27:51.615,1,15.0,False,,False,True
8626.62,SAI,55,78.421,42.0,3.0,,,26.674,28.544,23.203,8574.873,8603.417,8626.62,282.0,275.0,319.0,317.0,False,HARD,12.0,True,Williams,8548.199,2026-08-23 14:29:10.976,1,15.0,False,,False,True
8706.232,SAI,55,79.612,43.0,3.0,,,26.873,29.226,23.513,8653.493,8682.719,8706.232,279.0,280.0,321.0,305.0,False,HARD,13.0,True,Williams,8626.62,2026-08-23 14:30:29.397,1,16.0,False,,False,True
8785.99,SAI,55,79.758,44.0,3.0,,,27.502,28.896,23.36,8733.734,8762.63,8785.99,283.0,277.0,318.0,316.0,False,HARD,14.0,True,Williams,8706.232,2026-08-23 14:31:49.009,1,16.0,False,,False,True
8864.393,SAI,55,78.403,45.0,3.0,,,26.534,28.572,23.297,8812.524,8841.096,8864.393,291.0,278.0,321.0,312.0,False,HARD,15.0,True,Williams,8785.99,2026-08-23 14:33:08.767,1,16.0,False,,False,True
8943.277,SAI,55,78.884,46.0,3.0,,,26.586,28.644,23.654,8890.979,8919.623,8943.277,291.0,279.0,317.0,312.0,False,HARD,16.0,True,Williams,8864.393,2026-08-23 14:34:27.170,1,16.0,False,,False,True
9024.879,SAI,55,81.602,47.0,3.0,,,27.354,30.168,24.08,8970.631,9000.799,9024.879,291.0,278.0,319.0,266.0,False,HARD,17.0,True,Williams,8943.277,2026-08-23 14:35:46.054,1,16.0,True,TRACK LIMITS AT TURN 3 LAP 47 ,False,True
9103.824,SAI,55,78.945,48.0,3.0,,,26.747,28.726,23.472,9051.626,9080.352,9103.824,289.0,279.0,322.0,311.0,False,HARD,18.0,True,Williams,9024.879,2026-08-23 14:37:07.656,1,16.0,False,,False,True
9182.144,SAI,55,78.32,49.0,3.0,,,26.489,28.506,23.325,9130.313,9158.819,9182.144,288.0,279.0,319.0,315.0,False,HARD,19.0,True,Williams,9103.824,2026-08-23 14:38:26.601,1,16.0,False,,False,True
9260.673,SAI,55,78.529,50.0,3.0,,,26.57,28.625,23.334,9208.714,9237.339,9260.673,288.0,276.0,320.0,310.0,False,HARD,20.0,True,Williams,9182.144,2026-08-23 14:39:44.921,1,15.0,False,,False,True
9339.199,SAI,55,78.526,51.0,3.0,,,26.483,28.582,23.461,9287.156,9315.738,9339.199,290.0,277.0,320.0,311.0,False,HARD,21.0,True,Williams,9260.673,2026-08-23 14:41:03.450,1,15.0,False,,False,True
9417.517,SAI,55,78.318,52.0,3.0,,,26.494,28.43,23.394,9365.693,9394.123,9417.517,289.0,278.0,319.0,310.0,False,HARD,22.0,True,Williams,9339.199,2026-08-23 14:42:21.976,1,15.0,False,,False,True
9504.143,SAI,55,86.626,53.0,3.0,,,26.543,28.679,31.404,9444.06,9472.739,9504.143,289.0,276.0,223.0,312.0,False,HARD,23.0,True,Williams,9417.517,2026-08-23 14:43:40.294,126,14.0,False,,False,False
9608.392,SAI,55,104.249,54.0,3.0,,,37.074,36.72,30.455,9541.217,9577.937,9608.392,284.0,211.0,222.0,190.0,False,HARD,24.0,True,Williams,9504.143,2026-08-23 14:45:06.920,6,14.0,False,,False,False
9710.878,SAI,55,102.486,55.0,3.0,,,36.721,34.438,31.327,9645.113,9679.551,9710.878,270.0,204.0,238.0,250.0,False,HARD,25.0,True,Williams,9608.392,2026-08-23 14:46:51.169,6,14.0,False,,False,False
9793.744,SAI,55,82.866,56.0,3.0,,,31.485,28.067,23.314,9742.363,9770.43,9793.744,298.0,290.0,321.0,164.0,False,HARD,26.0,True,Williams,9710.878,2026-08-23 14:48:33.655,671,14.0,False,,False,False
9871.711,SAI,55,77.967,57.0,3.0,,,26.268,28.35,23.349,9820.012,9848.362,9871.711,294.0,279.0,320.0,317.0,True,HARD,27.0,True,Williams,9793.744,2026-08-23 14:49:56.521,1,14.0,False,,False,True
9949.956,SAI,55,78.245,58.0,3.0,,,26.466,28.427,23.352,9898.177,9926.604,9949.956,282.0,277.0,321.0,314.0,False,HARD,28.0,True,Williams,9871.711,2026-08-23 14:51:14.488,1,14.0,False,,False,True
10029.526,SAI,55,79.57,59.0,3.0,,,26.426,29.407,23.737,9976.382,10005.789,10029.526,282.0,285.0,328.0,317.0,False,HARD,29.0,True,Williams,9949.956,2026-08-23 14:52:32.733,1,15.0,False,,False,True
10107.929,SAI,55,78.403,60.0,3.0,,,26.439,28.64,23.324,10055.965,10084.605,10107.929,283.0,276.0,322.0,320.0,False,HARD,30.0,True,Williams,10029.526,2026-08-23 14:53:52.303,1,15.0,False,,False,True
10186.23,SAI,55,78.301,61.0,3.0,,,26.546,28.534,23.221,10134.475,10163.009,10186.23,291.0,282.0,321.0,313.0,False,HARD,31.0,True,Williams,10107.929,2026-08-23 14:55:10.706,1,16.0,False,,False,True
10264.66,SAI,55,78.43,62.0,3.0,,,26.444,28.563,23.423,10212.674,10241.237,10264.66,281.0,279.0,321.0,316.0,False,HARD,32.0,True,Williams,10186.23,2026-08-23 14:56:29.007,1,16.0,False,,False,True
10343.504,SAI,55,78.844,63.0,3.0,,,26.666,28.666,23.512,10291.326,10319.992,10343.504,285.0,277.0,320.0,312.0,False,HARD,33.0,True,Williams,10264.66,2026-08-23 14:57:47.437,1,16.0,False,,False,True
10423.236,SAI,55,79.732,64.0,3.0,,,26.752,29.344,23.636,10370.256,10399.6,10423.236,283.0,281.0,322.0,301.0,False,HARD,34.0,True,Williams,10343.504,2026-08-23 14:59:06.281,1,16.0,False,,False,True
10528.46,SAI,55,105.224,65.0,3.0,,10527.324,41.81,32.92,30.494,10465.046,10497.966,10528.46,155.0,236.0,,315.0,False,HARD,35.0,True,Williams,10423.236,2026-08-23 15:00:26.013,1,16.0,False,,False,False
10624.274,SAI,55,95.814,66.0,4.0,10545.388,,44.309,28.299,23.206,10572.769,10601.068,10624.274,285.0,287.0,322.0,315.0,False,SOFT,3.0,False,Williams,10528.46,2026-08-23 15:02:11.237,1,17.0,False,,False,False
10717.384,SAI,55,93.11,67.0,4.0,,,26.138,36.829,30.143,10650.412,10687.241,10717.384,292.0,208.0,290.0,310.0,False,SOFT,4.0,False,Williams,10624.274,2026-08-23 15:03:47.051,167,16.0,False,,False,False
10795.513,SAI,55,78.129,68.0,4.0,,,27.31,27.764,23.055,10744.694,10772.458,10795.513,301.0,293.0,324.0,243.0,False,SOFT,5.0,False,Williams,10717.384,2026-08-23 15:05:20.161,71,16.0,False,,False,False
10872.841,SAI,55,77.328,69.0,4.0,,,26.289,27.829,23.21,10821.802,10849.631,10872.841,291.0,280.0,325.0,298.0,True,SOFT,6.0,False,Williams,10795.513,2026-08-23 15:06:38.290,1,16.0,False,,False,True
10951.148,SAI,55,78.307,70.0,4.0,,,26.403,28.257,23.647,10899.244,10927.501,10951.148,296.0,281.0,312.0,304.0,False,SOFT,7.0,False,Williams,10872.841,2026-08-23 15:07:55.618,1,16.0,False,,False,True
3490.459,RUS,63,85.937,1.0,1.0,,,,27.717,25.891,,3466.271,3492.096,284.0,278.0,318.0,212.0,False,MEDIUM,1.0,True,Mercedes,3405.791,2026-08-23 13:03:28.568,1,3.0,False,,False,False
3616.695,RUS,63,126.236,2.0,1.0,,3615.872,26.817,40.909,58.51,3518.899,3559.808,3618.318,285.0,136.0,,262.0,False,MEDIUM,2.0,True,Mercedes,3490.459,2026-08-23 13:04:53.236,125,3.0,False,,False,False
5319.132,RUS,63,,3.0,2.0,5189.569,,,35.135,62.378,,5258.448,5320.755,251.0,224.0,51.0,262.0,False,MEDIUM,3.0,False,Mercedes,5177.312,2026-08-23 13:33:00.089,1,3.0,False,,False,False
5518.339,RUS,63,,4.0,2.0,,,,28.967,57.762,,5462.356,5520.258,242.0,246.0,54.0,147.0,False,MEDIUM,4.0,False,Mercedes,5319.132,2026-08-23 13:35:21.909,12,3.0,False,,False,False
5660.148,RUS,63,141.809,5.0,2.0,,,89.781,28.59,23.438,5609.743,5638.333,5661.771,264.0,265.0,328.0,220.0,True,MEDIUM,5.0,False,Mercedes,5518.339,2026-08-23 13:38:41.116,12,4.0,False,,False,True
5738.106,RUS,63,77.958,6.0,2.0,,,26.774,27.981,23.203,5688.545,5716.526,5739.729,285.0,266.0,332.0,282.0,True,MEDIUM,6.0,False,Mercedes,5660.148,2026-08-23 13:41:02.925,1,4.0,False,,False,True
5815.65,RUS,63,77.544,7.0,2.0,,,26.498,27.877,23.169,5766.227,5794.104,5817.273,278.0,275.0,325.0,289.0,True,MEDIUM,7.0,False,Mercedes,5738.106,2026-08-23 13:42:20.883,1,4.0,False,,False,True
5892.964,RUS,63,77.314,8.0,2.0,,,26.277,27.94,23.097,5843.55,5871.49,5894.587,277.0,271.0,324.0,299.0,True,MEDIUM,8.0,False,Mercedes,5815.65,2026-08-23 13:43:38.427,1,4.0,False,,False,True
5969.945,RUS,63,76.981,9.0,2.0,,,26.033,27.832,23.116,5920.62,5948.452,5971.568,281.0,274.0,324.0,308.0,True,MEDIUM,9.0,False,Mercedes,5892.964,2026-08-23 13:44:55.741,1,4.0,False,,False,True
6047.294,RUS,63,77.349,10.0,2.0,,,26.125,28.121,23.103,5997.693,6025.814,6048.917,278.0,269.0,324.0,312.0,False,MEDIUM,10.0,False,Mercedes,5969.945,2026-08-23 13:46:12.722,1,4.0,False,,False,True
6124.828,RUS,63,77.534,11.0,2.0,,,26.175,28.261,23.098,6075.092,6103.353,6126.451,276.0,270.0,324.0,309.0,False,MEDIUM,11.0,False,Mercedes,6047.294,2026-08-23 13:47:30.071,1,4.0,False,,False,True
6202.117,RUS,63,77.289,12.0,2.0,,,26.128,28.076,23.085,6152.579,6180.655,6203.74,278.0,269.0,324.0,311.0,False,MEDIUM,12.0,False,Mercedes,6124.828,2026-08-23 13:48:47.605,1,4.0,False,,False,True
6279.539,RUS,63,77.422,13.0,2.0,,,26.092,28.184,23.146,6229.832,6258.016,6281.162,279.0,272.0,323.0,313.0,False,MEDIUM,13.0,False,Mercedes,6202.117,2026-08-23 13:50:04.894,1,4.0,False,,False,True
6357.16,RUS,63,77.621,14.0,2.0,,,26.05,28.417,23.154,6307.212,6335.629,6358.783,278.0,270.0,323.0,316.0,False,MEDIUM,14.0,False,Mercedes,6279.539,2026-08-23 13:51:22.316,1,4.0,False,,False,True
6434.952,RUS,63,77.792,15.0,2.0,,,26.086,28.426,23.28,6384.869,6413.295,6436.575,279.0,270.0,322.0,310.0,False,MEDIUM,15.0,False,Mercedes,6357.16,2026-08-23 13:52:39.937,1,4.0,False,,False,True
6512.608,RUS,63,77.656,16.0,2.0,,,26.127,28.346,23.183,6462.702,6491.048,6514.231,280.0,272.0,322.0,311.0,False,MEDIUM,16.0,False,Mercedes,6434.952,2026-08-23 13:53:57.729,1,4.0,False,,False,True
6592.743,RUS,63,80.135,17.0,2.0,,6593.121,26.208,28.156,25.771,6540.439,6568.595,6594.366,277.0,274.0,,314.0,False,MEDIUM,17.0,False,Mercedes,6512.608,2026-08-23 13:55:15.385,1,6.0,False,,False,False
6686.415,RUS,63,93.672,18.0,3.0,6611.221,,42.558,27.89,23.224,6636.924,6664.814,6688.038,289.0,278.0,324.0,314.0,False,HARD,1.0,True,Mercedes,6592.743,2026-08-23 13:56:35.520,1,7.0,False,,False,False
6762.597,RUS,63,76.182,19.0,3.0,,,25.785,27.463,22.934,6713.823,6741.286,6764.22,274.0,269.0,321.0,312.0,True,HARD,2.0,True,Mercedes,6686.415,2026-08-23 13:58:09.192,1,6.0,False,,False,True
6839.166,RUS,63,76.569,20.0,3.0,,,25.907,27.726,22.936,6790.127,6817.853,6840.789,281.0,275.0,321.0,310.0,False,HARD,3.0,True,Mercedes,6762.597,2026-08-23 13:59:25.374,1,6.0,False,,False,True
6915.711,RUS,63,76.545,21.0,3.0,,,25.822,27.862,22.861,6866.611,6894.473,6917.334,280.0,275.0,320.0,307.0,False,HARD,4.0,True,Mercedes,6839.166,2026-08-23 14:00:41.943,1,5.0,False,,False,True
6992.128,RUS,63,76.417,22.0,3.0,,,25.922,27.667,22.828,6943.256,6970.923,6993.751,281.0,274.0,322.0,309.0,False,HARD,5.0,True,Mercedes,6915.711,2026-08-23 14:01:58.488,1,4.0,False,,False,True
7068.423,RUS,63,76.295,23.0,3.0,,,25.779,27.721,22.795,7019.53,7047.251,7070.046,279.0,275.0,322.0,312.0,False,HARD,6.0,True,Mercedes,6992.128,2026-08-23 14:03:14.905,1,4.0,False,,False,True
7145.038,RUS,63,76.615,24.0,3.0,,,25.8,27.875,22.94,7095.846,7123.721,7146.661,280.0,272.0,322.0,310.0,False,HARD,7.0,True,Mercedes,7068.423,2026-08-23 14:04:31.200,1,4.0,False,,False,True
7221.701,RUS,63,76.663,25.0,3.0,,,25.946,27.786,22.931,7172.607,7200.393,7223.324,279.0,272.0,321.0,312.0,False,HARD,8.0,True,Mercedes,7145.038,2026-08-23 14:05:47.815,1,4.0,False,,False,True
7298.39,RUS,63,76.689,26.0,3.0,,,25.913,27.893,22.883,7249.237,7277.13,7300.013,279.0,275.0,321.0,313.0,False,HARD,9.0,True,Mercedes,7221.701,2026-08-23 14:07:04.478,1,3.0,False,,False,True
7374.907,RUS,63,76.517,27.0,3.0,,,25.826,27.87,22.821,7325.839,7353.709,7376.53,280.0,273.0,321.0,314.0,False,HARD,10.0,True,Mercedes,7298.39,2026-08-23 14:08:21.167,1,3.0,False,,False,True
7451.61,RUS,63,76.703,28.0,3.0,,,25.928,27.876,22.899,7402.458,7430.334,7453.233,278.0,271.0,321.0,312.0,False,HARD,11.0,True,Mercedes,7374.907,2026-08-23 14:09:37.684,1,3.0,False,,False,True
7528.209,RUS,63,76.599,29.0,3.0,,,25.899,27.804,22.896,7479.132,7506.936,7529.832,279.0,273.0,321.0,315.0,False,HARD,12.0,True,Mercedes,7451.61,2026-08-23 14:10:54.387,1,3.0,False,,False,True
7604.804,RUS,63,76.595,30.0,3.0,,,25.842,27.743,23.01,7555.674,7583.417,7606.427,279.0,275.0,323.0,313.0,False,HARD,13.0,True,Mercedes,7528.209,2026-08-23 14:12:10.986,1,3.0,False,,False,True
7681.334,RUS,63,76.53,31.0,3.0,,,25.895,27.846,22.789,7632.322,7660.168,7682.957,280.0,275.0,323.0,311.0,False,HARD,14.0,True,Mercedes,7604.804,2026-08-23 14:13:27.581,1,3.0,False,,False,True
7758.292,RUS,63,76.958,32.0,3.0,,,25.853,27.948,23.157,7708.81,7736.758,7759.915,280.0,277.0,329.0,318.0,False,HARD,15.0,True,Mercedes,7681.334,2026-08-23 14:14:44.111,1,3.0,False,,False,True
7835.133,RUS,63,76.841,33.0,3.0,,,26.015,27.901,22.925,7785.93,7813.831,7836.756,285.0,276.0,321.0,312.0,False,HARD,16.0,True,Mercedes,7758.292,2026-08-23 14:16:01.069,1,3.0,False,,False,True
7911.99,RUS,63,76.857,34.0,3.0,,,25.899,27.83,23.128,7862.655,7890.485,7913.613,283.0,274.0,321.0,313.0,False,HARD,17.0,True,Mercedes,7835.133,2026-08-23 14:17:17.910,1,3.0,False,,False,True
7988.934,RUS,63,76.944,35.0,3.0,,,25.937,27.926,23.081,7939.55,7967.476,7990.557,281.0,274.0,324.0,311.0,False,HARD,18.0,True,Mercedes,7911.99,2026-08-23 14:18:34.767,1,3.0,False,,False,True
8066.11,RUS,63,77.176,36.0,3.0,,,25.995,27.964,23.217,8016.552,8044.516,8067.733,283.0,278.0,327.0,314.0,False,HARD,19.0,True,Mercedes,7988.934,2026-08-23 14:19:51.711,1,3.0,False,,False,True
8143.028,RUS,63,76.918,37.0,3.0,,,26.021,27.805,23.092,8093.754,8121.559,8144.651,283.0,276.0,322.0,306.0,False,HARD,20.0,True,Mercedes,8066.11,2026-08-23 14:21:08.887,1,3.0,False,,False,True
8219.79,RUS,63,76.762,38.0,3.0,,,25.924,27.843,22.995,8170.575,8198.418,8221.413,284.0,278.0,323.0,314.0,False,HARD,21.0,True,Mercedes,8143.028,2026-08-23 14:22:25.805,1,3.0,False,,False,True
8297.192,RUS,63,77.402,39.0,3.0,,,26.148,28.174,23.08,8247.561,8275.735,8298.815,283.0,277.0,323.0,305.0,False,HARD,22.0,True,Mercedes,8219.79,2026-08-23 14:23:42.567,1,3.0,False,,False,True
8376.685,RUS,63,79.493,40.0,3.0,,8377.092,25.918,27.892,25.683,8324.733,8352.625,8378.308,281.0,277.0,,315.0,False,HARD,23.0,True,Mercedes,8297.192,2026-08-23 14:24:59.969,1,5.0,False,,False,False
8468.792,RUS,63,92.107,41.0,4.0,8394.548,,42.112,27.248,22.747,8420.42,8447.668,8470.415,285.0,281.0,324.0,315.0,False,HARD,1.0,True,Mercedes,8376.685,2026-08-23 14:26:19.462,1,6.0,False,,False,False
8544.616,RUS,63,75.824,42.0,4.0,,,25.763,27.477,22.584,8496.178,8523.655,8546.239,280.0,272.0,322.0,312.0,True,HARD,2.0,True,Mercedes,8468.792,2026-08-23 14:27:51.569,1,6.0,False,,False,True
8620.031,RUS,63,75.415,43.0,4.0,,,25.627,27.152,22.636,8571.866,8599.018,8621.654,279.0,279.0,324.0,313.0,True,HARD,3.0,True,Mercedes,8544.616,2026-08-23 14:29:07.393,1,6.0,False,,False,True
8696.728,RUS,63,76.697,44.0,4.0,,,25.686,28.039,22.972,8647.34,8675.379,8698.351,281.0,281.0,331.0,310.0,False,HARD,4.0,True,Mercedes,8620.031,2026-08-23 14:30:22.808,1,4.0,False,,False,True
8772.675,RUS,63,75.947,45.0,4.0,,,25.979,27.282,22.686,8724.33,8751.612,8774.298,283.0,276.0,320.0,300.0,False,HARD,5.0,True,Mercedes,8696.728,2026-08-23 14:31:39.505,1,4.0,False,,False,True
8848.068,RUS,63,75.393,46.0,4.0,,,25.548,27.238,22.607,8799.846,8827.084,8849.691,282.0,278.0,321.0,314.0,True,HARD,6.0,True,Mercedes,8772.675,2026-08-23 14:32:55.452,1,4.0,False,,False,True
8923.651,RUS,63,75.583,47.0,4.0,,,25.62,27.291,22.672,8875.311,8902.602,8925.274,282.0,275.0,320.0,315.0,False,HARD,7.0,True,Mercedes,8848.068,2026-08-23 14:34:10.845,1,4.0,False,,False,True
8999.476,RUS,63,75.825,48.0,4.0,,,25.702,27.385,22.738,8950.976,8978.361,9001.099,290.0,274.0,318.0,309.0,False,HARD,8.0,True,Mercedes,8923.651,2026-08-23 14:35:26.428,1,4.0,False,,False,True
9075.009,RUS,63,75.533,49.0,4.0,,,25.564,27.278,22.691,9026.663,9053.941,9076.632,286.0,277.0,322.0,304.0,False,HARD,9.0,True,Mercedes,8999.476,2026-08-23 14:36:42.253,1,4.0,False,,False,True
9150.58,RUS,63,75.571,50.0,4.0,,,25.507,27.416,22.648,9102.139,9129.555,9152.203,287.0,279.0,333.0,310.0,False,HARD,10.0,True,Mercedes,9075.009,2026-08-23 14:37:57.786,1,4.0,False,,False,True
9226.203,RUS,63,75.623,51.0,4.0,,,25.75,27.273,22.6,9177.953,9205.226,9227.826,293.0,283.0,323.0,300.0,False,HARD,11.0,True,Mercedes,9150.58,2026-08-23 14:39:13.357,1,4.0,False,,False,True
9301.865,RUS,63,75.662,52.0,4.0,,,25.63,27.416,22.616,9253.456,9280.872,9303.488,289.0,278.0,320.0,305.0,False,HARD,12.0,True,Mercedes,9226.203,2026-08-23 14:40:28.980,1,4.0,False,,False,True
9377.411,RUS,63,75.546,53.0,4.0,,,25.637,27.229,22.68,9329.125,9356.354,9379.034,287.0,278.0,321.0,304.0,False,HARD,13.0,True,Mercedes,9301.865,2026-08-23 14:41:44.642,1,4.0,False,,False,True
9453.065,RUS,63,75.654,54.0,4.0,,,25.599,27.308,22.747,9404.633,9431.941,9454.688,286.0,276.0,320.0,308.0,False,HARD,14.0,True,Mercedes,9377.411,2026-08-23 14:43:00.188,12,4.0,False,,False,True
9552.418,RUS,63,99.353,55.0,4.0,,,31.399,35.749,32.205,9486.087,9521.836,9554.041,224.0,180.0,235.0,301.0,False,HARD,15.0,True,Mercedes,9453.065,2026-08-23 14:44:15.842,26,4.0,False,,False,False
9656.45,RUS,63,104.032,56.0,4.0,,,35.96,36.123,31.949,9590.001,9626.124,9658.073,240.0,223.0,242.0,209.0,False,HARD,16.0,True,Mercedes,9552.418,2026-08-23 14:45:55.195,6,3.0,False,,False,False
9750.621,RUS,63,94.171,57.0,4.0,,,35.924,34.454,23.793,9693.997,9728.451,9752.244,243.0,255.0,322.0,251.0,False,HARD,17.0,True,Mercedes,9656.45,2026-08-23 14:47:39.227,671,2.0,False,,False,False
9826.202,RUS,63,75.581,58.0,4.0,,,25.755,27.21,22.616,9777.999,9805.209,9827.825,284.0,278.0,318.0,309.0,False,HARD,18.0,True,Mercedes,9750.621,2026-08-23 14:49:13.398,1,2.0,False,,False,True
9901.676,RUS,63,75.474,59.0,4.0,,,25.58,27.299,22.595,9853.405,9880.704,9903.299,287.0,276.0,318.0,306.0,False,HARD,19.0,True,Mercedes,9826.202,2026-08-23 14:50:28.979,1,2.0,False,,False,True
9977.095,RUS,63,75.419,60.0,4.0,,,25.605,27.246,22.568,9928.904,9956.15,9978.718,286.0,277.0,321.0,304.0,False,HARD,20.0,True,Mercedes,9901.676,2026-08-23 14:51:44.453,1,2.0,False,,False,True
10052.531,RUS,63,75.436,61.0,4.0,,,25.492,27.245,22.699,10004.21,10031.455,10054.154,285.0,278.0,319.0,305.0,False,HARD,21.0,True,Mercedes,9977.095,2026-08-23 14:52:59.872,1,2.0,False,,False,True
10128.015,RUS,63,75.484,62.0,4.0,,,25.641,27.283,22.56,10079.795,10107.078,10129.638,286.0,278.0,319.0,300.0,False,HARD,22.0,True,Mercedes,10052.531,2026-08-23 14:54:15.308,1,2.0,False,,False,True
10203.648,RUS,63,75.633,63.0,4.0,,,25.622,27.434,22.577,10155.26,10182.694,10205.271,285.0,278.0,321.0,302.0,False,HARD,23.0,True,Mercedes,10128.015,2026-08-23 14:55:30.792,1,2.0,False,,False,True
10279.313,RUS,63,75.665,64.0,4.0,,,25.691,27.329,22.645,10230.962,10258.291,10280.936,283.0,278.0,321.0,308.0,False,HARD,24.0,True,Mercedes,10203.648,2026-08-23 14:56:46.425,1,2.0,False,,False,True
10354.774,RUS,63,75.461,65.0,4.0,,,25.54,27.205,22.716,10306.476,10333.681,10356.397,285.0,278.0,321.0,311.0,False,HARD,25.0,True,Mercedes,10279.313,2026-08-23 14:58:02.090,1,2.0,False,,False,True
10432.356,RUS,63,77.582,66.0,4.0,,,27.086,27.666,22.83,10383.483,10411.149,10433.979,287.0,275.0,325.0,235.0,False,HARD,26.0,True,Mercedes,10354.774,2026-08-23 14:59:17.551,1,3.0,False,,False,True
10508.753,RUS,63,76.397,67.0,4.0,,,25.902,27.682,22.813,10459.881,10487.563,10510.376,282.0,279.0,323.0,318.0,False,HARD,27.0,True,Mercedes,10432.356,2026-08-23 15:00:35.133,1,3.0,False,,False,True
10584.752,RUS,63,75.999,68.0,4.0,,,25.772,27.469,22.758,10536.148,10563.617,10586.375,281.0,279.0,323.0,317.0,False,HARD,28.0,True,Mercedes,10508.753,2026-08-23 15:01:51.530,1,3.0,False,,False,True
10661.828,RUS,63,77.076,69.0,4.0,,,25.704,27.632,23.74,10612.079,10639.711,10663.451,280.0,287.0,166.0,310.0,False,HARD,29.0,True,Mercedes,10584.752,2026-08-23 15:03:07.529,16,3.0,False,,False,False
10753.869,RUS,63,92.041,70.0,4.0,,,38.148,31.182,22.711,10701.599,10732.781,10755.492,201.0,288.0,322.0,187.0,False,HARD,30.0,True,Mercedes,10661.828,2026-08-23 15:04:24.605,671,3.0,False,,False,False
10829.441,RUS,63,75.572,71.0,4.0,,,25.678,27.235,22.659,10781.17,10808.405,10831.064,282.0,289.0,322.0,320.0,False,HARD,31.0,True,Mercedes,10753.869,2026-08-23 15:05:56.646,1,3.0,False,,False,True
10905.219,RUS,63,75.778,72.0,4.0,,,25.719,27.301,22.758,10856.783,10884.084,10906.842,287.0,284.0,312.0,322.0,False,HARD,32.0,True,Mercedes,10829.441,2026-08-23 15:07:12.218,1,3.0,False,,False,True
3505.577,BOT,77,101.015,1.0,1.0,,,,30.198,32.647,,3474.508,3507.152,260.0,265.0,248.0,200.0,False,HARD,1.0,True,Cadillac,3405.791,2026-08-23 13:03:28.568,12,20.0,False,,False,False
3674.003,BOT,77,,2.0,1.0,,3669.252,42.734,45.911,79.806,3549.933,3595.772,3675.957,104.0,132.0,,234.0,False,HARD,2.0,True,Cadillac,3505.577,2026-08-23 13:05:08.354,25,21.0,False,,False,False
5427.192,BOT,77,,3.0,2.0,5281.313,,,31.352,85.798,,5343.045,5428.767,257.0,158.0,56.0,234.0,False,HARD,1.0,True,Cadillac,5177.312,2026-08-23 13:33:00.089,12,17.0,False,,False,False
5581.213,BOT,77,,4.0,2.0,,,44.168,30.644,79.327,5472.928,5503.556,5582.977,255.0,171.0,158.0,96.0,False,HARD,2.0,True,Cadillac,5427.192,2026-08-23 13:37:09.969,1,17.0,False,,False,False
5667.173,BOT,77,85.96,5.0,2.0,,,31.032,30.127,24.801,5613.82,5643.947,5668.748,266.0,283.0,327.0,213.0,True,HARD,3.0,True,Cadillac,5581.213,2026-08-23 13:39:43.990,12,18.0,False,,False,True
5747.959,BOT,77,80.786,6.0,2.0,,,27.77,29.034,23.982,5696.518,5725.552,5749.534,285.0,277.0,332.0,252.0,True,HARD,4.0,True,Cadillac,5667.173,2026-08-23 13:41:09.950,1,17.0,False,,False,True
5828.052,BOT,77,80.093,7.0,2.0,,,27.507,28.922,23.664,5777.041,5805.963,5829.627,280.0,272.0,331.0,274.0,True,HARD,5.0,True,Cadillac,5747.959,2026-08-23 13:42:30.736,1,17.0,False,,False,True
5907.954,BOT,77,79.902,8.0,2.0,,,27.247,28.956,23.699,5856.874,5885.83,5909.529,282.0,265.0,327.0,280.0,True,HARD,6.0,True,Cadillac,5828.052,2026-08-23 13:43:50.829,1,17.0,False,,False,True
5987.698,BOT,77,79.744,9.0,2.0,,,27.068,29.004,23.672,5936.597,5965.601,5989.273,279.0,262.0,317.0,286.0,True,HARD,7.0,True,Cadillac,5907.954,2026-08-23 13:45:10.731,1,17.0,False,,False,True
6067.471,BOT,77,79.773,10.0,2.0,,,27.085,28.984,23.704,6016.358,6045.342,6069.046,279.0,269.0,317.0,295.0,False,HARD,8.0,True,Cadillac,5987.698,2026-08-23 13:46:30.475,1,17.0,False,,False,True
6147.188,BOT,77,79.717,11.0,2.0,,,27.146,28.948,23.623,6096.192,6125.14,6148.763,281.0,265.0,314.0,289.0,True,HARD,9.0,True,Cadillac,6067.471,2026-08-23 13:47:50.248,1,17.0,False,,False,True
6226.89,BOT,77,79.702,12.0,2.0,,,27.063,29.001,23.638,6175.826,6204.827,6228.465,281.0,263.0,314.0,291.0,True,HARD,10.0,True,Cadillac,6147.188,2026-08-23 13:49:09.965,1,16.0,False,,False,True
6306.759,BOT,77,79.869,13.0,2.0,,,27.058,29.123,23.688,6255.523,6284.646,6308.334,278.0,263.0,311.0,293.0,False,HARD,11.0,True,Cadillac,6226.89,2026-08-23 13:50:29.667,1,16.0,False,,False,True
6387.097,BOT,77,80.338,14.0,2.0,,,27.121,29.297,23.92,6335.455,6364.752,6388.672,281.0,263.0,315.0,291.0,False,HARD,12.0,True,Cadillac,6306.759,2026-08-23 13:51:49.536,1,16.0,False,,False,True
6468.549,BOT,77,81.452,15.0,2.0,,,27.954,29.447,24.051,6416.626,6446.073,6470.124,276.0,260.0,310.0,302.0,False,HARD,13.0,True,Cadillac,6387.097,2026-08-23 13:53:09.874,1,17.0,False,,False,True
6548.947,BOT,77,80.398,16.0,2.0,,,27.157,29.258,23.983,6497.281,6526.539,6550.522,274.0,259.0,311.0,295.0,False,HARD,14.0,True,Cadillac,6468.549,2026-08-23 13:54:31.326,1,16.0,False,,False,True
6629.153,BOT,77,80.206,17.0,2.0,,,27.089,29.179,23.938,6577.611,6606.79,6630.728,278.0,261.0,310.0,294.0,False,HARD,15.0,True,Cadillac,6548.947,2026-08-23 13:55:51.724,1,15.0,False,,False,True
6710.017,BOT,77,80.864,18.0,2.0,,,27.218,29.424,24.222,6657.946,6687.37,6711.592,279.0,266.0,312.0,297.0,False,HARD,16.0,True,Cadillac,6629.153,2026-08-23 13:57:11.930,1,15.0,False,,False,True
6791.166,BOT,77,81.149,19.0,2.0,,,27.806,29.406,23.937,6739.398,6768.804,6792.741,280.0,266.0,313.0,248.0,False,HARD,17.0,True,Cadillac,6710.017,2026-08-23 13:58:32.794,1,16.0,False,,False,True
6871.395,BOT,77,80.229,20.0,2.0,,,27.079,29.298,23.852,6819.82,6849.118,6872.97,279.0,266.0,313.0,293.0,False,HARD,18.0,True,Cadillac,6791.166,2026-08-23 13:59:53.943,1,16.0,False,,False,True
6951.488,BOT,77,80.093,21.0,2.0,,,26.974,29.352,23.767,6899.944,6929.296,6953.063,278.0,264.0,312.0,295.0,False,HARD,19.0,True,Cadillac,6871.395,2026-08-23 14:01:14.172,1,16.0,False,,False,True
7031.854,BOT,77,80.366,22.0,2.0,,,27.115,29.398,23.853,6980.178,7009.576,7033.429,278.0,261.0,311.0,286.0,False,HARD,20.0,True,Cadillac,6951.488,2026-08-23 14:02:34.265,1,16.0,False,,False,True
7112.256,BOT,77,80.402,23.0,2.0,,,27.122,29.356,23.924,7060.551,7089.907,7113.831,279.0,261.0,310.0,287.0,False,HARD,21.0,True,Cadillac,7031.854,2026-08-23 14:03:54.631,1,16.0,False,,False,True
7192.465,BOT,77,80.209,24.0,2.0,,,27.16,29.081,23.968,7140.991,7170.072,7194.04,281.0,263.0,311.0,288.0,False,HARD,22.0,True,Cadillac,7112.256,2026-08-23 14:05:15.033,1,16.0,False,,False,True
7273.265,BOT,77,80.8,25.0,2.0,,,26.941,29.363,24.496,7220.981,7250.344,7274.84,278.0,262.0,322.0,296.0,False,HARD,23.0,True,Cadillac,7192.465,2026-08-23 14:06:35.242,1,17.0,False,,False,True
7354.314,BOT,77,81.049,26.0,2.0,,,27.116,29.335,24.598,7301.956,7331.291,7355.889,282.0,268.0,327.0,297.0,False,HARD,24.0,True,Cadillac,7273.265,2026-08-23 14:07:56.042,1,18.0,False,,False,True
7434.852,BOT,77,80.538,27.0,2.0,,,27.119,29.439,23.98,7383.008,7412.447,7436.427,283.0,265.0,315.0,288.0,False,HARD,25.0,True,Cadillac,7354.314,2026-08-23 14:09:17.091,1,18.0,False,,False,True
7518.886,BOT,77,84.034,28.0,2.0,,7519.372,27.23,29.34,27.464,7463.657,7492.997,7520.461,278.0,262.0,,293.0,False,HARD,26.0,True,Cadillac,7434.852,2026-08-23 14:10:37.629,1,19.0,False,,False,False
7617.105,BOT,77,98.219,29.0,3.0,7539.349,,46.071,28.455,23.693,7566.532,7594.987,7618.68,279.0,268.0,313.0,293.0,False,HARD,3.0,False,Cadillac,7518.886,2026-08-23 14:12:01.663,1,20.0,False,,False,False
7696.471,BOT,77,79.366,30.0,3.0,,,27.314,28.475,23.577,7645.994,7674.469,7698.046,282.0,281.0,317.0,291.0,True,HARD,4.0,False,Cadillac,7617.105,2026-08-23 14:13:39.882,1,20.0,False,,False,True
7775.259,BOT,77,78.788,31.0,3.0,,,26.802,28.525,23.461,7724.848,7753.373,7776.834,271.0,263.0,309.0,290.0,True,HARD,5.0,False,Cadillac,7696.471,2026-08-23 14:14:59.248,1,20.0,False,,False,True
7854.102,BOT,77,78.843,32.0,3.0,,,26.784,28.456,23.603,7803.618,7832.074,7855.677,279.0,265.0,311.0,291.0,False,HARD,6.0,False,Cadillac,7775.259,2026-08-23 14:16:18.036,1,20.0,False,,False,True
7932.734,BOT,77,78.632,33.0,3.0,,,26.644,28.454,23.534,7882.321,7910.775,7934.309,281.0,264.0,310.0,293.0,True,HARD,7.0,False,Cadillac,7854.102,2026-08-23 14:17:36.879,1,20.0,False,,False,True
8011.771,BOT,77,79.037,34.0,3.0,,,26.945,28.566,23.526,7961.254,7989.82,8013.346,282.0,264.0,313.0,289.0,False,HARD,8.0,False,Cadillac,7932.734,2026-08-23 14:18:55.511,1,20.0,False,,False,True
8090.898,BOT,77,79.127,35.0,3.0,,,26.9,28.621,23.606,8040.246,8068.867,8092.473,280.0,265.0,311.0,283.0,False,HARD,9.0,False,Cadillac,8011.771,2026-08-23 14:20:14.548,1,20.0,False,,False,True
8172.024,BOT,77,81.126,36.0,3.0,,,28.709,28.599,23.818,8121.182,8149.781,8173.599,286.0,274.0,315.0,292.0,False,HARD,10.0,False,Cadillac,8090.898,2026-08-23 14:21:33.675,1,20.0,False,,False,True
8251.173,BOT,77,79.149,37.0,3.0,,,26.774,28.813,23.562,8200.373,8229.186,8252.748,282.0,267.0,313.0,292.0,False,HARD,11.0,False,Cadillac,8172.024,2026-08-23 14:22:54.801,1,20.0,False,,False,True
8330.534,BOT,77,79.361,38.0,3.0,,,26.98,28.718,23.663,8279.728,8308.446,8332.109,284.0,270.0,313.0,290.0,False,HARD,12.0,False,Cadillac,8251.173,2026-08-23 14:24:13.950,1,20.0,False,,False,True
8409.963,BOT,77,79.429,39.0,3.0,,,26.948,28.767,23.714,8359.057,8387.824,8411.538,280.0,264.0,310.0,299.0,False,HARD,13.0,False,Cadillac,8330.534,2026-08-23 14:25:33.311,1,20.0,False,,False,True
8489.45,BOT,77,79.487,40.0,3.0,,,26.884,28.839,23.764,8438.422,8467.261,8491.025,282.0,266.0,312.0,294.0,False,HARD,14.0,False,Cadillac,8409.963,2026-08-23 14:26:52.740,1,20.0,False,,False,True
8569.441,BOT,77,79.991,41.0,3.0,,,27.014,29.057,23.92,8518.039,8547.096,8571.016,280.0,266.0,311.0,288.0,False,HARD,15.0,False,Cadillac,8489.45,2026-08-23 14:28:12.227,1,20.0,False,,False,True
8649.157,BOT,77,79.716,42.0,3.0,,,26.898,29.046,23.772,8597.914,8626.96,8650.732,282.0,263.0,311.0,286.0,False,HARD,16.0,False,Cadillac,8569.441,2026-08-23 14:29:32.218,1,20.0,False,,False,True
8729.283,BOT,77,80.126,43.0,3.0,,,27.165,29.119,23.842,8677.897,8707.016,8730.858,282.0,269.0,312.0,288.0,False,HARD,17.0,False,Cadillac,8649.157,2026-08-23 14:30:51.934,1,20.0,False,,False,True
8809.268,BOT,77,79.985,44.0,3.0,,,27.14,28.96,23.885,8757.998,8786.958,8810.843,281.0,268.0,312.0,285.0,False,HARD,18.0,False,Cadillac,8729.283,2026-08-23 14:32:12.060,1,20.0,False,,False,True
8889.69,BOT,77,80.422,45.0,3.0,,,27.215,29.164,24.043,8838.058,8867.222,8891.265,282.0,265.0,310.0,279.0,False,HARD,19.0,False,Cadillac,8809.268,2026-08-23 14:33:32.045,1,20.0,False,,False,True
8969.652,BOT,77,79.962,46.0,3.0,,,27.188,28.968,23.806,8918.453,8947.421,8971.227,283.0,266.0,311.0,282.0,False,HARD,20.0,False,Cadillac,8889.69,2026-08-23 14:34:52.467,1,19.0,False,,False,True
9049.867,BOT,77,80.215,47.0,3.0,,,27.187,29.102,23.926,8998.414,9027.516,9051.442,286.0,267.0,313.0,281.0,False,HARD,21.0,False,Cadillac,8969.652,2026-08-23 14:36:12.429,1,19.0,False,,False,True
9129.67,BOT,77,79.803,48.0,3.0,,,26.959,29.036,23.808,9078.401,9107.437,9131.245,282.0,267.0,312.0,290.0,False,HARD,22.0,False,Cadillac,9049.867,2026-08-23 14:37:32.644,1,19.0,False,,False,True
9209.847,BOT,77,80.177,49.0,3.0,,,27.008,29.063,24.106,9158.253,9187.316,9211.422,285.0,267.0,312.0,289.0,False,HARD,23.0,False,Cadillac,9129.67,2026-08-23 14:38:52.447,1,19.0,False,,False,True
9290.13,BOT,77,80.283,50.0,3.0,,,27.483,29.049,23.751,9238.905,9267.954,9291.705,286.0,272.0,313.0,286.0,False,HARD,24.0,False,Cadillac,9209.847,2026-08-23 14:40:12.624,1,19.0,False,,False,True
9376.799,BOT,77,86.669,51.0,3.0,,9377.262,27.283,31.434,27.952,9318.988,9350.422,9378.374,282.0,270.0,,292.0,False,HARD,25.0,False,Cadillac,9290.13,2026-08-23 14:41:32.907,1,19.0,False,,False,False
9482.251,BOT,77,105.452,52.0,4.0,9396.922,,47.459,29.625,28.368,9425.833,9455.458,9483.826,285.0,286.0,187.0,292.0,False,SOFT,1.0,True,Cadillac,9376.799,2026-08-23 14:42:59.576,126,19.0,False,,False,False
9585.307,BOT,77,103.056,53.0,4.0,,,40.399,32.372,30.285,9524.225,9556.597,9586.882,156.0,238.0,240.0,210.0,False,SOFT,2.0,True,Cadillac,9482.251,2026-08-23 14:44:45.028,6,18.0,False,,False,False
9690.534,BOT,77,105.227,54.0,4.0,,,35.261,36.89,33.076,9622.143,9659.033,9692.109,272.0,188.0,269.0,206.0,False,SOFT,3.0,True,Cadillac,9585.307,2026-08-23 14:46:28.084,6,18.0,False,,False,False
9776.433,BOT,77,85.899,55.0,4.0,,,33.425,29.07,23.404,9725.534,9754.604,9778.008,272.0,283.0,314.0,255.0,False,SOFT,4.0,True,Cadillac,9690.534,2026-08-23 14:48:13.311,671,18.0,False,,False,False
9855.244,BOT,77,78.811,56.0,4.0,,,26.408,28.18,24.223,9804.416,9832.596,9856.819,279.0,219.0,313.0,298.0,False,SOFT,5.0,True,Cadillac,9776.433,2026-08-23 14:49:39.210,1,18.0,False,,False,True
9934.929,BOT,77,79.685,57.0,4.0,,,26.474,28.565,24.646,9883.293,9911.858,9936.504,283.0,268.0,325.0,300.0,False,SOFT,6.0,True,Cadillac,9855.244,2026-08-23 14:50:58.021,1,18.0,False,,False,True
10015.125,BOT,77,80.196,58.0,4.0,,,26.629,29.91,23.657,9963.133,9993.043,10016.7,287.0,278.0,316.0,286.0,False,SOFT,7.0,True,Cadillac,9934.929,2026-08-23 14:52:17.706,1,18.0,False,,False,True
10093.208,BOT,77,78.083,59.0,4.0,,,26.416,28.298,23.369,10043.116,10071.414,10094.783,283.0,267.0,312.0,303.0,True,SOFT,8.0,True,Cadillac,10015.125,2026-08-23 14:53:37.902,1,18.0,False,,False,True
10171.03,BOT,77,77.822,60.0,4.0,,,26.551,28.011,23.26,10121.334,10149.345,10172.605,286.0,272.0,313.0,288.0,True,SOFT,9.0,True,Cadillac,10093.208,2026-08-23 14:54:55.985,1,18.0,False,,False,True
10263.132,BOT,77,92.102,61.0,4.0,,10263.534,28.488,32.253,31.361,10201.093,10233.346,10264.707,229.0,233.0,,300.0,False,SOFT,10.0,True,Cadillac,10171.03,2026-08-23 14:56:13.807,1,18.0,False,,False,False
3492.858,PIA,81,88.314,1.0,1.0,,,,28.288,26.796,,3467.773,3494.472,293.0,282.0,316.0,203.0,False,MEDIUM,1.0,True,McLaren,3405.791,2026-08-23 13:03:28.568,1,5.0,False,,False,False
3622.317,PIA,81,129.459,2.0,1.0,,3622.117,27.278,44.549,57.632,3521.711,3566.26,3623.892,287.0,143.0,,250.0,False,MEDIUM,2.0,True,McLaren,3492.858,2026-08-23 13:04:55.635,125,5.0,False,,False,False
5324.026,PIA,81,,3.0,2.0,5196.95,,,33.011,64.263,,5261.338,5325.778,247.0,225.0,62.0,250.0,False,HARD,1.0,True,McLaren,5177.312,2026-08-23 13:33:00.089,1,5.0,False,,False,False
5523.111,PIA,81,,4.0,2.0,,,,29.255,58.193,,5466.694,5524.837,254.0,250.0,65.0,148.0,False,HARD,2.0,True,McLaren,5324.026,2026-08-23 13:35:26.803,12,5.0,False,,False,False
5659.776,PIA,81,136.665,5.0,2.0,,,85.116,27.978,23.571,5609.802,5637.78,5661.351,283.0,262.0,312.0,218.0,True,HARD,3.0,True,McLaren,5523.111,2026-08-23 13:38:45.888,12,3.0,False,,False,True
5737.622,PIA,81,77.846,6.0,2.0,,,26.745,27.71,23.391,5688.096,5715.806,5739.197,265.0,267.0,315.0,301.0,True,HARD,4.0,True,McLaren,5659.776,2026-08-23 13:41:02.553,1,3.0,False,,False,True
5814.627,PIA,81,77.005,7.0,2.0,,,26.384,27.567,23.054,5765.581,5793.148,5816.202,272.0,271.0,309.0,297.0,True,HARD,5.0,True,McLaren,5737.622,2026-08-23 13:42:20.399,1,3.0,False,,False,True
5891.657,PIA,81,77.03,8.0,2.0,,,26.214,27.608,23.208,5842.416,5870.024,5893.232,279.0,274.0,314.0,301.0,False,HARD,6.0,True,McLaren,5814.627,2026-08-23 13:43:37.404,1,3.0,False,,False,True
5968.915,PIA,81,77.258,9.0,2.0,,,26.288,27.649,23.321,5919.52,5947.169,5970.49,276.0,274.0,315.0,303.0,False,HARD,7.0,True,McLaren,5891.657,2026-08-23 13:44:54.434,1,3.0,False,,False,True
6046.259,PIA,81,77.344,10.0,2.0,,,26.045,27.861,23.438,5996.535,6024.396,6047.834,277.0,272.0,312.0,307.0,False,HARD,8.0,True,McLaren,5968.915,2026-08-23 13:46:11.692,1,3.0,False,,False,True
6123.544,PIA,81,77.285,11.0,2.0,,,26.188,27.837,23.26,6074.022,6101.859,6125.119,277.0,271.0,313.0,303.0,False,HARD,9.0,True,McLaren,6046.259,2026-08-23 13:47:29.036,1,3.0,False,,False,True
6200.765,PIA,81,77.221,12.0,2.0,,,26.155,27.867,23.199,6151.274,6179.141,6202.34,278.0,274.0,313.0,305.0,False,HARD,10.0,True,McLaren,6123.544,2026-08-23 13:48:46.321,1,3.0,False,,False,True
6277.942,PIA,81,77.177,13.0,2.0,,,26.109,27.826,23.242,6228.449,6256.275,6279.517,279.0,276.0,315.0,305.0,False,HARD,11.0,True,McLaren,6200.765,2026-08-23 13:50:03.542,1,3.0,False,,False,True
6355.182,PIA,81,77.24,14.0,2.0,,,26.066,27.847,23.327,6305.583,6333.43,6356.757,281.0,272.0,315.0,306.0,False,HARD,12.0,True,McLaren,6277.942,2026-08-23 13:51:20.719,1,3.0,False,,False,True
6432.624,PIA,81,77.442,15.0,2.0,,,26.14,27.886,23.416,6382.897,6410.783,6434.199,279.0,273.0,314.0,307.0,False,HARD,13.0,True,McLaren,6355.182,2026-08-23 13:52:37.959,1,3.0,False,,False,True
6510.13,PIA,81,77.506,16.0,2.0,,,26.241,27.919,23.346,6460.44,6488.359,6511.705,280.0,272.0,314.0,306.0,False,HARD,14.0,True,McLaren,6432.624,2026-08-23 13:53:55.401,1,3.0,False,,False,True
6587.595,PIA,81,77.465,17.0,2.0,,,26.105,27.968,23.392,6537.81,6565.778,6589.17,282.0,272.0,314.0,308.0,False,HARD,15.0,True,McLaren,6510.13,2026-08-23 13:55:12.907,1,3.0,False,,False,True
6668.233,PIA,81,80.638,18.0,2.0,,6668.637,26.262,27.976,26.4,6615.432,6643.408,6669.808,278.0,271.0,,308.0,False,HARD,16.0,True,McLaren,6587.595,2026-08-23 13:56:30.372,1,4.0,False,,False,False
6764.022,PIA,81,95.789,19.0,3.0,6688.881,,45.083,27.508,23.198,6714.891,6742.399,6765.597,279.0,276.0,316.0,308.0,False,HARD,1.0,True,McLaren,6668.233,2026-08-23 13:57:51.010,1,7.0,False,,False,False
6840.232,PIA,81,76.21,20.0,3.0,,,25.817,27.419,22.974,6791.414,6818.833,6841.807,280.0,278.0,321.0,310.0,True,HARD,2.0,True,McLaren,6764.022,2026-08-23 13:59:26.799,1,7.0,False,,False,True
6916.583,PIA,81,76.351,21.0,3.0,,,25.774,27.544,23.033,6867.581,6895.125,6918.158,280.0,281.0,321.0,311.0,False,HARD,3.0,True,McLaren,6840.232,2026-08-23 14:00:43.009,1,6.0,False,,False,True
6992.96,PIA,81,76.377,22.0,3.0,,,25.809,27.597,22.971,6943.967,6971.564,6994.535,290.0,284.0,324.0,315.0,False,HARD,4.0,True,McLaren,6916.583,2026-08-23 14:01:59.360,1,5.0,False,,False,True
7069.663,PIA,81,76.703,23.0,3.0,,,25.917,27.64,23.146,7020.452,7048.092,7071.238,289.0,279.0,321.0,315.0,False,HARD,5.0,True,McLaren,6992.96,2026-08-23 14:03:15.737,1,5.0,False,,False,True
7146.442,PIA,81,76.779,24.0,3.0,,,25.929,27.703,23.147,7097.167,7124.87,7148.017,281.0,277.0,318.0,312.0,False,HARD,6.0,True,McLaren,7069.663,2026-08-23 14:04:32.440,1,5.0,False,,False,True
7223.227,PIA,81,76.785,25.0,3.0,,,26.011,27.705,23.069,7174.028,7201.733,7224.802,281.0,276.0,318.0,312.0,False,HARD,7.0,True,McLaren,7146.442,2026-08-23 14:05:49.219,1,5.0,False,,False,True
7299.844,PIA,81,76.617,26.0,3.0,,,25.804,27.742,23.071,7250.606,7278.348,7301.419,281.0,277.0,318.0,311.0,False,HARD,8.0,True,McLaren,7223.227,2026-08-23 14:07:06.004,1,4.0,False,,False,True
7376.803,PIA,81,76.959,27.0,3.0,,,25.906,27.851,23.202,7327.325,7355.176,7378.378,278.0,276.0,317.0,312.0,False,HARD,9.0,True,McLaren,7299.844,2026-08-23 14:08:22.621,1,4.0,False,,False,True
7453.499,PIA,81,76.696,28.0,3.0,,,25.948,27.606,23.142,7404.326,7431.932,7455.074,280.0,276.0,318.0,310.0,False,HARD,10.0,True,McLaren,7376.803,2026-08-23 14:09:39.580,1,4.0,False,,False,True
7529.937,PIA,81,76.438,29.0,3.0,,,25.881,27.532,23.025,7480.955,7508.487,7531.512,280.0,278.0,320.0,311.0,False,HARD,11.0,True,McLaren,7453.499,2026-08-23 14:10:56.276,1,4.0,False,,False,True
7606.664,PIA,81,76.727,30.0,3.0,,,25.864,27.707,23.156,7557.376,7585.083,7608.239,279.0,275.0,322.0,313.0,False,HARD,12.0,True,McLaren,7529.937,2026-08-23 14:12:12.714,1,4.0,False,,False,True
7683.619,PIA,81,76.955,31.0,3.0,,,25.958,27.873,23.124,7634.197,7662.07,7685.194,274.0,271.0,321.0,322.0,False,HARD,13.0,True,McLaren,7606.664,2026-08-23 14:13:29.441,1,4.0,False,,False,True
7760.519,PIA,81,76.9,32.0,3.0,,,25.967,27.826,23.107,7711.161,7738.987,7762.094,272.0,272.0,322.0,319.0,False,HARD,14.0,True,McLaren,7683.619,2026-08-23 14:14:46.396,1,4.0,False,,False,True
7838.016,PIA,81,77.497,33.0,3.0,,,26.041,28.139,23.317,7788.135,7816.274,7839.591,273.0,272.0,321.0,321.0,False,HARD,15.0,True,McLaren,7760.519,2026-08-23 14:16:03.296,1,4.0,False,,False,True
7917.328,PIA,81,79.312,34.0,3.0,,,27.354,28.384,23.574,7866.945,7895.329,7918.903,275.0,287.0,316.0,321.0,False,HARD,16.0,True,McLaren,7838.016,2026-08-23 14:17:20.793,1,5.0,False,,False,True
7996.527,PIA,81,79.199,35.0,3.0,,,27.004,28.787,23.408,7945.907,7974.694,7998.102,282.0,272.0,312.0,306.0,False,HARD,17.0,True,McLaren,7917.328,2026-08-23 14:18:40.105,1,6.0,False,,False,True
8074.49,PIA,81,77.963,36.0,3.0,,,26.286,28.452,23.225,8024.388,8052.84,8076.065,279.0,276.0,320.0,306.0,False,HARD,18.0,True,McLaren,7996.527,2026-08-23 14:19:59.304,1,6.0,False,,False,True
8152.243,PIA,81,77.753,37.0,3.0,,,26.005,28.034,23.714,8102.07,8130.104,8153.818,276.0,279.0,315.0,313.0,False,HARD,19.0,True,McLaren,8074.49,2026-08-23 14:21:17.267,1,6.0,True,TRACK LIMITS AT TURN 11 LAP 37 ,False,True
8229.58,PIA,81,77.337,38.0,3.0,,,26.097,28.031,23.209,8179.915,8207.946,8231.155,279.0,277.0,317.0,307.0,False,HARD,20.0,True,McLaren,8152.243,2026-08-23 14:22:35.020,1,6.0,False,,False,True
8306.693,PIA,81,77.113,39.0,3.0,,,25.96,28.012,23.141,8257.115,8285.127,8308.268,279.0,276.0,318.0,311.0,False,HARD,21.0,True,McLaren,8229.58,2026-08-23 14:23:52.357,1,6.0,False,,False,True
8383.997,PIA,81,77.304,40.0,3.0,,,26.018,27.933,23.353,8334.286,8362.219,8385.572,280.0,276.0,319.0,308.0,False,HARD,22.0,True,McLaren,8306.693,2026-08-23 14:25:09.470,1,6.0,False,,False,True
8461.633,PIA,81,77.636,41.0,3.0,,,26.037,28.46,23.139,8411.609,8440.069,8463.208,280.0,277.0,320.0,312.0,False,HARD,23.0,True,McLaren,8383.997,2026-08-23 14:26:26.774,1,5.0,False,,False,True
8539.001,PIA,81,77.368,42.0,3.0,,,25.969,28.091,23.308,8489.177,8517.268,8540.576,280.0,279.0,319.0,312.0,False,HARD,24.0,True,McLaren,8461.633,2026-08-23 14:27:44.410,1,5.0,False,,False,True
8616.581,PIA,81,77.58,43.0,3.0,,,26.008,28.366,23.206,8566.584,8594.95,8618.156,280.0,278.0,315.0,312.0,False,HARD,25.0,True,McLaren,8539.001,2026-08-23 14:29:01.778,1,5.0,False,,False,True
8696.844,PIA,81,80.263,44.0,3.0,,8697.244,26.074,28.124,26.065,8644.23,8672.354,8698.419,279.0,277.0,,307.0,False,HARD,26.0,True,McLaren,8616.581,2026-08-23 14:30:19.358,1,5.0,False,,False,False
8790.041,PIA,81,93.197,45.0,4.0,8715.282,,42.668,27.299,23.23,8741.087,8768.386,8791.616,285.0,289.0,342.0,307.0,False,SOFT,4.0,False,McLaren,8696.844,2026-08-23 14:31:39.621,1,7.0,False,,False,False
8865.954,PIA,81,75.913,46.0,4.0,,,25.592,27.28,23.041,8817.208,8844.488,8867.529,278.0,278.0,321.0,322.0,True,SOFT,5.0,False,McLaren,8790.041,2026-08-23 14:33:12.818,1,6.0,False,,False,True
8941.894,PIA,81,75.94,47.0,4.0,,,25.769,27.367,22.804,8893.298,8920.665,8943.469,291.0,286.0,330.0,311.0,False,SOFT,6.0,False,McLaren,8865.954,2026-08-23 14:34:28.731,1,6.0,False,,False,True
9016.968,PIA,81,75.074,48.0,4.0,,,25.569,26.937,22.568,8969.038,8995.975,9018.543,289.0,285.0,318.0,316.0,True,SOFT,7.0,False,McLaren,8941.894,2026-08-23 14:35:44.671,1,6.0,False,,False,True
9092.921,PIA,81,75.953,49.0,4.0,,,25.542,27.342,23.069,9044.085,9071.427,9094.496,282.0,285.0,320.0,312.0,False,SOFT,8.0,False,McLaren,9016.968,2026-08-23 14:36:59.745,1,6.0,False,,False,True
9168.722,PIA,81,75.801,50.0,4.0,,,25.534,27.533,22.734,9120.03,9147.563,9170.297,284.0,277.0,317.0,314.0,False,SOFT,9.0,False,McLaren,9092.921,2026-08-23 14:38:15.698,1,6.0,False,,False,True
9244.399,PIA,81,75.677,51.0,4.0,,,25.518,27.423,22.736,9195.815,9223.238,9245.974,281.0,280.0,322.0,308.0,False,SOFT,10.0,False,McLaren,9168.722,2026-08-23 14:39:31.499,1,6.0,False,,False,True
9320.238,PIA,81,75.839,52.0,4.0,,,25.568,27.499,22.772,9271.542,9299.041,9321.813,283.0,277.0,314.0,313.0,False,SOFT,11.0,False,McLaren,9244.399,2026-08-23 14:40:47.176,1,6.0,False,,False,True
9395.828,PIA,81,75.59,53.0,4.0,,,25.518,27.258,22.814,9347.331,9374.589,9397.403,280.0,282.0,315.0,305.0,False,SOFT,12.0,False,McLaren,9320.238,2026-08-23 14:42:03.015,1,6.0,False,,False,True
9471.656,PIA,81,75.828,54.0,4.0,,,25.574,27.286,22.968,9422.977,9450.263,9473.231,281.0,278.0,316.0,307.0,False,SOFT,13.0,False,McLaren,9395.828,2026-08-23 14:43:18.605,12,6.0,False,,False,True
9578.029,PIA,81,106.373,55.0,4.0,,9578.326,39.053,34.936,32.384,9512.284,9547.22,9579.604,245.0,177.0,,151.0,False,SOFT,14.0,False,McLaren,9471.656,2026-08-23 14:44:34.433,26,6.0,False,,False,False
9695.138,PIA,81,117.109,56.0,5.0,9596.356,,49.774,35.703,31.632,9629.378,9665.081,9696.713,245.0,177.0,226.0,151.0,False,SOFT,4.0,False,McLaren,9578.029,2026-08-23 14:46:20.806,6,6.0,False,,False,False
9779.164,PIA,81,84.026,57.0,5.0,,,34.703,26.634,22.689,9731.416,9758.05,9780.739,288.0,291.0,315.0,244.0,False,SOFT,5.0,False,McLaren,9695.138,2026-08-23 14:48:17.915,671,6.0,False,,False,False
9853.701,PIA,81,74.537,58.0,5.0,,,25.283,26.801,22.453,9806.022,9832.823,9855.276,282.0,282.0,312.0,307.0,True,SOFT,6.0,False,McLaren,9779.164,2026-08-23 14:49:41.941,1,6.0,False,,False,True
9928.022,PIA,81,74.321,59.0,5.0,,,25.232,26.674,22.415,9880.508,9907.182,9929.597,282.0,278.0,310.0,305.0,True,SOFT,7.0,False,McLaren,9853.701,2026-08-23 14:50:56.478,1,6.0,False,,False,True
10002.633,PIA,81,74.611,60.0,5.0,,,25.348,26.707,22.556,9954.945,9981.652,10004.208,283.0,281.0,315.0,304.0,False,SOFT,8.0,False,McLaren,9928.022,2026-08-23 14:52:10.799,1,6.0,False,,False,True
10076.936,PIA,81,74.303,61.0,5.0,,,25.23,26.634,22.439,10029.438,10056.072,10078.511,282.0,281.0,318.0,307.0,True,SOFT,9.0,False,McLaren,10002.633,2026-08-23 14:53:25.410,1,6.0,False,,False,True
10152.183,PIA,81,75.247,62.0,5.0,,,25.314,27.014,22.919,10103.825,10130.839,10153.758,281.0,282.0,322.0,309.0,False,SOFT,10.0,False,McLaren,10076.936,2026-08-23 14:54:39.713,1,6.0,False,,False,True
10227.018,PIA,81,74.835,63.0,5.0,,,25.455,26.828,22.552,10179.213,10206.041,10228.593,291.0,282.0,323.0,309.0,False,SOFT,11.0,False,McLaren,10152.183,2026-08-23 14:55:54.960,1,6.0,False,,False,True
10302.762,PIA,81,75.744,64.0,5.0,,,25.371,27.515,22.858,10253.964,10281.479,10304.337,282.0,280.0,321.0,307.0,False,SOFT,12.0,False,McLaren,10227.018,2026-08-23 14:57:09.795,1,6.0,False,,False,True
10378.197,PIA,81,75.435,65.0,5.0,,,25.549,27.215,22.671,10329.886,10357.101,10379.772,287.0,273.0,309.0,315.0,False,SOFT,13.0,False,McLaren,10302.762,2026-08-23 14:58:25.539,1,6.0,False,,False,True
10453.086,PIA,81,74.889,66.0,5.0,,,25.431,26.853,22.605,10405.203,10432.056,10454.661,279.0,280.0,313.0,304.0,False,SOFT,14.0,False,McLaren,10378.197,2026-08-23 14:59:40.974,1,6.0,False,,False,True
10527.949,PIA,81,74.863,67.0,5.0,,,25.448,26.891,22.524,10480.109,10507.0,10529.524,282.0,281.0,318.0,306.0,False,SOFT,15.0,False,McLaren,10453.086,2026-08-23 15:00:55.863,1,6.0,False,,False,True
10603.103,PIA,81,75.154,68.0,5.0,,,25.331,27.032,22.791,10554.855,10581.887,10604.678,287.0,274.0,312.0,309.0,False,SOFT,16.0,False,McLaren,10527.949,2026-08-23 15:02:10.726,1,6.0,False,,False,True
10687.825,PIA,81,84.722,69.0,5.0,,,25.49,27.003,32.229,10630.168,10657.171,10689.4,282.0,279.0,242.0,302.0,False,SOFT,17.0,False,McLaren,10603.103,2026-08-23 15:03:25.880,16,6.0,False,,False,False
10771.594,PIA,81,83.769,70.0,5.0,,,33.171,27.778,22.82,10722.571,10750.349,10773.169,212.0,284.0,322.0,219.0,False,SOFT,18.0,False,McLaren,10687.825,2026-08-23 15:04:50.602,671,6.0,False,,False,False
10846.472,PIA,81,74.878,71.0,5.0,,,25.369,26.815,22.694,10798.538,10825.353,10848.047,282.0,277.0,316.0,309.0,False,SOFT,19.0,False,McLaren,10771.594,2026-08-23 15:06:14.371,1,6.0,False,,False,True
10921.645,PIA,81,75.173,72.0,5.0,,,25.433,27.023,22.717,10873.48,10900.503,10923.22,281.0,279.0,317.0,304.0,False,SOFT,20.0,False,McLaren,10846.472,2026-08-23 15:07:29.249,1,6.0,False,,False,True
3503.313,BEA,87,97.235,1.0,1.0,,,,30.012,30.081,,3473.352,3503.313,267.0,272.0,281.0,191.0,False,SOFT,1.0,True,Haas F1 Team,3405.791,2026-08-23 13:03:28.568,12,18.0,False,,False,False
3657.668,BEA,87,,2.0,1.0,,3655.119,36.084,45.171,73.001,3539.496,3584.707,3657.749,108.0,134.0,,243.0,False,SOFT,2.0,True,Haas F1 Team,3503.313,2026-08-23 13:05:06.090,25,16.0,False,,False,False
